feature_id,feature_value,Nz,Ez
at_projections,"-1.-1.-1.2",157366927360,7797681180
at_projections,"-1.-1.-13.23",2736816128,277493454
at_projections,"-1.-1.-17.30",5473632256,418124800
at_projections,"-1.-1.-5.9",30104977408,793822026
at_projections,"-1.-1.-9.16",9578856448,611753890
at_projections,"-1.-1.3.-5",38315425792,1397523792
at_projections,"-1.-1.7.-12",13684080640,725772826
at_projections,"-1.-10.-11.24",5473632256,287623116
at_projections,"-1.-10.-15.31",10947264512,575246232
at_projections,"-1.-10.-3.10",6842040320,755063820
at_projections,"-1.-10.-7.17",1368408064,180168928
at_projections,"-1.-10.1.3",77999259648,4631351464
at_projections,"-1.-10.13.-18",28736569344,689932752
at_projections,"-1.-10.17.-25",13684080640,726896728
at_projections,"-1.-10.5.-4",16420896768,993371032
at_projections,"-1.-10.9.-11",9578856448,611753890
at_projections,"-1.-11.-1.7",67051995136,3770092452
at_projections,"-1.-11.-13.28",5473632256,287623116
at_projections,"-1.-11.-5.14",8210448384,804590016
at_projections,"-1.-11.11.-14",9578856448,611753890
at_projections,"-1.-11.15.-21",35578609664,1288226480
at_projections,"-1.-11.19.-28",8210448384,566240472
at_projections,"-1.-11.27.-42",2736816128,210703668
at_projections,"-1.-11.3.0",13684080640,1359576924
at_projections,"-1.-11.7.-7",6842040320,461227296
at_projections,"-1.-12.-15.32",8210448384,498326784
at_projections,"-1.-12.-3.11",1368408064,180168928
at_projections,"-1.-12.-7.18",5473632256,581459640
at_projections,"-1.-12.1.4",67051995136,3770092452
at_projections,"-1.-12.13.-17",8210448384,438149710
at_projections,"-1.-12.17.-24",25999753216,1374113808
at_projections,"-1.-12.21.-31",5473632256,275510652
at_projections,"-1.-12.5.-3",6842040320,467792044
at_projections,"-1.-12.9.-10",4105224192,451097634
at_projections,"-1.-13.-1.8",60209954816,3296780916
at_projections,"-1.-13.-5.15",5473632256,581459640
at_projections,"-1.-13.-9.22",1368408064,180168928
at_projections,"-1.-13.11.-13",2736816128,277493454
at_projections,"-1.-13.15.-20",8210448384,451386076
at_projections,"-1.-13.19.-27",6842040320,455679580
at_projections,"-1.-13.23.-34",5473632256,275510652
at_projections,"-1.-13.3.1",6842040320,755063820
at_projections,"-1.-13.7.-6",10947264512,575246232
at_projections,"-1.-14.-7.19",8210448384,804590016
at_projections,"-1.-14.1.5",60209954816,3296780916
at_projections,"-1.-14.13.-16",2736816128,277493454
at_projections,"-1.-14.17.-23",2736816128,290729820
at_projections,"-1.-14.21.-30",5473632256,275510652
at_projections,"-1.-14.25.-37",5473632256,275510652
at_projections,"-1.-14.29.-44",2736816128,210703668
at_projections,"-1.-14.5.-2",5473632256,581459640
at_projections,"-1.-14.9.-9",5473632256,287623116
at_projections,"-1.-15.-1.9",54736322560,2997073560
at_projections,"-1.-15.-13.30",2736816128,210703668
at_projections,"-1.-15.-5.16",1368408064,180168928
at_projections,"-1.-15.-9.23",2736816128,290729820
at_projections,"-1.-15.15.-19",4105224192,457662382
at_projections,"-1.-15.23.-33",5473632256,275510652
at_projections,"-1.-15.27.-40",5473632256,275510652
at_projections,"-1.-15.3.2",1368408064,180168928
at_projections,"-1.-15.7.-5",5473632256,287623116
at_projections,"-1.-16.-7.20",6842040320,755063820
at_projections,"-1.-16.1.6",54736322560,2997073560
at_projections,"-1.-16.13.-15",1368408064,173604180
at_projections,"-1.-16.25.-36",5473632256,275510652
at_projections,"-1.-16.29.-43",5473632256,275510652
at_projections,"-1.-16.5.-1",8210448384,804590016
at_projections,"-1.-16.9.-8",10947264512,575246232
at_projections,"-1.-17.-1.10",51999506432,2901652056
at_projections,"-1.-17.-5.17",1368408064,173604180
at_projections,"-1.-17.-9.24",1368408064,180168928
at_projections,"-1.-17.11.-11",5473632256,287623116
at_projections,"-1.-17.15.-18",1368408064,173604180
at_projections,"-1.-17.27.-39",5473632256,275510652
at_projections,"-1.-17.31.-46",8210448384,486214320
at_projections,"-1.-17.7.-4",1368408064,180168928
at_projections,"-1.-18.-11.28",2736816128,210703668
at_projections,"-1.-18.-7.21",1368408064,180168928
at_projections,"-1.-18.1.7",51999506432,2901652056
at_projections,"-1.-18.17.-21",5473632256,418124800
at_projections,"-1.-18.29.-42",5473632256,275510652
at_projections,"-1.-18.5.0",5473632256,581459640
at_projections,"-1.-18.9.-7",5473632256,287623116
at_projections,"-1.-19.-1.11",46525874176,2601944700
at_projections,"-1.-19.-5.18",2736816128,277493454
at_projections,"-1.-19.11.-10",10947264512,575246232
at_projections,"-1.-19.19.-24",1368408064,173604180
at_projections,"-1.-19.31.-45",8210448384,486214320
at_projections,"-1.-19.7.-3",5473632256,581459640
at_projections,"-1.-2.-11.20",2736816128,277493454
at_projections,"-1.-2.-15.27",1368408064,173604180
at_projections,"-1.-2.-19.34",2736816128,277493454
at_projections,"-1.-2.-3.6",35578609664,1081445142
at_projections,"-1.-2.-7.13",13684080640,856274510
at_projections,"-1.-2.1.-1",157366927360,7797681180
at_projections,"-1.-2.21.-36",2736816128,210703668
at_projections,"-1.-2.5.-8",31473385472,979538670
at_projections,"-1.-2.9.-15",6842040320,334260436
at_projections,"-1.-20.-3.15",2736816128,277493454
at_projections,"-1.-20.1.8",46525874176,2601944700
at_projections,"-1.-20.13.-13",5473632256,287623116
at_projections,"-1.-20.21.-27",1368408064,173604180
at_projections,"-1.-20.29.-41",2736816128,210703668
at_projections,"-1.-20.5.1",1368408064,180168928
at_projections,"-1.-21.-1.12",41052241920,2375444946
at_projections,"-1.-21.-5.19",1368408064,173604180
at_projections,"-1.-21.-9.26",2736816128,210703668
at_projections,"-1.-21.11.-9",5473632256,287623116
at_projections,"-1.-21.19.-23",2736816128,277493454
at_projections,"-1.-21.27.-37",2736816128,210703668
at_projections,"-1.-21.7.-2",8210448384,804590016
at_projections,"-1.-22.-3.16",2736816128,347208360
at_projections,"-1.-22.1.9",41052241920,2375444946
at_projections,"-1.-22.13.-12",10947264512,575246232
at_projections,"-1.-22.25.-33",2736816128,210703668
at_projections,"-1.-22.5.2",1368408064,173604180
at_projections,"-1.-22.9.-5",1368408064,180168928
at_projections,"-1.-23.-1.13",39683833856,2389973116
at_projections,"-1.-23.-5.20",2736816128,277493454
at_projections,"-1.-23.15.-15",5473632256,287623116
at_projections,"-1.-23.23.-29",2736816128,210703668
at_projections,"-1.-23.3.6",2736816128,277493454
at_projections,"-1.-23.7.-1",6842040320,755063820
at_projections,"-1.-24.-3.17",2736816128,277493454
at_projections,"-1.-24.-7.24",2736816128,210703668
at_projections,"-1.-24.1.10",39683833856,2389973116
at_projections,"-1.-24.13.-11",5473632256,287623116
at_projections,"-1.-24.21.-25",2736816128,210703668
at_projections,"-1.-24.5.3",2736816128,277493454
at_projections,"-1.-24.9.-4",2736816128,290729820
at_projections,"-1.-25.-1.14",27368161280,1498536780
at_projections,"-1.-25.15.-14",10947264512,575246232
at_projections,"-1.-25.19.-21",2736816128,210703668
at_projections,"-1.-25.3.7",2736816128,347208360
at_projections,"-1.-25.7.0",1368408064,180168928
at_projections,"-1.-26.1.11",27368161280,1498536780
at_projections,"-1.-26.17.-17",8210448384,498326784
at_projections,"-1.-26.5.4",1368408064,173604180
at_projections,"-1.-26.9.-3",1368408064,180168928
at_projections,"-1.-27.-1.15",21894529024,1198829424
at_projections,"-1.-27.-5.22",2736816128,210703668
at_projections,"-1.-27.15.-13",8210448384,498326784
at_projections,"-1.-27.3.8",2736816128,277493454
at_projections,"-1.-28.1.12",21894529024,1198829424
at_projections,"-1.-28.13.-9",2736816128,210703668
at_projections,"-1.-28.5.5",2736816128,277493454
at_projections,"-1.-29.-1.16",16420896768,899122068
at_projections,"-1.-29.11.-5",2736816128,210703668
at_projections,"-1.-3.-1.3",150524887040,8103125472
at_projections,"-1.-3.-13.24",1368408064,173604180
at_projections,"-1.-3.-21.38",2736816128,210703668
at_projections,"-1.-3.-5.10",12315672576,621883552
at_projections,"-1.-3.-9.17",4105224192,451097634
at_projections,"-1.-3.11.-18",6842040320,334260436
at_projections,"-1.-3.15.-25",2736816128,277493454
at_projections,"-1.-3.19.-32",1368408064,173604180
at_projections,"-1.-3.3.-4",50631098368,1482740008
at_projections,"-1.-3.7.-11",25999753216,691915554
at_projections,"-1.-30.-3.20",2736816128,210703668
at_projections,"-1.-30.1.13",16420896768,899122068
at_projections,"-1.-30.9.-1",2736816128,210703668
at_projections,"-1.-31.-1.17",10947264512,599414712
at_projections,"-1.-31.7.3",2736816128,210703668
at_projections,"-1.-32.1.14",10947264512,599414712
at_projections,"-1.-32.5.7",2736816128,210703668
at_projections,"-1.-33.-1.18",8210448384,510411024
at_projections,"-1.-33.3.11",2736816128,210703668
at_projections,"-1.-34.1.15",8210448384,510411024
at_projections,"-1.-4.-3.7",19157712896,1089675596
at_projections,"-1.-4.-7.14",6842040320,461227296
at_projections,"-1.-4.1.0",150524887040,8103125472
at_projections,"-1.-4.13.-21",10947264512,578781056
at_projections,"-1.-4.17.-28",2736816128,277493454
at_projections,"-1.-4.21.-35",1368408064,173604180
at_projections,"-1.-4.5.-7",39683833856,770427344
at_projections,"-1.-4.9.-14",30104977408,936436174
at_projections,"-1.-5.-1.4",102630604800,5928648656
at_projections,"-1.-5.-5.11",16420896768,993371032
at_projections,"-1.-5.-9.18",5473632256,287623116
at_projections,"-1.-5.11.-17",25999753216,691915554
at_projections,"-1.-5.15.-24",1368408064,173604180
at_projections,"-1.-5.19.-31",2736816128,277493454
at_projections,"-1.-5.23.-38",2736816128,210703668
at_projections,"-1.-5.3.-3",35578609664,1081445142
at_projections,"-1.-5.7.-10",39683833856,770427344
at_projections,"-1.-6.-11.22",5473632256,287623116
at_projections,"-1.-6.-19.36",2736816128,210703668
at_projections,"-1.-6.-3.8",12315672576,1042686936
at_projections,"-1.-6.-7.15",10947264512,575246232
at_projections,"-1.-6.1.1",102630604800,5928648656
at_projections,"-1.-6.13.-20",21894529024,240817920
at_projections,"-1.-6.17.-27",1368408064,173604180
at_projections,"-1.-6.21.-34",2736816128,277493454
at_projections,"-1.-6.5.-6",30104977408,793822026
at_projections,"-1.-6.9.-13",38315425792,596823164
at_projections,"-1.-7.-1.5",83472891904,4950966804
at_projections,"-1.-7.-13.26",5473632256,287623116
at_projections,"-1.-7.-5.12",6842040320,467792044
at_projections,"-1.-7.-9.19",10947264512,575246232
at_projections,"-1.-7.11.-16",41052241920,874316618
at_projections,"-1.-7.15.-23",10947264512,120408960
at_projections,"-1.-7.3.-2",19157712896,1089675596
at_projections,"-1.-7.7.-9",27368161280,516328572
at_projections,"-1.-8.-11.23",10947264512,575246232
at_projections,"-1.-8.-15.30",5473632256,287623116
at_projections,"-1.-8.-3.9",13684080640,1359576924
at_projections,"-1.-8.-7.16",5473632256,287623116
at_projections,"-1.-8.1.2",83472891904,4950966804
at_projections,"-1.-8.13.-19",41052241920,874316618
at_projections,"-1.-8.25.-40",2736816128,210703668
at_projections,"-1.-8.5.-5",12315672576,621883552
at_projections,"-1.-8.9.-12",27368161280,516328572
at_projections,"-1.-9.-1.6",77999259648,4631351464
at_projections,"-1.-9.-13.27",10947264512,575246232
at_projections,"-1.-9.-17.34",8210448384,498326784
at_projections,"-1.-9.-5.13",5473632256,581459640
at_projections,"-1.-9.-9.20",5473632256,287623116
at_projections,"-1.-9.11.-15",28736569344,689932752
at_projections,"-1.-9.15.-22",32841793536,436166908
at_projections,"-1.-9.19.-29",1368408064,180168928
at_projections,"-1.-9.3.-1",12315672576,1042686936
at_projections,"-1.-9.7.-8",13684080640,856274510
at_projections,"-1.0.-11.19",9578856448,611753890
at_projections,"-1.0.-15.26",4105224192,457662382
at_projections,"-1.0.-19.33",1368408064,173604180
at_projections,"-1.0.-23.40",2736816128,210703668
at_projections,"-1.0.-3.5",50631098368,1482740008
at_projections,"-1.0.-7.12",27368161280,516328572
at_projections,"-1.0.1.-2",114946277376,5605511016
at_projections,"-1.0.5.-9",20526120960,1193564870
at_projections,"-1.0.9.-16",5473632256,287623116
at_projections,"-1.1.-1.1",114946277376,5605511016
at_projections,"-1.1.-13.22",8210448384,438149710
at_projections,"-1.1.-21.36",1368408064,173604180
at_projections,"-1.1.-5.8",39683833856,770427344
at_projections,"-1.1.-9.15",27368161280,516328572
at_projections,"-1.1.11.-20",5473632256,287623116
at_projections,"-1.1.19.-34",2736816128,210703668
at_projections,"-1.1.3.-6",21894529024,1530362842
at_projections,"-1.1.7.-13",10947264512,575246232
at_projections,"-1.10.-15.21",1368408064,173604180
at_projections,"-1.10.-19.28",1368408064,180168928
at_projections,"-1.10.-23.35",5473632256,275510652
at_projections,"-1.10.-27.42",5473632256,275510652
at_projections,"-1.10.-7.7",6842040320,467792044
at_projections,"-1.10.1.-7",54736322560,2997073560
at_projections,"-1.10.13.-28",2736816128,210703668
at_projections,"-1.10.9.-21",4105224192,457662382
at_projections,"-1.11.-1.-4",54736322560,2997073560
at_projections,"-1.11.-17.24",1368408064,173604180
at_projections,"-1.11.-25.38",5473632256,275510652
at_projections,"-1.11.-29.45",5473632256,275510652
at_projections,"-1.11.-5.3",5473632256,581459640
at_projections,"-1.11.-9.10",10947264512,575246232
at_projections,"-1.11.7.-18",4105224192,457662382
at_projections,"-1.12.-11.13",5473632256,287623116
at_projections,"-1.12.-15.20",2736816128,277493454
at_projections,"-1.12.-27.41",5473632256,275510652
at_projections,"-1.12.-31.48",8210448384,486214320
at_projections,"-1.12.-7.6",5473632256,581459640
at_projections,"-1.12.1.-8",51999506432,2901652056
at_projections,"-1.12.5.-15",2736816128,277493454
at_projections,"-1.13.-1.-5",51999506432,2901652056
at_projections,"-1.13.-17.23",2736816128,277493454
at_projections,"-1.13.-29.44",5473632256,275510652
at_projections,"-1.13.-5.2",1368408064,180168928
at_projections,"-1.13.-9.9",5473632256,287623116
at_projections,"-1.13.11.-26",2736816128,210703668
at_projections,"-1.13.7.-19",1368408064,173604180
at_projections,"-1.14.-11.12",10947264512,575246232
at_projections,"-1.14.-19.26",2736816128,277493454
at_projections,"-1.14.-31.47",8210448384,486214320
at_projections,"-1.14.-7.5",8210448384,804590016
at_projections,"-1.14.1.-9",46525874176,2601944700
at_projections,"-1.14.5.-16",1368408064,173604180
at_projections,"-1.15.-1.-6",46525874176,2601944700
at_projections,"-1.15.-13.15",5473632256,287623116
at_projections,"-1.15.-21.29",2736816128,277493454
at_projections,"-1.15.-29.43",2736816128,210703668
at_projections,"-1.15.-9.8",1368408064,180168928
at_projections,"-1.15.3.-13",5473632256,418124800
at_projections,"-1.16.-11.11",5473632256,287623116
at_projections,"-1.16.-19.25",1368408064,173604180
at_projections,"-1.16.-27.39",2736816128,210703668
at_projections,"-1.16.-7.4",5473632256,581459640
at_projections,"-1.16.1.-10",41052241920,2445159852
at_projections,"-1.16.5.-17",2736816128,277493454
at_projections,"-1.16.9.-24",2736816128,210703668
at_projections,"-1.17.-1.-7",41052241920,2445159852
at_projections,"-1.17.-13.14",10947264512,575246232
at_projections,"-1.17.-21.28",1368408064,173604180
at_projections,"-1.17.-25.35",2736816128,210703668
at_projections,"-1.17.-5.0",2736816128,277493454
at_projections,"-1.17.-9.7",4105224192,464334000
at_projections,"-1.17.3.-14",2736816128,277493454
at_projections,"-1.18.-11.10",1368408064,173604180
at_projections,"-1.18.-15.17",5473632256,287623116
at_projections,"-1.18.-23.31",2736816128,210703668
at_projections,"-1.18.-3.-4",5473632256,418124800
at_projections,"-1.18.-7.3",4105224192,457662382
at_projections,"-1.18.1.-11",38315425792,2353231044
at_projections,"-1.19.-1.-8",38315425792,2353231044
at_projections,"-1.19.-13.13",5473632256,287623116
at_projections,"-1.19.-21.27",2736816128,210703668
at_projections,"-1.19.-5.-1",1368408064,173604180
at_projections,"-1.19.-9.6",4105224192,457662382
at_projections,"-1.19.3.-15",1368408064,173604180
at_projections,"-1.19.7.-22",2736816128,210703668
at_projections,"-1.2.-11.18",28736569344,689932752
at_projections,"-1.2.-15.25",8210448384,451386076
at_projections,"-1.2.-3.4",38315425792,1397523792
at_projections,"-1.2.-7.11",39683833856,770427344
at_projections,"-1.2.1.-3",86209708032,4814221622
at_projections,"-1.2.13.-24",5473632256,287623116
at_projections,"-1.2.5.-10",12315672576,1042686936
at_projections,"-1.2.9.-17",10947264512,575246232
at_projections,"-1.20.-15.16",10947264512,575246232
at_projections,"-1.20.-19.23",2736816128,210703668
at_projections,"-1.20.-3.-5",2736816128,277493454
at_projections,"-1.20.-7.2",1368408064,173604180
at_projections,"-1.20.1.-12",27368161280,1498536780
at_projections,"-1.21.-1.-9",27368161280,1498536780
at_projections,"-1.21.-17.19",8210448384,498326784
at_projections,"-1.21.-5.-2",2736816128,277493454
at_projections,"-1.22.-15.15",8210448384,498326784
at_projections,"-1.22.-3.-6",1368408064,173604180
at_projections,"-1.22.1.-13",21894529024,1198829424
at_projections,"-1.22.5.-20",2736816128,210703668
at_projections,"-1.23.-1.-10",21894529024,1198829424
at_projections,"-1.23.-13.11",2736816128,210703668
at_projections,"-1.24.-11.7",2736816128,210703668
at_projections,"-1.24.1.-14",16420896768,899122068
at_projections,"-1.25.-1.-11",16420896768,899122068
at_projections,"-1.25.-9.3",2736816128,210703668
at_projections,"-1.25.3.-18",2736816128,210703668
at_projections,"-1.26.-7.-1",2736816128,210703668
at_projections,"-1.26.1.-15",10947264512,599414712
at_projections,"-1.27.-1.-12",10947264512,599414712
at_projections,"-1.27.-5.-5",2736816128,210703668
at_projections,"-1.28.-3.-9",2736816128,210703668
at_projections,"-1.28.1.-16",8210448384,510411024
at_projections,"-1.29.-1.-13",8210448384,510411024
at_projections,"-1.3.-1.0",86209708032,4814221622
at_projections,"-1.3.-13.21",28736569344,689932752
at_projections,"-1.3.-17.28",2736816128,290729820
at_projections,"-1.3.-25.42",2736816128,210703668
at_projections,"-1.3.-5.7",31473385472,979538670
at_projections,"-1.3.-9.14",38315425792,596823164
at_projections,"-1.3.11.-21",10947264512,575246232
at_projections,"-1.3.15.-28",5473632256,287623116
at_projections,"-1.3.3.-7",8210448384,928668000
at_projections,"-1.3.7.-14",6842040320,467792044
at_projections,"-1.4.-11.17",41052241920,874316618
at_projections,"-1.4.-15.24",35578609664,1288226480
at_projections,"-1.4.-3.3",21894529024,1530362842
at_projections,"-1.4.-7.10",25999753216,691915554
at_projections,"-1.4.1.-4",77999259648,4487924608
at_projections,"-1.4.13.-25",10947264512,575246232
at_projections,"-1.4.17.-32",8210448384,498326784
at_projections,"-1.4.5.-11",8210448384,804590016
at_projections,"-1.4.9.-18",5473632256,287623116
at_projections,"-1.5.-1.-1",77999259648,4487924608
at_projections,"-1.5.-13.20",41052241920,874316618
at_projections,"-1.5.-17.27",25999753216,1374113808
at_projections,"-1.5.-5.6",20526120960,1193564870
at_projections,"-1.5.-9.13",30104977408,936436174
at_projections,"-1.5.11.-22",5473632256,287623116
at_projections,"-1.5.15.-29",10947264512,575246232
at_projections,"-1.5.3.-8",4105224192,457662382
at_projections,"-1.5.7.-15",5473632256,581459640
at_projections,"-1.6.-11.16",25999753216,691915554
at_projections,"-1.6.-15.23",32841793536,436166908
at_projections,"-1.6.-19.30",6842040320,455679580
at_projections,"-1.6.-27.44",2736816128,210703668
at_projections,"-1.6.-3.2",8210448384,928668000
at_projections,"-1.6.-7.9",13684080640,725772826
at_projections,"-1.6.1.-5",65683587072,3596488272
at_projections,"-1.6.13.-26",5473632256,287623116
at_projections,"-1.6.5.-12",5473632256,581459640
at_projections,"-1.6.9.-19",1368408064,180168928
at_projections,"-1.7.-1.-2",65683587072,3596488272
at_projections,"-1.7.-13.19",21894529024,240817920
at_projections,"-1.7.-17.26",13684080640,726896728
at_projections,"-1.7.-21.33",5473632256,275510652
at_projections,"-1.7.-5.5",12315672576,1042686936
at_projections,"-1.7.-9.12",6842040320,334260436
at_projections,"-1.7.11.-23",1368408064,173604180
at_projections,"-1.7.15.-30",8210448384,498326784
at_projections,"-1.7.7.-16",8210448384,804590016
at_projections,"-1.8.-11.15",6842040320,334260436
at_projections,"-1.8.-15.22",10947264512,120408960
at_projections,"-1.8.-19.29",8210448384,566240472
at_projections,"-1.8.-23.36",5473632256,275510652
at_projections,"-1.8.-3.1",4105224192,457662382
at_projections,"-1.8.-7.8",10947264512,575246232
at_projections,"-1.8.1.-6",60209954816,3296780916
at_projections,"-1.8.5.-13",1368408064,180168928
at_projections,"-1.8.9.-20",4105224192,464334000
at_projections,"-1.9.-1.-3",60209954816,3296780916
at_projections,"-1.9.-13.18",10947264512,578781056
at_projections,"-1.9.-21.32",5473632256,275510652
at_projections,"-1.9.-25.39",5473632256,275510652
at_projections,"-1.9.-29.46",2736816128,210703668
at_projections,"-1.9.-5.4",8210448384,804590016
at_projections,"-1.9.-9.11",5473632256,287623116
at_projections,"-1.9.7.-17",5473632256,581459640
at_projections,"-10.-1.-16.26",10947264512,331281408
at_projections,"-10.-10.-10.20",10947264512,331281408
at_projections,"-10.-10.-18.34",1368408064,173604180
at_projections,"-10.-10.-2.6",5473632256,160656256
at_projections,"-10.-10.-6.13",12315672576,300577888
at_projections,"-10.-10.2.-1",1368408064,173604180
at_projections,"-10.-11.-16.31",1368408064,173604180
at_projections,"-10.-11.-4.10",21894529024,240817920
at_projections,"-10.-11.-8.17",13684080640,872793412
at_projections,"-10.-11.0.3",5473632256,160656256
at_projections,"-10.-11.4.-4",1368408064,173604180
at_projections,"-10.-12.-10.21",5473632256,421407336
at_projections,"-10.-12.-18.35",2736816128,277493454
at_projections,"-10.-12.-2.7",21894529024,240817920
at_projections,"-10.-12.-6.14",30104977408,451386076
at_projections,"-10.-12.2.0",5473632256,160656256
at_projections,"-10.-12.6.-7",5473632256,418124800
at_projections,"-10.-13.-16.32",2736816128,277493454
at_projections,"-10.-13.-20.39",2736816128,204285852
at_projections,"-10.-13.-4.11",32841793536,321312512
at_projections,"-10.-13.-8.18",28736569344,1076111456
at_projections,"-10.-13.0.4",21894529024,240817920
at_projections,"-10.-13.4.-3",5473632256,160656256
at_projections,"-10.-13.8.-10",1368408064,173604180
at_projections,"-10.-14.-14.29",2736816128,277493454
at_projections,"-10.-14.-2.8",32841793536,321312512
at_projections,"-10.-14.-22.43",10947264512,310278144
at_projections,"-10.-14.-6.15",28736569344,842394184
at_projections,"-10.-14.10.-13",6842040320,449114832
at_projections,"-10.-14.2.1",21894529024,240817920
at_projections,"-10.-15.-12.26",2736816128,277493454
at_projections,"-10.-15.-16.33",2736816128,204285852
at_projections,"-10.-15.-20.40",5473632256,408571704
at_projections,"-10.-15.-4.12",21894529024,240817920
at_projections,"-10.-15.-8.19",13684080640,872793412
at_projections,"-10.-15.0.5",32841793536,321312512
at_projections,"-10.-15.4.-2",21894529024,240817920
at_projections,"-10.-15.8.-9",2736816128,277493454
at_projections,"-10.-16.-14.30",1368408064,173604180
at_projections,"-10.-16.-18.37",10947264512,310278144
at_projections,"-10.-16.-2.9",21894529024,240817920
at_projections,"-10.-16.-6.16",16420896768,491937664
at_projections,"-10.-16.10.-12",2736816128,277493454
at_projections,"-10.-16.14.-19",5473632256,421407336
at_projections,"-10.-16.2.2",32841793536,321312512
at_projections,"-10.-16.6.-5",12315672576,300577888
at_projections,"-10.-17.-12.27",4105224192,377890032
at_projections,"-10.-17.-16.34",5473632256,408571704
at_projections,"-10.-17.-20.41",2736816128,204285852
at_projections,"-10.-17.-4.13",10947264512,582063592
at_projections,"-10.-17.0.6",21894529024,240817920
at_projections,"-10.-17.12.-15",8210448384,698900790
at_projections,"-10.-17.16.-22",10947264512,331281408
at_projections,"-10.-17.4.-1",32841793536,321312512
at_projections,"-10.-18.-10.24",5473632256,418124800
at_projections,"-10.-18.-14.31",10947264512,310278144
at_projections,"-10.-18.-2.10",5473632256,160656256
at_projections,"-10.-18.-6.17",5473632256,421407336
at_projections,"-10.-18.10.-11",5473632256,421407336
at_projections,"-10.-18.14.-18",13684080640,608774862
at_projections,"-10.-18.2.3",21894529024,240817920
at_projections,"-10.-18.6.-4",30104977408,451386076
at_projections,"-10.-19.-12.28",5473632256,408571704
at_projections,"-10.-19.-16.35",2736816128,204285852
at_projections,"-10.-19.-4.14",10947264512,331281408
at_projections,"-10.-19.-8.21",4105224192,377890032
at_projections,"-10.-19.0.7",5473632256,160656256
at_projections,"-10.-19.12.-14",12315672576,504885588
at_projections,"-10.-19.16.-21",5473632256,421407336
at_projections,"-10.-19.4.0",21894529024,240817920
at_projections,"-10.-19.8.-7",13684080640,872793412
at_projections,"-10.-2.-14.23",5473632256,421407336
at_projections,"-10.-20.-10.25",10947264512,310278144
at_projections,"-10.-20.-2.11",5473632256,421407336
at_projections,"-10.-20.-6.18",1368408064,173604180
at_projections,"-10.-20.10.-10",10947264512,331281408
at_projections,"-10.-20.14.-17",6842040320,595011516
at_projections,"-10.-20.2.4",5473632256,160656256
at_projections,"-10.-20.6.-3",28736569344,842394184
at_projections,"-10.-21.-12.29",2736816128,204285852
at_projections,"-10.-21.-4.15",8210448384,625693188
at_projections,"-10.-21.-8.22",8210448384,686065158
at_projections,"-10.-21.12.-13",5473632256,421407336
at_projections,"-10.-21.16.-20",5473632256,418124800
at_projections,"-10.-21.4.1",10947264512,582063592
at_projections,"-10.-21.8.-6",28736569344,1076111456
at_projections,"-10.-22.-14.33",1368408064,173604180
at_projections,"-10.-22.-2.12",10947264512,331281408
at_projections,"-10.-22.-6.19",13684080640,587771598
at_projections,"-10.-22.10.-9",5473632256,421407336
at_projections,"-10.-22.18.-23",1368408064,173604180
at_projections,"-10.-22.2.5",5473632256,421407336
at_projections,"-10.-22.6.-2",16420896768,491937664
at_projections,"-10.-23.-12.30",5473632256,418124800
at_projections,"-10.-23.-4.16",8210448384,686065158
at_projections,"-10.-23.-8.23",2736816128,204285852
at_projections,"-10.-23.0.9",13684080640,1047100524
at_projections,"-10.-23.4.2",10947264512,331281408
at_projections,"-10.-23.8.-5",13684080640,872793412
at_projections,"-10.-24.-10.27",1368408064,173604180
at_projections,"-10.-24.-14.34",1368408064,173604180
at_projections,"-10.-24.-2.13",24631345152,1430586270
at_projections,"-10.-24.18.-22",2736816128,277493454
at_projections,"-10.-24.2.6",10947264512,331281408
at_projections,"-10.-24.6.-1",5473632256,421407336
at_projections,"-10.-25.-12.31",1368408064,173604180
at_projections,"-10.-25.-16.38",2736816128,277493454
at_projections,"-10.-25.-4.17",10947264512,972901548
at_projections,"-10.-25.-8.24",4105224192,451097634
at_projections,"-10.-25.0.10",38315425792,1646380752
at_projections,"-10.-25.20.-25",2736816128,277493454
at_projections,"-10.-25.4.3",8210448384,625693188
at_projections,"-10.-26.-10.28",8210448384,695618254
at_projections,"-10.-26.-14.35",2736816128,277493454
at_projections,"-10.-26.-2.14",13684080640,678489768
at_projections,"-10.-26.-6.21",8210448384,698900790
at_projections,"-10.-26.2.7",24631345152,1430586270
at_projections,"-10.-26.6.0",1368408064,173604180
at_projections,"-10.-27.-12.32",2736816128,277493454
at_projections,"-10.-27.-4.18",13684080640,608774862
at_projections,"-10.-27.-8.25",9578856448,872504970
at_projections,"-10.-27.0.11",24631345152,1883350124
at_projections,"-10.-27.12.-10",2736816128,277493454
at_projections,"-10.-27.16.-17",1368408064,173604180
at_projections,"-10.-27.4.4",8210448384,686065158
at_projections,"-10.-27.8.-3",4105224192,377890032
at_projections,"-10.-28.-10.29",5473632256,421407336
at_projections,"-10.-28.-2.15",8210448384,698900790
at_projections,"-10.-28.-6.22",15052488704,782379042
at_projections,"-10.-28.10.-6",5473632256,418124800
at_projections,"-10.-28.14.-13",2736816128,277493454
at_projections,"-10.-28.18.-20",1368408064,173604180
at_projections,"-10.-28.2.8",13684080640,678489768
at_projections,"-10.-28.22.-27",4105224192,451097634
at_projections,"-10.-28.6.1",13684080640,587771598
at_projections,"-10.-29.-12.33",5473632256,421407336
at_projections,"-10.-29.-4.19",8210448384,698900790
at_projections,"-10.-29.-8.26",10947264512,331281408
at_projections,"-10.-29.12.-9",4105224192,377890032
at_projections,"-10.-29.16.-16",2736816128,277493454
at_projections,"-10.-29.20.-23",5473632256,418124800
at_projections,"-10.-29.4.5",10947264512,972901548
at_projections,"-10.-29.8.-2",8210448384,686065158
at_projections,"-10.-3.-16.27",5473632256,421407336
at_projections,"-10.-30.-10.30",10947264512,331281408
at_projections,"-10.-30.-14.37",5473632256,421407336
at_projections,"-10.-30.-6.23",6842040320,595011516
at_projections,"-10.-30.10.-5",10947264512,310278144
at_projections,"-10.-30.14.-12",1368408064,173604180
at_projections,"-10.-30.18.-19",2736816128,277493454
at_projections,"-10.-30.2.9",8210448384,698900790
at_projections,"-10.-31.-12.34",10947264512,331281408
at_projections,"-10.-31.-16.41",5473632256,421407336
at_projections,"-10.-31.-4.20",1368408064,173604180
at_projections,"-10.-31.-8.27",5473632256,421407336
at_projections,"-10.-31.12.-8",5473632256,408571704
at_projections,"-10.-31.16.-15",2736816128,204285852
at_projections,"-10.-31.4.6",13684080640,608774862
at_projections,"-10.-31.8.-1",2736816128,204285852
at_projections,"-10.-32.-10.31",5473632256,421407336
at_projections,"-10.-32.-14.38",10947264512,331281408
at_projections,"-10.-32.-2.17",5473632256,418124800
at_projections,"-10.-32.14.-11",10947264512,310278144
at_projections,"-10.-32.6.3",8210448384,698900790
at_projections,"-10.-33.-12.35",5473632256,421407336
at_projections,"-10.-33.-16.42",10947264512,331281408
at_projections,"-10.-33.12.-7",2736816128,204285852
at_projections,"-10.-33.16.-14",5473632256,408571704
at_projections,"-10.-33.20.-21",2736816128,204285852
at_projections,"-10.-33.4.7",8210448384,698900790
at_projections,"-10.-33.8.0",4105224192,451097634
at_projections,"-10.-34.-14.39",5473632256,421407336
at_projections,"-10.-34.10.-3",1368408064,173604180
at_projections,"-10.-34.18.-17",10947264512,310278144
at_projections,"-10.-34.2.11",5473632256,418124800
at_projections,"-10.-34.6.4",15052488704,782379042
at_projections,"-10.-35.12.-6",5473632256,418124800
at_projections,"-10.-35.16.-13",2736816128,204285852
at_projections,"-10.-35.20.-20",5473632256,408571704
at_projections,"-10.-35.4.8",1368408064,173604180
at_projections,"-10.-35.8.1",9578856448,872504970
at_projections,"-10.-36.-10.33",5473632256,275510652
at_projections,"-10.-36.10.-2",8210448384,695618254
at_projections,"-10.-36.14.-9",1368408064,173604180
at_projections,"-10.-36.22.-23",10947264512,310278144
at_projections,"-10.-36.6.5",6842040320,595011516
at_projections,"-10.-37.12.-5",1368408064,173604180
at_projections,"-10.-37.20.-19",2736816128,204285852
at_projections,"-10.-37.8.2",10947264512,331281408
at_projections,"-10.-38.10.-1",5473632256,421407336
at_projections,"-10.-38.14.-8",1368408064,173604180
at_projections,"-10.-39.12.-4",2736816128,277493454
at_projections,"-10.-39.8.3",5473632256,421407336
at_projections,"-10.-4.-10.17",6842040320,449114832
at_projections,"-10.-4.-14.24",13684080640,608774862
at_projections,"-10.-4.-18.31",1368408064,173604180
at_projections,"-10.-40.10.0",10947264512,331281408
at_projections,"-10.-40.14.-7",2736816128,277493454
at_projections,"-10.-41.12.-3",5473632256,421407336
at_projections,"-10.-41.16.-10",2736816128,277493454
at_projections,"-10.-42.10.1",5473632256,421407336
at_projections,"-10.-43.12.-2",10947264512,331281408
at_projections,"-10.-44.14.-5",5473632256,421407336
at_projections,"-10.-45.12.-1",5473632256,421407336
at_projections,"-10.-46.10.3",5473632256,275510652
at_projections,"-10.-46.14.-4",10947264512,331281408
at_projections,"-10.-47.16.-7",5473632256,421407336
at_projections,"-10.-48.14.-3",5473632256,421407336
at_projections,"-10.-49.16.-6",10947264512,331281408
at_projections,"-10.-5.-12.21",8210448384,698900790
at_projections,"-10.-5.-16.28",5473632256,418124800
at_projections,"-10.-5.-20.35",2736816128,277493454
at_projections,"-10.-5.-4.7",2736816128,277493454
at_projections,"-10.-5.-8.14",1368408064,173604180
at_projections,"-10.-5.0.0",2736816128,347208360
at_projections,"-10.-6.-10.18",2736816128,277493454
at_projections,"-10.-6.-14.25",6842040320,595011516
at_projections,"-10.-6.-18.32",2736816128,277493454
at_projections,"-10.-6.-2.4",5473632256,554986908
at_projections,"-10.-6.-22.39",4105224192,451097634
at_projections,"-10.-6.-6.11",5473632256,418124800
at_projections,"-10.-7.-12.22",12315672576,504885588
at_projections,"-10.-7.-4.8",1368408064,173604180
at_projections,"-10.-7.-8.15",2736816128,277493454
at_projections,"-10.-7.0.1",5473632256,554986908
at_projections,"-10.-8.-10.19",5473632256,421407336
at_projections,"-10.-8.-2.5",1368408064,173604180
at_projections,"-10.-8.2.-2",5473632256,554986908
at_projections,"-10.-9.-12.23",5473632256,421407336
at_projections,"-10.-9.-20.37",5473632256,418124800
at_projections,"-10.-9.-4.9",5473632256,160656256
at_projections,"-10.-9.4.-5",2736816128,277493454
at_projections,"-11.-10.-1.4",2736816128,347208360
at_projections,"-11.-10.-13.25",5473632256,287623116
at_projections,"-11.-10.-21.39",1368408064,173604180
at_projections,"-11.-10.-5.11",2736816128,277493454
at_projections,"-11.-10.-9.18",1368408064,173604180
at_projections,"-11.-11.-11.22",10947264512,575246232
at_projections,"-11.-11.-19.36",1368408064,173604180
at_projections,"-11.-11.-3.8",5473632256,160656256
at_projections,"-11.-11.1.1",2736816128,347208360
at_projections,"-11.-12.-1.5",5473632256,160656256
at_projections,"-11.-12.-5.12",12315672576,300577888
at_projections,"-11.-12.-9.19",5473632256,287623116
at_projections,"-11.-12.3.-2",5473632256,418124800
at_projections,"-11.-13.-11.23",5473632256,287623116
at_projections,"-11.-13.-19.37",2736816128,277493454
at_projections,"-11.-13.-3.9",21894529024,240817920
at_projections,"-11.-13.-7.16",8210448384,451386076
at_projections,"-11.-13.1.2",5473632256,160656256
at_projections,"-11.-13.5.-5",1368408064,173604180
at_projections,"-11.-14.-1.6",21894529024,240817920
at_projections,"-11.-14.-17.34",2736816128,277493454
at_projections,"-11.-14.-5.13",30104977408,451386076
at_projections,"-11.-14.-9.20",12315672576,755415160
at_projections,"-11.-14.3.-1",5473632256,160656256
at_projections,"-11.-14.7.-8",1368408064,173604180
at_projections,"-11.-15.-15.31",2736816128,277493454
at_projections,"-11.-15.-3.10",32841793536,321312512
at_projections,"-11.-15.-7.17",23262937088,1032453164
at_projections,"-11.-15.1.3",21894529024,240817920
at_projections,"-11.-15.5.-4",2736816128,277493454
at_projections,"-11.-16.-1.7",32841793536,321312512
at_projections,"-11.-16.-17.35",1368408064,173604180
at_projections,"-11.-16.-21.42",5473632256,275510652
at_projections,"-11.-16.-5.14",23262937088,420986848
at_projections,"-11.-16.-9.21",8210448384,578352936
at_projections,"-11.-16.11.-14",2736816128,204285852
at_projections,"-11.-16.3.0",21894529024,240817920
at_projections,"-11.-16.7.-7",2736816128,277493454
at_projections,"-11.-17.-15.32",1368408064,173604180
at_projections,"-11.-17.-19.39",5473632256,275510652
at_projections,"-11.-17.-3.11",21894529024,240817920
at_projections,"-11.-17.-7.18",21894529024,1317362128
at_projections,"-11.-17.1.4",32841793536,321312512
at_projections,"-11.-17.5.-3",12315672576,300577888
at_projections,"-11.-17.9.-10",2736816128,277493454
at_projections,"-11.-18.-1.8",21894529024,240817920
at_projections,"-11.-18.-13.29",5473632256,418124800
at_projections,"-11.-18.-17.36",5473632256,275510652
at_projections,"-11.-18.-21.43",5473632256,275510652
at_projections,"-11.-18.-5.15",10947264512,448279372
at_projections,"-11.-18.-9.22",1368408064,180168928
at_projections,"-11.-18.11.-13",5473632256,481779306
at_projections,"-11.-18.15.-20",5473632256,287623116
at_projections,"-11.-18.3.1",32841793536,321312512
at_projections,"-11.-19.-11.26",1368408064,173604180
at_projections,"-11.-19.-15.33",5473632256,275510652
at_projections,"-11.-19.-19.40",5473632256,275510652
at_projections,"-11.-19.-3.12",5473632256,160656256
at_projections,"-11.-19.-7.19",6842040320,467792044
at_projections,"-11.-19.1.5",21894529024,240817920
at_projections,"-11.-19.13.-16",5473632256,287623116
at_projections,"-11.-19.5.-2",30104977408,451386076
at_projections,"-11.-19.9.-9",1368408064,173604180
at_projections,"-11.-20.-1.9",5473632256,160656256
at_projections,"-11.-20.-13.30",5473632256,275510652
at_projections,"-11.-20.-17.37",5473632256,275510652
at_projections,"-11.-20.-5.16",10947264512,575246232
at_projections,"-11.-20.-9.23",1368408064,173604180
at_projections,"-11.-20.11.-12",6842040320,461227296
at_projections,"-11.-20.15.-19",10947264512,575246232
at_projections,"-11.-20.3.2",21894529024,240817920
at_projections,"-11.-20.7.-5",8210448384,451386076
at_projections,"-11.-21.-11.27",8210448384,553004106
at_projections,"-11.-21.-15.34",5473632256,275510652
at_projections,"-11.-21.-3.13",5473632256,287623116
at_projections,"-11.-21.1.6",5473632256,160656256
at_projections,"-11.-21.13.-15",16420896768,993371032
at_projections,"-11.-21.17.-22",5473632256,287623116
at_projections,"-11.-21.5.-1",23262937088,420986848
at_projections,"-11.-21.9.-8",5473632256,287623116
at_projections,"-11.-22.-13.31",5473632256,275510652
at_projections,"-11.-22.-5.17",5473632256,287623116
at_projections,"-11.-22.-9.24",8210448384,553004106
at_projections,"-11.-22.11.-11",10947264512,575246232
at_projections,"-11.-22.15.-18",6842040320,461227296
at_projections,"-11.-22.3.3",5473632256,160656256
at_projections,"-11.-22.7.-4",23262937088,1032453164
at_projections,"-11.-23.-11.28",5473632256,275510652
at_projections,"-11.-23.-3.14",10947264512,575246232
at_projections,"-11.-23.-7.21",8210448384,553004106
at_projections,"-11.-23.13.-14",5473632256,287623116
at_projections,"-11.-23.5.0",10947264512,448279372
at_projections,"-11.-23.9.-7",12315672576,755415160
at_projections,"-11.-24.-1.11",5473632256,287623116
at_projections,"-11.-24.-5.18",8210448384,553004106
at_projections,"-11.-24.-9.25",5473632256,275510652
at_projections,"-11.-24.11.-10",5473632256,287623116
at_projections,"-11.-24.15.-17",2736816128,277493454
at_projections,"-11.-24.3.4",5473632256,287623116
at_projections,"-11.-24.7.-3",21894529024,1317362128
at_projections,"-11.-25.-11.29",1368408064,173604180
at_projections,"-11.-25.-3.15",10947264512,563133768
at_projections,"-11.-25.-7.22",6842040320,449114832
at_projections,"-11.-25.1.8",5473632256,287623116
at_projections,"-11.-25.17.-20",2736816128,277493454
at_projections,"-11.-25.5.1",10947264512,575246232
at_projections,"-11.-25.9.-6",8210448384,578352936
at_projections,"-11.-26.-1.12",24631345152,1349083668
at_projections,"-11.-26.-13.33",2736816128,277493454
at_projections,"-11.-26.-5.19",6842040320,449114832
at_projections,"-11.-26.3.5",10947264512,575246232
at_projections,"-11.-26.7.-2",6842040320,467792044
at_projections,"-11.-27.-11.30",4105224192,451097634
at_projections,"-11.-27.-15.37",2736816128,277493454
at_projections,"-11.-27.-3.16",16420896768,981258568
at_projections,"-11.-27.1.9",24631345152,1349083668
at_projections,"-11.-27.5.2",5473632256,287623116
at_projections,"-11.-27.9.-5",1368408064,180168928
at_projections,"-11.-28.-1.13",27368161280,1696292028
at_projections,"-11.-28.-13.34",2736816128,277493454
at_projections,"-11.-28.-5.20",8210448384,565116570
at_projections,"-11.-28.-9.27",4105224192,451097634
at_projections,"-11.-28.19.-22",1368408064,173604180
at_projections,"-11.-28.3.6",10947264512,563133768
at_projections,"-11.-29.-11.31",2736816128,277493454
at_projections,"-11.-29.-15.38",1368408064,173604180
at_projections,"-11.-29.-3.17",13684080640,852739686
at_projections,"-11.-29.-7.24",13684080640,983241370
at_projections,"-11.-29.1.10",27368161280,1696292028
at_projections,"-11.-29.5.3",8210448384,553004106
at_projections,"-11.-29.9.-4",1368408064,173604180
at_projections,"-11.-3.-15.25",5473632256,287623116
at_projections,"-11.-30.-1.14",10947264512,842610024
at_projections,"-11.-30.-13.35",1368408064,173604180
at_projections,"-11.-30.-5.21",12315672576,748850412
at_projections,"-11.-30.-9.28",9578856448,738720750
at_projections,"-11.-30.11.-7",1368408064,173604180
at_projections,"-11.-30.15.-14",2736816128,277493454
at_projections,"-11.-30.19.-21",1368408064,173604180
at_projections,"-11.-30.3.7",16420896768,981258568
at_projections,"-11.-30.7.0",8210448384,553004106
at_projections,"-11.-31.-11.32",5473632256,287623116
at_projections,"-11.-31.-3.18",6842040320,461227296
at_projections,"-11.-31.-7.25",12315672576,748850412
at_projections,"-11.-31.1.11",10947264512,842610024
at_projections,"-11.-31.13.-10",5473632256,418124800
at_projections,"-11.-31.17.-17",2736816128,277493454
at_projections,"-11.-31.21.-24",1368408064,173604180
at_projections,"-11.-31.5.4",6842040320,449114832
at_projections,"-11.-31.9.-3",8210448384,553004106
at_projections,"-11.-32.-13.36",5473632256,287623116
at_projections,"-11.-32.-5.22",10947264512,705747916
at_projections,"-11.-32.-9.29",10947264512,575246232
at_projections,"-11.-32.11.-6",8210448384,553004106
at_projections,"-11.-32.15.-13",1368408064,173604180
at_projections,"-11.-32.19.-20",2736816128,277493454
at_projections,"-11.-32.3.8",13684080640,852739686
at_projections,"-11.-32.7.1",6842040320,449114832
at_projections,"-11.-33.-11.33",10947264512,575246232
at_projections,"-11.-33.-15.40",5473632256,287623116
at_projections,"-11.-33.-3.19",1368408064,173604180
at_projections,"-11.-33.-7.26",5473632256,287623116
at_projections,"-11.-33.13.-9",5473632256,275510652
at_projections,"-11.-33.17.-16",1368408064,173604180
at_projections,"-11.-33.5.5",8210448384,565116570
at_projections,"-11.-33.9.-2",5473632256,275510652
at_projections,"-11.-34.-1.16",1368408064,173604180
at_projections,"-11.-34.-13.37",10947264512,575246232
at_projections,"-11.-34.-17.44",5473632256,287623116
at_projections,"-11.-34.-9.30",5473632256,287623116
at_projections,"-11.-34.11.-5",5473632256,275510652
at_projections,"-11.-34.15.-12",5473632256,275510652
at_projections,"-11.-34.3.9",6842040320,461227296
at_projections,"-11.-35.-11.34",5473632256,287623116
at_projections,"-11.-35.-15.41",10947264512,575246232
at_projections,"-11.-35.-3.20",2736816128,277493454
at_projections,"-11.-35.1.13",1368408064,173604180
at_projections,"-11.-35.13.-8",5473632256,275510652
at_projections,"-11.-35.17.-15",5473632256,275510652
at_projections,"-11.-35.5.6",12315672576,748850412
at_projections,"-11.-36.-13.38",5473632256,287623116
at_projections,"-11.-36.11.-4",1368408064,173604180
at_projections,"-11.-36.15.-11",5473632256,275510652
at_projections,"-11.-36.19.-18",5473632256,275510652
at_projections,"-11.-36.3.10",1368408064,173604180
at_projections,"-11.-36.7.3",13684080640,983241370
at_projections,"-11.-37.-11.35",2736816128,204285852
at_projections,"-11.-37.-15.42",5473632256,287623116
at_projections,"-11.-37.17.-14",5473632256,275510652
at_projections,"-11.-37.21.-21",5473632256,275510652
at_projections,"-11.-37.5.7",10947264512,705747916
at_projections,"-11.-37.9.0",4105224192,451097634
at_projections,"-11.-38.11.-3",4105224192,451097634
at_projections,"-11.-38.19.-17",5473632256,275510652
at_projections,"-11.-38.3.11",2736816128,277493454
at_projections,"-11.-38.7.4",12315672576,748850412
at_projections,"-11.-39.-11.36",2736816128,204285852
at_projections,"-11.-39.13.-6",2736816128,277493454
at_projections,"-11.-39.21.-20",5473632256,275510652
at_projections,"-11.-39.9.1",9578856448,738720750
at_projections,"-11.-4.-17.29",5473632256,287623116
at_projections,"-11.-40.11.-2",2736816128,277493454
at_projections,"-11.-40.7.5",5473632256,287623116
at_projections,"-11.-41.13.-5",2736816128,277493454
at_projections,"-11.-41.9.2",10947264512,575246232
at_projections,"-11.-42.11.-1",5473632256,287623116
at_projections,"-11.-42.15.-8",2736816128,277493454
at_projections,"-11.-43.13.-4",1368408064,173604180
at_projections,"-11.-43.9.3",5473632256,287623116
at_projections,"-11.-44.11.0",10947264512,575246232
at_projections,"-11.-44.15.-7",1368408064,173604180
at_projections,"-11.-45.13.-3",5473632256,287623116
at_projections,"-11.-46.11.1",5473632256,287623116
at_projections,"-11.-47.13.-2",10947264512,575246232
at_projections,"-11.-48.11.2",2736816128,204285852
at_projections,"-11.-48.15.-5",5473632256,287623116
at_projections,"-11.-49.13.-1",5473632256,287623116
at_projections,"-11.-5.-11.19",2736816128,204285852
at_projections,"-11.-5.-15.26",10947264512,575246232
at_projections,"-11.-50.11.3",2736816128,204285852
at_projections,"-11.-50.15.-4",10947264512,575246232
at_projections,"-11.-51.17.-7",5473632256,287623116
at_projections,"-11.-52.15.-3",5473632256,287623116
at_projections,"-11.-6.-13.23",5473632256,287623116
at_projections,"-11.-7.-11.20",5473632256,481779306
at_projections,"-11.-7.-15.27",6842040320,461227296
at_projections,"-11.-7.-7.13",1368408064,173604180
at_projections,"-11.-8.-1.3",5473632256,554986908
at_projections,"-11.-8.-13.24",16420896768,993371032
at_projections,"-11.-8.-17.31",2736816128,277493454
at_projections,"-11.-8.-5.10",1368408064,173604180
at_projections,"-11.-8.-9.17",2736816128,277493454
at_projections,"-11.-9.-11.21",6842040320,461227296
at_projections,"-11.-9.-15.28",2736816128,277493454
at_projections,"-11.-9.-19.35",1368408064,173604180
at_projections,"-11.-9.-3.7",5473632256,418124800
at_projections,"-11.-9.-7.14",2736816128,277493454
at_projections,"-11.-9.1.0",5473632256,554986908
at_projections,"-12.-10.-12.23",6842040320,595011516
at_projections,"-12.-10.-4.9",1368408064,173604180
at_projections,"-12.-10.-8.16",2736816128,277493454
at_projections,"-12.-11.-10.20",5473632256,418124800
at_projections,"-12.-11.-14.27",8210448384,698900790
at_projections,"-12.-11.-2.6",2736816128,347208360
at_projections,"-12.-11.-6.13",2736816128,277493454
at_projections,"-12.-12.-12.24",13684080640,608774862
at_projections,"-12.-12.-16.31",1368408064,173604180
at_projections,"-12.-12.-4.10",2736816128,277493454
at_projections,"-12.-12.-8.17",1368408064,173604180
at_projections,"-12.-12.0.3",10947264512,836249600
at_projections,"-12.-13.-10.21",5473632256,421407336
at_projections,"-12.-13.-2.7",8210448384,438149710
at_projections,"-12.-13.-6.14",1368408064,173604180
at_projections,"-12.-13.2.0",2736816128,347208360
at_projections,"-12.-14.-12.25",5473632256,421407336
at_projections,"-12.-14.-4.11",12315672576,300577888
at_projections,"-12.-14.0.4",5473632256,160656256
at_projections,"-12.-14.4.-3",1368408064,173604180
at_projections,"-12.-15.-10.22",10947264512,331281408
at_projections,"-12.-15.-18.36",2736816128,277493454
at_projections,"-12.-15.-2.8",21894529024,240817920
at_projections,"-12.-15.-6.15",8210448384,451386076
at_projections,"-12.-15.2.1",8210448384,438149710
at_projections,"-12.-16.-4.12",30104977408,451386076
at_projections,"-12.-16.-8.19",6842040320,601576264
at_projections,"-12.-16.0.5",21894529024,240817920
at_projections,"-12.-16.4.-2",2736816128,277493454
at_projections,"-12.-17.-10.23",5473632256,421407336
at_projections,"-12.-17.-2.9",32841793536,321312512
at_projections,"-12.-17.-6.16",17789304832,744830048
at_projections,"-12.-17.2.2",21894529024,240817920
at_projections,"-12.-17.6.-5",2736816128,277493454
at_projections,"-12.-18.-16.34",5473632256,418124800
at_projections,"-12.-18.-4.13",23262937088,420986848
at_projections,"-12.-18.-8.20",16420896768,912741048
at_projections,"-12.-18.0.6",32841793536,321312512
at_projections,"-12.-18.4.-1",12315672576,300577888
at_projections,"-12.-18.8.-8",2736816128,277493454
at_projections,"-12.-19.-14.31",1368408064,173604180
at_projections,"-12.-19.-18.38",2736816128,204285852
at_projections,"-12.-19.-2.10",21894529024,240817920
at_projections,"-12.-19.-6.17",16420896768,1163523232
at_projections,"-12.-19.2.3",32841793536,321312512
at_projections,"-12.-19.6.-4",1368408064,173604180
at_projections,"-12.-20.-12.28",1368408064,173604180
at_projections,"-12.-20.-20.42",10947264512,310278144
at_projections,"-12.-20.-4.14",5473632256,160656256
at_projections,"-12.-20.-8.21",12315672576,1045828424
at_projections,"-12.-20.0.7",21894529024,240817920
at_projections,"-12.-20.12.-14",5473632256,275510652
at_projections,"-12.-20.4.0",30104977408,451386076
at_projections,"-12.-20.8.-7",1368408064,173604180
at_projections,"-12.-21.-14.32",5473632256,481779306
at_projections,"-12.-21.-18.39",5473632256,408571704
at_projections,"-12.-21.-2.11",5473632256,160656256
at_projections,"-12.-21.-6.18",12315672576,511450336
at_projections,"-12.-21.10.-10",5473632256,418124800
at_projections,"-12.-21.14.-17",5473632256,421407336
at_projections,"-12.-21.2.4",21894529024,240817920
at_projections,"-12.-21.6.-3",8210448384,451386076
at_projections,"-12.-22.-12.29",2736816128,277493454
at_projections,"-12.-22.-16.36",10947264512,310278144
at_projections,"-12.-22.-4.15",5473632256,421407336
at_projections,"-12.-22.-8.22",2736816128,290729820
at_projections,"-12.-22.0.8",5473632256,160656256
at_projections,"-12.-22.12.-13",6842040320,595011516
at_projections,"-12.-22.16.-20",10947264512,331281408
at_projections,"-12.-22.4.1",23262937088,420986848
at_projections,"-12.-23.-10.26",5473632256,481779306
at_projections,"-12.-23.-14.33",5473632256,408571704
at_projections,"-12.-23.-18.40",2736816128,204285852
at_projections,"-12.-23.-6.19",5473632256,421407336
at_projections,"-12.-23.10.-9",5473632256,421407336
at_projections,"-12.-23.14.-16",10947264512,331281408
at_projections,"-12.-23.2.5",5473632256,160656256
at_projections,"-12.-23.6.-2",17789304832,744830048
at_projections,"-12.-24.-12.30",10947264512,310278144
at_projections,"-12.-24.-4.16",10947264512,331281408
at_projections,"-12.-24.-8.23",2736816128,277493454
at_projections,"-12.-24.12.-12",13684080640,608774862
at_projections,"-12.-24.16.-19",5473632256,421407336
at_projections,"-12.-24.4.2",5473632256,160656256
at_projections,"-12.-24.8.-5",6842040320,601576264
at_projections,"-12.-25.-10.27",6842040320,582175884
at_projections,"-12.-25.-14.34",2736816128,204285852
at_projections,"-12.-25.-2.13",5473632256,421407336
at_projections,"-12.-25.-6.20",2736816128,204285852
at_projections,"-12.-25.10.-8",10947264512,331281408
at_projections,"-12.-25.14.-15",8210448384,698900790
at_projections,"-12.-25.6.-1",16420896768,1163523232
at_projections,"-12.-26.-4.17",5473632256,421407336
at_projections,"-12.-26.-8.24",12315672576,483882324
at_projections,"-12.-26.12.-11",5473632256,421407336
at_projections,"-12.-26.4.3",5473632256,421407336
at_projections,"-12.-26.8.-4",16420896768,912741048
at_projections,"-12.-27.-10.28",2736816128,204285852
at_projections,"-12.-27.-2.14",13684080640,535567260
at_projections,"-12.-27.-6.21",10947264512,826696504
at_projections,"-12.-27.10.-7",5473632256,421407336
at_projections,"-12.-27.2.7",5473632256,421407336
at_projections,"-12.-27.6.0",12315672576,511450336
at_projections,"-12.-28.-12.32",2736816128,277493454
at_projections,"-12.-28.-4.18",12315672576,483882324
at_projections,"-12.-28.0.11",10947264512,842814672
at_projections,"-12.-28.16.-17",1368408064,173604180
at_projections,"-12.-28.4.4",10947264512,331281408
at_projections,"-12.-28.8.-3",12315672576,1045828424
at_projections,"-12.-29.-10.29",2736816128,277493454
at_projections,"-12.-29.-2.15",17789304832,1424990556
at_projections,"-12.-29.-6.22",2736816128,204285852
at_projections,"-12.-29.2.8",13684080640,535567260
at_projections,"-12.-29.6.1",5473632256,421407336
at_projections,"-12.-30.-12.33",4105224192,451097634
at_projections,"-12.-30.-4.19",8210448384,698900790
at_projections,"-12.-30.-8.26",1368408064,173604180
at_projections,"-12.-30.0.12",43789058048,1548087192
at_projections,"-12.-30.4.5",5473632256,421407336
at_projections,"-12.-30.8.-2",2736816128,290729820
at_projections,"-12.-31.-10.30",4105224192,451097634
at_projections,"-12.-31.-14.37",5473632256,418124800
at_projections,"-12.-31.-2.16",19157712896,1090554168
at_projections,"-12.-31.-6.23",6842040320,595011516
at_projections,"-12.-31.2.9",17789304832,1424990556
at_projections,"-12.-31.6.2",2736816128,204285852
at_projections,"-12.-32.-12.34",1368408064,173604180
at_projections,"-12.-32.-4.20",16420896768,749406208
at_projections,"-12.-32.-8.27",13684080640,1117025590
at_projections,"-12.-32.0.13",16420896768,1397801580
at_projections,"-12.-32.12.-8",1368408064,173604180
at_projections,"-12.-32.4.6",12315672576,483882324
at_projections,"-12.-32.8.-1",2736816128,277493454
at_projections,"-12.-33.-10.31",6842040320,595011516
at_projections,"-12.-33.-2.17",6842040320,595011516
at_projections,"-12.-33.-6.24",15052488704,782379042
at_projections,"-12.-33.10.-4",5473632256,481779306
at_projections,"-12.-33.14.-11",1368408064,173604180
at_projections,"-12.-33.18.-18",2736816128,277493454
at_projections,"-12.-33.2.10",19157712896,1090554168
at_projections,"-12.-33.6.3",10947264512,826696504
at_projections,"-12.-34.-12.35",5473632256,421407336
at_projections,"-12.-34.-4.21",6842040320,595011516
at_projections,"-12.-34.-8.28",10947264512,331281408
at_projections,"-12.-34.0.14",2736816128,347208360
at_projections,"-12.-34.12.-7",2736816128,277493454
at_projections,"-12.-34.16.-14",5473632256,418124800
at_projections,"-12.-34.4.7",8210448384,698900790
at_projections,"-12.-34.8.0",12315672576,483882324
at_projections,"-12.-35.-10.32",10947264512,331281408
at_projections,"-12.-35.-14.39",5473632256,421407336
at_projections,"-12.-35.-6.25",8210448384,698900790
at_projections,"-12.-35.10.-3",6842040320,582175884
at_projections,"-12.-35.14.-10",5473632256,481779306
at_projections,"-12.-35.2.11",6842040320,595011516
at_projections,"-12.-35.6.4",2736816128,204285852
at_projections,"-12.-36.-12.36",10947264512,331281408
at_projections,"-12.-36.-16.43",5473632256,421407336
at_projections,"-12.-36.-4.22",2736816128,277493454
at_projections,"-12.-36.-8.29",5473632256,421407336
at_projections,"-12.-36.12.-6",10947264512,310278144
at_projections,"-12.-36.4.8",16420896768,749406208
at_projections,"-12.-37.-10.33",5473632256,421407336
at_projections,"-12.-37.-14.40",10947264512,331281408
at_projections,"-12.-37.-2.19",2736816128,277493454
at_projections,"-12.-37.10.-2",2736816128,204285852
at_projections,"-12.-37.14.-9",5473632256,408571704
at_projections,"-12.-37.18.-16",2736816128,204285852
at_projections,"-12.-37.6.5",6842040320,595011516
at_projections,"-12.-38.-12.37",5473632256,421407336
at_projections,"-12.-38.-16.44",10947264512,331281408
at_projections,"-12.-38.16.-12",10947264512,310278144
at_projections,"-12.-38.4.9",6842040320,595011516
at_projections,"-12.-38.8.2",1368408064,173604180
at_projections,"-12.-39.-14.41",5473632256,421407336
at_projections,"-12.-39.10.-1",2736816128,277493454
at_projections,"-12.-39.14.-8",2736816128,204285852
at_projections,"-12.-39.18.-15",5473632256,408571704
at_projections,"-12.-39.2.13",2736816128,277493454
at_projections,"-12.-39.6.6",15052488704,782379042
at_projections,"-12.-40.-12.38",5473632256,275510652
at_projections,"-12.-40.12.-4",2736816128,277493454
at_projections,"-12.-40.20.-18",10947264512,310278144
at_projections,"-12.-40.4.10",2736816128,277493454
at_projections,"-12.-40.8.3",13684080640,1117025590
at_projections,"-12.-41.10.0",4105224192,451097634
at_projections,"-12.-41.18.-14",2736816128,204285852
at_projections,"-12.-41.6.7",8210448384,698900790
at_projections,"-12.-42.12.-3",4105224192,451097634
at_projections,"-12.-42.8.4",10947264512,331281408
at_projections,"-12.-43.10.1",6842040320,595011516
at_projections,"-12.-44.12.-2",1368408064,173604180
at_projections,"-12.-44.8.5",5473632256,421407336
at_projections,"-12.-45.10.2",10947264512,331281408
at_projections,"-12.-45.14.-5",5473632256,418124800
at_projections,"-12.-46.12.-1",5473632256,421407336
at_projections,"-12.-47.10.3",5473632256,421407336
at_projections,"-12.-48.12.0",10947264512,331281408
at_projections,"-12.-49.14.-3",5473632256,421407336
at_projections,"-12.-50.12.1",5473632256,421407336
at_projections,"-12.-51.14.-2",10947264512,331281408
at_projections,"-12.-52.12.2",5473632256,275510652
at_projections,"-12.-52.16.-5",5473632256,421407336
at_projections,"-12.-53.14.-1",5473632256,421407336
at_projections,"-12.-54.16.-4",10947264512,331281408
at_projections,"-12.-6.-16.28",10947264512,331281408
at_projections,"-12.-7.-14.25",5473632256,421407336
at_projections,"-12.-8.-12.22",5473632256,275510652
at_projections,"-12.-8.-16.29",5473632256,421407336
at_projections,"-12.-9.-14.26",10947264512,331281408
at_projections,"-13.-10.-15.28",10947264512,575246232
at_projections,"-13.-11.-13.25",8210448384,491908968
at_projections,"-13.-12.-15.29",5473632256,287623116
at_projections,"-13.-13.-1.5",1368408064,173604180
at_projections,"-13.-13.-13.26",10947264512,575246232
at_projections,"-13.-13.-5.12",2736816128,277493454
at_projections,"-13.-13.-9.19",1368408064,173604180
at_projections,"-13.-14.-11.23",8210448384,565116570
at_projections,"-13.-14.-3.9",2736816128,277493454
at_projections,"-13.-14.-7.16",5473632256,418124800
at_projections,"-13.-14.1.2",1368408064,173604180
at_projections,"-13.-15.-1.6",10947264512,715643164
at_projections,"-13.-15.-13.27",6842040320,461227296
at_projections,"-13.-15.-5.13",1368408064,173604180
at_projections,"-13.-15.-9.20",2736816128,277493454
at_projections,"-13.-16.-11.24",10947264512,575246232
at_projections,"-13.-16.-3.10",13684080640,474182068
at_projections,"-13.-16.1.3",10947264512,715643164
at_projections,"-13.-17.-1.7",21894529024,240817920
at_projections,"-13.-17.-5.14",8210448384,451386076
at_projections,"-13.-17.-9.21",5473632256,287623116
at_projections,"-13.-17.3.0",2736816128,277493454
at_projections,"-13.-18.-11.25",5473632256,287623116
at_projections,"-13.-18.-3.11",30104977408,451386076
at_projections,"-13.-18.-7.18",1368408064,180168928
at_projections,"-13.-18.1.4",21894529024,240817920
at_projections,"-13.-18.5.-3",2736816128,277493454
at_projections,"-13.-19.-1.8",32841793536,321312512
at_projections,"-13.-19.-17.36",1368408064,173604180
at_projections,"-13.-19.-5.15",17789304832,744830048
at_projections,"-13.-19.-9.22",10947264512,575246232
at_projections,"-13.-19.3.1",13684080640,474182068
at_projections,"-13.-20.-15.33",1368408064,173604180
at_projections,"-13.-20.-3.12",23262937088,420986848
at_projections,"-13.-20.-7.19",10947264512,869082756
at_projections,"-13.-20.1.5",32841793536,321312512
at_projections,"-13.-20.5.-2",1368408064,173604180
at_projections,"-13.-21.-1.9",21894529024,240817920
at_projections,"-13.-21.-5.16",10947264512,742115896
at_projections,"-13.-21.-9.23",6842040320,467792044
at_projections,"-13.-21.3.2",30104977408,451386076
at_projections,"-13.-21.7.-5",5473632256,418124800
at_projections,"-13.-22.-15.34",2736816128,277493454
at_projections,"-13.-22.-19.41",5473632256,275510652
at_projections,"-13.-22.-3.13",5473632256,160656256
at_projections,"-13.-22.-7.20",19157712896,1379836248
at_projections,"-13.-22.1.6",21894529024,240817920
at_projections,"-13.-22.13.-15",2736816128,204285852
at_projections,"-13.-22.5.-1",8210448384,451386076
at_projections,"-13.-22.9.-8",1368408064,173604180
at_projections,"-13.-23.-1.10",5473632256,160656256
at_projections,"-13.-23.-13.31",2736816128,277493454
at_projections,"-13.-23.-17.38",5473632256,275510652
at_projections,"-13.-23.-5.17",6842040320,467792044
at_projections,"-13.-23.-9.24",2736816128,290729820
at_projections,"-13.-23.15.-18",5473632256,287623116
at_projections,"-13.-23.3.3",23262937088,420986848
at_projections,"-13.-24.-11.28",2736816128,277493454
at_projections,"-13.-24.-15.35",5473632256,275510652
at_projections,"-13.-24.-19.42",5473632256,275510652
at_projections,"-13.-24.-7.21",10947264512,869082756
at_projections,"-13.-24.1.7",5473632256,160656256
at_projections,"-13.-24.13.-14",8210448384,491908968
at_projections,"-13.-24.5.0",17789304832,744830048
at_projections,"-13.-24.9.-7",2736816128,277493454
at_projections,"-13.-25.-13.32",6842040320,449114832
at_projections,"-13.-25.-17.39",5473632256,275510652
at_projections,"-13.-25.-5.18",10947264512,575246232
at_projections,"-13.-25.-9.25",1368408064,180168928
at_projections,"-13.-25.11.-10",8210448384,565116570
at_projections,"-13.-25.15.-17",10947264512,575246232
at_projections,"-13.-25.3.4",5473632256,160656256
at_projections,"-13.-25.7.-3",1368408064,180168928
at_projections,"-13.-26.-11.29",6842040320,449114832
at_projections,"-13.-26.-15.36",5473632256,275510652
at_projections,"-13.-26.-3.15",5473632256,287623116
at_projections,"-13.-26.-7.22",1368408064,180168928
at_projections,"-13.-26.13.-13",10947264512,575246232
at_projections,"-13.-26.17.-20",5473632256,287623116
at_projections,"-13.-26.5.1",10947264512,742115896
at_projections,"-13.-26.9.-6",5473632256,287623116
at_projections,"-13.-27.-13.33",5473632256,275510652
at_projections,"-13.-27.-5.19",5473632256,287623116
at_projections,"-13.-27.-9.26",10947264512,693635452
at_projections,"-13.-27.11.-9",10947264512,575246232
at_projections,"-13.-27.15.-16",5473632256,287623116
at_projections,"-13.-27.7.-2",10947264512,869082756
at_projections,"-13.-28.-11.30",5473632256,275510652
at_projections,"-13.-28.-3.16",10947264512,575246232
at_projections,"-13.-28.-7.23",6842040320,449114832
at_projections,"-13.-28.13.-12",6842040320,461227296
at_projections,"-13.-28.5.2",6842040320,467792044
at_projections,"-13.-28.9.-5",10947264512,575246232
at_projections,"-13.-29.-1.13",5473632256,287623116
at_projections,"-13.-29.-5.20",6842040320,449114832
at_projections,"-13.-29.-9.27",5473632256,275510652
at_projections,"-13.-29.11.-8",5473632256,287623116
at_projections,"-13.-29.3.6",5473632256,287623116
at_projections,"-13.-29.7.-1",19157712896,1379836248
at_projections,"-13.-30.-3.17",10947264512,563133768
at_projections,"-13.-30.-7.24",8210448384,553004106
at_projections,"-13.-30.1.10",5473632256,287623116
at_projections,"-13.-30.5.3",10947264512,575246232
at_projections,"-13.-30.9.-4",6842040320,467792044
at_projections,"-13.-31.-1.14",24631345152,1349083668
at_projections,"-13.-31.-13.35",1368408064,173604180
at_projections,"-13.-31.-5.21",8210448384,553004106
at_projections,"-13.-31.3.7",10947264512,575246232
at_projections,"-13.-31.7.0",10947264512,869082756
at_projections,"-13.-32.-11.32",5473632256,418124800
at_projections,"-13.-32.-15.39",1368408064,173604180
at_projections,"-13.-32.-3.18",13684080640,840627222
at_projections,"-13.-32.1.11",24631345152,1349083668
at_projections,"-13.-32.5.4",5473632256,287623116
at_projections,"-13.-32.9.-3",2736816128,290729820
at_projections,"-13.-33.-1.15",27368161280,1626577122
at_projections,"-13.-33.-13.36",1368408064,173604180
at_projections,"-13.-33.-5.22",6842040320,461227296
at_projections,"-13.-33.-9.29",4105224192,451097634
at_projections,"-13.-33.3.8",10947264512,563133768
at_projections,"-13.-33.7.1",1368408064,180168928
at_projections,"-13.-34.-11.33",5473632256,418124800
at_projections,"-13.-34.-3.19",13684080640,922454592
at_projections,"-13.-34.-7.26",9578856448,738720750
at_projections,"-13.-34.1.12",27368161280,1626577122
at_projections,"-13.-34.5.5",6842040320,449114832
at_projections,"-13.-34.9.-2",1368408064,180168928
at_projections,"-13.-35.-1.16",12315672576,879352096
at_projections,"-13.-35.-13.37",2736816128,277493454
at_projections,"-13.-35.-5.23",13684080640,852739686
at_projections,"-13.-35.-9.30",9578856448,738720750
at_projections,"-13.-35.11.-5",2736816128,277493454
at_projections,"-13.-35.15.-12",1368408064,173604180
at_projections,"-13.-35.3.9",13684080640,840627222
at_projections,"-13.-35.7.2",6842040320,449114832
at_projections,"-13.-36.-11.34",5473632256,287623116
at_projections,"-13.-36.-3.20",8210448384,565116570
at_projections,"-13.-36.-7.27",15052488704,1026343866
at_projections,"-13.-36.1.13",12315672576,879352096
at_projections,"-13.-36.13.-8",2736816128,277493454
at_projections,"-13.-36.17.-15",1368408064,173604180
at_projections,"-13.-36.5.6",8210448384,553004106
at_projections,"-13.-36.9.-1",10947264512,693635452
at_projections,"-13.-37.-13.38",5473632256,287623116
at_projections,"-13.-37.-5.24",8210448384,565116570
at_projections,"-13.-37.-9.31",10947264512,575246232
at_projections,"-13.-37.11.-4",6842040320,449114832
at_projections,"-13.-37.15.-11",2736816128,277493454
at_projections,"-13.-37.3.10",13684080640,922454592
at_projections,"-13.-37.7.3",8210448384,553004106
at_projections,"-13.-38.-11.35",10947264512,575246232
at_projections,"-13.-38.-15.42",5473632256,287623116
at_projections,"-13.-38.-3.21",2736816128,277493454
at_projections,"-13.-38.-7.28",5473632256,287623116
at_projections,"-13.-38.13.-7",6842040320,449114832
at_projections,"-13.-38.5.7",6842040320,461227296
at_projections,"-13.-38.9.0",5473632256,275510652
at_projections,"-13.-39.-13.39",10947264512,575246232
at_projections,"-13.-39.-17.46",5473632256,287623116
at_projections,"-13.-39.-5.25",1368408064,173604180
at_projections,"-13.-39.-9.32",5473632256,287623116
at_projections,"-13.-39.11.-3",5473632256,275510652
at_projections,"-13.-39.15.-10",5473632256,275510652
at_projections,"-13.-39.3.11",8210448384,565116570
at_projections,"-13.-40.-11.36",5473632256,287623116
at_projections,"-13.-40.-15.43",10947264512,575246232
at_projections,"-13.-40.-3.22",1368408064,173604180
at_projections,"-13.-40.13.-6",5473632256,275510652
at_projections,"-13.-40.17.-13",5473632256,275510652
at_projections,"-13.-40.5.8",13684080640,852739686
at_projections,"-13.-41.-13.40",8210448384,491908968
at_projections,"-13.-41.15.-9",5473632256,275510652
at_projections,"-13.-41.19.-16",5473632256,275510652
at_projections,"-13.-41.3.12",2736816128,277493454
at_projections,"-13.-41.7.5",9578856448,738720750
at_projections,"-13.-42.-15.44",5473632256,287623116
at_projections,"-13.-42.17.-12",5473632256,275510652
at_projections,"-13.-42.5.9",8210448384,565116570
at_projections,"-13.-42.9.2",4105224192,451097634
at_projections,"-13.-43.-13.41",2736816128,204285852
at_projections,"-13.-43.11.-1",5473632256,418124800
at_projections,"-13.-43.19.-15",5473632256,275510652
at_projections,"-13.-43.3.13",1368408064,173604180
at_projections,"-13.-43.7.6",15052488704,1026343866
at_projections,"-13.-44.13.-4",1368408064,173604180
at_projections,"-13.-44.5.10",1368408064,173604180
at_projections,"-13.-44.9.3",9578856448,738720750
at_projections,"-13.-45.11.0",5473632256,418124800
at_projections,"-13.-45.7.7",5473632256,287623116
at_projections,"-13.-46.13.-3",1368408064,173604180
at_projections,"-13.-46.9.4",10947264512,575246232
at_projections,"-13.-47.11.1",5473632256,287623116
at_projections,"-13.-47.15.-6",1368408064,173604180
at_projections,"-13.-48.13.-2",2736816128,277493454
at_projections,"-13.-48.9.5",5473632256,287623116
at_projections,"-13.-49.11.2",10947264512,575246232
at_projections,"-13.-50.13.-1",5473632256,287623116
at_projections,"-13.-51.11.3",5473632256,287623116
at_projections,"-13.-52.13.0",10947264512,575246232
at_projections,"-13.-53.15.-3",5473632256,287623116
at_projections,"-13.-54.13.1",8210448384,491908968
at_projections,"-13.-55.15.-2",10947264512,575246232
at_projections,"-13.-56.13.2",2736816128,204285852
at_projections,"-13.-56.17.-5",5473632256,287623116
at_projections,"-13.-57.15.-1",5473632256,287623116
at_projections,"-13.-8.-15.27",5473632256,287623116
at_projections,"-13.-9.-13.24",2736816128,204285852
at_projections,"-13.-9.-17.31",5473632256,287623116
at_projections,"-14.-11.-16.30",10947264512,331281408
at_projections,"-14.-12.-14.27",10947264512,696917988
at_projections,"-14.-13.-16.31",5473632256,421407336
at_projections,"-14.-14.-14.28",10947264512,331281408
at_projections,"-14.-15.-12.25",5473632256,421407336
at_projections,"-14.-16.-14.29",5473632256,421407336
at_projections,"-14.-16.-2.8",2736816128,277493454
at_projections,"-14.-16.-6.15",1368408064,173604180
at_projections,"-14.-17.-12.26",10947264512,331281408
at_projections,"-14.-17.-4.12",5473632256,418124800
at_projections,"-14.-17.-8.19",2736816128,277493454
at_projections,"-14.-17.0.5",10947264512,715643164
at_projections,"-14.-18.-10.23",6842040320,595011516
at_projections,"-14.-18.-2.9",13684080640,474182068
at_projections,"-14.-18.-6.16",2736816128,277493454
at_projections,"-14.-18.2.2",2736816128,277493454
at_projections,"-14.-19.-12.27",5473632256,421407336
at_projections,"-14.-19.-4.13",8210448384,451386076
at_projections,"-14.-19.0.6",24631345152,588026280
at_projections,"-14.-20.-10.24",10947264512,331281408
at_projections,"-14.-20.-2.10",30104977408,451386076
at_projections,"-14.-20.-6.17",1368408064,180168928
at_projections,"-14.-20.2.3",13684080640,474182068
at_projections,"-14.-21.-4.14",17789304832,744830048
at_projections,"-14.-21.-8.21",5473632256,421407336
at_projections,"-14.-21.0.7",32841793536,321312512
at_projections,"-14.-21.4.0",5473632256,418124800
at_projections,"-14.-22.-10.25",5473632256,421407336
at_projections,"-14.-22.-2.11",23262937088,420986848
at_projections,"-14.-22.-6.18",5473632256,581459640
at_projections,"-14.-22.2.4",30104977408,451386076
at_projections,"-14.-22.6.-3",1368408064,173604180
at_projections,"-14.-23.-4.15",10947264512,742115896
at_projections,"-14.-23.-8.22",12315672576,511450336
at_projections,"-14.-23.0.8",21894529024,240817920
at_projections,"-14.-23.4.1",8210448384,451386076
at_projections,"-14.-24.-14.33",2736816128,277493454
at_projections,"-14.-24.-2.12",5473632256,160656256
at_projections,"-14.-24.-6.19",13684080640,1225997352
at_projections,"-14.-24.2.5",23262937088,420986848
at_projections,"-14.-24.6.-2",2736816128,277493454
at_projections,"-14.-25.-16.37",2736816128,204285852
at_projections,"-14.-25.-4.16",1368408064,180168928
at_projections,"-14.-25.-8.23",10947264512,1002866976
at_projections,"-14.-25.0.9",5473632256,160656256
at_projections,"-14.-25.4.2",17789304832,744830048
at_projections,"-14.-25.8.-5",2736816128,277493454
at_projections,"-14.-26.-18.41",10947264512,310278144
at_projections,"-14.-26.-6.20",16420896768,912741048
at_projections,"-14.-26.14.-15",10947264512,696917988
at_projections,"-14.-26.2.6",5473632256,160656256
at_projections,"-14.-26.6.-1",1368408064,180168928
at_projections,"-14.-27.-12.31",8210448384,622410652
at_projections,"-14.-27.-16.38",5473632256,408571704
at_projections,"-14.-27.-4.17",5473632256,421407336
at_projections,"-14.-27.-8.24",6842040320,624421088
at_projections,"-14.-27.12.-11",5473632256,421407336
at_projections,"-14.-27.16.-18",10947264512,331281408
at_projections,"-14.-27.4.3",10947264512,742115896
at_projections,"-14.-28.-10.28",1368408064,173604180
at_projections,"-14.-28.-14.35",10947264512,310278144
at_projections,"-14.-28.-6.21",6842040320,601576264
at_projections,"-14.-28.10.-7",6842040320,595011516
at_projections,"-14.-28.14.-14",10947264512,331281408
at_projections,"-14.-28.6.0",5473632256,581459640
at_projections,"-14.-29.-12.32",5473632256,408571704
at_projections,"-14.-29.-16.39",2736816128,204285852
at_projections,"-14.-29.-4.18",10947264512,331281408
at_projections,"-14.-29.-8.25",6842040320,668619852
at_projections,"-14.-29.12.-10",10947264512,331281408
at_projections,"-14.-29.16.-17",5473632256,421407336
at_projections,"-14.-29.4.4",1368408064,180168928
at_projections,"-14.-29.8.-3",5473632256,421407336
at_projections,"-14.-30.-10.29",13684080640,587771598
at_projections,"-14.-30.-2.15",5473632256,421407336
at_projections,"-14.-30.10.-6",10947264512,331281408
at_projections,"-14.-30.14.-13",5473632256,421407336
at_projections,"-14.-30.6.1",13684080640,1225997352
at_projections,"-14.-31.-12.33",2736816128,204285852
at_projections,"-14.-31.-4.19",8210448384,625693188
at_projections,"-14.-31.-8.26",8210448384,686065158
at_projections,"-14.-31.12.-9",5473632256,421407336
at_projections,"-14.-31.4.5",5473632256,421407336
at_projections,"-14.-31.8.-2",12315672576,511450336
at_projections,"-14.-32.-2.16",10947264512,331281408
at_projections,"-14.-32.-6.23",13684080640,587771598
at_projections,"-14.-32.10.-5",5473632256,421407336
at_projections,"-14.-32.2.9",5473632256,421407336
at_projections,"-14.-32.6.2",16420896768,912741048
at_projections,"-14.-33.-4.20",8210448384,686065158
at_projections,"-14.-33.-8.27",2736816128,204285852
at_projections,"-14.-33.0.13",13684080640,1047100524
at_projections,"-14.-33.4.6",10947264512,331281408
at_projections,"-14.-33.8.-1",10947264512,1002866976
at_projections,"-14.-34.-10.31",1368408064,173604180
at_projections,"-14.-34.-2.17",21894529024,1153092816
at_projections,"-14.-34.-6.24",1368408064,173604180
at_projections,"-14.-34.2.10",10947264512,331281408
at_projections,"-14.-34.6.3",6842040320,601576264
at_projections,"-14.-35.-12.35",4105224192,451097634
at_projections,"-14.-35.-4.21",9578856448,799297368
at_projections,"-14.-35.0.14",38315425792,1646380752
at_projections,"-14.-35.4.7",8210448384,625693188
at_projections,"-14.-35.8.0",6842040320,624421088
at_projections,"-14.-36.-10.32",4105224192,451097634
at_projections,"-14.-36.-14.39",2736816128,277493454
at_projections,"-14.-36.-2.18",17789304832,923010388
at_projections,"-14.-36.-6.25",8210448384,698900790
at_projections,"-14.-36.2.11",21894529024,1153092816
at_projections,"-14.-37.-12.36",2736816128,277493454
at_projections,"-14.-37.-4.22",13684080640,608774862
at_projections,"-14.-37.-8.29",13684080640,1117025590
at_projections,"-14.-37.0.15",16420896768,1394308884
at_projections,"-14.-37.4.8",8210448384,686065158
at_projections,"-14.-37.8.1",6842040320,668619852
at_projections,"-14.-38.-10.33",8210448384,698900790
at_projections,"-14.-38.-2.19",8210448384,698900790
at_projections,"-14.-38.-6.26",15052488704,782379042
at_projections,"-14.-38.10.-2",1368408064,173604180
at_projections,"-14.-38.14.-9",2736816128,277493454
at_projections,"-14.-38.2.12",17789304832,923010388
at_projections,"-14.-38.6.5",13684080640,587771598
at_projections,"-14.-39.-12.37",5473632256,421407336
at_projections,"-14.-39.-4.23",6842040320,595011516
at_projections,"-14.-39.-8.30",12315672576,504885588
at_projections,"-14.-39.0.16",5473632256,554986908
at_projections,"-14.-39.12.-5",8210448384,622410652
at_projections,"-14.-39.4.9",9578856448,799297368
at_projections,"-14.-39.8.2",8210448384,686065158
at_projections,"-14.-40.-10.34",10947264512,331281408
at_projections,"-14.-40.-14.41",5473632256,421407336
at_projections,"-14.-40.-6.27",6842040320,595011516
at_projections,"-14.-40.10.-1",13684080640,587771598
at_projections,"-14.-40.2.13",8210448384,698900790
at_projections,"-14.-40.6.6",1368408064,173604180
at_projections,"-14.-41.-12.38",10947264512,331281408
at_projections,"-14.-41.-16.45",5473632256,421407336
at_projections,"-14.-41.-4.24",5473632256,418124800
at_projections,"-14.-41.-8.31",5473632256,421407336
at_projections,"-14.-41.12.-4",5473632256,408571704
at_projections,"-14.-41.16.-11",2736816128,204285852
at_projections,"-14.-41.4.10",13684080640,608774862
at_projections,"-14.-41.8.3",2736816128,204285852
at_projections,"-14.-42.-10.35",5473632256,421407336
at_projections,"-14.-42.-14.42",10947264512,331281408
at_projections,"-14.-42.14.-7",10947264512,310278144
at_projections,"-14.-42.6.7",8210448384,698900790
at_projections,"-14.-43.-12.39",5473632256,421407336
at_projections,"-14.-43.-16.46",10947264512,331281408
at_projections,"-14.-43.12.-3",2736816128,204285852
at_projections,"-14.-43.16.-10",5473632256,408571704
at_projections,"-14.-43.4.11",6842040320,595011516
at_projections,"-14.-44.-14.43",10947264512,696917988
at_projections,"-14.-44.10.1",1368408064,173604180
at_projections,"-14.-44.18.-13",10947264512,310278144
at_projections,"-14.-44.6.8",15052488704,782379042
at_projections,"-14.-45.16.-9",2736816128,204285852
at_projections,"-14.-45.4.12",5473632256,418124800
at_projections,"-14.-45.8.5",13684080640,1117025590
at_projections,"-14.-46.10.2",4105224192,451097634
at_projections,"-14.-46.6.9",6842040320,595011516
at_projections,"-14.-47.12.-1",4105224192,451097634
at_projections,"-14.-47.8.6",12315672576,504885588
at_projections,"-14.-48.10.3",8210448384,698900790
at_projections,"-14.-49.12.0",2736816128,277493454
at_projections,"-14.-49.8.7",5473632256,421407336
at_projections,"-14.-50.10.4",10947264512,331281408
at_projections,"-14.-50.14.-3",2736816128,277493454
at_projections,"-14.-51.12.1",5473632256,421407336
at_projections,"-14.-52.10.5",5473632256,421407336
at_projections,"-14.-53.12.2",10947264512,331281408
at_projections,"-14.-54.14.-1",5473632256,421407336
at_projections,"-14.-55.12.3",5473632256,421407336
at_projections,"-14.-56.14.0",10947264512,331281408
at_projections,"-14.-57.16.-3",5473632256,421407336
at_projections,"-14.-58.14.1",10947264512,696917988
at_projections,"-14.-59.16.-2",10947264512,331281408
at_projections,"-15.-13.-15.29",8210448384,491908968
at_projections,"-15.-14.-17.33",8210448384,504728472
at_projections,"-15.-15.-15.30",13684080640,779532084
at_projections,"-15.-16.-13.27",5473632256,287623116
at_projections,"-15.-16.-17.34",2736816128,217105356
at_projections,"-15.-17.-15.31",5473632256,287623116
at_projections,"-15.-18.-13.28",10947264512,575246232
at_projections,"-15.-18.-17.35",2736816128,217105356
at_projections,"-15.-19.-11.25",5473632256,287623116
at_projections,"-15.-19.-3.11",1368408064,173604180
at_projections,"-15.-20.-1.8",19157712896,892306868
at_projections,"-15.-20.-13.29",5473632256,287623116
at_projections,"-15.-20.-17.36",2736816128,217105356
at_projections,"-15.-20.-5.15",2736816128,277493454
at_projections,"-15.-21.-11.26",10947264512,575246232
at_projections,"-15.-21.-3.12",10947264512,728879530
at_projections,"-15.-21.-7.19",1368408064,173604180
at_projections,"-15.-21.1.5",19157712896,892306868
at_projections,"-15.-22.-1.9",30104977408,451386076
at_projections,"-15.-22.-17.37",2736816128,217105356
at_projections,"-15.-22.-5.16",1368408064,180168928
at_projections,"-15.-22.-9.23",5473632256,287623116
at_projections,"-15.-22.3.2",1368408064,173604180
at_projections,"-15.-23.-11.27",5473632256,287623116
at_projections,"-15.-23.-3.13",17789304832,744830048
at_projections,"-15.-23.1.6",30104977408,451386076
at_projections,"-15.-24.-1.10",23262937088,420986848
at_projections,"-15.-24.-17.38",2736816128,217105356
at_projections,"-15.-24.-5.17",5473632256,581459640
at_projections,"-15.-24.-9.24",10947264512,575246232
at_projections,"-15.-24.3.3",10947264512,728879530
at_projections,"-15.-25.-3.14",10947264512,742115896
at_projections,"-15.-25.-7.21",6842040320,467792044
at_projections,"-15.-25.1.7",23262937088,420986848
at_projections,"-15.-25.5.0",2736816128,277493454
at_projections,"-15.-26.-1.11",5473632256,160656256
at_projections,"-15.-26.-17.39",2736816128,217105356
at_projections,"-15.-26.-5.18",8210448384,804590016
at_projections,"-15.-26.-9.25",5473632256,287623116
at_projections,"-15.-26.3.4",17789304832,744830048
at_projections,"-15.-27.-3.15",1368408064,180168928
at_projections,"-15.-27.-7.22",16420896768,1156705872
at_projections,"-15.-27.1.8",5473632256,160656256
at_projections,"-15.-27.5.1",1368408064,180168928
at_projections,"-15.-28.-13.33",1368408064,173604180
at_projections,"-15.-28.-17.40",8210448384,492616008
at_projections,"-15.-28.-5.19",10947264512,869082756
at_projections,"-15.-28.-9.26",1368408064,180168928
at_projections,"-15.-28.15.-16",8210448384,491908968
at_projections,"-15.-28.3.5",10947264512,742115896
at_projections,"-15.-28.7.-2",1368408064,173604180
at_projections,"-15.-29.-11.30",1368408064,173604180
at_projections,"-15.-29.-15.37",5473632256,275510652
at_projections,"-15.-29.-7.23",13684080640,1092213132
at_projections,"-15.-29.13.-12",5473632256,287623116
at_projections,"-15.-29.5.2",5473632256,581459640
at_projections,"-15.-30.-13.34",5473632256,275510652
at_projections,"-15.-30.-17.41",8210448384,492616008
at_projections,"-15.-30.-5.20",12315672576,755415160
at_projections,"-15.-30.-9.27",2736816128,290729820
at_projections,"-15.-30.11.-8",5473632256,287623116
at_projections,"-15.-30.15.-15",13684080640,779532084
at_projections,"-15.-30.3.6",1368408064,180168928
at_projections,"-15.-31.-11.31",8210448384,553004106
at_projections,"-15.-31.-15.38",5473632256,275510652
at_projections,"-15.-31.-3.17",5473632256,287623116
at_projections,"-15.-31.-7.24",5473632256,581459640
at_projections,"-15.-31.13.-11",10947264512,575246232
at_projections,"-15.-31.17.-18",8210448384,504728472
at_projections,"-15.-31.5.3",8210448384,804590016
at_projections,"-15.-31.9.-4",5473632256,287623116
at_projections,"-15.-32.-13.35",5473632256,275510652
at_projections,"-15.-32.-17.42",2736816128,217105356
at_projections,"-15.-32.-5.21",5473632256,287623116
at_projections,"-15.-32.-9.28",9578856448,733173034
at_projections,"-15.-32.11.-7",10947264512,575246232
at_projections,"-15.-32.15.-14",5473632256,287623116
at_projections,"-15.-32.7.0",6842040320,467792044
at_projections,"-15.-33.-11.32",5473632256,275510652
at_projections,"-15.-33.-3.18",10947264512,575246232
at_projections,"-15.-33.-7.25",9578856448,733173034
at_projections,"-15.-33.13.-10",5473632256,287623116
at_projections,"-15.-33.17.-17",2736816128,217105356
at_projections,"-15.-33.5.4",10947264512,869082756
at_projections,"-15.-33.9.-3",10947264512,575246232
at_projections,"-15.-34.-1.15",5473632256,287623116
at_projections,"-15.-34.-17.43",2736816128,217105356
at_projections,"-15.-34.-5.22",5473632256,275510652
at_projections,"-15.-34.-9.29",6842040320,449114832
at_projections,"-15.-34.11.-6",5473632256,287623116
at_projections,"-15.-34.3.8",5473632256,287623116
at_projections,"-15.-34.7.1",16420896768,1156705872
at_projections,"-15.-35.-3.19",10947264512,563133768
at_projections,"-15.-35.-7.26",6842040320,449114832
at_projections,"-15.-35.1.12",5473632256,287623116
at_projections,"-15.-35.17.-16",2736816128,217105356
at_projections,"-15.-35.5.5",12315672576,755415160
at_projections,"-15.-35.9.-2",5473632256,287623116
at_projections,"-15.-36.-1.16",24631345152,1349083668
at_projections,"-15.-36.-17.44",2736816128,217105356
at_projections,"-15.-36.-5.23",10947264512,693635452
at_projections,"-15.-36.3.9",10947264512,575246232
at_projections,"-15.-36.7.2",13684080640,1092213132
at_projections,"-15.-37.-11.34",2736816128,277493454
at_projections,"-15.-37.-3.20",12315672576,736737948
at_projections,"-15.-37.1.13",24631345152,1349083668
at_projections,"-15.-37.17.-15",2736816128,217105356
at_projections,"-15.-37.5.6",5473632256,287623116
at_projections,"-15.-37.9.-1",1368408064,180168928
at_projections,"-15.-38.-1.17",25999753216,1522687848
at_projections,"-15.-38.-13.38",2736816128,277493454
at_projections,"-15.-38.-17.45",2736816128,217105356
at_projections,"-15.-38.-5.24",5473632256,287623116
at_projections,"-15.-38.-9.31",4105224192,451097634
at_projections,"-15.-38.3.10",10947264512,563133768
at_projections,"-15.-38.7.3",5473632256,581459640
at_projections,"-15.-39.-11.35",4105224192,451097634
at_projections,"-15.-39.-3.21",16420896768,1130233140
at_projections,"-15.-39.-7.28",6842040320,461227296
at_projections,"-15.-39.1.14",25999753216,1522687848
at_projections,"-15.-39.17.-14",2736816128,217105356
at_projections,"-15.-39.5.7",5473632256,275510652
at_projections,"-15.-39.9.0",2736816128,290729820
at_projections,"-15.-40.-1.18",10947264512,842610024
at_projections,"-15.-40.-13.39",1368408064,173604180
at_projections,"-15.-40.-17.46",2736816128,217105356
at_projections,"-15.-40.-5.25",16420896768,993371032
at_projections,"-15.-40.-9.32",9578856448,738720750
at_projections,"-15.-40.11.-3",1368408064,173604180
at_projections,"-15.-40.3.11",12315672576,736737948
at_projections,"-15.-40.7.4",9578856448,733173034
at_projections,"-15.-41.-11.36",6842040320,461227296
at_projections,"-15.-41.-3.22",6842040320,461227296
at_projections,"-15.-41.-7.29",19157712896,1270864486
at_projections,"-15.-41.1.15",10947264512,842610024
at_projections,"-15.-41.13.-6",1368408064,173604180
at_projections,"-15.-41.17.-13",2736816128,217105356
at_projections,"-15.-41.5.8",10947264512,693635452
at_projections,"-15.-41.9.1",9578856448,733173034
at_projections,"-15.-42.-1.19",1368408064,173604180
at_projections,"-15.-42.-13.40",5473632256,287623116
at_projections,"-15.-42.-17.47",2736816128,217105356
at_projections,"-15.-42.-5.26",6842040320,461227296
at_projections,"-15.-42.-9.33",10947264512,575246232
at_projections,"-15.-42.11.-2",8210448384,553004106
at_projections,"-15.-42.3.12",16420896768,1130233140
at_projections,"-15.-42.7.5",6842040320,449114832
at_projections,"-15.-43.-11.37",10947264512,575246232
at_projections,"-15.-43.-15.44",5473632256,287623116
at_projections,"-15.-43.-3.23",1368408064,173604180
at_projections,"-15.-43.-7.30",5473632256,287623116
at_projections,"-15.-43.1.16",1368408064,173604180
at_projections,"-15.-43.13.-5",5473632256,275510652
at_projections,"-15.-43.17.-12",2736816128,217105356
at_projections,"-15.-43.5.9",5473632256,287623116
at_projections,"-15.-43.9.2",6842040320,449114832
at_projections,"-15.-44.-13.41",10947264512,575246232
at_projections,"-15.-44.-17.48",8210448384,504728472
at_projections,"-15.-44.-5.27",2736816128,277493454
at_projections,"-15.-44.-9.34",5473632256,287623116
at_projections,"-15.-44.11.-1",5473632256,275510652
at_projections,"-15.-44.15.-8",5473632256,275510652
at_projections,"-15.-44.3.13",6842040320,461227296
at_projections,"-15.-45.-11.38",5473632256,287623116
at_projections,"-15.-45.-15.45",13684080640,779532084
at_projections,"-15.-45.13.-4",5473632256,275510652
at_projections,"-15.-45.17.-11",8210448384,492616008
at_projections,"-15.-45.5.10",16420896768,993371032
at_projections,"-15.-46.-13.42",5473632256,287623116
at_projections,"-15.-46.15.-7",5473632256,275510652
at_projections,"-15.-46.3.14",1368408064,173604180
at_projections,"-15.-46.7.7",6842040320,461227296
at_projections,"-15.-47.-15.46",8210448384,491908968
at_projections,"-15.-47.17.-10",8210448384,492616008
at_projections,"-15.-47.5.11",6842040320,461227296
at_projections,"-15.-47.9.4",4105224192,451097634
at_projections,"-15.-48.11.1",2736816128,277493454
at_projections,"-15.-48.7.8",19157712896,1270864486
at_projections,"-15.-49.17.-9",2736816128,217105356
at_projections,"-15.-49.5.12",2736816128,277493454
at_projections,"-15.-49.9.5",9578856448,738720750
at_projections,"-15.-50.11.2",4105224192,451097634
at_projections,"-15.-50.7.9",5473632256,287623116
at_projections,"-15.-51.13.-1",2736816128,277493454
at_projections,"-15.-51.17.-8",2736816128,217105356
at_projections,"-15.-51.9.6",10947264512,575246232
at_projections,"-15.-52.11.3",6842040320,461227296
at_projections,"-15.-53.13.0",1368408064,173604180
at_projections,"-15.-53.17.-7",2736816128,217105356
at_projections,"-15.-53.9.7",5473632256,287623116
at_projections,"-15.-54.11.4",10947264512,575246232
at_projections,"-15.-55.13.1",5473632256,287623116
at_projections,"-15.-55.17.-6",2736816128,217105356
at_projections,"-15.-56.11.5",5473632256,287623116
at_projections,"-15.-57.13.2",10947264512,575246232
at_projections,"-15.-57.17.-5",2736816128,217105356
at_projections,"-15.-58.15.-1",5473632256,287623116
at_projections,"-15.-59.13.3",5473632256,287623116
at_projections,"-15.-59.17.-4",2736816128,217105356
at_projections,"-15.-60.15.0",13684080640,779532084
at_projections,"-15.-61.17.-3",8210448384,504728472
at_projections,"-15.-62.15.1",8210448384,491908968
at_projections,"-16.-16.-16.32",24631345152,1117203084
at_projections,"-16.-17.-14.29",2736816128,210703668
at_projections,"-16.-18.-16.33",8210448384,510411024
at_projections,"-16.-19.-14.30",10947264512,331281408
at_projections,"-16.-20.-12.27",2736816128,210703668
at_projections,"-16.-20.-16.34",5473632256,299707356
at_projections,"-16.-21.-14.31",2736816128,210703668
at_projections,"-16.-22.-12.28",10947264512,331281408
at_projections,"-16.-22.-16.35",5473632256,299707356
at_projections,"-16.-23.-10.25",2736816128,210703668
at_projections,"-16.-23.-2.11",10947264512,728879530
at_projections,"-16.-24.-12.29",2736816128,210703668
at_projections,"-16.-24.-16.36",5473632256,299707356
at_projections,"-16.-24.-4.15",2736816128,353773108
at_projections,"-16.-24.0.8",32841793536,1136446548
at_projections,"-16.-25.-10.26",10947264512,331281408
at_projections,"-16.-25.-2.12",17789304832,744830048
at_projections,"-16.-25.2.5",10947264512,728879530
at_projections,"-16.-26.-16.37",5473632256,299707356
at_projections,"-16.-26.-4.16",5473632256,581459640
at_projections,"-16.-26.-8.23",2736816128,210703668
at_projections,"-16.-26.0.9",24631345152,601155776
at_projections,"-16.-27.-10.27",2736816128,210703668
at_projections,"-16.-27.-2.13",10947264512,742115896
at_projections,"-16.-27.-6.20",1368408064,180168928
at_projections,"-16.-27.2.6",17789304832,744830048
at_projections,"-16.-28.-16.38",5473632256,299707356
at_projections,"-16.-28.-4.17",8210448384,804590016
at_projections,"-16.-28.-8.24",10947264512,331281408
at_projections,"-16.-28.0.10",5473632256,160656256
at_projections,"-16.-28.4.3",2736816128,353773108
at_projections,"-16.-29.-2.14",1368408064,180168928
at_projections,"-16.-29.-6.21",8210448384,792163308
at_projections,"-16.-29.2.7",10947264512,742115896
at_projections,"-16.-30.-16.39",5473632256,299707356
at_projections,"-16.-30.-4.18",5473632256,581459640
at_projections,"-16.-30.-8.25",4105224192,390872596
at_projections,"-16.-30.4.4",5473632256,581459640
at_projections,"-16.-31.-14.36",2736816128,204285852
at_projections,"-16.-31.-6.22",19157712896,1135871424
at_projections,"-16.-31.14.-13",2736816128,210703668
at_projections,"-16.-31.2.8",1368408064,180168928
at_projections,"-16.-32.-16.40",16420896768,609985500
at_projections,"-16.-32.-4.19",4105224192,390872596
at_projections,"-16.-32.-8.26",5473632256,581459640
at_projections,"-16.-32.12.-9",2736816128,210703668
at_projections,"-16.-32.16.-16",24631345152,1117203084
at_projections,"-16.-32.4.5",8210448384,804590016
at_projections,"-16.-33.-10.30",5473632256,481779306
at_projections,"-16.-33.-14.37",5473632256,408571704
at_projections,"-16.-33.-6.23",8210448384,792163308
at_projections,"-16.-33.10.-5",2736816128,210703668
at_projections,"-16.-33.14.-12",10947264512,331281408
at_projections,"-16.-33.6.2",1368408064,180168928
at_projections,"-16.-34.-12.34",10947264512,310278144
at_projections,"-16.-34.-16.41",5473632256,299707356
at_projections,"-16.-34.-4.20",10947264512,331281408
at_projections,"-16.-34.-8.27",6842040320,624421088
at_projections,"-16.-34.12.-8",10947264512,331281408
at_projections,"-16.-34.16.-15",8210448384,510411024
at_projections,"-16.-34.4.6",5473632256,581459640
at_projections,"-16.-34.8.-1",2736816128,210703668
at_projections,"-16.-35.-10.31",5473632256,408571704
at_projections,"-16.-35.-14.38",2736816128,204285852
at_projections,"-16.-35.-2.17",2736816128,210703668
at_projections,"-16.-35.-6.24",4105224192,384454780
at_projections,"-16.-35.10.-4",10947264512,331281408
at_projections,"-16.-35.14.-11",2736816128,210703668
at_projections,"-16.-35.6.3",8210448384,792163308
at_projections,"-16.-36.-16.42",5473632256,299707356
at_projections,"-16.-36.-4.21",2736816128,210703668
at_projections,"-16.-36.-8.28",19157712896,1019132764
at_projections,"-16.-36.12.-7",2736816128,210703668
at_projections,"-16.-36.16.-14",5473632256,299707356
at_projections,"-16.-36.4.7",4105224192,390872596
at_projections,"-16.-36.8.0",10947264512,331281408
at_projections,"-16.-37.-10.32",2736816128,204285852
at_projections,"-16.-37.-2.18",13684080640,535567260
at_projections,"-16.-37.-6.25",6842040320,582175884
at_projections,"-16.-37.10.-3",2736816128,210703668
at_projections,"-16.-37.2.11",2736816128,210703668
at_projections,"-16.-37.6.4",19157712896,1135871424
at_projections,"-16.-38.-16.43",5473632256,299707356
at_projections,"-16.-38.-4.22",12315672576,483882324
at_projections,"-16.-38.0.15",5473632256,421407336
at_projections,"-16.-38.16.-13",5473632256,299707356
at_projections,"-16.-38.4.8",10947264512,331281408
at_projections,"-16.-38.8.1",4105224192,390872596
at_projections,"-16.-39.-2.19",10947264512,829979040
at_projections,"-16.-39.-6.26",5473632256,481779306
at_projections,"-16.-39.2.12",13684080640,535567260
at_projections,"-16.-39.6.5",8210448384,792163308
at_projections,"-16.-40.-12.37",1368408064,173604180
at_projections,"-16.-40.-16.44",5473632256,299707356
at_projections,"-16.-40.-4.23",5473632256,488197122
at_projections,"-16.-40.0.16",43789058048,1548087192
at_projections,"-16.-40.16.-12",5473632256,299707356
at_projections,"-16.-40.4.9",2736816128,210703668
at_projections,"-16.-40.8.2",5473632256,581459640
at_projections,"-16.-41.-10.34",8210448384,695618254
at_projections,"-16.-41.-2.20",16420896768,813060714
at_projections,"-16.-41.-6.27",4105224192,384307848
at_projections,"-16.-41.2.13",10947264512,829979040
at_projections,"-16.-41.6.6",4105224192,384454780
at_projections,"-16.-42.-12.38",5473632256,418124800
at_projections,"-16.-42.-16.45",5473632256,299707356
at_projections,"-16.-42.-4.24",12315672576,504885588
at_projections,"-16.-42.-8.31",6842040320,661801302
at_projections,"-16.-42.0.17",10947264512,976394244
at_projections,"-16.-42.16.-11",5473632256,299707356
at_projections,"-16.-42.4.10",12315672576,483882324
at_projections,"-16.-42.8.3",6842040320,624421088
at_projections,"-16.-43.-10.35",4105224192,384307848
at_projections,"-16.-43.-2.21",9578856448,802432648
at_projections,"-16.-43.-6.28",15052488704,782379042
at_projections,"-16.-43.10.0",5473632256,481779306
at_projections,"-16.-43.2.14",16420896768,813060714
at_projections,"-16.-43.6.7",6842040320,582175884
at_projections,"-16.-44.-12.39",2736816128,210703668
at_projections,"-16.-44.-16.46",5473632256,299707356
at_projections,"-16.-44.-4.25",5473632256,488197122
at_projections,"-16.-44.-8.32",15052488704,782379042
at_projections,"-16.-44.0.18",2736816128,347208360
at_projections,"-16.-44.16.-10",5473632256,299707356
at_projections,"-16.-44.4.11",5473632256,488197122
at_projections,"-16.-44.8.4",19157712896,1019132764
at_projections,"-16.-45.-10.36",10947264512,331281408
at_projections,"-16.-45.-14.43",2736816128,210703668
at_projections,"-16.-45.-6.29",5473632256,488197122
at_projections,"-16.-45.10.1",5473632256,408571704
at_projections,"-16.-45.14.-6",2736816128,204285852
at_projections,"-16.-45.2.15",9578856448,802432648
at_projections,"-16.-45.6.8",5473632256,481779306
at_projections,"-16.-46.-12.40",10947264512,331281408
at_projections,"-16.-46.-16.47",8210448384,510411024
at_projections,"-16.-46.-4.26",2736816128,277493454
at_projections,"-16.-46.-8.33",2736816128,210703668
at_projections,"-16.-46.12.-2",10947264512,310278144
at_projections,"-16.-46.16.-9",5473632256,299707356
at_projections,"-16.-46.4.12",12315672576,504885588
at_projections,"-16.-47.-10.37",2736816128,210703668
at_projections,"-16.-47.-14.44",10947264512,331281408
at_projections,"-16.-47.10.2",2736816128,204285852
at_projections,"-16.-47.14.-5",5473632256,408571704
at_projections,"-16.-47.6.9",4105224192,384307848
at_projections,"-16.-48.-12.41",2736816128,210703668
at_projections,"-16.-48.-16.48",24631345152,1117203084
at_projections,"-16.-48.16.-8",16420896768,609985500
at_projections,"-16.-48.4.13",5473632256,488197122
at_projections,"-16.-49.-14.45",2736816128,210703668
at_projections,"-16.-49.14.-4",2736816128,204285852
at_projections,"-16.-49.6.10",15052488704,782379042
at_projections,"-16.-50.16.-7",5473632256,299707356
at_projections,"-16.-50.4.14",2736816128,277493454
at_projections,"-16.-50.8.7",6842040320,661801302
at_projections,"-16.-51.10.4",8210448384,695618254
at_projections,"-16.-51.6.11",5473632256,488197122
at_projections,"-16.-52.12.1",1368408064,173604180
at_projections,"-16.-52.16.-6",5473632256,299707356
at_projections,"-16.-52.8.8",15052488704,782379042
at_projections,"-16.-53.10.5",4105224192,384307848
at_projections,"-16.-54.12.2",5473632256,418124800
at_projections,"-16.-54.16.-5",5473632256,299707356
at_projections,"-16.-54.8.9",2736816128,210703668
at_projections,"-16.-55.10.6",10947264512,331281408
at_projections,"-16.-56.12.3",2736816128,210703668
at_projections,"-16.-56.16.-4",5473632256,299707356
at_projections,"-16.-57.10.7",2736816128,210703668
at_projections,"-16.-58.12.4",10947264512,331281408
at_projections,"-16.-58.16.-3",5473632256,299707356
at_projections,"-16.-59.14.1",2736816128,210703668
at_projections,"-16.-60.12.5",2736816128,210703668
at_projections,"-16.-60.16.-2",5473632256,299707356
at_projections,"-16.-61.14.2",10947264512,331281408
at_projections,"-16.-62.16.-1",8210448384,510411024
at_projections,"-16.-63.14.3",2736816128,210703668
at_projections,"-16.-64.16.0",24631345152,1117203084
at_projections,"-17.-20.-15.32",8210448384,504728472
at_projections,"-17.-22.-15.33",2736816128,217105356
at_projections,"-17.-23.-13.30",5473632256,287623116
at_projections,"-17.-24.-15.34",2736816128,217105356
at_projections,"-17.-26.-11.28",5473632256,287623116
at_projections,"-17.-26.-15.35",2736816128,217105356
at_projections,"-17.-26.-3.14",1368408064,180168928
at_projections,"-17.-27.-1.11",19157712896,918434228
at_projections,"-17.-28.-15.36",2736816128,217105356
at_projections,"-17.-28.-3.15",5473632256,581459640
at_projections,"-17.-28.1.8",19157712896,918434228
at_projections,"-17.-29.-1.12",10947264512,742115896
at_projections,"-17.-29.-5.19",1368408064,180168928
at_projections,"-17.-29.-9.26",5473632256,287623116
at_projections,"-17.-29.3.5",1368408064,180168928
at_projections,"-17.-30.-15.37",2736816128,217105356
at_projections,"-17.-30.-3.16",8210448384,804590016
at_projections,"-17.-30.1.9",10947264512,742115896
at_projections,"-17.-31.-1.13",1368408064,180168928
at_projections,"-17.-31.-5.20",5473632256,581459640
at_projections,"-17.-31.3.6",5473632256,581459640
at_projections,"-17.-32.-15.38",2736816128,217105356
at_projections,"-17.-32.-3.17",5473632256,581459640
at_projections,"-17.-32.-7.24",6842040320,467792044
at_projections,"-17.-32.1.10",1368408064,180168928
at_projections,"-17.-33.-5.21",8210448384,804590016
at_projections,"-17.-33.3.7",8210448384,804590016
at_projections,"-17.-34.-15.39",8210448384,492616008
at_projections,"-17.-34.-3.18",1368408064,180168928
at_projections,"-17.-34.-7.25",5473632256,581459640
at_projections,"-17.-34.5.4",1368408064,180168928
at_projections,"-17.-35.-13.36",5473632256,275510652
at_projections,"-17.-35.-5.22",10947264512,869082756
at_projections,"-17.-35.-9.29",1368408064,180168928
at_projections,"-17.-35.15.-13",8210448384,504728472
at_projections,"-17.-35.3.8",5473632256,581459640
at_projections,"-17.-36.-11.33",5473632256,275510652
at_projections,"-17.-36.-15.40",8210448384,492616008
at_projections,"-17.-36.-7.26",8210448384,804590016
at_projections,"-17.-36.13.-9",5473632256,287623116
at_projections,"-17.-36.5.5",5473632256,581459640
at_projections,"-17.-37.-13.37",5473632256,275510652
at_projections,"-17.-37.-5.23",1368408064,180168928
at_projections,"-17.-37.-9.30",9578856448,739844652
at_projections,"-17.-37.11.-5",5473632256,287623116
at_projections,"-17.-37.15.-12",2736816128,217105356
at_projections,"-17.-37.3.9",1368408064,180168928
at_projections,"-17.-38.-11.34",5473632256,275510652
at_projections,"-17.-38.-15.41",2736816128,217105356
at_projections,"-17.-38.-3.20",5473632256,287623116
at_projections,"-17.-38.-7.27",12315672576,1030574472
at_projections,"-17.-38.5.6",8210448384,804590016
at_projections,"-17.-38.9.-1",5473632256,287623116
at_projections,"-17.-39.-5.24",5473632256,275510652
at_projections,"-17.-39.-9.31",6842040320,455679580
at_projections,"-17.-39.15.-11",2736816128,217105356
at_projections,"-17.-39.7.3",6842040320,467792044
at_projections,"-17.-40.-15.42",2736816128,217105356
at_projections,"-17.-40.-3.21",5473632256,275510652
at_projections,"-17.-40.-7.28",9578856448,733173034
at_projections,"-17.-40.5.7",10947264512,869082756
at_projections,"-17.-41.-1.18",13684080640,773837436
at_projections,"-17.-41.-5.25",8210448384,553004106
at_projections,"-17.-41.15.-10",2736816128,217105356
at_projections,"-17.-41.3.11",5473632256,287623116
at_projections,"-17.-41.7.4",5473632256,581459640
at_projections,"-17.-42.-15.43",2736816128,217105356
at_projections,"-17.-42.-3.22",8210448384,553004106
at_projections,"-17.-42.1.15",13684080640,773837436
at_projections,"-17.-42.5.8",1368408064,180168928
at_projections,"-17.-43.-1.19",13684080640,773837436
at_projections,"-17.-43.-13.40",1368408064,173604180
at_projections,"-17.-43.-5.26",1368408064,173604180
at_projections,"-17.-43.-9.33",1368408064,173604180
at_projections,"-17.-43.15.-9",2736816128,217105356
at_projections,"-17.-43.3.12",5473632256,275510652
at_projections,"-17.-43.7.5",8210448384,804590016
at_projections,"-17.-44.-11.37",4105224192,451097634
at_projections,"-17.-44.-15.44",2736816128,217105356
at_projections,"-17.-44.-3.23",8210448384,634831476
at_projections,"-17.-44.-7.30",2736816128,277493454
at_projections,"-17.-44.1.16",13684080640,773837436
at_projections,"-17.-44.5.9",5473632256,275510652
at_projections,"-17.-44.9.2",1368408064,180168928
at_projections,"-17.-45.-1.20",6842040320,591728980
at_projections,"-17.-45.-5.27",8210448384,565116570
at_projections,"-17.-45.-9.34",8210448384,695618254
at_projections,"-17.-45.15.-8",2736816128,217105356
at_projections,"-17.-45.3.13",8210448384,553004106
at_projections,"-17.-45.7.6",12315672576,1030574472
at_projections,"-17.-46.-11.38",2736816128,277493454
at_projections,"-17.-46.-15.45",2736816128,217105356
at_projections,"-17.-46.-3.24",2736816128,277493454
at_projections,"-17.-46.-7.31",9578856448,738720750
at_projections,"-17.-46.1.17",6842040320,591728980
at_projections,"-17.-46.5.10",8210448384,553004106
at_projections,"-17.-46.9.3",9578856448,739844652
at_projections,"-17.-47.-1.21",2736816128,277493454
at_projections,"-17.-47.-5.28",4105224192,451097634
at_projections,"-17.-47.-9.35",5473632256,287623116
at_projections,"-17.-47.11.0",5473632256,275510652
at_projections,"-17.-47.15.-7",2736816128,217105356
at_projections,"-17.-47.3.14",8210448384,634831476
at_projections,"-17.-47.7.7",9578856448,733173034
at_projections,"-17.-48.-11.39",5473632256,287623116
at_projections,"-17.-48.-15.46",2736816128,217105356
at_projections,"-17.-48.-7.32",1368408064,173604180
at_projections,"-17.-48.1.18",2736816128,277493454
at_projections,"-17.-48.13.-3",5473632256,275510652
at_projections,"-17.-48.5.11",1368408064,173604180
at_projections,"-17.-48.9.4",6842040320,455679580
at_projections,"-17.-49.-13.43",5473632256,287623116
at_projections,"-17.-49.-5.29",1368408064,173604180
at_projections,"-17.-49.11.1",5473632256,275510652
at_projections,"-17.-49.15.-6",8210448384,492616008
at_projections,"-17.-49.3.15",2736816128,277493454
at_projections,"-17.-50.-15.47",8210448384,504728472
at_projections,"-17.-50.13.-2",5473632256,275510652
at_projections,"-17.-50.5.12",8210448384,565116570
at_projections,"-17.-51.15.-5",8210448384,492616008
at_projections,"-17.-51.7.9",2736816128,277493454
at_projections,"-17.-52.5.13",4105224192,451097634
at_projections,"-17.-52.9.6",1368408064,173604180
at_projections,"-17.-53.15.-4",2736816128,217105356
at_projections,"-17.-53.7.10",9578856448,738720750
at_projections,"-17.-54.5.14",1368408064,173604180
at_projections,"-17.-54.9.7",8210448384,695618254
at_projections,"-17.-55.11.4",4105224192,451097634
at_projections,"-17.-55.15.-3",2736816128,217105356
at_projections,"-17.-55.7.11",1368408064,173604180
at_projections,"-17.-56.13.1",1368408064,173604180
at_projections,"-17.-56.9.8",5473632256,287623116
at_projections,"-17.-57.11.5",2736816128,277493454
at_projections,"-17.-57.15.-2",2736816128,217105356
at_projections,"-17.-59.11.6",5473632256,287623116
at_projections,"-17.-59.15.-1",2736816128,217105356
at_projections,"-17.-61.15.0",2736816128,217105356
at_projections,"-17.-62.13.4",5473632256,287623116
at_projections,"-17.-63.15.1",2736816128,217105356
at_projections,"-17.-65.15.2",8210448384,504728472
at_projections,"-18.-30.-2.14",2736816128,290729820
at_projections,"-18.-31.-4.18",1368408064,180168928
at_projections,"-18.-31.0.11",10947264512,742115896
at_projections,"-18.-32.-2.15",6842040320,624421088
at_projections,"-18.-32.2.8",2736816128,290729820
at_projections,"-18.-33.-4.19",5473632256,581459640
at_projections,"-18.-33.0.12",2736816128,360337856
at_projections,"-18.-34.-2.16",5473632256,581459640
at_projections,"-18.-34.-6.23",1368408064,180168928
at_projections,"-18.-34.2.9",6842040320,624421088
at_projections,"-18.-35.-4.20",8210448384,804590016
at_projections,"-18.-35.4.6",1368408064,180168928
at_projections,"-18.-36.-2.17",1368408064,180168928
at_projections,"-18.-36.-6.24",5473632256,581459640
at_projections,"-18.-36.2.10",5473632256,581459640
at_projections,"-18.-37.-12.35",2736816128,204285852
at_projections,"-18.-37.-4.21",5473632256,581459640
at_projections,"-18.-37.-8.28",1368408064,180168928
at_projections,"-18.-37.4.7",5473632256,581459640
at_projections,"-18.-38.-14.39",10947264512,310278144
at_projections,"-18.-38.-6.25",8210448384,804590016
at_projections,"-18.-38.2.11",1368408064,180168928
at_projections,"-18.-39.-12.36",5473632256,408571704
at_projections,"-18.-39.-4.22",1368408064,180168928
at_projections,"-18.-39.-8.29",8210448384,785745492
at_projections,"-18.-39.4.8",8210448384,804590016
at_projections,"-18.-40.-10.33",10947264512,310278144
at_projections,"-18.-40.-6.26",5473632256,581459640
at_projections,"-18.-40.6.5",1368408064,180168928
at_projections,"-18.-41.-12.37",2736816128,204285852
at_projections,"-18.-41.-4.23",2736816128,204285852
at_projections,"-18.-41.-8.30",12315672576,1032992792
at_projections,"-18.-41.4.9",5473632256,581459640
at_projections,"-18.-42.-6.27",15052488704,767940526
at_projections,"-18.-42.6.6",5473632256,581459640
at_projections,"-18.-43.-4.24",5473632256,408571704
at_projections,"-18.-43.-8.31",5473632256,495015672
at_projections,"-18.-43.0.17",2736816128,204285852
at_projections,"-18.-43.4.10",1368408064,180168928
at_projections,"-18.-44.-2.21",10947264512,310278144
at_projections,"-18.-44.6.7",8210448384,804590016
at_projections,"-18.-45.-4.25",8210448384,622410652
at_projections,"-18.-45.0.18",16420896768,983817936
at_projections,"-18.-45.4.11",2736816128,204285852
at_projections,"-18.-45.8.4",1368408064,180168928
at_projections,"-18.-46.-10.36",4105224192,451097634
at_projections,"-18.-46.-2.22",1368408064,173604180
at_projections,"-18.-46.2.15",10947264512,310278144
at_projections,"-18.-46.6.8",5473632256,581459640
at_projections,"-18.-47.-12.40",2736816128,277493454
at_projections,"-18.-47.-4.26",2736816128,277493454
at_projections,"-18.-47.-8.33",4105224192,451097634
at_projections,"-18.-47.0.19",5473632256,551494212
at_projections,"-18.-47.4.12",5473632256,408571704
at_projections,"-18.-47.8.5",8210448384,785745492
at_projections,"-18.-48.-10.37",4105224192,451097634
at_projections,"-18.-48.-2.23",5473632256,554986908
at_projections,"-18.-48.-6.30",5473632256,418124800
at_projections,"-18.-48.2.16",1368408064,173604180
at_projections,"-18.-48.6.9",15052488704,767940526
at_projections,"-18.-49.-4.27",1368408064,173604180
at_projections,"-18.-49.-8.34",4105224192,451097634
at_projections,"-18.-49.0.20",5473632256,554986908
at_projections,"-18.-49.12.-1",2736816128,204285852
at_projections,"-18.-49.4.13",8210448384,622410652
at_projections,"-18.-49.8.6",12315672576,1032992792
at_projections,"-18.-50.-2.24",1368408064,173604180
at_projections,"-18.-50.-6.31",5473632256,418124800
at_projections,"-18.-50.10.3",10947264512,310278144
at_projections,"-18.-50.2.17",5473632256,554986908
at_projections,"-18.-51.12.0",5473632256,408571704
at_projections,"-18.-51.4.14",2736816128,277493454
at_projections,"-18.-51.8.7",5473632256,495015672
at_projections,"-18.-52.14.-3",10947264512,310278144
at_projections,"-18.-52.2.18",1368408064,173604180
at_projections,"-18.-53.12.1",2736816128,204285852
at_projections,"-18.-53.4.15",1368408064,173604180
at_projections,"-18.-54.6.12",5473632256,418124800
at_projections,"-18.-55.8.9",4105224192,451097634
at_projections,"-18.-56.10.6",4105224192,451097634
at_projections,"-18.-56.6.13",5473632256,418124800
at_projections,"-18.-57.8.10",4105224192,451097634
at_projections,"-18.-58.10.7",4105224192,451097634
at_projections,"-18.-59.12.4",2736816128,277493454
at_projections,"-19.-34.-1.14",1368408064,180168928
at_projections,"-19.-35.-3.18",2736816128,290729820
at_projections,"-19.-35.1.11",1368408064,180168928
at_projections,"-19.-36.-1.15",2736816128,290729820
at_projections,"-19.-36.-5.22",1368408064,180168928
at_projections,"-19.-37.-3.19",6842040320,624421088
at_projections,"-19.-37.1.12",2736816128,290729820
at_projections,"-19.-38.-1.16",1368408064,180168928
at_projections,"-19.-38.-5.23",5473632256,581459640
at_projections,"-19.-38.3.9",2736816128,290729820
at_projections,"-19.-39.-3.20",5473632256,581459640
at_projections,"-19.-39.-7.27",1368408064,180168928
at_projections,"-19.-39.1.13",1368408064,180168928
at_projections,"-19.-40.-13.38",5473632256,275510652
at_projections,"-19.-40.-5.24",8210448384,804590016
at_projections,"-19.-40.3.10",6842040320,624421088
at_projections,"-19.-41.-11.35",5473632256,275510652
at_projections,"-19.-41.-3.21",1368408064,180168928
at_projections,"-19.-41.-7.28",5473632256,581459640
at_projections,"-19.-41.5.7",1368408064,180168928
at_projections,"-19.-42.-13.39",5473632256,275510652
at_projections,"-19.-42.-5.25",5473632256,581459640
at_projections,"-19.-42.-9.32",6842040320,455679580
at_projections,"-19.-42.3.11",5473632256,581459640
at_projections,"-19.-43.-11.36",5473632256,275510652
at_projections,"-19.-43.-7.29",13684080640,1080100668
at_projections,"-19.-43.5.8",5473632256,581459640
at_projections,"-19.-44.-5.26",6842040320,455679580
at_projections,"-19.-44.-9.33",8210448384,566240472
at_projections,"-19.-44.3.12",1368408064,180168928
at_projections,"-19.-45.-3.23",5473632256,275510652
at_projections,"-19.-45.-7.30",10947264512,856970292
at_projections,"-19.-45.5.9",8210448384,804590016
at_projections,"-19.-46.-1.20",8210448384,486214320
at_projections,"-19.-46.-5.27",6842040320,449114832
at_projections,"-19.-46.-9.34",1368408064,180168928
at_projections,"-19.-46.7.6",1368408064,180168928
at_projections,"-19.-47.-3.24",6842040320,449114832
at_projections,"-19.-47.-7.31",1368408064,180168928
at_projections,"-19.-47.1.17",8210448384,486214320
at_projections,"-19.-47.5.10",5473632256,581459640
at_projections,"-19.-48.-1.21",8210448384,486214320
at_projections,"-19.-48.3.14",5473632256,275510652
at_projections,"-19.-48.7.7",5473632256,581459640
at_projections,"-19.-49.-11.39",4105224192,451097634
at_projections,"-19.-49.-3.25",2736816128,277493454
at_projections,"-19.-49.-7.32",1368408064,173604180
at_projections,"-19.-49.1.18",8210448384,486214320
at_projections,"-19.-49.5.11",6842040320,455679580
at_projections,"-19.-50.-1.22",5473632256,554986908
at_projections,"-19.-50.-5.29",1368408064,173604180
at_projections,"-19.-50.-9.36",8210448384,695618254
at_projections,"-19.-50.3.15",6842040320,449114832
at_projections,"-19.-50.7.8",13684080640,1080100668
at_projections,"-19.-51.-11.40",1368408064,173604180
at_projections,"-19.-51.-3.26",5473632256,418124800
at_projections,"-19.-51.-7.33",4105224192,451097634
at_projections,"-19.-51.1.19",5473632256,554986908
at_projections,"-19.-51.5.12",6842040320,449114832
at_projections,"-19.-51.9.5",6842040320,455679580
at_projections,"-19.-52.-1.23",2736816128,347208360
at_projections,"-19.-52.-5.30",4105224192,451097634
at_projections,"-19.-52.-9.37",1368408064,173604180
at_projections,"-19.-52.11.2",5473632256,275510652
at_projections,"-19.-52.3.16",2736816128,277493454
at_projections,"-19.-52.7.9",10947264512,856970292
at_projections,"-19.-53.-7.34",2736816128,277493454
at_projections,"-19.-53.1.20",2736816128,347208360
at_projections,"-19.-53.13.-1",5473632256,275510652
at_projections,"-19.-53.9.6",8210448384,566240472
at_projections,"-19.-54.11.3",5473632256,275510652
at_projections,"-19.-54.3.17",5473632256,418124800
at_projections,"-19.-54.7.10",1368408064,180168928
at_projections,"-19.-55.13.0",5473632256,275510652
at_projections,"-19.-55.5.14",1368408064,173604180
at_projections,"-19.-55.9.7",1368408064,180168928
at_projections,"-19.-56.7.11",1368408064,173604180
at_projections,"-19.-57.5.15",4105224192,451097634
at_projections,"-19.-58.7.12",4105224192,451097634
at_projections,"-19.-59.9.9",8210448384,695618254
at_projections,"-19.-60.11.6",4105224192,451097634
at_projections,"-19.-60.7.13",2736816128,277493454
at_projections,"-19.-61.9.10",1368408064,173604180
at_projections,"-19.-62.11.7",1368408064,173604180
at_projections,"-2.-1.-12.21",10947264512,642435562
at_projections,"-2.-1.-16.28",6842040320,624421088
at_projections,"-2.-1.-4.7",43789058048,1300778808
at_projections,"-2.-1.-8.14",27368161280,649389624
at_projections,"-2.-1.0.0",60209954816,3280292904
at_projections,"-2.-1.12.-21",5473632256,421407336
at_projections,"-2.-1.4.-7",21894529024,1664147062
at_projections,"-2.-1.8.-14",10947264512,331281408
at_projections,"-2.-10.-10.22",10947264512,331281408
at_projections,"-2.-10.-14.29",5473632256,421407336
at_projections,"-2.-10.-2.8",10947264512,1082083470
at_projections,"-2.-10.-6.15",5473632256,421407336
at_projections,"-2.-10.10.-13",32841793536,551096064
at_projections,"-2.-10.14.-20",27368161280,160656256
at_projections,"-2.-10.2.1",10947264512,1002866976
at_projections,"-2.-10.6.-6",6842040320,334260436
at_projections,"-2.-11.-12.26",10947264512,331281408
at_projections,"-2.-11.-16.33",5473632256,421407336
at_projections,"-2.-11.-4.12",5473632256,581459640
at_projections,"-2.-11.-8.19",5473632256,421407336
at_projections,"-2.-11.0.5",43789058048,3737694392
at_projections,"-2.-11.12.-16",28736569344,822993804
at_projections,"-2.-11.16.-23",8210448384,364942108
at_projections,"-2.-11.20.-30",1368408064,180168928
at_projections,"-2.-11.4.-2",12315672576,504885588
at_projections,"-2.-11.8.-9",9578856448,538546288
at_projections,"-2.-12.-10.23",5473632256,421407336
at_projections,"-2.-12.-14.30",10947264512,331281408
at_projections,"-2.-12.-2.9",12315672576,1173188620
at_projections,"-2.-12.-6.16",1368408064,180168928
at_projections,"-2.-12.10.-12",8210448384,438149710
at_projections,"-2.-12.14.-19",34210201600,724700244
at_projections,"-2.-12.18.-26",2736816128,290729820
at_projections,"-2.-12.2.2",10947264512,1082083470
at_projections,"-2.-12.6.-5",9578856448,872504970
at_projections,"-2.-13.-12.27",5473632256,421407336
at_projections,"-2.-13.-16.34",10947264512,331281408
at_projections,"-2.-13.-4.13",8210448384,804590016
at_projections,"-2.-13.0.6",35578609664,2952472632
at_projections,"-2.-13.12.-15",10947264512,642435562
at_projections,"-2.-13.16.-22",17789304832,709149592
at_projections,"-2.-13.20.-29",5473632256,495015672
at_projections,"-2.-13.4.-1",9578856448,879069718
at_projections,"-2.-13.8.-8",8210448384,695618254
at_projections,"-2.-14.-14.31",5473632256,421407336
at_projections,"-2.-14.-2.10",1368408064,180168928
at_projections,"-2.-14.-6.17",5473632256,581459640
at_projections,"-2.-14.10.-11",4105224192,451097634
at_projections,"-2.-14.14.-18",8210448384,438149710
at_projections,"-2.-14.18.-25",17789304832,934699232
at_projections,"-2.-14.2.3",12315672576,1173188620
at_projections,"-2.-14.6.-4",13684080640,608774862
at_projections,"-2.-15.-4.14",5473632256,581459640
at_projections,"-2.-15.-8.21",1368408064,180168928
at_projections,"-2.-15.0.7",30104977408,2388158916
at_projections,"-2.-15.12.-14",4105224192,451097634
at_projections,"-2.-15.16.-21",16420896768,1223895202
at_projections,"-2.-15.20.-28",6842040320,588740632
at_projections,"-2.-15.24.-35",2736816128,204285852
at_projections,"-2.-15.4.0",5473632256,581459640
at_projections,"-2.-15.8.-7",5473632256,421407336
at_projections,"-2.-16.-6.18",8210448384,804590016
at_projections,"-2.-16.10.-10",1368408064,173604180
at_projections,"-2.-16.14.-17",1368408064,180168928
at_projections,"-2.-16.18.-24",5473632256,581459640
at_projections,"-2.-16.2.4",1368408064,180168928
at_projections,"-2.-16.22.-31",10947264512,310278144
at_projections,"-2.-16.6.-3",5473632256,421407336
at_projections,"-2.-17.-4.15",1368408064,180168928
at_projections,"-2.-17.-8.22",5473632256,581459640
at_projections,"-2.-17.0.8",27368161280,2171053560
at_projections,"-2.-17.12.-13",1368408064,173604180
at_projections,"-2.-17.16.-20",6842040320,624421088
at_projections,"-2.-17.20.-27",2736816128,204285852
at_projections,"-2.-17.24.-34",5473632256,408571704
at_projections,"-2.-17.28.-41",2736816128,204285852
at_projections,"-2.-17.4.1",8210448384,804590016
at_projections,"-2.-17.8.-6",10947264512,331281408
at_projections,"-2.-18.-6.19",5473632256,581459640
at_projections,"-2.-18.10.-9",5473632256,421407336
at_projections,"-2.-18.14.-16",8210448384,708854620
at_projections,"-2.-18.18.-23",1368408064,180168928
at_projections,"-2.-18.26.-37",10947264512,310278144
at_projections,"-2.-18.6.-2",1368408064,180168928
at_projections,"-2.-19.-8.23",6842040320,624421088
at_projections,"-2.-19.0.9",24631345152,1953948204
at_projections,"-2.-19.16.-19",4105224192,464334000
at_projections,"-2.-19.24.-33",2736816128,204285852
at_projections,"-2.-19.28.-40",5473632256,408571704
at_projections,"-2.-19.4.2",5473632256,581459640
at_projections,"-2.-19.8.-5",5473632256,421407336
at_projections,"-2.-2.-10.18",8210448384,438149710
at_projections,"-2.-2.-14.25",1368408064,180168928
at_projections,"-2.-2.-18.32",1368408064,173604180
at_projections,"-2.-2.-2.4",53367914496,1630788116
at_projections,"-2.-2.-6.11",32841793536,551096064
at_projections,"-2.-2.10.-17",5473632256,421407336
at_projections,"-2.-2.2.-3",34210201600,1417289076
at_projections,"-2.-2.6.-10",17789304832,672106592
at_projections,"-2.-20.-2.13",5473632256,275510652
at_projections,"-2.-20.-6.20",1368408064,180168928
at_projections,"-2.-20.10.-8",10947264512,331281408
at_projections,"-2.-20.14.-15",1368408064,180168928
at_projections,"-2.-20.18.-22",1368408064,173604180
at_projections,"-2.-20.30.-43",10947264512,310278144
at_projections,"-2.-20.6.-1",5473632256,581459640
at_projections,"-2.-21.-4.17",2736816128,277493454
at_projections,"-2.-21.-8.24",2736816128,290729820
at_projections,"-2.-21.0.10",21894529024,1736842848
at_projections,"-2.-21.12.-11",5473632256,421407336
at_projections,"-2.-21.16.-18",2736816128,277493454
at_projections,"-2.-21.28.-39",2736816128,204285852
at_projections,"-2.-21.4.3",1368408064,180168928
at_projections,"-2.-22.10.-7",5473632256,421407336
at_projections,"-2.-22.18.-21",2736816128,277493454
at_projections,"-2.-22.2.7",5473632256,275510652
at_projections,"-2.-22.6.0",8210448384,804590016
at_projections,"-2.-23.0.11",19157712896,1519737492
at_projections,"-2.-23.12.-10",10947264512,331281408
at_projections,"-2.-23.20.-24",2736816128,277493454
at_projections,"-2.-23.8.-3",1368408064,180168928
at_projections,"-2.-24.-2.15",6842040320,591728980
at_projections,"-2.-24.-6.22",2736816128,277493454
at_projections,"-2.-24.14.-13",5473632256,421407336
at_projections,"-2.-24.6.1",5473632256,581459640
at_projections,"-2.-25.-4.19",2736816128,277493454
at_projections,"-2.-25.0.12",19157712896,1649840496
at_projections,"-2.-25.12.-9",5473632256,421407336
at_projections,"-2.-25.4.5",2736816128,277493454
at_projections,"-2.-25.8.-2",5473632256,581459640
at_projections,"-2.-26.-2.16",2736816128,277493454
at_projections,"-2.-26.14.-12",10947264512,331281408
at_projections,"-2.-26.2.9",6842040320,591728980
at_projections,"-2.-26.6.2",1368408064,180168928
at_projections,"-2.-27.-4.20",1368408064,173604180
at_projections,"-2.-27.0.13",19157712896,1640513688
at_projections,"-2.-27.16.-15",5473632256,421407336
at_projections,"-2.-27.8.-1",6842040320,624421088
at_projections,"-2.-28.14.-11",5473632256,421407336
at_projections,"-2.-28.2.10",2736816128,277493454
at_projections,"-2.-29.0.14",10947264512,868421424
at_projections,"-2.-29.16.-14",10947264512,331281408
at_projections,"-2.-29.4.7",2736816128,277493454
at_projections,"-2.-29.8.0",2736816128,290729820
at_projections,"-2.-3.-12.22",4105224192,451097634
at_projections,"-2.-3.-16.29",4105224192,464334000
at_projections,"-2.-3.-20.36",2736816128,277493454
at_projections,"-2.-3.-4.8",30104977408,926883078
at_projections,"-2.-3.-8.15",9578856448,538546288
at_projections,"-2.-3.0.1",90314932224,4985331232
at_projections,"-2.-3.4.-6",39683833856,1327163148
at_projections,"-2.-3.8.-13",10947264512,582063592
at_projections,"-2.-30.6.4",2736816128,277493454
at_projections,"-2.-31.0.15",8210448384,651316068
at_projections,"-2.-31.4.8",1368408064,173604180
at_projections,"-2.-33.0.16",5473632256,434210712
at_projections,"-2.-35.0.17",2736816128,217105356
at_projections,"-2.-4.-10.19",4105224192,451097634
at_projections,"-2.-4.-14.26",8210448384,708854620
at_projections,"-2.-4.-18.33",2736816128,277493454
at_projections,"-2.-4.-2.5",54736322560,2530357284
at_projections,"-2.-4.-6.12",6842040320,334260436
at_projections,"-2.-4.10.-16",5473632256,160656256
at_projections,"-2.-4.2.-2",53367914496,1630788116
at_projections,"-2.-4.6.-9",32841793536,1080350056
at_projections,"-2.-5.-12.23",1368408064,173604180
at_projections,"-2.-5.-16.30",2736816128,277493454
at_projections,"-2.-5.-4.9",19157712896,1204474244
at_projections,"-2.-5.-8.16",8210448384,695618254
at_projections,"-2.-5.0.2",120419909632,7078790556
at_projections,"-2.-5.12.-19",6842040320,334260436
at_projections,"-2.-5.4.-5",43789058048,1300778808
at_projections,"-2.-5.8.-12",25999753216,691915554
at_projections,"-2.-6.-10.20",1368408064,173604180
at_projections,"-2.-6.-14.27",1368408064,180168928
at_projections,"-2.-6.-2.6",20526120960,1025879700
at_projections,"-2.-6.-6.13",9578856448,872504970
at_projections,"-2.-6.10.-15",24631345152,518311374
at_projections,"-2.-6.14.-22",1368408064,173604180
at_projections,"-2.-6.18.-29",2736816128,277493454
at_projections,"-2.-6.2.-1",54736322560,2530357284
at_projections,"-2.-6.6.-8",38315425792,739437312
at_projections,"-2.-7.-4.10",12315672576,504885588
at_projections,"-2.-7.-8.17",5473632256,421407336
at_projections,"-2.-7.0.3",79367667712,6420725512
at_projections,"-2.-7.12.-18",24631345152,518311374
at_projections,"-2.-7.16.-25",5473632256,418124800
at_projections,"-2.-7.20.-32",2736816128,277493454
at_projections,"-2.-7.4.-4",30104977408,926883078
at_projections,"-2.-7.8.-11",39683833856,976695998
at_projections,"-2.-8.-10.21",5473632256,421407336
at_projections,"-2.-8.-2.7",10947264512,1002866976
at_projections,"-2.-8.-6.14",13684080640,608774862
at_projections,"-2.-8.10.-14",36947017728,772410146
at_projections,"-2.-8.14.-21",13684080640,397902414
at_projections,"-2.-8.18.-28",1368408064,173604180
at_projections,"-2.-8.2.0",20526120960,1025879700
at_projections,"-2.-8.22.-35",2736816128,277493454
at_projections,"-2.-8.6.-7",32841793536,551096064
at_projections,"-2.-9.-12.25",5473632256,421407336
at_projections,"-2.-9.-4.11",9578856448,879069718
at_projections,"-2.-9.-8.18",10947264512,331281408
at_projections,"-2.-9.0.4",49262690304,4202394264
at_projections,"-2.-9.12.-17",35578609664,525598364
at_projections,"-2.-9.20.-31",1368408064,173604180
at_projections,"-2.-9.4.-3",19157712896,1204474244
at_projections,"-2.-9.8.-10",27368161280,649389624
at_projections,"-2.0.-10.17",32841793536,551096064
at_projections,"-2.0.-14.24",8210448384,438149710
at_projections,"-2.0.-18.31",1368408064,180168928
at_projections,"-2.0.-2.3",34210201600,1417289076
at_projections,"-2.0.-6.10",38315425792,739437312
at_projections,"-2.0.10.-18",10947264512,331281408
at_projections,"-2.0.14.-25",5473632256,421407336
at_projections,"-2.0.2.-4",12315672576,895812092
at_projections,"-2.0.6.-11",10947264512,1002866976
at_projections,"-2.1.-12.20",28736569344,822993804
at_projections,"-2.1.-16.27",16420896768,1223895202
at_projections,"-2.1.-4.6",39683833856,1327163148
at_projections,"-2.1.-8.13",39683833856,976695998
at_projections,"-2.1.0.-1",46525874176,3538012792
at_projections,"-2.1.12.-22",10947264512,331281408
at_projections,"-2.1.16.-29",5473632256,421407336
at_projections,"-2.1.4.-8",10947264512,999584440
at_projections,"-2.1.8.-15",6842040320,601576264
at_projections,"-2.10.-10.12",10947264512,331281408
at_projections,"-2.10.-18.26",1368408064,173604180
at_projections,"-2.10.-30.47",10947264512,310278144
at_projections,"-2.10.-6.5",5473632256,581459640
at_projections,"-2.10.2.-9",5473632256,275510652
at_projections,"-2.10.6.-16",2736816128,277493454
at_projections,"-2.11.-12.15",5473632256,421407336
at_projections,"-2.11.-20.29",1368408064,173604180
at_projections,"-2.11.-28.43",2736816128,204285852
at_projections,"-2.11.-8.8",5473632256,581459640
at_projections,"-2.11.0.-6",21894529024,1736842848
at_projections,"-2.11.4.-13",2736816128,277493454
at_projections,"-2.12.-10.11",5473632256,421407336
at_projections,"-2.12.-18.25",2736816128,277493454
at_projections,"-2.12.-2.-3",5473632256,275510652
at_projections,"-2.12.-6.4",1368408064,180168928
at_projections,"-2.12.2.-10",2736816128,277493454
at_projections,"-2.13.-12.14",10947264512,331281408
at_projections,"-2.13.-20.28",2736816128,277493454
at_projections,"-2.13.-8.7",6842040320,624421088
at_projections,"-2.13.0.-7",19157712896,1519737492
at_projections,"-2.13.4.-14",2736816128,347208360
at_projections,"-2.14.-14.17",5473632256,421407336
at_projections,"-2.14.-2.-4",2736816128,277493454
at_projections,"-2.14.-22.31",2736816128,277493454
at_projections,"-2.14.-6.3",1368408064,173604180
at_projections,"-2.14.2.-11",2736816128,347208360
at_projections,"-2.15.-12.13",8210448384,698900790
at_projections,"-2.15.-4.-1",2736816128,277493454
at_projections,"-2.15.-8.6",4105224192,464334000
at_projections,"-2.15.0.-8",27368161280,2138881736
at_projections,"-2.15.4.-15",2736816128,277493454
at_projections,"-2.16.-10.9",5473632256,418124800
at_projections,"-2.16.-14.16",10947264512,331281408
at_projections,"-2.16.-2.-5",2736816128,347208360
at_projections,"-2.16.-6.2",2736816128,277493454
at_projections,"-2.16.2.-12",2736816128,277493454
at_projections,"-2.17.-16.19",5473632256,421407336
at_projections,"-2.17.-4.-2",2736816128,347208360
at_projections,"-2.17.-8.5",2736816128,277493454
at_projections,"-2.17.0.-9",13684080640,1085526780
at_projections,"-2.18.-14.15",5473632256,421407336
at_projections,"-2.18.-2.-6",2736816128,277493454
at_projections,"-2.19.-16.18",10947264512,331281408
at_projections,"-2.19.-4.-3",2736816128,277493454
at_projections,"-2.19.0.-10",10947264512,868421424
at_projections,"-2.2.-10.16",36947017728,772410146
at_projections,"-2.2.-14.23",34210201600,724700244
at_projections,"-2.2.-18.30",5473632256,581459640
at_projections,"-2.2.-2.2",12315672576,895812092
at_projections,"-2.2.-6.9",32841793536,1080350056
at_projections,"-2.2.10.-19",5473632256,421407336
at_projections,"-2.2.14.-26",10947264512,331281408
at_projections,"-2.2.2.-5",1368408064,173604180
at_projections,"-2.2.6.-12",8210448384,804590016
at_projections,"-2.21.0.-11",8210448384,651316068
at_projections,"-2.23.0.-12",5473632256,434210712
at_projections,"-2.25.0.-13",2736816128,217105356
at_projections,"-2.3.-12.19",35578609664,525598364
at_projections,"-2.3.-16.26",17789304832,709149592
at_projections,"-2.3.-20.33",2736816128,204285852
at_projections,"-2.3.-4.5",21894529024,1664147062
at_projections,"-2.3.-8.12",25999753216,691915554
at_projections,"-2.3.0.-2",35578609664,2952472632
at_projections,"-2.3.12.-23",8210448384,698900790
at_projections,"-2.3.16.-30",10947264512,331281408
at_projections,"-2.3.4.-9",1368408064,180168928
at_projections,"-2.3.8.-16",5473632256,581459640
at_projections,"-2.4.-10.15",24631345152,518311374
at_projections,"-2.4.-14.22",27368161280,160656256
at_projections,"-2.4.-18.29",17789304832,934699232
at_projections,"-2.4.-2.1",1368408064,173604180
at_projections,"-2.4.-6.8",17789304832,672106592
at_projections,"-2.4.14.-27",5473632256,421407336
at_projections,"-2.4.6.-13",5473632256,581459640
at_projections,"-2.5.-12.18",24631345152,518311374
at_projections,"-2.5.-16.25",8210448384,364942108
at_projections,"-2.5.-20.32",6842040320,588740632
at_projections,"-2.5.-24.39",2736816128,204285852
at_projections,"-2.5.-4.4",10947264512,999584440
at_projections,"-2.5.-8.11",10947264512,582063592
at_projections,"-2.5.0.-3",30104977408,2388158916
at_projections,"-2.5.8.-17",6842040320,624421088
at_projections,"-2.6.-10.14",5473632256,160656256
at_projections,"-2.6.-14.21",13684080640,397902414
at_projections,"-2.6.-18.28",2736816128,290729820
at_projections,"-2.6.-22.35",10947264512,310278144
at_projections,"-2.6.-6.7",10947264512,1002866976
at_projections,"-2.6.10.-21",5473632256,418124800
at_projections,"-2.6.6.-14",1368408064,180168928
at_projections,"-2.7.-12.17",6842040320,334260436
at_projections,"-2.7.-20.31",5473632256,495015672
at_projections,"-2.7.-24.38",5473632256,408571704
at_projections,"-2.7.-28.45",2736816128,204285852
at_projections,"-2.7.-4.3",1368408064,180168928
at_projections,"-2.7.-8.10",10947264512,331281408
at_projections,"-2.7.0.-4",27368161280,2171053560
at_projections,"-2.7.8.-18",4105224192,464334000
at_projections,"-2.8.-10.13",5473632256,421407336
at_projections,"-2.8.-14.20",1368408064,173604180
at_projections,"-2.8.-26.41",10947264512,310278144
at_projections,"-2.8.-6.6",8210448384,804590016
at_projections,"-2.8.6.-15",1368408064,173604180
at_projections,"-2.9.-16.23",5473632256,418124800
at_projections,"-2.9.-20.30",1368408064,180168928
at_projections,"-2.9.-24.37",2736816128,204285852
at_projections,"-2.9.-28.44",5473632256,408571704
at_projections,"-2.9.-8.9",6842040320,601576264
at_projections,"-2.9.0.-5",24631345152,1953948204
at_projections,"-2.9.8.-19",2736816128,277493454
at_projections,"-20.-39.-2.18",1368408064,180168928
at_projections,"-20.-40.-4.22",2736816128,290729820
at_projections,"-20.-41.-2.19",2736816128,290729820
at_projections,"-20.-41.-6.26",1368408064,180168928
at_projections,"-20.-41.2.12",1368408064,180168928
at_projections,"-20.-42.-4.23",6842040320,624421088
at_projections,"-20.-43.-10.34",2736816128,204285852
at_projections,"-20.-43.-2.20",1368408064,180168928
at_projections,"-20.-43.-6.27",5473632256,581459640
at_projections,"-20.-43.2.13",2736816128,290729820
at_projections,"-20.-44.-12.38",10947264512,310278144
at_projections,"-20.-44.-4.24",5473632256,581459640
at_projections,"-20.-44.-8.31",1368408064,180168928
at_projections,"-20.-44.4.10",2736816128,290729820
at_projections,"-20.-45.-10.35",5473632256,408571704
at_projections,"-20.-45.-6.28",10947264512,1008875868
at_projections,"-20.-45.2.14",1368408064,180168928
at_projections,"-20.-46.-4.25",1368408064,180168928
at_projections,"-20.-46.-8.32",16420896768,891737784
at_projections,"-20.-46.4.11",6842040320,624421088
at_projections,"-20.-47.-10.36",2736816128,204285852
at_projections,"-20.-47.-2.22",2736816128,204285852
at_projections,"-20.-47.-6.29",10947264512,990031344
at_projections,"-20.-47.6.8",1368408064,180168928
at_projections,"-20.-48.-4.26",10947264512,310278144
at_projections,"-20.-48.-8.33",6842040320,624421088
at_projections,"-20.-48.4.12",5473632256,581459640
at_projections,"-20.-49.-2.23",5473632256,408571704
at_projections,"-20.-49.-6.30",4105224192,384454780
at_projections,"-20.-49.2.16",2736816128,204285852
at_projections,"-20.-49.6.9",5473632256,581459640
at_projections,"-20.-50.-8.34",2736816128,290729820
at_projections,"-20.-50.0.20",21894529024,885524376
at_projections,"-20.-50.4.13",1368408064,180168928
at_projections,"-20.-51.-2.24",5473632256,481779306
at_projections,"-20.-51.2.17",5473632256,408571704
at_projections,"-20.-51.6.10",10947264512,1008875868
at_projections,"-20.-52.-4.28",1368408064,173604180
at_projections,"-20.-52.-8.35",4105224192,451097634
at_projections,"-20.-52.4.14",10947264512,310278144
at_projections,"-20.-52.8.7",1368408064,180168928
at_projections,"-20.-53.-10.39",8210448384,695618254
at_projections,"-20.-53.-2.25",1368408064,173604180
at_projections,"-20.-53.-6.32",2736816128,277493454
at_projections,"-20.-53.10.4",2736816128,204285852
at_projections,"-20.-53.2.18",5473632256,481779306
at_projections,"-20.-53.6.11",10947264512,990031344
at_projections,"-20.-54.-4.29",2736816128,277493454
at_projections,"-20.-54.-8.36",4105224192,451097634
at_projections,"-20.-54.0.22",10947264512,836249600
at_projections,"-20.-54.8.8",16420896768,891737784
at_projections,"-20.-55.-2.26",2736816128,277493454
at_projections,"-20.-55.-6.33",4105224192,451097634
at_projections,"-20.-55.10.5",5473632256,408571704
at_projections,"-20.-55.2.19",1368408064,173604180
at_projections,"-20.-55.6.12",4105224192,384454780
at_projections,"-20.-56.12.2",10947264512,310278144
at_projections,"-20.-56.4.16",1368408064,173604180
at_projections,"-20.-56.8.9",6842040320,624421088
at_projections,"-20.-57.10.6",2736816128,204285852
at_projections,"-20.-57.2.20",2736816128,277493454
at_projections,"-20.-58.4.17",2736816128,277493454
at_projections,"-20.-58.8.10",2736816128,290729820
at_projections,"-20.-59.6.14",2736816128,277493454
at_projections,"-20.-60.8.11",4105224192,451097634
at_projections,"-20.-61.6.15",4105224192,451097634
at_projections,"-20.-62.8.12",4105224192,451097634
at_projections,"-20.-63.10.9",8210448384,695618254
at_projections,"-21.-44.-3.22",1368408064,180168928
at_projections,"-21.-45.-5.26",2736816128,290729820
at_projections,"-21.-46.-11.37",5473632256,275510652
at_projections,"-21.-46.-3.23",2736816128,290729820
at_projections,"-21.-46.-7.30",1368408064,180168928
at_projections,"-21.-47.-5.27",6842040320,624421088
at_projections,"-21.-47.-9.34",5473632256,275510652
at_projections,"-21.-47.3.13",1368408064,180168928
at_projections,"-21.-48.-11.38",5473632256,275510652
at_projections,"-21.-48.-3.24",1368408064,180168928
at_projections,"-21.-48.-7.31",10947264512,856970292
at_projections,"-21.-49.-5.28",10947264512,856970292
at_projections,"-21.-49.-9.35",6842040320,455679580
at_projections,"-21.-49.3.14",2736816128,290729820
at_projections,"-21.-50.-3.25",5473632256,275510652
at_projections,"-21.-50.-7.32",13684080640,1080100668
at_projections,"-21.-50.5.11",2736816128,290729820
at_projections,"-21.-51.-1.22",8210448384,486214320
at_projections,"-21.-51.-5.29",6842040320,455679580
at_projections,"-21.-51.-9.36",2736816128,290729820
at_projections,"-21.-51.3.15",1368408064,180168928
at_projections,"-21.-52.-3.26",5473632256,275510652
at_projections,"-21.-52.-7.33",5473632256,581459640
at_projections,"-21.-52.1.19",8210448384,486214320
at_projections,"-21.-52.5.12",6842040320,624421088
at_projections,"-21.-53.-1.23",8210448384,486214320
at_projections,"-21.-53.-9.37",1368408064,180168928
at_projections,"-21.-53.3.16",5473632256,275510652
at_projections,"-21.-53.7.9",1368408064,180168928
at_projections,"-21.-54.-11.41",1368408064,173604180
at_projections,"-21.-54.-7.34",1368408064,180168928
at_projections,"-21.-54.1.20",8210448384,486214320
at_projections,"-21.-54.5.13",10947264512,856970292
at_projections,"-21.-55.-1.24",2736816128,347208360
at_projections,"-21.-55.-5.31",2736816128,277493454
at_projections,"-21.-55.-9.38",4105224192,451097634
at_projections,"-21.-55.3.17",5473632256,275510652
at_projections,"-21.-55.7.10",10947264512,856970292
at_projections,"-21.-56.-3.28",2736816128,277493454
at_projections,"-21.-56.-7.35",8210448384,695618254
at_projections,"-21.-56.1.21",2736816128,347208360
at_projections,"-21.-56.5.14",6842040320,455679580
at_projections,"-21.-56.9.7",5473632256,275510652
at_projections,"-21.-57.-1.25",2736816128,277493454
at_projections,"-21.-57.-5.32",1368408064,173604180
at_projections,"-21.-57.-9.39",4105224192,451097634
at_projections,"-21.-57.11.4",5473632256,275510652
at_projections,"-21.-57.7.11",13684080640,1080100668
at_projections,"-21.-58.-3.29",1368408064,173604180
at_projections,"-21.-58.-7.36",1368408064,173604180
at_projections,"-21.-58.1.22",2736816128,277493454
at_projections,"-21.-58.9.8",6842040320,455679580
at_projections,"-21.-59.11.5",5473632256,275510652
at_projections,"-21.-59.3.19",2736816128,277493454
at_projections,"-21.-59.7.12",5473632256,581459640
at_projections,"-21.-60.5.16",2736816128,277493454
at_projections,"-21.-60.9.9",2736816128,290729820
at_projections,"-21.-61.3.20",1368408064,173604180
at_projections,"-21.-61.7.13",1368408064,180168928
at_projections,"-21.-62.5.17",1368408064,173604180
at_projections,"-21.-62.9.10",1368408064,180168928
at_projections,"-21.-63.7.14",8210448384,695618254
at_projections,"-21.-64.9.11",4105224192,451097634
at_projections,"-21.-65.11.8",1368408064,173604180
at_projections,"-21.-65.7.15",1368408064,173604180
at_projections,"-21.-66.9.12",4105224192,451097634
at_projections,"-22.-49.-4.26",1368408064,180168928
at_projections,"-22.-49.-8.33",2736816128,204285852
at_projections,"-22.-50.-10.37",10947264512,310278144
at_projections,"-22.-50.-6.30",2736816128,290729820
at_projections,"-22.-51.-4.27",5473632256,495015672
at_projections,"-22.-51.-8.34",6842040320,588740632
at_projections,"-22.-52.-6.31",17789304832,934699232
at_projections,"-22.-53.-4.28",6842040320,588740632
at_projections,"-22.-53.-8.35",8210448384,785745492
at_projections,"-22.-53.0.21",2736816128,204285852
at_projections,"-22.-53.4.14",1368408064,180168928
at_projections,"-22.-54.-2.25",10947264512,310278144
at_projections,"-22.-54.-6.32",5473632256,581459640
at_projections,"-22.-55.-4.29",2736816128,204285852
at_projections,"-22.-55.-8.36",6842040320,624421088
at_projections,"-22.-55.0.22",16420896768,983817936
at_projections,"-22.-55.4.15",5473632256,495015672
at_projections,"-22.-56.-6.33",1368408064,180168928
at_projections,"-22.-56.2.19",10947264512,310278144
at_projections,"-22.-56.6.12",2736816128,290729820
at_projections,"-22.-57.-8.37",4105224192,464334000
at_projections,"-22.-57.0.23",2736816128,204285852
at_projections,"-22.-57.4.16",6842040320,588740632
at_projections,"-22.-57.8.9",2736816128,204285852
at_projections,"-22.-58.-10.41",4105224192,451097634
at_projections,"-22.-58.-2.27",2736816128,277493454
at_projections,"-22.-58.-6.34",1368408064,173604180
at_projections,"-22.-58.6.13",17789304832,934699232
at_projections,"-22.-59.-4.31",5473632256,418124800
at_projections,"-22.-59.-8.38",8210448384,695618254
at_projections,"-22.-59.4.17",2736816128,204285852
at_projections,"-22.-59.8.10",6842040320,588740632
at_projections,"-22.-60.-6.35",2736816128,277493454
at_projections,"-22.-60.10.7",10947264512,310278144
at_projections,"-22.-60.2.21",2736816128,277493454
at_projections,"-22.-60.6.14",5473632256,581459640
at_projections,"-22.-61.8.11",8210448384,785745492
at_projections,"-22.-62.6.15",1368408064,180168928
at_projections,"-22.-63.4.19",5473632256,418124800
at_projections,"-22.-63.8.12",6842040320,624421088
at_projections,"-22.-64.6.16",1368408064,173604180
at_projections,"-22.-65.8.13",4105224192,464334000
at_projections,"-22.-66.6.17",2736816128,277493454
at_projections,"-22.-67.8.14",8210448384,695618254
at_projections,"-22.-68.10.11",4105224192,451097634
at_projections,"-23.-52.-9.36",5473632256,275510652
at_projections,"-23.-53.-7.33",5473632256,275510652
at_projections,"-23.-54.-5.30",6842040320,455679580
at_projections,"-23.-54.-9.37",5473632256,275510652
at_projections,"-23.-55.-3.27",5473632256,275510652
at_projections,"-23.-55.-7.34",8210448384,566240472
at_projections,"-23.-56.-1.24",8210448384,486214320
at_projections,"-23.-56.-5.31",8210448384,566240472
at_projections,"-23.-56.-9.38",1368408064,180168928
at_projections,"-23.-57.-3.28",5473632256,275510652
at_projections,"-23.-57.-7.35",6842040320,624421088
at_projections,"-23.-57.1.21",8210448384,486214320
at_projections,"-23.-58.-1.25",8210448384,486214320
at_projections,"-23.-58.-5.32",1368408064,180168928
at_projections,"-23.-58.-9.39",2736816128,290729820
at_projections,"-23.-58.3.18",5473632256,275510652
at_projections,"-23.-59.-7.36",5473632256,581459640
at_projections,"-23.-59.1.22",8210448384,486214320
at_projections,"-23.-59.5.15",6842040320,455679580
at_projections,"-23.-60.-5.33",1368408064,173604180
at_projections,"-23.-60.-9.40",4105224192,457662382
at_projections,"-23.-60.3.19",5473632256,275510652
at_projections,"-23.-60.7.12",5473632256,275510652
at_projections,"-23.-61.-3.30",1368408064,173604180
at_projections,"-23.-61.-7.37",5473632256,631266562
at_projections,"-23.-61.5.16",8210448384,566240472
at_projections,"-23.-61.9.9",5473632256,275510652
at_projections,"-23.-62.-5.34",2736816128,277493454
at_projections,"-23.-62.-9.41",4105224192,451097634
at_projections,"-23.-62.7.13",8210448384,566240472
at_projections,"-23.-63.-7.38",1368408064,173604180
at_projections,"-23.-63.5.17",1368408064,180168928
at_projections,"-23.-63.9.10",5473632256,275510652
at_projections,"-23.-64.3.21",1368408064,173604180
at_projections,"-23.-64.7.14",6842040320,624421088
at_projections,"-23.-65.5.18",1368408064,173604180
at_projections,"-23.-65.9.11",1368408064,180168928
at_projections,"-23.-66.7.15",5473632256,581459640
at_projections,"-23.-67.5.19",2736816128,277493454
at_projections,"-23.-67.9.12",2736816128,290729820
at_projections,"-23.-68.7.16",5473632256,631266562
at_projections,"-23.-69.9.13",4105224192,457662382
at_projections,"-23.-70.7.17",1368408064,173604180
at_projections,"-23.-71.9.14",4105224192,451097634
at_projections,"-24.-55.-6.32",2736816128,204285852
at_projections,"-24.-56.-8.36",10947264512,310278144
at_projections,"-24.-57.-2.26",2736816128,204285852
at_projections,"-24.-57.-6.33",5473632256,408571704
at_projections,"-24.-58.-4.30",10947264512,310278144
at_projections,"-24.-59.-2.27",5473632256,408571704
at_projections,"-24.-59.-6.34",4105224192,384454780
at_projections,"-24.-59.2.20",2736816128,204285852
at_projections,"-24.-60.-8.38",2736816128,290729820
at_projections,"-24.-60.0.24",21894529024,885524376
at_projections,"-24.-61.-2.28",2736816128,204285852
at_projections,"-24.-61.-6.35",2736816128,290729820
at_projections,"-24.-61.2.21",5473632256,408571704
at_projections,"-24.-61.6.14",2736816128,204285852
at_projections,"-24.-62.-8.39",5473632256,444252160
at_projections,"-24.-62.4.18",10947264512,310278144
at_projections,"-24.-63.-6.36",4105224192,457662382
at_projections,"-24.-63.2.22",2736816128,204285852
at_projections,"-24.-63.6.15",5473632256,408571704
at_projections,"-24.-64.-8.40",12315672576,1166517002
at_projections,"-24.-64.8.12",10947264512,310278144
at_projections,"-24.-65.6.16",4105224192,384454780
at_projections,"-24.-67.6.17",2736816128,290729820
at_projections,"-24.-68.8.14",2736816128,290729820
at_projections,"-24.-69.6.18",4105224192,457662382
at_projections,"-24.-70.8.15",5473632256,444252160
at_projections,"-24.-72.8.16",12315672576,1166517002
at_projections,"-25.-58.-7.35",5473632256,275510652
at_projections,"-25.-59.-5.32",5473632256,275510652
at_projections,"-25.-60.-3.29",5473632256,275510652
at_projections,"-25.-60.-7.36",5473632256,275510652
at_projections,"-25.-61.-1.26",8210448384,486214320
at_projections,"-25.-61.-5.33",5473632256,275510652
at_projections,"-25.-62.-3.30",5473632256,275510652
at_projections,"-25.-62.1.23",8210448384,486214320
at_projections,"-25.-63.-1.27",8210448384,486214320
at_projections,"-25.-63.3.20",5473632256,275510652
at_projections,"-25.-64.-7.38",1368408064,180168928
at_projections,"-25.-64.1.24",8210448384,486214320
at_projections,"-25.-64.5.17",5473632256,275510652
at_projections,"-25.-65.3.21",5473632256,275510652
at_projections,"-25.-65.7.14",5473632256,275510652
at_projections,"-25.-66.-7.39",4105224192,464334000
at_projections,"-25.-66.5.18",5473632256,275510652
at_projections,"-25.-67.7.15",5473632256,275510652
at_projections,"-25.-71.7.17",1368408064,180168928
at_projections,"-25.-73.7.18",4105224192,464334000
at_projections,"-26.-61.-4.31",2736816128,204285852
at_projections,"-26.-62.-6.35",10947264512,310278144
at_projections,"-26.-63.-4.32",5473632256,408571704
at_projections,"-26.-63.0.25",2736816128,204285852
at_projections,"-26.-64.-2.29",10947264512,310278144
at_projections,"-26.-65.-4.33",2736816128,204285852
at_projections,"-26.-65.0.26",16420896768,983817936
at_projections,"-26.-65.4.19",2736816128,204285852
at_projections,"-26.-66.2.23",10947264512,310278144
at_projections,"-26.-67.0.27",2736816128,204285852
at_projections,"-26.-67.4.20",5473632256,408571704
at_projections,"-26.-68.6.17",10947264512,310278144
at_projections,"-26.-69.4.21",2736816128,204285852
at_projections,"-27.-64.-5.34",5473632256,275510652
at_projections,"-27.-65.-3.31",5473632256,275510652
at_projections,"-27.-66.-1.28",8210448384,486214320
at_projections,"-27.-66.-5.35",5473632256,275510652
at_projections,"-27.-67.-3.32",5473632256,275510652
at_projections,"-27.-67.1.25",8210448384,486214320
at_projections,"-27.-68.-1.29",8210448384,486214320
at_projections,"-27.-68.3.22",5473632256,275510652
at_projections,"-27.-69.1.26",8210448384,486214320
at_projections,"-27.-69.5.19",5473632256,275510652
at_projections,"-27.-70.3.23",5473632256,275510652
at_projections,"-27.-71.5.20",5473632256,275510652
at_projections,"-28.-67.-2.30",2736816128,204285852
at_projections,"-28.-68.-4.34",10947264512,310278144
at_projections,"-28.-69.-2.31",5473632256,408571704
at_projections,"-28.-69.2.24",2736816128,204285852
at_projections,"-28.-70.0.28",21894529024,885524376
at_projections,"-28.-71.-2.32",2736816128,204285852
at_projections,"-28.-71.2.25",5473632256,408571704
at_projections,"-28.-72.4.22",10947264512,310278144
at_projections,"-28.-73.2.26",2736816128,204285852
at_projections,"-29.-70.-3.33",5473632256,275510652
at_projections,"-29.-71.-1.30",8210448384,486214320
at_projections,"-29.-72.-3.34",5473632256,275510652
at_projections,"-29.-72.1.27",8210448384,486214320
at_projections,"-29.-73.-1.31",8210448384,486214320
at_projections,"-29.-73.3.24",5473632256,275510652
at_projections,"-29.-74.1.28",8210448384,486214320
at_projections,"-29.-75.3.25",5473632256,275510652
at_projections,"-3.-1.-11.19",27368161280,516328572
at_projections,"-3.-1.-15.26",13684080640,713660362
at_projections,"-3.-1.-19.33",1368408064,180168928
at_projections,"-3.-1.-3.5",38315425792,1528025476
at_projections,"-3.-1.-7.12",36947017728,772410146
at_projections,"-3.-1.1.-2",10947264512,715643164
at_projections,"-3.-1.13.-23",12315672576,748850412
at_projections,"-3.-1.17.-30",5473632256,287623116
at_projections,"-3.-1.5.-9",6842040320,755063820
at_projections,"-3.-1.9.-16",6842040320,467792044
at_projections,"-3.-10.-1.6",16420896768,1450542396
at_projections,"-3.-10.-13.27",2736816128,290729820
at_projections,"-3.-10.-5.13",13684080640,852739686
at_projections,"-3.-10.-9.20",5473632256,287623116
at_projections,"-3.-10.11.-15",34210201600,494916692
at_projections,"-3.-10.15.-22",2736816128,277493454
at_projections,"-3.-10.19.-29",5473632256,418124800
at_projections,"-3.-10.3.-1",20526120960,1251167312
at_projections,"-3.-10.7.-8",30104977408,793822026
at_projections,"-3.-11.-11.24",5473632256,287623116
at_projections,"-3.-11.-3.10",9578856448,745285498
at_projections,"-3.-11.-7.17",10947264512,575246232
at_projections,"-3.-11.1.3",16420896768,1450542396
at_projections,"-3.-11.13.-18",28736569344,334260436
at_projections,"-3.-11.17.-25",2736816128,277493454
at_projections,"-3.-11.21.-32",1368408064,173604180
at_projections,"-3.-11.5.-4",12315672576,609771088
at_projections,"-3.-11.9.-11",28736569344,689932752
at_projections,"-3.-12.-1.7",9578856448,984758944
at_projections,"-3.-12.-13.28",6842040320,467792044
at_projections,"-3.-12.-5.14",6842040320,461227296
at_projections,"-3.-12.-9.21",10947264512,575246232
at_projections,"-3.-12.11.-14",27368161280,516328572
at_projections,"-3.-12.15.-21",5473632256,160656256
at_projections,"-3.-12.23.-35",1368408064,173604180
at_projections,"-3.-12.3.0",13684080640,852739686
at_projections,"-3.-12.7.-7",10947264512,436166908
at_projections,"-3.-13.-11.25",10947264512,575246232
at_projections,"-3.-13.-15.32",5473632256,287623116
at_projections,"-3.-13.-3.11",8210448384,928668000
at_projections,"-3.-13.-7.18",5473632256,287623116
at_projections,"-3.-13.1.4",9578856448,984758944
at_projections,"-3.-13.13.-17",27368161280,516328572
at_projections,"-3.-13.21.-31",1368408064,180168928
at_projections,"-3.-13.5.-3",8210448384,565116570
at_projections,"-3.-13.9.-10",10947264512,436166908
at_projections,"-3.-14.-1.8",12315672576,1173188620
at_projections,"-3.-14.-13.29",10947264512,575246232
at_projections,"-3.-14.-17.36",5473632256,287623116
at_projections,"-3.-14.-5.15",1368408064,180168928
at_projections,"-3.-14.-9.22",5473632256,287623116
at_projections,"-3.-14.11.-13",10947264512,436166908
at_projections,"-3.-14.15.-20",16420896768,395919612
at_projections,"-3.-14.19.-27",2736816128,290729820
at_projections,"-3.-14.3.1",9578856448,745285498
at_projections,"-3.-14.7.-6",4105224192,451097634
at_projections,"-3.-15.-11.26",5473632256,287623116
at_projections,"-3.-15.-15.33",10947264512,575246232
at_projections,"-3.-15.-3.12",8210448384,804590016
at_projections,"-3.-15.1.5",12315672576,1173188620
at_projections,"-3.-15.13.-16",13684080640,713660362
at_projections,"-3.-15.17.-23",6842040320,455679580
at_projections,"-3.-15.21.-30",2736816128,290729820
at_projections,"-3.-15.5.-2",13684080640,852739686
at_projections,"-3.-15.9.-9",4105224192,451097634
at_projections,"-3.-16.-1.9",4105224192,457662382
at_projections,"-3.-16.-13.30",5473632256,287623116
at_projections,"-3.-16.-5.16",5473632256,581459640
at_projections,"-3.-16.11.-12",5473632256,418124800
at_projections,"-3.-16.15.-19",13684080640,713660362
at_projections,"-3.-16.19.-26",12315672576,899931740
at_projections,"-3.-16.3.2",8210448384,928668000
at_projections,"-3.-16.7.-5",9578856448,738720750
at_projections,"-3.-17.-15.34",5473632256,287623116
at_projections,"-3.-17.-3.13",5473632256,581459640
at_projections,"-3.-17.-7.20",1368408064,180168928
at_projections,"-3.-17.1.6",4105224192,457662382
at_projections,"-3.-17.13.-15",1368408064,173604180
at_projections,"-3.-17.17.-22",10947264512,856970292
at_projections,"-3.-17.21.-29",6842040320,455679580
at_projections,"-3.-17.5.-1",6842040320,461227296
at_projections,"-3.-17.9.-8",4105224192,451097634
at_projections,"-3.-18.-5.17",8210448384,804590016
at_projections,"-3.-18.11.-11",5473632256,418124800
at_projections,"-3.-18.15.-18",2736816128,353773108
at_projections,"-3.-18.19.-25",10947264512,856970292
at_projections,"-3.-18.23.-32",5473632256,275510652
at_projections,"-3.-18.3.3",8210448384,804590016
at_projections,"-3.-18.7.-4",10947264512,575246232
at_projections,"-3.-19.-3.14",1368408064,180168928
at_projections,"-3.-19.-7.21",5473632256,581459640
at_projections,"-3.-19.13.-14",1368408064,173604180
at_projections,"-3.-19.17.-21",8210448384,804590016
at_projections,"-3.-19.21.-28",5473632256,275510652
at_projections,"-3.-19.25.-35",5473632256,275510652
at_projections,"-3.-19.5.0",1368408064,180168928
at_projections,"-3.-19.9.-7",5473632256,287623116
at_projections,"-3.-2.-1.2",24631345152,588026280
at_projections,"-3.-2.-13.23",13684080640,713660362
at_projections,"-3.-2.-17.30",8210448384,804590016
at_projections,"-3.-2.-5.9",43789058048,1240202190
at_projections,"-3.-2.-9.16",28736569344,689932752
at_projections,"-3.-2.11.-19",10947264512,575246232
at_projections,"-3.-2.15.-26",6842040320,461227296
at_projections,"-3.-2.3.-5",9578856448,618318638
at_projections,"-3.-2.7.-12",10947264512,869082756
at_projections,"-3.-20.-5.18",5473632256,581459640
at_projections,"-3.-20.-9.25",1368408064,180168928
at_projections,"-3.-20.15.-17",6842040320,755063820
at_projections,"-3.-20.19.-24",1368408064,180168928
at_projections,"-3.-20.23.-31",5473632256,275510652
at_projections,"-3.-20.27.-38",5473632256,275510652
at_projections,"-3.-20.3.4",5473632256,581459640
at_projections,"-3.-20.7.-3",5473632256,287623116
at_projections,"-3.-21.-3.15",2736816128,204285852
at_projections,"-3.-21.-7.22",8210448384,804590016
at_projections,"-3.-21.13.-13",4105224192,457662382
at_projections,"-3.-21.17.-20",5473632256,581459640
at_projections,"-3.-21.25.-34",5473632256,275510652
at_projections,"-3.-21.29.-41",5473632256,275510652
at_projections,"-3.-21.5.1",5473632256,581459640
at_projections,"-3.-21.9.-6",10947264512,575246232
at_projections,"-3.-22.-5.19",1368408064,180168928
at_projections,"-3.-22.-9.26",2736816128,290729820
at_projections,"-3.-22.11.-9",5473632256,287623116
at_projections,"-3.-22.15.-16",9578856448,901914542
at_projections,"-3.-22.27.-37",5473632256,275510652
at_projections,"-3.-22.3.5",1368408064,180168928
at_projections,"-3.-23.-3.16",2736816128,204285852
at_projections,"-3.-23.-7.23",5473632256,581459640
at_projections,"-3.-23.13.-12",2736816128,290729820
at_projections,"-3.-23.17.-19",4105224192,457662382
at_projections,"-3.-23.29.-40",5473632256,275510652
at_projections,"-3.-23.5.2",8210448384,804590016
at_projections,"-3.-23.9.-5",5473632256,287623116
at_projections,"-3.-24.-9.27",1368408064,180168928
at_projections,"-3.-24.11.-8",10947264512,575246232
at_projections,"-3.-24.15.-15",2736816128,290729820
at_projections,"-3.-24.19.-22",2736816128,277493454
at_projections,"-3.-24.3.6",2736816128,204285852
at_projections,"-3.-24.7.-1",1368408064,180168928
at_projections,"-3.-25.-3.17",1368408064,173604180
at_projections,"-3.-25.-7.24",1368408064,180168928
at_projections,"-3.-25.13.-11",6842040320,467792044
at_projections,"-3.-25.17.-18",1368408064,173604180
at_projections,"-3.-25.5.3",5473632256,581459640
at_projections,"-3.-26.-1.14",1368408064,173604180
at_projections,"-3.-26.11.-7",5473632256,287623116
at_projections,"-3.-26.19.-21",1368408064,173604180
at_projections,"-3.-26.3.7",2736816128,204285852
at_projections,"-3.-26.7.0",5473632256,581459640
at_projections,"-3.-27.-3.18",2736816128,277493454
at_projections,"-3.-27.-7.25",1368408064,173604180
at_projections,"-3.-27.1.11",1368408064,173604180
at_projections,"-3.-27.13.-10",10947264512,575246232
at_projections,"-3.-27.5.4",1368408064,180168928
at_projections,"-3.-28.-1.15",5473632256,554986908
at_projections,"-3.-28.-5.22",5473632256,418124800
at_projections,"-3.-28.15.-13",5473632256,287623116
at_projections,"-3.-28.3.8",1368408064,173604180
at_projections,"-3.-28.7.1",8210448384,804590016
at_projections,"-3.-29.-3.19",1368408064,173604180
at_projections,"-3.-29.1.12",5473632256,554986908
at_projections,"-3.-29.13.-9",5473632256,287623116
at_projections,"-3.-29.9.-2",1368408064,180168928
at_projections,"-3.-3.-11.20",10947264512,436166908
at_projections,"-3.-3.-15.27",2736816128,353773108
at_projections,"-3.-3.-3.6",51999506432,1701148760
at_projections,"-3.-3.-7.13",30104977408,793822026
at_projections,"-3.-3.1.-1",24631345152,588026280
at_projections,"-3.-3.13.-22",5473632256,287623116
at_projections,"-3.-3.5.-8",21894529024,1530362842
at_projections,"-3.-3.9.-15",10947264512,575246232
at_projections,"-3.-30.-1.16",1368408064,173604180
at_projections,"-3.-30.15.-12",10947264512,575246232
at_projections,"-3.-30.3.9",2736816128,277493454
at_projections,"-3.-30.7.2",5473632256,581459640
at_projections,"-3.-31.1.13",1368408064,173604180
at_projections,"-3.-31.17.-15",5473632256,287623116
at_projections,"-3.-31.9.-1",2736816128,290729820
at_projections,"-3.-32.15.-11",5473632256,287623116
at_projections,"-3.-32.3.10",1368408064,173604180
at_projections,"-3.-32.7.3",1368408064,180168928
at_projections,"-3.-33.5.7",5473632256,418124800
at_projections,"-3.-33.9.0",1368408064,180168928
at_projections,"-3.-34.7.4",1368408064,173604180
at_projections,"-3.-4.-1.3",39683833856,789104556
at_projections,"-3.-4.-13.24",1368408064,173604180
at_projections,"-3.-4.-17.31",5473632256,581459640
at_projections,"-3.-4.-5.10",30104977408,793822026
at_projections,"-3.-4.-9.17",10947264512,436166908
at_projections,"-3.-4.11.-18",5473632256,287623116
at_projections,"-3.-4.3.-4",38315425792,1528025476
at_projections,"-3.-4.7.-11",17789304832,916071416
at_projections,"-3.-5.-11.21",5473632256,418124800
at_projections,"-3.-5.-15.28",6842040320,755063820
at_projections,"-3.-5.-19.35",2736816128,277493454
at_projections,"-3.-5.-3.7",41052241920,1662904782
at_projections,"-3.-5.-7.14",10947264512,436166908
at_projections,"-3.-5.1.0",39683833856,789104556
at_projections,"-3.-5.5.-7",39683833856,1571127972
at_projections,"-3.-5.9.-14",10947264512,448279372
at_projections,"-3.-6.-1.4",54736322560,2448854682
at_projections,"-3.-6.-13.25",1368408064,173604180
at_projections,"-3.-6.-17.32",4105224192,457662382
at_projections,"-3.-6.-5.11",12315672576,609771088
at_projections,"-3.-6.-9.18",4105224192,451097634
at_projections,"-3.-6.11.-17",5473632256,160656256
at_projections,"-3.-6.3.-3",51999506432,1701148760
at_projections,"-3.-6.7.-10",27368161280,528441036
at_projections,"-3.-7.-11.22",5473632256,418124800
at_projections,"-3.-7.-15.29",9578856448,901914542
at_projections,"-3.-7.-19.36",1368408064,173604180
at_projections,"-3.-7.-3.8",20526120960,1251167312
at_projections,"-3.-7.-7.15",4105224192,451097634
at_projections,"-3.-7.1.1",54736322560,2448854682
at_projections,"-3.-7.5.-6",43789058048,1240202190
at_projections,"-3.-7.9.-13",21894529024,240817920
at_projections,"-3.-8.-1.5",46525874176,3086227848
at_projections,"-3.-8.-13.26",4105224192,457662382
at_projections,"-3.-8.-17.33",1368408064,173604180
at_projections,"-3.-8.-5.12",8210448384,565116570
at_projections,"-3.-8.-9.19",4105224192,451097634
at_projections,"-3.-8.11.-16",24631345152,518311374
at_projections,"-3.-8.15.-23",1368408064,173604180
at_projections,"-3.-8.3.-2",41052241920,1662904782
at_projections,"-3.-8.7.-9",36947017728,772410146
at_projections,"-3.-9.-15.30",2736816128,290729820
at_projections,"-3.-9.-3.9",13684080640,852739686
at_projections,"-3.-9.-7.16",9578856448,738720750
at_projections,"-3.-9.1.2",46525874176,3086227848
at_projections,"-3.-9.13.-19",13684080640,397902414
at_projections,"-3.-9.17.-26",1368408064,173604180
at_projections,"-3.-9.21.-33",2736816128,277493454
at_projections,"-3.-9.5.-5",30104977408,793822026
at_projections,"-3.-9.9.-12",38315425792,739437312
at_projections,"-3.0.-1.1",10947264512,715643164
at_projections,"-3.0.-13.22",27368161280,516328572
at_projections,"-3.0.-17.29",10947264512,856970292
at_projections,"-3.0.-5.8",39683833856,1571127972
at_projections,"-3.0.-9.15",38315425792,739437312
at_projections,"-3.0.11.-20",5473632256,287623116
at_projections,"-3.0.15.-27",10947264512,575246232
at_projections,"-3.0.3.-6",1368408064,173604180
at_projections,"-3.0.7.-13",8210448384,804590016
at_projections,"-3.1.-11.18",34210201600,494916692
at_projections,"-3.1.-15.25",16420896768,395919612
at_projections,"-3.1.-19.32",10947264512,856970292
at_projections,"-3.1.-3.4",9578856448,618318638
at_projections,"-3.1.-7.11",27368161280,528441036
at_projections,"-3.1.13.-24",8210448384,565116570
at_projections,"-3.1.5.-10",1368408064,180168928
at_projections,"-3.1.9.-17",2736816128,290729820
at_projections,"-3.10.-13.17",5473632256,287623116
at_projections,"-3.10.-21.31",1368408064,173604180
at_projections,"-3.10.-9.10",2736816128,290729820
at_projections,"-3.10.3.-11",2736816128,277493454
at_projections,"-3.11.-11.13",5473632256,287623116
at_projections,"-3.11.-23.34",1368408064,173604180
at_projections,"-3.11.-3.-1",4105224192,377890032
at_projections,"-3.11.-7.6",1368408064,180168928
at_projections,"-3.11.1.-8",5473632256,554986908
at_projections,"-3.11.5.-15",1368408064,173604180
at_projections,"-3.12.-1.-5",5473632256,554986908
at_projections,"-3.12.-13.16",12315672576,748850412
at_projections,"-3.12.-21.30",2736816128,277493454
at_projections,"-3.12.-5.2",1368408064,173604180
at_projections,"-3.12.-9.9",4105224192,457662382
at_projections,"-3.12.3.-12",5473632256,418124800
at_projections,"-3.13.-11.12",2736816128,277493454
at_projections,"-3.13.-15.19",6842040320,461227296
at_projections,"-3.13.-3.-2",2736816128,277493454
at_projections,"-3.13.-7.5",5473632256,418124800
at_projections,"-3.13.1.-9",2736816128,347208360
at_projections,"-3.14.-1.-6",2736816128,347208360
at_projections,"-3.14.-13.15",8210448384,565116570
at_projections,"-3.14.-5.1",2736816128,277493454
at_projections,"-3.14.-9.8",1368408064,173604180
at_projections,"-3.15.-11.11",1368408064,173604180
at_projections,"-3.15.-15.18",10947264512,575246232
at_projections,"-3.15.-3.-3",5473632256,418124800
at_projections,"-3.16.-17.21",5473632256,287623116
at_projections,"-3.16.-5.0",1368408064,173604180
at_projections,"-3.17.-15.17",5473632256,287623116
at_projections,"-3.2.-13.21",28736569344,334260436
at_projections,"-3.2.-17.28",6842040320,455679580
at_projections,"-3.2.-21.35",5473632256,275510652
at_projections,"-3.2.-5.7",21894529024,1530362842
at_projections,"-3.2.-9.14",21894529024,240817920
at_projections,"-3.2.11.-21",2736816128,277493454
at_projections,"-3.2.15.-28",5473632256,287623116
at_projections,"-3.2.7.-14",5473632256,581459640
at_projections,"-3.3.-11.17",24631345152,518311374
at_projections,"-3.3.-15.24",5473632256,160656256
at_projections,"-3.3.-19.31",12315672576,899931740
at_projections,"-3.3.-23.38",5473632256,275510652
at_projections,"-3.3.-3.3",1368408064,173604180
at_projections,"-3.3.-7.10",17789304832,916071416
at_projections,"-3.3.9.-18",4105224192,457662382
at_projections,"-3.4.-13.20",13684080640,397902414
at_projections,"-3.4.-21.34",6842040320,455679580
at_projections,"-3.4.-25.41",5473632256,275510652
at_projections,"-3.4.-5.6",6842040320,755063820
at_projections,"-3.4.-9.13",10947264512,448279372
at_projections,"-3.4.11.-22",1368408064,173604180
at_projections,"-3.4.7.-15",1368408064,180168928
at_projections,"-3.5.-11.16",5473632256,160656256
at_projections,"-3.5.-15.23",2736816128,277493454
at_projections,"-3.5.-19.30",2736816128,290729820
at_projections,"-3.5.-23.37",5473632256,275510652
at_projections,"-3.5.-27.44",5473632256,275510652
at_projections,"-3.5.-7.9",10947264512,869082756
at_projections,"-3.5.9.-19",1368408064,173604180
at_projections,"-3.6.-17.26",2736816128,277493454
at_projections,"-3.6.-21.33",2736816128,290729820
at_projections,"-3.6.-25.40",5473632256,275510652
at_projections,"-3.6.-29.47",5473632256,275510652
at_projections,"-3.6.-5.5",1368408064,180168928
at_projections,"-3.6.-9.12",10947264512,575246232
at_projections,"-3.6.3.-9",2736816128,204285852
at_projections,"-3.6.7.-16",5473632256,418124800
at_projections,"-3.7.-11.15",5473632256,287623116
at_projections,"-3.7.-15.22",1368408064,173604180
at_projections,"-3.7.-27.43",5473632256,275510652
at_projections,"-3.7.-7.8",8210448384,804590016
at_projections,"-3.7.5.-13",1368408064,173604180
at_projections,"-3.8.-17.25",1368408064,173604180
at_projections,"-3.8.-21.32",1368408064,180168928
at_projections,"-3.8.-29.46",5473632256,275510652
at_projections,"-3.8.-9.11",6842040320,467792044
at_projections,"-3.8.3.-10",4105224192,377890032
at_projections,"-3.9.-11.14",10947264512,575246232
at_projections,"-3.9.-19.28",5473632256,418124800
at_projections,"-3.9.-3.0",2736816128,204285852
at_projections,"-3.9.-7.7",5473632256,581459640
at_projections,"-3.9.5.-14",2736816128,277493454
at_projections,"-30.-73.0.29",2736816128,204285852
at_projections,"-30.-74.-2.33",10947264512,310278144
at_projections,"-30.-75.0.30",16420896768,983817936
at_projections,"-30.-76.2.27",10947264512,310278144
at_projections,"-30.-77.0.31",2736816128,204285852
at_projections,"-31.-76.-1.32",8210448384,486214320
at_projections,"-31.-77.1.29",8210448384,486214320
at_projections,"-31.-78.-1.33",8210448384,486214320
at_projections,"-31.-79.1.30",8210448384,486214320
at_projections,"-32.-80.0.32",24631345152,1102629732
at_projections,"-4.-1.-10.17",34210201600,494916692
at_projections,"-4.-1.-14.24",13684080640,324694812
at_projections,"-4.-1.-18.31",10947264512,990031344
at_projections,"-4.-1.-2.3",8210448384,438149710
at_projections,"-4.-1.-22.38",2736816128,204285852
at_projections,"-4.-1.-6.10",38315425792,1153558968
at_projections,"-4.-1.10.-18",1368408064,173604180
at_projections,"-4.-1.14.-25",5473632256,421407336
at_projections,"-4.-1.6.-11",1368408064,180168928
at_projections,"-4.-10.-12.25",2736816128,277493454
at_projections,"-4.-10.-16.32",6842040320,755063820
at_projections,"-4.-10.-4.11",8210448384,698900790
at_projections,"-4.-10.-8.18",8210448384,695618254
at_projections,"-4.-10.0.4",54736322560,2416289664
at_projections,"-4.-10.12.-17",10947264512,120408960
at_projections,"-4.-10.4.-3",35578609664,1521178350
at_projections,"-4.-10.8.-10",34210201600,494916692
at_projections,"-4.-11.-10.22",2736816128,277493454
at_projections,"-4.-11.-14.29",6842040320,755063820
at_projections,"-4.-11.-2.8",21894529024,1394520354
at_projections,"-4.-11.-6.15",9578856448,872504970
at_projections,"-4.-11.10.-13",34210201600,494916692
at_projections,"-4.-11.14.-20",2736816128,277493454
at_projections,"-4.-11.18.-27",1368408064,173604180
at_projections,"-4.-11.2.1",36947017728,2808361628
at_projections,"-4.-11.6.-6",28736569344,896201406
at_projections,"-4.-12.-16.33",1368408064,180168928
at_projections,"-4.-12.-4.12",12315672576,504885588
at_projections,"-4.-12.-8.19",6842040320,595011516
at_projections,"-4.-12.0.5",27368161280,2560720860
at_projections,"-4.-12.12.-16",32841793536,578781056
at_projections,"-4.-12.16.-23",2736816128,277493454
at_projections,"-4.-12.20.-30",1368408064,173604180
at_projections,"-4.-12.4.-2",19157712896,824707508
at_projections,"-4.-12.8.-9",24631345152,518311374
at_projections,"-4.-13.-10.23",5473632256,421407336
at_projections,"-4.-13.-14.30",6842040320,624421088
at_projections,"-4.-13.-2.9",8210448384,781745192
at_projections,"-4.-13.-6.16",12315672576,504885588
at_projections,"-4.-13.10.-12",27368161280,722597226
at_projections,"-4.-13.14.-19",6842040320,334260436
at_projections,"-4.-13.18.-26",2736816128,277493454
at_projections,"-4.-13.2.2",21894529024,1394520354
at_projections,"-4.-13.22.-33",5473632256,418124800
at_projections,"-4.-13.6.-5",12315672576,742832140
at_projections,"-4.-14.-12.27",6842040320,601576264
at_projections,"-4.-14.-4.13",10947264512,839532136
at_projections,"-4.-14.-8.20",10947264512,331281408
at_projections,"-4.-14.0.6",16420896768,1609180032
at_projections,"-4.-14.12.-15",21894529024,240817920
at_projections,"-4.-14.16.-22",1368408064,173604180
at_projections,"-4.-14.20.-29",2736816128,277493454
at_projections,"-4.-14.4.-1",8210448384,698900790
at_projections,"-4.-14.8.-8",16420896768,470934400
at_projections,"-4.-15.-10.24",10947264512,331281408
at_projections,"-4.-15.-14.31",8210448384,712137156
at_projections,"-4.-15.-2.10",6842040320,755063820
at_projections,"-4.-15.-6.17",5473632256,421407336
at_projections,"-4.-15.10.-11",10947264512,569227960
at_projections,"-4.-15.14.-18",13684080640,324694812
at_projections,"-4.-15.2.3",8210448384,781745192
at_projections,"-4.-15.22.-32",1368408064,180168928
at_projections,"-4.-15.6.-4",5473632256,481779306
at_projections,"-4.-16.-12.28",13684080640,622011228
at_projections,"-4.-16.-16.35",5473632256,421407336
at_projections,"-4.-16.-4.14",1368408064,180168928
at_projections,"-4.-16.-8.21",5473632256,421407336
at_projections,"-4.-16.0.7",13684080640,1510127640
at_projections,"-4.-16.12.-14",16420896768,470934400
at_projections,"-4.-16.20.-28",2736816128,290729820
at_projections,"-4.-16.4.0",12315672576,504885588
at_projections,"-4.-17.-10.25",5473632256,421407336
at_projections,"-4.-17.-14.32",10947264512,331281408
at_projections,"-4.-17.-2.11",13684080640,1359576924
at_projections,"-4.-17.10.-10",4105224192,377890032
at_projections,"-4.-17.14.-17",10947264512,569227960
at_projections,"-4.-17.18.-24",4105224192,384454780
at_projections,"-4.-17.2.4",6842040320,755063820
at_projections,"-4.-17.22.-31",2736816128,290729820
at_projections,"-4.-17.6.-3",9578856448,872504970
at_projections,"-4.-18.-12.29",6842040320,601576264
at_projections,"-4.-18.-16.36",10947264512,331281408
at_projections,"-4.-18.-4.15",5473632256,581459640
at_projections,"-4.-18.0.8",8210448384,915324764
at_projections,"-4.-18.12.-13",1368408064,173604180
at_projections,"-4.-18.16.-20",10947264512,310278144
at_projections,"-4.-18.20.-27",6842040320,624421088
at_projections,"-4.-18.4.1",10947264512,839532136
at_projections,"-4.-18.8.-6",8210448384,695618254
at_projections,"-4.-19.-14.33",5473632256,421407336
at_projections,"-4.-19.-2.12",5473632256,581459640
at_projections,"-4.-19.-6.19",1368408064,180168928
at_projections,"-4.-19.10.-9",4105224192,451097634
at_projections,"-4.-19.14.-16",8210448384,622410652
at_projections,"-4.-19.18.-23",10947264512,990031344
at_projections,"-4.-19.2.5",13684080640,1359576924
at_projections,"-4.-19.22.-30",4105224192,384454780
at_projections,"-4.-19.6.-2",12315672576,504885588
at_projections,"-4.-2.-12.21",21894529024,240817920
at_projections,"-4.-2.-16.28",10947264512,310278144
at_projections,"-4.-2.-20.35",1368408064,180168928
at_projections,"-4.-2.-4.7",34210201600,1417289076
at_projections,"-4.-2.-8.14",34210201600,494916692
at_projections,"-4.-2.0.0",5473632256,160656256
at_projections,"-4.-2.12.-21",6842040320,595011516
at_projections,"-4.-2.16.-28",10947264512,331281408
at_projections,"-4.-2.8.-14",6842040320,624421088
at_projections,"-4.-20.-4.16",8210448384,804590016
at_projections,"-4.-20.12.-12",4105224192,451097634
at_projections,"-4.-20.16.-19",2736816128,353773108
at_projections,"-4.-20.20.-26",16420896768,891737784
at_projections,"-4.-20.4.2",1368408064,180168928
at_projections,"-4.-20.8.-5",6842040320,595011516
at_projections,"-4.-21.-2.13",1368408064,180168928
at_projections,"-4.-21.-6.20",5473632256,581459640
at_projections,"-4.-21.10.-8",2736816128,277493454
at_projections,"-4.-21.18.-22",10947264512,1008875868
at_projections,"-4.-21.2.6",5473632256,581459640
at_projections,"-4.-21.22.-29",5473632256,408571704
at_projections,"-4.-21.26.-36",2736816128,204285852
at_projections,"-4.-21.6.-1",5473632256,421407336
at_projections,"-4.-22.-4.17",5473632256,581459640
at_projections,"-4.-22.-8.24",1368408064,180168928
at_projections,"-4.-22.12.-11",2736816128,277493454
at_projections,"-4.-22.16.-18",5473632256,581459640
at_projections,"-4.-22.20.-25",1368408064,180168928
at_projections,"-4.-22.24.-32",10947264512,310278144
at_projections,"-4.-22.4.3",5473632256,581459640
at_projections,"-4.-22.8.-4",10947264512,331281408
at_projections,"-4.-23.-6.21",8210448384,804590016
at_projections,"-4.-23.10.-7",5473632256,421407336
at_projections,"-4.-23.14.-14",4105224192,457662382
at_projections,"-4.-23.18.-21",5473632256,581459640
at_projections,"-4.-23.2.7",1368408064,180168928
at_projections,"-4.-23.22.-28",2736816128,204285852
at_projections,"-4.-23.26.-35",5473632256,408571704
at_projections,"-4.-24.-4.18",6842040320,455679580
at_projections,"-4.-24.-8.25",5473632256,581459640
at_projections,"-4.-24.16.-17",10947264512,1082083470
at_projections,"-4.-24.28.-38",10947264512,310278144
at_projections,"-4.-24.4.4",8210448384,804590016
at_projections,"-4.-24.8.-3",5473632256,421407336
at_projections,"-4.-25.-6.22",5473632256,581459640
at_projections,"-4.-25.10.-6",10947264512,331281408
at_projections,"-4.-25.14.-13",6842040320,755063820
at_projections,"-4.-25.18.-20",1368408064,180168928
at_projections,"-4.-25.26.-34",2736816128,204285852
at_projections,"-4.-25.6.1",1368408064,180168928
at_projections,"-4.-26.-8.26",6842040320,624421088
at_projections,"-4.-26.12.-9",6842040320,601576264
at_projections,"-4.-26.16.-16",6842040320,755063820
at_projections,"-4.-26.4.5",5473632256,581459640
at_projections,"-4.-27.-6.23",1368408064,180168928
at_projections,"-4.-27.10.-5",5473632256,421407336
at_projections,"-4.-27.14.-12",6842040320,624421088
at_projections,"-4.-27.18.-19",5473632256,418124800
at_projections,"-4.-27.6.2",5473632256,581459640
at_projections,"-4.-28.-8.27",2736816128,290729820
at_projections,"-4.-28.12.-8",13684080640,622011228
at_projections,"-4.-28.16.-15",1368408064,180168928
at_projections,"-4.-28.4.6",6842040320,455679580
at_projections,"-4.-29.-6.24",1368408064,173604180
at_projections,"-4.-29.14.-11",8210448384,712137156
at_projections,"-4.-29.6.3",8210448384,804590016
at_projections,"-4.-3.-10.18",27368161280,722597226
at_projections,"-4.-3.-14.25",10947264512,569227960
at_projections,"-4.-3.-18.32",10947264512,1008875868
at_projections,"-4.-3.-2.4",24631345152,588026280
at_projections,"-4.-3.-6.11",39683833856,922888776
at_projections,"-4.-3.10.-17",5473632256,421407336
at_projections,"-4.-3.14.-24",16420896768,749406208
at_projections,"-4.-3.2.-3",8210448384,438149710
at_projections,"-4.-3.6.-10",5473632256,581459640
at_projections,"-4.-30.-4.21",1368408064,173604180
at_projections,"-4.-30.0.14",5473632256,554986908
at_projections,"-4.-30.12.-7",6842040320,601576264
at_projections,"-4.-30.8.0",1368408064,180168928
at_projections,"-4.-31.-2.18",5473632256,418124800
at_projections,"-4.-31.-6.25",2736816128,277493454
at_projections,"-4.-31.14.-10",10947264512,331281408
at_projections,"-4.-31.6.4",5473632256,581459640
at_projections,"-4.-32.-4.22",2736816128,277493454
at_projections,"-4.-32.16.-13",5473632256,421407336
at_projections,"-4.-32.8.1",5473632256,581459640
at_projections,"-4.-33.14.-9",5473632256,421407336
at_projections,"-4.-33.2.12",5473632256,418124800
at_projections,"-4.-33.6.5",1368408064,180168928
at_projections,"-4.-34.16.-12",10947264512,331281408
at_projections,"-4.-34.4.9",1368408064,173604180
at_projections,"-4.-34.8.2",6842040320,624421088
at_projections,"-4.-35.6.6",1368408064,173604180
at_projections,"-4.-36.4.10",2736816128,277493454
at_projections,"-4.-36.8.3",2736816128,290729820
at_projections,"-4.-37.6.7",2736816128,277493454
at_projections,"-4.-4.-12.22",16420896768,470934400
at_projections,"-4.-4.-16.29",2736816128,353773108
at_projections,"-4.-4.-4.8",54736322560,1734677390
at_projections,"-4.-4.-8.15",24631345152,518311374
at_projections,"-4.-4.0.1",32841793536,1077067520
at_projections,"-4.-4.12.-20",10947264512,331281408
at_projections,"-4.-4.16.-27",5473632256,421407336
at_projections,"-4.-4.4.-6",9578856448,618318638
at_projections,"-4.-4.8.-13",10947264512,1002866976
at_projections,"-4.-5.-10.19",10947264512,569227960
at_projections,"-4.-5.-14.26",8210448384,622410652
at_projections,"-4.-5.-18.33",5473632256,581459640
at_projections,"-4.-5.-2.5",42420649984,1200382230
at_projections,"-4.-5.-6.12",28736569344,896201406
at_projections,"-4.-5.10.-16",10947264512,331281408
at_projections,"-4.-5.14.-23",5473632256,421407336
at_projections,"-4.-5.2.-2",24631345152,588026280
at_projections,"-4.-5.6.-9",21894529024,1664147062
at_projections,"-4.-6.-12.23",1368408064,173604180
at_projections,"-4.-6.-16.30",5473632256,581459640
at_projections,"-4.-6.-4.9",35578609664,1521178350
at_projections,"-4.-6.-8.16",16420896768,470934400
at_projections,"-4.-6.0.2",32841793536,321312512
at_projections,"-4.-6.12.-19",5473632256,421407336
at_projections,"-4.-6.16.-26",2736816128,277493454
at_projections,"-4.-6.4.-5",34210201600,1417289076
at_projections,"-4.-6.8.-12",17789304832,672106592
at_projections,"-4.-7.-10.20",4105224192,377890032
at_projections,"-4.-7.-18.34",1368408064,180168928
at_projections,"-4.-7.-2.6",41052241920,1357844820
at_projections,"-4.-7.-6.13",12315672576,742832140
at_projections,"-4.-7.10.-15",10947264512,582063592
at_projections,"-4.-7.2.-1",42420649984,1200382230
at_projections,"-4.-7.6.-8",38315425792,1153558968
at_projections,"-4.-8.-12.24",4105224192,451097634
at_projections,"-4.-8.-16.31",10947264512,1082083470
at_projections,"-4.-8.-4.10",19157712896,824707508
at_projections,"-4.-8.0.3",32841793536,1083632592
at_projections,"-4.-8.4.-4",54736322560,1734677390
at_projections,"-4.-8.8.-11",27368161280,662225256
at_projections,"-4.-9.-10.21",4105224192,451097634
at_projections,"-4.-9.-14.28",4105224192,457662382
at_projections,"-4.-9.-18.35",5473632256,418124800
at_projections,"-4.-9.-2.7",36947017728,2808361628
at_projections,"-4.-9.-6.14",5473632256,481779306
at_projections,"-4.-9.10.-14",21894529024,240817920
at_projections,"-4.-9.2.0",41052241920,1357844820
at_projections,"-4.-9.6.-7",39683833856,922888776
at_projections,"-4.0.-12.20",32841793536,578781056
at_projections,"-4.0.-20.34",16420896768,891737784
at_projections,"-4.0.-4.6",9578856448,618318638
at_projections,"-4.0.-8.13",27368161280,662225256
at_projections,"-4.0.12.-22",2736816128,277493454
at_projections,"-4.0.8.-15",2736816128,290729820
at_projections,"-4.1.-10.16",21894529024,240817920
at_projections,"-4.1.-14.23",6842040320,334260436
at_projections,"-4.1.-18.30",4105224192,384454780
at_projections,"-4.1.-22.37",5473632256,408571704
at_projections,"-4.1.-26.44",2736816128,204285852
at_projections,"-4.1.-6.9",21894529024,1664147062
at_projections,"-4.1.10.-19",2736816128,277493454
at_projections,"-4.10.-12.15",6842040320,595011516
at_projections,"-4.10.-16.22",2736816128,277493454
at_projections,"-4.10.-4.1",5473632256,418124800
at_projections,"-4.10.-8.8",2736816128,277493454
at_projections,"-4.10.0.-6",5473632256,554986908
at_projections,"-4.11.-10.11",2736816128,277493454
at_projections,"-4.11.-14.18",16420896768,749406208
at_projections,"-4.11.-2.-3",5473632256,554986908
at_projections,"-4.11.-6.4",1368408064,173604180
at_projections,"-4.11.2.-10",1368408064,173604180
at_projections,"-4.12.-12.14",2736816128,277493454
at_projections,"-4.12.-16.21",5473632256,421407336
at_projections,"-4.12.-4.0",2736816128,277493454
at_projections,"-4.12.-8.7",1368408064,173604180
at_projections,"-4.13.-14.17",5473632256,421407336
at_projections,"-4.13.-2.-4",1368408064,173604180
at_projections,"-4.14.-16.20",10947264512,331281408
at_projections,"-4.2.-12.19",10947264512,120408960
at_projections,"-4.2.-16.26",1368408064,173604180
at_projections,"-4.2.-20.33",6842040320,624421088
at_projections,"-4.2.-24.40",10947264512,310278144
at_projections,"-4.2.-8.12",17789304832,672106592
at_projections,"-4.2.8.-16",2736816128,277493454
at_projections,"-4.3.-10.15",10947264512,582063592
at_projections,"-4.3.-14.22",2736816128,277493454
at_projections,"-4.3.-22.36",4105224192,384454780
at_projections,"-4.3.-26.43",5473632256,408571704
at_projections,"-4.3.-6.8",5473632256,581459640
at_projections,"-4.3.6.-13",2736816128,277493454
at_projections,"-4.4.-16.25",2736816128,277493454
at_projections,"-4.4.-20.32",2736816128,290729820
at_projections,"-4.4.-28.46",10947264512,310278144
at_projections,"-4.4.-8.11",10947264512,1002866976
at_projections,"-4.4.4.-10",5473632256,275510652
at_projections,"-4.4.8.-17",1368408064,173604180
at_projections,"-4.5.-10.14",10947264512,331281408
at_projections,"-4.5.-18.28",2736816128,277493454
at_projections,"-4.5.-22.35",2736816128,290729820
at_projections,"-4.5.-26.42",2736816128,204285852
at_projections,"-4.5.-6.7",1368408064,180168928
at_projections,"-4.5.6.-14",1368408064,173604180
at_projections,"-4.6.-12.17",5473632256,421407336
at_projections,"-4.6.-20.31",2736816128,277493454
at_projections,"-4.6.-8.10",6842040320,624421088
at_projections,"-4.6.4.-11",5473632256,418124800
at_projections,"-4.7.-10.13",5473632256,421407336
at_projections,"-4.7.-18.27",1368408064,173604180
at_projections,"-4.7.-22.34",1368408064,180168928
at_projections,"-4.7.2.-8",1368408064,173604180
at_projections,"-4.8.-12.16",10947264512,331281408
at_projections,"-4.8.-20.30",1368408064,173604180
at_projections,"-4.8.-4.2",5473632256,275510652
at_projections,"-4.8.-8.9",2736816128,290729820
at_projections,"-4.8.0.-5",2736816128,347208360
at_projections,"-4.8.4.-12",2736816128,277493454
at_projections,"-4.9.-10.12",1368408064,173604180
at_projections,"-4.9.-14.19",5473632256,421407336
at_projections,"-4.9.-2.-2",1368408064,173604180
at_projections,"-4.9.-22.33",5473632256,418124800
at_projections,"-4.9.-6.5",2736816128,277493454
at_projections,"-4.9.2.-9",5473632256,554986908
at_projections,"-5.-1.-13.22",6842040320,334260436
at_projections,"-5.-1.-21.36",10947264512,856970292
at_projections,"-5.-1.-25.43",5473632256,275510652
at_projections,"-5.-1.-5.8",9578856448,618318638
at_projections,"-5.-1.-9.15",27368161280,528441036
at_projections,"-5.-1.7.-13",1368408064,173604180
at_projections,"-5.-10.-11.23",2736816128,277493454
at_projections,"-5.-10.-15.30",1368408064,180168928
at_projections,"-5.-10.-19.37",1368408064,173604180
at_projections,"-5.-10.-3.9",25999753216,1701984220
at_projections,"-5.-10.-7.16",5473632256,275510652
at_projections,"-5.-10.1.2",27368161280,528441036
at_projections,"-5.-10.17.-26",1368408064,173604180
at_projections,"-5.-10.5.-5",51999506432,1701148760
at_projections,"-5.-10.9.-12",27368161280,528441036
at_projections,"-5.-11.-1.6",32841793536,1863513032
at_projections,"-5.-11.-13.27",2736816128,277493454
at_projections,"-5.-11.-17.34",6842040320,755063820
at_projections,"-5.-11.-5.13",5473632256,275510652
at_projections,"-5.-11.-9.20",4105224192,451097634
at_projections,"-5.-11.11.-15",10947264512,120408960
at_projections,"-5.-11.19.-29",1368408064,173604180
at_projections,"-5.-11.3.-1",39683833856,1571127972
at_projections,"-5.-11.7.-8",39683833856,789104556
at_projections,"-5.-12.-11.24",4105224192,451097634
at_projections,"-5.-12.-15.31",10947264512,999584440
at_projections,"-5.-12.-3.10",21894529024,1699580316
at_projections,"-5.-12.-7.17",1368408064,173604180
at_projections,"-5.-12.1.3",32841793536,1863513032
at_projections,"-5.-12.5.-4",32841793536,1109900676
at_projections,"-5.-12.9.-11",32841793536,321312512
at_projections,"-5.-13.-1.7",35578609664,2485530216
at_projections,"-5.-13.-13.28",1368408064,173604180
at_projections,"-5.-13.-17.35",4105224192,457662382
at_projections,"-5.-13.-5.14",10947264512,705747916
at_projections,"-5.-13.-9.21",4105224192,451097634
at_projections,"-5.-13.11.-14",28736569344,334260436
at_projections,"-5.-13.3.0",25999753216,1701984220
at_projections,"-5.-13.7.-7",24631345152,518311374
at_projections,"-5.-14.-11.25",1368408064,173604180
at_projections,"-5.-14.-15.32",8210448384,804590016
at_projections,"-5.-14.-3.11",13684080640,929019340
at_projections,"-5.-14.-7.18",13684080640,983241370
at_projections,"-5.-14.1.4",35578609664,2485530216
at_projections,"-5.-14.13.-17",6842040320,334260436
at_projections,"-5.-14.17.-24",2736816128,277493454
at_projections,"-5.-14.21.-31",1368408064,173604180
at_projections,"-5.-14.5.-3",17789304832,1034460636
at_projections,"-5.-14.9.-10",24631345152,518311374
at_projections,"-5.-15.-1.8",16420896768,1445986240
at_projections,"-5.-15.-13.29",1368408064,180168928
at_projections,"-5.-15.-5.15",12315672576,748850412
at_projections,"-5.-15.-9.22",5473632256,287623116
at_projections,"-5.-15.11.-13",24631345152,518311374
at_projections,"-5.-15.15.-20",5473632256,418124800
at_projections,"-5.-15.19.-27",2736816128,277493454
at_projections,"-5.-15.23.-34",1368408064,173604180
at_projections,"-5.-15.3.1",21894529024,1699580316
at_projections,"-5.-15.7.-6",12315672576,609771088
at_projections,"-5.-16.-11.26",5473632256,287623116
at_projections,"-5.-16.-15.33",5473632256,581459640
at_projections,"-5.-16.-3.12",6842040320,461227296
at_projections,"-5.-16.-7.19",10947264512,575246232
at_projections,"-5.-16.1.5",16420896768,1445986240
at_projections,"-5.-16.13.-16",13684080640,397902414
at_projections,"-5.-16.17.-23",1368408064,173604180
at_projections,"-5.-16.21.-30",2736816128,277493454
at_projections,"-5.-16.5.-2",5473632256,275510652
at_projections,"-5.-16.9.-9",12315672576,609771088
at_projections,"-5.-17.-1.9",10947264512,1162919280
at_projections,"-5.-17.-13.30",10947264512,869082756
at_projections,"-5.-17.-5.16",8210448384,565116570
at_projections,"-5.-17.-9.23",10947264512,575246232
at_projections,"-5.-17.11.-12",10947264512,436166908
at_projections,"-5.-17.19.-26",1368408064,173604180
at_projections,"-5.-17.23.-33",4105224192,457662382
at_projections,"-5.-17.3.2",13684080640,929019340
at_projections,"-5.-17.7.-5",5473632256,275510652
at_projections,"-5.-18.-11.27",10947264512,575246232
at_projections,"-5.-18.-15.34",6842040320,467792044
at_projections,"-5.-18.-3.13",4105224192,457662382
at_projections,"-5.-18.-7.20",5473632256,287623116
at_projections,"-5.-18.1.6",10947264512,1162919280
at_projections,"-5.-18.13.-15",10947264512,436166908
at_projections,"-5.-18.21.-29",2736816128,290729820
at_projections,"-5.-18.5.-1",10947264512,705747916
at_projections,"-5.-18.9.-8",5473632256,275510652
at_projections,"-5.-19.-1.10",15052488704,1539745852
at_projections,"-5.-19.-13.31",17789304832,1199667320
at_projections,"-5.-19.-17.38",5473632256,287623116
at_projections,"-5.-19.-9.24",5473632256,287623116
at_projections,"-5.-19.11.-11",5473632256,275510652
at_projections,"-5.-19.15.-18",5473632256,275510652
at_projections,"-5.-19.19.-25",1368408064,180168928
at_projections,"-5.-19.23.-32",2736816128,290729820
at_projections,"-5.-19.3.3",6842040320,461227296
at_projections,"-5.-19.7.-4",1368408064,173604180
at_projections,"-5.-2.-11.19",28736569344,334260436
at_projections,"-5.-2.-19.33",10947264512,856970292
at_projections,"-5.-2.-23.40",5473632256,275510652
at_projections,"-5.-2.-3.5",5473632256,160656256
at_projections,"-5.-2.-7.12",39683833856,1571127972
at_projections,"-5.-2.9.-16",1368408064,173604180
at_projections,"-5.-20.-11.28",6842040320,467792044
at_projections,"-5.-20.-15.35",10947264512,575246232
at_projections,"-5.-20.-3.14",5473632256,581459640
at_projections,"-5.-20.1.7",15052488704,1539745852
at_projections,"-5.-20.13.-14",6842040320,449114832
at_projections,"-5.-20.17.-21",5473632256,275510652
at_projections,"-5.-20.21.-28",6842040320,624421088
at_projections,"-5.-20.5.0",12315672576,748850412
at_projections,"-5.-20.9.-7",4105224192,451097634
at_projections,"-5.-21.-1.11",8210448384,928668000
at_projections,"-5.-21.-13.32",8210448384,578352936
at_projections,"-5.-21.-5.18",1368408064,180168928
at_projections,"-5.-21.11.-10",2736816128,277493454
at_projections,"-5.-21.15.-17",5473632256,275510652
at_projections,"-5.-21.19.-24",10947264512,856970292
at_projections,"-5.-21.23.-31",1368408064,180168928
at_projections,"-5.-21.3.4",4105224192,457662382
at_projections,"-5.-21.7.-3",13684080640,983241370
at_projections,"-5.-22.-11.29",2736816128,290729820
at_projections,"-5.-22.-15.36",5473632256,287623116
at_projections,"-5.-22.-3.15",8210448384,804590016
at_projections,"-5.-22.1.8",8210448384,928668000
at_projections,"-5.-22.13.-13",2736816128,277493454
at_projections,"-5.-22.17.-20",6842040320,455679580
at_projections,"-5.-22.21.-27",10947264512,856970292
at_projections,"-5.-22.5.1",8210448384,565116570
at_projections,"-5.-22.9.-6",4105224192,451097634
at_projections,"-5.-23.-1.12",1368408064,180168928
at_projections,"-5.-23.-5.19",5473632256,581459640
at_projections,"-5.-23.11.-9",4105224192,451097634
at_projections,"-5.-23.15.-16",2736816128,277493454
at_projections,"-5.-23.19.-23",13684080640,1080100668
at_projections,"-5.-23.23.-30",5473632256,275510652
at_projections,"-5.-23.3.5",5473632256,581459640
at_projections,"-5.-23.7.-2",10947264512,575246232
at_projections,"-5.-24.-11.30",1368408064,180168928
at_projections,"-5.-24.-3.16",5473632256,581459640
at_projections,"-5.-24.-7.23",1368408064,180168928
at_projections,"-5.-24.1.9",1368408064,180168928
at_projections,"-5.-24.13.-12",2736816128,277493454
at_projections,"-5.-24.17.-19",5473632256,581459640
at_projections,"-5.-24.21.-26",6842040320,455679580
at_projections,"-5.-24.25.-33",5473632256,275510652
at_projections,"-5.-24.9.-5",5473632256,287623116
at_projections,"-5.-25.-5.20",10947264512,1008875868
at_projections,"-5.-25.11.-8",1368408064,173604180
at_projections,"-5.-25.15.-15",1368408064,180168928
at_projections,"-5.-25.19.-22",5473632256,581459640
at_projections,"-5.-25.23.-29",5473632256,275510652
at_projections,"-5.-25.27.-36",5473632256,275510652
at_projections,"-5.-25.3.6",8210448384,804590016
at_projections,"-5.-25.7.-1",5473632256,287623116
at_projections,"-5.-26.-3.17",1368408064,180168928
at_projections,"-5.-26.-7.24",5473632256,581459640
at_projections,"-5.-26.13.-11",1368408064,173604180
at_projections,"-5.-26.17.-18",8210448384,804590016
at_projections,"-5.-26.25.-32",5473632256,275510652
at_projections,"-5.-26.5.3",1368408064,180168928
at_projections,"-5.-26.9.-4",10947264512,575246232
at_projections,"-5.-27.-5.21",8210448384,785745492
at_projections,"-5.-27.-9.28",1368408064,180168928
at_projections,"-5.-27.11.-7",5473632256,287623116
at_projections,"-5.-27.15.-14",10947264512,999584440
at_projections,"-5.-27.19.-21",1368408064,180168928
at_projections,"-5.-27.27.-35",5473632256,275510652
at_projections,"-5.-27.3.7",5473632256,581459640
at_projections,"-5.-28.-7.25",8210448384,804590016
at_projections,"-5.-28.13.-10",1368408064,180168928
at_projections,"-5.-28.17.-17",6842040320,755063820
at_projections,"-5.-28.5.4",5473632256,581459640
at_projections,"-5.-28.9.-3",5473632256,287623116
at_projections,"-5.-29.-5.22",1368408064,180168928
at_projections,"-5.-29.-9.29",2736816128,290729820
at_projections,"-5.-29.11.-6",10947264512,575246232
at_projections,"-5.-29.15.-13",8210448384,804590016
at_projections,"-5.-29.19.-20",1368408064,173604180
at_projections,"-5.-29.3.8",1368408064,180168928
at_projections,"-5.-3.-1.2",5473632256,160656256
at_projections,"-5.-3.-13.23",13684080640,397902414
at_projections,"-5.-3.-17.30",5473632256,275510652
at_projections,"-5.-3.-21.37",6842040320,455679580
at_projections,"-5.-3.-5.9",34210201600,1283504856
at_projections,"-5.-3.-9.16",32841793536,321312512
at_projections,"-5.-3.11.-19",5473632256,418124800
at_projections,"-5.-3.15.-26",5473632256,287623116
at_projections,"-5.-3.7.-12",1368408064,180168928
at_projections,"-5.-30.-7.26",5473632256,581459640
at_projections,"-5.-30.13.-9",10947264512,869082756
at_projections,"-5.-30.17.-16",4105224192,457662382
at_projections,"-5.-30.5.5",10947264512,1008875868
at_projections,"-5.-31.-9.30",1368408064,180168928
at_projections,"-5.-31.11.-5",6842040320,467792044
at_projections,"-5.-31.15.-12",5473632256,581459640
at_projections,"-5.-31.7.2",1368408064,180168928
at_projections,"-5.-32.-3.20",1368408064,173604180
at_projections,"-5.-32.-7.27",4105224192,457662382
at_projections,"-5.-32.13.-8",17789304832,1199667320
at_projections,"-5.-32.5.6",8210448384,785745492
at_projections,"-5.-33.-1.17",1368408064,173604180
at_projections,"-5.-33.-5.24",2736816128,277493454
at_projections,"-5.-33.11.-4",2736816128,290729820
at_projections,"-5.-33.15.-11",6842040320,467792044
at_projections,"-5.-33.7.3",5473632256,581459640
at_projections,"-5.-34.-3.21",2736816128,277493454
at_projections,"-5.-34.1.14",1368408064,173604180
at_projections,"-5.-34.13.-7",8210448384,578352936
at_projections,"-5.-34.5.7",1368408064,180168928
at_projections,"-5.-35.-5.25",1368408064,173604180
at_projections,"-5.-35.11.-3",1368408064,180168928
at_projections,"-5.-35.15.-10",10947264512,575246232
at_projections,"-5.-35.3.11",1368408064,173604180
at_projections,"-5.-35.7.4",8210448384,804590016
at_projections,"-5.-36.17.-13",5473632256,287623116
at_projections,"-5.-36.9.1",1368408064,180168928
at_projections,"-5.-37.15.-9",5473632256,287623116
at_projections,"-5.-37.3.12",2736816128,277493454
at_projections,"-5.-37.7.5",5473632256,581459640
at_projections,"-5.-38.5.9",2736816128,277493454
at_projections,"-5.-38.9.2",2736816128,290729820
at_projections,"-5.-39.7.6",4105224192,457662382
at_projections,"-5.-4.-11.20",24631345152,518311374
at_projections,"-5.-4.-15.27",5473632256,275510652
at_projections,"-5.-4.-19.34",13684080640,1080100668
at_projections,"-5.-4.-3.6",27368161280,658942720
at_projections,"-5.-4.-7.13",39683833856,789104556
at_projections,"-5.-4.1.-1",5473632256,160656256
at_projections,"-5.-4.13.-22",6842040320,461227296
at_projections,"-5.-4.9.-15",1368408064,180168928
at_projections,"-5.-40.5.10",1368408064,173604180
at_projections,"-5.-40.9.3",1368408064,180168928
at_projections,"-5.-5.-1.3",23262937088,414422100
at_projections,"-5.-5.-13.24",10947264512,436166908
at_projections,"-5.-5.-17.31",6842040320,455679580
at_projections,"-5.-5.-5.10",51999506432,1701148760
at_projections,"-5.-5.-9.17",24631345152,518311374
at_projections,"-5.-5.11.-18",5473632256,287623116
at_projections,"-5.-5.15.-25",12315672576,748850412
at_projections,"-5.-5.3.-4",5473632256,160656256
at_projections,"-5.-5.7.-11",5473632256,581459640
at_projections,"-5.-6.-11.21",10947264512,436166908
at_projections,"-5.-6.-15.28",5473632256,275510652
at_projections,"-5.-6.-19.35",5473632256,581459640
at_projections,"-5.-6.-3.7",39683833856,789104556
at_projections,"-5.-6.-7.14",24631345152,518311374
at_projections,"-5.-6.1.0",23262937088,414422100
at_projections,"-5.-6.13.-21",13684080640,852739686
at_projections,"-5.-6.17.-28",5473632256,287623116
at_projections,"-5.-6.5.-7",9578856448,618318638
at_projections,"-5.-6.9.-14",8210448384,578352936
at_projections,"-5.-7.-1.4",38315425792,876299420
at_projections,"-5.-7.-13.25",6842040320,449114832
at_projections,"-5.-7.-17.32",5473632256,581459640
at_projections,"-5.-7.-5.11",32841793536,1109900676
at_projections,"-5.-7.-9.18",12315672576,609771088
at_projections,"-5.-7.11.-17",10947264512,575246232
at_projections,"-5.-7.15.-24",8210448384,565116570
at_projections,"-5.-7.3.-3",27368161280,658942720
at_projections,"-5.-7.7.-10",19157712896,1252869388
at_projections,"-5.-8.-11.22",5473632256,275510652
at_projections,"-5.-8.-15.29",2736816128,277493454
at_projections,"-5.-8.-19.36",1368408064,180168928
at_projections,"-5.-8.-3.8",39683833856,1571127972
at_projections,"-5.-8.-7.15",12315672576,609771088
at_projections,"-5.-8.1.1",38315425792,876299420
at_projections,"-5.-8.13.-20",5473632256,287623116
at_projections,"-5.-8.17.-27",2736816128,277493454
at_projections,"-5.-8.5.-6",34210201600,1283504856
at_projections,"-5.-8.9.-13",17789304832,916071416
at_projections,"-5.-9.-1.5",27368161280,528441036
at_projections,"-5.-9.-13.26",2736816128,277493454
at_projections,"-5.-9.-17.33",8210448384,804590016
at_projections,"-5.-9.-5.12",17789304832,1034460636
at_projections,"-5.-9.-9.19",5473632256,275510652
at_projections,"-5.-9.11.-16",5473632256,287623116
at_projections,"-5.-9.3.-2",39683833856,789104556
at_projections,"-5.-9.7.-9",39683833856,1571127972
at_projections,"-5.0.-11.18",10947264512,120408960
at_projections,"-5.0.-15.25",5473632256,418124800
at_projections,"-5.0.-19.32",1368408064,180168928
at_projections,"-5.0.-23.39",5473632256,275510652
at_projections,"-5.0.-27.46",5473632256,275510652
at_projections,"-5.0.-7.11",19157712896,1252869388
at_projections,"-5.0.5.-10",2736816128,204285852
at_projections,"-5.0.9.-17",2736816128,277493454
at_projections,"-5.1.-17.28",1368408064,173604180
at_projections,"-5.1.-21.35",6842040320,624421088
at_projections,"-5.1.-25.42",5473632256,275510652
at_projections,"-5.1.-9.14",17789304832,916071416
at_projections,"-5.1.7.-14",2736816128,277493454
at_projections,"-5.10.-15.20",12315672576,748850412
at_projections,"-5.10.-3.-1",2736816128,277493454
at_projections,"-5.11.-17.23",5473632256,287623116
at_projections,"-5.12.-15.19",5473632256,287623116
at_projections,"-5.2.-11.17",5473632256,287623116
at_projections,"-5.2.-19.31",1368408064,173604180
at_projections,"-5.2.-23.38",1368408064,180168928
at_projections,"-5.2.-27.45",5473632256,275510652
at_projections,"-5.2.-7.10",5473632256,581459640
at_projections,"-5.2.5.-11",5473632256,481779306
at_projections,"-5.3.-17.27",2736816128,277493454
at_projections,"-5.3.-21.34",2736816128,290729820
at_projections,"-5.3.-9.13",8210448384,578352936
at_projections,"-5.3.3.-8",2736816128,277493454
at_projections,"-5.4.-11.16",10947264512,575246232
at_projections,"-5.4.-19.30",2736816128,277493454
at_projections,"-5.4.-23.37",2736816128,290729820
at_projections,"-5.4.-7.9",1368408064,180168928
at_projections,"-5.4.5.-12",1368408064,173604180
at_projections,"-5.5.-13.19",5473632256,287623116
at_projections,"-5.5.-21.33",2736816128,277493454
at_projections,"-5.5.-5.5",2736816128,204285852
at_projections,"-5.5.-9.12",1368408064,180168928
at_projections,"-5.5.3.-9",2736816128,347208360
at_projections,"-5.6.-11.15",5473632256,287623116
at_projections,"-5.6.-23.36",4105224192,457662382
at_projections,"-5.6.-3.1",2736816128,277493454
at_projections,"-5.6.-7.8",1368408064,173604180
at_projections,"-5.6.1.-6",6842040320,591728980
at_projections,"-5.7.-1.-3",6842040320,591728980
at_projections,"-5.7.-13.18",13684080640,852739686
at_projections,"-5.7.-17.25",1368408064,173604180
at_projections,"-5.7.-21.32",1368408064,173604180
at_projections,"-5.7.-5.4",5473632256,481779306
at_projections,"-5.7.-9.11",1368408064,173604180
at_projections,"-5.7.3.-10",2736816128,277493454
at_projections,"-5.8.-11.14",5473632256,418124800
at_projections,"-5.8.-15.21",8210448384,565116570
at_projections,"-5.8.-19.28",1368408064,173604180
at_projections,"-5.8.-23.35",1368408064,173604180
at_projections,"-5.8.-3.0",2736816128,347208360
at_projections,"-5.8.-7.7",2736816128,277493454
at_projections,"-5.8.1.-7",2736816128,277493454
at_projections,"-5.9.-1.-4",2736816128,277493454
at_projections,"-5.9.-13.17",6842040320,461227296
at_projections,"-5.9.-17.24",2736816128,277493454
at_projections,"-5.9.-5.3",1368408064,173604180
at_projections,"-5.9.-9.10",2736816128,277493454
at_projections,"-6.-1.-16.27",1368408064,173604180
at_projections,"-6.-1.-20.34",1368408064,180168928
at_projections,"-6.-1.-24.41",2736816128,204285852
at_projections,"-6.-1.-8.13",17789304832,1206484680
at_projections,"-6.-1.4.-8",1368408064,173604180
at_projections,"-6.-10.-10.21",10947264512,310278144
at_projections,"-6.-10.-14.28",2736816128,277493454
at_projections,"-6.-10.-18.35",8210448384,804590016
at_projections,"-6.-10.-2.7",27368161280,662225256
at_projections,"-6.-10.-6.14",8210448384,514429364
at_projections,"-6.-10.10.-14",10947264512,331281408
at_projections,"-6.-10.14.-21",6842040320,595011516
at_projections,"-6.-10.2.0",35578609664,598805966
at_projections,"-6.-10.6.-7",38315425792,1661809696
at_projections,"-6.-11.-12.25",5473632256,481779306
at_projections,"-6.-11.-16.32",1368408064,180168928
at_projections,"-6.-11.-4.11",23262937088,1764543640
at_projections,"-6.-11.-8.18",5473632256,408571704
at_projections,"-6.-11.0.4",24631345152,588026280
at_projections,"-6.-11.12.-17",5473632256,421407336
at_projections,"-6.-11.16.-24",1368408064,173604180
at_projections,"-6.-11.4.-3",42420649984,1200382230
at_projections,"-6.-11.8.-10",38315425792,1153558968
at_projections,"-6.-12.-14.29",1368408064,173604180
at_projections,"-6.-12.-18.36",5473632256,581459640
at_projections,"-6.-12.-2.8",17789304832,672106592
at_projections,"-6.-12.-6.15",13684080640,587771598
at_projections,"-6.-12.10.-13",16420896768,541816296
at_projections,"-6.-12.18.-27",5473632256,418124800
at_projections,"-6.-12.2.1",27368161280,662225256
at_projections,"-6.-12.6.-6",51999506432,1457183936
at_projections,"-6.-13.-12.26",1368408064,173604180
at_projections,"-6.-13.-16.33",6842040320,755063820
at_projections,"-6.-13.-4.12",13684080640,1267524798
at_projections,"-6.-13.-8.19",2736816128,204285852
at_projections,"-6.-13.0.5",19157712896,1207756780
at_projections,"-6.-13.4.-2",38315425792,1153558968
at_projections,"-6.-13.8.-9",39683833856,922888776
at_projections,"-6.-14.-10.23",8210448384,695618254
at_projections,"-6.-14.-14.30",1368408064,173604180
at_projections,"-6.-14.-18.37",4105224192,457662382
at_projections,"-6.-14.-2.9",30104977408,2012045910
at_projections,"-6.-14.-6.16",1368408064,173604180
at_projections,"-6.-14.10.-12",27368161280,160656256
at_projections,"-6.-14.2.2",17789304832,672106592
at_projections,"-6.-14.6.-5",32841793536,1243684896
at_projections,"-6.-15.-12.27",5473632256,418124800
at_projections,"-6.-15.-16.34",10947264512,1082083470
at_projections,"-6.-15.-4.13",10947264512,979466296
at_projections,"-6.-15.-8.20",4105224192,451097634
at_projections,"-6.-15.0.6",43789058048,2201367660
at_projections,"-6.-15.12.-15",5473632256,160656256
at_projections,"-6.-15.20.-29",2736816128,277493454
at_projections,"-6.-15.4.-1",23262937088,1764543640
at_projections,"-6.-15.8.-8",21894529024,240817920
at_projections,"-6.-16.-10.24",1368408064,173604180
at_projections,"-6.-16.-14.31",4105224192,457662382
at_projections,"-6.-16.-2.10",25999753216,1727600404
at_projections,"-6.-16.-6.17",9578856448,872504970
at_projections,"-6.-16.10.-11",24631345152,518311374
at_projections,"-6.-16.14.-18",1368408064,173604180
at_projections,"-6.-16.2.3",30104977408,2012045910
at_projections,"-6.-16.6.-4",8210448384,514429364
at_projections,"-6.-17.-16.35",5473632256,581459640
at_projections,"-6.-17.-4.14",13684080640,608774862
at_projections,"-6.-17.-8.21",9578856448,872504970
at_projections,"-6.-17.0.7",19157712896,1754646740
at_projections,"-6.-17.12.-14",13684080640,397902414
at_projections,"-6.-17.16.-21",1368408064,173604180
at_projections,"-6.-17.20.-28",2736816128,277493454
at_projections,"-6.-17.4.0",13684080640,1267524798
at_projections,"-6.-17.8.-7",13684080640,783066908
at_projections,"-6.-18.-10.25",5473632256,421407336
at_projections,"-6.-18.-14.32",5473632256,581459640
at_projections,"-6.-18.-2.11",10947264512,1002866976
at_projections,"-6.-18.-6.18",13684080640,608774862
at_projections,"-6.-18.10.-10",6842040320,334260436
at_projections,"-6.-18.14.-17",2736816128,277493454
at_projections,"-6.-18.18.-24",5473632256,418124800
at_projections,"-6.-18.2.4",25999753216,1727600404
at_projections,"-6.-18.22.-31",2736816128,277493454
at_projections,"-6.-18.6.-3",13684080640,587771598
at_projections,"-6.-19.-12.29",5473632256,421407336
at_projections,"-6.-19.-16.36",1368408064,180168928
at_projections,"-6.-19.-4.15",8210448384,698900790
at_projections,"-6.-19.-8.22",10947264512,331281408
at_projections,"-6.-19.0.8",10947264512,1162919280
at_projections,"-6.-19.12.-13",9578856448,538546288
at_projections,"-6.-19.16.-20",2736816128,277493454
at_projections,"-6.-19.20.-27",1368408064,173604180
at_projections,"-6.-19.24.-34",4105224192,457662382
at_projections,"-6.-19.4.1",10947264512,979466296
at_projections,"-6.-19.8.-6",5473632256,408571704
at_projections,"-6.-2.-10.17",16420896768,541816296
at_projections,"-6.-2.-14.24",1368408064,173604180
at_projections,"-6.-2.-22.38",5473632256,581459640
at_projections,"-6.-2.-26.45",10947264512,310278144
at_projections,"-6.-2.-6.10",6842040320,340825184
at_projections,"-6.-2.6.-11",6842040320,449114832
at_projections,"-6.-20.-10.26",10947264512,331281408
at_projections,"-6.-20.-14.33",13684080640,1225997352
at_projections,"-6.-20.-2.12",5473632256,637831310
at_projections,"-6.-20.-6.19",5473632256,421407336
at_projections,"-6.-20.10.-9",10947264512,310278144
at_projections,"-6.-20.2.5",10947264512,1002866976
at_projections,"-6.-20.22.-30",4105224192,464334000
at_projections,"-6.-20.6.-2",1368408064,173604180
at_projections,"-6.-21.-12.30",12315672576,511450336
at_projections,"-6.-21.-16.37",5473632256,421407336
at_projections,"-6.-21.-4.16",1368408064,173604180
at_projections,"-6.-21.-8.23",5473632256,421407336
at_projections,"-6.-21.0.9",16420896768,1609180032
at_projections,"-6.-21.12.-12",5473632256,408571704
at_projections,"-6.-21.16.-19",2736816128,204285852
at_projections,"-6.-21.20.-26",1368408064,180168928
at_projections,"-6.-21.24.-33",2736816128,290729820
at_projections,"-6.-21.4.2",13684080640,608774862
at_projections,"-6.-21.8.-5",2736816128,204285852
at_projections,"-6.-22.-10.27",5473632256,421407336
at_projections,"-6.-22.-14.34",16420896768,912741048
at_projections,"-6.-22.-2.13",6842040320,755063820
at_projections,"-6.-22.14.-15",10947264512,310278144
at_projections,"-6.-22.2.6",5473632256,637831310
at_projections,"-6.-22.22.-29",6842040320,624421088
at_projections,"-6.-22.6.-1",9578856448,872504970
at_projections,"-6.-23.-12.31",10947264512,1002866976
at_projections,"-6.-23.-16.38",10947264512,331281408
at_projections,"-6.-23.-4.17",1368408064,180168928
at_projections,"-6.-23.0.10",21894529024,1999168880
at_projections,"-6.-23.12.-11",5473632256,481779306
at_projections,"-6.-23.16.-18",5473632256,408571704
at_projections,"-6.-23.20.-25",8210448384,785745492
at_projections,"-6.-23.24.-32",1368408064,180168928
at_projections,"-6.-23.4.3",8210448384,698900790
at_projections,"-6.-23.8.-4",4105224192,451097634
at_projections,"-6.-24.-14.35",6842040320,601576264
at_projections,"-6.-24.-2.14",8210448384,804590016
at_projections,"-6.-24.10.-7",8210448384,695618254
at_projections,"-6.-24.14.-14",2736816128,277493454
at_projections,"-6.-24.18.-21",12315672576,490447072
at_projections,"-6.-24.2.7",6842040320,755063820
at_projections,"-6.-24.22.-28",5473632256,581459640
at_projections,"-6.-24.6.0",13684080640,608774862
at_projections,"-6.-25.-12.32",6842040320,624421088
at_projections,"-6.-25.-4.18",5473632256,581459640
at_projections,"-6.-25.0.11",2736816128,360337856
at_projections,"-6.-25.12.-10",1368408064,173604180
at_projections,"-6.-25.16.-17",2736816128,204285852
at_projections,"-6.-25.20.-24",13684080640,1213161720
at_projections,"-6.-25.24.-31",2736816128,204285852
at_projections,"-6.-25.4.4",1368408064,173604180
at_projections,"-6.-25.8.-3",9578856448,872504970
at_projections,"-6.-26.-10.29",1368408064,180168928
at_projections,"-6.-26.-2.15",5473632256,581459640
at_projections,"-6.-26.-6.22",1368408064,180168928
at_projections,"-6.-26.10.-6",1368408064,173604180
at_projections,"-6.-26.14.-13",1368408064,173604180
at_projections,"-6.-26.18.-20",5473632256,581459640
at_projections,"-6.-26.2.8",8210448384,804590016
at_projections,"-6.-26.22.-27",12315672576,490447072
at_projections,"-6.-26.6.1",5473632256,421407336
at_projections,"-6.-27.-12.33",2736816128,290729820
at_projections,"-6.-27.-4.19",8210448384,804590016
at_projections,"-6.-27.12.-9",5473632256,418124800
at_projections,"-6.-27.16.-16",1368408064,180168928
at_projections,"-6.-27.20.-23",8210448384,785745492
at_projections,"-6.-27.24.-30",5473632256,408571704
at_projections,"-6.-27.4.5",1368408064,180168928
at_projections,"-6.-27.8.-2",10947264512,331281408
at_projections,"-6.-28.-10.30",2736816128,290729820
at_projections,"-6.-28.-2.16",1368408064,180168928
at_projections,"-6.-28.-6.23",10947264512,856970292
at_projections,"-6.-28.10.-5",5473632256,421407336
at_projections,"-6.-28.14.-12",1368408064,173604180
at_projections,"-6.-28.18.-19",8210448384,804590016
at_projections,"-6.-28.2.9",5473632256,581459640
at_projections,"-6.-28.26.-33",10947264512,310278144
at_projections,"-6.-29.-4.20",5473632256,581459640
at_projections,"-6.-29.-8.27",1368408064,180168928
at_projections,"-6.-29.16.-15",6842040320,755063820
at_projections,"-6.-29.20.-22",1368408064,180168928
at_projections,"-6.-29.24.-29",2736816128,204285852
at_projections,"-6.-29.4.6",5473632256,581459640
at_projections,"-6.-29.8.-1",5473632256,421407336
at_projections,"-6.-3.-12.21",5473632256,160656256
at_projections,"-6.-3.-16.28",2736816128,277493454
at_projections,"-6.-3.-20.35",8210448384,785745492
at_projections,"-6.-3.-24.42",5473632256,408571704
at_projections,"-6.-3.-4.7",5473632256,160656256
at_projections,"-6.-3.-8.14",38315425792,1153558968
at_projections,"-6.-3.8.-14",5473632256,418124800
at_projections,"-6.-30.-10.31",1368408064,180168928
at_projections,"-6.-30.-6.24",8210448384,804590016
at_projections,"-6.-30.10.-4",10947264512,331281408
at_projections,"-6.-30.14.-11",4105224192,457662382
at_projections,"-6.-30.18.-18",5473632256,581459640
at_projections,"-6.-30.2.10",1368408064,180168928
at_projections,"-6.-31.-4.21",1368408064,180168928
at_projections,"-6.-31.-8.28",5473632256,581459640
at_projections,"-6.-31.12.-7",5473632256,421407336
at_projections,"-6.-31.16.-14",10947264512,1082083470
at_projections,"-6.-31.4.7",8210448384,804590016
at_projections,"-6.-32.-6.25",5473632256,581459640
at_projections,"-6.-32.10.-3",5473632256,421407336
at_projections,"-6.-32.14.-10",5473632256,581459640
at_projections,"-6.-32.18.-17",4105224192,457662382
at_projections,"-6.-32.6.4",1368408064,180168928
at_projections,"-6.-33.-8.29",6842040320,624421088
at_projections,"-6.-33.12.-6",12315672576,511450336
at_projections,"-6.-33.16.-13",5473632256,581459640
at_projections,"-6.-33.4.8",5473632256,581459640
at_projections,"-6.-34.-6.26",1368408064,180168928
at_projections,"-6.-34.14.-9",13684080640,1225997352
at_projections,"-6.-34.6.5",10947264512,856970292
at_projections,"-6.-35.-4.23",2736816128,277493454
at_projections,"-6.-35.-8.30",4105224192,464334000
at_projections,"-6.-35.12.-5",10947264512,1002866976
at_projections,"-6.-35.16.-12",1368408064,180168928
at_projections,"-6.-35.4.9",1368408064,180168928
at_projections,"-6.-36.-6.27",5473632256,418124800
at_projections,"-6.-36.10.-1",1368408064,180168928
at_projections,"-6.-36.14.-8",16420896768,912741048
at_projections,"-6.-36.6.6",8210448384,804590016
at_projections,"-6.-37.12.-4",6842040320,624421088
at_projections,"-6.-37.16.-11",5473632256,421407336
at_projections,"-6.-37.8.3",1368408064,180168928
at_projections,"-6.-38.10.0",2736816128,290729820
at_projections,"-6.-38.14.-7",6842040320,601576264
at_projections,"-6.-38.6.7",5473632256,581459640
at_projections,"-6.-39.12.-3",2736816128,290729820
at_projections,"-6.-39.16.-10",10947264512,331281408
at_projections,"-6.-39.4.11",2736816128,277493454
at_projections,"-6.-39.8.4",5473632256,581459640
at_projections,"-6.-4.-10.18",27368161280,160656256
at_projections,"-6.-4.-14.25",2736816128,277493454
at_projections,"-6.-4.-2.4",5473632256,160656256
at_projections,"-6.-4.-22.39",12315672576,490447072
at_projections,"-6.-4.-6.11",38315425792,1661809696
at_projections,"-6.-4.10.-17",1368408064,173604180
at_projections,"-6.-40.10.1",1368408064,180168928
at_projections,"-6.-40.6.8",1368408064,180168928
at_projections,"-6.-41.8.5",6842040320,624421088
at_projections,"-6.-42.6.9",5473632256,418124800
at_projections,"-6.-43.8.6",4105224192,464334000
at_projections,"-6.-5.-12.22",13684080640,397902414
at_projections,"-6.-5.-16.29",2736816128,204285852
at_projections,"-6.-5.-20.36",13684080640,1213161720
at_projections,"-6.-5.-24.43",2736816128,204285852
at_projections,"-6.-5.-4.8",23262937088,414422100
at_projections,"-6.-5.-8.15",39683833856,922888776
at_projections,"-6.-5.0.1",5473632256,160656256
at_projections,"-6.-5.12.-20",1368408064,173604180
at_projections,"-6.-6.-10.19",24631345152,518311374
at_projections,"-6.-6.-18.33",12315672576,490447072
at_projections,"-6.-6.-2.5",21894529024,240817920
at_projections,"-6.-6.-6.12",51999506432,1457183936
at_projections,"-6.-6.10.-16",2736816128,277493454
at_projections,"-6.-6.14.-23",5473632256,421407336
at_projections,"-6.-6.2.-2",5473632256,160656256
at_projections,"-6.-7.-12.23",9578856448,538546288
at_projections,"-6.-7.-16.30",5473632256,408571704
at_projections,"-6.-7.-20.37",8210448384,785745492
at_projections,"-6.-7.-4.9",42420649984,1200382230
at_projections,"-6.-7.-8.16",21894529024,240817920
at_projections,"-6.-7.0.2",21894529024,240817920
at_projections,"-6.-7.12.-19",8210448384,698900790
at_projections,"-6.-7.16.-26",10947264512,331281408
at_projections,"-6.-7.4.-5",5473632256,160656256
at_projections,"-6.-7.8.-12",2736816128,290729820
at_projections,"-6.-8.-10.20",6842040320,334260436
at_projections,"-6.-8.-14.27",10947264512,310278144
at_projections,"-6.-8.-18.34",5473632256,581459640
at_projections,"-6.-8.-2.6",35578609664,598805966
at_projections,"-6.-8.-6.13",32841793536,1243684896
at_projections,"-6.-8.10.-15",5473632256,421407336
at_projections,"-6.-8.14.-22",13684080640,608774862
at_projections,"-6.-8.2.-1",21894529024,240817920
at_projections,"-6.-8.6.-8",6842040320,340825184
at_projections,"-6.-9.-12.24",5473632256,408571704
at_projections,"-6.-9.-16.31",2736816128,204285852
at_projections,"-6.-9.-20.38",1368408064,180168928
at_projections,"-6.-9.-4.10",38315425792,1153558968
at_projections,"-6.-9.-8.17",13684080640,783066908
at_projections,"-6.-9.0.3",32841793536,321312512
at_projections,"-6.-9.12.-18",10947264512,331281408
at_projections,"-6.-9.16.-25",8210448384,698900790
at_projections,"-6.-9.4.-4",23262937088,414422100
at_projections,"-6.-9.8.-11",17789304832,1206484680
at_projections,"-6.0.-10.16",10947264512,331281408
at_projections,"-6.0.-18.30",5473632256,418124800
at_projections,"-6.0.-22.37",6842040320,624421088
at_projections,"-6.0.6.-12",2736816128,277493454
at_projections,"-6.1.-12.19",5473632256,421407336
at_projections,"-6.1.-20.33",1368408064,173604180
at_projections,"-6.1.-24.40",1368408064,180168928
at_projections,"-6.1.-8.12",2736816128,290729820
at_projections,"-6.1.4.-9",2736816128,277493454
at_projections,"-6.2.-10.15",5473632256,421407336
at_projections,"-6.2.-22.36",4105224192,464334000
at_projections,"-6.2.2.-6",2736816128,277493454
at_projections,"-6.3.-12.18",10947264512,331281408
at_projections,"-6.3.-20.32",2736816128,277493454
at_projections,"-6.3.-24.39",2736816128,290729820
at_projections,"-6.3.-4.4",1368408064,173604180
at_projections,"-6.3.0.-3",5473632256,554986908
at_projections,"-6.3.4.-10",1368408064,173604180
at_projections,"-6.4.-10.14",2736816128,277493454
at_projections,"-6.4.-14.21",6842040320,595011516
at_projections,"-6.4.-2.0",2736816128,277493454
at_projections,"-6.4.-22.35",2736816128,277493454
at_projections,"-6.4.-6.7",6842040320,449114832
at_projections,"-6.4.2.-7",6842040320,591728980
at_projections,"-6.5.-12.17",8210448384,698900790
at_projections,"-6.5.-16.24",1368408064,173604180
at_projections,"-6.5.-20.31",2736816128,277493454
at_projections,"-6.5.-24.38",4105224192,457662382
at_projections,"-6.5.-4.3",2736816128,277493454
at_projections,"-6.5.-8.10",5473632256,418124800
at_projections,"-6.5.0.-4",2736816128,347208360
at_projections,"-6.6.-10.13",1368408064,173604180
at_projections,"-6.6.-14.20",13684080640,608774862
at_projections,"-6.6.-18.27",5473632256,418124800
at_projections,"-6.6.-2.-1",6842040320,591728980
at_projections,"-6.6.-6.6",2736816128,277493454
at_projections,"-6.7.-12.16",1368408064,173604180
at_projections,"-6.7.-16.23",8210448384,698900790
at_projections,"-6.7.-4.2",1368408064,173604180
at_projections,"-6.8.-14.19",5473632256,421407336
at_projections,"-6.9.-16.22",10947264512,331281408
at_projections,"-7.-1.-11.18",10947264512,575246232
at_projections,"-7.-1.-19.32",1368408064,173604180
at_projections,"-7.-1.-23.39",6842040320,624421088
at_projections,"-7.-1.1.-3",1368408064,173604180
at_projections,"-7.-10.-1.5",32841793536,321312512
at_projections,"-7.-10.-13.26",5473632256,275510652
at_projections,"-7.-10.-17.33",5473632256,275510652
at_projections,"-7.-10.-21.40",1368408064,180168928
at_projections,"-7.-10.-5.12",38315425792,1397523792
at_projections,"-7.-10.-9.19",6842040320,334260436
at_projections,"-7.-10.11.-16",6842040320,461227296
at_projections,"-7.-10.15.-23",10947264512,575246232
at_projections,"-7.-10.3.-2",21894529024,240817920
at_projections,"-7.-10.7.-9",6842040320,340825184
at_projections,"-7.-11.-11.23",5473632256,275510652
at_projections,"-7.-11.-15.30",5473632256,275510652
at_projections,"-7.-11.-19.37",8210448384,804590016
at_projections,"-7.-11.-3.9",28736569344,702045216
at_projections,"-7.-11.-7.16",8210448384,514429364
at_projections,"-7.-11.1.2",32841793536,321312512
at_projections,"-7.-11.13.-19",12315672576,748850412
at_projections,"-7.-11.17.-26",5473632256,287623116
at_projections,"-7.-11.5.-5",21894529024,240817920
at_projections,"-7.-11.9.-12",6842040320,467792044
at_projections,"-7.-12.-1.6",21894529024,240817920
at_projections,"-7.-12.-13.27",5473632256,275510652
at_projections,"-7.-12.-17.34",1368408064,180168928
at_projections,"-7.-12.-5.13",19157712896,1252869388
at_projections,"-7.-12.-9.20",8210448384,553004106
at_projections,"-7.-12.11.-15",10947264512,575246232
at_projections,"-7.-12.15.-22",10947264512,705747916
at_projections,"-7.-12.3.-1",32841793536,321312512
at_projections,"-7.-12.7.-8",34210201600,1283504856
at_projections,"-7.-13.-11.24",5473632256,275510652
at_projections,"-7.-13.-15.31",1368408064,173604180
at_projections,"-7.-13.-19.38",5473632256,581459640
at_projections,"-7.-13.-3.10",17789304832,916071416
at_projections,"-7.-13.-7.17",8210448384,553004106
at_projections,"-7.-13.1.3",21894529024,240817920
at_projections,"-7.-13.13.-18",5473632256,287623116
at_projections,"-7.-13.17.-25",1368408064,173604180
at_projections,"-7.-13.5.-4",42420649984,1066598010
at_projections,"-7.-13.9.-11",24631345152,986385012
at_projections,"-7.-14.-1.7",10947264512,448279372
at_projections,"-7.-14.-13.28",5473632256,418124800
at_projections,"-7.-14.-17.35",5473632256,581459640
at_projections,"-7.-14.-5.14",13684080640,1134463746
at_projections,"-7.-14.-9.21",5473632256,275510652
at_projections,"-7.-14.11.-14",5473632256,287623116
at_projections,"-7.-14.19.-28",1368408064,173604180
at_projections,"-7.-14.3.0",28736569344,702045216
at_projections,"-7.-14.7.-7",54736322560,1978642214
at_projections,"-7.-15.-11.25",1368408064,173604180
at_projections,"-7.-15.-19.39",1368408064,180168928
at_projections,"-7.-15.-3.11",19157712896,1422086862
at_projections,"-7.-15.-7.18",5473632256,275510652
at_projections,"-7.-15.1.4",10947264512,448279372
at_projections,"-7.-15.17.-24",2736816128,277493454
at_projections,"-7.-15.5.-3",38315425792,1397523792
at_projections,"-7.-15.9.-10",34210201600,628448300
at_projections,"-7.-16.-1.8",24631345152,1349083668
at_projections,"-7.-16.-13.29",1368408064,173604180
at_projections,"-7.-16.-17.36",10947264512,1082083470
at_projections,"-7.-16.-5.15",8210448384,629283760
at_projections,"-7.-16.-9.22",1368408064,173604180
at_projections,"-7.-16.11.-13",5473632256,160656256
at_projections,"-7.-16.19.-27",2736816128,277493454
at_projections,"-7.-16.3.1",17789304832,916071416
at_projections,"-7.-16.7.-6",32841793536,1109900676
at_projections,"-7.-17.-11.26",4105224192,451097634
at_projections,"-7.-17.-15.33",4105224192,457662382
at_projections,"-7.-17.-3.12",21894529024,1714932144
at_projections,"-7.-17.-7.19",2736816128,277493454
at_projections,"-7.-17.1.5",24631345152,1349083668
at_projections,"-7.-17.21.-30",2736816128,277493454
at_projections,"-7.-17.5.-2",19157712896,1252869388
at_projections,"-7.-17.9.-9",21894529024,240817920
at_projections,"-7.-18.-1.9",32841793536,2120981576
at_projections,"-7.-18.-13.30",2736816128,277493454
at_projections,"-7.-18.-17.37",6842040320,755063820
at_projections,"-7.-18.-5.16",8210448384,565116570
at_projections,"-7.-18.-9.23",8210448384,695618254
at_projections,"-7.-18.11.-12",10947264512,120408960
at_projections,"-7.-18.3.2",19157712896,1422086862
at_projections,"-7.-18.7.-5",8210448384,514429364
at_projections,"-7.-19.-11.27",2736816128,277493454
at_projections,"-7.-19.-15.34",6842040320,755063820
at_projections,"-7.-19.-3.13",19157712896,1434199326
at_projections,"-7.-19.-7.20",9578856448,738720750
at_projections,"-7.-19.1.6",32841793536,2120981576
at_projections,"-7.-19.13.-15",2736816128,277493454
at_projections,"-7.-19.17.-22",1368408064,173604180
at_projections,"-7.-19.21.-29",1368408064,173604180
at_projections,"-7.-19.5.-1",13684080640,1134463746
at_projections,"-7.-19.9.-8",6842040320,334260436
at_projections,"-7.-2.-17.29",1368408064,173604180
at_projections,"-7.-2.-21.36",1368408064,180168928
at_projections,"-7.-2.-9.15",6842040320,467792044
at_projections,"-7.-2.3.-6",1368408064,173604180
at_projections,"-7.-20.-1.10",13684080640,1146576210
at_projections,"-7.-20.-17.38",1368408064,180168928
at_projections,"-7.-20.-5.17",15052488704,1026343866
at_projections,"-7.-20.-9.24",5473632256,287623116
at_projections,"-7.-20.11.-11",10947264512,578781056
at_projections,"-7.-20.15.-18",2736816128,277493454
at_projections,"-7.-20.19.-25",1368408064,173604180
at_projections,"-7.-20.23.-32",4105224192,451097634
at_projections,"-7.-20.3.3",21894529024,1714932144
at_projections,"-7.-20.7.-4",8210448384,553004106
at_projections,"-7.-21.-11.28",5473632256,287623116
at_projections,"-7.-21.-15.35",8210448384,804590016
at_projections,"-7.-21.-3.14",6842040320,467792044
at_projections,"-7.-21.-7.21",12315672576,748850412
at_projections,"-7.-21.1.7",13684080640,1146576210
at_projections,"-7.-21.13.-14",1368408064,173604180
at_projections,"-7.-21.17.-21",2736816128,277493454
at_projections,"-7.-21.21.-28",5473632256,418124800
at_projections,"-7.-21.5.0",8210448384,629283760
at_projections,"-7.-21.9.-7",8210448384,553004106
at_projections,"-7.-22.-1.11",9578856448,984758944
at_projections,"-7.-22.-13.32",6842040320,467792044
at_projections,"-7.-22.-5.18",6842040320,461227296
at_projections,"-7.-22.-9.25",10947264512,575246232
at_projections,"-7.-22.11.-10",5473632256,275510652
at_projections,"-7.-22.15.-17",1368408064,173604180
at_projections,"-7.-22.19.-24",2736816128,277493454
at_projections,"-7.-22.23.-31",4105224192,464334000
at_projections,"-7.-22.3.4",19157712896,1434199326
at_projections,"-7.-22.7.-3",5473632256,275510652
at_projections,"-7.-23.-11.29",10947264512,575246232
at_projections,"-7.-23.-15.36",10947264512,869082756
at_projections,"-7.-23.-3.15",5473632256,418124800
at_projections,"-7.-23.-7.22",5473632256,287623116
at_projections,"-7.-23.1.8",9578856448,984758944
at_projections,"-7.-23.13.-13",5473632256,275510652
at_projections,"-7.-23.21.-27",1368408064,180168928
at_projections,"-7.-23.25.-34",4105224192,464334000
at_projections,"-7.-23.5.1",8210448384,565116570
at_projections,"-7.-23.9.-6",5473632256,275510652
at_projections,"-7.-24.-1.12",13684080640,1510127640
at_projections,"-7.-24.-13.33",16420896768,1156705872
at_projections,"-7.-24.-17.40",5473632256,287623116
at_projections,"-7.-24.-9.26",5473632256,287623116
at_projections,"-7.-24.11.-9",5473632256,275510652
at_projections,"-7.-24.15.-16",5473632256,275510652
at_projections,"-7.-24.23.-30",6842040320,624421088
at_projections,"-7.-24.3.5",6842040320,467792044
at_projections,"-7.-24.7.-2",2736816128,277493454
at_projections,"-7.-25.-11.30",5473632256,287623116
at_projections,"-7.-25.-15.37",12315672576,755415160
at_projections,"-7.-25.-3.16",1368408064,180168928
at_projections,"-7.-25.1.9",13684080640,1510127640
at_projections,"-7.-25.13.-12",5473632256,275510652
at_projections,"-7.-25.17.-19",5473632256,275510652
at_projections,"-7.-25.21.-26",5473632256,581459640
at_projections,"-7.-25.25.-33",1368408064,180168928
at_projections,"-7.-25.5.2",15052488704,1026343866
at_projections,"-7.-25.9.-5",1368408064,173604180
at_projections,"-7.-26.-1.13",12315672576,1262252398
at_projections,"-7.-26.-13.34",13684080640,1092213132
at_projections,"-7.-26.11.-8",1368408064,173604180
at_projections,"-7.-26.15.-15",5473632256,275510652
at_projections,"-7.-26.19.-22",6842040320,455679580
at_projections,"-7.-26.23.-29",5473632256,581459640
at_projections,"-7.-26.3.6",5473632256,418124800
at_projections,"-7.-26.7.-1",9578856448,738720750
at_projections,"-7.-27.-11.31",1368408064,180168928
at_projections,"-7.-27.-15.38",5473632256,287623116
at_projections,"-7.-27.-3.17",5473632256,581459640
at_projections,"-7.-27.1.10",12315672576,1262252398
at_projections,"-7.-27.13.-11",5473632256,418124800
at_projections,"-7.-27.17.-18",5473632256,275510652
at_projections,"-7.-27.21.-25",13684080640,1080100668
at_projections,"-7.-27.5.3",6842040320,461227296
at_projections,"-7.-27.9.-4",8210448384,695618254
at_projections,"-7.-28.-1.14",5473632256,581459640
at_projections,"-7.-28.-13.35",5473632256,581459640
at_projections,"-7.-28.-5.21",1368408064,180168928
at_projections,"-7.-28.11.-7",4105224192,451097634
at_projections,"-7.-28.15.-14",1368408064,173604180
at_projections,"-7.-28.19.-21",10947264512,856970292
at_projections,"-7.-28.23.-28",6842040320,455679580
at_projections,"-7.-28.3.7",1368408064,180168928
at_projections,"-7.-28.7.0",12315672576,748850412
at_projections,"-7.-29.-11.32",5473632256,581459640
at_projections,"-7.-29.-3.18",8210448384,804590016
at_projections,"-7.-29.-7.25",2736816128,204285852
at_projections,"-7.-29.1.11",5473632256,581459640
at_projections,"-7.-29.13.-10",1368408064,173604180
at_projections,"-7.-29.17.-17",1368408064,180168928
at_projections,"-7.-29.21.-24",10947264512,856970292
at_projections,"-7.-29.25.-31",5473632256,275510652
at_projections,"-7.-29.9.-3",5473632256,287623116
at_projections,"-7.-3.-11.19",5473632256,287623116
at_projections,"-7.-3.-19.33",2736816128,277493454
at_projections,"-7.-3.-23.40",5473632256,581459640
at_projections,"-7.-3.-7.12",6842040320,340825184
at_projections,"-7.-3.5.-9",5473632256,418124800
at_projections,"-7.-30.-1.15",1368408064,180168928
at_projections,"-7.-30.-13.36",1368408064,180168928
at_projections,"-7.-30.-5.22",5473632256,581459640
at_projections,"-7.-30.11.-6",2736816128,277493454
at_projections,"-7.-30.19.-20",8210448384,804590016
at_projections,"-7.-30.23.-27",5473632256,275510652
at_projections,"-7.-30.3.8",5473632256,581459640
at_projections,"-7.-30.7.1",5473632256,287623116
at_projections,"-7.-31.-11.33",6842040320,624421088
at_projections,"-7.-31.-3.19",5473632256,581459640
at_projections,"-7.-31.-7.26",4105224192,384454780
at_projections,"-7.-31.1.12",1368408064,180168928
at_projections,"-7.-31.13.-9",2736816128,277493454
at_projections,"-7.-31.17.-16",5473632256,581459640
at_projections,"-7.-31.21.-23",1368408064,180168928
at_projections,"-7.-31.25.-30",5473632256,275510652
at_projections,"-7.-31.9.-2",10947264512,575246232
at_projections,"-7.-32.-5.23",8210448384,804590016
at_projections,"-7.-32.-9.30",1368408064,180168928
at_projections,"-7.-32.11.-5",5473632256,287623116
at_projections,"-7.-32.15.-12",4105224192,457662382
at_projections,"-7.-32.19.-19",5473632256,581459640
at_projections,"-7.-32.3.9",8210448384,804590016
at_projections,"-7.-33.-11.34",2736816128,290729820
at_projections,"-7.-33.-3.20",1368408064,180168928
at_projections,"-7.-33.-7.27",5473632256,581459640
at_projections,"-7.-33.17.-15",10947264512,1082083470
at_projections,"-7.-33.5.6",1368408064,180168928
at_projections,"-7.-33.9.-1",5473632256,287623116
at_projections,"-7.-34.-5.24",5473632256,581459640
at_projections,"-7.-34.-9.31",4105224192,470898748
at_projections,"-7.-34.11.-4",10947264512,575246232
at_projections,"-7.-34.15.-11",6842040320,755063820
at_projections,"-7.-34.19.-18",1368408064,180168928
at_projections,"-7.-34.3.10",5473632256,581459640
at_projections,"-7.-35.-7.28",8210448384,804590016
at_projections,"-7.-35.13.-7",6842040320,467792044
at_projections,"-7.-35.17.-14",6842040320,755063820
at_projections,"-7.-35.5.7",5473632256,581459640
at_projections,"-7.-36.-5.25",1368408064,180168928
at_projections,"-7.-36.-9.32",4105224192,470898748
at_projections,"-7.-36.11.-3",5473632256,287623116
at_projections,"-7.-36.15.-10",8210448384,804590016
at_projections,"-7.-36.3.11",1368408064,180168928
at_projections,"-7.-36.7.4",2736816128,204285852
at_projections,"-7.-37.-7.29",6842040320,755063820
at_projections,"-7.-37.13.-6",16420896768,1156705872
at_projections,"-7.-37.17.-13",1368408064,180168928
at_projections,"-7.-37.5.8",8210448384,804590016
at_projections,"-7.-38.-5.26",1368408064,173604180
at_projections,"-7.-38.11.-2",1368408064,180168928
at_projections,"-7.-38.15.-9",10947264512,869082756
at_projections,"-7.-38.7.5",4105224192,384454780
at_projections,"-7.-39.-7.30",4105224192,457662382
at_projections,"-7.-39.13.-5",13684080640,1092213132
at_projections,"-7.-39.5.9",5473632256,581459640
at_projections,"-7.-4.-17.30",2736816128,277493454
at_projections,"-7.-4.-21.37",5473632256,581459640
at_projections,"-7.-4.-25.44",5473632256,275510652
at_projections,"-7.-4.-5.9",5473632256,160656256
at_projections,"-7.-4.-9.16",24631345152,986385012
at_projections,"-7.-4.7.-12",4105224192,377890032
at_projections,"-7.-40.11.-1",5473632256,581459640
at_projections,"-7.-40.15.-8",12315672576,755415160
at_projections,"-7.-40.7.6",5473632256,581459640
at_projections,"-7.-41.13.-4",5473632256,581459640
at_projections,"-7.-41.17.-11",5473632256,287623116
at_projections,"-7.-41.5.10",1368408064,180168928
at_projections,"-7.-41.9.3",1368408064,180168928
at_projections,"-7.-42.11.0",6842040320,624421088
at_projections,"-7.-42.15.-7",5473632256,287623116
at_projections,"-7.-42.7.7",8210448384,804590016
at_projections,"-7.-43.13.-3",1368408064,180168928
at_projections,"-7.-43.5.11",1368408064,173604180
at_projections,"-7.-43.9.4",4105224192,470898748
at_projections,"-7.-44.11.1",2736816128,290729820
at_projections,"-7.-44.7.8",6842040320,755063820
at_projections,"-7.-45.9.5",4105224192,470898748
at_projections,"-7.-46.7.9",4105224192,457662382
at_projections,"-7.-5.-11.20",5473632256,160656256
at_projections,"-7.-5.-15.27",2736816128,277493454
at_projections,"-7.-5.-23.41",6842040320,455679580
at_projections,"-7.-5.-3.6",5473632256,160656256
at_projections,"-7.-5.-7.13",34210201600,1283504856
at_projections,"-7.-5.9.-15",1368408064,173604180
at_projections,"-7.-6.-1.3",5473632256,160656256
at_projections,"-7.-6.-13.24",2736816128,277493454
at_projections,"-7.-6.-21.38",13684080640,1080100668
at_projections,"-7.-6.-25.45",5473632256,275510652
at_projections,"-7.-6.-5.10",21894529024,240817920
at_projections,"-7.-6.-9.17",34210201600,628448300
at_projections,"-7.-6.7.-11",5473632256,481779306
at_projections,"-7.-7.-11.21",10947264512,120408960
at_projections,"-7.-7.-15.28",1368408064,173604180
at_projections,"-7.-7.-19.35",6842040320,455679580
at_projections,"-7.-7.-23.42",5473632256,275510652
at_projections,"-7.-7.-3.7",21894529024,240817920
at_projections,"-7.-7.-7.14",54736322560,1978642214
at_projections,"-7.-7.1.0",5473632256,160656256
at_projections,"-7.-7.9.-14",2736816128,277493454
at_projections,"-7.-8.-1.4",21894529024,240817920
at_projections,"-7.-8.-13.25",1368408064,173604180
at_projections,"-7.-8.-17.32",5473632256,275510652
at_projections,"-7.-8.-21.39",10947264512,856970292
at_projections,"-7.-8.-5.11",42420649984,1066598010
at_projections,"-7.-8.-9.18",21894529024,240817920
at_projections,"-7.-8.11.-17",2736816128,277493454
at_projections,"-7.-8.15.-24",5473632256,287623116
at_projections,"-7.-8.3.-3",5473632256,160656256
at_projections,"-7.-9.-11.22",10947264512,578781056
at_projections,"-7.-9.-15.29",5473632256,275510652
at_projections,"-7.-9.-19.36",10947264512,856970292
at_projections,"-7.-9.-3.8",32841793536,321312512
at_projections,"-7.-9.-7.15",32841793536,1109900676
at_projections,"-7.-9.1.1",21894529024,240817920
at_projections,"-7.-9.13.-20",8210448384,565116570
at_projections,"-7.-9.5.-6",5473632256,160656256
at_projections,"-7.0.-1.0",1368408064,173604180
at_projections,"-7.0.-13.21",5473632256,287623116
at_projections,"-7.0.-21.35",5473632256,418124800
at_projections,"-7.0.-25.42",1368408064,180168928
at_projections,"-7.0.3.-7",5473632256,554986908
at_projections,"-7.1.-11.17",6842040320,461227296
at_projections,"-7.1.-23.38",4105224192,464334000
at_projections,"-7.1.-3.3",1368408064,173604180
at_projections,"-7.1.-7.10",5473632256,481779306
at_projections,"-7.1.1.-4",5473632256,554986908
at_projections,"-7.2.-1.-1",5473632256,554986908
at_projections,"-7.2.-13.20",12315672576,748850412
at_projections,"-7.2.-17.27",2736816128,277493454
at_projections,"-7.2.-21.34",1368408064,173604180
at_projections,"-7.2.-25.41",4105224192,464334000
at_projections,"-7.2.-5.6",5473632256,418124800
at_projections,"-7.2.-9.13",2736816128,277493454
at_projections,"-7.3.-11.16",2736816128,277493454
at_projections,"-7.3.-15.23",10947264512,705747916
at_projections,"-7.3.-19.30",2736816128,277493454
at_projections,"-7.3.-23.37",4105224192,451097634
at_projections,"-7.3.-3.2",5473632256,554986908
at_projections,"-7.3.-7.9",4105224192,377890032
at_projections,"-7.3.1.-5",1368408064,173604180
at_projections,"-7.4.-1.-2",1368408064,173604180
at_projections,"-7.4.-13.19",8210448384,565116570
at_projections,"-7.4.-17.26",1368408064,173604180
at_projections,"-7.4.-21.33",2736816128,277493454
at_projections,"-7.4.-9.12",1368408064,173604180
at_projections,"-7.5.-15.22",10947264512,575246232
at_projections,"-7.5.-19.29",1368408064,173604180
at_projections,"-7.6.-17.25",5473632256,287623116
at_projections,"-7.7.-15.21",5473632256,287623116
at_projections,"-8.-1.-10.16",1368408064,173604180
at_projections,"-8.-1.-14.23",8210448384,698900790
at_projections,"-8.-1.-18.30",1368408064,173604180
at_projections,"-8.-1.-2.2",6842040320,591728980
at_projections,"-8.-1.-22.37",1368408064,173604180
at_projections,"-8.-1.-6.9",2736816128,277493454
at_projections,"-8.-1.2.-5",2736816128,277493454
at_projections,"-8.-10.-12.24",1368408064,173604180
at_projections,"-8.-10.-20.38",16420896768,891737784
at_projections,"-8.-10.-4.10",32841793536,321312512
at_projections,"-8.-10.-8.17",30104977408,952955076
at_projections,"-8.-10.0.3",21894529024,240817920
at_projections,"-8.-10.4.-4",5473632256,160656256
at_projections,"-8.-10.8.-11",1368408064,173604180
at_projections,"-8.-11.-10.21",6842040320,334260436
at_projections,"-8.-11.-14.28",2736816128,204285852
at_projections,"-8.-11.-18.35",5473632256,408571704
at_projections,"-8.-11.-2.7",32841793536,321312512
at_projections,"-8.-11.-22.42",2736816128,204285852
at_projections,"-8.-11.-6.14",39683833856,1327163148
at_projections,"-8.-11.10.-14",1368408064,173604180
at_projections,"-8.-11.14.-21",5473632256,421407336
at_projections,"-8.-11.2.0",21894529024,240817920
at_projections,"-8.-11.6.-7",5473632256,160656256
at_projections,"-8.-12.-12.25",2736816128,277493454
at_projections,"-8.-12.-16.32",10947264512,310278144
at_projections,"-8.-12.-20.39",6842040320,624421088
at_projections,"-8.-12.-4.11",27368161280,662225256
at_projections,"-8.-12.-8.18",5473632256,160656256
at_projections,"-8.-12.0.4",32841793536,321312512
at_projections,"-8.-12.12.-17",10947264512,839532136
at_projections,"-8.-12.16.-24",10947264512,331281408
at_projections,"-8.-12.4.-3",21894529024,240817920
at_projections,"-8.-13.-10.22",5473632256,481779306
at_projections,"-8.-13.-14.29",5473632256,408571704
at_projections,"-8.-13.-18.36",4105224192,384454780
at_projections,"-8.-13.-2.8",21894529024,240817920
at_projections,"-8.-13.-6.15",17789304832,1206484680
at_projections,"-8.-13.10.-13",5473632256,421407336
at_projections,"-8.-13.14.-20",12315672576,504885588
at_projections,"-8.-13.2.1",32841793536,321312512
at_projections,"-8.-13.6.-6",21894529024,240817920
at_projections,"-8.-14.-12.26",10947264512,310278144
at_projections,"-8.-14.-20.40",2736816128,290729820
at_projections,"-8.-14.-4.12",17789304832,672106592
at_projections,"-8.-14.-8.19",2736816128,277493454
at_projections,"-8.-14.0.5",21894529024,240817920
at_projections,"-8.-14.12.-16",10947264512,331281408
at_projections,"-8.-14.16.-23",6842040320,595011516
at_projections,"-8.-14.4.-2",32841793536,321312512
at_projections,"-8.-14.8.-9",20526120960,1012715044
at_projections,"-8.-15.-10.23",5473632256,408571704
at_projections,"-8.-15.-14.30",2736816128,204285852
at_projections,"-8.-15.-18.37",5473632256,581459640
at_projections,"-8.-15.-2.9",10947264512,582063592
at_projections,"-8.-15.-6.16",8210448384,772509126
at_projections,"-8.-15.10.-12",10947264512,331281408
at_projections,"-8.-15.14.-19",8210448384,698900790
at_projections,"-8.-15.2.2",21894529024,240817920
at_projections,"-8.-15.6.-5",39683833856,922888776
at_projections,"-8.-16.-12.27",1368408064,173604180
at_projections,"-8.-16.-4.13",10947264512,1002866976
at_projections,"-8.-16.-8.20",12315672576,483882324
at_projections,"-8.-16.0.6",5473632256,160656256
at_projections,"-8.-16.12.-15",5473632256,421407336
at_projections,"-8.-16.16.-22",2736816128,277493454
at_projections,"-8.-16.4.-1",27368161280,662225256
at_projections,"-8.-16.8.-8",51999506432,1858186206
at_projections,"-8.-17.-10.24",2736816128,204285852
at_projections,"-8.-17.-14.31",2736816128,277493454
at_projections,"-8.-17.-18.38",6842040320,624421088
at_projections,"-8.-17.-2.10",13684080640,535567260
at_projections,"-8.-17.-6.17",6842040320,582175884
at_projections,"-8.-17.10.-11",10947264512,582063592
at_projections,"-8.-17.18.-25",2736816128,277493454
at_projections,"-8.-17.2.3",10947264512,582063592
at_projections,"-8.-17.6.-4",39683833856,1327163148
at_projections,"-8.-18.-12.28",2736816128,277493454
at_projections,"-8.-18.-16.35",1368408064,180168928
at_projections,"-8.-18.-4.14",23262937088,1352824032
at_projections,"-8.-18.0.7",10947264512,842814672
at_projections,"-8.-18.20.-28",2736816128,277493454
at_projections,"-8.-18.4.0",17789304832,672106592
at_projections,"-8.-18.8.-7",30104977408,952955076
at_projections,"-8.-19.-10.25",4105224192,451097634
at_projections,"-8.-19.-14.32",2736816128,277493454
at_projections,"-8.-19.-18.39",2736816128,290729820
at_projections,"-8.-19.-2.11",19157712896,1605159484
at_projections,"-8.-19.-6.18",2736816128,204285852
at_projections,"-8.-19.10.-10",10947264512,120408960
at_projections,"-8.-19.18.-24",1368408064,173604180
at_projections,"-8.-19.2.4",13684080640,535567260
at_projections,"-8.-19.6.-3",17789304832,1206484680
at_projections,"-8.-2.-12.20",10947264512,331281408
at_projections,"-8.-2.-20.34",1368408064,173604180
at_projections,"-8.-2.-24.41",5473632256,444252160
at_projections,"-8.-2.-4.6",2736816128,277493454
at_projections,"-8.-2.-8.13",1368408064,173604180
at_projections,"-8.-2.0.-1",2736816128,347208360
at_projections,"-8.-20.-12.29",2736816128,277493454
at_projections,"-8.-20.-16.36",10947264512,999584440
at_projections,"-8.-20.-4.15",10947264512,989630610
at_projections,"-8.-20.-8.22",4105224192,451097634
at_projections,"-8.-20.0.8",46525874176,1895295552
at_projections,"-8.-20.20.-27",1368408064,173604180
at_projections,"-8.-20.4.1",10947264512,1002866976
at_projections,"-8.-20.8.-6",5473632256,160656256
at_projections,"-8.-21.-10.26",4105224192,451097634
at_projections,"-8.-21.-14.33",1368408064,173604180
at_projections,"-8.-21.-2.12",24631345152,1672013808
at_projections,"-8.-21.-6.19",10947264512,839532136
at_projections,"-8.-21.10.-9",6842040320,334260436
at_projections,"-8.-21.2.5",19157712896,1605159484
at_projections,"-8.-21.22.-30",5473632256,418124800
at_projections,"-8.-21.6.-2",8210448384,772509126
at_projections,"-8.-22.-12.30",1368408064,173604180
at_projections,"-8.-22.-16.37",6842040320,624421088
at_projections,"-8.-22.-4.16",12315672576,504885588
at_projections,"-8.-22.-8.23",9578856448,872504970
at_projections,"-8.-22.0.9",16420896768,1397801580
at_projections,"-8.-22.12.-12",1368408064,173604180
at_projections,"-8.-22.16.-19",2736816128,277493454
at_projections,"-8.-22.20.-26",1368408064,173604180
at_projections,"-8.-22.4.2",23262937088,1352824032
at_projections,"-8.-22.8.-5",2736816128,277493454
at_projections,"-8.-23.-10.27",5473632256,421407336
at_projections,"-8.-23.-14.34",1368408064,180168928
at_projections,"-8.-23.-2.13",13684080640,1219432604
at_projections,"-8.-23.-6.20",16420896768,749406208
at_projections,"-8.-23.10.-8",5473632256,481779306
at_projections,"-8.-23.14.-15",5473632256,418124800
at_projections,"-8.-23.18.-22",2736816128,277493454
at_projections,"-8.-23.2.6",24631345152,1672013808
at_projections,"-8.-23.22.-29",1368408064,173604180
at_projections,"-8.-23.6.-1",6842040320,582175884
at_projections,"-8.-24.-12.31",5473632256,421407336
at_projections,"-8.-24.-16.38",2736816128,290729820
at_projections,"-8.-24.-4.17",6842040320,595011516
at_projections,"-8.-24.-8.24",10947264512,331281408
at_projections,"-8.-24.0.10",2736816128,360337856
at_projections,"-8.-24.12.-11",2736816128,277493454
at_projections,"-8.-24.16.-18",1368408064,173604180
at_projections,"-8.-24.20.-25",2736816128,277493454
at_projections,"-8.-24.24.-32",12315672576,1166517002
at_projections,"-8.-24.4.3",10947264512,989630610
at_projections,"-8.-24.8.-4",12315672576,483882324
at_projections,"-8.-25.-10.28",10947264512,331281408
at_projections,"-8.-25.-14.35",10947264512,1002866976
at_projections,"-8.-25.-2.14",4105224192,464334000
at_projections,"-8.-25.-6.21",5473632256,421407336
at_projections,"-8.-25.10.-7",5473632256,408571704
at_projections,"-8.-25.14.-14",2736816128,204285852
at_projections,"-8.-25.18.-21",1368408064,173604180
at_projections,"-8.-25.2.7",13684080640,1219432604
at_projections,"-8.-25.22.-28",4105224192,457662382
at_projections,"-8.-25.6.0",2736816128,204285852
at_projections,"-8.-26.-12.32",10947264512,331281408
at_projections,"-8.-26.-16.39",5473632256,421407336
at_projections,"-8.-26.-4.18",2736816128,277493454
at_projections,"-8.-26.-8.25",5473632256,421407336
at_projections,"-8.-26.0.11",10947264512,1162919280
at_projections,"-8.-26.12.-10",10947264512,310278144
at_projections,"-8.-26.24.-31",5473632256,444252160
at_projections,"-8.-26.4.4",12315672576,504885588
at_projections,"-8.-27.-10.29",5473632256,421407336
at_projections,"-8.-27.-14.36",17789304832,955702496
at_projections,"-8.-27.-2.15",4105224192,457662382
at_projections,"-8.-27.10.-6",2736816128,204285852
at_projections,"-8.-27.14.-13",5473632256,408571704
at_projections,"-8.-27.18.-20",2736816128,204285852
at_projections,"-8.-27.2.8",4105224192,464334000
at_projections,"-8.-27.22.-27",5473632256,581459640
at_projections,"-8.-27.6.1",10947264512,839532136
at_projections,"-8.-28.-12.33",6842040320,601576264
at_projections,"-8.-28.-16.40",10947264512,331281408
at_projections,"-8.-28.0.12",19157712896,1803829084
at_projections,"-8.-28.12.-9",1368408064,173604180
at_projections,"-8.-28.16.-16",10947264512,310278144
at_projections,"-8.-28.20.-23",1368408064,180168928
at_projections,"-8.-28.24.-30",2736816128,290729820
at_projections,"-8.-28.4.5",6842040320,595011516
at_projections,"-8.-28.8.-2",4105224192,451097634
at_projections,"-8.-29.-14.37",8210448384,712137156
at_projections,"-8.-29.-2.16",5473632256,581459640
at_projections,"-8.-29.10.-5",4105224192,451097634
at_projections,"-8.-29.14.-12",2736816128,204285852
at_projections,"-8.-29.18.-19",5473632256,408571704
at_projections,"-8.-29.2.9",4105224192,457662382
at_projections,"-8.-29.22.-26",9578856448,828706940
at_projections,"-8.-29.6.2",16420896768,749406208
at_projections,"-8.-3.-10.17",5473632256,421407336
at_projections,"-8.-3.-22.38",4105224192,457662382
at_projections,"-8.-3.2.-4",6842040320,591728980
at_projections,"-8.-30.-12.34",5473632256,581459640
at_projections,"-8.-30.-4.20",1368408064,180168928
at_projections,"-8.-30.0.13",5473632256,581459640
at_projections,"-8.-30.12.-8",2736816128,277493454
at_projections,"-8.-30.20.-22",16420896768,891737784
at_projections,"-8.-30.4.6",2736816128,277493454
at_projections,"-8.-30.8.-1",9578856448,872504970
at_projections,"-8.-31.-2.17",6842040320,624421088
at_projections,"-8.-31.10.-4",4105224192,451097634
at_projections,"-8.-31.14.-11",2736816128,277493454
at_projections,"-8.-31.18.-18",4105224192,384454780
at_projections,"-8.-31.2.10",5473632256,581459640
at_projections,"-8.-31.22.-25",8210448384,699301524
at_projections,"-8.-31.6.3",5473632256,421407336
at_projections,"-8.-32.-12.35",6842040320,624421088
at_projections,"-8.-32.-4.21",5473632256,581459640
at_projections,"-8.-32.-8.28",5473632256,275510652
at_projections,"-8.-32.12.-7",2736816128,277493454
at_projections,"-8.-32.20.-21",6842040320,624421088
at_projections,"-8.-32.24.-28",10947264512,310278144
at_projections,"-8.-32.8.0",10947264512,331281408
at_projections,"-8.-33.-10.32",1368408064,180168928
at_projections,"-8.-33.-2.18",2736816128,290729820
at_projections,"-8.-33.-6.25",1368408064,180168928
at_projections,"-8.-33.10.-3",5473632256,421407336
at_projections,"-8.-33.14.-10",2736816128,277493454
at_projections,"-8.-33.18.-17",5473632256,581459640
at_projections,"-8.-33.2.11",6842040320,624421088
at_projections,"-8.-33.22.-24",2736816128,204285852
at_projections,"-8.-34.-12.36",2736816128,290729820
at_projections,"-8.-34.-4.22",6842040320,624421088
at_projections,"-8.-34.12.-6",1368408064,173604180
at_projections,"-8.-34.16.-13",1368408064,180168928
at_projections,"-8.-34.20.-20",2736816128,290729820
at_projections,"-8.-34.4.8",1368408064,180168928
at_projections,"-8.-34.8.1",5473632256,421407336
at_projections,"-8.-35.-10.33",5473632256,581459640
at_projections,"-8.-35.-6.26",5473632256,581459640
at_projections,"-8.-35.10.-2",10947264512,331281408
at_projections,"-8.-35.14.-9",1368408064,173604180
at_projections,"-8.-35.18.-16",6842040320,624421088
at_projections,"-8.-35.2.12",2736816128,290729820
at_projections,"-8.-36.-4.23",2736816128,290729820
at_projections,"-8.-36.-8.30",1368408064,180168928
at_projections,"-8.-36.12.-5",5473632256,421407336
at_projections,"-8.-36.16.-12",10947264512,999584440
at_projections,"-8.-36.4.9",5473632256,581459640
at_projections,"-8.-37.-10.34",5473632256,444252160
at_projections,"-8.-37.-6.27",6842040320,624421088
at_projections,"-8.-37.10.-1",5473632256,421407336
at_projections,"-8.-37.14.-8",1368408064,180168928
at_projections,"-8.-37.18.-15",2736816128,290729820
at_projections,"-8.-38.-8.31",6842040320,761628568
at_projections,"-8.-38.12.-4",10947264512,331281408
at_projections,"-8.-38.16.-11",6842040320,624421088
at_projections,"-8.-38.4.10",6842040320,624421088
at_projections,"-8.-39.-6.28",2736816128,290729820
at_projections,"-8.-39.14.-7",10947264512,1002866976
at_projections,"-8.-39.6.7",1368408064,180168928
at_projections,"-8.-4.-12.21",5473632256,421407336
at_projections,"-8.-4.-20.35",2736816128,277493454
at_projections,"-8.-4.-24.42",2736816128,290729820
at_projections,"-8.-4.4.-7",1368408064,173604180
at_projections,"-8.-40.-8.32",12315672576,1186079614
at_projections,"-8.-40.12.-3",6842040320,601576264
at_projections,"-8.-40.16.-10",2736816128,290729820
at_projections,"-8.-40.4.11",2736816128,290729820
at_projections,"-8.-40.8.4",5473632256,275510652
at_projections,"-8.-41.14.-6",17789304832,955702496
at_projections,"-8.-41.6.8",5473632256,581459640
at_projections,"-8.-42.12.-2",5473632256,581459640
at_projections,"-8.-42.16.-9",5473632256,421407336
at_projections,"-8.-43.10.2",1368408064,180168928
at_projections,"-8.-43.14.-5",8210448384,712137156
at_projections,"-8.-43.6.9",6842040320,624421088
at_projections,"-8.-44.12.-1",6842040320,624421088
at_projections,"-8.-44.16.-8",10947264512,331281408
at_projections,"-8.-44.8.6",1368408064,180168928
at_projections,"-8.-45.10.3",5473632256,581459640
at_projections,"-8.-45.6.10",2736816128,290729820
at_projections,"-8.-46.12.0",2736816128,290729820
at_projections,"-8.-46.8.7",6842040320,761628568
at_projections,"-8.-47.10.4",5473632256,444252160
at_projections,"-8.-48.8.8",12315672576,1186079614
at_projections,"-8.-5.-10.18",10947264512,331281408
at_projections,"-8.-5.-18.32",2736816128,277493454
at_projections,"-8.-5.-22.39",5473632256,581459640
at_projections,"-8.-5.-6.11",5473632256,160656256
at_projections,"-8.-5.6.-10",1368408064,173604180
at_projections,"-8.-6.-16.29",2736816128,277493454
at_projections,"-8.-6.-4.8",5473632256,160656256
at_projections,"-8.-6.-8.15",20526120960,1012715044
at_projections,"-8.-6.4.-6",2736816128,277493454
at_projections,"-8.-7.-10.19",10947264512,582063592
at_projections,"-8.-7.-18.33",1368408064,173604180
at_projections,"-8.-7.-2.5",5473632256,160656256
at_projections,"-8.-7.-22.40",9578856448,828706940
at_projections,"-8.-7.-6.12",21894529024,240817920
at_projections,"-8.-7.6.-9",2736816128,277493454
at_projections,"-8.-8.-16.30",1368408064,173604180
at_projections,"-8.-8.-20.37",1368408064,180168928
at_projections,"-8.-8.-24.44",10947264512,310278144
at_projections,"-8.-8.-4.9",21894529024,240817920
at_projections,"-8.-8.-8.16",51999506432,1858186206
at_projections,"-8.-8.0.2",5473632256,160656256
at_projections,"-8.-8.8.-12",8210448384,553004106
at_projections,"-8.-9.-10.20",10947264512,120408960
at_projections,"-8.-9.-14.27",5473632256,418124800
at_projections,"-8.-9.-18.34",2736816128,204285852
at_projections,"-8.-9.-2.6",21894529024,240817920
at_projections,"-8.-9.-22.41",8210448384,699301524
at_projections,"-8.-9.-6.13",39683833856,922888776
at_projections,"-8.-9.10.-15",2736816128,277493454
at_projections,"-8.-9.2.-1",5473632256,160656256
at_projections,"-8.0.-12.19",10947264512,839532136
at_projections,"-8.0.-16.26",2736816128,277493454
at_projections,"-8.0.-20.33",1368408064,173604180
at_projections,"-8.0.-24.40",12315672576,1166517002
at_projections,"-8.0.-4.5",1368408064,173604180
at_projections,"-8.0.-8.12",8210448384,553004106
at_projections,"-8.0.0.-2",5473632256,554986908
at_projections,"-8.1.-10.15",2736816128,277493454
at_projections,"-8.1.-14.22",12315672576,504885588
at_projections,"-8.1.-18.29",2736816128,277493454
at_projections,"-8.1.-2.1",2736816128,277493454
at_projections,"-8.1.-22.36",5473632256,418124800
at_projections,"-8.1.-6.8",1368408064,173604180
at_projections,"-8.2.-16.25",6842040320,595011516
at_projections,"-8.2.-20.32",2736816128,277493454
at_projections,"-8.3.-14.21",5473632256,421407336
at_projections,"-8.4.-16.24",10947264512,331281408
at_projections,"-9.-1.-13.21",6842040320,461227296
at_projections,"-9.-1.-17.28",2736816128,277493454
at_projections,"-9.-1.-21.35",1368408064,173604180
at_projections,"-9.-1.-9.14",2736816128,204285852
at_projections,"-9.-10.-15.29",1368408064,173604180
at_projections,"-9.-10.-23.43",5473632256,275510652
at_projections,"-9.-10.-3.8",21894529024,240817920
at_projections,"-9.-10.-7.15",35578609664,739009192
at_projections,"-9.-10.1.1",5473632256,160656256
at_projections,"-9.-10.5.-6",1368408064,173604180
at_projections,"-9.-10.9.-13",2736816128,204285852
at_projections,"-9.-11.-1.5",21894529024,240817920
at_projections,"-9.-11.-13.26",1368408064,173604180
at_projections,"-9.-11.-21.40",8210448384,566240472
at_projections,"-9.-11.-5.12",32841793536,321312512
at_projections,"-9.-11.-9.19",17789304832,588201004
at_projections,"-9.-11.3.-2",5473632256,160656256
at_projections,"-9.-11.7.-9",1368408064,173604180
at_projections,"-9.-12.-15.30",2736816128,277493454
at_projections,"-9.-12.-19.37",5473632256,275510652
at_projections,"-9.-12.-23.44",5473632256,275510652
at_projections,"-9.-12.-3.9",32841793536,321312512
at_projections,"-9.-12.-7.16",36947017728,1286962900
at_projections,"-9.-12.1.2",21894529024,240817920
at_projections,"-9.-12.5.-5",5473632256,160656256
at_projections,"-9.-12.9.-12",8210448384,622410652
at_projections,"-9.-13.-1.6",32841793536,321312512
at_projections,"-9.-13.-13.27",2736816128,277493454
at_projections,"-9.-13.-17.34",5473632256,275510652
at_projections,"-9.-13.-21.41",6842040320,455679580
at_projections,"-9.-13.-5.13",27368161280,528441036
at_projections,"-9.-13.-9.20",5473632256,160656256
at_projections,"-9.-13.11.-15",1368408064,173604180
at_projections,"-9.-13.15.-22",5473632256,287623116
at_projections,"-9.-13.3.-1",21894529024,240817920
at_projections,"-9.-14.-11.24",2736816128,277493454
at_projections,"-9.-14.-15.31",5473632256,275510652
at_projections,"-9.-14.-19.38",6842040320,455679580
at_projections,"-9.-14.-3.10",21894529024,240817920
at_projections,"-9.-14.-7.17",12315672576,628448300
at_projections,"-9.-14.1.3",32841793536,321312512
at_projections,"-9.-14.13.-18",6842040320,461227296
at_projections,"-9.-14.5.-4",21894529024,240817920
at_projections,"-9.-15.-1.7",21894529024,240817920
at_projections,"-9.-15.-13.28",5473632256,275510652
at_projections,"-9.-15.-17.35",5473632256,275510652
at_projections,"-9.-15.-5.14",17789304832,916071416
at_projections,"-9.-15.-9.21",2736816128,277493454
at_projections,"-9.-15.11.-14",8210448384,565116570
at_projections,"-9.-15.15.-21",10947264512,575246232
at_projections,"-9.-15.3.0",32841793536,321312512
at_projections,"-9.-15.7.-7",12315672576,300577888
at_projections,"-9.-16.-11.25",6842040320,449114832
at_projections,"-9.-16.-15.32",5473632256,275510652
at_projections,"-9.-16.-19.39",2736816128,290729820
at_projections,"-9.-16.-3.11",10947264512,448279372
at_projections,"-9.-16.1.4",21894529024,240817920
at_projections,"-9.-16.13.-17",13684080640,852739686
at_projections,"-9.-16.17.-24",5473632256,287623116
at_projections,"-9.-16.5.-3",32841793536,321312512
at_projections,"-9.-16.9.-10",5473632256,287623116
at_projections,"-9.-17.-1.8",5473632256,160656256
at_projections,"-9.-17.-13.29",5473632256,275510652
at_projections,"-9.-17.-5.15",8210448384,578352936
at_projections,"-9.-17.-9.22",6842040320,449114832
at_projections,"-9.-17.11.-13",10947264512,575246232
at_projections,"-9.-17.15.-20",8210448384,565116570
at_projections,"-9.-17.3.1",21894529024,240817920
at_projections,"-9.-17.7.-6",35578609664,739009192
at_projections,"-9.-18.-11.26",5473632256,275510652
at_projections,"-9.-18.-19.40",1368408064,180168928
at_projections,"-9.-18.-3.12",10947264512,575246232
at_projections,"-9.-18.-7.19",10947264512,693635452
at_projections,"-9.-18.1.5",5473632256,160656256
at_projections,"-9.-18.13.-16",5473632256,287623116
at_projections,"-9.-18.17.-23",2736816128,277493454
at_projections,"-9.-18.5.-2",27368161280,528441036
at_projections,"-9.-18.9.-9",20526120960,1206801236
at_projections,"-9.-19.-1.9",5473632256,287623116
at_projections,"-9.-19.-13.30",2736816128,277493454
at_projections,"-9.-19.-17.37",1368408064,180168928
at_projections,"-9.-19.-5.16",8210448384,629283760
at_projections,"-9.-19.-9.23",5473632256,275510652
at_projections,"-9.-19.11.-12",5473632256,287623116
at_projections,"-9.-19.15.-19",1368408064,173604180
at_projections,"-9.-19.3.2",10947264512,448279372
at_projections,"-9.-19.7.-5",36947017728,1286962900
at_projections,"-9.-2.-11.18",1368408064,173604180
at_projections,"-9.-2.-15.25",8210448384,565116570
at_projections,"-9.-2.-19.32",5473632256,418124800
at_projections,"-9.-2.-23.39",4105224192,451097634
at_projections,"-9.-2.-3.4",2736816128,347208360
at_projections,"-9.-2.-7.11",2736816128,277493454
at_projections,"-9.-20.-11.27",2736816128,277493454
at_projections,"-9.-20.-3.13",13684080640,916906876
at_projections,"-9.-20.-7.20",5473632256,275510652
at_projections,"-9.-20.1.6",5473632256,287623116
at_projections,"-9.-20.17.-22",1368408064,173604180
at_projections,"-9.-20.5.-1",17789304832,916071416
at_projections,"-9.-20.9.-8",17789304832,588201004
at_projections,"-9.-21.-1.10",24631345152,1349083668
at_projections,"-9.-21.-13.31",1368408064,173604180
at_projections,"-9.-21.-17.38",4105224192,464334000
at_projections,"-9.-21.-5.17",8210448384,553004106
at_projections,"-9.-21.19.-25",5473632256,418124800
at_projections,"-9.-21.3.3",10947264512,575246232
at_projections,"-9.-21.7.-4",12315672576,628448300
at_projections,"-9.-22.-11.28",4105224192,451097634
at_projections,"-9.-22.-15.35",1368408064,173604180
at_projections,"-9.-22.-3.14",16420896768,1131357042
at_projections,"-9.-22.-7.21",1368408064,173604180
at_projections,"-9.-22.1.7",24631345152,1349083668
at_projections,"-9.-22.21.-28",1368408064,173604180
at_projections,"-9.-22.5.0",8210448384,578352936
at_projections,"-9.-22.9.-7",5473632256,160656256
at_projections,"-9.-23.-1.11",30104977408,1904070576
at_projections,"-9.-23.-13.32",5473632256,418124800
at_projections,"-9.-23.-17.39",1368408064,180168928
at_projections,"-9.-23.-5.18",6842040320,461227296
at_projections,"-9.-23.-9.25",8210448384,695618254
at_projections,"-9.-23.3.4",13684080640,916906876
at_projections,"-9.-24.-11.29",1368408064,173604180
at_projections,"-9.-24.-15.36",4105224192,457662382
at_projections,"-9.-24.-3.15",17789304832,1173539960
at_projections,"-9.-24.-7.22",9578856448,738720750
at_projections,"-9.-24.1.8",30104977408,1904070576
at_projections,"-9.-24.13.-13",1368408064,173604180
at_projections,"-9.-24.21.-27",2736816128,277493454
at_projections,"-9.-24.5.1",8210448384,629283760
at_projections,"-9.-24.9.-6",2736816128,277493454
at_projections,"-9.-25.-1.12",9578856448,815000404
at_projections,"-9.-25.-5.19",15052488704,1026343866
at_projections,"-9.-25.-9.26",6842040320,461227296
at_projections,"-9.-25.11.-9",2736816128,277493454
at_projections,"-9.-25.15.-16",1368408064,173604180
at_projections,"-9.-25.19.-23",2736816128,277493454
at_projections,"-9.-25.23.-30",4105224192,451097634
at_projections,"-9.-25.3.5",16420896768,1131357042
at_projections,"-9.-25.7.-2",10947264512,693635452
at_projections,"-9.-26.-11.30",5473632256,287623116
at_projections,"-9.-26.-15.37",2736816128,290729820
at_projections,"-9.-26.-3.16",5473632256,287623116
at_projections,"-9.-26.-7.23",13684080640,852739686
at_projections,"-9.-26.1.9",9578856448,815000404
at_projections,"-9.-26.13.-12",2736816128,277493454
at_projections,"-9.-26.17.-19",5473632256,418124800
at_projections,"-9.-26.21.-26",2736816128,277493454
at_projections,"-9.-26.5.2",8210448384,553004106
at_projections,"-9.-26.9.-5",6842040320,449114832
at_projections,"-9.-27.-1.13",2736816128,290729820
at_projections,"-9.-27.-13.34",5473632256,287623116
at_projections,"-9.-27.-5.20",8210448384,565116570
at_projections,"-9.-27.-9.27",10947264512,575246232
at_projections,"-9.-27.11.-8",6842040320,449114832
at_projections,"-9.-27.15.-15",2736816128,277493454
at_projections,"-9.-27.19.-22",1368408064,173604180
at_projections,"-9.-27.23.-29",4105224192,457662382
at_projections,"-9.-27.3.6",17789304832,1173539960
at_projections,"-9.-27.7.-1",5473632256,275510652
at_projections,"-9.-28.-11.31",10947264512,575246232
at_projections,"-9.-28.-15.38",6842040320,467792044
at_projections,"-9.-28.-3.17",2736816128,277493454
at_projections,"-9.-28.-7.24",5473632256,287623116
at_projections,"-9.-28.1.10",2736816128,290729820
at_projections,"-9.-28.13.-11",5473632256,275510652
at_projections,"-9.-28.21.-25",1368408064,173604180
at_projections,"-9.-28.5.3",6842040320,461227296
at_projections,"-9.-28.9.-4",5473632256,275510652
at_projections,"-9.-29.-1.14",5473632256,637831310
at_projections,"-9.-29.-13.35",12315672576,755415160
at_projections,"-9.-29.-17.42",5473632256,287623116
at_projections,"-9.-29.-9.28",5473632256,287623116
at_projections,"-9.-29.11.-7",5473632256,275510652
at_projections,"-9.-29.15.-14",5473632256,275510652
at_projections,"-9.-29.23.-28",2736816128,290729820
at_projections,"-9.-29.3.7",5473632256,287623116
at_projections,"-9.-29.7.0",1368408064,173604180
at_projections,"-9.-3.-1.1",6842040320,591728980
at_projections,"-9.-3.-13.22",13684080640,852739686
at_projections,"-9.-3.-17.29",1368408064,173604180
at_projections,"-9.-3.-21.36",2736816128,277493454
at_projections,"-9.-3.-5.8",2736816128,277493454
at_projections,"-9.-3.-9.15",8210448384,622410652
at_projections,"-9.-30.-11.32",5473632256,287623116
at_projections,"-9.-30.-15.39",10947264512,575246232
at_projections,"-9.-30.-3.18",1368408064,173604180
at_projections,"-9.-30.1.11",5473632256,637831310
at_projections,"-9.-30.13.-10",5473632256,275510652
at_projections,"-9.-30.17.-17",5473632256,275510652
at_projections,"-9.-30.21.-24",1368408064,180168928
at_projections,"-9.-30.5.4",15052488704,1026343866
at_projections,"-9.-31.-1.15",4105224192,464334000
at_projections,"-9.-31.-13.36",8210448384,578352936
at_projections,"-9.-31.11.-6",2736816128,277493454
at_projections,"-9.-31.15.-13",5473632256,275510652
at_projections,"-9.-31.19.-20",5473632256,275510652
at_projections,"-9.-31.23.-27",1368408064,180168928
at_projections,"-9.-31.3.8",2736816128,277493454
at_projections,"-9.-31.7.1",9578856448,738720750
at_projections,"-9.-32.-15.40",5473632256,287623116
at_projections,"-9.-32.-3.19",1368408064,180168928
at_projections,"-9.-32.1.12",4105224192,464334000
at_projections,"-9.-32.13.-9",2736816128,277493454
at_projections,"-9.-32.17.-16",5473632256,275510652
at_projections,"-9.-32.21.-23",8210448384,566240472
at_projections,"-9.-32.5.5",8210448384,565116570
at_projections,"-9.-32.9.-2",8210448384,695618254
at_projections,"-9.-33.-1.16",1368408064,180168928
at_projections,"-9.-33.-13.37",1368408064,180168928
at_projections,"-9.-33.-9.30",2736816128,204285852
at_projections,"-9.-33.11.-5",4105224192,451097634
at_projections,"-9.-33.19.-19",6842040320,455679580
at_projections,"-9.-33.23.-26",5473632256,275510652
at_projections,"-9.-33.3.9",1368408064,173604180
at_projections,"-9.-33.7.2",13684080640,852739686
at_projections,"-9.-34.-11.34",1368408064,180168928
at_projections,"-9.-34.-3.20",2736816128,290729820
at_projections,"-9.-34.1.13",1368408064,180168928
at_projections,"-9.-34.13.-8",1368408064,173604180
at_projections,"-9.-34.21.-22",6842040320,455679580
at_projections,"-9.-34.9.-1",6842040320,461227296
at_projections,"-9.-35.-5.24",1368408064,180168928
at_projections,"-9.-35.-9.31",2736816128,204285852
at_projections,"-9.-35.11.-4",1368408064,173604180
at_projections,"-9.-35.19.-18",2736816128,290729820
at_projections,"-9.-35.23.-25",5473632256,275510652
at_projections,"-9.-35.3.10",1368408064,180168928
at_projections,"-9.-35.7.3",5473632256,287623116
at_projections,"-9.-36.-11.35",2736816128,290729820
at_projections,"-9.-36.-3.21",1368408064,180168928
at_projections,"-9.-36.13.-7",5473632256,418124800
at_projections,"-9.-36.17.-14",1368408064,180168928
at_projections,"-9.-36.9.0",10947264512,575246232
at_projections,"-9.-37.-5.25",2736816128,290729820
at_projections,"-9.-37.11.-3",5473632256,287623116
at_projections,"-9.-37.15.-10",1368408064,173604180
at_projections,"-9.-37.19.-17",1368408064,180168928
at_projections,"-9.-37.3.11",2736816128,290729820
at_projections,"-9.-38.-11.36",1368408064,180168928
at_projections,"-9.-38.-7.29",1368408064,180168928
at_projections,"-9.-38.17.-13",4105224192,464334000
at_projections,"-9.-38.9.1",5473632256,287623116
at_projections,"-9.-39.-5.26",1368408064,180168928
at_projections,"-9.-39.-9.33",1368408064,180168928
at_projections,"-9.-39.11.-2",10947264512,575246232
at_projections,"-9.-39.15.-9",4105224192,457662382
at_projections,"-9.-39.3.12",1368408064,180168928
at_projections,"-9.-4.-11.19",8210448384,565116570
at_projections,"-9.-4.-15.26",1368408064,173604180
at_projections,"-9.-4.-23.40",4105224192,457662382
at_projections,"-9.-4.-3.5",2736816128,277493454
at_projections,"-9.-4.-7.12",1368408064,173604180
at_projections,"-9.-4.1.-2",6842040320,591728980
at_projections,"-9.-40.-7.30",2736816128,290729820
at_projections,"-9.-40.13.-5",5473632256,287623116
at_projections,"-9.-40.17.-12",1368408064,180168928
at_projections,"-9.-40.5.9",1368408064,180168928
at_projections,"-9.-41.-9.34",4105224192,470898748
at_projections,"-9.-41.11.-1",5473632256,287623116
at_projections,"-9.-41.15.-8",2736816128,290729820
at_projections,"-9.-42.-7.31",1368408064,180168928
at_projections,"-9.-42.13.-4",12315672576,755415160
at_projections,"-9.-42.5.10",2736816128,290729820
at_projections,"-9.-42.9.3",2736816128,204285852
at_projections,"-9.-43.15.-7",6842040320,467792044
at_projections,"-9.-44.13.-3",8210448384,578352936
at_projections,"-9.-44.5.11",1368408064,180168928
at_projections,"-9.-44.9.4",2736816128,204285852
at_projections,"-9.-45.11.1",1368408064,180168928
at_projections,"-9.-45.15.-6",10947264512,575246232
at_projections,"-9.-45.7.8",1368408064,180168928
at_projections,"-9.-46.13.-2",1368408064,180168928
at_projections,"-9.-46.17.-9",5473632256,287623116
at_projections,"-9.-47.11.2",2736816128,290729820
at_projections,"-9.-47.15.-5",5473632256,287623116
at_projections,"-9.-47.7.9",2736816128,290729820
at_projections,"-9.-48.9.6",1368408064,180168928
at_projections,"-9.-49.11.3",1368408064,180168928
at_projections,"-9.-49.7.10",1368408064,180168928
at_projections,"-9.-5.-1.2",2736816128,277493454
at_projections,"-9.-5.-13.23",5473632256,287623116
at_projections,"-9.-5.-21.37",2736816128,277493454
at_projections,"-9.-5.-5.9",1368408064,173604180
at_projections,"-9.-5.3.-5",2736816128,347208360
at_projections,"-9.-50.9.7",4105224192,470898748
at_projections,"-9.-6.-11.20",10947264512,575246232
at_projections,"-9.-6.-19.34",2736816128,277493454
at_projections,"-9.-6.-23.41",2736816128,290729820
at_projections,"-9.-6.1.-1",2736816128,277493454
at_projections,"-9.-7.-21.38",1368408064,173604180
at_projections,"-9.-7.-5.10",5473632256,160656256
at_projections,"-9.-7.-9.17",5473632256,287623116
at_projections,"-9.-7.3.-4",2736816128,277493454
at_projections,"-9.-8.-11.21",5473632256,287623116
at_projections,"-9.-8.-19.35",1368408064,173604180
at_projections,"-9.-8.-23.42",1368408064,180168928
at_projections,"-9.-8.-3.7",5473632256,160656256
at_projections,"-9.-8.-7.14",12315672576,300577888
at_projections,"-9.-8.5.-7",2736816128,277493454
at_projections,"-9.-9.-1.4",5473632256,160656256
at_projections,"-9.-9.-17.32",5473632256,418124800
at_projections,"-9.-9.-21.39",1368408064,180168928
at_projections,"-9.-9.-5.11",21894529024,240817920
at_projections,"-9.-9.-9.18",20526120960,1206801236
at_projections,"-9.-9.7.-10",2736816128,277493454
at_projections,"-9.0.-15.24",10947264512,575246232
at_projections,"-9.1.-17.27",5473632256,287623116
at_projections,"-9.2.-15.23",5473632256,287623116
at_projections,"0.-1.-2.4",84841299968,4891918614
at_projections,"0.-1.-6.11",15052488704,1033161226
at_projections,"0.-1.10.-17",13684080640,856274510
at_projections,"0.-1.14.-24",2736816128,277493454
at_projections,"0.-1.18.-31",1368408064,173604180
at_projections,"0.-1.2.-3",98525380608,5753930800
at_projections,"0.-1.22.-38",5473632256,287623116
at_projections,"0.-1.6.-10",27368161280,722597226
at_projections,"0.-10.-4.12",1368408064,180168928
at_projections,"0.-10.-8.19",5473632256,581459640
at_projections,"0.-10.0.5",131367174144,4226918400
at_projections,"0.-10.12.-16",6842040320,334260436
at_projections,"0.-10.16.-23",12315672576,300577888
at_projections,"0.-10.20.-30",10947264512,310278144
at_projections,"0.-10.28.-44",5473632256,287623116
at_projections,"0.-10.4.-2",10947264512,1082083470
at_projections,"0.-10.8.-9",5473632256,421407336
at_projections,"0.-11.-14.30",5473632256,287623116
at_projections,"0.-11.-2.9",27368161280,2171053560
at_projections,"0.-11.-6.16",5473632256,581459640
at_projections,"0.-11.14.-19",6842040320,334260436
at_projections,"0.-11.18.-26",4105224192,384454780
at_projections,"0.-11.2.2",30104977408,2388158916
at_projections,"0.-11.22.-33",5473632256,408571704
at_projections,"0.-11.26.-40",2736816128,204285852
at_projections,"0.-11.6.-5",6842040320,601576264
at_projections,"0.-12.-8.20",9578856448,901914542
at_projections,"0.-12.0.6",120419909632,3874675200
at_projections,"0.-12.12.-15",2736816128,277493454
at_projections,"0.-12.24.-36",10947264512,310278144
at_projections,"0.-12.4.-1",5473632256,581459640
at_projections,"0.-12.8.-8",10947264512,331281408
at_projections,"0.-13.-2.10",24631345152,1953948204
at_projections,"0.-13.-6.17",1368408064,180168928
at_projections,"0.-13.10.-11",5473632256,421407336
at_projections,"0.-13.14.-18",2736816128,277493454
at_projections,"0.-13.2.3",27368161280,2171053560
at_projections,"0.-13.22.-32",2736816128,204285852
at_projections,"0.-13.26.-39",5473632256,408571704
at_projections,"0.-13.30.-46",8210448384,491908968
at_projections,"0.-13.6.-4",5473632256,581459640
at_projections,"0.-14.-12.28",5473632256,287623116
at_projections,"0.-14.-8.21",2736816128,290729820
at_projections,"0.-14.0.7",109472645120,3522432000
at_projections,"0.-14.16.-21",2736816128,277493454
at_projections,"0.-14.28.-42",10947264512,310278144
at_projections,"0.-14.4.0",1368408064,180168928
at_projections,"0.-14.8.-7",5473632256,421407336
at_projections,"0.-15.-2.11",21894529024,1736842848
at_projections,"0.-15.-6.18",5473632256,418124800
at_projections,"0.-15.10.-10",10947264512,331281408
at_projections,"0.-15.18.-24",2736816128,277493454
at_projections,"0.-15.2.4",24631345152,1953948204
at_projections,"0.-15.26.-38",2736816128,204285852
at_projections,"0.-15.30.-45",5473632256,408571704
at_projections,"0.-15.6.-3",8210448384,804590016
at_projections,"0.-16.-4.15",1368408064,173604180
at_projections,"0.-16.0.8",109472645120,3721210104
at_projections,"0.-16.12.-13",5473632256,421407336
at_projections,"0.-16.16.-20",1368408064,173604180
at_projections,"0.-16.32.-48",24631345152,1102629732
at_projections,"0.-16.8.-6",1368408064,180168928
at_projections,"0.-17.-10.26",5473632256,287623116
at_projections,"0.-17.-2.12",20526120960,1693341672
at_projections,"0.-17.10.-9",5473632256,421407336
at_projections,"0.-17.18.-23",1368408064,173604180
at_projections,"0.-17.2.5",21894529024,1736842848
at_projections,"0.-17.30.-44",8210448384,491908968
at_projections,"0.-17.6.-2",5473632256,581459640
at_projections,"0.-18.-4.16",2736816128,277493454
at_projections,"0.-18.0.9",87578116096,2817945600
at_projections,"0.-18.12.-12",10947264512,331281408
at_projections,"0.-18.20.-26",5473632256,418124800
at_projections,"0.-18.28.-40",5473632256,287623116
at_projections,"0.-18.8.-5",5473632256,581459640
at_projections,"0.-19.-2.13",21894529024,1857619044
at_projections,"0.-19.-6.20",1368408064,173604180
at_projections,"0.-19.14.-15",5473632256,421407336
at_projections,"0.-19.2.6",20526120960,1693341672
at_projections,"0.-19.26.-36",5473632256,287623116
at_projections,"0.-19.6.-1",1368408064,180168928
at_projections,"0.-2.-20.36",5473632256,287623116
at_projections,"0.-2.-4.8",20526120960,949600046
at_projections,"0.-2.-8.15",5473632256,421407336
at_projections,"0.-2.0.1",218945290240,7882443072
at_projections,"0.-2.12.-20",6842040320,334260436
at_projections,"0.-2.16.-27",2736816128,277493454
at_projections,"0.-2.20.-34",5473632256,418124800
at_projections,"0.-2.4.-6",46525874176,978799016
at_projections,"0.-2.8.-13",25999753216,691915554
at_projections,"0.-20.-4.17",5473632256,418124800
at_projections,"0.-20.-8.24",5473632256,287623116
at_projections,"0.-20.0.10",82104483840,3020689308
at_projections,"0.-20.12.-11",5473632256,421407336
at_projections,"0.-20.24.-32",5473632256,287623116
at_projections,"0.-20.4.3",1368408064,173604180
at_projections,"0.-20.8.-4",9578856448,901914542
at_projections,"0.-21.-2.14",15052488704,1259130960
at_projections,"0.-21.14.-14",10947264512,331281408
at_projections,"0.-21.2.7",21894529024,1857619044
at_projections,"0.-21.22.-28",5473632256,287623116
at_projections,"0.-21.6.0",5473632256,418124800
at_projections,"0.-22.0.11",68420403200,2460667560
at_projections,"0.-22.16.-17",5473632256,421407336
at_projections,"0.-22.20.-24",5473632256,287623116
at_projections,"0.-22.4.4",2736816128,277493454
at_projections,"0.-22.8.-3",2736816128,290729820
at_projections,"0.-23.-2.15",10947264512,868421424
at_projections,"0.-23.-6.22",5473632256,287623116
at_projections,"0.-23.14.-13",5473632256,421407336
at_projections,"0.-23.18.-20",5473632256,287623116
at_projections,"0.-23.2.8",15052488704,1259130960
at_projections,"0.-24.0.12",54736322560,1761216000
at_projections,"0.-24.16.-16",16420896768,618904524
at_projections,"0.-24.4.5",5473632256,418124800
at_projections,"0.-25.-2.16",8210448384,651316068
at_projections,"0.-25.14.-12",5473632256,287623116
at_projections,"0.-25.2.9",10947264512,868421424
at_projections,"0.-25.6.2",1368408064,173604180
at_projections,"0.-26.-4.20",5473632256,287623116
at_projections,"0.-26.0.13",43789058048,1408972800
at_projections,"0.-26.12.-8",5473632256,287623116
at_projections,"0.-27.-2.17",5473632256,434210712
at_projections,"0.-27.10.-4",5473632256,287623116
at_projections,"0.-27.2.10",8210448384,651316068
at_projections,"0.-28.0.14",32841793536,1056729600
at_projections,"0.-28.8.0",5473632256,287623116
at_projections,"0.-29.-2.18",8210448384,504728472
at_projections,"0.-29.2.11",5473632256,434210712
at_projections,"0.-29.6.4",5473632256,287623116
at_projections,"0.-3.-10.19",5473632256,421407336
at_projections,"0.-3.-2.5",57473138688,4426128592
at_projections,"0.-3.-6.12",12315672576,504885588
at_projections,"0.-3.10.-16",25999753216,618707952
at_projections,"0.-3.14.-23",6842040320,334260436
at_projections,"0.-3.18.-30",2736816128,277493454
at_projections,"0.-3.2.-2",84841299968,4891918614
at_projections,"0.-3.6.-9",38315425792,729884216
at_projections,"0.-30.0.15",21894529024,704486400
at_projections,"0.-30.4.8",5473632256,287623116
at_projections,"0.-31.2.12",8210448384,504728472
at_projections,"0.-32.0.16",24631345152,1131775284
at_projections,"0.-4.-12.23",5473632256,421407336
at_projections,"0.-4.-4.9",12315672576,1176471156
at_projections,"0.-4.-8.16",10947264512,331281408
at_projections,"0.-4.0.2",172419416064,5804642112
at_projections,"0.-4.12.-19",27368161280,658942720
at_projections,"0.-4.24.-40",5473632256,287623116
at_projections,"0.-4.4.-5",30104977408,939718710
at_projections,"0.-4.8.-12",43789058048,631590656
at_projections,"0.-5.-10.20",10947264512,331281408
at_projections,"0.-5.-14.27",5473632256,421407336
at_projections,"0.-5.-18.34",5473632256,287623116
at_projections,"0.-5.-2.6",47894282240,3995558248
at_projections,"0.-5.-6.13",6842040320,601576264
at_projections,"0.-5.10.-15",38315425792,729884216
at_projections,"0.-5.14.-22",25999753216,618707952
at_projections,"0.-5.2.-1",57473138688,4426128592
at_projections,"0.-5.6.-8",27368161280,722597226
at_projections,"0.-6.-12.24",10947264512,331281408
at_projections,"0.-6.-16.31",5473632256,421407336
at_projections,"0.-6.-4.10",10947264512,1082083470
at_projections,"0.-6.-8.17",5473632256,421407336
at_projections,"0.-6.0.3",155998519296,5278613160
at_projections,"0.-6.12.-18",43789058048,631590656
at_projections,"0.-6.16.-25",12315672576,300577888
at_projections,"0.-6.4.-4",20526120960,949600046
at_projections,"0.-6.8.-11",25999753216,691915554
at_projections,"0.-7.-10.21",5473632256,421407336
at_projections,"0.-7.-14.28",10947264512,331281408
at_projections,"0.-7.-2.7",36947017728,3062926654
at_projections,"0.-7.-6.14",5473632256,581459640
at_projections,"0.-7.10.-14",25999753216,618707952
at_projections,"0.-7.14.-21",43789058048,1284871124
at_projections,"0.-7.18.-28",4105224192,384454780
at_projections,"0.-7.2.0",47894282240,3995558248
at_projections,"0.-7.26.-42",5473632256,287623116
at_projections,"0.-7.6.-7",15052488704,1033161226
at_projections,"0.-8.-12.25",5473632256,421407336
at_projections,"0.-8.-16.32",16420896768,618904524
at_projections,"0.-8.-4.11",5473632256,581459640
at_projections,"0.-8.-8.18",1368408064,180168928
at_projections,"0.-8.0.4",147788070912,5134148508
at_projections,"0.-8.12.-17",27368161280,658942720
at_projections,"0.-8.16.-24",49262690304,1607380948
at_projections,"0.-8.4.-3",12315672576,1176471156
at_projections,"0.-8.8.-10",9578856448,611753890
at_projections,"0.-9.-14.29",5473632256,421407336
at_projections,"0.-9.-2.8",30104977408,2388158916
at_projections,"0.-9.-6.15",8210448384,804590016
at_projections,"0.-9.10.-13",13684080640,856274510
at_projections,"0.-9.14.-20",25999753216,618707952
at_projections,"0.-9.18.-27",16420896768,1150687600
at_projections,"0.-9.2.1",36947017728,3062926654
at_projections,"0.-9.22.-34",2736816128,204285852
at_projections,"0.-9.6.-6",12315672576,504885588
at_projections,"0.0.-12.21",2736816128,277493454
at_projections,"0.0.-16.28",1368408064,173604180
at_projections,"0.0.-4.7",30104977408,939718710
at_projections,"0.0.-8.14",9578856448,611753890
at_projections,"0.0.0.0",306523406336,11286781672
at_projections,"0.0.12.-21",2736816128,277493454
at_projections,"0.0.16.-28",1368408064,173604180
at_projections,"0.0.4.-7",30104977408,939718710
at_projections,"0.0.8.-14",9578856448,611753890
at_projections,"0.1.-10.17",13684080640,856274510
at_projections,"0.1.-14.24",2736816128,277493454
at_projections,"0.1.-18.31",1368408064,173604180
at_projections,"0.1.-2.3",98525380608,5753930800
at_projections,"0.1.-22.38",5473632256,287623116
at_projections,"0.1.-6.10",27368161280,722597226
at_projections,"0.1.2.-4",84841299968,4891918614
at_projections,"0.1.6.-11",15052488704,1033161226
at_projections,"0.10.-12.16",6842040320,334260436
at_projections,"0.10.-16.23",12315672576,300577888
at_projections,"0.10.-20.30",10947264512,310278144
at_projections,"0.10.-28.44",5473632256,287623116
at_projections,"0.10.-4.2",10947264512,1082083470
at_projections,"0.10.-8.9",5473632256,421407336
at_projections,"0.10.0.-5",131367174144,4226918400
at_projections,"0.10.4.-12",1368408064,180168928
at_projections,"0.10.8.-19",5473632256,581459640
at_projections,"0.11.-14.19",6842040320,334260436
at_projections,"0.11.-18.26",4105224192,384454780
at_projections,"0.11.-2.-2",30104977408,2388158916
at_projections,"0.11.-22.33",5473632256,408571704
at_projections,"0.11.-26.40",2736816128,204285852
at_projections,"0.11.-6.5",6842040320,601576264
at_projections,"0.11.14.-30",5473632256,287623116
at_projections,"0.11.2.-9",27368161280,2171053560
at_projections,"0.11.6.-16",5473632256,581459640
at_projections,"0.12.-12.15",2736816128,277493454
at_projections,"0.12.-24.36",10947264512,310278144
at_projections,"0.12.-4.1",5473632256,581459640
at_projections,"0.12.-8.8",10947264512,331281408
at_projections,"0.12.0.-6",120419909632,3874675200
at_projections,"0.12.8.-20",9578856448,901914542
at_projections,"0.13.-10.11",5473632256,421407336
at_projections,"0.13.-14.18",2736816128,277493454
at_projections,"0.13.-2.-3",27368161280,2171053560
at_projections,"0.13.-22.32",2736816128,204285852
at_projections,"0.13.-26.39",5473632256,408571704
at_projections,"0.13.-30.46",8210448384,491908968
at_projections,"0.13.-6.4",5473632256,581459640
at_projections,"0.13.2.-10",24631345152,1953948204
at_projections,"0.13.6.-17",1368408064,180168928
at_projections,"0.14.-16.21",2736816128,277493454
at_projections,"0.14.-28.42",10947264512,310278144
at_projections,"0.14.-4.0",1368408064,180168928
at_projections,"0.14.-8.7",5473632256,421407336
at_projections,"0.14.0.-7",109472645120,3522432000
at_projections,"0.14.12.-28",5473632256,287623116
at_projections,"0.14.8.-21",2736816128,290729820
at_projections,"0.15.-10.10",10947264512,331281408
at_projections,"0.15.-18.24",2736816128,277493454
at_projections,"0.15.-2.-4",24631345152,1953948204
at_projections,"0.15.-26.38",2736816128,204285852
at_projections,"0.15.-30.45",5473632256,408571704
at_projections,"0.15.-6.3",8210448384,804590016
at_projections,"0.15.2.-11",21894529024,1736842848
at_projections,"0.15.6.-18",5473632256,418124800
at_projections,"0.16.-12.13",5473632256,421407336
at_projections,"0.16.-16.20",1368408064,173604180
at_projections,"0.16.-32.48",24631345152,1102629732
at_projections,"0.16.-8.6",1368408064,180168928
at_projections,"0.16.0.-8",109472645120,3721210104
at_projections,"0.16.4.-15",1368408064,173604180
at_projections,"0.17.-10.9",5473632256,421407336
at_projections,"0.17.-18.23",1368408064,173604180
at_projections,"0.17.-2.-5",21894529024,1736842848
at_projections,"0.17.-30.44",8210448384,491908968
at_projections,"0.17.-6.2",5473632256,581459640
at_projections,"0.17.10.-26",5473632256,287623116
at_projections,"0.17.2.-12",20526120960,1693341672
at_projections,"0.18.-12.12",10947264512,331281408
at_projections,"0.18.-20.26",5473632256,418124800
at_projections,"0.18.-28.40",5473632256,287623116
at_projections,"0.18.-8.5",5473632256,581459640
at_projections,"0.18.0.-9",87578116096,2817945600
at_projections,"0.18.4.-16",2736816128,277493454
at_projections,"0.19.-14.15",5473632256,421407336
at_projections,"0.19.-2.-6",20526120960,1693341672
at_projections,"0.19.-26.36",5473632256,287623116
at_projections,"0.19.-6.1",1368408064,180168928
at_projections,"0.19.2.-13",21894529024,1857619044
at_projections,"0.19.6.-20",1368408064,173604180
at_projections,"0.2.-12.20",6842040320,334260436
at_projections,"0.2.-16.27",2736816128,277493454
at_projections,"0.2.-20.34",5473632256,418124800
at_projections,"0.2.-4.6",46525874176,978799016
at_projections,"0.2.-8.13",25999753216,691915554
at_projections,"0.2.0.-1",218945290240,7882443072
at_projections,"0.2.20.-36",5473632256,287623116
at_projections,"0.2.4.-8",20526120960,949600046
at_projections,"0.2.8.-15",5473632256,421407336
at_projections,"0.20.-12.11",5473632256,421407336
at_projections,"0.20.-24.32",5473632256,287623116
at_projections,"0.20.-4.-3",1368408064,173604180
at_projections,"0.20.-8.4",9578856448,901914542
at_projections,"0.20.0.-10",82104483840,3020689308
at_projections,"0.20.4.-17",5473632256,418124800
at_projections,"0.20.8.-24",5473632256,287623116
at_projections,"0.21.-14.14",10947264512,331281408
at_projections,"0.21.-2.-7",21894529024,1857619044
at_projections,"0.21.-22.28",5473632256,287623116
at_projections,"0.21.-6.0",5473632256,418124800
at_projections,"0.21.2.-14",15052488704,1259130960
at_projections,"0.22.-16.17",5473632256,421407336
at_projections,"0.22.-20.24",5473632256,287623116
at_projections,"0.22.-4.-4",2736816128,277493454
at_projections,"0.22.-8.3",2736816128,290729820
at_projections,"0.22.0.-11",68420403200,2460667560
at_projections,"0.23.-14.13",5473632256,421407336
at_projections,"0.23.-18.20",5473632256,287623116
at_projections,"0.23.-2.-8",15052488704,1259130960
at_projections,"0.23.2.-15",10947264512,868421424
at_projections,"0.23.6.-22",5473632256,287623116
at_projections,"0.24.-16.16",16420896768,618904524
at_projections,"0.24.-4.-5",5473632256,418124800
at_projections,"0.24.0.-12",54736322560,1761216000
at_projections,"0.25.-14.12",5473632256,287623116
at_projections,"0.25.-2.-9",10947264512,868421424
at_projections,"0.25.-6.-2",1368408064,173604180
at_projections,"0.25.2.-16",8210448384,651316068
at_projections,"0.26.-12.8",5473632256,287623116
at_projections,"0.26.0.-13",43789058048,1408972800
at_projections,"0.26.4.-20",5473632256,287623116
at_projections,"0.27.-10.4",5473632256,287623116
at_projections,"0.27.-2.-10",8210448384,651316068
at_projections,"0.27.2.-17",5473632256,434210712
at_projections,"0.28.-8.0",5473632256,287623116
at_projections,"0.28.0.-14",32841793536,1056729600
at_projections,"0.29.-2.-11",5473632256,434210712
at_projections,"0.29.-6.-4",5473632256,287623116
at_projections,"0.29.2.-18",8210448384,504728472
at_projections,"0.3.-10.16",25999753216,618707952
at_projections,"0.3.-14.23",6842040320,334260436
at_projections,"0.3.-18.30",2736816128,277493454
at_projections,"0.3.-2.2",84841299968,4891918614
at_projections,"0.3.-6.9",38315425792,729884216
at_projections,"0.3.10.-19",5473632256,421407336
at_projections,"0.3.2.-5",57473138688,4426128592
at_projections,"0.3.6.-12",12315672576,504885588
at_projections,"0.30.-4.-8",5473632256,287623116
at_projections,"0.30.0.-15",21894529024,704486400
at_projections,"0.31.-2.-12",8210448384,504728472
at_projections,"0.32.0.-16",24631345152,1131775284
at_projections,"0.4.-12.19",27368161280,658942720
at_projections,"0.4.-24.40",5473632256,287623116
at_projections,"0.4.-4.5",30104977408,939718710
at_projections,"0.4.-8.12",43789058048,631590656
at_projections,"0.4.0.-2",172419416064,5804642112
at_projections,"0.4.12.-23",5473632256,421407336
at_projections,"0.4.4.-9",12315672576,1176471156
at_projections,"0.4.8.-16",10947264512,331281408
at_projections,"0.5.-10.15",38315425792,729884216
at_projections,"0.5.-14.22",25999753216,618707952
at_projections,"0.5.-2.1",57473138688,4426128592
at_projections,"0.5.-6.8",27368161280,722597226
at_projections,"0.5.10.-20",10947264512,331281408
at_projections,"0.5.14.-27",5473632256,421407336
at_projections,"0.5.18.-34",5473632256,287623116
at_projections,"0.5.2.-6",47894282240,3995558248
at_projections,"0.5.6.-13",6842040320,601576264
at_projections,"0.6.-12.18",43789058048,631590656
at_projections,"0.6.-16.25",12315672576,300577888
at_projections,"0.6.-4.4",20526120960,949600046
at_projections,"0.6.-8.11",25999753216,691915554
at_projections,"0.6.0.-3",155998519296,5278613160
at_projections,"0.6.12.-24",10947264512,331281408
at_projections,"0.6.16.-31",5473632256,421407336
at_projections,"0.6.4.-10",10947264512,1082083470
at_projections,"0.6.8.-17",5473632256,421407336
at_projections,"0.7.-10.14",25999753216,618707952
at_projections,"0.7.-14.21",43789058048,1284871124
at_projections,"0.7.-18.28",4105224192,384454780
at_projections,"0.7.-2.0",47894282240,3995558248
at_projections,"0.7.-26.42",5473632256,287623116
at_projections,"0.7.-6.7",15052488704,1033161226
at_projections,"0.7.10.-21",5473632256,421407336
at_projections,"0.7.14.-28",10947264512,331281408
at_projections,"0.7.2.-7",36947017728,3062926654
at_projections,"0.7.6.-14",5473632256,581459640
at_projections,"0.8.-12.17",27368161280,658942720
at_projections,"0.8.-16.24",49262690304,1607380948
at_projections,"0.8.-4.3",12315672576,1176471156
at_projections,"0.8.-8.10",9578856448,611753890
at_projections,"0.8.0.-4",147788070912,5134148508
at_projections,"0.8.12.-25",5473632256,421407336
at_projections,"0.8.16.-32",16420896768,618904524
at_projections,"0.8.4.-11",5473632256,581459640
at_projections,"0.8.8.-18",1368408064,180168928
at_projections,"0.9.-10.13",13684080640,856274510
at_projections,"0.9.-14.20",25999753216,618707952
at_projections,"0.9.-18.27",16420896768,1150687600
at_projections,"0.9.-2.-1",36947017728,3062926654
at_projections,"0.9.-22.34",2736816128,204285852
at_projections,"0.9.-6.6",12315672576,504885588
at_projections,"0.9.14.-29",5473632256,421407336
at_projections,"0.9.2.-8",30104977408,2388158916
at_projections,"0.9.6.-15",8210448384,804590016
at_projections,"1.-1.-11.20",5473632256,287623116
at_projections,"1.-1.-19.34",2736816128,210703668
at_projections,"1.-1.-3.6",21894529024,1530362842
at_projections,"1.-1.-7.13",10947264512,575246232
at_projections,"1.-1.1.-1",114946277376,5605511016
at_projections,"1.-1.13.-22",8210448384,438149710
at_projections,"1.-1.21.-36",1368408064,173604180
at_projections,"1.-1.5.-8",39683833856,770427344
at_projections,"1.-1.9.-15",27368161280,516328572
at_projections,"1.-10.-1.7",54736322560,2997073560
at_projections,"1.-10.-13.28",2736816128,210703668
at_projections,"1.-10.-9.21",4105224192,457662382
at_projections,"1.-10.15.-21",1368408064,173604180
at_projections,"1.-10.19.-28",1368408064,180168928
at_projections,"1.-10.23.-35",5473632256,275510652
at_projections,"1.-10.27.-42",5473632256,275510652
at_projections,"1.-10.7.-7",6842040320,467792044
at_projections,"1.-11.-7.18",4105224192,457662382
at_projections,"1.-11.1.4",54736322560,2997073560
at_projections,"1.-11.17.-24",1368408064,173604180
at_projections,"1.-11.25.-38",5473632256,275510652
at_projections,"1.-11.29.-45",5473632256,275510652
at_projections,"1.-11.5.-3",5473632256,581459640
at_projections,"1.-11.9.-10",10947264512,575246232
at_projections,"1.-12.-1.8",51999506432,2901652056
at_projections,"1.-12.-5.15",2736816128,277493454
at_projections,"1.-12.11.-13",5473632256,287623116
at_projections,"1.-12.15.-20",2736816128,277493454
at_projections,"1.-12.27.-41",5473632256,275510652
at_projections,"1.-12.31.-48",8210448384,486214320
at_projections,"1.-12.7.-6",5473632256,581459640
at_projections,"1.-13.-11.26",2736816128,210703668
at_projections,"1.-13.-7.19",1368408064,173604180
at_projections,"1.-13.1.5",51999506432,2901652056
at_projections,"1.-13.17.-23",2736816128,277493454
at_projections,"1.-13.29.-44",5473632256,275510652
at_projections,"1.-13.5.-2",1368408064,180168928
at_projections,"1.-13.9.-9",5473632256,287623116
at_projections,"1.-14.-1.9",46525874176,2601944700
at_projections,"1.-14.-5.16",1368408064,173604180
at_projections,"1.-14.11.-12",10947264512,575246232
at_projections,"1.-14.19.-26",2736816128,277493454
at_projections,"1.-14.31.-47",8210448384,486214320
at_projections,"1.-14.7.-5",8210448384,804590016
at_projections,"1.-15.-3.13",5473632256,418124800
at_projections,"1.-15.1.6",46525874176,2601944700
at_projections,"1.-15.13.-15",5473632256,287623116
at_projections,"1.-15.21.-29",2736816128,277493454
at_projections,"1.-15.29.-43",2736816128,210703668
at_projections,"1.-15.9.-8",1368408064,180168928
at_projections,"1.-16.-1.10",41052241920,2445159852
at_projections,"1.-16.-5.17",2736816128,277493454
at_projections,"1.-16.-9.24",2736816128,210703668
at_projections,"1.-16.11.-11",5473632256,287623116
at_projections,"1.-16.19.-25",1368408064,173604180
at_projections,"1.-16.27.-39",2736816128,210703668
at_projections,"1.-16.7.-4",5473632256,581459640
at_projections,"1.-17.-3.14",2736816128,277493454
at_projections,"1.-17.1.7",41052241920,2445159852
at_projections,"1.-17.13.-14",10947264512,575246232
at_projections,"1.-17.21.-28",1368408064,173604180
at_projections,"1.-17.25.-35",2736816128,210703668
at_projections,"1.-17.5.0",2736816128,277493454
at_projections,"1.-17.9.-7",4105224192,464334000
at_projections,"1.-18.-1.11",38315425792,2353231044
at_projections,"1.-18.11.-10",1368408064,173604180
at_projections,"1.-18.15.-17",5473632256,287623116
at_projections,"1.-18.23.-31",2736816128,210703668
at_projections,"1.-18.3.4",5473632256,418124800
at_projections,"1.-18.7.-3",4105224192,457662382
at_projections,"1.-19.-3.15",1368408064,173604180
at_projections,"1.-19.-7.22",2736816128,210703668
at_projections,"1.-19.1.8",38315425792,2353231044
at_projections,"1.-19.13.-13",5473632256,287623116
at_projections,"1.-19.21.-27",2736816128,210703668
at_projections,"1.-19.5.1",1368408064,173604180
at_projections,"1.-19.9.-6",4105224192,457662382
at_projections,"1.-2.-1.3",86209708032,4814221622
at_projections,"1.-2.-13.24",5473632256,287623116
at_projections,"1.-2.-5.10",12315672576,1042686936
at_projections,"1.-2.-9.17",10947264512,575246232
at_projections,"1.-2.11.-18",28736569344,689932752
at_projections,"1.-2.15.-25",8210448384,451386076
at_projections,"1.-2.3.-4",38315425792,1397523792
at_projections,"1.-2.7.-11",39683833856,770427344
at_projections,"1.-20.-1.12",27368161280,1498536780
at_projections,"1.-20.15.-16",10947264512,575246232
at_projections,"1.-20.19.-23",2736816128,210703668
at_projections,"1.-20.3.5",2736816128,277493454
at_projections,"1.-20.7.-2",1368408064,173604180
at_projections,"1.-21.1.9",27368161280,1498536780
at_projections,"1.-21.17.-19",8210448384,498326784
at_projections,"1.-21.5.2",2736816128,277493454
at_projections,"1.-22.-1.13",21894529024,1198829424
at_projections,"1.-22.-5.20",2736816128,210703668
at_projections,"1.-22.15.-15",8210448384,498326784
at_projections,"1.-22.3.6",1368408064,173604180
at_projections,"1.-23.1.10",21894529024,1198829424
at_projections,"1.-23.13.-11",2736816128,210703668
at_projections,"1.-24.-1.14",16420896768,899122068
at_projections,"1.-24.11.-7",2736816128,210703668
at_projections,"1.-25.-3.18",2736816128,210703668
at_projections,"1.-25.1.11",16420896768,899122068
at_projections,"1.-25.9.-3",2736816128,210703668
at_projections,"1.-26.-1.15",10947264512,599414712
at_projections,"1.-26.7.1",2736816128,210703668
at_projections,"1.-27.1.12",10947264512,599414712
at_projections,"1.-27.5.5",2736816128,210703668
at_projections,"1.-28.-1.16",8210448384,510411024
at_projections,"1.-28.3.9",2736816128,210703668
at_projections,"1.-29.1.13",8210448384,510411024
at_projections,"1.-3.-11.21",10947264512,575246232
at_projections,"1.-3.-15.28",5473632256,287623116
at_projections,"1.-3.-3.7",8210448384,928668000
at_projections,"1.-3.-7.14",6842040320,467792044
at_projections,"1.-3.1.0",86209708032,4814221622
at_projections,"1.-3.13.-21",28736569344,689932752
at_projections,"1.-3.17.-28",2736816128,290729820
at_projections,"1.-3.25.-42",2736816128,210703668
at_projections,"1.-3.5.-7",31473385472,979538670
at_projections,"1.-3.9.-14",38315425792,596823164
at_projections,"1.-4.-1.4",77999259648,4487924608
at_projections,"1.-4.-13.25",10947264512,575246232
at_projections,"1.-4.-17.32",8210448384,498326784
at_projections,"1.-4.-5.11",8210448384,804590016
at_projections,"1.-4.-9.18",5473632256,287623116
at_projections,"1.-4.11.-17",41052241920,874316618
at_projections,"1.-4.15.-24",35578609664,1288226480
at_projections,"1.-4.3.-3",21894529024,1530362842
at_projections,"1.-4.7.-10",25999753216,691915554
at_projections,"1.-5.-11.22",5473632256,287623116
at_projections,"1.-5.-15.29",10947264512,575246232
at_projections,"1.-5.-3.8",4105224192,457662382
at_projections,"1.-5.-7.15",5473632256,581459640
at_projections,"1.-5.1.1",77999259648,4487924608
at_projections,"1.-5.13.-20",41052241920,874316618
at_projections,"1.-5.17.-27",25999753216,1374113808
at_projections,"1.-5.5.-6",20526120960,1193564870
at_projections,"1.-5.9.-13",30104977408,936436174
at_projections,"1.-6.-1.5",65683587072,3596488272
at_projections,"1.-6.-13.26",5473632256,287623116
at_projections,"1.-6.-5.12",5473632256,581459640
at_projections,"1.-6.-9.19",1368408064,180168928
at_projections,"1.-6.11.-16",25999753216,691915554
at_projections,"1.-6.15.-23",32841793536,436166908
at_projections,"1.-6.19.-30",6842040320,455679580
at_projections,"1.-6.27.-44",2736816128,210703668
at_projections,"1.-6.3.-2",8210448384,928668000
at_projections,"1.-6.7.-9",13684080640,725772826
at_projections,"1.-7.-11.23",1368408064,173604180
at_projections,"1.-7.-15.30",8210448384,498326784
at_projections,"1.-7.-7.16",8210448384,804590016
at_projections,"1.-7.1.2",65683587072,3596488272
at_projections,"1.-7.13.-19",21894529024,240817920
at_projections,"1.-7.17.-26",13684080640,726896728
at_projections,"1.-7.21.-33",5473632256,275510652
at_projections,"1.-7.5.-5",12315672576,1042686936
at_projections,"1.-7.9.-12",6842040320,334260436
at_projections,"1.-8.-1.6",60209954816,3296780916
at_projections,"1.-8.-5.13",1368408064,180168928
at_projections,"1.-8.-9.20",4105224192,464334000
at_projections,"1.-8.11.-15",6842040320,334260436
at_projections,"1.-8.15.-22",10947264512,120408960
at_projections,"1.-8.19.-29",8210448384,566240472
at_projections,"1.-8.23.-36",5473632256,275510652
at_projections,"1.-8.3.-1",4105224192,457662382
at_projections,"1.-8.7.-8",10947264512,575246232
at_projections,"1.-9.-7.17",5473632256,581459640
at_projections,"1.-9.1.3",60209954816,3296780916
at_projections,"1.-9.13.-18",10947264512,578781056
at_projections,"1.-9.21.-32",5473632256,275510652
at_projections,"1.-9.25.-39",5473632256,275510652
at_projections,"1.-9.29.-46",2736816128,210703668
at_projections,"1.-9.5.-4",8210448384,804590016
at_projections,"1.-9.9.-11",5473632256,287623116
at_projections,"1.0.-1.2",114946277376,5605511016
at_projections,"1.0.-5.9",20526120960,1193564870
at_projections,"1.0.-9.16",5473632256,287623116
at_projections,"1.0.11.-19",9578856448,611753890
at_projections,"1.0.15.-26",4105224192,457662382
at_projections,"1.0.19.-33",1368408064,173604180
at_projections,"1.0.23.-40",2736816128,210703668
at_projections,"1.0.3.-5",50631098368,1482740008
at_projections,"1.0.7.-12",27368161280,516328572
at_projections,"1.1.-3.5",38315425792,1397523792
at_projections,"1.1.-7.12",13684080640,725772826
at_projections,"1.1.1.-2",157366927360,7797681180
at_projections,"1.1.13.-23",2736816128,277493454
at_projections,"1.1.17.-30",5473632256,418124800
at_projections,"1.1.5.-9",30104977408,793822026
at_projections,"1.1.9.-16",9578856448,611753890
at_projections,"1.10.-1.-3",77999259648,4631351464
at_projections,"1.10.-13.18",28736569344,689932752
at_projections,"1.10.-17.25",13684080640,726896728
at_projections,"1.10.-5.4",16420896768,993371032
at_projections,"1.10.-9.11",9578856448,611753890
at_projections,"1.10.11.-24",5473632256,287623116
at_projections,"1.10.15.-31",10947264512,575246232
at_projections,"1.10.3.-10",6842040320,755063820
at_projections,"1.10.7.-17",1368408064,180168928
at_projections,"1.11.-11.14",9578856448,611753890
at_projections,"1.11.-15.21",35578609664,1288226480
at_projections,"1.11.-19.28",8210448384,566240472
at_projections,"1.11.-27.42",2736816128,210703668
at_projections,"1.11.-3.0",13684080640,1359576924
at_projections,"1.11.-7.7",6842040320,461227296
at_projections,"1.11.1.-7",67051995136,3770092452
at_projections,"1.11.13.-28",5473632256,287623116
at_projections,"1.11.5.-14",8210448384,804590016
at_projections,"1.12.-1.-4",67051995136,3770092452
at_projections,"1.12.-13.17",8210448384,438149710
at_projections,"1.12.-17.24",25999753216,1374113808
at_projections,"1.12.-21.31",5473632256,275510652
at_projections,"1.12.-5.3",6842040320,467792044
at_projections,"1.12.-9.10",4105224192,451097634
at_projections,"1.12.15.-32",8210448384,498326784
at_projections,"1.12.3.-11",1368408064,180168928
at_projections,"1.12.7.-18",5473632256,581459640
at_projections,"1.13.-11.13",2736816128,277493454
at_projections,"1.13.-15.20",8210448384,451386076
at_projections,"1.13.-19.27",6842040320,455679580
at_projections,"1.13.-23.34",5473632256,275510652
at_projections,"1.13.-3.-1",6842040320,755063820
at_projections,"1.13.-7.6",10947264512,575246232
at_projections,"1.13.1.-8",60209954816,3296780916
at_projections,"1.13.5.-15",5473632256,581459640
at_projections,"1.13.9.-22",1368408064,180168928
at_projections,"1.14.-1.-5",60209954816,3296780916
at_projections,"1.14.-13.16",2736816128,277493454
at_projections,"1.14.-17.23",2736816128,290729820
at_projections,"1.14.-21.30",5473632256,275510652
at_projections,"1.14.-25.37",5473632256,275510652
at_projections,"1.14.-29.44",2736816128,210703668
at_projections,"1.14.-5.2",5473632256,581459640
at_projections,"1.14.-9.9",5473632256,287623116
at_projections,"1.14.7.-19",8210448384,804590016
at_projections,"1.15.-15.19",4105224192,457662382
at_projections,"1.15.-23.33",5473632256,275510652
at_projections,"1.15.-27.40",5473632256,275510652
at_projections,"1.15.-3.-2",1368408064,180168928
at_projections,"1.15.-7.5",5473632256,287623116
at_projections,"1.15.1.-9",54736322560,2997073560
at_projections,"1.15.13.-30",2736816128,210703668
at_projections,"1.15.5.-16",1368408064,180168928
at_projections,"1.15.9.-23",2736816128,290729820
at_projections,"1.16.-1.-6",54736322560,2997073560
at_projections,"1.16.-13.15",1368408064,173604180
at_projections,"1.16.-25.36",5473632256,275510652
at_projections,"1.16.-29.43",5473632256,275510652
at_projections,"1.16.-5.1",8210448384,804590016
at_projections,"1.16.-9.8",10947264512,575246232
at_projections,"1.16.7.-20",6842040320,755063820
at_projections,"1.17.-11.11",5473632256,287623116
at_projections,"1.17.-15.18",1368408064,173604180
at_projections,"1.17.-27.39",5473632256,275510652
at_projections,"1.17.-31.46",8210448384,486214320
at_projections,"1.17.-7.4",1368408064,180168928
at_projections,"1.17.1.-10",51999506432,2901652056
at_projections,"1.17.5.-17",1368408064,173604180
at_projections,"1.17.9.-24",1368408064,180168928
at_projections,"1.18.-1.-7",51999506432,2901652056
at_projections,"1.18.-17.21",5473632256,418124800
at_projections,"1.18.-29.42",5473632256,275510652
at_projections,"1.18.-5.0",5473632256,581459640
at_projections,"1.18.-9.7",5473632256,287623116
at_projections,"1.18.11.-28",2736816128,210703668
at_projections,"1.18.7.-21",1368408064,180168928
at_projections,"1.19.-11.10",10947264512,575246232
at_projections,"1.19.-19.24",1368408064,173604180
at_projections,"1.19.-31.45",8210448384,486214320
at_projections,"1.19.-7.3",5473632256,581459640
at_projections,"1.19.1.-11",46525874176,2601944700
at_projections,"1.19.5.-18",2736816128,277493454
at_projections,"1.2.-1.1",157366927360,7797681180
at_projections,"1.2.-21.36",2736816128,210703668
at_projections,"1.2.-5.8",31473385472,979538670
at_projections,"1.2.-9.15",6842040320,334260436
at_projections,"1.2.11.-20",2736816128,277493454
at_projections,"1.2.15.-27",1368408064,173604180
at_projections,"1.2.19.-34",2736816128,277493454
at_projections,"1.2.3.-6",35578609664,1081445142
at_projections,"1.2.7.-13",13684080640,856274510
at_projections,"1.20.-1.-8",46525874176,2601944700
at_projections,"1.20.-13.13",5473632256,287623116
at_projections,"1.20.-21.27",1368408064,173604180
at_projections,"1.20.-29.41",2736816128,210703668
at_projections,"1.20.-5.-1",1368408064,180168928
at_projections,"1.20.3.-15",2736816128,277493454
at_projections,"1.21.-11.9",5473632256,287623116
at_projections,"1.21.-19.23",2736816128,277493454
at_projections,"1.21.-27.37",2736816128,210703668
at_projections,"1.21.-7.2",8210448384,804590016
at_projections,"1.21.1.-12",41052241920,2375444946
at_projections,"1.21.5.-19",1368408064,173604180
at_projections,"1.21.9.-26",2736816128,210703668
at_projections,"1.22.-1.-9",41052241920,2375444946
at_projections,"1.22.-13.12",10947264512,575246232
at_projections,"1.22.-25.33",2736816128,210703668
at_projections,"1.22.-5.-2",1368408064,173604180
at_projections,"1.22.-9.5",1368408064,180168928
at_projections,"1.22.3.-16",2736816128,347208360
at_projections,"1.23.-15.15",5473632256,287623116
at_projections,"1.23.-23.29",2736816128,210703668
at_projections,"1.23.-3.-6",2736816128,277493454
at_projections,"1.23.-7.1",6842040320,755063820
at_projections,"1.23.1.-13",39683833856,2389973116
at_projections,"1.23.5.-20",2736816128,277493454
at_projections,"1.24.-1.-10",39683833856,2389973116
at_projections,"1.24.-13.11",5473632256,287623116
at_projections,"1.24.-21.25",2736816128,210703668
at_projections,"1.24.-5.-3",2736816128,277493454
at_projections,"1.24.-9.4",2736816128,290729820
at_projections,"1.24.3.-17",2736816128,277493454
at_projections,"1.24.7.-24",2736816128,210703668
at_projections,"1.25.-15.14",10947264512,575246232
at_projections,"1.25.-19.21",2736816128,210703668
at_projections,"1.25.-3.-7",2736816128,347208360
at_projections,"1.25.-7.0",1368408064,180168928
at_projections,"1.25.1.-14",27368161280,1498536780
at_projections,"1.26.-1.-11",27368161280,1498536780
at_projections,"1.26.-17.17",8210448384,498326784
at_projections,"1.26.-5.-4",1368408064,173604180
at_projections,"1.26.-9.3",1368408064,180168928
at_projections,"1.27.-15.13",8210448384,498326784
at_projections,"1.27.-3.-8",2736816128,277493454
at_projections,"1.27.1.-15",21894529024,1198829424
at_projections,"1.27.5.-22",2736816128,210703668
at_projections,"1.28.-1.-12",21894529024,1198829424
at_projections,"1.28.-13.9",2736816128,210703668
at_projections,"1.28.-5.-5",2736816128,277493454
at_projections,"1.29.-11.5",2736816128,210703668
at_projections,"1.29.1.-16",16420896768,899122068
at_projections,"1.3.-11.18",6842040320,334260436
at_projections,"1.3.-15.25",2736816128,277493454
at_projections,"1.3.-19.32",1368408064,173604180
at_projections,"1.3.-3.4",50631098368,1482740008
at_projections,"1.3.-7.11",25999753216,691915554
at_projections,"1.3.1.-3",150524887040,8103125472
at_projections,"1.3.13.-24",1368408064,173604180
at_projections,"1.3.21.-38",2736816128,210703668
at_projections,"1.3.5.-10",12315672576,621883552
at_projections,"1.3.9.-17",4105224192,451097634
at_projections,"1.30.-1.-13",16420896768,899122068
at_projections,"1.30.-9.1",2736816128,210703668
at_projections,"1.30.3.-20",2736816128,210703668
at_projections,"1.31.-7.-3",2736816128,210703668
at_projections,"1.31.1.-17",10947264512,599414712
at_projections,"1.32.-1.-14",10947264512,599414712
at_projections,"1.32.-5.-7",2736816128,210703668
at_projections,"1.33.-3.-11",2736816128,210703668
at_projections,"1.33.1.-18",8210448384,510411024
at_projections,"1.34.-1.-15",8210448384,510411024
at_projections,"1.4.-1.0",150524887040,8103125472
at_projections,"1.4.-13.21",10947264512,578781056
at_projections,"1.4.-17.28",2736816128,277493454
at_projections,"1.4.-21.35",1368408064,173604180
at_projections,"1.4.-5.7",39683833856,770427344
at_projections,"1.4.-9.14",30104977408,936436174
at_projections,"1.4.3.-7",19157712896,1089675596
at_projections,"1.4.7.-14",6842040320,461227296
at_projections,"1.5.-11.17",25999753216,691915554
at_projections,"1.5.-15.24",1368408064,173604180
at_projections,"1.5.-19.31",2736816128,277493454
at_projections,"1.5.-23.38",2736816128,210703668
at_projections,"1.5.-3.3",35578609664,1081445142
at_projections,"1.5.-7.10",39683833856,770427344
at_projections,"1.5.1.-4",102630604800,5928648656
at_projections,"1.5.5.-11",16420896768,993371032
at_projections,"1.5.9.-18",5473632256,287623116
at_projections,"1.6.-1.-1",102630604800,5928648656
at_projections,"1.6.-13.20",21894529024,240817920
at_projections,"1.6.-17.27",1368408064,173604180
at_projections,"1.6.-21.34",2736816128,277493454
at_projections,"1.6.-5.6",30104977408,793822026
at_projections,"1.6.-9.13",38315425792,596823164
at_projections,"1.6.11.-22",5473632256,287623116
at_projections,"1.6.19.-36",2736816128,210703668
at_projections,"1.6.3.-8",12315672576,1042686936
at_projections,"1.6.7.-15",10947264512,575246232
at_projections,"1.7.-11.16",41052241920,874316618
at_projections,"1.7.-15.23",10947264512,120408960
at_projections,"1.7.-3.2",19157712896,1089675596
at_projections,"1.7.-7.9",27368161280,516328572
at_projections,"1.7.1.-5",83472891904,4950966804
at_projections,"1.7.13.-26",5473632256,287623116
at_projections,"1.7.5.-12",6842040320,467792044
at_projections,"1.7.9.-19",10947264512,575246232
at_projections,"1.8.-1.-2",83472891904,4950966804
at_projections,"1.8.-13.19",41052241920,874316618
at_projections,"1.8.-25.40",2736816128,210703668
at_projections,"1.8.-5.5",12315672576,621883552
at_projections,"1.8.-9.12",27368161280,516328572
at_projections,"1.8.11.-23",10947264512,575246232
at_projections,"1.8.15.-30",5473632256,287623116
at_projections,"1.8.3.-9",13684080640,1359576924
at_projections,"1.8.7.-16",5473632256,287623116
at_projections,"1.9.-11.15",28736569344,689932752
at_projections,"1.9.-15.22",32841793536,436166908
at_projections,"1.9.-19.29",1368408064,180168928
at_projections,"1.9.-3.1",12315672576,1042686936
at_projections,"1.9.-7.8",13684080640,856274510
at_projections,"1.9.1.-6",77999259648,4631351464
at_projections,"1.9.13.-27",10947264512,575246232
at_projections,"1.9.17.-34",8210448384,498326784
at_projections,"1.9.5.-13",5473632256,581459640
at_projections,"1.9.9.-20",5473632256,287623116
at_projections,"10.1.16.-26",10947264512,331281408
at_projections,"10.10.-2.1",1368408064,173604180
at_projections,"10.10.10.-20",10947264512,331281408
at_projections,"10.10.18.-34",1368408064,173604180
at_projections,"10.10.2.-6",5473632256,160656256
at_projections,"10.10.6.-13",12315672576,300577888
at_projections,"10.11.-4.4",1368408064,173604180
at_projections,"10.11.0.-3",5473632256,160656256
at_projections,"10.11.16.-31",1368408064,173604180
at_projections,"10.11.4.-10",21894529024,240817920
at_projections,"10.11.8.-17",13684080640,872793412
at_projections,"10.12.-2.0",5473632256,160656256
at_projections,"10.12.-6.7",5473632256,418124800
at_projections,"10.12.10.-21",5473632256,421407336
at_projections,"10.12.18.-35",2736816128,277493454
at_projections,"10.12.2.-7",21894529024,240817920
at_projections,"10.12.6.-14",30104977408,451386076
at_projections,"10.13.-4.3",5473632256,160656256
at_projections,"10.13.-8.10",1368408064,173604180
at_projections,"10.13.0.-4",21894529024,240817920
at_projections,"10.13.16.-32",2736816128,277493454
at_projections,"10.13.20.-39",2736816128,204285852
at_projections,"10.13.4.-11",32841793536,321312512
at_projections,"10.13.8.-18",28736569344,1076111456
at_projections,"10.14.-10.13",6842040320,449114832
at_projections,"10.14.-2.-1",21894529024,240817920
at_projections,"10.14.14.-29",2736816128,277493454
at_projections,"10.14.2.-8",32841793536,321312512
at_projections,"10.14.22.-43",10947264512,310278144
at_projections,"10.14.6.-15",28736569344,842394184
at_projections,"10.15.-4.2",21894529024,240817920
at_projections,"10.15.-8.9",2736816128,277493454
at_projections,"10.15.0.-5",32841793536,321312512
at_projections,"10.15.12.-26",2736816128,277493454
at_projections,"10.15.16.-33",2736816128,204285852
at_projections,"10.15.20.-40",5473632256,408571704
at_projections,"10.15.4.-12",21894529024,240817920
at_projections,"10.15.8.-19",13684080640,872793412
at_projections,"10.16.-10.12",2736816128,277493454
at_projections,"10.16.-14.19",5473632256,421407336
at_projections,"10.16.-2.-2",32841793536,321312512
at_projections,"10.16.-6.5",12315672576,300577888
at_projections,"10.16.14.-30",1368408064,173604180
at_projections,"10.16.18.-37",10947264512,310278144
at_projections,"10.16.2.-9",21894529024,240817920
at_projections,"10.16.6.-16",16420896768,491937664
at_projections,"10.17.-12.15",8210448384,698900790
at_projections,"10.17.-16.22",10947264512,331281408
at_projections,"10.17.-4.1",32841793536,321312512
at_projections,"10.17.0.-6",21894529024,240817920
at_projections,"10.17.12.-27",4105224192,377890032
at_projections,"10.17.16.-34",5473632256,408571704
at_projections,"10.17.20.-41",2736816128,204285852
at_projections,"10.17.4.-13",10947264512,582063592
at_projections,"10.18.-10.11",5473632256,421407336
at_projections,"10.18.-14.18",13684080640,608774862
at_projections,"10.18.-2.-3",21894529024,240817920
at_projections,"10.18.-6.4",30104977408,451386076
at_projections,"10.18.10.-24",5473632256,418124800
at_projections,"10.18.14.-31",10947264512,310278144
at_projections,"10.18.2.-10",5473632256,160656256
at_projections,"10.18.6.-17",5473632256,421407336
at_projections,"10.19.-12.14",12315672576,504885588
at_projections,"10.19.-16.21",5473632256,421407336
at_projections,"10.19.-4.0",21894529024,240817920
at_projections,"10.19.-8.7",13684080640,872793412
at_projections,"10.19.0.-7",5473632256,160656256
at_projections,"10.19.12.-28",5473632256,408571704
at_projections,"10.19.16.-35",2736816128,204285852
at_projections,"10.19.4.-14",10947264512,331281408
at_projections,"10.19.8.-21",4105224192,377890032
at_projections,"10.2.14.-23",5473632256,421407336
at_projections,"10.20.-10.10",10947264512,331281408
at_projections,"10.20.-14.17",6842040320,595011516
at_projections,"10.20.-2.-4",5473632256,160656256
at_projections,"10.20.-6.3",28736569344,842394184
at_projections,"10.20.10.-25",10947264512,310278144
at_projections,"10.20.2.-11",5473632256,421407336
at_projections,"10.20.6.-18",1368408064,173604180
at_projections,"10.21.-12.13",5473632256,421407336
at_projections,"10.21.-16.20",5473632256,418124800
at_projections,"10.21.-4.-1",10947264512,582063592
at_projections,"10.21.-8.6",28736569344,1076111456
at_projections,"10.21.12.-29",2736816128,204285852
at_projections,"10.21.4.-15",8210448384,625693188
at_projections,"10.21.8.-22",8210448384,686065158
at_projections,"10.22.-10.9",5473632256,421407336
at_projections,"10.22.-18.23",1368408064,173604180
at_projections,"10.22.-2.-5",5473632256,421407336
at_projections,"10.22.-6.2",16420896768,491937664
at_projections,"10.22.14.-33",1368408064,173604180
at_projections,"10.22.2.-12",10947264512,331281408
at_projections,"10.22.6.-19",13684080640,587771598
at_projections,"10.23.-4.-2",10947264512,331281408
at_projections,"10.23.-8.5",13684080640,872793412
at_projections,"10.23.0.-9",13684080640,1047100524
at_projections,"10.23.12.-30",5473632256,418124800
at_projections,"10.23.4.-16",8210448384,686065158
at_projections,"10.23.8.-23",2736816128,204285852
at_projections,"10.24.-18.22",2736816128,277493454
at_projections,"10.24.-2.-6",10947264512,331281408
at_projections,"10.24.-6.1",5473632256,421407336
at_projections,"10.24.10.-27",1368408064,173604180
at_projections,"10.24.14.-34",1368408064,173604180
at_projections,"10.24.2.-13",24631345152,1430586270
at_projections,"10.25.-20.25",2736816128,277493454
at_projections,"10.25.-4.-3",8210448384,625693188
at_projections,"10.25.0.-10",38315425792,1646380752
at_projections,"10.25.12.-31",1368408064,173604180
at_projections,"10.25.16.-38",2736816128,277493454
at_projections,"10.25.4.-17",10947264512,972901548
at_projections,"10.25.8.-24",4105224192,451097634
at_projections,"10.26.-2.-7",24631345152,1430586270
at_projections,"10.26.-6.0",1368408064,173604180
at_projections,"10.26.10.-28",8210448384,695618254
at_projections,"10.26.14.-35",2736816128,277493454
at_projections,"10.26.2.-14",13684080640,678489768
at_projections,"10.26.6.-21",8210448384,698900790
at_projections,"10.27.-12.10",2736816128,277493454
at_projections,"10.27.-16.17",1368408064,173604180
at_projections,"10.27.-4.-4",8210448384,686065158
at_projections,"10.27.-8.3",4105224192,377890032
at_projections,"10.27.0.-11",24631345152,1883350124
at_projections,"10.27.12.-32",2736816128,277493454
at_projections,"10.27.4.-18",13684080640,608774862
at_projections,"10.27.8.-25",9578856448,872504970
at_projections,"10.28.-10.6",5473632256,418124800
at_projections,"10.28.-14.13",2736816128,277493454
at_projections,"10.28.-18.20",1368408064,173604180
at_projections,"10.28.-2.-8",13684080640,678489768
at_projections,"10.28.-22.27",4105224192,451097634
at_projections,"10.28.-6.-1",13684080640,587771598
at_projections,"10.28.10.-29",5473632256,421407336
at_projections,"10.28.2.-15",8210448384,698900790
at_projections,"10.28.6.-22",15052488704,782379042
at_projections,"10.29.-12.9",4105224192,377890032
at_projections,"10.29.-16.16",2736816128,277493454
at_projections,"10.29.-20.23",5473632256,418124800
at_projections,"10.29.-4.-5",10947264512,972901548
at_projections,"10.29.-8.2",8210448384,686065158
at_projections,"10.29.12.-33",5473632256,421407336
at_projections,"10.29.4.-19",8210448384,698900790
at_projections,"10.29.8.-26",10947264512,331281408
at_projections,"10.3.16.-27",5473632256,421407336
at_projections,"10.30.-10.5",10947264512,310278144
at_projections,"10.30.-14.12",1368408064,173604180
at_projections,"10.30.-18.19",2736816128,277493454
at_projections,"10.30.-2.-9",8210448384,698900790
at_projections,"10.30.10.-30",10947264512,331281408
at_projections,"10.30.14.-37",5473632256,421407336
at_projections,"10.30.6.-23",6842040320,595011516
at_projections,"10.31.-12.8",5473632256,408571704
at_projections,"10.31.-16.15",2736816128,204285852
at_projections,"10.31.-4.-6",13684080640,608774862
at_projections,"10.31.-8.1",2736816128,204285852
at_projections,"10.31.12.-34",10947264512,331281408
at_projections,"10.31.16.-41",5473632256,421407336
at_projections,"10.31.4.-20",1368408064,173604180
at_projections,"10.31.8.-27",5473632256,421407336
at_projections,"10.32.-14.11",10947264512,310278144
at_projections,"10.32.-6.-3",8210448384,698900790
at_projections,"10.32.10.-31",5473632256,421407336
at_projections,"10.32.14.-38",10947264512,331281408
at_projections,"10.32.2.-17",5473632256,418124800
at_projections,"10.33.-12.7",2736816128,204285852
at_projections,"10.33.-16.14",5473632256,408571704
at_projections,"10.33.-20.21",2736816128,204285852
at_projections,"10.33.-4.-7",8210448384,698900790
at_projections,"10.33.-8.0",4105224192,451097634
at_projections,"10.33.12.-35",5473632256,421407336
at_projections,"10.33.16.-42",10947264512,331281408
at_projections,"10.34.-10.3",1368408064,173604180
at_projections,"10.34.-18.17",10947264512,310278144
at_projections,"10.34.-2.-11",5473632256,418124800
at_projections,"10.34.-6.-4",15052488704,782379042
at_projections,"10.34.14.-39",5473632256,421407336
at_projections,"10.35.-12.6",5473632256,418124800
at_projections,"10.35.-16.13",2736816128,204285852
at_projections,"10.35.-20.20",5473632256,408571704
at_projections,"10.35.-4.-8",1368408064,173604180
at_projections,"10.35.-8.-1",9578856448,872504970
at_projections,"10.36.-10.2",8210448384,695618254
at_projections,"10.36.-14.9",1368408064,173604180
at_projections,"10.36.-22.23",10947264512,310278144
at_projections,"10.36.-6.-5",6842040320,595011516
at_projections,"10.36.10.-33",5473632256,275510652
at_projections,"10.37.-12.5",1368408064,173604180
at_projections,"10.37.-20.19",2736816128,204285852
at_projections,"10.37.-8.-2",10947264512,331281408
at_projections,"10.38.-10.1",5473632256,421407336
at_projections,"10.38.-14.8",1368408064,173604180
at_projections,"10.39.-12.4",2736816128,277493454
at_projections,"10.39.-8.-3",5473632256,421407336
at_projections,"10.4.10.-17",6842040320,449114832
at_projections,"10.4.14.-24",13684080640,608774862
at_projections,"10.4.18.-31",1368408064,173604180
at_projections,"10.40.-10.0",10947264512,331281408
at_projections,"10.40.-14.7",2736816128,277493454
at_projections,"10.41.-12.3",5473632256,421407336
at_projections,"10.41.-16.10",2736816128,277493454
at_projections,"10.42.-10.-1",5473632256,421407336
at_projections,"10.43.-12.2",10947264512,331281408
at_projections,"10.44.-14.5",5473632256,421407336
at_projections,"10.45.-12.1",5473632256,421407336
at_projections,"10.46.-10.-3",5473632256,275510652
at_projections,"10.46.-14.4",10947264512,331281408
at_projections,"10.47.-16.7",5473632256,421407336
at_projections,"10.48.-14.3",5473632256,421407336
at_projections,"10.49.-16.6",10947264512,331281408
at_projections,"10.5.0.0",2736816128,347208360
at_projections,"10.5.12.-21",8210448384,698900790
at_projections,"10.5.16.-28",5473632256,418124800
at_projections,"10.5.20.-35",2736816128,277493454
at_projections,"10.5.4.-7",2736816128,277493454
at_projections,"10.5.8.-14",1368408064,173604180
at_projections,"10.6.10.-18",2736816128,277493454
at_projections,"10.6.14.-25",6842040320,595011516
at_projections,"10.6.18.-32",2736816128,277493454
at_projections,"10.6.2.-4",5473632256,554986908
at_projections,"10.6.22.-39",4105224192,451097634
at_projections,"10.6.6.-11",5473632256,418124800
at_projections,"10.7.0.-1",5473632256,554986908
at_projections,"10.7.12.-22",12315672576,504885588
at_projections,"10.7.4.-8",1368408064,173604180
at_projections,"10.7.8.-15",2736816128,277493454
at_projections,"10.8.-2.2",5473632256,554986908
at_projections,"10.8.10.-19",5473632256,421407336
at_projections,"10.8.2.-5",1368408064,173604180
at_projections,"10.9.-4.5",2736816128,277493454
at_projections,"10.9.12.-23",5473632256,421407336
at_projections,"10.9.20.-37",5473632256,418124800
at_projections,"10.9.4.-9",5473632256,160656256
at_projections,"11.10.1.-4",2736816128,347208360
at_projections,"11.10.13.-25",5473632256,287623116
at_projections,"11.10.21.-39",1368408064,173604180
at_projections,"11.10.5.-11",2736816128,277493454
at_projections,"11.10.9.-18",1368408064,173604180
at_projections,"11.11.-1.-1",2736816128,347208360
at_projections,"11.11.11.-22",10947264512,575246232
at_projections,"11.11.19.-36",1368408064,173604180
at_projections,"11.11.3.-8",5473632256,160656256
at_projections,"11.12.-3.2",5473632256,418124800
at_projections,"11.12.1.-5",5473632256,160656256
at_projections,"11.12.5.-12",12315672576,300577888
at_projections,"11.12.9.-19",5473632256,287623116
at_projections,"11.13.-1.-2",5473632256,160656256
at_projections,"11.13.-5.5",1368408064,173604180
at_projections,"11.13.11.-23",5473632256,287623116
at_projections,"11.13.19.-37",2736816128,277493454
at_projections,"11.13.3.-9",21894529024,240817920
at_projections,"11.13.7.-16",8210448384,451386076
at_projections,"11.14.-3.1",5473632256,160656256
at_projections,"11.14.-7.8",1368408064,173604180
at_projections,"11.14.1.-6",21894529024,240817920
at_projections,"11.14.17.-34",2736816128,277493454
at_projections,"11.14.5.-13",30104977408,451386076
at_projections,"11.14.9.-20",12315672576,755415160
at_projections,"11.15.-1.-3",21894529024,240817920
at_projections,"11.15.-5.4",2736816128,277493454
at_projections,"11.15.15.-31",2736816128,277493454
at_projections,"11.15.3.-10",32841793536,321312512
at_projections,"11.15.7.-17",23262937088,1032453164
at_projections,"11.16.-11.14",2736816128,204285852
at_projections,"11.16.-3.0",21894529024,240817920
at_projections,"11.16.-7.7",2736816128,277493454
at_projections,"11.16.1.-7",32841793536,321312512
at_projections,"11.16.17.-35",1368408064,173604180
at_projections,"11.16.21.-42",5473632256,275510652
at_projections,"11.16.5.-14",23262937088,420986848
at_projections,"11.16.9.-21",8210448384,578352936
at_projections,"11.17.-1.-4",32841793536,321312512
at_projections,"11.17.-5.3",12315672576,300577888
at_projections,"11.17.-9.10",2736816128,277493454
at_projections,"11.17.15.-32",1368408064,173604180
at_projections,"11.17.19.-39",5473632256,275510652
at_projections,"11.17.3.-11",21894529024,240817920
at_projections,"11.17.7.-18",21894529024,1317362128
at_projections,"11.18.-11.13",5473632256,481779306
at_projections,"11.18.-15.20",5473632256,287623116
at_projections,"11.18.-3.-1",32841793536,321312512
at_projections,"11.18.1.-8",21894529024,240817920
at_projections,"11.18.13.-29",5473632256,418124800
at_projections,"11.18.17.-36",5473632256,275510652
at_projections,"11.18.21.-43",5473632256,275510652
at_projections,"11.18.5.-15",10947264512,448279372
at_projections,"11.18.9.-22",1368408064,180168928
at_projections,"11.19.-1.-5",21894529024,240817920
at_projections,"11.19.-13.16",5473632256,287623116
at_projections,"11.19.-5.2",30104977408,451386076
at_projections,"11.19.-9.9",1368408064,173604180
at_projections,"11.19.11.-26",1368408064,173604180
at_projections,"11.19.15.-33",5473632256,275510652
at_projections,"11.19.19.-40",5473632256,275510652
at_projections,"11.19.3.-12",5473632256,160656256
at_projections,"11.19.7.-19",6842040320,467792044
at_projections,"11.20.-11.12",6842040320,461227296
at_projections,"11.20.-15.19",10947264512,575246232
at_projections,"11.20.-3.-2",21894529024,240817920
at_projections,"11.20.-7.5",8210448384,451386076
at_projections,"11.20.1.-9",5473632256,160656256
at_projections,"11.20.13.-30",5473632256,275510652
at_projections,"11.20.17.-37",5473632256,275510652
at_projections,"11.20.5.-16",10947264512,575246232
at_projections,"11.20.9.-23",1368408064,173604180
at_projections,"11.21.-1.-6",5473632256,160656256
at_projections,"11.21.-13.15",16420896768,993371032
at_projections,"11.21.-17.22",5473632256,287623116
at_projections,"11.21.-5.1",23262937088,420986848
at_projections,"11.21.-9.8",5473632256,287623116
at_projections,"11.21.11.-27",8210448384,553004106
at_projections,"11.21.15.-34",5473632256,275510652
at_projections,"11.21.3.-13",5473632256,287623116
at_projections,"11.22.-11.11",10947264512,575246232
at_projections,"11.22.-15.18",6842040320,461227296
at_projections,"11.22.-3.-3",5473632256,160656256
at_projections,"11.22.-7.4",23262937088,1032453164
at_projections,"11.22.13.-31",5473632256,275510652
at_projections,"11.22.5.-17",5473632256,287623116
at_projections,"11.22.9.-24",8210448384,553004106
at_projections,"11.23.-13.14",5473632256,287623116
at_projections,"11.23.-5.0",10947264512,448279372
at_projections,"11.23.-9.7",12315672576,755415160
at_projections,"11.23.11.-28",5473632256,275510652
at_projections,"11.23.3.-14",10947264512,575246232
at_projections,"11.23.7.-21",8210448384,553004106
at_projections,"11.24.-11.10",5473632256,287623116
at_projections,"11.24.-15.17",2736816128,277493454
at_projections,"11.24.-3.-4",5473632256,287623116
at_projections,"11.24.-7.3",21894529024,1317362128
at_projections,"11.24.1.-11",5473632256,287623116
at_projections,"11.24.5.-18",8210448384,553004106
at_projections,"11.24.9.-25",5473632256,275510652
at_projections,"11.25.-1.-8",5473632256,287623116
at_projections,"11.25.-17.20",2736816128,277493454
at_projections,"11.25.-5.-1",10947264512,575246232
at_projections,"11.25.-9.6",8210448384,578352936
at_projections,"11.25.11.-29",1368408064,173604180
at_projections,"11.25.3.-15",10947264512,563133768
at_projections,"11.25.7.-22",6842040320,449114832
at_projections,"11.26.-3.-5",10947264512,575246232
at_projections,"11.26.-7.2",6842040320,467792044
at_projections,"11.26.1.-12",24631345152,1349083668
at_projections,"11.26.13.-33",2736816128,277493454
at_projections,"11.26.5.-19",6842040320,449114832
at_projections,"11.27.-1.-9",24631345152,1349083668
at_projections,"11.27.-5.-2",5473632256,287623116
at_projections,"11.27.-9.5",1368408064,180168928
at_projections,"11.27.11.-30",4105224192,451097634
at_projections,"11.27.15.-37",2736816128,277493454
at_projections,"11.27.3.-16",16420896768,981258568
at_projections,"11.28.-19.22",1368408064,173604180
at_projections,"11.28.-3.-6",10947264512,563133768
at_projections,"11.28.1.-13",27368161280,1696292028
at_projections,"11.28.13.-34",2736816128,277493454
at_projections,"11.28.5.-20",8210448384,565116570
at_projections,"11.28.9.-27",4105224192,451097634
at_projections,"11.29.-1.-10",27368161280,1696292028
at_projections,"11.29.-5.-3",8210448384,553004106
at_projections,"11.29.-9.4",1368408064,173604180
at_projections,"11.29.11.-31",2736816128,277493454
at_projections,"11.29.15.-38",1368408064,173604180
at_projections,"11.29.3.-17",13684080640,852739686
at_projections,"11.29.7.-24",13684080640,983241370
at_projections,"11.3.15.-25",5473632256,287623116
at_projections,"11.30.-11.7",1368408064,173604180
at_projections,"11.30.-15.14",2736816128,277493454
at_projections,"11.30.-19.21",1368408064,173604180
at_projections,"11.30.-3.-7",16420896768,981258568
at_projections,"11.30.-7.0",8210448384,553004106
at_projections,"11.30.1.-14",10947264512,842610024
at_projections,"11.30.13.-35",1368408064,173604180
at_projections,"11.30.5.-21",12315672576,748850412
at_projections,"11.30.9.-28",9578856448,738720750
at_projections,"11.31.-1.-11",10947264512,842610024
at_projections,"11.31.-13.10",5473632256,418124800
at_projections,"11.31.-17.17",2736816128,277493454
at_projections,"11.31.-21.24",1368408064,173604180
at_projections,"11.31.-5.-4",6842040320,449114832
at_projections,"11.31.-9.3",8210448384,553004106
at_projections,"11.31.11.-32",5473632256,287623116
at_projections,"11.31.3.-18",6842040320,461227296
at_projections,"11.31.7.-25",12315672576,748850412
at_projections,"11.32.-11.6",8210448384,553004106
at_projections,"11.32.-15.13",1368408064,173604180
at_projections,"11.32.-19.20",2736816128,277493454
at_projections,"11.32.-3.-8",13684080640,852739686
at_projections,"11.32.-7.-1",6842040320,449114832
at_projections,"11.32.13.-36",5473632256,287623116
at_projections,"11.32.5.-22",10947264512,705747916
at_projections,"11.32.9.-29",10947264512,575246232
at_projections,"11.33.-13.9",5473632256,275510652
at_projections,"11.33.-17.16",1368408064,173604180
at_projections,"11.33.-5.-5",8210448384,565116570
at_projections,"11.33.-9.2",5473632256,275510652
at_projections,"11.33.11.-33",10947264512,575246232
at_projections,"11.33.15.-40",5473632256,287623116
at_projections,"11.33.3.-19",1368408064,173604180
at_projections,"11.33.7.-26",5473632256,287623116
at_projections,"11.34.-11.5",5473632256,275510652
at_projections,"11.34.-15.12",5473632256,275510652
at_projections,"11.34.-3.-9",6842040320,461227296
at_projections,"11.34.1.-16",1368408064,173604180
at_projections,"11.34.13.-37",10947264512,575246232
at_projections,"11.34.17.-44",5473632256,287623116
at_projections,"11.34.9.-30",5473632256,287623116
at_projections,"11.35.-1.-13",1368408064,173604180
at_projections,"11.35.-13.8",5473632256,275510652
at_projections,"11.35.-17.15",5473632256,275510652
at_projections,"11.35.-5.-6",12315672576,748850412
at_projections,"11.35.11.-34",5473632256,287623116
at_projections,"11.35.15.-41",10947264512,575246232
at_projections,"11.35.3.-20",2736816128,277493454
at_projections,"11.36.-11.4",1368408064,173604180
at_projections,"11.36.-15.11",5473632256,275510652
at_projections,"11.36.-19.18",5473632256,275510652
at_projections,"11.36.-3.-10",1368408064,173604180
at_projections,"11.36.-7.-3",13684080640,983241370
at_projections,"11.36.13.-38",5473632256,287623116
at_projections,"11.37.-17.14",5473632256,275510652
at_projections,"11.37.-21.21",5473632256,275510652
at_projections,"11.37.-5.-7",10947264512,705747916
at_projections,"11.37.-9.0",4105224192,451097634
at_projections,"11.37.11.-35",2736816128,204285852
at_projections,"11.37.15.-42",5473632256,287623116
at_projections,"11.38.-11.3",4105224192,451097634
at_projections,"11.38.-19.17",5473632256,275510652
at_projections,"11.38.-3.-11",2736816128,277493454
at_projections,"11.38.-7.-4",12315672576,748850412
at_projections,"11.39.-13.6",2736816128,277493454
at_projections,"11.39.-21.20",5473632256,275510652
at_projections,"11.39.-9.-1",9578856448,738720750
at_projections,"11.39.11.-36",2736816128,204285852
at_projections,"11.4.17.-29",5473632256,287623116
at_projections,"11.40.-11.2",2736816128,277493454
at_projections,"11.40.-7.-5",5473632256,287623116
at_projections,"11.41.-13.5",2736816128,277493454
at_projections,"11.41.-9.-2",10947264512,575246232
at_projections,"11.42.-11.1",5473632256,287623116
at_projections,"11.42.-15.8",2736816128,277493454
at_projections,"11.43.-13.4",1368408064,173604180
at_projections,"11.43.-9.-3",5473632256,287623116
at_projections,"11.44.-11.0",10947264512,575246232
at_projections,"11.44.-15.7",1368408064,173604180
at_projections,"11.45.-13.3",5473632256,287623116
at_projections,"11.46.-11.-1",5473632256,287623116
at_projections,"11.47.-13.2",10947264512,575246232
at_projections,"11.48.-11.-2",2736816128,204285852
at_projections,"11.48.-15.5",5473632256,287623116
at_projections,"11.49.-13.1",5473632256,287623116
at_projections,"11.5.11.-19",2736816128,204285852
at_projections,"11.5.15.-26",10947264512,575246232
at_projections,"11.50.-11.-3",2736816128,204285852
at_projections,"11.50.-15.4",10947264512,575246232
at_projections,"11.51.-17.7",5473632256,287623116
at_projections,"11.52.-15.3",5473632256,287623116
at_projections,"11.6.13.-23",5473632256,287623116
at_projections,"11.7.11.-20",5473632256,481779306
at_projections,"11.7.15.-27",6842040320,461227296
at_projections,"11.7.7.-13",1368408064,173604180
at_projections,"11.8.1.-3",5473632256,554986908
at_projections,"11.8.13.-24",16420896768,993371032
at_projections,"11.8.17.-31",2736816128,277493454
at_projections,"11.8.5.-10",1368408064,173604180
at_projections,"11.8.9.-17",2736816128,277493454
at_projections,"11.9.-1.0",5473632256,554986908
at_projections,"11.9.11.-21",6842040320,461227296
at_projections,"11.9.15.-28",2736816128,277493454
at_projections,"11.9.19.-35",1368408064,173604180
at_projections,"11.9.3.-7",5473632256,418124800
at_projections,"11.9.7.-14",2736816128,277493454
at_projections,"12.10.12.-23",6842040320,595011516
at_projections,"12.10.4.-9",1368408064,173604180
at_projections,"12.10.8.-16",2736816128,277493454
at_projections,"12.11.10.-20",5473632256,418124800
at_projections,"12.11.14.-27",8210448384,698900790
at_projections,"12.11.2.-6",2736816128,347208360
at_projections,"12.11.6.-13",2736816128,277493454
at_projections,"12.12.0.-3",10947264512,836249600
at_projections,"12.12.12.-24",13684080640,608774862
at_projections,"12.12.16.-31",1368408064,173604180
at_projections,"12.12.4.-10",2736816128,277493454
at_projections,"12.12.8.-17",1368408064,173604180
at_projections,"12.13.-2.0",2736816128,347208360
at_projections,"12.13.10.-21",5473632256,421407336
at_projections,"12.13.2.-7",8210448384,438149710
at_projections,"12.13.6.-14",1368408064,173604180
at_projections,"12.14.-4.3",1368408064,173604180
at_projections,"12.14.0.-4",5473632256,160656256
at_projections,"12.14.12.-25",5473632256,421407336
at_projections,"12.14.4.-11",12315672576,300577888
at_projections,"12.15.-2.-1",8210448384,438149710
at_projections,"12.15.10.-22",10947264512,331281408
at_projections,"12.15.18.-36",2736816128,277493454
at_projections,"12.15.2.-8",21894529024,240817920
at_projections,"12.15.6.-15",8210448384,451386076
at_projections,"12.16.-4.2",2736816128,277493454
at_projections,"12.16.0.-5",21894529024,240817920
at_projections,"12.16.4.-12",30104977408,451386076
at_projections,"12.16.8.-19",6842040320,601576264
at_projections,"12.17.-2.-2",21894529024,240817920
at_projections,"12.17.-6.5",2736816128,277493454
at_projections,"12.17.10.-23",5473632256,421407336
at_projections,"12.17.2.-9",32841793536,321312512
at_projections,"12.17.6.-16",17789304832,744830048
at_projections,"12.18.-4.1",12315672576,300577888
at_projections,"12.18.-8.8",2736816128,277493454
at_projections,"12.18.0.-6",32841793536,321312512
at_projections,"12.18.16.-34",5473632256,418124800
at_projections,"12.18.4.-13",23262937088,420986848
at_projections,"12.18.8.-20",16420896768,912741048
at_projections,"12.19.-2.-3",32841793536,321312512
at_projections,"12.19.-6.4",1368408064,173604180
at_projections,"12.19.14.-31",1368408064,173604180
at_projections,"12.19.18.-38",2736816128,204285852
at_projections,"12.19.2.-10",21894529024,240817920
at_projections,"12.19.6.-17",16420896768,1163523232
at_projections,"12.20.-12.14",5473632256,275510652
at_projections,"12.20.-4.0",30104977408,451386076
at_projections,"12.20.-8.7",1368408064,173604180
at_projections,"12.20.0.-7",21894529024,240817920
at_projections,"12.20.12.-28",1368408064,173604180
at_projections,"12.20.20.-42",10947264512,310278144
at_projections,"12.20.4.-14",5473632256,160656256
at_projections,"12.20.8.-21",12315672576,1045828424
at_projections,"12.21.-10.10",5473632256,418124800
at_projections,"12.21.-14.17",5473632256,421407336
at_projections,"12.21.-2.-4",21894529024,240817920
at_projections,"12.21.-6.3",8210448384,451386076
at_projections,"12.21.14.-32",5473632256,481779306
at_projections,"12.21.18.-39",5473632256,408571704
at_projections,"12.21.2.-11",5473632256,160656256
at_projections,"12.21.6.-18",12315672576,511450336
at_projections,"12.22.-12.13",6842040320,595011516
at_projections,"12.22.-16.20",10947264512,331281408
at_projections,"12.22.-4.-1",23262937088,420986848
at_projections,"12.22.0.-8",5473632256,160656256
at_projections,"12.22.12.-29",2736816128,277493454
at_projections,"12.22.16.-36",10947264512,310278144
at_projections,"12.22.4.-15",5473632256,421407336
at_projections,"12.22.8.-22",2736816128,290729820
at_projections,"12.23.-10.9",5473632256,421407336
at_projections,"12.23.-14.16",10947264512,331281408
at_projections,"12.23.-2.-5",5473632256,160656256
at_projections,"12.23.-6.2",17789304832,744830048
at_projections,"12.23.10.-26",5473632256,481779306
at_projections,"12.23.14.-33",5473632256,408571704
at_projections,"12.23.18.-40",2736816128,204285852
at_projections,"12.23.6.-19",5473632256,421407336
at_projections,"12.24.-12.12",13684080640,608774862
at_projections,"12.24.-16.19",5473632256,421407336
at_projections,"12.24.-4.-2",5473632256,160656256
at_projections,"12.24.-8.5",6842040320,601576264
at_projections,"12.24.12.-30",10947264512,310278144
at_projections,"12.24.4.-16",10947264512,331281408
at_projections,"12.24.8.-23",2736816128,277493454
at_projections,"12.25.-10.8",10947264512,331281408
at_projections,"12.25.-14.15",8210448384,698900790
at_projections,"12.25.-6.1",16420896768,1163523232
at_projections,"12.25.10.-27",6842040320,582175884
at_projections,"12.25.14.-34",2736816128,204285852
at_projections,"12.25.2.-13",5473632256,421407336
at_projections,"12.25.6.-20",2736816128,204285852
at_projections,"12.26.-12.11",5473632256,421407336
at_projections,"12.26.-4.-3",5473632256,421407336
at_projections,"12.26.-8.4",16420896768,912741048
at_projections,"12.26.4.-17",5473632256,421407336
at_projections,"12.26.8.-24",12315672576,483882324
at_projections,"12.27.-10.7",5473632256,421407336
at_projections,"12.27.-2.-7",5473632256,421407336
at_projections,"12.27.-6.0",12315672576,511450336
at_projections,"12.27.10.-28",2736816128,204285852
at_projections,"12.27.2.-14",13684080640,535567260
at_projections,"12.27.6.-21",10947264512,826696504
at_projections,"12.28.-16.17",1368408064,173604180
at_projections,"12.28.-4.-4",10947264512,331281408
at_projections,"12.28.-8.3",12315672576,1045828424
at_projections,"12.28.0.-11",10947264512,842814672
at_projections,"12.28.12.-32",2736816128,277493454
at_projections,"12.28.4.-18",12315672576,483882324
at_projections,"12.29.-2.-8",13684080640,535567260
at_projections,"12.29.-6.-1",5473632256,421407336
at_projections,"12.29.10.-29",2736816128,277493454
at_projections,"12.29.2.-15",17789304832,1424990556
at_projections,"12.29.6.-22",2736816128,204285852
at_projections,"12.30.-4.-5",5473632256,421407336
at_projections,"12.30.-8.2",2736816128,290729820
at_projections,"12.30.0.-12",43789058048,1548087192
at_projections,"12.30.12.-33",4105224192,451097634
at_projections,"12.30.4.-19",8210448384,698900790
at_projections,"12.30.8.-26",1368408064,173604180
at_projections,"12.31.-2.-9",17789304832,1424990556
at_projections,"12.31.-6.-2",2736816128,204285852
at_projections,"12.31.10.-30",4105224192,451097634
at_projections,"12.31.14.-37",5473632256,418124800
at_projections,"12.31.2.-16",19157712896,1090554168
at_projections,"12.31.6.-23",6842040320,595011516
at_projections,"12.32.-12.8",1368408064,173604180
at_projections,"12.32.-4.-6",12315672576,483882324
at_projections,"12.32.-8.1",2736816128,277493454
at_projections,"12.32.0.-13",16420896768,1397801580
at_projections,"12.32.12.-34",1368408064,173604180
at_projections,"12.32.4.-20",16420896768,749406208
at_projections,"12.32.8.-27",13684080640,1117025590
at_projections,"12.33.-10.4",5473632256,481779306
at_projections,"12.33.-14.11",1368408064,173604180
at_projections,"12.33.-18.18",2736816128,277493454
at_projections,"12.33.-2.-10",19157712896,1090554168
at_projections,"12.33.-6.-3",10947264512,826696504
at_projections,"12.33.10.-31",6842040320,595011516
at_projections,"12.33.2.-17",6842040320,595011516
at_projections,"12.33.6.-24",15052488704,782379042
at_projections,"12.34.-12.7",2736816128,277493454
at_projections,"12.34.-16.14",5473632256,418124800
at_projections,"12.34.-4.-7",8210448384,698900790
at_projections,"12.34.-8.0",12315672576,483882324
at_projections,"12.34.0.-14",2736816128,347208360
at_projections,"12.34.12.-35",5473632256,421407336
at_projections,"12.34.4.-21",6842040320,595011516
at_projections,"12.34.8.-28",10947264512,331281408
at_projections,"12.35.-10.3",6842040320,582175884
at_projections,"12.35.-14.10",5473632256,481779306
at_projections,"12.35.-2.-11",6842040320,595011516
at_projections,"12.35.-6.-4",2736816128,204285852
at_projections,"12.35.10.-32",10947264512,331281408
at_projections,"12.35.14.-39",5473632256,421407336
at_projections,"12.35.6.-25",8210448384,698900790
at_projections,"12.36.-12.6",10947264512,310278144
at_projections,"12.36.-4.-8",16420896768,749406208
at_projections,"12.36.12.-36",10947264512,331281408
at_projections,"12.36.16.-43",5473632256,421407336
at_projections,"12.36.4.-22",2736816128,277493454
at_projections,"12.36.8.-29",5473632256,421407336
at_projections,"12.37.-10.2",2736816128,204285852
at_projections,"12.37.-14.9",5473632256,408571704
at_projections,"12.37.-18.16",2736816128,204285852
at_projections,"12.37.-6.-5",6842040320,595011516
at_projections,"12.37.10.-33",5473632256,421407336
at_projections,"12.37.14.-40",10947264512,331281408
at_projections,"12.37.2.-19",2736816128,277493454
at_projections,"12.38.-16.12",10947264512,310278144
at_projections,"12.38.-4.-9",6842040320,595011516
at_projections,"12.38.-8.-2",1368408064,173604180
at_projections,"12.38.12.-37",5473632256,421407336
at_projections,"12.38.16.-44",10947264512,331281408
at_projections,"12.39.-10.1",2736816128,277493454
at_projections,"12.39.-14.8",2736816128,204285852
at_projections,"12.39.-18.15",5473632256,408571704
at_projections,"12.39.-2.-13",2736816128,277493454
at_projections,"12.39.-6.-6",15052488704,782379042
at_projections,"12.39.14.-41",5473632256,421407336
at_projections,"12.40.-12.4",2736816128,277493454
at_projections,"12.40.-20.18",10947264512,310278144
at_projections,"12.40.-4.-10",2736816128,277493454
at_projections,"12.40.-8.-3",13684080640,1117025590
at_projections,"12.40.12.-38",5473632256,275510652
at_projections,"12.41.-10.0",4105224192,451097634
at_projections,"12.41.-18.14",2736816128,204285852
at_projections,"12.41.-6.-7",8210448384,698900790
at_projections,"12.42.-12.3",4105224192,451097634
at_projections,"12.42.-8.-4",10947264512,331281408
at_projections,"12.43.-10.-1",6842040320,595011516
at_projections,"12.44.-12.2",1368408064,173604180
at_projections,"12.44.-8.-5",5473632256,421407336
at_projections,"12.45.-10.-2",10947264512,331281408
at_projections,"12.45.-14.5",5473632256,418124800
at_projections,"12.46.-12.1",5473632256,421407336
at_projections,"12.47.-10.-3",5473632256,421407336
at_projections,"12.48.-12.0",10947264512,331281408
at_projections,"12.49.-14.3",5473632256,421407336
at_projections,"12.50.-12.-1",5473632256,421407336
at_projections,"12.51.-14.2",10947264512,331281408
at_projections,"12.52.-12.-2",5473632256,275510652
at_projections,"12.52.-16.5",5473632256,421407336
at_projections,"12.53.-14.1",5473632256,421407336
at_projections,"12.54.-16.4",10947264512,331281408
at_projections,"12.6.16.-28",10947264512,331281408
at_projections,"12.7.14.-25",5473632256,421407336
at_projections,"12.8.12.-22",5473632256,275510652
at_projections,"12.8.16.-29",5473632256,421407336
at_projections,"12.9.14.-26",10947264512,331281408
at_projections,"13.10.15.-28",10947264512,575246232
at_projections,"13.11.13.-25",8210448384,491908968
at_projections,"13.12.15.-29",5473632256,287623116
at_projections,"13.13.1.-5",1368408064,173604180
at_projections,"13.13.13.-26",10947264512,575246232
at_projections,"13.13.5.-12",2736816128,277493454
at_projections,"13.13.9.-19",1368408064,173604180
at_projections,"13.14.-1.-2",1368408064,173604180
at_projections,"13.14.11.-23",8210448384,565116570
at_projections,"13.14.3.-9",2736816128,277493454
at_projections,"13.14.7.-16",5473632256,418124800
at_projections,"13.15.1.-6",10947264512,715643164
at_projections,"13.15.13.-27",6842040320,461227296
at_projections,"13.15.5.-13",1368408064,173604180
at_projections,"13.15.9.-20",2736816128,277493454
at_projections,"13.16.-1.-3",10947264512,715643164
at_projections,"13.16.11.-24",10947264512,575246232
at_projections,"13.16.3.-10",13684080640,474182068
at_projections,"13.17.-3.0",2736816128,277493454
at_projections,"13.17.1.-7",21894529024,240817920
at_projections,"13.17.5.-14",8210448384,451386076
at_projections,"13.17.9.-21",5473632256,287623116
at_projections,"13.18.-1.-4",21894529024,240817920
at_projections,"13.18.-5.3",2736816128,277493454
at_projections,"13.18.11.-25",5473632256,287623116
at_projections,"13.18.3.-11",30104977408,451386076
at_projections,"13.18.7.-18",1368408064,180168928
at_projections,"13.19.-3.-1",13684080640,474182068
at_projections,"13.19.1.-8",32841793536,321312512
at_projections,"13.19.17.-36",1368408064,173604180
at_projections,"13.19.5.-15",17789304832,744830048
at_projections,"13.19.9.-22",10947264512,575246232
at_projections,"13.20.-1.-5",32841793536,321312512
at_projections,"13.20.-5.2",1368408064,173604180
at_projections,"13.20.15.-33",1368408064,173604180
at_projections,"13.20.3.-12",23262937088,420986848
at_projections,"13.20.7.-19",10947264512,869082756
at_projections,"13.21.-3.-2",30104977408,451386076
at_projections,"13.21.-7.5",5473632256,418124800
at_projections,"13.21.1.-9",21894529024,240817920
at_projections,"13.21.5.-16",10947264512,742115896
at_projections,"13.21.9.-23",6842040320,467792044
at_projections,"13.22.-1.-6",21894529024,240817920
at_projections,"13.22.-13.15",2736816128,204285852
at_projections,"13.22.-5.1",8210448384,451386076
at_projections,"13.22.-9.8",1368408064,173604180
at_projections,"13.22.15.-34",2736816128,277493454
at_projections,"13.22.19.-41",5473632256,275510652
at_projections,"13.22.3.-13",5473632256,160656256
at_projections,"13.22.7.-20",19157712896,1379836248
at_projections,"13.23.-15.18",5473632256,287623116
at_projections,"13.23.-3.-3",23262937088,420986848
at_projections,"13.23.1.-10",5473632256,160656256
at_projections,"13.23.13.-31",2736816128,277493454
at_projections,"13.23.17.-38",5473632256,275510652
at_projections,"13.23.5.-17",6842040320,467792044
at_projections,"13.23.9.-24",2736816128,290729820
at_projections,"13.24.-1.-7",5473632256,160656256
at_projections,"13.24.-13.14",8210448384,491908968
at_projections,"13.24.-5.0",17789304832,744830048
at_projections,"13.24.-9.7",2736816128,277493454
at_projections,"13.24.11.-28",2736816128,277493454
at_projections,"13.24.15.-35",5473632256,275510652
at_projections,"13.24.19.-42",5473632256,275510652
at_projections,"13.24.7.-21",10947264512,869082756
at_projections,"13.25.-11.10",8210448384,565116570
at_projections,"13.25.-15.17",10947264512,575246232
at_projections,"13.25.-3.-4",5473632256,160656256
at_projections,"13.25.-7.3",1368408064,180168928
at_projections,"13.25.13.-32",6842040320,449114832
at_projections,"13.25.17.-39",5473632256,275510652
at_projections,"13.25.5.-18",10947264512,575246232
at_projections,"13.25.9.-25",1368408064,180168928
at_projections,"13.26.-13.13",10947264512,575246232
at_projections,"13.26.-17.20",5473632256,287623116
at_projections,"13.26.-5.-1",10947264512,742115896
at_projections,"13.26.-9.6",5473632256,287623116
at_projections,"13.26.11.-29",6842040320,449114832
at_projections,"13.26.15.-36",5473632256,275510652
at_projections,"13.26.3.-15",5473632256,287623116
at_projections,"13.26.7.-22",1368408064,180168928
at_projections,"13.27.-11.9",10947264512,575246232
at_projections,"13.27.-15.16",5473632256,287623116
at_projections,"13.27.-7.2",10947264512,869082756
at_projections,"13.27.13.-33",5473632256,275510652
at_projections,"13.27.5.-19",5473632256,287623116
at_projections,"13.27.9.-26",10947264512,693635452
at_projections,"13.28.-13.12",6842040320,461227296
at_projections,"13.28.-5.-2",6842040320,467792044
at_projections,"13.28.-9.5",10947264512,575246232
at_projections,"13.28.11.-30",5473632256,275510652
at_projections,"13.28.3.-16",10947264512,575246232
at_projections,"13.28.7.-23",6842040320,449114832
at_projections,"13.29.-11.8",5473632256,287623116
at_projections,"13.29.-3.-6",5473632256,287623116
at_projections,"13.29.-7.1",19157712896,1379836248
at_projections,"13.29.1.-13",5473632256,287623116
at_projections,"13.29.5.-20",6842040320,449114832
at_projections,"13.29.9.-27",5473632256,275510652
at_projections,"13.30.-1.-10",5473632256,287623116
at_projections,"13.30.-5.-3",10947264512,575246232
at_projections,"13.30.-9.4",6842040320,467792044
at_projections,"13.30.3.-17",10947264512,563133768
at_projections,"13.30.7.-24",8210448384,553004106
at_projections,"13.31.-3.-7",10947264512,575246232
at_projections,"13.31.-7.0",10947264512,869082756
at_projections,"13.31.1.-14",24631345152,1349083668
at_projections,"13.31.13.-35",1368408064,173604180
at_projections,"13.31.5.-21",8210448384,553004106
at_projections,"13.32.-1.-11",24631345152,1349083668
at_projections,"13.32.-5.-4",5473632256,287623116
at_projections,"13.32.-9.3",2736816128,290729820
at_projections,"13.32.11.-32",5473632256,418124800
at_projections,"13.32.15.-39",1368408064,173604180
at_projections,"13.32.3.-18",13684080640,840627222
at_projections,"13.33.-3.-8",10947264512,563133768
at_projections,"13.33.-7.-1",1368408064,180168928
at_projections,"13.33.1.-15",27368161280,1626577122
at_projections,"13.33.13.-36",1368408064,173604180
at_projections,"13.33.5.-22",6842040320,461227296
at_projections,"13.33.9.-29",4105224192,451097634
at_projections,"13.34.-1.-12",27368161280,1626577122
at_projections,"13.34.-5.-5",6842040320,449114832
at_projections,"13.34.-9.2",1368408064,180168928
at_projections,"13.34.11.-33",5473632256,418124800
at_projections,"13.34.3.-19",13684080640,922454592
at_projections,"13.34.7.-26",9578856448,738720750
at_projections,"13.35.-11.5",2736816128,277493454
at_projections,"13.35.-15.12",1368408064,173604180
at_projections,"13.35.-3.-9",13684080640,840627222
at_projections,"13.35.-7.-2",6842040320,449114832
at_projections,"13.35.1.-16",12315672576,879352096
at_projections,"13.35.13.-37",2736816128,277493454
at_projections,"13.35.5.-23",13684080640,852739686
at_projections,"13.35.9.-30",9578856448,738720750
at_projections,"13.36.-1.-13",12315672576,879352096
at_projections,"13.36.-13.8",2736816128,277493454
at_projections,"13.36.-17.15",1368408064,173604180
at_projections,"13.36.-5.-6",8210448384,553004106
at_projections,"13.36.-9.1",10947264512,693635452
at_projections,"13.36.11.-34",5473632256,287623116
at_projections,"13.36.3.-20",8210448384,565116570
at_projections,"13.36.7.-27",15052488704,1026343866
at_projections,"13.37.-11.4",6842040320,449114832
at_projections,"13.37.-15.11",2736816128,277493454
at_projections,"13.37.-3.-10",13684080640,922454592
at_projections,"13.37.-7.-3",8210448384,553004106
at_projections,"13.37.13.-38",5473632256,287623116
at_projections,"13.37.5.-24",8210448384,565116570
at_projections,"13.37.9.-31",10947264512,575246232
at_projections,"13.38.-13.7",6842040320,449114832
at_projections,"13.38.-5.-7",6842040320,461227296
at_projections,"13.38.-9.0",5473632256,275510652
at_projections,"13.38.11.-35",10947264512,575246232
at_projections,"13.38.15.-42",5473632256,287623116
at_projections,"13.38.3.-21",2736816128,277493454
at_projections,"13.38.7.-28",5473632256,287623116
at_projections,"13.39.-11.3",5473632256,275510652
at_projections,"13.39.-15.10",5473632256,275510652
at_projections,"13.39.-3.-11",8210448384,565116570
at_projections,"13.39.13.-39",10947264512,575246232
at_projections,"13.39.17.-46",5473632256,287623116
at_projections,"13.39.5.-25",1368408064,173604180
at_projections,"13.39.9.-32",5473632256,287623116
at_projections,"13.40.-13.6",5473632256,275510652
at_projections,"13.40.-17.13",5473632256,275510652
at_projections,"13.40.-5.-8",13684080640,852739686
at_projections,"13.40.11.-36",5473632256,287623116
at_projections,"13.40.15.-43",10947264512,575246232
at_projections,"13.40.3.-22",1368408064,173604180
at_projections,"13.41.-15.9",5473632256,275510652
at_projections,"13.41.-19.16",5473632256,275510652
at_projections,"13.41.-3.-12",2736816128,277493454
at_projections,"13.41.-7.-5",9578856448,738720750
at_projections,"13.41.13.-40",8210448384,491908968
at_projections,"13.42.-17.12",5473632256,275510652
at_projections,"13.42.-5.-9",8210448384,565116570
at_projections,"13.42.-9.-2",4105224192,451097634
at_projections,"13.42.15.-44",5473632256,287623116
at_projections,"13.43.-11.1",5473632256,418124800
at_projections,"13.43.-19.15",5473632256,275510652
at_projections,"13.43.-3.-13",1368408064,173604180
at_projections,"13.43.-7.-6",15052488704,1026343866
at_projections,"13.43.13.-41",2736816128,204285852
at_projections,"13.44.-13.4",1368408064,173604180
at_projections,"13.44.-5.-10",1368408064,173604180
at_projections,"13.44.-9.-3",9578856448,738720750
at_projections,"13.45.-11.0",5473632256,418124800
at_projections,"13.45.-7.-7",5473632256,287623116
at_projections,"13.46.-13.3",1368408064,173604180
at_projections,"13.46.-9.-4",10947264512,575246232
at_projections,"13.47.-11.-1",5473632256,287623116
at_projections,"13.47.-15.6",1368408064,173604180
at_projections,"13.48.-13.2",2736816128,277493454
at_projections,"13.48.-9.-5",5473632256,287623116
at_projections,"13.49.-11.-2",10947264512,575246232
at_projections,"13.50.-13.1",5473632256,287623116
at_projections,"13.51.-11.-3",5473632256,287623116
at_projections,"13.52.-13.0",10947264512,575246232
at_projections,"13.53.-15.3",5473632256,287623116
at_projections,"13.54.-13.-1",8210448384,491908968
at_projections,"13.55.-15.2",10947264512,575246232
at_projections,"13.56.-13.-2",2736816128,204285852
at_projections,"13.56.-17.5",5473632256,287623116
at_projections,"13.57.-15.1",5473632256,287623116
at_projections,"13.8.15.-27",5473632256,287623116
at_projections,"13.9.13.-24",2736816128,204285852
at_projections,"13.9.17.-31",5473632256,287623116
at_projections,"14.11.16.-30",10947264512,331281408
at_projections,"14.12.14.-27",10947264512,696917988
at_projections,"14.13.16.-31",5473632256,421407336
at_projections,"14.14.14.-28",10947264512,331281408
at_projections,"14.15.12.-25",5473632256,421407336
at_projections,"14.16.14.-29",5473632256,421407336
at_projections,"14.16.2.-8",2736816128,277493454
at_projections,"14.16.6.-15",1368408064,173604180
at_projections,"14.17.0.-5",10947264512,715643164
at_projections,"14.17.12.-26",10947264512,331281408
at_projections,"14.17.4.-12",5473632256,418124800
at_projections,"14.17.8.-19",2736816128,277493454
at_projections,"14.18.-2.-2",2736816128,277493454
at_projections,"14.18.10.-23",6842040320,595011516
at_projections,"14.18.2.-9",13684080640,474182068
at_projections,"14.18.6.-16",2736816128,277493454
at_projections,"14.19.0.-6",24631345152,588026280
at_projections,"14.19.12.-27",5473632256,421407336
at_projections,"14.19.4.-13",8210448384,451386076
at_projections,"14.20.-2.-3",13684080640,474182068
at_projections,"14.20.10.-24",10947264512,331281408
at_projections,"14.20.2.-10",30104977408,451386076
at_projections,"14.20.6.-17",1368408064,180168928
at_projections,"14.21.-4.0",5473632256,418124800
at_projections,"14.21.0.-7",32841793536,321312512
at_projections,"14.21.4.-14",17789304832,744830048
at_projections,"14.21.8.-21",5473632256,421407336
at_projections,"14.22.-2.-4",30104977408,451386076
at_projections,"14.22.-6.3",1368408064,173604180
at_projections,"14.22.10.-25",5473632256,421407336
at_projections,"14.22.2.-11",23262937088,420986848
at_projections,"14.22.6.-18",5473632256,581459640
at_projections,"14.23.-4.-1",8210448384,451386076
at_projections,"14.23.0.-8",21894529024,240817920
at_projections,"14.23.4.-15",10947264512,742115896
at_projections,"14.23.8.-22",12315672576,511450336
at_projections,"14.24.-2.-5",23262937088,420986848
at_projections,"14.24.-6.2",2736816128,277493454
at_projections,"14.24.14.-33",2736816128,277493454
at_projections,"14.24.2.-12",5473632256,160656256
at_projections,"14.24.6.-19",13684080640,1225997352
at_projections,"14.25.-4.-2",17789304832,744830048
at_projections,"14.25.-8.5",2736816128,277493454
at_projections,"14.25.0.-9",5473632256,160656256
at_projections,"14.25.16.-37",2736816128,204285852
at_projections,"14.25.4.-16",1368408064,180168928
at_projections,"14.25.8.-23",10947264512,1002866976
at_projections,"14.26.-14.15",10947264512,696917988
at_projections,"14.26.-2.-6",5473632256,160656256
at_projections,"14.26.-6.1",1368408064,180168928
at_projections,"14.26.18.-41",10947264512,310278144
at_projections,"14.26.6.-20",16420896768,912741048
at_projections,"14.27.-12.11",5473632256,421407336
at_projections,"14.27.-16.18",10947264512,331281408
at_projections,"14.27.-4.-3",10947264512,742115896
at_projections,"14.27.12.-31",8210448384,622410652
at_projections,"14.27.16.-38",5473632256,408571704
at_projections,"14.27.4.-17",5473632256,421407336
at_projections,"14.27.8.-24",6842040320,624421088
at_projections,"14.28.-10.7",6842040320,595011516
at_projections,"14.28.-14.14",10947264512,331281408
at_projections,"14.28.-6.0",5473632256,581459640
at_projections,"14.28.10.-28",1368408064,173604180
at_projections,"14.28.14.-35",10947264512,310278144
at_projections,"14.28.6.-21",6842040320,601576264
at_projections,"14.29.-12.10",10947264512,331281408
at_projections,"14.29.-16.17",5473632256,421407336
at_projections,"14.29.-4.-4",1368408064,180168928
at_projections,"14.29.-8.3",5473632256,421407336
at_projections,"14.29.12.-32",5473632256,408571704
at_projections,"14.29.16.-39",2736816128,204285852
at_projections,"14.29.4.-18",10947264512,331281408
at_projections,"14.29.8.-25",6842040320,668619852
at_projections,"14.30.-10.6",10947264512,331281408
at_projections,"14.30.-14.13",5473632256,421407336
at_projections,"14.30.-6.-1",13684080640,1225997352
at_projections,"14.30.10.-29",13684080640,587771598
at_projections,"14.30.2.-15",5473632256,421407336
at_projections,"14.31.-12.9",5473632256,421407336
at_projections,"14.31.-4.-5",5473632256,421407336
at_projections,"14.31.-8.2",12315672576,511450336
at_projections,"14.31.12.-33",2736816128,204285852
at_projections,"14.31.4.-19",8210448384,625693188
at_projections,"14.31.8.-26",8210448384,686065158
at_projections,"14.32.-10.5",5473632256,421407336
at_projections,"14.32.-2.-9",5473632256,421407336
at_projections,"14.32.-6.-2",16420896768,912741048
at_projections,"14.32.2.-16",10947264512,331281408
at_projections,"14.32.6.-23",13684080640,587771598
at_projections,"14.33.-4.-6",10947264512,331281408
at_projections,"14.33.-8.1",10947264512,1002866976
at_projections,"14.33.0.-13",13684080640,1047100524
at_projections,"14.33.4.-20",8210448384,686065158
at_projections,"14.33.8.-27",2736816128,204285852
at_projections,"14.34.-2.-10",10947264512,331281408
at_projections,"14.34.-6.-3",6842040320,601576264
at_projections,"14.34.10.-31",1368408064,173604180
at_projections,"14.34.2.-17",21894529024,1153092816
at_projections,"14.34.6.-24",1368408064,173604180
at_projections,"14.35.-4.-7",8210448384,625693188
at_projections,"14.35.-8.0",6842040320,624421088
at_projections,"14.35.0.-14",38315425792,1646380752
at_projections,"14.35.12.-35",4105224192,451097634
at_projections,"14.35.4.-21",9578856448,799297368
at_projections,"14.36.-2.-11",21894529024,1153092816
at_projections,"14.36.10.-32",4105224192,451097634
at_projections,"14.36.14.-39",2736816128,277493454
at_projections,"14.36.2.-18",17789304832,923010388
at_projections,"14.36.6.-25",8210448384,698900790
at_projections,"14.37.-4.-8",8210448384,686065158
at_projections,"14.37.-8.-1",6842040320,668619852
at_projections,"14.37.0.-15",16420896768,1394308884
at_projections,"14.37.12.-36",2736816128,277493454
at_projections,"14.37.4.-22",13684080640,608774862
at_projections,"14.37.8.-29",13684080640,1117025590
at_projections,"14.38.-10.2",1368408064,173604180
at_projections,"14.38.-14.9",2736816128,277493454
at_projections,"14.38.-2.-12",17789304832,923010388
at_projections,"14.38.-6.-5",13684080640,587771598
at_projections,"14.38.10.-33",8210448384,698900790
at_projections,"14.38.2.-19",8210448384,698900790
at_projections,"14.38.6.-26",15052488704,782379042
at_projections,"14.39.-12.5",8210448384,622410652
at_projections,"14.39.-4.-9",9578856448,799297368
at_projections,"14.39.-8.-2",8210448384,686065158
at_projections,"14.39.0.-16",5473632256,554986908
at_projections,"14.39.12.-37",5473632256,421407336
at_projections,"14.39.4.-23",6842040320,595011516
at_projections,"14.39.8.-30",12315672576,504885588
at_projections,"14.40.-10.1",13684080640,587771598
at_projections,"14.40.-2.-13",8210448384,698900790
at_projections,"14.40.-6.-6",1368408064,173604180
at_projections,"14.40.10.-34",10947264512,331281408
at_projections,"14.40.14.-41",5473632256,421407336
at_projections,"14.40.6.-27",6842040320,595011516
at_projections,"14.41.-12.4",5473632256,408571704
at_projections,"14.41.-16.11",2736816128,204285852
at_projections,"14.41.-4.-10",13684080640,608774862
at_projections,"14.41.-8.-3",2736816128,204285852
at_projections,"14.41.12.-38",10947264512,331281408
at_projections,"14.41.16.-45",5473632256,421407336
at_projections,"14.41.4.-24",5473632256,418124800
at_projections,"14.41.8.-31",5473632256,421407336
at_projections,"14.42.-14.7",10947264512,310278144
at_projections,"14.42.-6.-7",8210448384,698900790
at_projections,"14.42.10.-35",5473632256,421407336
at_projections,"14.42.14.-42",10947264512,331281408
at_projections,"14.43.-12.3",2736816128,204285852
at_projections,"14.43.-16.10",5473632256,408571704
at_projections,"14.43.-4.-11",6842040320,595011516
at_projections,"14.43.12.-39",5473632256,421407336
at_projections,"14.43.16.-46",10947264512,331281408
at_projections,"14.44.-10.-1",1368408064,173604180
at_projections,"14.44.-18.13",10947264512,310278144
at_projections,"14.44.-6.-8",15052488704,782379042
at_projections,"14.44.14.-43",10947264512,696917988
at_projections,"14.45.-16.9",2736816128,204285852
at_projections,"14.45.-4.-12",5473632256,418124800
at_projections,"14.45.-8.-5",13684080640,1117025590
at_projections,"14.46.-10.-2",4105224192,451097634
at_projections,"14.46.-6.-9",6842040320,595011516
at_projections,"14.47.-12.1",4105224192,451097634
at_projections,"14.47.-8.-6",12315672576,504885588
at_projections,"14.48.-10.-3",8210448384,698900790
at_projections,"14.49.-12.0",2736816128,277493454
at_projections,"14.49.-8.-7",5473632256,421407336
at_projections,"14.50.-10.-4",10947264512,331281408
at_projections,"14.50.-14.3",2736816128,277493454
at_projections,"14.51.-12.-1",5473632256,421407336
at_projections,"14.52.-10.-5",5473632256,421407336
at_projections,"14.53.-12.-2",10947264512,331281408
at_projections,"14.54.-14.1",5473632256,421407336
at_projections,"14.55.-12.-3",5473632256,421407336
at_projections,"14.56.-14.0",10947264512,331281408
at_projections,"14.57.-16.3",5473632256,421407336
at_projections,"14.58.-14.-1",10947264512,696917988
at_projections,"14.59.-16.2",10947264512,331281408
at_projections,"15.13.15.-29",8210448384,491908968
at_projections,"15.14.17.-33",8210448384,504728472
at_projections,"15.15.15.-30",13684080640,779532084
at_projections,"15.16.13.-27",5473632256,287623116
at_projections,"15.16.17.-34",2736816128,217105356
at_projections,"15.17.15.-31",5473632256,287623116
at_projections,"15.18.13.-28",10947264512,575246232
at_projections,"15.18.17.-35",2736816128,217105356
at_projections,"15.19.11.-25",5473632256,287623116
at_projections,"15.19.3.-11",1368408064,173604180
at_projections,"15.20.1.-8",19157712896,892306868
at_projections,"15.20.13.-29",5473632256,287623116
at_projections,"15.20.17.-36",2736816128,217105356
at_projections,"15.20.5.-15",2736816128,277493454
at_projections,"15.21.-1.-5",19157712896,892306868
at_projections,"15.21.11.-26",10947264512,575246232
at_projections,"15.21.3.-12",10947264512,728879530
at_projections,"15.21.7.-19",1368408064,173604180
at_projections,"15.22.-3.-2",1368408064,173604180
at_projections,"15.22.1.-9",30104977408,451386076
at_projections,"15.22.17.-37",2736816128,217105356
at_projections,"15.22.5.-16",1368408064,180168928
at_projections,"15.22.9.-23",5473632256,287623116
at_projections,"15.23.-1.-6",30104977408,451386076
at_projections,"15.23.11.-27",5473632256,287623116
at_projections,"15.23.3.-13",17789304832,744830048
at_projections,"15.24.-3.-3",10947264512,728879530
at_projections,"15.24.1.-10",23262937088,420986848
at_projections,"15.24.17.-38",2736816128,217105356
at_projections,"15.24.5.-17",5473632256,581459640
at_projections,"15.24.9.-24",10947264512,575246232
at_projections,"15.25.-1.-7",23262937088,420986848
at_projections,"15.25.-5.0",2736816128,277493454
at_projections,"15.25.3.-14",10947264512,742115896
at_projections,"15.25.7.-21",6842040320,467792044
at_projections,"15.26.-3.-4",17789304832,744830048
at_projections,"15.26.1.-11",5473632256,160656256
at_projections,"15.26.17.-39",2736816128,217105356
at_projections,"15.26.5.-18",8210448384,804590016
at_projections,"15.26.9.-25",5473632256,287623116
at_projections,"15.27.-1.-8",5473632256,160656256
at_projections,"15.27.-5.-1",1368408064,180168928
at_projections,"15.27.3.-15",1368408064,180168928
at_projections,"15.27.7.-22",16420896768,1156705872
at_projections,"15.28.-15.16",8210448384,491908968
at_projections,"15.28.-3.-5",10947264512,742115896
at_projections,"15.28.-7.2",1368408064,173604180
at_projections,"15.28.13.-33",1368408064,173604180
at_projections,"15.28.17.-40",8210448384,492616008
at_projections,"15.28.5.-19",10947264512,869082756
at_projections,"15.28.9.-26",1368408064,180168928
at_projections,"15.29.-13.12",5473632256,287623116
at_projections,"15.29.-5.-2",5473632256,581459640
at_projections,"15.29.11.-30",1368408064,173604180
at_projections,"15.29.15.-37",5473632256,275510652
at_projections,"15.29.7.-23",13684080640,1092213132
at_projections,"15.30.-11.8",5473632256,287623116
at_projections,"15.30.-15.15",13684080640,779532084
at_projections,"15.30.-3.-6",1368408064,180168928
at_projections,"15.30.13.-34",5473632256,275510652
at_projections,"15.30.17.-41",8210448384,492616008
at_projections,"15.30.5.-20",12315672576,755415160
at_projections,"15.30.9.-27",2736816128,290729820
at_projections,"15.31.-13.11",10947264512,575246232
at_projections,"15.31.-17.18",8210448384,504728472
at_projections,"15.31.-5.-3",8210448384,804590016
at_projections,"15.31.-9.4",5473632256,287623116
at_projections,"15.31.11.-31",8210448384,553004106
at_projections,"15.31.15.-38",5473632256,275510652
at_projections,"15.31.3.-17",5473632256,287623116
at_projections,"15.31.7.-24",5473632256,581459640
at_projections,"15.32.-11.7",10947264512,575246232
at_projections,"15.32.-15.14",5473632256,287623116
at_projections,"15.32.-7.0",6842040320,467792044
at_projections,"15.32.13.-35",5473632256,275510652
at_projections,"15.32.17.-42",2736816128,217105356
at_projections,"15.32.5.-21",5473632256,287623116
at_projections,"15.32.9.-28",9578856448,733173034
at_projections,"15.33.-13.10",5473632256,287623116
at_projections,"15.33.-17.17",2736816128,217105356
at_projections,"15.33.-5.-4",10947264512,869082756
at_projections,"15.33.-9.3",10947264512,575246232
at_projections,"15.33.11.-32",5473632256,275510652
at_projections,"15.33.3.-18",10947264512,575246232
at_projections,"15.33.7.-25",9578856448,733173034
at_projections,"15.34.-11.6",5473632256,287623116
at_projections,"15.34.-3.-8",5473632256,287623116
at_projections,"15.34.-7.-1",16420896768,1156705872
at_projections,"15.34.1.-15",5473632256,287623116
at_projections,"15.34.17.-43",2736816128,217105356
at_projections,"15.34.5.-22",5473632256,275510652
at_projections,"15.34.9.-29",6842040320,449114832
at_projections,"15.35.-1.-12",5473632256,287623116
at_projections,"15.35.-17.16",2736816128,217105356
at_projections,"15.35.-5.-5",12315672576,755415160
at_projections,"15.35.-9.2",5473632256,287623116
at_projections,"15.35.3.-19",10947264512,563133768
at_projections,"15.35.7.-26",6842040320,449114832
at_projections,"15.36.-3.-9",10947264512,575246232
at_projections,"15.36.-7.-2",13684080640,1092213132
at_projections,"15.36.1.-16",24631345152,1349083668
at_projections,"15.36.17.-44",2736816128,217105356
at_projections,"15.36.5.-23",10947264512,693635452
at_projections,"15.37.-1.-13",24631345152,1349083668
at_projections,"15.37.-17.15",2736816128,217105356
at_projections,"15.37.-5.-6",5473632256,287623116
at_projections,"15.37.-9.1",1368408064,180168928
at_projections,"15.37.11.-34",2736816128,277493454
at_projections,"15.37.3.-20",12315672576,736737948
at_projections,"15.38.-3.-10",10947264512,563133768
at_projections,"15.38.-7.-3",5473632256,581459640
at_projections,"15.38.1.-17",25999753216,1522687848
at_projections,"15.38.13.-38",2736816128,277493454
at_projections,"15.38.17.-45",2736816128,217105356
at_projections,"15.38.5.-24",5473632256,287623116
at_projections,"15.38.9.-31",4105224192,451097634
at_projections,"15.39.-1.-14",25999753216,1522687848
at_projections,"15.39.-17.14",2736816128,217105356
at_projections,"15.39.-5.-7",5473632256,275510652
at_projections,"15.39.-9.0",2736816128,290729820
at_projections,"15.39.11.-35",4105224192,451097634
at_projections,"15.39.3.-21",16420896768,1130233140
at_projections,"15.39.7.-28",6842040320,461227296
at_projections,"15.40.-11.3",1368408064,173604180
at_projections,"15.40.-3.-11",12315672576,736737948
at_projections,"15.40.-7.-4",9578856448,733173034
at_projections,"15.40.1.-18",10947264512,842610024
at_projections,"15.40.13.-39",1368408064,173604180
at_projections,"15.40.17.-46",2736816128,217105356
at_projections,"15.40.5.-25",16420896768,993371032
at_projections,"15.40.9.-32",9578856448,738720750
at_projections,"15.41.-1.-15",10947264512,842610024
at_projections,"15.41.-13.6",1368408064,173604180
at_projections,"15.41.-17.13",2736816128,217105356
at_projections,"15.41.-5.-8",10947264512,693635452
at_projections,"15.41.-9.-1",9578856448,733173034
at_projections,"15.41.11.-36",6842040320,461227296
at_projections,"15.41.3.-22",6842040320,461227296
at_projections,"15.41.7.-29",19157712896,1270864486
at_projections,"15.42.-11.2",8210448384,553004106
at_projections,"15.42.-3.-12",16420896768,1130233140
at_projections,"15.42.-7.-5",6842040320,449114832
at_projections,"15.42.1.-19",1368408064,173604180
at_projections,"15.42.13.-40",5473632256,287623116
at_projections,"15.42.17.-47",2736816128,217105356
at_projections,"15.42.5.-26",6842040320,461227296
at_projections,"15.42.9.-33",10947264512,575246232
at_projections,"15.43.-1.-16",1368408064,173604180
at_projections,"15.43.-13.5",5473632256,275510652
at_projections,"15.43.-17.12",2736816128,217105356
at_projections,"15.43.-5.-9",5473632256,287623116
at_projections,"15.43.-9.-2",6842040320,449114832
at_projections,"15.43.11.-37",10947264512,575246232
at_projections,"15.43.15.-44",5473632256,287623116
at_projections,"15.43.3.-23",1368408064,173604180
at_projections,"15.43.7.-30",5473632256,287623116
at_projections,"15.44.-11.1",5473632256,275510652
at_projections,"15.44.-15.8",5473632256,275510652
at_projections,"15.44.-3.-13",6842040320,461227296
at_projections,"15.44.13.-41",10947264512,575246232
at_projections,"15.44.17.-48",8210448384,504728472
at_projections,"15.44.5.-27",2736816128,277493454
at_projections,"15.44.9.-34",5473632256,287623116
at_projections,"15.45.-13.4",5473632256,275510652
at_projections,"15.45.-17.11",8210448384,492616008
at_projections,"15.45.-5.-10",16420896768,993371032
at_projections,"15.45.11.-38",5473632256,287623116
at_projections,"15.45.15.-45",13684080640,779532084
at_projections,"15.46.-15.7",5473632256,275510652
at_projections,"15.46.-3.-14",1368408064,173604180
at_projections,"15.46.-7.-7",6842040320,461227296
at_projections,"15.46.13.-42",5473632256,287623116
at_projections,"15.47.-17.10",8210448384,492616008
at_projections,"15.47.-5.-11",6842040320,461227296
at_projections,"15.47.-9.-4",4105224192,451097634
at_projections,"15.47.15.-46",8210448384,491908968
at_projections,"15.48.-11.-1",2736816128,277493454
at_projections,"15.48.-7.-8",19157712896,1270864486
at_projections,"15.49.-17.9",2736816128,217105356
at_projections,"15.49.-5.-12",2736816128,277493454
at_projections,"15.49.-9.-5",9578856448,738720750
at_projections,"15.50.-11.-2",4105224192,451097634
at_projections,"15.50.-7.-9",5473632256,287623116
at_projections,"15.51.-13.1",2736816128,277493454
at_projections,"15.51.-17.8",2736816128,217105356
at_projections,"15.51.-9.-6",10947264512,575246232
at_projections,"15.52.-11.-3",6842040320,461227296
at_projections,"15.53.-13.0",1368408064,173604180
at_projections,"15.53.-17.7",2736816128,217105356
at_projections,"15.53.-9.-7",5473632256,287623116
at_projections,"15.54.-11.-4",10947264512,575246232
at_projections,"15.55.-13.-1",5473632256,287623116
at_projections,"15.55.-17.6",2736816128,217105356
at_projections,"15.56.-11.-5",5473632256,287623116
at_projections,"15.57.-13.-2",10947264512,575246232
at_projections,"15.57.-17.5",2736816128,217105356
at_projections,"15.58.-15.1",5473632256,287623116
at_projections,"15.59.-13.-3",5473632256,287623116
at_projections,"15.59.-17.4",2736816128,217105356
at_projections,"15.60.-15.0",13684080640,779532084
at_projections,"15.61.-17.3",8210448384,504728472
at_projections,"15.62.-15.-1",8210448384,491908968
at_projections,"16.16.16.-32",24631345152,1117203084
at_projections,"16.17.14.-29",2736816128,210703668
at_projections,"16.18.16.-33",8210448384,510411024
at_projections,"16.19.14.-30",10947264512,331281408
at_projections,"16.20.12.-27",2736816128,210703668
at_projections,"16.20.16.-34",5473632256,299707356
at_projections,"16.21.14.-31",2736816128,210703668
at_projections,"16.22.12.-28",10947264512,331281408
at_projections,"16.22.16.-35",5473632256,299707356
at_projections,"16.23.10.-25",2736816128,210703668
at_projections,"16.23.2.-11",10947264512,728879530
at_projections,"16.24.0.-8",32841793536,1136446548
at_projections,"16.24.12.-29",2736816128,210703668
at_projections,"16.24.16.-36",5473632256,299707356
at_projections,"16.24.4.-15",2736816128,353773108
at_projections,"16.25.-2.-5",10947264512,728879530
at_projections,"16.25.10.-26",10947264512,331281408
at_projections,"16.25.2.-12",17789304832,744830048
at_projections,"16.26.0.-9",24631345152,601155776
at_projections,"16.26.16.-37",5473632256,299707356
at_projections,"16.26.4.-16",5473632256,581459640
at_projections,"16.26.8.-23",2736816128,210703668
at_projections,"16.27.-2.-6",17789304832,744830048
at_projections,"16.27.10.-27",2736816128,210703668
at_projections,"16.27.2.-13",10947264512,742115896
at_projections,"16.27.6.-20",1368408064,180168928
at_projections,"16.28.-4.-3",2736816128,353773108
at_projections,"16.28.0.-10",5473632256,160656256
at_projections,"16.28.16.-38",5473632256,299707356
at_projections,"16.28.4.-17",8210448384,804590016
at_projections,"16.28.8.-24",10947264512,331281408
at_projections,"16.29.-2.-7",10947264512,742115896
at_projections,"16.29.2.-14",1368408064,180168928
at_projections,"16.29.6.-21",8210448384,792163308
at_projections,"16.30.-4.-4",5473632256,581459640
at_projections,"16.30.16.-39",5473632256,299707356
at_projections,"16.30.4.-18",5473632256,581459640
at_projections,"16.30.8.-25",4105224192,390872596
at_projections,"16.31.-14.13",2736816128,210703668
at_projections,"16.31.-2.-8",1368408064,180168928
at_projections,"16.31.14.-36",2736816128,204285852
at_projections,"16.31.6.-22",19157712896,1135871424
at_projections,"16.32.-12.9",2736816128,210703668
at_projections,"16.32.-16.16",24631345152,1117203084
at_projections,"16.32.-4.-5",8210448384,804590016
at_projections,"16.32.16.-40",16420896768,609985500
at_projections,"16.32.4.-19",4105224192,390872596
at_projections,"16.32.8.-26",5473632256,581459640
at_projections,"16.33.-10.5",2736816128,210703668
at_projections,"16.33.-14.12",10947264512,331281408
at_projections,"16.33.-6.-2",1368408064,180168928
at_projections,"16.33.10.-30",5473632256,481779306
at_projections,"16.33.14.-37",5473632256,408571704
at_projections,"16.33.6.-23",8210448384,792163308
at_projections,"16.34.-12.8",10947264512,331281408
at_projections,"16.34.-16.15",8210448384,510411024
at_projections,"16.34.-4.-6",5473632256,581459640
at_projections,"16.34.-8.1",2736816128,210703668
at_projections,"16.34.12.-34",10947264512,310278144
at_projections,"16.34.16.-41",5473632256,299707356
at_projections,"16.34.4.-20",10947264512,331281408
at_projections,"16.34.8.-27",6842040320,624421088
at_projections,"16.35.-10.4",10947264512,331281408
at_projections,"16.35.-14.11",2736816128,210703668
at_projections,"16.35.-6.-3",8210448384,792163308
at_projections,"16.35.10.-31",5473632256,408571704
at_projections,"16.35.14.-38",2736816128,204285852
at_projections,"16.35.2.-17",2736816128,210703668
at_projections,"16.35.6.-24",4105224192,384454780
at_projections,"16.36.-12.7",2736816128,210703668
at_projections,"16.36.-16.14",5473632256,299707356
at_projections,"16.36.-4.-7",4105224192,390872596
at_projections,"16.36.-8.0",10947264512,331281408
at_projections,"16.36.16.-42",5473632256,299707356
at_projections,"16.36.4.-21",2736816128,210703668
at_projections,"16.36.8.-28",19157712896,1019132764
at_projections,"16.37.-10.3",2736816128,210703668
at_projections,"16.37.-2.-11",2736816128,210703668
at_projections,"16.37.-6.-4",19157712896,1135871424
at_projections,"16.37.10.-32",2736816128,204285852
at_projections,"16.37.2.-18",13684080640,535567260
at_projections,"16.37.6.-25",6842040320,582175884
at_projections,"16.38.-16.13",5473632256,299707356
at_projections,"16.38.-4.-8",10947264512,331281408
at_projections,"16.38.-8.-1",4105224192,390872596
at_projections,"16.38.0.-15",5473632256,421407336
at_projections,"16.38.16.-43",5473632256,299707356
at_projections,"16.38.4.-22",12315672576,483882324
at_projections,"16.39.-2.-12",13684080640,535567260
at_projections,"16.39.-6.-5",8210448384,792163308
at_projections,"16.39.2.-19",10947264512,829979040
at_projections,"16.39.6.-26",5473632256,481779306
at_projections,"16.40.-16.12",5473632256,299707356
at_projections,"16.40.-4.-9",2736816128,210703668
at_projections,"16.40.-8.-2",5473632256,581459640
at_projections,"16.40.0.-16",43789058048,1548087192
at_projections,"16.40.12.-37",1368408064,173604180
at_projections,"16.40.16.-44",5473632256,299707356
at_projections,"16.40.4.-23",5473632256,488197122
at_projections,"16.41.-2.-13",10947264512,829979040
at_projections,"16.41.-6.-6",4105224192,384454780
at_projections,"16.41.10.-34",8210448384,695618254
at_projections,"16.41.2.-20",16420896768,813060714
at_projections,"16.41.6.-27",4105224192,384307848
at_projections,"16.42.-16.11",5473632256,299707356
at_projections,"16.42.-4.-10",12315672576,483882324
at_projections,"16.42.-8.-3",6842040320,624421088
at_projections,"16.42.0.-17",10947264512,976394244
at_projections,"16.42.12.-38",5473632256,418124800
at_projections,"16.42.16.-45",5473632256,299707356
at_projections,"16.42.4.-24",12315672576,504885588
at_projections,"16.42.8.-31",6842040320,661801302
at_projections,"16.43.-10.0",5473632256,481779306
at_projections,"16.43.-2.-14",16420896768,813060714
at_projections,"16.43.-6.-7",6842040320,582175884
at_projections,"16.43.10.-35",4105224192,384307848
at_projections,"16.43.2.-21",9578856448,802432648
at_projections,"16.43.6.-28",15052488704,782379042
at_projections,"16.44.-16.10",5473632256,299707356
at_projections,"16.44.-4.-11",5473632256,488197122
at_projections,"16.44.-8.-4",19157712896,1019132764
at_projections,"16.44.0.-18",2736816128,347208360
at_projections,"16.44.12.-39",2736816128,210703668
at_projections,"16.44.16.-46",5473632256,299707356
at_projections,"16.44.4.-25",5473632256,488197122
at_projections,"16.44.8.-32",15052488704,782379042
at_projections,"16.45.-10.-1",5473632256,408571704
at_projections,"16.45.-14.6",2736816128,204285852
at_projections,"16.45.-2.-15",9578856448,802432648
at_projections,"16.45.-6.-8",5473632256,481779306
at_projections,"16.45.10.-36",10947264512,331281408
at_projections,"16.45.14.-43",2736816128,210703668
at_projections,"16.45.6.-29",5473632256,488197122
at_projections,"16.46.-12.2",10947264512,310278144
at_projections,"16.46.-16.9",5473632256,299707356
at_projections,"16.46.-4.-12",12315672576,504885588
at_projections,"16.46.12.-40",10947264512,331281408
at_projections,"16.46.16.-47",8210448384,510411024
at_projections,"16.46.4.-26",2736816128,277493454
at_projections,"16.46.8.-33",2736816128,210703668
at_projections,"16.47.-10.-2",2736816128,204285852
at_projections,"16.47.-14.5",5473632256,408571704
at_projections,"16.47.-6.-9",4105224192,384307848
at_projections,"16.47.10.-37",2736816128,210703668
at_projections,"16.47.14.-44",10947264512,331281408
at_projections,"16.48.-16.8",16420896768,609985500
at_projections,"16.48.-4.-13",5473632256,488197122
at_projections,"16.48.12.-41",2736816128,210703668
at_projections,"16.48.16.-48",24631345152,1117203084
at_projections,"16.49.-14.4",2736816128,204285852
at_projections,"16.49.-6.-10",15052488704,782379042
at_projections,"16.49.14.-45",2736816128,210703668
at_projections,"16.50.-16.7",5473632256,299707356
at_projections,"16.50.-4.-14",2736816128,277493454
at_projections,"16.50.-8.-7",6842040320,661801302
at_projections,"16.51.-10.-4",8210448384,695618254
at_projections,"16.51.-6.-11",5473632256,488197122
at_projections,"16.52.-12.-1",1368408064,173604180
at_projections,"16.52.-16.6",5473632256,299707356
at_projections,"16.52.-8.-8",15052488704,782379042
at_projections,"16.53.-10.-5",4105224192,384307848
at_projections,"16.54.-12.-2",5473632256,418124800
at_projections,"16.54.-16.5",5473632256,299707356
at_projections,"16.54.-8.-9",2736816128,210703668
at_projections,"16.55.-10.-6",10947264512,331281408
at_projections,"16.56.-12.-3",2736816128,210703668
at_projections,"16.56.-16.4",5473632256,299707356
at_projections,"16.57.-10.-7",2736816128,210703668
at_projections,"16.58.-12.-4",10947264512,331281408
at_projections,"16.58.-16.3",5473632256,299707356
at_projections,"16.59.-14.-1",2736816128,210703668
at_projections,"16.60.-12.-5",2736816128,210703668
at_projections,"16.60.-16.2",5473632256,299707356
at_projections,"16.61.-14.-2",10947264512,331281408
at_projections,"16.62.-16.1",8210448384,510411024
at_projections,"16.63.-14.-3",2736816128,210703668
at_projections,"16.64.-16.0",24631345152,1117203084
at_projections,"17.20.15.-32",8210448384,504728472
at_projections,"17.22.15.-33",2736816128,217105356
at_projections,"17.23.13.-30",5473632256,287623116
at_projections,"17.24.15.-34",2736816128,217105356
at_projections,"17.26.11.-28",5473632256,287623116
at_projections,"17.26.15.-35",2736816128,217105356
at_projections,"17.26.3.-14",1368408064,180168928
at_projections,"17.27.1.-11",19157712896,918434228
at_projections,"17.28.-1.-8",19157712896,918434228
at_projections,"17.28.15.-36",2736816128,217105356
at_projections,"17.28.3.-15",5473632256,581459640
at_projections,"17.29.-3.-5",1368408064,180168928
at_projections,"17.29.1.-12",10947264512,742115896
at_projections,"17.29.5.-19",1368408064,180168928
at_projections,"17.29.9.-26",5473632256,287623116
at_projections,"17.30.-1.-9",10947264512,742115896
at_projections,"17.30.15.-37",2736816128,217105356
at_projections,"17.30.3.-16",8210448384,804590016
at_projections,"17.31.-3.-6",5473632256,581459640
at_projections,"17.31.1.-13",1368408064,180168928
at_projections,"17.31.5.-20",5473632256,581459640
at_projections,"17.32.-1.-10",1368408064,180168928
at_projections,"17.32.15.-38",2736816128,217105356
at_projections,"17.32.3.-17",5473632256,581459640
at_projections,"17.32.7.-24",6842040320,467792044
at_projections,"17.33.-3.-7",8210448384,804590016
at_projections,"17.33.5.-21",8210448384,804590016
at_projections,"17.34.-5.-4",1368408064,180168928
at_projections,"17.34.15.-39",8210448384,492616008
at_projections,"17.34.3.-18",1368408064,180168928
at_projections,"17.34.7.-25",5473632256,581459640
at_projections,"17.35.-15.13",8210448384,504728472
at_projections,"17.35.-3.-8",5473632256,581459640
at_projections,"17.35.13.-36",5473632256,275510652
at_projections,"17.35.5.-22",10947264512,869082756
at_projections,"17.35.9.-29",1368408064,180168928
at_projections,"17.36.-13.9",5473632256,287623116
at_projections,"17.36.-5.-5",5473632256,581459640
at_projections,"17.36.11.-33",5473632256,275510652
at_projections,"17.36.15.-40",8210448384,492616008
at_projections,"17.36.7.-26",8210448384,804590016
at_projections,"17.37.-11.5",5473632256,287623116
at_projections,"17.37.-15.12",2736816128,217105356
at_projections,"17.37.-3.-9",1368408064,180168928
at_projections,"17.37.13.-37",5473632256,275510652
at_projections,"17.37.5.-23",1368408064,180168928
at_projections,"17.37.9.-30",9578856448,739844652
at_projections,"17.38.-5.-6",8210448384,804590016
at_projections,"17.38.-9.1",5473632256,287623116
at_projections,"17.38.11.-34",5473632256,275510652
at_projections,"17.38.15.-41",2736816128,217105356
at_projections,"17.38.3.-20",5473632256,287623116
at_projections,"17.38.7.-27",12315672576,1030574472
at_projections,"17.39.-15.11",2736816128,217105356
at_projections,"17.39.-7.-3",6842040320,467792044
at_projections,"17.39.5.-24",5473632256,275510652
at_projections,"17.39.9.-31",6842040320,455679580
at_projections,"17.40.-5.-7",10947264512,869082756
at_projections,"17.40.15.-42",2736816128,217105356
at_projections,"17.40.3.-21",5473632256,275510652
at_projections,"17.40.7.-28",9578856448,733173034
at_projections,"17.41.-15.10",2736816128,217105356
at_projections,"17.41.-3.-11",5473632256,287623116
at_projections,"17.41.-7.-4",5473632256,581459640
at_projections,"17.41.1.-18",13684080640,773837436
at_projections,"17.41.5.-25",8210448384,553004106
at_projections,"17.42.-1.-15",13684080640,773837436
at_projections,"17.42.-5.-8",1368408064,180168928
at_projections,"17.42.15.-43",2736816128,217105356
at_projections,"17.42.3.-22",8210448384,553004106
at_projections,"17.43.-15.9",2736816128,217105356
at_projections,"17.43.-3.-12",5473632256,275510652
at_projections,"17.43.-7.-5",8210448384,804590016
at_projections,"17.43.1.-19",13684080640,773837436
at_projections,"17.43.13.-40",1368408064,173604180
at_projections,"17.43.5.-26",1368408064,173604180
at_projections,"17.43.9.-33",1368408064,173604180
at_projections,"17.44.-1.-16",13684080640,773837436
at_projections,"17.44.-5.-9",5473632256,275510652
at_projections,"17.44.-9.-2",1368408064,180168928
at_projections,"17.44.11.-37",4105224192,451097634
at_projections,"17.44.15.-44",2736816128,217105356
at_projections,"17.44.3.-23",8210448384,634831476
at_projections,"17.44.7.-30",2736816128,277493454
at_projections,"17.45.-15.8",2736816128,217105356
at_projections,"17.45.-3.-13",8210448384,553004106
at_projections,"17.45.-7.-6",12315672576,1030574472
at_projections,"17.45.1.-20",6842040320,591728980
at_projections,"17.45.5.-27",8210448384,565116570
at_projections,"17.45.9.-34",8210448384,695618254
at_projections,"17.46.-1.-17",6842040320,591728980
at_projections,"17.46.-5.-10",8210448384,553004106
at_projections,"17.46.-9.-3",9578856448,739844652
at_projections,"17.46.11.-38",2736816128,277493454
at_projections,"17.46.15.-45",2736816128,217105356
at_projections,"17.46.3.-24",2736816128,277493454
at_projections,"17.46.7.-31",9578856448,738720750
at_projections,"17.47.-11.0",5473632256,275510652
at_projections,"17.47.-15.7",2736816128,217105356
at_projections,"17.47.-3.-14",8210448384,634831476
at_projections,"17.47.-7.-7",9578856448,733173034
at_projections,"17.47.1.-21",2736816128,277493454
at_projections,"17.47.5.-28",4105224192,451097634
at_projections,"17.47.9.-35",5473632256,287623116
at_projections,"17.48.-1.-18",2736816128,277493454
at_projections,"17.48.-13.3",5473632256,275510652
at_projections,"17.48.-5.-11",1368408064,173604180
at_projections,"17.48.-9.-4",6842040320,455679580
at_projections,"17.48.11.-39",5473632256,287623116
at_projections,"17.48.15.-46",2736816128,217105356
at_projections,"17.48.7.-32",1368408064,173604180
at_projections,"17.49.-11.-1",5473632256,275510652
at_projections,"17.49.-15.6",8210448384,492616008
at_projections,"17.49.-3.-15",2736816128,277493454
at_projections,"17.49.13.-43",5473632256,287623116
at_projections,"17.49.5.-29",1368408064,173604180
at_projections,"17.50.-13.2",5473632256,275510652
at_projections,"17.50.-5.-12",8210448384,565116570
at_projections,"17.50.15.-47",8210448384,504728472
at_projections,"17.51.-15.5",8210448384,492616008
at_projections,"17.51.-7.-9",2736816128,277493454
at_projections,"17.52.-5.-13",4105224192,451097634
at_projections,"17.52.-9.-6",1368408064,173604180
at_projections,"17.53.-15.4",2736816128,217105356
at_projections,"17.53.-7.-10",9578856448,738720750
at_projections,"17.54.-5.-14",1368408064,173604180
at_projections,"17.54.-9.-7",8210448384,695618254
at_projections,"17.55.-11.-4",4105224192,451097634
at_projections,"17.55.-15.3",2736816128,217105356
at_projections,"17.55.-7.-11",1368408064,173604180
at_projections,"17.56.-13.-1",1368408064,173604180
at_projections,"17.56.-9.-8",5473632256,287623116
at_projections,"17.57.-11.-5",2736816128,277493454
at_projections,"17.57.-15.2",2736816128,217105356
at_projections,"17.59.-11.-6",5473632256,287623116
at_projections,"17.59.-15.1",2736816128,217105356
at_projections,"17.61.-15.0",2736816128,217105356
at_projections,"17.62.-13.-4",5473632256,287623116
at_projections,"17.63.-15.-1",2736816128,217105356
at_projections,"17.65.-15.-2",8210448384,504728472
at_projections,"18.30.2.-14",2736816128,290729820
at_projections,"18.31.0.-11",10947264512,742115896
at_projections,"18.31.4.-18",1368408064,180168928
at_projections,"18.32.-2.-8",2736816128,290729820
at_projections,"18.32.2.-15",6842040320,624421088
at_projections,"18.33.0.-12",2736816128,360337856
at_projections,"18.33.4.-19",5473632256,581459640
at_projections,"18.34.-2.-9",6842040320,624421088
at_projections,"18.34.2.-16",5473632256,581459640
at_projections,"18.34.6.-23",1368408064,180168928
at_projections,"18.35.-4.-6",1368408064,180168928
at_projections,"18.35.4.-20",8210448384,804590016
at_projections,"18.36.-2.-10",5473632256,581459640
at_projections,"18.36.2.-17",1368408064,180168928
at_projections,"18.36.6.-24",5473632256,581459640
at_projections,"18.37.-4.-7",5473632256,581459640
at_projections,"18.37.12.-35",2736816128,204285852
at_projections,"18.37.4.-21",5473632256,581459640
at_projections,"18.37.8.-28",1368408064,180168928
at_projections,"18.38.-2.-11",1368408064,180168928
at_projections,"18.38.14.-39",10947264512,310278144
at_projections,"18.38.6.-25",8210448384,804590016
at_projections,"18.39.-4.-8",8210448384,804590016
at_projections,"18.39.12.-36",5473632256,408571704
at_projections,"18.39.4.-22",1368408064,180168928
at_projections,"18.39.8.-29",8210448384,785745492
at_projections,"18.40.-6.-5",1368408064,180168928
at_projections,"18.40.10.-33",10947264512,310278144
at_projections,"18.40.6.-26",5473632256,581459640
at_projections,"18.41.-4.-9",5473632256,581459640
at_projections,"18.41.12.-37",2736816128,204285852
at_projections,"18.41.4.-23",2736816128,204285852
at_projections,"18.41.8.-30",12315672576,1032992792
at_projections,"18.42.-6.-6",5473632256,581459640
at_projections,"18.42.6.-27",15052488704,767940526
at_projections,"18.43.-4.-10",1368408064,180168928
at_projections,"18.43.0.-17",2736816128,204285852
at_projections,"18.43.4.-24",5473632256,408571704
at_projections,"18.43.8.-31",5473632256,495015672
at_projections,"18.44.-6.-7",8210448384,804590016
at_projections,"18.44.2.-21",10947264512,310278144
at_projections,"18.45.-4.-11",2736816128,204285852
at_projections,"18.45.-8.-4",1368408064,180168928
at_projections,"18.45.0.-18",16420896768,983817936
at_projections,"18.45.4.-25",8210448384,622410652
at_projections,"18.46.-2.-15",10947264512,310278144
at_projections,"18.46.-6.-8",5473632256,581459640
at_projections,"18.46.10.-36",4105224192,451097634
at_projections,"18.46.2.-22",1368408064,173604180
at_projections,"18.47.-4.-12",5473632256,408571704
at_projections,"18.47.-8.-5",8210448384,785745492
at_projections,"18.47.0.-19",5473632256,551494212
at_projections,"18.47.12.-40",2736816128,277493454
at_projections,"18.47.4.-26",2736816128,277493454
at_projections,"18.47.8.-33",4105224192,451097634
at_projections,"18.48.-2.-16",1368408064,173604180
at_projections,"18.48.-6.-9",15052488704,767940526
at_projections,"18.48.10.-37",4105224192,451097634
at_projections,"18.48.2.-23",5473632256,554986908
at_projections,"18.48.6.-30",5473632256,418124800
at_projections,"18.49.-12.1",2736816128,204285852
at_projections,"18.49.-4.-13",8210448384,622410652
at_projections,"18.49.-8.-6",12315672576,1032992792
at_projections,"18.49.0.-20",5473632256,554986908
at_projections,"18.49.4.-27",1368408064,173604180
at_projections,"18.49.8.-34",4105224192,451097634
at_projections,"18.50.-10.-3",10947264512,310278144
at_projections,"18.50.-2.-17",5473632256,554986908
at_projections,"18.50.2.-24",1368408064,173604180
at_projections,"18.50.6.-31",5473632256,418124800
at_projections,"18.51.-12.0",5473632256,408571704
at_projections,"18.51.-4.-14",2736816128,277493454
at_projections,"18.51.-8.-7",5473632256,495015672
at_projections,"18.52.-14.3",10947264512,310278144
at_projections,"18.52.-2.-18",1368408064,173604180
at_projections,"18.53.-12.-1",2736816128,204285852
at_projections,"18.53.-4.-15",1368408064,173604180
at_projections,"18.54.-6.-12",5473632256,418124800
at_projections,"18.55.-8.-9",4105224192,451097634
at_projections,"18.56.-10.-6",4105224192,451097634
at_projections,"18.56.-6.-13",5473632256,418124800
at_projections,"18.57.-8.-10",4105224192,451097634
at_projections,"18.58.-10.-7",4105224192,451097634
at_projections,"18.59.-12.-4",2736816128,277493454
at_projections,"19.34.1.-14",1368408064,180168928
at_projections,"19.35.-1.-11",1368408064,180168928
at_projections,"19.35.3.-18",2736816128,290729820
at_projections,"19.36.1.-15",2736816128,290729820
at_projections,"19.36.5.-22",1368408064,180168928
at_projections,"19.37.-1.-12",2736816128,290729820
at_projections,"19.37.3.-19",6842040320,624421088
at_projections,"19.38.-3.-9",2736816128,290729820
at_projections,"19.38.1.-16",1368408064,180168928
at_projections,"19.38.5.-23",5473632256,581459640
at_projections,"19.39.-1.-13",1368408064,180168928
at_projections,"19.39.3.-20",5473632256,581459640
at_projections,"19.39.7.-27",1368408064,180168928
at_projections,"19.40.-3.-10",6842040320,624421088
at_projections,"19.40.13.-38",5473632256,275510652
at_projections,"19.40.5.-24",8210448384,804590016
at_projections,"19.41.-5.-7",1368408064,180168928
at_projections,"19.41.11.-35",5473632256,275510652
at_projections,"19.41.3.-21",1368408064,180168928
at_projections,"19.41.7.-28",5473632256,581459640
at_projections,"19.42.-3.-11",5473632256,581459640
at_projections,"19.42.13.-39",5473632256,275510652
at_projections,"19.42.5.-25",5473632256,581459640
at_projections,"19.42.9.-32",6842040320,455679580
at_projections,"19.43.-5.-8",5473632256,581459640
at_projections,"19.43.11.-36",5473632256,275510652
at_projections,"19.43.7.-29",13684080640,1080100668
at_projections,"19.44.-3.-12",1368408064,180168928
at_projections,"19.44.5.-26",6842040320,455679580
at_projections,"19.44.9.-33",8210448384,566240472
at_projections,"19.45.-5.-9",8210448384,804590016
at_projections,"19.45.3.-23",5473632256,275510652
at_projections,"19.45.7.-30",10947264512,856970292
at_projections,"19.46.-7.-6",1368408064,180168928
at_projections,"19.46.1.-20",8210448384,486214320
at_projections,"19.46.5.-27",6842040320,449114832
at_projections,"19.46.9.-34",1368408064,180168928
at_projections,"19.47.-1.-17",8210448384,486214320
at_projections,"19.47.-5.-10",5473632256,581459640
at_projections,"19.47.3.-24",6842040320,449114832
at_projections,"19.47.7.-31",1368408064,180168928
at_projections,"19.48.-3.-14",5473632256,275510652
at_projections,"19.48.-7.-7",5473632256,581459640
at_projections,"19.48.1.-21",8210448384,486214320
at_projections,"19.49.-1.-18",8210448384,486214320
at_projections,"19.49.-5.-11",6842040320,455679580
at_projections,"19.49.11.-39",4105224192,451097634
at_projections,"19.49.3.-25",2736816128,277493454
at_projections,"19.49.7.-32",1368408064,173604180
at_projections,"19.50.-3.-15",6842040320,449114832
at_projections,"19.50.-7.-8",13684080640,1080100668
at_projections,"19.50.1.-22",5473632256,554986908
at_projections,"19.50.5.-29",1368408064,173604180
at_projections,"19.50.9.-36",8210448384,695618254
at_projections,"19.51.-1.-19",5473632256,554986908
at_projections,"19.51.-5.-12",6842040320,449114832
at_projections,"19.51.-9.-5",6842040320,455679580
at_projections,"19.51.11.-40",1368408064,173604180
at_projections,"19.51.3.-26",5473632256,418124800
at_projections,"19.51.7.-33",4105224192,451097634
at_projections,"19.52.-11.-2",5473632256,275510652
at_projections,"19.52.-3.-16",2736816128,277493454
at_projections,"19.52.-7.-9",10947264512,856970292
at_projections,"19.52.1.-23",2736816128,347208360
at_projections,"19.52.5.-30",4105224192,451097634
at_projections,"19.52.9.-37",1368408064,173604180
at_projections,"19.53.-1.-20",2736816128,347208360
at_projections,"19.53.-13.1",5473632256,275510652
at_projections,"19.53.-9.-6",8210448384,566240472
at_projections,"19.53.7.-34",2736816128,277493454
at_projections,"19.54.-11.-3",5473632256,275510652
at_projections,"19.54.-3.-17",5473632256,418124800
at_projections,"19.54.-7.-10",1368408064,180168928
at_projections,"19.55.-13.0",5473632256,275510652
at_projections,"19.55.-5.-14",1368408064,173604180
at_projections,"19.55.-9.-7",1368408064,180168928
at_projections,"19.56.-7.-11",1368408064,173604180
at_projections,"19.57.-5.-15",4105224192,451097634
at_projections,"19.58.-7.-12",4105224192,451097634
at_projections,"19.59.-9.-9",8210448384,695618254
at_projections,"19.60.-11.-6",4105224192,451097634
at_projections,"19.60.-7.-13",2736816128,277493454
at_projections,"19.61.-9.-10",1368408064,173604180
at_projections,"19.62.-11.-7",1368408064,173604180
at_projections,"2.-1.-12.22",10947264512,331281408
at_projections,"2.-1.-16.29",5473632256,421407336
at_projections,"2.-1.-4.8",10947264512,999584440
at_projections,"2.-1.-8.15",6842040320,601576264
at_projections,"2.-1.0.1",46525874176,3538012792
at_projections,"2.-1.12.-20",28736569344,822993804
at_projections,"2.-1.16.-27",16420896768,1223895202
at_projections,"2.-1.4.-6",39683833856,1327163148
at_projections,"2.-1.8.-13",39683833856,976695998
at_projections,"2.-10.-2.9",5473632256,275510652
at_projections,"2.-10.-6.16",2736816128,277493454
at_projections,"2.-10.10.-12",10947264512,331281408
at_projections,"2.-10.18.-26",1368408064,173604180
at_projections,"2.-10.30.-47",10947264512,310278144
at_projections,"2.-10.6.-5",5473632256,581459640
at_projections,"2.-11.-4.13",2736816128,277493454
at_projections,"2.-11.0.6",21894529024,1736842848
at_projections,"2.-11.12.-15",5473632256,421407336
at_projections,"2.-11.20.-29",1368408064,173604180
at_projections,"2.-11.28.-43",2736816128,204285852
at_projections,"2.-11.8.-8",5473632256,581459640
at_projections,"2.-12.-2.10",2736816128,277493454
at_projections,"2.-12.10.-11",5473632256,421407336
at_projections,"2.-12.18.-25",2736816128,277493454
at_projections,"2.-12.2.3",5473632256,275510652
at_projections,"2.-12.6.-4",1368408064,180168928
at_projections,"2.-13.-4.14",2736816128,347208360
at_projections,"2.-13.0.7",19157712896,1519737492
at_projections,"2.-13.12.-14",10947264512,331281408
at_projections,"2.-13.20.-28",2736816128,277493454
at_projections,"2.-13.8.-7",6842040320,624421088
at_projections,"2.-14.-2.11",2736816128,347208360
at_projections,"2.-14.14.-17",5473632256,421407336
at_projections,"2.-14.2.4",2736816128,277493454
at_projections,"2.-14.22.-31",2736816128,277493454
at_projections,"2.-14.6.-3",1368408064,173604180
at_projections,"2.-15.-4.15",2736816128,277493454
at_projections,"2.-15.0.8",27368161280,2138881736
at_projections,"2.-15.12.-13",8210448384,698900790
at_projections,"2.-15.4.1",2736816128,277493454
at_projections,"2.-15.8.-6",4105224192,464334000
at_projections,"2.-16.-2.12",2736816128,277493454
at_projections,"2.-16.10.-9",5473632256,418124800
at_projections,"2.-16.14.-16",10947264512,331281408
at_projections,"2.-16.2.5",2736816128,347208360
at_projections,"2.-16.6.-2",2736816128,277493454
at_projections,"2.-17.0.9",13684080640,1085526780
at_projections,"2.-17.16.-19",5473632256,421407336
at_projections,"2.-17.4.2",2736816128,347208360
at_projections,"2.-17.8.-5",2736816128,277493454
at_projections,"2.-18.14.-15",5473632256,421407336
at_projections,"2.-18.2.6",2736816128,277493454
at_projections,"2.-19.0.10",10947264512,868421424
at_projections,"2.-19.16.-18",10947264512,331281408
at_projections,"2.-19.4.3",2736816128,277493454
at_projections,"2.-2.-10.19",5473632256,421407336
at_projections,"2.-2.-14.26",10947264512,331281408
at_projections,"2.-2.-2.5",1368408064,173604180
at_projections,"2.-2.-6.12",8210448384,804590016
at_projections,"2.-2.10.-16",36947017728,772410146
at_projections,"2.-2.14.-23",34210201600,724700244
at_projections,"2.-2.18.-30",5473632256,581459640
at_projections,"2.-2.2.-2",12315672576,895812092
at_projections,"2.-2.6.-9",32841793536,1080350056
at_projections,"2.-21.0.11",8210448384,651316068
at_projections,"2.-23.0.12",5473632256,434210712
at_projections,"2.-25.0.13",2736816128,217105356
at_projections,"2.-3.-12.23",8210448384,698900790
at_projections,"2.-3.-16.30",10947264512,331281408
at_projections,"2.-3.-4.9",1368408064,180168928
at_projections,"2.-3.-8.16",5473632256,581459640
at_projections,"2.-3.0.2",35578609664,2952472632
at_projections,"2.-3.12.-19",35578609664,525598364
at_projections,"2.-3.16.-26",17789304832,709149592
at_projections,"2.-3.20.-33",2736816128,204285852
at_projections,"2.-3.4.-5",21894529024,1664147062
at_projections,"2.-3.8.-12",25999753216,691915554
at_projections,"2.-4.-14.27",5473632256,421407336
at_projections,"2.-4.-6.13",5473632256,581459640
at_projections,"2.-4.10.-15",24631345152,518311374
at_projections,"2.-4.14.-22",27368161280,160656256
at_projections,"2.-4.18.-29",17789304832,934699232
at_projections,"2.-4.2.-1",1368408064,173604180
at_projections,"2.-4.6.-8",17789304832,672106592
at_projections,"2.-5.-8.17",6842040320,624421088
at_projections,"2.-5.0.3",30104977408,2388158916
at_projections,"2.-5.12.-18",24631345152,518311374
at_projections,"2.-5.16.-25",8210448384,364942108
at_projections,"2.-5.20.-32",6842040320,588740632
at_projections,"2.-5.24.-39",2736816128,204285852
at_projections,"2.-5.4.-4",10947264512,999584440
at_projections,"2.-5.8.-11",10947264512,582063592
at_projections,"2.-6.-10.21",5473632256,418124800
at_projections,"2.-6.-6.14",1368408064,180168928
at_projections,"2.-6.10.-14",5473632256,160656256
at_projections,"2.-6.14.-21",13684080640,397902414
at_projections,"2.-6.18.-28",2736816128,290729820
at_projections,"2.-6.22.-35",10947264512,310278144
at_projections,"2.-6.6.-7",10947264512,1002866976
at_projections,"2.-7.-8.18",4105224192,464334000
at_projections,"2.-7.0.4",27368161280,2171053560
at_projections,"2.-7.12.-17",6842040320,334260436
at_projections,"2.-7.20.-31",5473632256,495015672
at_projections,"2.-7.24.-38",5473632256,408571704
at_projections,"2.-7.28.-45",2736816128,204285852
at_projections,"2.-7.4.-3",1368408064,180168928
at_projections,"2.-7.8.-10",10947264512,331281408
at_projections,"2.-8.-6.15",1368408064,173604180
at_projections,"2.-8.10.-13",5473632256,421407336
at_projections,"2.-8.14.-20",1368408064,173604180
at_projections,"2.-8.26.-41",10947264512,310278144
at_projections,"2.-8.6.-6",8210448384,804590016
at_projections,"2.-9.-8.19",2736816128,277493454
at_projections,"2.-9.0.5",24631345152,1953948204
at_projections,"2.-9.16.-23",5473632256,418124800
at_projections,"2.-9.20.-30",1368408064,180168928
at_projections,"2.-9.24.-37",2736816128,204285852
at_projections,"2.-9.28.-44",5473632256,408571704
at_projections,"2.-9.8.-9",6842040320,601576264
at_projections,"2.0.-10.18",10947264512,331281408
at_projections,"2.0.-14.25",5473632256,421407336
at_projections,"2.0.-2.4",12315672576,895812092
at_projections,"2.0.-6.11",10947264512,1002866976
at_projections,"2.0.10.-17",32841793536,551096064
at_projections,"2.0.14.-24",8210448384,438149710
at_projections,"2.0.18.-31",1368408064,180168928
at_projections,"2.0.2.-3",34210201600,1417289076
at_projections,"2.0.6.-10",38315425792,739437312
at_projections,"2.1.-12.21",5473632256,421407336
at_projections,"2.1.-4.7",21894529024,1664147062
at_projections,"2.1.-8.14",10947264512,331281408
at_projections,"2.1.0.0",60209954816,3280292904
at_projections,"2.1.12.-21",10947264512,642435562
at_projections,"2.1.16.-28",6842040320,624421088
at_projections,"2.1.4.-7",43789058048,1300778808
at_projections,"2.1.8.-14",27368161280,649389624
at_projections,"2.10.-10.13",32841793536,551096064
at_projections,"2.10.-14.20",27368161280,160656256
at_projections,"2.10.-2.-1",10947264512,1002866976
at_projections,"2.10.-6.6",6842040320,334260436
at_projections,"2.10.10.-22",10947264512,331281408
at_projections,"2.10.14.-29",5473632256,421407336
at_projections,"2.10.2.-8",10947264512,1082083470
at_projections,"2.10.6.-15",5473632256,421407336
at_projections,"2.11.-12.16",28736569344,822993804
at_projections,"2.11.-16.23",8210448384,364942108
at_projections,"2.11.-20.30",1368408064,180168928
at_projections,"2.11.-4.2",12315672576,504885588
at_projections,"2.11.-8.9",9578856448,538546288
at_projections,"2.11.0.-5",43789058048,3737694392
at_projections,"2.11.12.-26",10947264512,331281408
at_projections,"2.11.16.-33",5473632256,421407336
at_projections,"2.11.4.-12",5473632256,581459640
at_projections,"2.11.8.-19",5473632256,421407336
at_projections,"2.12.-10.12",8210448384,438149710
at_projections,"2.12.-14.19",34210201600,724700244
at_projections,"2.12.-18.26",2736816128,290729820
at_projections,"2.12.-2.-2",10947264512,1082083470
at_projections,"2.12.-6.5",9578856448,872504970
at_projections,"2.12.10.-23",5473632256,421407336
at_projections,"2.12.14.-30",10947264512,331281408
at_projections,"2.12.2.-9",12315672576,1173188620
at_projections,"2.12.6.-16",1368408064,180168928
at_projections,"2.13.-12.15",10947264512,642435562
at_projections,"2.13.-16.22",17789304832,709149592
at_projections,"2.13.-20.29",5473632256,495015672
at_projections,"2.13.-4.1",9578856448,879069718
at_projections,"2.13.-8.8",8210448384,695618254
at_projections,"2.13.0.-6",35578609664,2952472632
at_projections,"2.13.12.-27",5473632256,421407336
at_projections,"2.13.16.-34",10947264512,331281408
at_projections,"2.13.4.-13",8210448384,804590016
at_projections,"2.14.-10.11",4105224192,451097634
at_projections,"2.14.-14.18",8210448384,438149710
at_projections,"2.14.-18.25",17789304832,934699232
at_projections,"2.14.-2.-3",12315672576,1173188620
at_projections,"2.14.-6.4",13684080640,608774862
at_projections,"2.14.14.-31",5473632256,421407336
at_projections,"2.14.2.-10",1368408064,180168928
at_projections,"2.14.6.-17",5473632256,581459640
at_projections,"2.15.-12.14",4105224192,451097634
at_projections,"2.15.-16.21",16420896768,1223895202
at_projections,"2.15.-20.28",6842040320,588740632
at_projections,"2.15.-24.35",2736816128,204285852
at_projections,"2.15.-4.0",5473632256,581459640
at_projections,"2.15.-8.7",5473632256,421407336
at_projections,"2.15.0.-7",30104977408,2388158916
at_projections,"2.15.4.-14",5473632256,581459640
at_projections,"2.15.8.-21",1368408064,180168928
at_projections,"2.16.-10.10",1368408064,173604180
at_projections,"2.16.-14.17",1368408064,180168928
at_projections,"2.16.-18.24",5473632256,581459640
at_projections,"2.16.-2.-4",1368408064,180168928
at_projections,"2.16.-22.31",10947264512,310278144
at_projections,"2.16.-6.3",5473632256,421407336
at_projections,"2.16.6.-18",8210448384,804590016
at_projections,"2.17.-12.13",1368408064,173604180
at_projections,"2.17.-16.20",6842040320,624421088
at_projections,"2.17.-20.27",2736816128,204285852
at_projections,"2.17.-24.34",5473632256,408571704
at_projections,"2.17.-28.41",2736816128,204285852
at_projections,"2.17.-4.-1",8210448384,804590016
at_projections,"2.17.-8.6",10947264512,331281408
at_projections,"2.17.0.-8",27368161280,2171053560
at_projections,"2.17.4.-15",1368408064,180168928
at_projections,"2.17.8.-22",5473632256,581459640
at_projections,"2.18.-10.9",5473632256,421407336
at_projections,"2.18.-14.16",8210448384,708854620
at_projections,"2.18.-18.23",1368408064,180168928
at_projections,"2.18.-26.37",10947264512,310278144
at_projections,"2.18.-6.2",1368408064,180168928
at_projections,"2.18.6.-19",5473632256,581459640
at_projections,"2.19.-16.19",4105224192,464334000
at_projections,"2.19.-24.33",2736816128,204285852
at_projections,"2.19.-28.40",5473632256,408571704
at_projections,"2.19.-4.-2",5473632256,581459640
at_projections,"2.19.-8.5",5473632256,421407336
at_projections,"2.19.0.-9",24631345152,1953948204
at_projections,"2.19.8.-23",6842040320,624421088
at_projections,"2.2.-10.17",5473632256,421407336
at_projections,"2.2.-2.3",34210201600,1417289076
at_projections,"2.2.-6.10",17789304832,672106592
at_projections,"2.2.10.-18",8210448384,438149710
at_projections,"2.2.14.-25",1368408064,180168928
at_projections,"2.2.18.-32",1368408064,173604180
at_projections,"2.2.2.-4",53367914496,1630788116
at_projections,"2.2.6.-11",32841793536,551096064
at_projections,"2.20.-10.8",10947264512,331281408
at_projections,"2.20.-14.15",1368408064,180168928
at_projections,"2.20.-18.22",1368408064,173604180
at_projections,"2.20.-30.43",10947264512,310278144
at_projections,"2.20.-6.1",5473632256,581459640
at_projections,"2.20.2.-13",5473632256,275510652
at_projections,"2.20.6.-20",1368408064,180168928
at_projections,"2.21.-12.11",5473632256,421407336
at_projections,"2.21.-16.18",2736816128,277493454
at_projections,"2.21.-28.39",2736816128,204285852
at_projections,"2.21.-4.-3",1368408064,180168928
at_projections,"2.21.0.-10",21894529024,1736842848
at_projections,"2.21.4.-17",2736816128,277493454
at_projections,"2.21.8.-24",2736816128,290729820
at_projections,"2.22.-10.7",5473632256,421407336
at_projections,"2.22.-18.21",2736816128,277493454
at_projections,"2.22.-2.-7",5473632256,275510652
at_projections,"2.22.-6.0",8210448384,804590016
at_projections,"2.23.-12.10",10947264512,331281408
at_projections,"2.23.-20.24",2736816128,277493454
at_projections,"2.23.-8.3",1368408064,180168928
at_projections,"2.23.0.-11",19157712896,1519737492
at_projections,"2.24.-14.13",5473632256,421407336
at_projections,"2.24.-6.-1",5473632256,581459640
at_projections,"2.24.2.-15",6842040320,591728980
at_projections,"2.24.6.-22",2736816128,277493454
at_projections,"2.25.-12.9",5473632256,421407336
at_projections,"2.25.-4.-5",2736816128,277493454
at_projections,"2.25.-8.2",5473632256,581459640
at_projections,"2.25.0.-12",19157712896,1649840496
at_projections,"2.25.4.-19",2736816128,277493454
at_projections,"2.26.-14.12",10947264512,331281408
at_projections,"2.26.-2.-9",6842040320,591728980
at_projections,"2.26.-6.-2",1368408064,180168928
at_projections,"2.26.2.-16",2736816128,277493454
at_projections,"2.27.-16.15",5473632256,421407336
at_projections,"2.27.-8.1",6842040320,624421088
at_projections,"2.27.0.-13",19157712896,1640513688
at_projections,"2.27.4.-20",1368408064,173604180
at_projections,"2.28.-14.11",5473632256,421407336
at_projections,"2.28.-2.-10",2736816128,277493454
at_projections,"2.29.-16.14",10947264512,331281408
at_projections,"2.29.-4.-7",2736816128,277493454
at_projections,"2.29.-8.0",2736816128,290729820
at_projections,"2.29.0.-14",10947264512,868421424
at_projections,"2.3.-4.6",39683833856,1327163148
at_projections,"2.3.-8.13",10947264512,582063592
at_projections,"2.3.0.-1",90314932224,4985331232
at_projections,"2.3.12.-22",4105224192,451097634
at_projections,"2.3.16.-29",4105224192,464334000
at_projections,"2.3.20.-36",2736816128,277493454
at_projections,"2.3.4.-8",30104977408,926883078
at_projections,"2.3.8.-15",9578856448,538546288
at_projections,"2.30.-6.-4",2736816128,277493454
at_projections,"2.31.-4.-8",1368408064,173604180
at_projections,"2.31.0.-15",8210448384,651316068
at_projections,"2.33.0.-16",5473632256,434210712
at_projections,"2.35.0.-17",2736816128,217105356
at_projections,"2.4.-10.16",5473632256,160656256
at_projections,"2.4.-2.2",53367914496,1630788116
at_projections,"2.4.-6.9",32841793536,1080350056
at_projections,"2.4.10.-19",4105224192,451097634
at_projections,"2.4.14.-26",8210448384,708854620
at_projections,"2.4.18.-33",2736816128,277493454
at_projections,"2.4.2.-5",54736322560,2530357284
at_projections,"2.4.6.-12",6842040320,334260436
at_projections,"2.5.-12.19",6842040320,334260436
at_projections,"2.5.-4.5",43789058048,1300778808
at_projections,"2.5.-8.12",25999753216,691915554
at_projections,"2.5.0.-2",120419909632,7078790556
at_projections,"2.5.12.-23",1368408064,173604180
at_projections,"2.5.16.-30",2736816128,277493454
at_projections,"2.5.4.-9",19157712896,1204474244
at_projections,"2.5.8.-16",8210448384,695618254
at_projections,"2.6.-10.15",24631345152,518311374
at_projections,"2.6.-14.22",1368408064,173604180
at_projections,"2.6.-18.29",2736816128,277493454
at_projections,"2.6.-2.1",54736322560,2530357284
at_projections,"2.6.-6.8",38315425792,739437312
at_projections,"2.6.10.-20",1368408064,173604180
at_projections,"2.6.14.-27",1368408064,180168928
at_projections,"2.6.2.-6",20526120960,1025879700
at_projections,"2.6.6.-13",9578856448,872504970
at_projections,"2.7.-12.18",24631345152,518311374
at_projections,"2.7.-16.25",5473632256,418124800
at_projections,"2.7.-20.32",2736816128,277493454
at_projections,"2.7.-4.4",30104977408,926883078
at_projections,"2.7.-8.11",39683833856,976695998
at_projections,"2.7.0.-3",79367667712,6420725512
at_projections,"2.7.4.-10",12315672576,504885588
at_projections,"2.7.8.-17",5473632256,421407336
at_projections,"2.8.-10.14",36947017728,772410146
at_projections,"2.8.-14.21",13684080640,397902414
at_projections,"2.8.-18.28",1368408064,173604180
at_projections,"2.8.-2.0",20526120960,1025879700
at_projections,"2.8.-22.35",2736816128,277493454
at_projections,"2.8.-6.7",32841793536,551096064
at_projections,"2.8.10.-21",5473632256,421407336
at_projections,"2.8.2.-7",10947264512,1002866976
at_projections,"2.8.6.-14",13684080640,608774862
at_projections,"2.9.-12.17",35578609664,525598364
at_projections,"2.9.-20.31",1368408064,173604180
at_projections,"2.9.-4.3",19157712896,1204474244
at_projections,"2.9.-8.10",27368161280,649389624
at_projections,"2.9.0.-4",49262690304,4202394264
at_projections,"2.9.12.-25",5473632256,421407336
at_projections,"2.9.4.-11",9578856448,879069718
at_projections,"2.9.8.-18",10947264512,331281408
at_projections,"20.39.2.-18",1368408064,180168928
at_projections,"20.40.4.-22",2736816128,290729820
at_projections,"20.41.-2.-12",1368408064,180168928
at_projections,"20.41.2.-19",2736816128,290729820
at_projections,"20.41.6.-26",1368408064,180168928
at_projections,"20.42.4.-23",6842040320,624421088
at_projections,"20.43.-2.-13",2736816128,290729820
at_projections,"20.43.10.-34",2736816128,204285852
at_projections,"20.43.2.-20",1368408064,180168928
at_projections,"20.43.6.-27",5473632256,581459640
at_projections,"20.44.-4.-10",2736816128,290729820
at_projections,"20.44.12.-38",10947264512,310278144
at_projections,"20.44.4.-24",5473632256,581459640
at_projections,"20.44.8.-31",1368408064,180168928
at_projections,"20.45.-2.-14",1368408064,180168928
at_projections,"20.45.10.-35",5473632256,408571704
at_projections,"20.45.6.-28",10947264512,1008875868
at_projections,"20.46.-4.-11",6842040320,624421088
at_projections,"20.46.4.-25",1368408064,180168928
at_projections,"20.46.8.-32",16420896768,891737784
at_projections,"20.47.-6.-8",1368408064,180168928
at_projections,"20.47.10.-36",2736816128,204285852
at_projections,"20.47.2.-22",2736816128,204285852
at_projections,"20.47.6.-29",10947264512,990031344
at_projections,"20.48.-4.-12",5473632256,581459640
at_projections,"20.48.4.-26",10947264512,310278144
at_projections,"20.48.8.-33",6842040320,624421088
at_projections,"20.49.-2.-16",2736816128,204285852
at_projections,"20.49.-6.-9",5473632256,581459640
at_projections,"20.49.2.-23",5473632256,408571704
at_projections,"20.49.6.-30",4105224192,384454780
at_projections,"20.50.-4.-13",1368408064,180168928
at_projections,"20.50.0.-20",21894529024,885524376
at_projections,"20.50.8.-34",2736816128,290729820
at_projections,"20.51.-2.-17",5473632256,408571704
at_projections,"20.51.-6.-10",10947264512,1008875868
at_projections,"20.51.2.-24",5473632256,481779306
at_projections,"20.52.-4.-14",10947264512,310278144
at_projections,"20.52.-8.-7",1368408064,180168928
at_projections,"20.52.4.-28",1368408064,173604180
at_projections,"20.52.8.-35",4105224192,451097634
at_projections,"20.53.-10.-4",2736816128,204285852
at_projections,"20.53.-2.-18",5473632256,481779306
at_projections,"20.53.-6.-11",10947264512,990031344
at_projections,"20.53.10.-39",8210448384,695618254
at_projections,"20.53.2.-25",1368408064,173604180
at_projections,"20.53.6.-32",2736816128,277493454
at_projections,"20.54.-8.-8",16420896768,891737784
at_projections,"20.54.0.-22",10947264512,836249600
at_projections,"20.54.4.-29",2736816128,277493454
at_projections,"20.54.8.-36",4105224192,451097634
at_projections,"20.55.-10.-5",5473632256,408571704
at_projections,"20.55.-2.-19",1368408064,173604180
at_projections,"20.55.-6.-12",4105224192,384454780
at_projections,"20.55.2.-26",2736816128,277493454
at_projections,"20.55.6.-33",4105224192,451097634
at_projections,"20.56.-12.-2",10947264512,310278144
at_projections,"20.56.-4.-16",1368408064,173604180
at_projections,"20.56.-8.-9",6842040320,624421088
at_projections,"20.57.-10.-6",2736816128,204285852
at_projections,"20.57.-2.-20",2736816128,277493454
at_projections,"20.58.-4.-17",2736816128,277493454
at_projections,"20.58.-8.-10",2736816128,290729820
at_projections,"20.59.-6.-14",2736816128,277493454
at_projections,"20.60.-8.-11",4105224192,451097634
at_projections,"20.61.-6.-15",4105224192,451097634
at_projections,"20.62.-8.-12",4105224192,451097634
at_projections,"20.63.-10.-9",8210448384,695618254
at_projections,"21.44.3.-22",1368408064,180168928
at_projections,"21.45.5.-26",2736816128,290729820
at_projections,"21.46.11.-37",5473632256,275510652
at_projections,"21.46.3.-23",2736816128,290729820
at_projections,"21.46.7.-30",1368408064,180168928
at_projections,"21.47.-3.-13",1368408064,180168928
at_projections,"21.47.5.-27",6842040320,624421088
at_projections,"21.47.9.-34",5473632256,275510652
at_projections,"21.48.11.-38",5473632256,275510652
at_projections,"21.48.3.-24",1368408064,180168928
at_projections,"21.48.7.-31",10947264512,856970292
at_projections,"21.49.-3.-14",2736816128,290729820
at_projections,"21.49.5.-28",10947264512,856970292
at_projections,"21.49.9.-35",6842040320,455679580
at_projections,"21.50.-5.-11",2736816128,290729820
at_projections,"21.50.3.-25",5473632256,275510652
at_projections,"21.50.7.-32",13684080640,1080100668
at_projections,"21.51.-3.-15",1368408064,180168928
at_projections,"21.51.1.-22",8210448384,486214320
at_projections,"21.51.5.-29",6842040320,455679580
at_projections,"21.51.9.-36",2736816128,290729820
at_projections,"21.52.-1.-19",8210448384,486214320
at_projections,"21.52.-5.-12",6842040320,624421088
at_projections,"21.52.3.-26",5473632256,275510652
at_projections,"21.52.7.-33",5473632256,581459640
at_projections,"21.53.-3.-16",5473632256,275510652
at_projections,"21.53.-7.-9",1368408064,180168928
at_projections,"21.53.1.-23",8210448384,486214320
at_projections,"21.53.9.-37",1368408064,180168928
at_projections,"21.54.-1.-20",8210448384,486214320
at_projections,"21.54.-5.-13",10947264512,856970292
at_projections,"21.54.11.-41",1368408064,173604180
at_projections,"21.54.7.-34",1368408064,180168928
at_projections,"21.55.-3.-17",5473632256,275510652
at_projections,"21.55.-7.-10",10947264512,856970292
at_projections,"21.55.1.-24",2736816128,347208360
at_projections,"21.55.5.-31",2736816128,277493454
at_projections,"21.55.9.-38",4105224192,451097634
at_projections,"21.56.-1.-21",2736816128,347208360
at_projections,"21.56.-5.-14",6842040320,455679580
at_projections,"21.56.-9.-7",5473632256,275510652
at_projections,"21.56.3.-28",2736816128,277493454
at_projections,"21.56.7.-35",8210448384,695618254
at_projections,"21.57.-11.-4",5473632256,275510652
at_projections,"21.57.-7.-11",13684080640,1080100668
at_projections,"21.57.1.-25",2736816128,277493454
at_projections,"21.57.5.-32",1368408064,173604180
at_projections,"21.57.9.-39",4105224192,451097634
at_projections,"21.58.-1.-22",2736816128,277493454
at_projections,"21.58.-9.-8",6842040320,455679580
at_projections,"21.58.3.-29",1368408064,173604180
at_projections,"21.58.7.-36",1368408064,173604180
at_projections,"21.59.-11.-5",5473632256,275510652
at_projections,"21.59.-3.-19",2736816128,277493454
at_projections,"21.59.-7.-12",5473632256,581459640
at_projections,"21.60.-5.-16",2736816128,277493454
at_projections,"21.60.-9.-9",2736816128,290729820
at_projections,"21.61.-3.-20",1368408064,173604180
at_projections,"21.61.-7.-13",1368408064,180168928
at_projections,"21.62.-5.-17",1368408064,173604180
at_projections,"21.62.-9.-10",1368408064,180168928
at_projections,"21.63.-7.-14",8210448384,695618254
at_projections,"21.64.-9.-11",4105224192,451097634
at_projections,"21.65.-11.-8",1368408064,173604180
at_projections,"21.65.-7.-15",1368408064,173604180
at_projections,"21.66.-9.-12",4105224192,451097634
at_projections,"22.49.4.-26",1368408064,180168928
at_projections,"22.49.8.-33",2736816128,204285852
at_projections,"22.50.10.-37",10947264512,310278144
at_projections,"22.50.6.-30",2736816128,290729820
at_projections,"22.51.4.-27",5473632256,495015672
at_projections,"22.51.8.-34",6842040320,588740632
at_projections,"22.52.6.-31",17789304832,934699232
at_projections,"22.53.-4.-14",1368408064,180168928
at_projections,"22.53.0.-21",2736816128,204285852
at_projections,"22.53.4.-28",6842040320,588740632
at_projections,"22.53.8.-35",8210448384,785745492
at_projections,"22.54.2.-25",10947264512,310278144
at_projections,"22.54.6.-32",5473632256,581459640
at_projections,"22.55.-4.-15",5473632256,495015672
at_projections,"22.55.0.-22",16420896768,983817936
at_projections,"22.55.4.-29",2736816128,204285852
at_projections,"22.55.8.-36",6842040320,624421088
at_projections,"22.56.-2.-19",10947264512,310278144
at_projections,"22.56.-6.-12",2736816128,290729820
at_projections,"22.56.6.-33",1368408064,180168928
at_projections,"22.57.-4.-16",6842040320,588740632
at_projections,"22.57.-8.-9",2736816128,204285852
at_projections,"22.57.0.-23",2736816128,204285852
at_projections,"22.57.8.-37",4105224192,464334000
at_projections,"22.58.-6.-13",17789304832,934699232
at_projections,"22.58.10.-41",4105224192,451097634
at_projections,"22.58.2.-27",2736816128,277493454
at_projections,"22.58.6.-34",1368408064,173604180
at_projections,"22.59.-4.-17",2736816128,204285852
at_projections,"22.59.-8.-10",6842040320,588740632
at_projections,"22.59.4.-31",5473632256,418124800
at_projections,"22.59.8.-38",8210448384,695618254
at_projections,"22.60.-10.-7",10947264512,310278144
at_projections,"22.60.-2.-21",2736816128,277493454
at_projections,"22.60.-6.-14",5473632256,581459640
at_projections,"22.60.6.-35",2736816128,277493454
at_projections,"22.61.-8.-11",8210448384,785745492
at_projections,"22.62.-6.-15",1368408064,180168928
at_projections,"22.63.-4.-19",5473632256,418124800
at_projections,"22.63.-8.-12",6842040320,624421088
at_projections,"22.64.-6.-16",1368408064,173604180
at_projections,"22.65.-8.-13",4105224192,464334000
at_projections,"22.66.-6.-17",2736816128,277493454
at_projections,"22.67.-8.-14",8210448384,695618254
at_projections,"22.68.-10.-11",4105224192,451097634
at_projections,"23.52.9.-36",5473632256,275510652
at_projections,"23.53.7.-33",5473632256,275510652
at_projections,"23.54.5.-30",6842040320,455679580
at_projections,"23.54.9.-37",5473632256,275510652
at_projections,"23.55.3.-27",5473632256,275510652
at_projections,"23.55.7.-34",8210448384,566240472
at_projections,"23.56.1.-24",8210448384,486214320
at_projections,"23.56.5.-31",8210448384,566240472
at_projections,"23.56.9.-38",1368408064,180168928
at_projections,"23.57.-1.-21",8210448384,486214320
at_projections,"23.57.3.-28",5473632256,275510652
at_projections,"23.57.7.-35",6842040320,624421088
at_projections,"23.58.-3.-18",5473632256,275510652
at_projections,"23.58.1.-25",8210448384,486214320
at_projections,"23.58.5.-32",1368408064,180168928
at_projections,"23.58.9.-39",2736816128,290729820
at_projections,"23.59.-1.-22",8210448384,486214320
at_projections,"23.59.-5.-15",6842040320,455679580
at_projections,"23.59.7.-36",5473632256,581459640
at_projections,"23.60.-3.-19",5473632256,275510652
at_projections,"23.60.-7.-12",5473632256,275510652
at_projections,"23.60.5.-33",1368408064,173604180
at_projections,"23.60.9.-40",4105224192,457662382
at_projections,"23.61.-5.-16",8210448384,566240472
at_projections,"23.61.-9.-9",5473632256,275510652
at_projections,"23.61.3.-30",1368408064,173604180
at_projections,"23.61.7.-37",5473632256,631266562
at_projections,"23.62.-7.-13",8210448384,566240472
at_projections,"23.62.5.-34",2736816128,277493454
at_projections,"23.62.9.-41",4105224192,451097634
at_projections,"23.63.-5.-17",1368408064,180168928
at_projections,"23.63.-9.-10",5473632256,275510652
at_projections,"23.63.7.-38",1368408064,173604180
at_projections,"23.64.-3.-21",1368408064,173604180
at_projections,"23.64.-7.-14",6842040320,624421088
at_projections,"23.65.-5.-18",1368408064,173604180
at_projections,"23.65.-9.-11",1368408064,180168928
at_projections,"23.66.-7.-15",5473632256,581459640
at_projections,"23.67.-5.-19",2736816128,277493454
at_projections,"23.67.-9.-12",2736816128,290729820
at_projections,"23.68.-7.-16",5473632256,631266562
at_projections,"23.69.-9.-13",4105224192,457662382
at_projections,"23.70.-7.-17",1368408064,173604180
at_projections,"23.71.-9.-14",4105224192,451097634
at_projections,"24.55.6.-32",2736816128,204285852
at_projections,"24.56.8.-36",10947264512,310278144
at_projections,"24.57.2.-26",2736816128,204285852
at_projections,"24.57.6.-33",5473632256,408571704
at_projections,"24.58.4.-30",10947264512,310278144
at_projections,"24.59.-2.-20",2736816128,204285852
at_projections,"24.59.2.-27",5473632256,408571704
at_projections,"24.59.6.-34",4105224192,384454780
at_projections,"24.60.0.-24",21894529024,885524376
at_projections,"24.60.8.-38",2736816128,290729820
at_projections,"24.61.-2.-21",5473632256,408571704
at_projections,"24.61.-6.-14",2736816128,204285852
at_projections,"24.61.2.-28",2736816128,204285852
at_projections,"24.61.6.-35",2736816128,290729820
at_projections,"24.62.-4.-18",10947264512,310278144
at_projections,"24.62.8.-39",5473632256,444252160
at_projections,"24.63.-2.-22",2736816128,204285852
at_projections,"24.63.-6.-15",5473632256,408571704
at_projections,"24.63.6.-36",4105224192,457662382
at_projections,"24.64.-8.-12",10947264512,310278144
at_projections,"24.64.8.-40",12315672576,1166517002
at_projections,"24.65.-6.-16",4105224192,384454780
at_projections,"24.67.-6.-17",2736816128,290729820
at_projections,"24.68.-8.-14",2736816128,290729820
at_projections,"24.69.-6.-18",4105224192,457662382
at_projections,"24.70.-8.-15",5473632256,444252160
at_projections,"24.72.-8.-16",12315672576,1166517002
at_projections,"25.58.7.-35",5473632256,275510652
at_projections,"25.59.5.-32",5473632256,275510652
at_projections,"25.60.3.-29",5473632256,275510652
at_projections,"25.60.7.-36",5473632256,275510652
at_projections,"25.61.1.-26",8210448384,486214320
at_projections,"25.61.5.-33",5473632256,275510652
at_projections,"25.62.-1.-23",8210448384,486214320
at_projections,"25.62.3.-30",5473632256,275510652
at_projections,"25.63.-3.-20",5473632256,275510652
at_projections,"25.63.1.-27",8210448384,486214320
at_projections,"25.64.-1.-24",8210448384,486214320
at_projections,"25.64.-5.-17",5473632256,275510652
at_projections,"25.64.7.-38",1368408064,180168928
at_projections,"25.65.-3.-21",5473632256,275510652
at_projections,"25.65.-7.-14",5473632256,275510652
at_projections,"25.66.-5.-18",5473632256,275510652
at_projections,"25.66.7.-39",4105224192,464334000
at_projections,"25.67.-7.-15",5473632256,275510652
at_projections,"25.71.-7.-17",1368408064,180168928
at_projections,"25.73.-7.-18",4105224192,464334000
at_projections,"26.61.4.-31",2736816128,204285852
at_projections,"26.62.6.-35",10947264512,310278144
at_projections,"26.63.0.-25",2736816128,204285852
at_projections,"26.63.4.-32",5473632256,408571704
at_projections,"26.64.2.-29",10947264512,310278144
at_projections,"26.65.-4.-19",2736816128,204285852
at_projections,"26.65.0.-26",16420896768,983817936
at_projections,"26.65.4.-33",2736816128,204285852
at_projections,"26.66.-2.-23",10947264512,310278144
at_projections,"26.67.-4.-20",5473632256,408571704
at_projections,"26.67.0.-27",2736816128,204285852
at_projections,"26.68.-6.-17",10947264512,310278144
at_projections,"26.69.-4.-21",2736816128,204285852
at_projections,"27.64.5.-34",5473632256,275510652
at_projections,"27.65.3.-31",5473632256,275510652
at_projections,"27.66.1.-28",8210448384,486214320
at_projections,"27.66.5.-35",5473632256,275510652
at_projections,"27.67.-1.-25",8210448384,486214320
at_projections,"27.67.3.-32",5473632256,275510652
at_projections,"27.68.-3.-22",5473632256,275510652
at_projections,"27.68.1.-29",8210448384,486214320
at_projections,"27.69.-1.-26",8210448384,486214320
at_projections,"27.69.-5.-19",5473632256,275510652
at_projections,"27.70.-3.-23",5473632256,275510652
at_projections,"27.71.-5.-20",5473632256,275510652
at_projections,"28.67.2.-30",2736816128,204285852
at_projections,"28.68.4.-34",10947264512,310278144
at_projections,"28.69.-2.-24",2736816128,204285852
at_projections,"28.69.2.-31",5473632256,408571704
at_projections,"28.70.0.-28",21894529024,885524376
at_projections,"28.71.-2.-25",5473632256,408571704
at_projections,"28.71.2.-32",2736816128,204285852
at_projections,"28.72.-4.-22",10947264512,310278144
at_projections,"28.73.-2.-26",2736816128,204285852
at_projections,"29.70.3.-33",5473632256,275510652
at_projections,"29.71.1.-30",8210448384,486214320
at_projections,"29.72.-1.-27",8210448384,486214320
at_projections,"29.72.3.-34",5473632256,275510652
at_projections,"29.73.-3.-24",5473632256,275510652
at_projections,"29.73.1.-31",8210448384,486214320
at_projections,"29.74.-1.-28",8210448384,486214320
at_projections,"29.75.-3.-25",5473632256,275510652
at_projections,"3.-1.-13.24",8210448384,565116570
at_projections,"3.-1.-5.10",1368408064,180168928
at_projections,"3.-1.-9.17",2736816128,290729820
at_projections,"3.-1.11.-18",34210201600,494916692
at_projections,"3.-1.15.-25",16420896768,395919612
at_projections,"3.-1.19.-32",10947264512,856970292
at_projections,"3.-1.3.-4",9578856448,618318638
at_projections,"3.-1.7.-11",27368161280,528441036
at_projections,"3.-10.-3.11",2736816128,277493454
at_projections,"3.-10.13.-17",5473632256,287623116
at_projections,"3.-10.21.-31",1368408064,173604180
at_projections,"3.-10.9.-10",2736816128,290729820
at_projections,"3.-11.-1.8",5473632256,554986908
at_projections,"3.-11.-5.15",1368408064,173604180
at_projections,"3.-11.11.-13",5473632256,287623116
at_projections,"3.-11.23.-34",1368408064,173604180
at_projections,"3.-11.3.1",4105224192,377890032
at_projections,"3.-11.7.-6",1368408064,180168928
at_projections,"3.-12.-3.12",5473632256,418124800
at_projections,"3.-12.1.5",5473632256,554986908
at_projections,"3.-12.13.-16",12315672576,748850412
at_projections,"3.-12.21.-30",2736816128,277493454
at_projections,"3.-12.5.-2",1368408064,173604180
at_projections,"3.-12.9.-9",4105224192,457662382
at_projections,"3.-13.-1.9",2736816128,347208360
at_projections,"3.-13.11.-12",2736816128,277493454
at_projections,"3.-13.15.-19",6842040320,461227296
at_projections,"3.-13.3.2",2736816128,277493454
at_projections,"3.-13.7.-5",5473632256,418124800
at_projections,"3.-14.1.6",2736816128,347208360
at_projections,"3.-14.13.-15",8210448384,565116570
at_projections,"3.-14.5.-1",2736816128,277493454
at_projections,"3.-14.9.-8",1368408064,173604180
at_projections,"3.-15.11.-11",1368408064,173604180
at_projections,"3.-15.15.-18",10947264512,575246232
at_projections,"3.-15.3.3",5473632256,418124800
at_projections,"3.-16.17.-21",5473632256,287623116
at_projections,"3.-16.5.0",1368408064,173604180
at_projections,"3.-17.15.-17",5473632256,287623116
at_projections,"3.-2.-11.21",2736816128,277493454
at_projections,"3.-2.-15.28",5473632256,287623116
at_projections,"3.-2.-7.14",5473632256,581459640
at_projections,"3.-2.13.-21",28736569344,334260436
at_projections,"3.-2.17.-28",6842040320,455679580
at_projections,"3.-2.21.-35",5473632256,275510652
at_projections,"3.-2.5.-7",21894529024,1530362842
at_projections,"3.-2.9.-14",21894529024,240817920
at_projections,"3.-3.-9.18",4105224192,457662382
at_projections,"3.-3.11.-17",24631345152,518311374
at_projections,"3.-3.15.-24",5473632256,160656256
at_projections,"3.-3.19.-31",12315672576,899931740
at_projections,"3.-3.23.-38",5473632256,275510652
at_projections,"3.-3.3.-3",1368408064,173604180
at_projections,"3.-3.7.-10",17789304832,916071416
at_projections,"3.-4.-11.22",1368408064,173604180
at_projections,"3.-4.-7.15",1368408064,180168928
at_projections,"3.-4.13.-20",13684080640,397902414
at_projections,"3.-4.21.-34",6842040320,455679580
at_projections,"3.-4.25.-41",5473632256,275510652
at_projections,"3.-4.5.-6",6842040320,755063820
at_projections,"3.-4.9.-13",10947264512,448279372
at_projections,"3.-5.-9.19",1368408064,173604180
at_projections,"3.-5.11.-16",5473632256,160656256
at_projections,"3.-5.15.-23",2736816128,277493454
at_projections,"3.-5.19.-30",2736816128,290729820
at_projections,"3.-5.23.-37",5473632256,275510652
at_projections,"3.-5.27.-44",5473632256,275510652
at_projections,"3.-5.7.-9",10947264512,869082756
at_projections,"3.-6.-3.9",2736816128,204285852
at_projections,"3.-6.-7.16",5473632256,418124800
at_projections,"3.-6.17.-26",2736816128,277493454
at_projections,"3.-6.21.-33",2736816128,290729820
at_projections,"3.-6.25.-40",5473632256,275510652
at_projections,"3.-6.29.-47",5473632256,275510652
at_projections,"3.-6.5.-5",1368408064,180168928
at_projections,"3.-6.9.-12",10947264512,575246232
at_projections,"3.-7.-5.13",1368408064,173604180
at_projections,"3.-7.11.-15",5473632256,287623116
at_projections,"3.-7.15.-22",1368408064,173604180
at_projections,"3.-7.27.-43",5473632256,275510652
at_projections,"3.-7.7.-8",8210448384,804590016
at_projections,"3.-8.-3.10",4105224192,377890032
at_projections,"3.-8.17.-25",1368408064,173604180
at_projections,"3.-8.21.-32",1368408064,180168928
at_projections,"3.-8.29.-46",5473632256,275510652
at_projections,"3.-8.9.-11",6842040320,467792044
at_projections,"3.-9.-5.14",2736816128,277493454
at_projections,"3.-9.11.-14",10947264512,575246232
at_projections,"3.-9.19.-28",5473632256,418124800
at_projections,"3.-9.3.0",2736816128,204285852
at_projections,"3.-9.7.-7",5473632256,581459640
at_projections,"3.0.-11.20",5473632256,287623116
at_projections,"3.0.-15.27",10947264512,575246232
at_projections,"3.0.-3.6",1368408064,173604180
at_projections,"3.0.-7.13",8210448384,804590016
at_projections,"3.0.1.-1",10947264512,715643164
at_projections,"3.0.13.-22",27368161280,516328572
at_projections,"3.0.17.-29",10947264512,856970292
at_projections,"3.0.5.-8",39683833856,1571127972
at_projections,"3.0.9.-15",38315425792,739437312
at_projections,"3.1.-1.2",10947264512,715643164
at_projections,"3.1.-13.23",12315672576,748850412
at_projections,"3.1.-17.30",5473632256,287623116
at_projections,"3.1.-5.9",6842040320,755063820
at_projections,"3.1.-9.16",6842040320,467792044
at_projections,"3.1.11.-19",27368161280,516328572
at_projections,"3.1.15.-26",13684080640,713660362
at_projections,"3.1.19.-33",1368408064,180168928
at_projections,"3.1.3.-5",38315425792,1528025476
at_projections,"3.1.7.-12",36947017728,772410146
at_projections,"3.10.-11.15",34210201600,494916692
at_projections,"3.10.-15.22",2736816128,277493454
at_projections,"3.10.-19.29",5473632256,418124800
at_projections,"3.10.-3.1",20526120960,1251167312
at_projections,"3.10.-7.8",30104977408,793822026
at_projections,"3.10.1.-6",16420896768,1450542396
at_projections,"3.10.13.-27",2736816128,290729820
at_projections,"3.10.5.-13",13684080640,852739686
at_projections,"3.10.9.-20",5473632256,287623116
at_projections,"3.11.-1.-3",16420896768,1450542396
at_projections,"3.11.-13.18",28736569344,334260436
at_projections,"3.11.-17.25",2736816128,277493454
at_projections,"3.11.-21.32",1368408064,173604180
at_projections,"3.11.-5.4",12315672576,609771088
at_projections,"3.11.-9.11",28736569344,689932752
at_projections,"3.11.11.-24",5473632256,287623116
at_projections,"3.11.3.-10",9578856448,745285498
at_projections,"3.11.7.-17",10947264512,575246232
at_projections,"3.12.-11.14",27368161280,516328572
at_projections,"3.12.-15.21",5473632256,160656256
at_projections,"3.12.-23.35",1368408064,173604180
at_projections,"3.12.-3.0",13684080640,852739686
at_projections,"3.12.-7.7",10947264512,436166908
at_projections,"3.12.1.-7",9578856448,984758944
at_projections,"3.12.13.-28",6842040320,467792044
at_projections,"3.12.5.-14",6842040320,461227296
at_projections,"3.12.9.-21",10947264512,575246232
at_projections,"3.13.-1.-4",9578856448,984758944
at_projections,"3.13.-13.17",27368161280,516328572
at_projections,"3.13.-21.31",1368408064,180168928
at_projections,"3.13.-5.3",8210448384,565116570
at_projections,"3.13.-9.10",10947264512,436166908
at_projections,"3.13.11.-25",10947264512,575246232
at_projections,"3.13.15.-32",5473632256,287623116
at_projections,"3.13.3.-11",8210448384,928668000
at_projections,"3.13.7.-18",5473632256,287623116
at_projections,"3.14.-11.13",10947264512,436166908
at_projections,"3.14.-15.20",16420896768,395919612
at_projections,"3.14.-19.27",2736816128,290729820
at_projections,"3.14.-3.-1",9578856448,745285498
at_projections,"3.14.-7.6",4105224192,451097634
at_projections,"3.14.1.-8",12315672576,1173188620
at_projections,"3.14.13.-29",10947264512,575246232
at_projections,"3.14.17.-36",5473632256,287623116
at_projections,"3.14.5.-15",1368408064,180168928
at_projections,"3.14.9.-22",5473632256,287623116
at_projections,"3.15.-1.-5",12315672576,1173188620
at_projections,"3.15.-13.16",13684080640,713660362
at_projections,"3.15.-17.23",6842040320,455679580
at_projections,"3.15.-21.30",2736816128,290729820
at_projections,"3.15.-5.2",13684080640,852739686
at_projections,"3.15.-9.9",4105224192,451097634
at_projections,"3.15.11.-26",5473632256,287623116
at_projections,"3.15.15.-33",10947264512,575246232
at_projections,"3.15.3.-12",8210448384,804590016
at_projections,"3.16.-11.12",5473632256,418124800
at_projections,"3.16.-15.19",13684080640,713660362
at_projections,"3.16.-19.26",12315672576,899931740
at_projections,"3.16.-3.-2",8210448384,928668000
at_projections,"3.16.-7.5",9578856448,738720750
at_projections,"3.16.1.-9",4105224192,457662382
at_projections,"3.16.13.-30",5473632256,287623116
at_projections,"3.16.5.-16",5473632256,581459640
at_projections,"3.17.-1.-6",4105224192,457662382
at_projections,"3.17.-13.15",1368408064,173604180
at_projections,"3.17.-17.22",10947264512,856970292
at_projections,"3.17.-21.29",6842040320,455679580
at_projections,"3.17.-5.1",6842040320,461227296
at_projections,"3.17.-9.8",4105224192,451097634
at_projections,"3.17.15.-34",5473632256,287623116
at_projections,"3.17.3.-13",5473632256,581459640
at_projections,"3.17.7.-20",1368408064,180168928
at_projections,"3.18.-11.11",5473632256,418124800
at_projections,"3.18.-15.18",2736816128,353773108
at_projections,"3.18.-19.25",10947264512,856970292
at_projections,"3.18.-23.32",5473632256,275510652
at_projections,"3.18.-3.-3",8210448384,804590016
at_projections,"3.18.-7.4",10947264512,575246232
at_projections,"3.18.5.-17",8210448384,804590016
at_projections,"3.19.-13.14",1368408064,173604180
at_projections,"3.19.-17.21",8210448384,804590016
at_projections,"3.19.-21.28",5473632256,275510652
at_projections,"3.19.-25.35",5473632256,275510652
at_projections,"3.19.-5.0",1368408064,180168928
at_projections,"3.19.-9.7",5473632256,287623116
at_projections,"3.19.3.-14",1368408064,180168928
at_projections,"3.19.7.-21",5473632256,581459640
at_projections,"3.2.-11.19",10947264512,575246232
at_projections,"3.2.-15.26",6842040320,461227296
at_projections,"3.2.-3.5",9578856448,618318638
at_projections,"3.2.-7.12",10947264512,869082756
at_projections,"3.2.1.-2",24631345152,588026280
at_projections,"3.2.13.-23",13684080640,713660362
at_projections,"3.2.17.-30",8210448384,804590016
at_projections,"3.2.5.-9",43789058048,1240202190
at_projections,"3.2.9.-16",28736569344,689932752
at_projections,"3.20.-15.17",6842040320,755063820
at_projections,"3.20.-19.24",1368408064,180168928
at_projections,"3.20.-23.31",5473632256,275510652
at_projections,"3.20.-27.38",5473632256,275510652
at_projections,"3.20.-3.-4",5473632256,581459640
at_projections,"3.20.-7.3",5473632256,287623116
at_projections,"3.20.5.-18",5473632256,581459640
at_projections,"3.20.9.-25",1368408064,180168928
at_projections,"3.21.-13.13",4105224192,457662382
at_projections,"3.21.-17.20",5473632256,581459640
at_projections,"3.21.-25.34",5473632256,275510652
at_projections,"3.21.-29.41",5473632256,275510652
at_projections,"3.21.-5.-1",5473632256,581459640
at_projections,"3.21.-9.6",10947264512,575246232
at_projections,"3.21.3.-15",2736816128,204285852
at_projections,"3.21.7.-22",8210448384,804590016
at_projections,"3.22.-11.9",5473632256,287623116
at_projections,"3.22.-15.16",9578856448,901914542
at_projections,"3.22.-27.37",5473632256,275510652
at_projections,"3.22.-3.-5",1368408064,180168928
at_projections,"3.22.5.-19",1368408064,180168928
at_projections,"3.22.9.-26",2736816128,290729820
at_projections,"3.23.-13.12",2736816128,290729820
at_projections,"3.23.-17.19",4105224192,457662382
at_projections,"3.23.-29.40",5473632256,275510652
at_projections,"3.23.-5.-2",8210448384,804590016
at_projections,"3.23.-9.5",5473632256,287623116
at_projections,"3.23.3.-16",2736816128,204285852
at_projections,"3.23.7.-23",5473632256,581459640
at_projections,"3.24.-11.8",10947264512,575246232
at_projections,"3.24.-15.15",2736816128,290729820
at_projections,"3.24.-19.22",2736816128,277493454
at_projections,"3.24.-3.-6",2736816128,204285852
at_projections,"3.24.-7.1",1368408064,180168928
at_projections,"3.24.9.-27",1368408064,180168928
at_projections,"3.25.-13.11",6842040320,467792044
at_projections,"3.25.-17.18",1368408064,173604180
at_projections,"3.25.-5.-3",5473632256,581459640
at_projections,"3.25.3.-17",1368408064,173604180
at_projections,"3.25.7.-24",1368408064,180168928
at_projections,"3.26.-11.7",5473632256,287623116
at_projections,"3.26.-19.21",1368408064,173604180
at_projections,"3.26.-3.-7",2736816128,204285852
at_projections,"3.26.-7.0",5473632256,581459640
at_projections,"3.26.1.-14",1368408064,173604180
at_projections,"3.27.-1.-11",1368408064,173604180
at_projections,"3.27.-13.10",10947264512,575246232
at_projections,"3.27.-5.-4",1368408064,180168928
at_projections,"3.27.3.-18",2736816128,277493454
at_projections,"3.27.7.-25",1368408064,173604180
at_projections,"3.28.-15.13",5473632256,287623116
at_projections,"3.28.-3.-8",1368408064,173604180
at_projections,"3.28.-7.-1",8210448384,804590016
at_projections,"3.28.1.-15",5473632256,554986908
at_projections,"3.28.5.-22",5473632256,418124800
at_projections,"3.29.-1.-12",5473632256,554986908
at_projections,"3.29.-13.9",5473632256,287623116
at_projections,"3.29.-9.2",1368408064,180168928
at_projections,"3.29.3.-19",1368408064,173604180
at_projections,"3.3.-1.1",24631345152,588026280
at_projections,"3.3.-13.22",5473632256,287623116
at_projections,"3.3.-5.8",21894529024,1530362842
at_projections,"3.3.-9.15",10947264512,575246232
at_projections,"3.3.11.-20",10947264512,436166908
at_projections,"3.3.15.-27",2736816128,353773108
at_projections,"3.3.3.-6",51999506432,1701148760
at_projections,"3.3.7.-13",30104977408,793822026
at_projections,"3.30.-15.12",10947264512,575246232
at_projections,"3.30.-3.-9",2736816128,277493454
at_projections,"3.30.-7.-2",5473632256,581459640
at_projections,"3.30.1.-16",1368408064,173604180
at_projections,"3.31.-1.-13",1368408064,173604180
at_projections,"3.31.-17.15",5473632256,287623116
at_projections,"3.31.-9.1",2736816128,290729820
at_projections,"3.32.-15.11",5473632256,287623116
at_projections,"3.32.-3.-10",1368408064,173604180
at_projections,"3.32.-7.-3",1368408064,180168928
at_projections,"3.33.-5.-7",5473632256,418124800
at_projections,"3.33.-9.0",1368408064,180168928
at_projections,"3.34.-7.-4",1368408064,173604180
at_projections,"3.4.-11.18",5473632256,287623116
at_projections,"3.4.-3.4",38315425792,1528025476
at_projections,"3.4.-7.11",17789304832,916071416
at_projections,"3.4.1.-3",39683833856,789104556
at_projections,"3.4.13.-24",1368408064,173604180
at_projections,"3.4.17.-31",5473632256,581459640
at_projections,"3.4.5.-10",30104977408,793822026
at_projections,"3.4.9.-17",10947264512,436166908
at_projections,"3.5.-1.0",39683833856,789104556
at_projections,"3.5.-5.7",39683833856,1571127972
at_projections,"3.5.-9.14",10947264512,448279372
at_projections,"3.5.11.-21",5473632256,418124800
at_projections,"3.5.15.-28",6842040320,755063820
at_projections,"3.5.19.-35",2736816128,277493454
at_projections,"3.5.3.-7",41052241920,1662904782
at_projections,"3.5.7.-14",10947264512,436166908
at_projections,"3.6.-11.17",5473632256,160656256
at_projections,"3.6.-3.3",51999506432,1701148760
at_projections,"3.6.-7.10",27368161280,528441036
at_projections,"3.6.1.-4",54736322560,2448854682
at_projections,"3.6.13.-25",1368408064,173604180
at_projections,"3.6.17.-32",4105224192,457662382
at_projections,"3.6.5.-11",12315672576,609771088
at_projections,"3.6.9.-18",4105224192,451097634
at_projections,"3.7.-1.-1",54736322560,2448854682
at_projections,"3.7.-5.6",43789058048,1240202190
at_projections,"3.7.-9.13",21894529024,240817920
at_projections,"3.7.11.-22",5473632256,418124800
at_projections,"3.7.15.-29",9578856448,901914542
at_projections,"3.7.19.-36",1368408064,173604180
at_projections,"3.7.3.-8",20526120960,1251167312
at_projections,"3.7.7.-15",4105224192,451097634
at_projections,"3.8.-11.16",24631345152,518311374
at_projections,"3.8.-15.23",1368408064,173604180
at_projections,"3.8.-3.2",41052241920,1662904782
at_projections,"3.8.-7.9",36947017728,772410146
at_projections,"3.8.1.-5",46525874176,3086227848
at_projections,"3.8.13.-26",4105224192,457662382
at_projections,"3.8.17.-33",1368408064,173604180
at_projections,"3.8.5.-12",8210448384,565116570
at_projections,"3.8.9.-19",4105224192,451097634
at_projections,"3.9.-1.-2",46525874176,3086227848
at_projections,"3.9.-13.19",13684080640,397902414
at_projections,"3.9.-17.26",1368408064,173604180
at_projections,"3.9.-21.33",2736816128,277493454
at_projections,"3.9.-5.5",30104977408,793822026
at_projections,"3.9.-9.12",38315425792,739437312
at_projections,"3.9.15.-30",2736816128,290729820
at_projections,"3.9.3.-9",13684080640,852739686
at_projections,"3.9.7.-16",9578856448,738720750
at_projections,"30.73.0.-29",2736816128,204285852
at_projections,"30.74.2.-33",10947264512,310278144
at_projections,"30.75.0.-30",16420896768,983817936
at_projections,"30.76.-2.-27",10947264512,310278144
at_projections,"30.77.0.-31",2736816128,204285852
at_projections,"31.76.1.-32",8210448384,486214320
at_projections,"31.77.-1.-29",8210448384,486214320
at_projections,"31.78.1.-33",8210448384,486214320
at_projections,"31.79.-1.-30",8210448384,486214320
at_projections,"32.80.0.-32",24631345152,1102629732
at_projections,"4.-1.-10.19",2736816128,277493454
at_projections,"4.-1.10.-16",21894529024,240817920
at_projections,"4.-1.14.-23",6842040320,334260436
at_projections,"4.-1.18.-30",4105224192,384454780
at_projections,"4.-1.22.-37",5473632256,408571704
at_projections,"4.-1.26.-44",2736816128,204285852
at_projections,"4.-1.6.-9",21894529024,1664147062
at_projections,"4.-10.0.6",5473632256,554986908
at_projections,"4.-10.12.-15",6842040320,595011516
at_projections,"4.-10.16.-22",2736816128,277493454
at_projections,"4.-10.4.-1",5473632256,418124800
at_projections,"4.-10.8.-8",2736816128,277493454
at_projections,"4.-11.-2.10",1368408064,173604180
at_projections,"4.-11.10.-11",2736816128,277493454
at_projections,"4.-11.14.-18",16420896768,749406208
at_projections,"4.-11.2.3",5473632256,554986908
at_projections,"4.-11.6.-4",1368408064,173604180
at_projections,"4.-12.12.-14",2736816128,277493454
at_projections,"4.-12.16.-21",5473632256,421407336
at_projections,"4.-12.4.0",2736816128,277493454
at_projections,"4.-12.8.-7",1368408064,173604180
at_projections,"4.-13.14.-17",5473632256,421407336
at_projections,"4.-13.2.4",1368408064,173604180
at_projections,"4.-14.16.-20",10947264512,331281408
at_projections,"4.-2.-8.16",2736816128,277493454
at_projections,"4.-2.12.-19",10947264512,120408960
at_projections,"4.-2.16.-26",1368408064,173604180
at_projections,"4.-2.20.-33",6842040320,624421088
at_projections,"4.-2.24.-40",10947264512,310278144
at_projections,"4.-2.8.-12",17789304832,672106592
at_projections,"4.-3.-6.13",2736816128,277493454
at_projections,"4.-3.10.-15",10947264512,582063592
at_projections,"4.-3.14.-22",2736816128,277493454
at_projections,"4.-3.22.-36",4105224192,384454780
at_projections,"4.-3.26.-43",5473632256,408571704
at_projections,"4.-3.6.-8",5473632256,581459640
at_projections,"4.-4.-4.10",5473632256,275510652
at_projections,"4.-4.-8.17",1368408064,173604180
at_projections,"4.-4.16.-25",2736816128,277493454
at_projections,"4.-4.20.-32",2736816128,290729820
at_projections,"4.-4.28.-46",10947264512,310278144
at_projections,"4.-4.8.-11",10947264512,1002866976
at_projections,"4.-5.-6.14",1368408064,173604180
at_projections,"4.-5.10.-14",10947264512,331281408
at_projections,"4.-5.18.-28",2736816128,277493454
at_projections,"4.-5.22.-35",2736816128,290729820
at_projections,"4.-5.26.-42",2736816128,204285852
at_projections,"4.-5.6.-7",1368408064,180168928
at_projections,"4.-6.-4.11",5473632256,418124800
at_projections,"4.-6.12.-17",5473632256,421407336
at_projections,"4.-6.20.-31",2736816128,277493454
at_projections,"4.-6.8.-10",6842040320,624421088
at_projections,"4.-7.-2.8",1368408064,173604180
at_projections,"4.-7.10.-13",5473632256,421407336
at_projections,"4.-7.18.-27",1368408064,173604180
at_projections,"4.-7.22.-34",1368408064,180168928
at_projections,"4.-8.-4.12",2736816128,277493454
at_projections,"4.-8.0.5",2736816128,347208360
at_projections,"4.-8.12.-16",10947264512,331281408
at_projections,"4.-8.20.-30",1368408064,173604180
at_projections,"4.-8.4.-2",5473632256,275510652
at_projections,"4.-8.8.-9",2736816128,290729820
at_projections,"4.-9.-2.9",5473632256,554986908
at_projections,"4.-9.10.-12",1368408064,173604180
at_projections,"4.-9.14.-19",5473632256,421407336
at_projections,"4.-9.2.2",1368408064,173604180
at_projections,"4.-9.22.-33",5473632256,418124800
at_projections,"4.-9.6.-5",2736816128,277493454
at_projections,"4.0.-12.22",2736816128,277493454
at_projections,"4.0.-8.15",2736816128,290729820
at_projections,"4.0.12.-20",32841793536,578781056
at_projections,"4.0.20.-34",16420896768,891737784
at_projections,"4.0.4.-6",9578856448,618318638
at_projections,"4.0.8.-13",27368161280,662225256
at_projections,"4.1.-10.18",1368408064,173604180
at_projections,"4.1.-14.25",5473632256,421407336
at_projections,"4.1.-6.11",1368408064,180168928
at_projections,"4.1.10.-17",34210201600,494916692
at_projections,"4.1.14.-24",13684080640,324694812
at_projections,"4.1.18.-31",10947264512,990031344
at_projections,"4.1.2.-3",8210448384,438149710
at_projections,"4.1.22.-38",2736816128,204285852
at_projections,"4.1.6.-10",38315425792,1153558968
at_projections,"4.10.-12.17",10947264512,120408960
at_projections,"4.10.-4.3",35578609664,1521178350
at_projections,"4.10.-8.10",34210201600,494916692
at_projections,"4.10.0.-4",54736322560,2416289664
at_projections,"4.10.12.-25",2736816128,277493454
at_projections,"4.10.16.-32",6842040320,755063820
at_projections,"4.10.4.-11",8210448384,698900790
at_projections,"4.10.8.-18",8210448384,695618254
at_projections,"4.11.-10.13",34210201600,494916692
at_projections,"4.11.-14.20",2736816128,277493454
at_projections,"4.11.-18.27",1368408064,173604180
at_projections,"4.11.-2.-1",36947017728,2808361628
at_projections,"4.11.-6.6",28736569344,896201406
at_projections,"4.11.10.-22",2736816128,277493454
at_projections,"4.11.14.-29",6842040320,755063820
at_projections,"4.11.2.-8",21894529024,1394520354
at_projections,"4.11.6.-15",9578856448,872504970
at_projections,"4.12.-12.16",32841793536,578781056
at_projections,"4.12.-16.23",2736816128,277493454
at_projections,"4.12.-20.30",1368408064,173604180
at_projections,"4.12.-4.2",19157712896,824707508
at_projections,"4.12.-8.9",24631345152,518311374
at_projections,"4.12.0.-5",27368161280,2560720860
at_projections,"4.12.16.-33",1368408064,180168928
at_projections,"4.12.4.-12",12315672576,504885588
at_projections,"4.12.8.-19",6842040320,595011516
at_projections,"4.13.-10.12",27368161280,722597226
at_projections,"4.13.-14.19",6842040320,334260436
at_projections,"4.13.-18.26",2736816128,277493454
at_projections,"4.13.-2.-2",21894529024,1394520354
at_projections,"4.13.-22.33",5473632256,418124800
at_projections,"4.13.-6.5",12315672576,742832140
at_projections,"4.13.10.-23",5473632256,421407336
at_projections,"4.13.14.-30",6842040320,624421088
at_projections,"4.13.2.-9",8210448384,781745192
at_projections,"4.13.6.-16",12315672576,504885588
at_projections,"4.14.-12.15",21894529024,240817920
at_projections,"4.14.-16.22",1368408064,173604180
at_projections,"4.14.-20.29",2736816128,277493454
at_projections,"4.14.-4.1",8210448384,698900790
at_projections,"4.14.-8.8",16420896768,470934400
at_projections,"4.14.0.-6",16420896768,1609180032
at_projections,"4.14.12.-27",6842040320,601576264
at_projections,"4.14.4.-13",10947264512,839532136
at_projections,"4.14.8.-20",10947264512,331281408
at_projections,"4.15.-10.11",10947264512,569227960
at_projections,"4.15.-14.18",13684080640,324694812
at_projections,"4.15.-2.-3",8210448384,781745192
at_projections,"4.15.-22.32",1368408064,180168928
at_projections,"4.15.-6.4",5473632256,481779306
at_projections,"4.15.10.-24",10947264512,331281408
at_projections,"4.15.14.-31",8210448384,712137156
at_projections,"4.15.2.-10",6842040320,755063820
at_projections,"4.15.6.-17",5473632256,421407336
at_projections,"4.16.-12.14",16420896768,470934400
at_projections,"4.16.-20.28",2736816128,290729820
at_projections,"4.16.-4.0",12315672576,504885588
at_projections,"4.16.0.-7",13684080640,1510127640
at_projections,"4.16.12.-28",13684080640,622011228
at_projections,"4.16.16.-35",5473632256,421407336
at_projections,"4.16.4.-14",1368408064,180168928
at_projections,"4.16.8.-21",5473632256,421407336
at_projections,"4.17.-10.10",4105224192,377890032
at_projections,"4.17.-14.17",10947264512,569227960
at_projections,"4.17.-18.24",4105224192,384454780
at_projections,"4.17.-2.-4",6842040320,755063820
at_projections,"4.17.-22.31",2736816128,290729820
at_projections,"4.17.-6.3",9578856448,872504970
at_projections,"4.17.10.-25",5473632256,421407336
at_projections,"4.17.14.-32",10947264512,331281408
at_projections,"4.17.2.-11",13684080640,1359576924
at_projections,"4.18.-12.13",1368408064,173604180
at_projections,"4.18.-16.20",10947264512,310278144
at_projections,"4.18.-20.27",6842040320,624421088
at_projections,"4.18.-4.-1",10947264512,839532136
at_projections,"4.18.-8.6",8210448384,695618254
at_projections,"4.18.0.-8",8210448384,915324764
at_projections,"4.18.12.-29",6842040320,601576264
at_projections,"4.18.16.-36",10947264512,331281408
at_projections,"4.18.4.-15",5473632256,581459640
at_projections,"4.19.-10.9",4105224192,451097634
at_projections,"4.19.-14.16",8210448384,622410652
at_projections,"4.19.-18.23",10947264512,990031344
at_projections,"4.19.-2.-5",13684080640,1359576924
at_projections,"4.19.-22.30",4105224192,384454780
at_projections,"4.19.-6.2",12315672576,504885588
at_projections,"4.19.14.-33",5473632256,421407336
at_projections,"4.19.2.-12",5473632256,581459640
at_projections,"4.19.6.-19",1368408064,180168928
at_projections,"4.2.-12.21",6842040320,595011516
at_projections,"4.2.-16.28",10947264512,331281408
at_projections,"4.2.-8.14",6842040320,624421088
at_projections,"4.2.0.0",5473632256,160656256
at_projections,"4.2.12.-21",21894529024,240817920
at_projections,"4.2.16.-28",10947264512,310278144
at_projections,"4.2.20.-35",1368408064,180168928
at_projections,"4.2.4.-7",34210201600,1417289076
at_projections,"4.2.8.-14",34210201600,494916692
at_projections,"4.20.-12.12",4105224192,451097634
at_projections,"4.20.-16.19",2736816128,353773108
at_projections,"4.20.-20.26",16420896768,891737784
at_projections,"4.20.-4.-2",1368408064,180168928
at_projections,"4.20.-8.5",6842040320,595011516
at_projections,"4.20.4.-16",8210448384,804590016
at_projections,"4.21.-10.8",2736816128,277493454
at_projections,"4.21.-18.22",10947264512,1008875868
at_projections,"4.21.-2.-6",5473632256,581459640
at_projections,"4.21.-22.29",5473632256,408571704
at_projections,"4.21.-26.36",2736816128,204285852
at_projections,"4.21.-6.1",5473632256,421407336
at_projections,"4.21.2.-13",1368408064,180168928
at_projections,"4.21.6.-20",5473632256,581459640
at_projections,"4.22.-12.11",2736816128,277493454
at_projections,"4.22.-16.18",5473632256,581459640
at_projections,"4.22.-20.25",1368408064,180168928
at_projections,"4.22.-24.32",10947264512,310278144
at_projections,"4.22.-4.-3",5473632256,581459640
at_projections,"4.22.-8.4",10947264512,331281408
at_projections,"4.22.4.-17",5473632256,581459640
at_projections,"4.22.8.-24",1368408064,180168928
at_projections,"4.23.-10.7",5473632256,421407336
at_projections,"4.23.-14.14",4105224192,457662382
at_projections,"4.23.-18.21",5473632256,581459640
at_projections,"4.23.-2.-7",1368408064,180168928
at_projections,"4.23.-22.28",2736816128,204285852
at_projections,"4.23.-26.35",5473632256,408571704
at_projections,"4.23.6.-21",8210448384,804590016
at_projections,"4.24.-16.17",10947264512,1082083470
at_projections,"4.24.-28.38",10947264512,310278144
at_projections,"4.24.-4.-4",8210448384,804590016
at_projections,"4.24.-8.3",5473632256,421407336
at_projections,"4.24.4.-18",6842040320,455679580
at_projections,"4.24.8.-25",5473632256,581459640
at_projections,"4.25.-10.6",10947264512,331281408
at_projections,"4.25.-14.13",6842040320,755063820
at_projections,"4.25.-18.20",1368408064,180168928
at_projections,"4.25.-26.34",2736816128,204285852
at_projections,"4.25.-6.-1",1368408064,180168928
at_projections,"4.25.6.-22",5473632256,581459640
at_projections,"4.26.-12.9",6842040320,601576264
at_projections,"4.26.-16.16",6842040320,755063820
at_projections,"4.26.-4.-5",5473632256,581459640
at_projections,"4.26.8.-26",6842040320,624421088
at_projections,"4.27.-10.5",5473632256,421407336
at_projections,"4.27.-14.12",6842040320,624421088
at_projections,"4.27.-18.19",5473632256,418124800
at_projections,"4.27.-6.-2",5473632256,581459640
at_projections,"4.27.6.-23",1368408064,180168928
at_projections,"4.28.-12.8",13684080640,622011228
at_projections,"4.28.-16.15",1368408064,180168928
at_projections,"4.28.-4.-6",6842040320,455679580
at_projections,"4.28.8.-27",2736816128,290729820
at_projections,"4.29.-14.11",8210448384,712137156
at_projections,"4.29.-6.-3",8210448384,804590016
at_projections,"4.29.6.-24",1368408064,173604180
at_projections,"4.3.-10.17",5473632256,421407336
at_projections,"4.3.-14.24",16420896768,749406208
at_projections,"4.3.-2.3",8210448384,438149710
at_projections,"4.3.-6.10",5473632256,581459640
at_projections,"4.3.10.-18",27368161280,722597226
at_projections,"4.3.14.-25",10947264512,569227960
at_projections,"4.3.18.-32",10947264512,1008875868
at_projections,"4.3.2.-4",24631345152,588026280
at_projections,"4.3.6.-11",39683833856,922888776
at_projections,"4.30.-12.7",6842040320,601576264
at_projections,"4.30.-8.0",1368408064,180168928
at_projections,"4.30.0.-14",5473632256,554986908
at_projections,"4.30.4.-21",1368408064,173604180
at_projections,"4.31.-14.10",10947264512,331281408
at_projections,"4.31.-6.-4",5473632256,581459640
at_projections,"4.31.2.-18",5473632256,418124800
at_projections,"4.31.6.-25",2736816128,277493454
at_projections,"4.32.-16.13",5473632256,421407336
at_projections,"4.32.-8.-1",5473632256,581459640
at_projections,"4.32.4.-22",2736816128,277493454
at_projections,"4.33.-14.9",5473632256,421407336
at_projections,"4.33.-2.-12",5473632256,418124800
at_projections,"4.33.-6.-5",1368408064,180168928
at_projections,"4.34.-16.12",10947264512,331281408
at_projections,"4.34.-4.-9",1368408064,173604180
at_projections,"4.34.-8.-2",6842040320,624421088
at_projections,"4.35.-6.-6",1368408064,173604180
at_projections,"4.36.-4.-10",2736816128,277493454
at_projections,"4.36.-8.-3",2736816128,290729820
at_projections,"4.37.-6.-7",2736816128,277493454
at_projections,"4.4.-12.20",10947264512,331281408
at_projections,"4.4.-16.27",5473632256,421407336
at_projections,"4.4.-4.6",9578856448,618318638
at_projections,"4.4.-8.13",10947264512,1002866976
at_projections,"4.4.0.-1",32841793536,1077067520
at_projections,"4.4.12.-22",16420896768,470934400
at_projections,"4.4.16.-29",2736816128,353773108
at_projections,"4.4.4.-8",54736322560,1734677390
at_projections,"4.4.8.-15",24631345152,518311374
at_projections,"4.5.-10.16",10947264512,331281408
at_projections,"4.5.-14.23",5473632256,421407336
at_projections,"4.5.-2.2",24631345152,588026280
at_projections,"4.5.-6.9",21894529024,1664147062
at_projections,"4.5.10.-19",10947264512,569227960
at_projections,"4.5.14.-26",8210448384,622410652
at_projections,"4.5.18.-33",5473632256,581459640
at_projections,"4.5.2.-5",42420649984,1200382230
at_projections,"4.5.6.-12",28736569344,896201406
at_projections,"4.6.-12.19",5473632256,421407336
at_projections,"4.6.-16.26",2736816128,277493454
at_projections,"4.6.-4.5",34210201600,1417289076
at_projections,"4.6.-8.12",17789304832,672106592
at_projections,"4.6.0.-2",32841793536,321312512
at_projections,"4.6.12.-23",1368408064,173604180
at_projections,"4.6.16.-30",5473632256,581459640
at_projections,"4.6.4.-9",35578609664,1521178350
at_projections,"4.6.8.-16",16420896768,470934400
at_projections,"4.7.-10.15",10947264512,582063592
at_projections,"4.7.-2.1",42420649984,1200382230
at_projections,"4.7.-6.8",38315425792,1153558968
at_projections,"4.7.10.-20",4105224192,377890032
at_projections,"4.7.18.-34",1368408064,180168928
at_projections,"4.7.2.-6",41052241920,1357844820
at_projections,"4.7.6.-13",12315672576,742832140
at_projections,"4.8.-4.4",54736322560,1734677390
at_projections,"4.8.-8.11",27368161280,662225256
at_projections,"4.8.0.-3",32841793536,1083632592
at_projections,"4.8.12.-24",4105224192,451097634
at_projections,"4.8.16.-31",10947264512,1082083470
at_projections,"4.8.4.-10",19157712896,824707508
at_projections,"4.9.-10.14",21894529024,240817920
at_projections,"4.9.-2.0",41052241920,1357844820
at_projections,"4.9.-6.7",39683833856,922888776
at_projections,"4.9.10.-21",4105224192,451097634
at_projections,"4.9.14.-28",4105224192,457662382
at_projections,"4.9.18.-35",5473632256,418124800
at_projections,"4.9.2.-7",36947017728,2808361628
at_projections,"4.9.6.-14",5473632256,481779306
at_projections,"5.-1.-7.14",2736816128,277493454
at_projections,"5.-1.17.-28",1368408064,173604180
at_projections,"5.-1.21.-35",6842040320,624421088
at_projections,"5.-1.25.-42",5473632256,275510652
at_projections,"5.-1.9.-14",17789304832,916071416
at_projections,"5.-10.15.-20",12315672576,748850412
at_projections,"5.-10.3.1",2736816128,277493454
at_projections,"5.-11.17.-23",5473632256,287623116
at_projections,"5.-12.15.-19",5473632256,287623116
at_projections,"5.-2.-5.11",5473632256,481779306
at_projections,"5.-2.11.-17",5473632256,287623116
at_projections,"5.-2.19.-31",1368408064,173604180
at_projections,"5.-2.23.-38",1368408064,180168928
at_projections,"5.-2.27.-45",5473632256,275510652
at_projections,"5.-2.7.-10",5473632256,581459640
at_projections,"5.-3.-3.8",2736816128,277493454
at_projections,"5.-3.17.-27",2736816128,277493454
at_projections,"5.-3.21.-34",2736816128,290729820
at_projections,"5.-3.9.-13",8210448384,578352936
at_projections,"5.-4.-5.12",1368408064,173604180
at_projections,"5.-4.11.-16",10947264512,575246232
at_projections,"5.-4.19.-30",2736816128,277493454
at_projections,"5.-4.23.-37",2736816128,290729820
at_projections,"5.-4.7.-9",1368408064,180168928
at_projections,"5.-5.-3.9",2736816128,347208360
at_projections,"5.-5.13.-19",5473632256,287623116
at_projections,"5.-5.21.-33",2736816128,277493454
at_projections,"5.-5.5.-5",2736816128,204285852
at_projections,"5.-5.9.-12",1368408064,180168928
at_projections,"5.-6.-1.6",6842040320,591728980
at_projections,"5.-6.11.-15",5473632256,287623116
at_projections,"5.-6.23.-36",4105224192,457662382
at_projections,"5.-6.3.-1",2736816128,277493454
at_projections,"5.-6.7.-8",1368408064,173604180
at_projections,"5.-7.-3.10",2736816128,277493454
at_projections,"5.-7.1.3",6842040320,591728980
at_projections,"5.-7.13.-18",13684080640,852739686
at_projections,"5.-7.17.-25",1368408064,173604180
at_projections,"5.-7.21.-32",1368408064,173604180
at_projections,"5.-7.5.-4",5473632256,481779306
at_projections,"5.-7.9.-11",1368408064,173604180
at_projections,"5.-8.-1.7",2736816128,277493454
at_projections,"5.-8.11.-14",5473632256,418124800
at_projections,"5.-8.15.-21",8210448384,565116570
at_projections,"5.-8.19.-28",1368408064,173604180
at_projections,"5.-8.23.-35",1368408064,173604180
at_projections,"5.-8.3.0",2736816128,347208360
at_projections,"5.-8.7.-7",2736816128,277493454
at_projections,"5.-9.1.4",2736816128,277493454
at_projections,"5.-9.13.-17",6842040320,461227296
at_projections,"5.-9.17.-24",2736816128,277493454
at_projections,"5.-9.5.-3",1368408064,173604180
at_projections,"5.-9.9.-10",2736816128,277493454
at_projections,"5.0.-5.10",2736816128,204285852
at_projections,"5.0.-9.17",2736816128,277493454
at_projections,"5.0.11.-18",10947264512,120408960
at_projections,"5.0.15.-25",5473632256,418124800
at_projections,"5.0.19.-32",1368408064,180168928
at_projections,"5.0.23.-39",5473632256,275510652
at_projections,"5.0.27.-46",5473632256,275510652
at_projections,"5.0.7.-11",19157712896,1252869388
at_projections,"5.1.-7.13",1368408064,173604180
at_projections,"5.1.13.-22",6842040320,334260436
at_projections,"5.1.21.-36",10947264512,856970292
at_projections,"5.1.25.-43",5473632256,275510652
at_projections,"5.1.5.-8",9578856448,618318638
at_projections,"5.1.9.-15",27368161280,528441036
at_projections,"5.10.-1.-2",27368161280,528441036
at_projections,"5.10.-17.26",1368408064,173604180
at_projections,"5.10.-5.5",51999506432,1701148760
at_projections,"5.10.-9.12",27368161280,528441036
at_projections,"5.10.11.-23",2736816128,277493454
at_projections,"5.10.15.-30",1368408064,180168928
at_projections,"5.10.19.-37",1368408064,173604180
at_projections,"5.10.3.-9",25999753216,1701984220
at_projections,"5.10.7.-16",5473632256,275510652
at_projections,"5.11.-11.15",10947264512,120408960
at_projections,"5.11.-19.29",1368408064,173604180
at_projections,"5.11.-3.1",39683833856,1571127972
at_projections,"5.11.-7.8",39683833856,789104556
at_projections,"5.11.1.-6",32841793536,1863513032
at_projections,"5.11.13.-27",2736816128,277493454
at_projections,"5.11.17.-34",6842040320,755063820
at_projections,"5.11.5.-13",5473632256,275510652
at_projections,"5.11.9.-20",4105224192,451097634
at_projections,"5.12.-1.-3",32841793536,1863513032
at_projections,"5.12.-5.4",32841793536,1109900676
at_projections,"5.12.-9.11",32841793536,321312512
at_projections,"5.12.11.-24",4105224192,451097634
at_projections,"5.12.15.-31",10947264512,999584440
at_projections,"5.12.3.-10",21894529024,1699580316
at_projections,"5.12.7.-17",1368408064,173604180
at_projections,"5.13.-11.14",28736569344,334260436
at_projections,"5.13.-3.0",25999753216,1701984220
at_projections,"5.13.-7.7",24631345152,518311374
at_projections,"5.13.1.-7",35578609664,2485530216
at_projections,"5.13.13.-28",1368408064,173604180
at_projections,"5.13.17.-35",4105224192,457662382
at_projections,"5.13.5.-14",10947264512,705747916
at_projections,"5.13.9.-21",4105224192,451097634
at_projections,"5.14.-1.-4",35578609664,2485530216
at_projections,"5.14.-13.17",6842040320,334260436
at_projections,"5.14.-17.24",2736816128,277493454
at_projections,"5.14.-21.31",1368408064,173604180
at_projections,"5.14.-5.3",17789304832,1034460636
at_projections,"5.14.-9.10",24631345152,518311374
at_projections,"5.14.11.-25",1368408064,173604180
at_projections,"5.14.15.-32",8210448384,804590016
at_projections,"5.14.3.-11",13684080640,929019340
at_projections,"5.14.7.-18",13684080640,983241370
at_projections,"5.15.-11.13",24631345152,518311374
at_projections,"5.15.-15.20",5473632256,418124800
at_projections,"5.15.-19.27",2736816128,277493454
at_projections,"5.15.-23.34",1368408064,173604180
at_projections,"5.15.-3.-1",21894529024,1699580316
at_projections,"5.15.-7.6",12315672576,609771088
at_projections,"5.15.1.-8",16420896768,1445986240
at_projections,"5.15.13.-29",1368408064,180168928
at_projections,"5.15.5.-15",12315672576,748850412
at_projections,"5.15.9.-22",5473632256,287623116
at_projections,"5.16.-1.-5",16420896768,1445986240
at_projections,"5.16.-13.16",13684080640,397902414
at_projections,"5.16.-17.23",1368408064,173604180
at_projections,"5.16.-21.30",2736816128,277493454
at_projections,"5.16.-5.2",5473632256,275510652
at_projections,"5.16.-9.9",12315672576,609771088
at_projections,"5.16.11.-26",5473632256,287623116
at_projections,"5.16.15.-33",5473632256,581459640
at_projections,"5.16.3.-12",6842040320,461227296
at_projections,"5.16.7.-19",10947264512,575246232
at_projections,"5.17.-11.12",10947264512,436166908
at_projections,"5.17.-19.26",1368408064,173604180
at_projections,"5.17.-23.33",4105224192,457662382
at_projections,"5.17.-3.-2",13684080640,929019340
at_projections,"5.17.-7.5",5473632256,275510652
at_projections,"5.17.1.-9",10947264512,1162919280
at_projections,"5.17.13.-30",10947264512,869082756
at_projections,"5.17.5.-16",8210448384,565116570
at_projections,"5.17.9.-23",10947264512,575246232
at_projections,"5.18.-1.-6",10947264512,1162919280
at_projections,"5.18.-13.15",10947264512,436166908
at_projections,"5.18.-21.29",2736816128,290729820
at_projections,"5.18.-5.1",10947264512,705747916
at_projections,"5.18.-9.8",5473632256,275510652
at_projections,"5.18.11.-27",10947264512,575246232
at_projections,"5.18.15.-34",6842040320,467792044
at_projections,"5.18.3.-13",4105224192,457662382
at_projections,"5.18.7.-20",5473632256,287623116
at_projections,"5.19.-11.11",5473632256,275510652
at_projections,"5.19.-15.18",5473632256,275510652
at_projections,"5.19.-19.25",1368408064,180168928
at_projections,"5.19.-23.32",2736816128,290729820
at_projections,"5.19.-3.-3",6842040320,461227296
at_projections,"5.19.-7.4",1368408064,173604180
at_projections,"5.19.1.-10",15052488704,1539745852
at_projections,"5.19.13.-31",17789304832,1199667320
at_projections,"5.19.17.-38",5473632256,287623116
at_projections,"5.19.9.-24",5473632256,287623116
at_projections,"5.2.-9.16",1368408064,173604180
at_projections,"5.2.11.-19",28736569344,334260436
at_projections,"5.2.19.-33",10947264512,856970292
at_projections,"5.2.23.-40",5473632256,275510652
at_projections,"5.2.3.-5",5473632256,160656256
at_projections,"5.2.7.-12",39683833856,1571127972
at_projections,"5.20.-1.-7",15052488704,1539745852
at_projections,"5.20.-13.14",6842040320,449114832
at_projections,"5.20.-17.21",5473632256,275510652
at_projections,"5.20.-21.28",6842040320,624421088
at_projections,"5.20.-5.0",12315672576,748850412
at_projections,"5.20.-9.7",4105224192,451097634
at_projections,"5.20.11.-28",6842040320,467792044
at_projections,"5.20.15.-35",10947264512,575246232
at_projections,"5.20.3.-14",5473632256,581459640
at_projections,"5.21.-11.10",2736816128,277493454
at_projections,"5.21.-15.17",5473632256,275510652
at_projections,"5.21.-19.24",10947264512,856970292
at_projections,"5.21.-23.31",1368408064,180168928
at_projections,"5.21.-3.-4",4105224192,457662382
at_projections,"5.21.-7.3",13684080640,983241370
at_projections,"5.21.1.-11",8210448384,928668000
at_projections,"5.21.13.-32",8210448384,578352936
at_projections,"5.21.5.-18",1368408064,180168928
at_projections,"5.22.-1.-8",8210448384,928668000
at_projections,"5.22.-13.13",2736816128,277493454
at_projections,"5.22.-17.20",6842040320,455679580
at_projections,"5.22.-21.27",10947264512,856970292
at_projections,"5.22.-5.-1",8210448384,565116570
at_projections,"5.22.-9.6",4105224192,451097634
at_projections,"5.22.11.-29",2736816128,290729820
at_projections,"5.22.15.-36",5473632256,287623116
at_projections,"5.22.3.-15",8210448384,804590016
at_projections,"5.23.-11.9",4105224192,451097634
at_projections,"5.23.-15.16",2736816128,277493454
at_projections,"5.23.-19.23",13684080640,1080100668
at_projections,"5.23.-23.30",5473632256,275510652
at_projections,"5.23.-3.-5",5473632256,581459640
at_projections,"5.23.-7.2",10947264512,575246232
at_projections,"5.23.1.-12",1368408064,180168928
at_projections,"5.23.5.-19",5473632256,581459640
at_projections,"5.24.-1.-9",1368408064,180168928
at_projections,"5.24.-13.12",2736816128,277493454
at_projections,"5.24.-17.19",5473632256,581459640
at_projections,"5.24.-21.26",6842040320,455679580
at_projections,"5.24.-25.33",5473632256,275510652
at_projections,"5.24.-9.5",5473632256,287623116
at_projections,"5.24.11.-30",1368408064,180168928
at_projections,"5.24.3.-16",5473632256,581459640
at_projections,"5.24.7.-23",1368408064,180168928
at_projections,"5.25.-11.8",1368408064,173604180
at_projections,"5.25.-15.15",1368408064,180168928
at_projections,"5.25.-19.22",5473632256,581459640
at_projections,"5.25.-23.29",5473632256,275510652
at_projections,"5.25.-27.36",5473632256,275510652
at_projections,"5.25.-3.-6",8210448384,804590016
at_projections,"5.25.-7.1",5473632256,287623116
at_projections,"5.25.5.-20",10947264512,1008875868
at_projections,"5.26.-13.11",1368408064,173604180
at_projections,"5.26.-17.18",8210448384,804590016
at_projections,"5.26.-25.32",5473632256,275510652
at_projections,"5.26.-5.-3",1368408064,180168928
at_projections,"5.26.-9.4",10947264512,575246232
at_projections,"5.26.3.-17",1368408064,180168928
at_projections,"5.26.7.-24",5473632256,581459640
at_projections,"5.27.-11.7",5473632256,287623116
at_projections,"5.27.-15.14",10947264512,999584440
at_projections,"5.27.-19.21",1368408064,180168928
at_projections,"5.27.-27.35",5473632256,275510652
at_projections,"5.27.-3.-7",5473632256,581459640
at_projections,"5.27.5.-21",8210448384,785745492
at_projections,"5.27.9.-28",1368408064,180168928
at_projections,"5.28.-13.10",1368408064,180168928
at_projections,"5.28.-17.17",6842040320,755063820
at_projections,"5.28.-5.-4",5473632256,581459640
at_projections,"5.28.-9.3",5473632256,287623116
at_projections,"5.28.7.-25",8210448384,804590016
at_projections,"5.29.-11.6",10947264512,575246232
at_projections,"5.29.-15.13",8210448384,804590016
at_projections,"5.29.-19.20",1368408064,173604180
at_projections,"5.29.-3.-8",1368408064,180168928
at_projections,"5.29.5.-22",1368408064,180168928
at_projections,"5.29.9.-29",2736816128,290729820
at_projections,"5.3.-11.19",5473632256,418124800
at_projections,"5.3.-15.26",5473632256,287623116
at_projections,"5.3.-7.12",1368408064,180168928
at_projections,"5.3.1.-2",5473632256,160656256
at_projections,"5.3.13.-23",13684080640,397902414
at_projections,"5.3.17.-30",5473632256,275510652
at_projections,"5.3.21.-37",6842040320,455679580
at_projections,"5.3.5.-9",34210201600,1283504856
at_projections,"5.3.9.-16",32841793536,321312512
at_projections,"5.30.-13.9",10947264512,869082756
at_projections,"5.30.-17.16",4105224192,457662382
at_projections,"5.30.-5.-5",10947264512,1008875868
at_projections,"5.30.7.-26",5473632256,581459640
at_projections,"5.31.-11.5",6842040320,467792044
at_projections,"5.31.-15.12",5473632256,581459640
at_projections,"5.31.-7.-2",1368408064,180168928
at_projections,"5.31.9.-30",1368408064,180168928
at_projections,"5.32.-13.8",17789304832,1199667320
at_projections,"5.32.-5.-6",8210448384,785745492
at_projections,"5.32.3.-20",1368408064,173604180
at_projections,"5.32.7.-27",4105224192,457662382
at_projections,"5.33.-11.4",2736816128,290729820
at_projections,"5.33.-15.11",6842040320,467792044
at_projections,"5.33.-7.-3",5473632256,581459640
at_projections,"5.33.1.-17",1368408064,173604180
at_projections,"5.33.5.-24",2736816128,277493454
at_projections,"5.34.-1.-14",1368408064,173604180
at_projections,"5.34.-13.7",8210448384,578352936
at_projections,"5.34.-5.-7",1368408064,180168928
at_projections,"5.34.3.-21",2736816128,277493454
at_projections,"5.35.-11.3",1368408064,180168928
at_projections,"5.35.-15.10",10947264512,575246232
at_projections,"5.35.-3.-11",1368408064,173604180
at_projections,"5.35.-7.-4",8210448384,804590016
at_projections,"5.35.5.-25",1368408064,173604180
at_projections,"5.36.-17.13",5473632256,287623116
at_projections,"5.36.-9.-1",1368408064,180168928
at_projections,"5.37.-15.9",5473632256,287623116
at_projections,"5.37.-3.-12",2736816128,277493454
at_projections,"5.37.-7.-5",5473632256,581459640
at_projections,"5.38.-5.-9",2736816128,277493454
at_projections,"5.38.-9.-2",2736816128,290729820
at_projections,"5.39.-7.-6",4105224192,457662382
at_projections,"5.4.-1.1",5473632256,160656256
at_projections,"5.4.-13.22",6842040320,461227296
at_projections,"5.4.-9.15",1368408064,180168928
at_projections,"5.4.11.-20",24631345152,518311374
at_projections,"5.4.15.-27",5473632256,275510652
at_projections,"5.4.19.-34",13684080640,1080100668
at_projections,"5.4.3.-6",27368161280,658942720
at_projections,"5.4.7.-13",39683833856,789104556
at_projections,"5.40.-5.-10",1368408064,173604180
at_projections,"5.40.-9.-3",1368408064,180168928
at_projections,"5.5.-11.18",5473632256,287623116
at_projections,"5.5.-15.25",12315672576,748850412
at_projections,"5.5.-3.4",5473632256,160656256
at_projections,"5.5.-7.11",5473632256,581459640
at_projections,"5.5.1.-3",23262937088,414422100
at_projections,"5.5.13.-24",10947264512,436166908
at_projections,"5.5.17.-31",6842040320,455679580
at_projections,"5.5.5.-10",51999506432,1701148760
at_projections,"5.5.9.-17",24631345152,518311374
at_projections,"5.6.-1.0",23262937088,414422100
at_projections,"5.6.-13.21",13684080640,852739686
at_projections,"5.6.-17.28",5473632256,287623116
at_projections,"5.6.-5.7",9578856448,618318638
at_projections,"5.6.-9.14",8210448384,578352936
at_projections,"5.6.11.-21",10947264512,436166908
at_projections,"5.6.15.-28",5473632256,275510652
at_projections,"5.6.19.-35",5473632256,581459640
at_projections,"5.6.3.-7",39683833856,789104556
at_projections,"5.6.7.-14",24631345152,518311374
at_projections,"5.7.-11.17",10947264512,575246232
at_projections,"5.7.-15.24",8210448384,565116570
at_projections,"5.7.-3.3",27368161280,658942720
at_projections,"5.7.-7.10",19157712896,1252869388
at_projections,"5.7.1.-4",38315425792,876299420
at_projections,"5.7.13.-25",6842040320,449114832
at_projections,"5.7.17.-32",5473632256,581459640
at_projections,"5.7.5.-11",32841793536,1109900676
at_projections,"5.7.9.-18",12315672576,609771088
at_projections,"5.8.-1.-1",38315425792,876299420
at_projections,"5.8.-13.20",5473632256,287623116
at_projections,"5.8.-17.27",2736816128,277493454
at_projections,"5.8.-5.6",34210201600,1283504856
at_projections,"5.8.-9.13",17789304832,916071416
at_projections,"5.8.11.-22",5473632256,275510652
at_projections,"5.8.15.-29",2736816128,277493454
at_projections,"5.8.19.-36",1368408064,180168928
at_projections,"5.8.3.-8",39683833856,1571127972
at_projections,"5.8.7.-15",12315672576,609771088
at_projections,"5.9.-11.16",5473632256,287623116
at_projections,"5.9.-3.2",39683833856,789104556
at_projections,"5.9.-7.9",39683833856,1571127972
at_projections,"5.9.1.-5",27368161280,528441036
at_projections,"5.9.13.-26",2736816128,277493454
at_projections,"5.9.17.-33",8210448384,804590016
at_projections,"5.9.5.-12",17789304832,1034460636
at_projections,"5.9.9.-19",5473632256,275510652
at_projections,"6.-1.-4.9",2736816128,277493454
at_projections,"6.-1.12.-19",5473632256,421407336
at_projections,"6.-1.20.-33",1368408064,173604180
at_projections,"6.-1.24.-40",1368408064,180168928
at_projections,"6.-1.8.-12",2736816128,290729820
at_projections,"6.-2.-2.6",2736816128,277493454
at_projections,"6.-2.10.-15",5473632256,421407336
at_projections,"6.-2.22.-36",4105224192,464334000
at_projections,"6.-3.-4.10",1368408064,173604180
at_projections,"6.-3.0.3",5473632256,554986908
at_projections,"6.-3.12.-18",10947264512,331281408
at_projections,"6.-3.20.-32",2736816128,277493454
at_projections,"6.-3.24.-39",2736816128,290729820
at_projections,"6.-3.4.-4",1368408064,173604180
at_projections,"6.-4.-2.7",6842040320,591728980
at_projections,"6.-4.10.-14",2736816128,277493454
at_projections,"6.-4.14.-21",6842040320,595011516
at_projections,"6.-4.2.0",2736816128,277493454
at_projections,"6.-4.22.-35",2736816128,277493454
at_projections,"6.-4.6.-7",6842040320,449114832
at_projections,"6.-5.0.4",2736816128,347208360
at_projections,"6.-5.12.-17",8210448384,698900790
at_projections,"6.-5.16.-24",1368408064,173604180
at_projections,"6.-5.20.-31",2736816128,277493454
at_projections,"6.-5.24.-38",4105224192,457662382
at_projections,"6.-5.4.-3",2736816128,277493454
at_projections,"6.-5.8.-10",5473632256,418124800
at_projections,"6.-6.10.-13",1368408064,173604180
at_projections,"6.-6.14.-20",13684080640,608774862
at_projections,"6.-6.18.-27",5473632256,418124800
at_projections,"6.-6.2.1",6842040320,591728980
at_projections,"6.-6.6.-6",2736816128,277493454
at_projections,"6.-7.12.-16",1368408064,173604180
at_projections,"6.-7.16.-23",8210448384,698900790
at_projections,"6.-7.4.-2",1368408064,173604180
at_projections,"6.-8.14.-19",5473632256,421407336
at_projections,"6.-9.16.-22",10947264512,331281408
at_projections,"6.0.-6.12",2736816128,277493454
at_projections,"6.0.10.-16",10947264512,331281408
at_projections,"6.0.18.-30",5473632256,418124800
at_projections,"6.0.22.-37",6842040320,624421088
at_projections,"6.1.-4.8",1368408064,173604180
at_projections,"6.1.16.-27",1368408064,173604180
at_projections,"6.1.20.-34",1368408064,180168928
at_projections,"6.1.24.-41",2736816128,204285852
at_projections,"6.1.8.-13",17789304832,1206484680
at_projections,"6.10.-10.14",10947264512,331281408
at_projections,"6.10.-14.21",6842040320,595011516
at_projections,"6.10.-2.0",35578609664,598805966
at_projections,"6.10.-6.7",38315425792,1661809696
at_projections,"6.10.10.-21",10947264512,310278144
at_projections,"6.10.14.-28",2736816128,277493454
at_projections,"6.10.18.-35",8210448384,804590016
at_projections,"6.10.2.-7",27368161280,662225256
at_projections,"6.10.6.-14",8210448384,514429364
at_projections,"6.11.-12.17",5473632256,421407336
at_projections,"6.11.-16.24",1368408064,173604180
at_projections,"6.11.-4.3",42420649984,1200382230
at_projections,"6.11.-8.10",38315425792,1153558968
at_projections,"6.11.0.-4",24631345152,588026280
at_projections,"6.11.12.-25",5473632256,481779306
at_projections,"6.11.16.-32",1368408064,180168928
at_projections,"6.11.4.-11",23262937088,1764543640
at_projections,"6.11.8.-18",5473632256,408571704
at_projections,"6.12.-10.13",16420896768,541816296
at_projections,"6.12.-18.27",5473632256,418124800
at_projections,"6.12.-2.-1",27368161280,662225256
at_projections,"6.12.-6.6",51999506432,1457183936
at_projections,"6.12.14.-29",1368408064,173604180
at_projections,"6.12.18.-36",5473632256,581459640
at_projections,"6.12.2.-8",17789304832,672106592
at_projections,"6.12.6.-15",13684080640,587771598
at_projections,"6.13.-4.2",38315425792,1153558968
at_projections,"6.13.-8.9",39683833856,922888776
at_projections,"6.13.0.-5",19157712896,1207756780
at_projections,"6.13.12.-26",1368408064,173604180
at_projections,"6.13.16.-33",6842040320,755063820
at_projections,"6.13.4.-12",13684080640,1267524798
at_projections,"6.13.8.-19",2736816128,204285852
at_projections,"6.14.-10.12",27368161280,160656256
at_projections,"6.14.-2.-2",17789304832,672106592
at_projections,"6.14.-6.5",32841793536,1243684896
at_projections,"6.14.10.-23",8210448384,695618254
at_projections,"6.14.14.-30",1368408064,173604180
at_projections,"6.14.18.-37",4105224192,457662382
at_projections,"6.14.2.-9",30104977408,2012045910
at_projections,"6.14.6.-16",1368408064,173604180
at_projections,"6.15.-12.15",5473632256,160656256
at_projections,"6.15.-20.29",2736816128,277493454
at_projections,"6.15.-4.1",23262937088,1764543640
at_projections,"6.15.-8.8",21894529024,240817920
at_projections,"6.15.0.-6",43789058048,2201367660
at_projections,"6.15.12.-27",5473632256,418124800
at_projections,"6.15.16.-34",10947264512,1082083470
at_projections,"6.15.4.-13",10947264512,979466296
at_projections,"6.15.8.-20",4105224192,451097634
at_projections,"6.16.-10.11",24631345152,518311374
at_projections,"6.16.-14.18",1368408064,173604180
at_projections,"6.16.-2.-3",30104977408,2012045910
at_projections,"6.16.-6.4",8210448384,514429364
at_projections,"6.16.10.-24",1368408064,173604180
at_projections,"6.16.14.-31",4105224192,457662382
at_projections,"6.16.2.-10",25999753216,1727600404
at_projections,"6.16.6.-17",9578856448,872504970
at_projections,"6.17.-12.14",13684080640,397902414
at_projections,"6.17.-16.21",1368408064,173604180
at_projections,"6.17.-20.28",2736816128,277493454
at_projections,"6.17.-4.0",13684080640,1267524798
at_projections,"6.17.-8.7",13684080640,783066908
at_projections,"6.17.0.-7",19157712896,1754646740
at_projections,"6.17.16.-35",5473632256,581459640
at_projections,"6.17.4.-14",13684080640,608774862
at_projections,"6.17.8.-21",9578856448,872504970
at_projections,"6.18.-10.10",6842040320,334260436
at_projections,"6.18.-14.17",2736816128,277493454
at_projections,"6.18.-18.24",5473632256,418124800
at_projections,"6.18.-2.-4",25999753216,1727600404
at_projections,"6.18.-22.31",2736816128,277493454
at_projections,"6.18.-6.3",13684080640,587771598
at_projections,"6.18.10.-25",5473632256,421407336
at_projections,"6.18.14.-32",5473632256,581459640
at_projections,"6.18.2.-11",10947264512,1002866976
at_projections,"6.18.6.-18",13684080640,608774862
at_projections,"6.19.-12.13",9578856448,538546288
at_projections,"6.19.-16.20",2736816128,277493454
at_projections,"6.19.-20.27",1368408064,173604180
at_projections,"6.19.-24.34",4105224192,457662382
at_projections,"6.19.-4.-1",10947264512,979466296
at_projections,"6.19.-8.6",5473632256,408571704
at_projections,"6.19.0.-8",10947264512,1162919280
at_projections,"6.19.12.-29",5473632256,421407336
at_projections,"6.19.16.-36",1368408064,180168928
at_projections,"6.19.4.-15",8210448384,698900790
at_projections,"6.19.8.-22",10947264512,331281408
at_projections,"6.2.-6.11",6842040320,449114832
at_projections,"6.2.10.-17",16420896768,541816296
at_projections,"6.2.14.-24",1368408064,173604180
at_projections,"6.2.22.-38",5473632256,581459640
at_projections,"6.2.26.-45",10947264512,310278144
at_projections,"6.2.6.-10",6842040320,340825184
at_projections,"6.20.-10.9",10947264512,310278144
at_projections,"6.20.-2.-5",10947264512,1002866976
at_projections,"6.20.-22.30",4105224192,464334000
at_projections,"6.20.-6.2",1368408064,173604180
at_projections,"6.20.10.-26",10947264512,331281408
at_projections,"6.20.14.-33",13684080640,1225997352
at_projections,"6.20.2.-12",5473632256,637831310
at_projections,"6.20.6.-19",5473632256,421407336
at_projections,"6.21.-12.12",5473632256,408571704
at_projections,"6.21.-16.19",2736816128,204285852
at_projections,"6.21.-20.26",1368408064,180168928
at_projections,"6.21.-24.33",2736816128,290729820
at_projections,"6.21.-4.-2",13684080640,608774862
at_projections,"6.21.-8.5",2736816128,204285852
at_projections,"6.21.0.-9",16420896768,1609180032
at_projections,"6.21.12.-30",12315672576,511450336
at_projections,"6.21.16.-37",5473632256,421407336
at_projections,"6.21.4.-16",1368408064,173604180
at_projections,"6.21.8.-23",5473632256,421407336
at_projections,"6.22.-14.15",10947264512,310278144
at_projections,"6.22.-2.-6",5473632256,637831310
at_projections,"6.22.-22.29",6842040320,624421088
at_projections,"6.22.-6.1",9578856448,872504970
at_projections,"6.22.10.-27",5473632256,421407336
at_projections,"6.22.14.-34",16420896768,912741048
at_projections,"6.22.2.-13",6842040320,755063820
at_projections,"6.23.-12.11",5473632256,481779306
at_projections,"6.23.-16.18",5473632256,408571704
at_projections,"6.23.-20.25",8210448384,785745492
at_projections,"6.23.-24.32",1368408064,180168928
at_projections,"6.23.-4.-3",8210448384,698900790
at_projections,"6.23.-8.4",4105224192,451097634
at_projections,"6.23.0.-10",21894529024,1999168880
at_projections,"6.23.12.-31",10947264512,1002866976
at_projections,"6.23.16.-38",10947264512,331281408
at_projections,"6.23.4.-17",1368408064,180168928
at_projections,"6.24.-10.7",8210448384,695618254
at_projections,"6.24.-14.14",2736816128,277493454
at_projections,"6.24.-18.21",12315672576,490447072
at_projections,"6.24.-2.-7",6842040320,755063820
at_projections,"6.24.-22.28",5473632256,581459640
at_projections,"6.24.-6.0",13684080640,608774862
at_projections,"6.24.14.-35",6842040320,601576264
at_projections,"6.24.2.-14",8210448384,804590016
at_projections,"6.25.-12.10",1368408064,173604180
at_projections,"6.25.-16.17",2736816128,204285852
at_projections,"6.25.-20.24",13684080640,1213161720
at_projections,"6.25.-24.31",2736816128,204285852
at_projections,"6.25.-4.-4",1368408064,173604180
at_projections,"6.25.-8.3",9578856448,872504970
at_projections,"6.25.0.-11",2736816128,360337856
at_projections,"6.25.12.-32",6842040320,624421088
at_projections,"6.25.4.-18",5473632256,581459640
at_projections,"6.26.-10.6",1368408064,173604180
at_projections,"6.26.-14.13",1368408064,173604180
at_projections,"6.26.-18.20",5473632256,581459640
at_projections,"6.26.-2.-8",8210448384,804590016
at_projections,"6.26.-22.27",12315672576,490447072
at_projections,"6.26.-6.-1",5473632256,421407336
at_projections,"6.26.10.-29",1368408064,180168928
at_projections,"6.26.2.-15",5473632256,581459640
at_projections,"6.26.6.-22",1368408064,180168928
at_projections,"6.27.-12.9",5473632256,418124800
at_projections,"6.27.-16.16",1368408064,180168928
at_projections,"6.27.-20.23",8210448384,785745492
at_projections,"6.27.-24.30",5473632256,408571704
at_projections,"6.27.-4.-5",1368408064,180168928
at_projections,"6.27.-8.2",10947264512,331281408
at_projections,"6.27.12.-33",2736816128,290729820
at_projections,"6.27.4.-19",8210448384,804590016
at_projections,"6.28.-10.5",5473632256,421407336
at_projections,"6.28.-14.12",1368408064,173604180
at_projections,"6.28.-18.19",8210448384,804590016
at_projections,"6.28.-2.-9",5473632256,581459640
at_projections,"6.28.-26.33",10947264512,310278144
at_projections,"6.28.10.-30",2736816128,290729820
at_projections,"6.28.2.-16",1368408064,180168928
at_projections,"6.28.6.-23",10947264512,856970292
at_projections,"6.29.-16.15",6842040320,755063820
at_projections,"6.29.-20.22",1368408064,180168928
at_projections,"6.29.-24.29",2736816128,204285852
at_projections,"6.29.-4.-6",5473632256,581459640
at_projections,"6.29.-8.1",5473632256,421407336
at_projections,"6.29.4.-20",5473632256,581459640
at_projections,"6.29.8.-27",1368408064,180168928
at_projections,"6.3.-8.14",5473632256,418124800
at_projections,"6.3.12.-21",5473632256,160656256
at_projections,"6.3.16.-28",2736816128,277493454
at_projections,"6.3.20.-35",8210448384,785745492
at_projections,"6.3.24.-42",5473632256,408571704
at_projections,"6.3.4.-7",5473632256,160656256
at_projections,"6.3.8.-14",38315425792,1153558968
at_projections,"6.30.-10.4",10947264512,331281408
at_projections,"6.30.-14.11",4105224192,457662382
at_projections,"6.30.-18.18",5473632256,581459640
at_projections,"6.30.-2.-10",1368408064,180168928
at_projections,"6.30.10.-31",1368408064,180168928
at_projections,"6.30.6.-24",8210448384,804590016
at_projections,"6.31.-12.7",5473632256,421407336
at_projections,"6.31.-16.14",10947264512,1082083470
at_projections,"6.31.-4.-7",8210448384,804590016
at_projections,"6.31.4.-21",1368408064,180168928
at_projections,"6.31.8.-28",5473632256,581459640
at_projections,"6.32.-10.3",5473632256,421407336
at_projections,"6.32.-14.10",5473632256,581459640
at_projections,"6.32.-18.17",4105224192,457662382
at_projections,"6.32.-6.-4",1368408064,180168928
at_projections,"6.32.6.-25",5473632256,581459640
at_projections,"6.33.-12.6",12315672576,511450336
at_projections,"6.33.-16.13",5473632256,581459640
at_projections,"6.33.-4.-8",5473632256,581459640
at_projections,"6.33.8.-29",6842040320,624421088
at_projections,"6.34.-14.9",13684080640,1225997352
at_projections,"6.34.-6.-5",10947264512,856970292
at_projections,"6.34.6.-26",1368408064,180168928
at_projections,"6.35.-12.5",10947264512,1002866976
at_projections,"6.35.-16.12",1368408064,180168928
at_projections,"6.35.-4.-9",1368408064,180168928
at_projections,"6.35.4.-23",2736816128,277493454
at_projections,"6.35.8.-30",4105224192,464334000
at_projections,"6.36.-10.1",1368408064,180168928
at_projections,"6.36.-14.8",16420896768,912741048
at_projections,"6.36.-6.-6",8210448384,804590016
at_projections,"6.36.6.-27",5473632256,418124800
at_projections,"6.37.-12.4",6842040320,624421088
at_projections,"6.37.-16.11",5473632256,421407336
at_projections,"6.37.-8.-3",1368408064,180168928
at_projections,"6.38.-10.0",2736816128,290729820
at_projections,"6.38.-14.7",6842040320,601576264
at_projections,"6.38.-6.-7",5473632256,581459640
at_projections,"6.39.-12.3",2736816128,290729820
at_projections,"6.39.-16.10",10947264512,331281408
at_projections,"6.39.-4.-11",2736816128,277493454
at_projections,"6.39.-8.-4",5473632256,581459640
at_projections,"6.4.-10.17",1368408064,173604180
at_projections,"6.4.10.-18",27368161280,160656256
at_projections,"6.4.14.-25",2736816128,277493454
at_projections,"6.4.2.-4",5473632256,160656256
at_projections,"6.4.22.-39",12315672576,490447072
at_projections,"6.4.6.-11",38315425792,1661809696
at_projections,"6.40.-10.-1",1368408064,180168928
at_projections,"6.40.-6.-8",1368408064,180168928
at_projections,"6.41.-8.-5",6842040320,624421088
at_projections,"6.42.-6.-9",5473632256,418124800
at_projections,"6.43.-8.-6",4105224192,464334000
at_projections,"6.5.-12.20",1368408064,173604180
at_projections,"6.5.0.-1",5473632256,160656256
at_projections,"6.5.12.-22",13684080640,397902414
at_projections,"6.5.16.-29",2736816128,204285852
at_projections,"6.5.20.-36",13684080640,1213161720
at_projections,"6.5.24.-43",2736816128,204285852
at_projections,"6.5.4.-8",23262937088,414422100
at_projections,"6.5.8.-15",39683833856,922888776
at_projections,"6.6.-10.16",2736816128,277493454
at_projections,"6.6.-14.23",5473632256,421407336
at_projections,"6.6.-2.2",5473632256,160656256
at_projections,"6.6.10.-19",24631345152,518311374
at_projections,"6.6.18.-33",12315672576,490447072
at_projections,"6.6.2.-5",21894529024,240817920
at_projections,"6.6.6.-12",51999506432,1457183936
at_projections,"6.7.-12.19",8210448384,698900790
at_projections,"6.7.-16.26",10947264512,331281408
at_projections,"6.7.-4.5",5473632256,160656256
at_projections,"6.7.-8.12",2736816128,290729820
at_projections,"6.7.0.-2",21894529024,240817920
at_projections,"6.7.12.-23",9578856448,538546288
at_projections,"6.7.16.-30",5473632256,408571704
at_projections,"6.7.20.-37",8210448384,785745492
at_projections,"6.7.4.-9",42420649984,1200382230
at_projections,"6.7.8.-16",21894529024,240817920
at_projections,"6.8.-10.15",5473632256,421407336
at_projections,"6.8.-14.22",13684080640,608774862
at_projections,"6.8.-2.1",21894529024,240817920
at_projections,"6.8.-6.8",6842040320,340825184
at_projections,"6.8.10.-20",6842040320,334260436
at_projections,"6.8.14.-27",10947264512,310278144
at_projections,"6.8.18.-34",5473632256,581459640
at_projections,"6.8.2.-6",35578609664,598805966
at_projections,"6.8.6.-13",32841793536,1243684896
at_projections,"6.9.-12.18",10947264512,331281408
at_projections,"6.9.-16.25",8210448384,698900790
at_projections,"6.9.-4.4",23262937088,414422100
at_projections,"6.9.-8.11",17789304832,1206484680
at_projections,"6.9.0.-3",32841793536,321312512
at_projections,"6.9.12.-24",5473632256,408571704
at_projections,"6.9.16.-31",2736816128,204285852
at_projections,"6.9.20.-38",1368408064,180168928
at_projections,"6.9.4.-10",38315425792,1153558968
at_projections,"6.9.8.-17",13684080640,783066908
at_projections,"7.-1.-1.4",5473632256,554986908
at_projections,"7.-1.11.-17",6842040320,461227296
at_projections,"7.-1.23.-38",4105224192,464334000
at_projections,"7.-1.3.-3",1368408064,173604180
at_projections,"7.-1.7.-10",5473632256,481779306
at_projections,"7.-2.1.1",5473632256,554986908
at_projections,"7.-2.13.-20",12315672576,748850412
at_projections,"7.-2.17.-27",2736816128,277493454
at_projections,"7.-2.21.-34",1368408064,173604180
at_projections,"7.-2.25.-41",4105224192,464334000
at_projections,"7.-2.5.-6",5473632256,418124800
at_projections,"7.-2.9.-13",2736816128,277493454
at_projections,"7.-3.-1.5",1368408064,173604180
at_projections,"7.-3.11.-16",2736816128,277493454
at_projections,"7.-3.15.-23",10947264512,705747916
at_projections,"7.-3.19.-30",2736816128,277493454
at_projections,"7.-3.23.-37",4105224192,451097634
at_projections,"7.-3.3.-2",5473632256,554986908
at_projections,"7.-3.7.-9",4105224192,377890032
at_projections,"7.-4.1.2",1368408064,173604180
at_projections,"7.-4.13.-19",8210448384,565116570
at_projections,"7.-4.17.-26",1368408064,173604180
at_projections,"7.-4.21.-33",2736816128,277493454
at_projections,"7.-4.9.-12",1368408064,173604180
at_projections,"7.-5.15.-22",10947264512,575246232
at_projections,"7.-5.19.-29",1368408064,173604180
at_projections,"7.-6.17.-25",5473632256,287623116
at_projections,"7.-7.15.-21",5473632256,287623116
at_projections,"7.0.-3.7",5473632256,554986908
at_projections,"7.0.1.0",1368408064,173604180
at_projections,"7.0.13.-21",5473632256,287623116
at_projections,"7.0.21.-35",5473632256,418124800
at_projections,"7.0.25.-42",1368408064,180168928
at_projections,"7.1.-1.3",1368408064,173604180
at_projections,"7.1.11.-18",10947264512,575246232
at_projections,"7.1.19.-32",1368408064,173604180
at_projections,"7.1.23.-39",6842040320,624421088
at_projections,"7.10.-11.16",6842040320,461227296
at_projections,"7.10.-15.23",10947264512,575246232
at_projections,"7.10.-3.2",21894529024,240817920
at_projections,"7.10.-7.9",6842040320,340825184
at_projections,"7.10.1.-5",32841793536,321312512
at_projections,"7.10.13.-26",5473632256,275510652
at_projections,"7.10.17.-33",5473632256,275510652
at_projections,"7.10.21.-40",1368408064,180168928
at_projections,"7.10.5.-12",38315425792,1397523792
at_projections,"7.10.9.-19",6842040320,334260436
at_projections,"7.11.-1.-2",32841793536,321312512
at_projections,"7.11.-13.19",12315672576,748850412
at_projections,"7.11.-17.26",5473632256,287623116
at_projections,"7.11.-5.5",21894529024,240817920
at_projections,"7.11.-9.12",6842040320,467792044
at_projections,"7.11.11.-23",5473632256,275510652
at_projections,"7.11.15.-30",5473632256,275510652
at_projections,"7.11.19.-37",8210448384,804590016
at_projections,"7.11.3.-9",28736569344,702045216
at_projections,"7.11.7.-16",8210448384,514429364
at_projections,"7.12.-11.15",10947264512,575246232
at_projections,"7.12.-15.22",10947264512,705747916
at_projections,"7.12.-3.1",32841793536,321312512
at_projections,"7.12.-7.8",34210201600,1283504856
at_projections,"7.12.1.-6",21894529024,240817920
at_projections,"7.12.13.-27",5473632256,275510652
at_projections,"7.12.17.-34",1368408064,180168928
at_projections,"7.12.5.-13",19157712896,1252869388
at_projections,"7.12.9.-20",8210448384,553004106
at_projections,"7.13.-1.-3",21894529024,240817920
at_projections,"7.13.-13.18",5473632256,287623116
at_projections,"7.13.-17.25",1368408064,173604180
at_projections,"7.13.-5.4",42420649984,1066598010
at_projections,"7.13.-9.11",24631345152,986385012
at_projections,"7.13.11.-24",5473632256,275510652
at_projections,"7.13.15.-31",1368408064,173604180
at_projections,"7.13.19.-38",5473632256,581459640
at_projections,"7.13.3.-10",17789304832,916071416
at_projections,"7.13.7.-17",8210448384,553004106
at_projections,"7.14.-11.14",5473632256,287623116
at_projections,"7.14.-19.28",1368408064,173604180
at_projections,"7.14.-3.0",28736569344,702045216
at_projections,"7.14.-7.7",54736322560,1978642214
at_projections,"7.14.1.-7",10947264512,448279372
at_projections,"7.14.13.-28",5473632256,418124800
at_projections,"7.14.17.-35",5473632256,581459640
at_projections,"7.14.5.-14",13684080640,1134463746
at_projections,"7.14.9.-21",5473632256,275510652
at_projections,"7.15.-1.-4",10947264512,448279372
at_projections,"7.15.-17.24",2736816128,277493454
at_projections,"7.15.-5.3",38315425792,1397523792
at_projections,"7.15.-9.10",34210201600,628448300
at_projections,"7.15.11.-25",1368408064,173604180
at_projections,"7.15.19.-39",1368408064,180168928
at_projections,"7.15.3.-11",19157712896,1422086862
at_projections,"7.15.7.-18",5473632256,275510652
at_projections,"7.16.-11.13",5473632256,160656256
at_projections,"7.16.-19.27",2736816128,277493454
at_projections,"7.16.-3.-1",17789304832,916071416
at_projections,"7.16.-7.6",32841793536,1109900676
at_projections,"7.16.1.-8",24631345152,1349083668
at_projections,"7.16.13.-29",1368408064,173604180
at_projections,"7.16.17.-36",10947264512,1082083470
at_projections,"7.16.5.-15",8210448384,629283760
at_projections,"7.16.9.-22",1368408064,173604180
at_projections,"7.17.-1.-5",24631345152,1349083668
at_projections,"7.17.-21.30",2736816128,277493454
at_projections,"7.17.-5.2",19157712896,1252869388
at_projections,"7.17.-9.9",21894529024,240817920
at_projections,"7.17.11.-26",4105224192,451097634
at_projections,"7.17.15.-33",4105224192,457662382
at_projections,"7.17.3.-12",21894529024,1714932144
at_projections,"7.17.7.-19",2736816128,277493454
at_projections,"7.18.-11.12",10947264512,120408960
at_projections,"7.18.-3.-2",19157712896,1422086862
at_projections,"7.18.-7.5",8210448384,514429364
at_projections,"7.18.1.-9",32841793536,2120981576
at_projections,"7.18.13.-30",2736816128,277493454
at_projections,"7.18.17.-37",6842040320,755063820
at_projections,"7.18.5.-16",8210448384,565116570
at_projections,"7.18.9.-23",8210448384,695618254
at_projections,"7.19.-1.-6",32841793536,2120981576
at_projections,"7.19.-13.15",2736816128,277493454
at_projections,"7.19.-17.22",1368408064,173604180
at_projections,"7.19.-21.29",1368408064,173604180
at_projections,"7.19.-5.1",13684080640,1134463746
at_projections,"7.19.-9.8",6842040320,334260436
at_projections,"7.19.11.-27",2736816128,277493454
at_projections,"7.19.15.-34",6842040320,755063820
at_projections,"7.19.3.-13",19157712896,1434199326
at_projections,"7.19.7.-20",9578856448,738720750
at_projections,"7.2.-3.6",1368408064,173604180
at_projections,"7.2.17.-29",1368408064,173604180
at_projections,"7.2.21.-36",1368408064,180168928
at_projections,"7.2.9.-15",6842040320,467792044
at_projections,"7.20.-11.11",10947264512,578781056
at_projections,"7.20.-15.18",2736816128,277493454
at_projections,"7.20.-19.25",1368408064,173604180
at_projections,"7.20.-23.32",4105224192,451097634
at_projections,"7.20.-3.-3",21894529024,1714932144
at_projections,"7.20.-7.4",8210448384,553004106
at_projections,"7.20.1.-10",13684080640,1146576210
at_projections,"7.20.17.-38",1368408064,180168928
at_projections,"7.20.5.-17",15052488704,1026343866
at_projections,"7.20.9.-24",5473632256,287623116
at_projections,"7.21.-1.-7",13684080640,1146576210
at_projections,"7.21.-13.14",1368408064,173604180
at_projections,"7.21.-17.21",2736816128,277493454
at_projections,"7.21.-21.28",5473632256,418124800
at_projections,"7.21.-5.0",8210448384,629283760
at_projections,"7.21.-9.7",8210448384,553004106
at_projections,"7.21.11.-28",5473632256,287623116
at_projections,"7.21.15.-35",8210448384,804590016
at_projections,"7.21.3.-14",6842040320,467792044
at_projections,"7.21.7.-21",12315672576,748850412
at_projections,"7.22.-11.10",5473632256,275510652
at_projections,"7.22.-15.17",1368408064,173604180
at_projections,"7.22.-19.24",2736816128,277493454
at_projections,"7.22.-23.31",4105224192,464334000
at_projections,"7.22.-3.-4",19157712896,1434199326
at_projections,"7.22.-7.3",5473632256,275510652
at_projections,"7.22.1.-11",9578856448,984758944
at_projections,"7.22.13.-32",6842040320,467792044
at_projections,"7.22.5.-18",6842040320,461227296
at_projections,"7.22.9.-25",10947264512,575246232
at_projections,"7.23.-1.-8",9578856448,984758944
at_projections,"7.23.-13.13",5473632256,275510652
at_projections,"7.23.-21.27",1368408064,180168928
at_projections,"7.23.-25.34",4105224192,464334000
at_projections,"7.23.-5.-1",8210448384,565116570
at_projections,"7.23.-9.6",5473632256,275510652
at_projections,"7.23.11.-29",10947264512,575246232
at_projections,"7.23.15.-36",10947264512,869082756
at_projections,"7.23.3.-15",5473632256,418124800
at_projections,"7.23.7.-22",5473632256,287623116
at_projections,"7.24.-11.9",5473632256,275510652
at_projections,"7.24.-15.16",5473632256,275510652
at_projections,"7.24.-23.30",6842040320,624421088
at_projections,"7.24.-3.-5",6842040320,467792044
at_projections,"7.24.-7.2",2736816128,277493454
at_projections,"7.24.1.-12",13684080640,1510127640
at_projections,"7.24.13.-33",16420896768,1156705872
at_projections,"7.24.17.-40",5473632256,287623116
at_projections,"7.24.9.-26",5473632256,287623116
at_projections,"7.25.-1.-9",13684080640,1510127640
at_projections,"7.25.-13.12",5473632256,275510652
at_projections,"7.25.-17.19",5473632256,275510652
at_projections,"7.25.-21.26",5473632256,581459640
at_projections,"7.25.-25.33",1368408064,180168928
at_projections,"7.25.-5.-2",15052488704,1026343866
at_projections,"7.25.-9.5",1368408064,173604180
at_projections,"7.25.11.-30",5473632256,287623116
at_projections,"7.25.15.-37",12315672576,755415160
at_projections,"7.25.3.-16",1368408064,180168928
at_projections,"7.26.-11.8",1368408064,173604180
at_projections,"7.26.-15.15",5473632256,275510652
at_projections,"7.26.-19.22",6842040320,455679580
at_projections,"7.26.-23.29",5473632256,581459640
at_projections,"7.26.-3.-6",5473632256,418124800
at_projections,"7.26.-7.1",9578856448,738720750
at_projections,"7.26.1.-13",12315672576,1262252398
at_projections,"7.26.13.-34",13684080640,1092213132
at_projections,"7.27.-1.-10",12315672576,1262252398
at_projections,"7.27.-13.11",5473632256,418124800
at_projections,"7.27.-17.18",5473632256,275510652
at_projections,"7.27.-21.25",13684080640,1080100668
at_projections,"7.27.-5.-3",6842040320,461227296
at_projections,"7.27.-9.4",8210448384,695618254
at_projections,"7.27.11.-31",1368408064,180168928
at_projections,"7.27.15.-38",5473632256,287623116
at_projections,"7.27.3.-17",5473632256,581459640
at_projections,"7.28.-11.7",4105224192,451097634
at_projections,"7.28.-15.14",1368408064,173604180
at_projections,"7.28.-19.21",10947264512,856970292
at_projections,"7.28.-23.28",6842040320,455679580
at_projections,"7.28.-3.-7",1368408064,180168928
at_projections,"7.28.-7.0",12315672576,748850412
at_projections,"7.28.1.-14",5473632256,581459640
at_projections,"7.28.13.-35",5473632256,581459640
at_projections,"7.28.5.-21",1368408064,180168928
at_projections,"7.29.-1.-11",5473632256,581459640
at_projections,"7.29.-13.10",1368408064,173604180
at_projections,"7.29.-17.17",1368408064,180168928
at_projections,"7.29.-21.24",10947264512,856970292
at_projections,"7.29.-25.31",5473632256,275510652
at_projections,"7.29.-9.3",5473632256,287623116
at_projections,"7.29.11.-32",5473632256,581459640
at_projections,"7.29.3.-18",8210448384,804590016
at_projections,"7.29.7.-25",2736816128,204285852
at_projections,"7.3.-5.9",5473632256,418124800
at_projections,"7.3.11.-19",5473632256,287623116
at_projections,"7.3.19.-33",2736816128,277493454
at_projections,"7.3.23.-40",5473632256,581459640
at_projections,"7.3.7.-12",6842040320,340825184
at_projections,"7.30.-11.6",2736816128,277493454
at_projections,"7.30.-19.20",8210448384,804590016
at_projections,"7.30.-23.27",5473632256,275510652
at_projections,"7.30.-3.-8",5473632256,581459640
at_projections,"7.30.-7.-1",5473632256,287623116
at_projections,"7.30.1.-15",1368408064,180168928
at_projections,"7.30.13.-36",1368408064,180168928
at_projections,"7.30.5.-22",5473632256,581459640
at_projections,"7.31.-1.-12",1368408064,180168928
at_projections,"7.31.-13.9",2736816128,277493454
at_projections,"7.31.-17.16",5473632256,581459640
at_projections,"7.31.-21.23",1368408064,180168928
at_projections,"7.31.-25.30",5473632256,275510652
at_projections,"7.31.-9.2",10947264512,575246232
at_projections,"7.31.11.-33",6842040320,624421088
at_projections,"7.31.3.-19",5473632256,581459640
at_projections,"7.31.7.-26",4105224192,384454780
at_projections,"7.32.-11.5",5473632256,287623116
at_projections,"7.32.-15.12",4105224192,457662382
at_projections,"7.32.-19.19",5473632256,581459640
at_projections,"7.32.-3.-9",8210448384,804590016
at_projections,"7.32.5.-23",8210448384,804590016
at_projections,"7.32.9.-30",1368408064,180168928
at_projections,"7.33.-17.15",10947264512,1082083470
at_projections,"7.33.-5.-6",1368408064,180168928
at_projections,"7.33.-9.1",5473632256,287623116
at_projections,"7.33.11.-34",2736816128,290729820
at_projections,"7.33.3.-20",1368408064,180168928
at_projections,"7.33.7.-27",5473632256,581459640
at_projections,"7.34.-11.4",10947264512,575246232
at_projections,"7.34.-15.11",6842040320,755063820
at_projections,"7.34.-19.18",1368408064,180168928
at_projections,"7.34.-3.-10",5473632256,581459640
at_projections,"7.34.5.-24",5473632256,581459640
at_projections,"7.34.9.-31",4105224192,470898748
at_projections,"7.35.-13.7",6842040320,467792044
at_projections,"7.35.-17.14",6842040320,755063820
at_projections,"7.35.-5.-7",5473632256,581459640
at_projections,"7.35.7.-28",8210448384,804590016
at_projections,"7.36.-11.3",5473632256,287623116
at_projections,"7.36.-15.10",8210448384,804590016
at_projections,"7.36.-3.-11",1368408064,180168928
at_projections,"7.36.-7.-4",2736816128,204285852
at_projections,"7.36.5.-25",1368408064,180168928
at_projections,"7.36.9.-32",4105224192,470898748
at_projections,"7.37.-13.6",16420896768,1156705872
at_projections,"7.37.-17.13",1368408064,180168928
at_projections,"7.37.-5.-8",8210448384,804590016
at_projections,"7.37.7.-29",6842040320,755063820
at_projections,"7.38.-11.2",1368408064,180168928
at_projections,"7.38.-15.9",10947264512,869082756
at_projections,"7.38.-7.-5",4105224192,384454780
at_projections,"7.38.5.-26",1368408064,173604180
at_projections,"7.39.-13.5",13684080640,1092213132
at_projections,"7.39.-5.-9",5473632256,581459640
at_projections,"7.39.7.-30",4105224192,457662382
at_projections,"7.4.-7.12",4105224192,377890032
at_projections,"7.4.17.-30",2736816128,277493454
at_projections,"7.4.21.-37",5473632256,581459640
at_projections,"7.4.25.-44",5473632256,275510652
at_projections,"7.4.5.-9",5473632256,160656256
at_projections,"7.4.9.-16",24631345152,986385012
at_projections,"7.40.-11.1",5473632256,581459640
at_projections,"7.40.-15.8",12315672576,755415160
at_projections,"7.40.-7.-6",5473632256,581459640
at_projections,"7.41.-13.4",5473632256,581459640
at_projections,"7.41.-17.11",5473632256,287623116
at_projections,"7.41.-5.-10",1368408064,180168928
at_projections,"7.41.-9.-3",1368408064,180168928
at_projections,"7.42.-11.0",6842040320,624421088
at_projections,"7.42.-15.7",5473632256,287623116
at_projections,"7.42.-7.-7",8210448384,804590016
at_projections,"7.43.-13.3",1368408064,180168928
at_projections,"7.43.-5.-11",1368408064,173604180
at_projections,"7.43.-9.-4",4105224192,470898748
at_projections,"7.44.-11.-1",2736816128,290729820
at_projections,"7.44.-7.-8",6842040320,755063820
at_projections,"7.45.-9.-5",4105224192,470898748
at_projections,"7.46.-7.-9",4105224192,457662382
at_projections,"7.5.-9.15",1368408064,173604180
at_projections,"7.5.11.-20",5473632256,160656256
at_projections,"7.5.15.-27",2736816128,277493454
at_projections,"7.5.23.-41",6842040320,455679580
at_projections,"7.5.3.-6",5473632256,160656256
at_projections,"7.5.7.-13",34210201600,1283504856
at_projections,"7.6.-7.11",5473632256,481779306
at_projections,"7.6.1.-3",5473632256,160656256
at_projections,"7.6.13.-24",2736816128,277493454
at_projections,"7.6.21.-38",13684080640,1080100668
at_projections,"7.6.25.-45",5473632256,275510652
at_projections,"7.6.5.-10",21894529024,240817920
at_projections,"7.6.9.-17",34210201600,628448300
at_projections,"7.7.-1.0",5473632256,160656256
at_projections,"7.7.-9.14",2736816128,277493454
at_projections,"7.7.11.-21",10947264512,120408960
at_projections,"7.7.15.-28",1368408064,173604180
at_projections,"7.7.19.-35",6842040320,455679580
at_projections,"7.7.23.-42",5473632256,275510652
at_projections,"7.7.3.-7",21894529024,240817920
at_projections,"7.7.7.-14",54736322560,1978642214
at_projections,"7.8.-11.17",2736816128,277493454
at_projections,"7.8.-15.24",5473632256,287623116
at_projections,"7.8.-3.3",5473632256,160656256
at_projections,"7.8.1.-4",21894529024,240817920
at_projections,"7.8.13.-25",1368408064,173604180
at_projections,"7.8.17.-32",5473632256,275510652
at_projections,"7.8.21.-39",10947264512,856970292
at_projections,"7.8.5.-11",42420649984,1066598010
at_projections,"7.8.9.-18",21894529024,240817920
at_projections,"7.9.-1.-1",21894529024,240817920
at_projections,"7.9.-13.20",8210448384,565116570
at_projections,"7.9.-5.6",5473632256,160656256
at_projections,"7.9.11.-22",10947264512,578781056
at_projections,"7.9.15.-29",5473632256,275510652
at_projections,"7.9.19.-36",10947264512,856970292
at_projections,"7.9.3.-8",32841793536,321312512
at_projections,"7.9.7.-15",32841793536,1109900676
at_projections,"8.-1.10.-15",2736816128,277493454
at_projections,"8.-1.14.-22",12315672576,504885588
at_projections,"8.-1.18.-29",2736816128,277493454
at_projections,"8.-1.2.-1",2736816128,277493454
at_projections,"8.-1.22.-36",5473632256,418124800
at_projections,"8.-1.6.-8",1368408064,173604180
at_projections,"8.-2.16.-25",6842040320,595011516
at_projections,"8.-2.20.-32",2736816128,277493454
at_projections,"8.-3.14.-21",5473632256,421407336
at_projections,"8.-4.16.-24",10947264512,331281408
at_projections,"8.0.0.2",5473632256,554986908
at_projections,"8.0.12.-19",10947264512,839532136
at_projections,"8.0.16.-26",2736816128,277493454
at_projections,"8.0.20.-33",1368408064,173604180
at_projections,"8.0.24.-40",12315672576,1166517002
at_projections,"8.0.4.-5",1368408064,173604180
at_projections,"8.0.8.-12",8210448384,553004106
at_projections,"8.1.-2.5",2736816128,277493454
at_projections,"8.1.10.-16",1368408064,173604180
at_projections,"8.1.14.-23",8210448384,698900790
at_projections,"8.1.18.-30",1368408064,173604180
at_projections,"8.1.2.-2",6842040320,591728980
at_projections,"8.1.22.-37",1368408064,173604180
at_projections,"8.1.6.-9",2736816128,277493454
at_projections,"8.10.-4.4",5473632256,160656256
at_projections,"8.10.-8.11",1368408064,173604180
at_projections,"8.10.0.-3",21894529024,240817920
at_projections,"8.10.12.-24",1368408064,173604180
at_projections,"8.10.20.-38",16420896768,891737784
at_projections,"8.10.4.-10",32841793536,321312512
at_projections,"8.10.8.-17",30104977408,952955076
at_projections,"8.11.-10.14",1368408064,173604180
at_projections,"8.11.-14.21",5473632256,421407336
at_projections,"8.11.-2.0",21894529024,240817920
at_projections,"8.11.-6.7",5473632256,160656256
at_projections,"8.11.10.-21",6842040320,334260436
at_projections,"8.11.14.-28",2736816128,204285852
at_projections,"8.11.18.-35",5473632256,408571704
at_projections,"8.11.2.-7",32841793536,321312512
at_projections,"8.11.22.-42",2736816128,204285852
at_projections,"8.11.6.-14",39683833856,1327163148
at_projections,"8.12.-12.17",10947264512,839532136
at_projections,"8.12.-16.24",10947264512,331281408
at_projections,"8.12.-4.3",21894529024,240817920
at_projections,"8.12.0.-4",32841793536,321312512
at_projections,"8.12.12.-25",2736816128,277493454
at_projections,"8.12.16.-32",10947264512,310278144
at_projections,"8.12.20.-39",6842040320,624421088
at_projections,"8.12.4.-11",27368161280,662225256
at_projections,"8.12.8.-18",5473632256,160656256
at_projections,"8.13.-10.13",5473632256,421407336
at_projections,"8.13.-14.20",12315672576,504885588
at_projections,"8.13.-2.-1",32841793536,321312512
at_projections,"8.13.-6.6",21894529024,240817920
at_projections,"8.13.10.-22",5473632256,481779306
at_projections,"8.13.14.-29",5473632256,408571704
at_projections,"8.13.18.-36",4105224192,384454780
at_projections,"8.13.2.-8",21894529024,240817920
at_projections,"8.13.6.-15",17789304832,1206484680
at_projections,"8.14.-12.16",10947264512,331281408
at_projections,"8.14.-16.23",6842040320,595011516
at_projections,"8.14.-4.2",32841793536,321312512
at_projections,"8.14.-8.9",20526120960,1012715044
at_projections,"8.14.0.-5",21894529024,240817920
at_projections,"8.14.12.-26",10947264512,310278144
at_projections,"8.14.20.-40",2736816128,290729820
at_projections,"8.14.4.-12",17789304832,672106592
at_projections,"8.14.8.-19",2736816128,277493454
at_projections,"8.15.-10.12",10947264512,331281408
at_projections,"8.15.-14.19",8210448384,698900790
at_projections,"8.15.-2.-2",21894529024,240817920
at_projections,"8.15.-6.5",39683833856,922888776
at_projections,"8.15.10.-23",5473632256,408571704
at_projections,"8.15.14.-30",2736816128,204285852
at_projections,"8.15.18.-37",5473632256,581459640
at_projections,"8.15.2.-9",10947264512,582063592
at_projections,"8.15.6.-16",8210448384,772509126
at_projections,"8.16.-12.15",5473632256,421407336
at_projections,"8.16.-16.22",2736816128,277493454
at_projections,"8.16.-4.1",27368161280,662225256
at_projections,"8.16.-8.8",51999506432,1858186206
at_projections,"8.16.0.-6",5473632256,160656256
at_projections,"8.16.12.-27",1368408064,173604180
at_projections,"8.16.4.-13",10947264512,1002866976
at_projections,"8.16.8.-20",12315672576,483882324
at_projections,"8.17.-10.11",10947264512,582063592
at_projections,"8.17.-18.25",2736816128,277493454
at_projections,"8.17.-2.-3",10947264512,582063592
at_projections,"8.17.-6.4",39683833856,1327163148
at_projections,"8.17.10.-24",2736816128,204285852
at_projections,"8.17.14.-31",2736816128,277493454
at_projections,"8.17.18.-38",6842040320,624421088
at_projections,"8.17.2.-10",13684080640,535567260
at_projections,"8.17.6.-17",6842040320,582175884
at_projections,"8.18.-20.28",2736816128,277493454
at_projections,"8.18.-4.0",17789304832,672106592
at_projections,"8.18.-8.7",30104977408,952955076
at_projections,"8.18.0.-7",10947264512,842814672
at_projections,"8.18.12.-28",2736816128,277493454
at_projections,"8.18.16.-35",1368408064,180168928
at_projections,"8.18.4.-14",23262937088,1352824032
at_projections,"8.19.-10.10",10947264512,120408960
at_projections,"8.19.-18.24",1368408064,173604180
at_projections,"8.19.-2.-4",13684080640,535567260
at_projections,"8.19.-6.3",17789304832,1206484680
at_projections,"8.19.10.-25",4105224192,451097634
at_projections,"8.19.14.-32",2736816128,277493454
at_projections,"8.19.18.-39",2736816128,290729820
at_projections,"8.19.2.-11",19157712896,1605159484
at_projections,"8.19.6.-18",2736816128,204285852
at_projections,"8.2.0.1",2736816128,347208360
at_projections,"8.2.12.-20",10947264512,331281408
at_projections,"8.2.20.-34",1368408064,173604180
at_projections,"8.2.24.-41",5473632256,444252160
at_projections,"8.2.4.-6",2736816128,277493454
at_projections,"8.2.8.-13",1368408064,173604180
at_projections,"8.20.-20.27",1368408064,173604180
at_projections,"8.20.-4.-1",10947264512,1002866976
at_projections,"8.20.-8.6",5473632256,160656256
at_projections,"8.20.0.-8",46525874176,1895295552
at_projections,"8.20.12.-29",2736816128,277493454
at_projections,"8.20.16.-36",10947264512,999584440
at_projections,"8.20.4.-15",10947264512,989630610
at_projections,"8.20.8.-22",4105224192,451097634
at_projections,"8.21.-10.9",6842040320,334260436
at_projections,"8.21.-2.-5",19157712896,1605159484
at_projections,"8.21.-22.30",5473632256,418124800
at_projections,"8.21.-6.2",8210448384,772509126
at_projections,"8.21.10.-26",4105224192,451097634
at_projections,"8.21.14.-33",1368408064,173604180
at_projections,"8.21.2.-12",24631345152,1672013808
at_projections,"8.21.6.-19",10947264512,839532136
at_projections,"8.22.-12.12",1368408064,173604180
at_projections,"8.22.-16.19",2736816128,277493454
at_projections,"8.22.-20.26",1368408064,173604180
at_projections,"8.22.-4.-2",23262937088,1352824032
at_projections,"8.22.-8.5",2736816128,277493454
at_projections,"8.22.0.-9",16420896768,1397801580
at_projections,"8.22.12.-30",1368408064,173604180
at_projections,"8.22.16.-37",6842040320,624421088
at_projections,"8.22.4.-16",12315672576,504885588
at_projections,"8.22.8.-23",9578856448,872504970
at_projections,"8.23.-10.8",5473632256,481779306
at_projections,"8.23.-14.15",5473632256,418124800
at_projections,"8.23.-18.22",2736816128,277493454
at_projections,"8.23.-2.-6",24631345152,1672013808
at_projections,"8.23.-22.29",1368408064,173604180
at_projections,"8.23.-6.1",6842040320,582175884
at_projections,"8.23.10.-27",5473632256,421407336
at_projections,"8.23.14.-34",1368408064,180168928
at_projections,"8.23.2.-13",13684080640,1219432604
at_projections,"8.23.6.-20",16420896768,749406208
at_projections,"8.24.-12.11",2736816128,277493454
at_projections,"8.24.-16.18",1368408064,173604180
at_projections,"8.24.-20.25",2736816128,277493454
at_projections,"8.24.-24.32",12315672576,1166517002
at_projections,"8.24.-4.-3",10947264512,989630610
at_projections,"8.24.-8.4",12315672576,483882324
at_projections,"8.24.0.-10",2736816128,360337856
at_projections,"8.24.12.-31",5473632256,421407336
at_projections,"8.24.16.-38",2736816128,290729820
at_projections,"8.24.4.-17",6842040320,595011516
at_projections,"8.24.8.-24",10947264512,331281408
at_projections,"8.25.-10.7",5473632256,408571704
at_projections,"8.25.-14.14",2736816128,204285852
at_projections,"8.25.-18.21",1368408064,173604180
at_projections,"8.25.-2.-7",13684080640,1219432604
at_projections,"8.25.-22.28",4105224192,457662382
at_projections,"8.25.-6.0",2736816128,204285852
at_projections,"8.25.10.-28",10947264512,331281408
at_projections,"8.25.14.-35",10947264512,1002866976
at_projections,"8.25.2.-14",4105224192,464334000
at_projections,"8.25.6.-21",5473632256,421407336
at_projections,"8.26.-12.10",10947264512,310278144
at_projections,"8.26.-24.31",5473632256,444252160
at_projections,"8.26.-4.-4",12315672576,504885588
at_projections,"8.26.0.-11",10947264512,1162919280
at_projections,"8.26.12.-32",10947264512,331281408
at_projections,"8.26.16.-39",5473632256,421407336
at_projections,"8.26.4.-18",2736816128,277493454
at_projections,"8.26.8.-25",5473632256,421407336
at_projections,"8.27.-10.6",2736816128,204285852
at_projections,"8.27.-14.13",5473632256,408571704
at_projections,"8.27.-18.20",2736816128,204285852
at_projections,"8.27.-2.-8",4105224192,464334000
at_projections,"8.27.-22.27",5473632256,581459640
at_projections,"8.27.-6.-1",10947264512,839532136
at_projections,"8.27.10.-29",5473632256,421407336
at_projections,"8.27.14.-36",17789304832,955702496
at_projections,"8.27.2.-15",4105224192,457662382
at_projections,"8.28.-12.9",1368408064,173604180
at_projections,"8.28.-16.16",10947264512,310278144
at_projections,"8.28.-20.23",1368408064,180168928
at_projections,"8.28.-24.30",2736816128,290729820
at_projections,"8.28.-4.-5",6842040320,595011516
at_projections,"8.28.-8.2",4105224192,451097634
at_projections,"8.28.0.-12",19157712896,1803829084
at_projections,"8.28.12.-33",6842040320,601576264
at_projections,"8.28.16.-40",10947264512,331281408
at_projections,"8.29.-10.5",4105224192,451097634
at_projections,"8.29.-14.12",2736816128,204285852
at_projections,"8.29.-18.19",5473632256,408571704
at_projections,"8.29.-2.-9",4105224192,457662382
at_projections,"8.29.-22.26",9578856448,828706940
at_projections,"8.29.-6.-2",16420896768,749406208
at_projections,"8.29.14.-37",8210448384,712137156
at_projections,"8.29.2.-16",5473632256,581459640
at_projections,"8.3.-2.4",6842040320,591728980
at_projections,"8.3.10.-17",5473632256,421407336
at_projections,"8.3.22.-38",4105224192,457662382
at_projections,"8.30.-12.8",2736816128,277493454
at_projections,"8.30.-20.22",16420896768,891737784
at_projections,"8.30.-4.-6",2736816128,277493454
at_projections,"8.30.-8.1",9578856448,872504970
at_projections,"8.30.0.-13",5473632256,581459640
at_projections,"8.30.12.-34",5473632256,581459640
at_projections,"8.30.4.-20",1368408064,180168928
at_projections,"8.31.-10.4",4105224192,451097634
at_projections,"8.31.-14.11",2736816128,277493454
at_projections,"8.31.-18.18",4105224192,384454780
at_projections,"8.31.-2.-10",5473632256,581459640
at_projections,"8.31.-22.25",8210448384,699301524
at_projections,"8.31.-6.-3",5473632256,421407336
at_projections,"8.31.2.-17",6842040320,624421088
at_projections,"8.32.-12.7",2736816128,277493454
at_projections,"8.32.-20.21",6842040320,624421088
at_projections,"8.32.-24.28",10947264512,310278144
at_projections,"8.32.-8.0",10947264512,331281408
at_projections,"8.32.12.-35",6842040320,624421088
at_projections,"8.32.4.-21",5473632256,581459640
at_projections,"8.32.8.-28",5473632256,275510652
at_projections,"8.33.-10.3",5473632256,421407336
at_projections,"8.33.-14.10",2736816128,277493454
at_projections,"8.33.-18.17",5473632256,581459640
at_projections,"8.33.-2.-11",6842040320,624421088
at_projections,"8.33.-22.24",2736816128,204285852
at_projections,"8.33.10.-32",1368408064,180168928
at_projections,"8.33.2.-18",2736816128,290729820
at_projections,"8.33.6.-25",1368408064,180168928
at_projections,"8.34.-12.6",1368408064,173604180
at_projections,"8.34.-16.13",1368408064,180168928
at_projections,"8.34.-20.20",2736816128,290729820
at_projections,"8.34.-4.-8",1368408064,180168928
at_projections,"8.34.-8.-1",5473632256,421407336
at_projections,"8.34.12.-36",2736816128,290729820
at_projections,"8.34.4.-22",6842040320,624421088
at_projections,"8.35.-10.2",10947264512,331281408
at_projections,"8.35.-14.9",1368408064,173604180
at_projections,"8.35.-18.16",6842040320,624421088
at_projections,"8.35.-2.-12",2736816128,290729820
at_projections,"8.35.10.-33",5473632256,581459640
at_projections,"8.35.6.-26",5473632256,581459640
at_projections,"8.36.-12.5",5473632256,421407336
at_projections,"8.36.-16.12",10947264512,999584440
at_projections,"8.36.-4.-9",5473632256,581459640
at_projections,"8.36.4.-23",2736816128,290729820
at_projections,"8.36.8.-30",1368408064,180168928
at_projections,"8.37.-10.1",5473632256,421407336
at_projections,"8.37.-14.8",1368408064,180168928
at_projections,"8.37.-18.15",2736816128,290729820
at_projections,"8.37.10.-34",5473632256,444252160
at_projections,"8.37.6.-27",6842040320,624421088
at_projections,"8.38.-12.4",10947264512,331281408
at_projections,"8.38.-16.11",6842040320,624421088
at_projections,"8.38.-4.-10",6842040320,624421088
at_projections,"8.38.8.-31",6842040320,761628568
at_projections,"8.39.-14.7",10947264512,1002866976
at_projections,"8.39.-6.-7",1368408064,180168928
at_projections,"8.39.6.-28",2736816128,290729820
at_projections,"8.4.-4.7",1368408064,173604180
at_projections,"8.4.12.-21",5473632256,421407336
at_projections,"8.4.20.-35",2736816128,277493454
at_projections,"8.4.24.-42",2736816128,290729820
at_projections,"8.40.-12.3",6842040320,601576264
at_projections,"8.40.-16.10",2736816128,290729820
at_projections,"8.40.-4.-11",2736816128,290729820
at_projections,"8.40.-8.-4",5473632256,275510652
at_projections,"8.40.8.-32",12315672576,1186079614
at_projections,"8.41.-14.6",17789304832,955702496
at_projections,"8.41.-6.-8",5473632256,581459640
at_projections,"8.42.-12.2",5473632256,581459640
at_projections,"8.42.-16.9",5473632256,421407336
at_projections,"8.43.-10.-2",1368408064,180168928
at_projections,"8.43.-14.5",8210448384,712137156
at_projections,"8.43.-6.-9",6842040320,624421088
at_projections,"8.44.-12.1",6842040320,624421088
at_projections,"8.44.-16.8",10947264512,331281408
at_projections,"8.44.-8.-6",1368408064,180168928
at_projections,"8.45.-10.-3",5473632256,581459640
at_projections,"8.45.-6.-10",2736816128,290729820
at_projections,"8.46.-12.0",2736816128,290729820
at_projections,"8.46.-8.-7",6842040320,761628568
at_projections,"8.47.-10.-4",5473632256,444252160
at_projections,"8.48.-8.-8",12315672576,1186079614
at_projections,"8.5.-6.10",1368408064,173604180
at_projections,"8.5.10.-18",10947264512,331281408
at_projections,"8.5.18.-32",2736816128,277493454
at_projections,"8.5.22.-39",5473632256,581459640
at_projections,"8.5.6.-11",5473632256,160656256
at_projections,"8.6.-4.6",2736816128,277493454
at_projections,"8.6.16.-29",2736816128,277493454
at_projections,"8.6.4.-8",5473632256,160656256
at_projections,"8.6.8.-15",20526120960,1012715044
at_projections,"8.7.-6.9",2736816128,277493454
at_projections,"8.7.10.-19",10947264512,582063592
at_projections,"8.7.18.-33",1368408064,173604180
at_projections,"8.7.2.-5",5473632256,160656256
at_projections,"8.7.22.-40",9578856448,828706940
at_projections,"8.7.6.-12",21894529024,240817920
at_projections,"8.8.-8.12",8210448384,553004106
at_projections,"8.8.0.-2",5473632256,160656256
at_projections,"8.8.16.-30",1368408064,173604180
at_projections,"8.8.20.-37",1368408064,180168928
at_projections,"8.8.24.-44",10947264512,310278144
at_projections,"8.8.4.-9",21894529024,240817920
at_projections,"8.8.8.-16",51999506432,1858186206
at_projections,"8.9.-10.15",2736816128,277493454
at_projections,"8.9.-2.1",5473632256,160656256
at_projections,"8.9.10.-20",10947264512,120408960
at_projections,"8.9.14.-27",5473632256,418124800
at_projections,"8.9.18.-34",2736816128,204285852
at_projections,"8.9.2.-6",21894529024,240817920
at_projections,"8.9.22.-41",8210448384,699301524
at_projections,"8.9.6.-13",39683833856,922888776
at_projections,"9.-1.17.-27",5473632256,287623116
at_projections,"9.-2.15.-23",5473632256,287623116
at_projections,"9.0.15.-24",10947264512,575246232
at_projections,"9.1.13.-21",6842040320,461227296
at_projections,"9.1.17.-28",2736816128,277493454
at_projections,"9.1.21.-35",1368408064,173604180
at_projections,"9.1.9.-14",2736816128,204285852
at_projections,"9.10.-1.-1",5473632256,160656256
at_projections,"9.10.-5.6",1368408064,173604180
at_projections,"9.10.-9.13",2736816128,204285852
at_projections,"9.10.15.-29",1368408064,173604180
at_projections,"9.10.23.-43",5473632256,275510652
at_projections,"9.10.3.-8",21894529024,240817920
at_projections,"9.10.7.-15",35578609664,739009192
at_projections,"9.11.-3.2",5473632256,160656256
at_projections,"9.11.-7.9",1368408064,173604180
at_projections,"9.11.1.-5",21894529024,240817920
at_projections,"9.11.13.-26",1368408064,173604180
at_projections,"9.11.21.-40",8210448384,566240472
at_projections,"9.11.5.-12",32841793536,321312512
at_projections,"9.11.9.-19",17789304832,588201004
at_projections,"9.12.-1.-2",21894529024,240817920
at_projections,"9.12.-5.5",5473632256,160656256
at_projections,"9.12.-9.12",8210448384,622410652
at_projections,"9.12.15.-30",2736816128,277493454
at_projections,"9.12.19.-37",5473632256,275510652
at_projections,"9.12.23.-44",5473632256,275510652
at_projections,"9.12.3.-9",32841793536,321312512
at_projections,"9.12.7.-16",36947017728,1286962900
at_projections,"9.13.-11.15",1368408064,173604180
at_projections,"9.13.-15.22",5473632256,287623116
at_projections,"9.13.-3.1",21894529024,240817920
at_projections,"9.13.1.-6",32841793536,321312512
at_projections,"9.13.13.-27",2736816128,277493454
at_projections,"9.13.17.-34",5473632256,275510652
at_projections,"9.13.21.-41",6842040320,455679580
at_projections,"9.13.5.-13",27368161280,528441036
at_projections,"9.13.9.-20",5473632256,160656256
at_projections,"9.14.-1.-3",32841793536,321312512
at_projections,"9.14.-13.18",6842040320,461227296
at_projections,"9.14.-5.4",21894529024,240817920
at_projections,"9.14.11.-24",2736816128,277493454
at_projections,"9.14.15.-31",5473632256,275510652
at_projections,"9.14.19.-38",6842040320,455679580
at_projections,"9.14.3.-10",21894529024,240817920
at_projections,"9.14.7.-17",12315672576,628448300
at_projections,"9.15.-11.14",8210448384,565116570
at_projections,"9.15.-15.21",10947264512,575246232
at_projections,"9.15.-3.0",32841793536,321312512
at_projections,"9.15.-7.7",12315672576,300577888
at_projections,"9.15.1.-7",21894529024,240817920
at_projections,"9.15.13.-28",5473632256,275510652
at_projections,"9.15.17.-35",5473632256,275510652
at_projections,"9.15.5.-14",17789304832,916071416
at_projections,"9.15.9.-21",2736816128,277493454
at_projections,"9.16.-1.-4",21894529024,240817920
at_projections,"9.16.-13.17",13684080640,852739686
at_projections,"9.16.-17.24",5473632256,287623116
at_projections,"9.16.-5.3",32841793536,321312512
at_projections,"9.16.-9.10",5473632256,287623116
at_projections,"9.16.11.-25",6842040320,449114832
at_projections,"9.16.15.-32",5473632256,275510652
at_projections,"9.16.19.-39",2736816128,290729820
at_projections,"9.16.3.-11",10947264512,448279372
at_projections,"9.17.-11.13",10947264512,575246232
at_projections,"9.17.-15.20",8210448384,565116570
at_projections,"9.17.-3.-1",21894529024,240817920
at_projections,"9.17.-7.6",35578609664,739009192
at_projections,"9.17.1.-8",5473632256,160656256
at_projections,"9.17.13.-29",5473632256,275510652
at_projections,"9.17.5.-15",8210448384,578352936
at_projections,"9.17.9.-22",6842040320,449114832
at_projections,"9.18.-1.-5",5473632256,160656256
at_projections,"9.18.-13.16",5473632256,287623116
at_projections,"9.18.-17.23",2736816128,277493454
at_projections,"9.18.-5.2",27368161280,528441036
at_projections,"9.18.-9.9",20526120960,1206801236
at_projections,"9.18.11.-26",5473632256,275510652
at_projections,"9.18.19.-40",1368408064,180168928
at_projections,"9.18.3.-12",10947264512,575246232
at_projections,"9.18.7.-19",10947264512,693635452
at_projections,"9.19.-11.12",5473632256,287623116
at_projections,"9.19.-15.19",1368408064,173604180
at_projections,"9.19.-3.-2",10947264512,448279372
at_projections,"9.19.-7.5",36947017728,1286962900
at_projections,"9.19.1.-9",5473632256,287623116
at_projections,"9.19.13.-30",2736816128,277493454
at_projections,"9.19.17.-37",1368408064,180168928
at_projections,"9.19.5.-16",8210448384,629283760
at_projections,"9.19.9.-23",5473632256,275510652
at_projections,"9.2.11.-18",1368408064,173604180
at_projections,"9.2.15.-25",8210448384,565116570
at_projections,"9.2.19.-32",5473632256,418124800
at_projections,"9.2.23.-39",4105224192,451097634
at_projections,"9.2.3.-4",2736816128,347208360
at_projections,"9.2.7.-11",2736816128,277493454
at_projections,"9.20.-1.-6",5473632256,287623116
at_projections,"9.20.-17.22",1368408064,173604180
at_projections,"9.20.-5.1",17789304832,916071416
at_projections,"9.20.-9.8",17789304832,588201004
at_projections,"9.20.11.-27",2736816128,277493454
at_projections,"9.20.3.-13",13684080640,916906876
at_projections,"9.20.7.-20",5473632256,275510652
at_projections,"9.21.-19.25",5473632256,418124800
at_projections,"9.21.-3.-3",10947264512,575246232
at_projections,"9.21.-7.4",12315672576,628448300
at_projections,"9.21.1.-10",24631345152,1349083668
at_projections,"9.21.13.-31",1368408064,173604180
at_projections,"9.21.17.-38",4105224192,464334000
at_projections,"9.21.5.-17",8210448384,553004106
at_projections,"9.22.-1.-7",24631345152,1349083668
at_projections,"9.22.-21.28",1368408064,173604180
at_projections,"9.22.-5.0",8210448384,578352936
at_projections,"9.22.-9.7",5473632256,160656256
at_projections,"9.22.11.-28",4105224192,451097634
at_projections,"9.22.15.-35",1368408064,173604180
at_projections,"9.22.3.-14",16420896768,1131357042
at_projections,"9.22.7.-21",1368408064,173604180
at_projections,"9.23.-3.-4",13684080640,916906876
at_projections,"9.23.1.-11",30104977408,1904070576
at_projections,"9.23.13.-32",5473632256,418124800
at_projections,"9.23.17.-39",1368408064,180168928
at_projections,"9.23.5.-18",6842040320,461227296
at_projections,"9.23.9.-25",8210448384,695618254
at_projections,"9.24.-1.-8",30104977408,1904070576
at_projections,"9.24.-13.13",1368408064,173604180
at_projections,"9.24.-21.27",2736816128,277493454
at_projections,"9.24.-5.-1",8210448384,629283760
at_projections,"9.24.-9.6",2736816128,277493454
at_projections,"9.24.11.-29",1368408064,173604180
at_projections,"9.24.15.-36",4105224192,457662382
at_projections,"9.24.3.-15",17789304832,1173539960
at_projections,"9.24.7.-22",9578856448,738720750
at_projections,"9.25.-11.9",2736816128,277493454
at_projections,"9.25.-15.16",1368408064,173604180
at_projections,"9.25.-19.23",2736816128,277493454
at_projections,"9.25.-23.30",4105224192,451097634
at_projections,"9.25.-3.-5",16420896768,1131357042
at_projections,"9.25.-7.2",10947264512,693635452
at_projections,"9.25.1.-12",9578856448,815000404
at_projections,"9.25.5.-19",15052488704,1026343866
at_projections,"9.25.9.-26",6842040320,461227296
at_projections,"9.26.-1.-9",9578856448,815000404
at_projections,"9.26.-13.12",2736816128,277493454
at_projections,"9.26.-17.19",5473632256,418124800
at_projections,"9.26.-21.26",2736816128,277493454
at_projections,"9.26.-5.-2",8210448384,553004106
at_projections,"9.26.-9.5",6842040320,449114832
at_projections,"9.26.11.-30",5473632256,287623116
at_projections,"9.26.15.-37",2736816128,290729820
at_projections,"9.26.3.-16",5473632256,287623116
at_projections,"9.26.7.-23",13684080640,852739686
at_projections,"9.27.-11.8",6842040320,449114832
at_projections,"9.27.-15.15",2736816128,277493454
at_projections,"9.27.-19.22",1368408064,173604180
at_projections,"9.27.-23.29",4105224192,457662382
at_projections,"9.27.-3.-6",17789304832,1173539960
at_projections,"9.27.-7.1",5473632256,275510652
at_projections,"9.27.1.-13",2736816128,290729820
at_projections,"9.27.13.-34",5473632256,287623116
at_projections,"9.27.5.-20",8210448384,565116570
at_projections,"9.27.9.-27",10947264512,575246232
at_projections,"9.28.-1.-10",2736816128,290729820
at_projections,"9.28.-13.11",5473632256,275510652
at_projections,"9.28.-21.25",1368408064,173604180
at_projections,"9.28.-5.-3",6842040320,461227296
at_projections,"9.28.-9.4",5473632256,275510652
at_projections,"9.28.11.-31",10947264512,575246232
at_projections,"9.28.15.-38",6842040320,467792044
at_projections,"9.28.3.-17",2736816128,277493454
at_projections,"9.28.7.-24",5473632256,287623116
at_projections,"9.29.-11.7",5473632256,275510652
at_projections,"9.29.-15.14",5473632256,275510652
at_projections,"9.29.-23.28",2736816128,290729820
at_projections,"9.29.-3.-7",5473632256,287623116
at_projections,"9.29.-7.0",1368408064,173604180
at_projections,"9.29.1.-14",5473632256,637831310
at_projections,"9.29.13.-35",12315672576,755415160
at_projections,"9.29.17.-42",5473632256,287623116
at_projections,"9.29.9.-28",5473632256,287623116
at_projections,"9.3.1.-1",6842040320,591728980
at_projections,"9.3.13.-22",13684080640,852739686
at_projections,"9.3.17.-29",1368408064,173604180
at_projections,"9.3.21.-36",2736816128,277493454
at_projections,"9.3.5.-8",2736816128,277493454
at_projections,"9.3.9.-15",8210448384,622410652
at_projections,"9.30.-1.-11",5473632256,637831310
at_projections,"9.30.-13.10",5473632256,275510652
at_projections,"9.30.-17.17",5473632256,275510652
at_projections,"9.30.-21.24",1368408064,180168928
at_projections,"9.30.-5.-4",15052488704,1026343866
at_projections,"9.30.11.-32",5473632256,287623116
at_projections,"9.30.15.-39",10947264512,575246232
at_projections,"9.30.3.-18",1368408064,173604180
at_projections,"9.31.-11.6",2736816128,277493454
at_projections,"9.31.-15.13",5473632256,275510652
at_projections,"9.31.-19.20",5473632256,275510652
at_projections,"9.31.-23.27",1368408064,180168928
at_projections,"9.31.-3.-8",2736816128,277493454
at_projections,"9.31.-7.-1",9578856448,738720750
at_projections,"9.31.1.-15",4105224192,464334000
at_projections,"9.31.13.-36",8210448384,578352936
at_projections,"9.32.-1.-12",4105224192,464334000
at_projections,"9.32.-13.9",2736816128,277493454
at_projections,"9.32.-17.16",5473632256,275510652
at_projections,"9.32.-21.23",8210448384,566240472
at_projections,"9.32.-5.-5",8210448384,565116570
at_projections,"9.32.-9.2",8210448384,695618254
at_projections,"9.32.15.-40",5473632256,287623116
at_projections,"9.32.3.-19",1368408064,180168928
at_projections,"9.33.-11.5",4105224192,451097634
at_projections,"9.33.-19.19",6842040320,455679580
at_projections,"9.33.-23.26",5473632256,275510652
at_projections,"9.33.-3.-9",1368408064,173604180
at_projections,"9.33.-7.-2",13684080640,852739686
at_projections,"9.33.1.-16",1368408064,180168928
at_projections,"9.33.13.-37",1368408064,180168928
at_projections,"9.33.9.-30",2736816128,204285852
at_projections,"9.34.-1.-13",1368408064,180168928
at_projections,"9.34.-13.8",1368408064,173604180
at_projections,"9.34.-21.22",6842040320,455679580
at_projections,"9.34.-9.1",6842040320,461227296
at_projections,"9.34.11.-34",1368408064,180168928
at_projections,"9.34.3.-20",2736816128,290729820
at_projections,"9.35.-11.4",1368408064,173604180
at_projections,"9.35.-19.18",2736816128,290729820
at_projections,"9.35.-23.25",5473632256,275510652
at_projections,"9.35.-3.-10",1368408064,180168928
at_projections,"9.35.-7.-3",5473632256,287623116
at_projections,"9.35.5.-24",1368408064,180168928
at_projections,"9.35.9.-31",2736816128,204285852
at_projections,"9.36.-13.7",5473632256,418124800
at_projections,"9.36.-17.14",1368408064,180168928
at_projections,"9.36.-9.0",10947264512,575246232
at_projections,"9.36.11.-35",2736816128,290729820
at_projections,"9.36.3.-21",1368408064,180168928
at_projections,"9.37.-11.3",5473632256,287623116
at_projections,"9.37.-15.10",1368408064,173604180
at_projections,"9.37.-19.17",1368408064,180168928
at_projections,"9.37.-3.-11",2736816128,290729820
at_projections,"9.37.5.-25",2736816128,290729820
at_projections,"9.38.-17.13",4105224192,464334000
at_projections,"9.38.-9.-1",5473632256,287623116
at_projections,"9.38.11.-36",1368408064,180168928
at_projections,"9.38.7.-29",1368408064,180168928
at_projections,"9.39.-11.2",10947264512,575246232
at_projections,"9.39.-15.9",4105224192,457662382
at_projections,"9.39.-3.-12",1368408064,180168928
at_projections,"9.39.5.-26",1368408064,180168928
at_projections,"9.39.9.-33",1368408064,180168928
at_projections,"9.4.-1.2",6842040320,591728980
at_projections,"9.4.11.-19",8210448384,565116570
at_projections,"9.4.15.-26",1368408064,173604180
at_projections,"9.4.23.-40",4105224192,457662382
at_projections,"9.4.3.-5",2736816128,277493454
at_projections,"9.4.7.-12",1368408064,173604180
at_projections,"9.40.-13.5",5473632256,287623116
at_projections,"9.40.-17.12",1368408064,180168928
at_projections,"9.40.-5.-9",1368408064,180168928
at_projections,"9.40.7.-30",2736816128,290729820
at_projections,"9.41.-11.1",5473632256,287623116
at_projections,"9.41.-15.8",2736816128,290729820
at_projections,"9.41.9.-34",4105224192,470898748
at_projections,"9.42.-13.4",12315672576,755415160
at_projections,"9.42.-5.-10",2736816128,290729820
at_projections,"9.42.-9.-3",2736816128,204285852
at_projections,"9.42.7.-31",1368408064,180168928
at_projections,"9.43.-15.7",6842040320,467792044
at_projections,"9.44.-13.3",8210448384,578352936
at_projections,"9.44.-5.-11",1368408064,180168928
at_projections,"9.44.-9.-4",2736816128,204285852
at_projections,"9.45.-11.-1",1368408064,180168928
at_projections,"9.45.-15.6",10947264512,575246232
at_projections,"9.45.-7.-8",1368408064,180168928
at_projections,"9.46.-13.2",1368408064,180168928
at_projections,"9.46.-17.9",5473632256,287623116
at_projections,"9.47.-11.-2",2736816128,290729820
at_projections,"9.47.-15.5",5473632256,287623116
at_projections,"9.47.-7.-9",2736816128,290729820
at_projections,"9.48.-9.-6",1368408064,180168928
at_projections,"9.49.-11.-3",1368408064,180168928
at_projections,"9.49.-7.-10",1368408064,180168928
at_projections,"9.5.-3.5",2736816128,347208360
at_projections,"9.5.1.-2",2736816128,277493454
at_projections,"9.5.13.-23",5473632256,287623116
at_projections,"9.5.21.-37",2736816128,277493454
at_projections,"9.5.5.-9",1368408064,173604180
at_projections,"9.50.-9.-7",4105224192,470898748
at_projections,"9.6.-1.1",2736816128,277493454
at_projections,"9.6.11.-20",10947264512,575246232
at_projections,"9.6.19.-34",2736816128,277493454
at_projections,"9.6.23.-41",2736816128,290729820
at_projections,"9.7.-3.4",2736816128,277493454
at_projections,"9.7.21.-38",1368408064,173604180
at_projections,"9.7.5.-10",5473632256,160656256
at_projections,"9.7.9.-17",5473632256,287623116
at_projections,"9.8.-5.7",2736816128,277493454
at_projections,"9.8.11.-21",5473632256,287623116
at_projections,"9.8.19.-35",1368408064,173604180
at_projections,"9.8.23.-42",1368408064,180168928
at_projections,"9.8.3.-7",5473632256,160656256
at_projections,"9.8.7.-14",12315672576,300577888
at_projections,"9.9.-7.10",2736816128,277493454
at_projections,"9.9.1.-4",5473632256,160656256
at_projections,"9.9.17.-32",5473632256,418124800
at_projections,"9.9.21.-39",1368408064,180168928
at_projections,"9.9.5.-11",21894529024,240817920
at_projections,"9.9.9.-18",20526120960,1206801236
