rank,feature_value,p_num,p_den,A_num,A_den,s_bits,g_bits
1,-1.-10.-7.17,1,73984,2882702848,1220195071,16.174925682500678,1.2403103219883826
2,-1.-12.-3.11,1,36992,2882702848,1220195071,15.174925682500678,1.2403103219883826
3,-1.-13.-9.22,3,73984,2882702848,1220195071,14.589963181779522,1.2403103219883826
4,-1.-15.-5.16,1,18496,2882702848,1220195071,14.174925682500678,1.2403103219883826
5,-1.-15.3.2,5,73984,2882702848,1220195071,13.852997587613316,1.2403103219883826
6,-1.-17.-9.24,3,36992,2882702848,1220195071,13.589963181779522,1.2403103219883826
7,-1.-17.7.-4,7,73984,2882702848,1220195071,13.367570760443074,1.2403103219883826
8,-1.-18.-7.21,1,9248,2882702848,1220195071,13.174925682500678,1.2403103219883826
9,-1.-20.5.1,9,73984,2882702848,1220195071,13.005000681058366,1.2403103219883826
10,-1.-22.9.-5,5,36992,2882702848,1220195071,12.852997587613316,1.2403103219883826
11,-1.-25.7.0,11,73984,2882702848,1220195071,12.715494063863382,1.2403103219883826
12,-1.-26.9.-3,3,18496,2882702848,1220195071,12.589963181779522,1.2403103219883826
13,-1.-9.19.-29,13,73984,2882702848,1220195071,12.474485964359587,1.2403103219883826
14,-1.10.-19.28,7,36992,2882702848,1220195071,12.367570760443074,1.2403103219883826
15,-1.13.-5.2,15,73984,2882702848,1220195071,12.26803508689216,1.2403103219883826
16,-1.15.-9.8,1,4624,2882702848,1220195071,12.174925682500678,1.2403103219883826
17,-1.6.9.-19,1,4352,2882702848,1220195071,12.087462841250339,1.2403103219883826
18,-1.8.5.-13,9,36992,2882702848,1220195071,12.005000681058366,1.2403103219883826
19,-11.-18.-9.22,19,73984,2882702848,1220195071,11.926998169057093,1.2403103219883826
20,-11.-27.9.-5,5,18496,2882702848,1220195071,11.852997587613316,1.2403103219883826
21,-13.-18.-7.18,21,73984,2882702848,1220195071,11.782608259721918,1.2403103219883826
22,-13.-25.-9.25,11,36992,2882702848,1220195071,11.715494063863382,1.2403103219883826
23,-13.-25.7.-3,23,73984,2882702848,1220195071,11.651363726443666,1.2403103219883826
24,-13.-26.-7.22,3,9248,2882702848,1220195071,11.589963181779522,1.2403103219883826
25,-13.-33.7.1,25,73984,2882702848,1220195071,11.531069492725955,1.2403103219883826
26,-13.-34.9.-2,13,36992,2882702848,1220195071,11.474485964359587,1.2403103219883826
27,-14.-20.-6.17,27,73984,2882702848,1220195071,11.42003818033721,1.2403103219883826
28,-14.-25.-4.16,7,18496,2882702848,1220195071,11.367570760443074,1.2403103219883826
29,-14.-26.6.-1,29,73984,2882702848,1220195071,11.316944687373107,1.2403103219883826
30,-14.-29.4.4,15,36992,2882702848,1220195071,11.26803508689216,1.2403103219883826
31,-15.-22.-5.16,31,73984,2882702848,1220195071,11.220729372113803,1.2403103219883826
32,-15.-27.-3.15,1,2312,2882702848,1220195071,11.174925682500678,1.2403103219883826
33,-15.-27.5.1,33,73984,2882702848,1220195071,11.130531563142226,1.2403103219883826
34,-15.-28.-9.26,1,2176,2882702848,1220195071,11.087462841250339,1.2403103219883826
35,-15.-30.3.6,35,73984,2882702848,1220195071,11.045642665555713,1.2403103219883826
36,-15.-37.9.-1,9,18496,2882702848,1220195071,11.005000681058366,1.2403103219883826
37,-16.-27.-6.20,37,73984,2882702848,1220195071,10.965472316871729,1.2403103219883826
38,-16.-29.-2.14,19,36992,2882702848,1220195071,10.926998169057093,1.2403103219883826
39,-16.-31.2.8,39,73984,2882702848,1220195071,10.88952346363843,1.2403103219883826
40,-16.-33.6.2,5,9248,2882702848,1220195071,10.852997587613316,1.2403103219883826
41,-17.-26.-3.14,41,73984,2882702848,1220195071,10.817373677882594,1.2403103219883826
42,-17.-29.-5.19,21,36992,2882702848,1220195071,10.782608259721918,1.2403103219883826
43,-17.-29.3.5,43,73984,2882702848,1220195071,10.74866092779858,1.2403103219883826
44,-17.-31.-1.13,11,18496,2882702848,1220195071,10.715494063863382,1.2403103219883826
45,-17.-32.1.10,45,73984,2882702848,1220195071,10.683072586171004,1.2403103219883826
46,-17.-34.-3.18,23,36992,2882702848,1220195071,10.651363726443666,1.2403103219883826
47,-17.-34.5.4,47,73984,2882702848,1220195071,10.620336830823042,1.2403103219883826
48,-17.-35.-9.29,3,4624,2882702848,1220195071,10.589963181779522,1.2403103219883826
49,-17.-37.-5.23,49,73984,2882702848,1220195071,10.56021583838547,1.2403103219883826
50,-17.-37.3.9,25,36992,2882702848,1220195071,10.531069492725955,1.2403103219883826
51,-17.-42.5.8,3,4352,2882702848,1220195071,10.502500340529183,1.2403103219883826
52,-17.-44.9.2,13,18496,2882702848,1220195071,10.474485964359587,1.2403103219883826
53,-18.-31.-4.18,53,73984,2882702848,1220195071,10.44700522793748,1.2403103219883826
54,-18.-33.0.12,55,73984,2882702848,1220195071,10.39356596897602,1.2403103219883826
55,-18.-34.-6.23,7,9248,2882702848,1220195071,10.367570760443074,1.2403103219883826
56,-18.-35.4.6,57,73984,2882702848,1220195071,10.342035668335937,1.2403103219883826
57,-18.-36.-2.17,29,36992,2882702848,1220195071,10.316944687373107,1.2403103219883826
58,-18.-37.-8.28,59,73984,2882702848,1220195071,10.292282633138838,1.2403103219883826
59,-18.-38.2.11,15,18496,2882702848,1220195071,10.26803508689216,1.2403103219883826
60,-18.-39.-4.22,61,73984,2882702848,1220195071,10.244188344937793,1.2403103219883826
61,-18.-40.6.5,31,36992,2882702848,1220195071,10.220729372113803,1.2403103219883826
62,-18.-43.4.10,63,73984,2882702848,1220195071,10.197645759000762,1.2403103219883826
63,-18.-45.8.4,1,1156,2882702848,1220195071,10.174925682500678,1.2403103219883826
64,-19.-34.-1.14,65,73984,2882702848,1220195071,10.152557869472224,1.2403103219883826
65,-19.-35.1.11,33,36992,2882702848,1220195071,10.130531563142226,1.2403103219883826
66,-19.-36.-5.22,67,73984,2882702848,1220195071,10.108836492042906,1.2403103219883826
67,-19.-38.-1.16,1,1088,2882702848,1220195071,10.087462841250339,1.2403103219883826
68,-19.-39.-7.27,69,73984,2882702848,1220195071,10.06640122572251,1.2403103219883826
69,-19.-39.1.13,35,36992,2882702848,1220195071,10.045642665555713,1.2403103219883826
70,-19.-41.-3.21,71,73984,2882702848,1220195071,10.025178562995997,1.2403103219883826
71,-19.-41.5.7,9,9248,2882702848,1220195071,10.005000681058366,1.2403103219883826
72,-19.-44.3.12,73,73984,2882702848,1220195071,9.985101123620662,1.2403103219883826
73,-19.-46.-9.34,37,36992,2882702848,1220195071,9.965472316871729,1.2403103219883826
74,-19.-46.7.6,75,73984,2882702848,1220195071,9.946106992004799,1.2403103219883826
75,-19.-47.-7.31,19,18496,2882702848,1220195071,9.926998169057093,1.2403103219883826
76,-19.-54.7.10,77,73984,2882702848,1220195071,9.908139141805778,1.2403103219883826
77,-19.-55.9.7,39,36992,2882702848,1220195071,9.88952346363843,1.2403103219883826
78,-2.-11.20.-30,79,73984,2882702848,1220195071,9.871144934323576,1.2403103219883826
79,-2.-12.-6.16,5,4624,2882702848,1220195071,9.852997587613316,1.2403103219883826
80,-2.-14.-2.10,81,73984,2882702848,1220195071,9.835075679616054,1.2403103219883826
81,-2.-15.-8.21,41,36992,2882702848,1220195071,9.817373677882594,1.2403103219883826
82,-2.-16.14.-17,83,73984,2882702848,1220195071,9.799886251153755,1.2403103219883826
83,-2.-16.2.4,21,18496,2882702848,1220195071,9.782608259721918,1.2403103219883826
84,-2.-17.-4.15,5,4352,2882702848,1220195071,9.765534746362977,1.2403103219883826
85,-2.-18.18.-23,43,36992,2882702848,1220195071,9.74866092779858,1.2403103219883826
86,-2.-18.6.-2,87,73984,2882702848,1220195071,9.731982186651951,1.2403103219883826
87,-2.-2.-14.25,11,9248,2882702848,1220195071,9.715494063863382,1.2403103219883826
88,-2.-20.-6.20,89,73984,2882702848,1220195071,9.699192251534281,1.2403103219883826
89,-2.-20.14.-15,45,36992,2882702848,1220195071,9.683072586171004,1.2403103219883826
90,-2.-21.4.3,91,73984,2882702848,1220195071,9.667131042301982,1.2403103219883826
91,-2.-23.8.-3,23,18496,2882702848,1220195071,9.651363726443666,1.2403103219883826
92,-2.-26.6.2,93,73984,2882702848,1220195071,9.635766871392647,1.2403103219883826
93,-2.-6.-14.27,47,36992,2882702848,1220195071,9.620336830823042,1.2403103219883826
94,-2.0.-18.31,95,73984,2882702848,1220195071,9.605070074169731,1.2403103219883826
95,-2.12.-6.4,3,2312,2882702848,1220195071,9.589963181779522,1.2403103219883826
96,-2.3.4.-9,97,73984,2882702848,1220195071,9.575012840313551,1.2403103219883826
97,-2.6.6.-14,49,36992,2882702848,1220195071,9.56021583838547,1.2403103219883826
98,-2.7.-4.3,99,73984,2882702848,1220195071,9.54556906242107,1.2403103219883826
99,-2.9.-20.30,25,18496,2882702848,1220195071,9.531069492725955,1.2403103219883826
100,-20.-39.-2.18,101,73984,2882702848,1220195071,9.516714199748884,1.2403103219883826
101,-20.-41.-6.26,3,2176,2882702848,1220195071,9.502500340529183,1.2403103219883826
102,-20.-41.2.12,103,73984,2882702848,1220195071,9.48842515531746,1.2403103219883826
103,-20.-43.-2.20,13,9248,2882702848,1220195071,9.474485964359587,1.2403103219883826
104,-20.-44.-8.31,105,73984,2882702848,1220195071,9.460680164834557,1.2403103219883826
105,-20.-45.2.14,53,36992,2882702848,1220195071,9.44700522793748,1.2403103219883826
106,-20.-46.-4.25,107,73984,2882702848,1220195071,9.433458696099532,1.2403103219883826
107,-20.-47.6.8,27,18496,2882702848,1220195071,9.42003818033721,1.2403103219883826
108,-20.-50.4.13,109,73984,2882702848,1220195071,9.406741357723753,1.2403103219883826
109,-20.-52.8.7,55,36992,2882702848,1220195071,9.39356596897602,1.2403103219883826
110,-21.-44.-3.22,111,73984,2882702848,1220195071,9.380509816150573,1.2403103219883826
111,-21.-46.-7.30,7,4624,2882702848,1220195071,9.367570760443074,1.2403103219883826
112,-21.-47.3.13,113,73984,2882702848,1220195071,9.35474672008549,1.2403103219883826
113,-21.-48.-3.24,57,36992,2882702848,1220195071,9.342035668335937,1.2403103219883826
114,-21.-51.3.15,115,73984,2882702848,1220195071,9.329435631556304,1.2403103219883826
115,-21.-53.-9.37,29,18496,2882702848,1220195071,9.316944687373107,1.2403103219883826
116,-21.-53.7.9,117,73984,2882702848,1220195071,9.304560962917275,1.2403103219883826
117,-21.-54.-7.34,59,36992,2882702848,1220195071,9.292282633138838,1.2403103219883826
118,-21.-61.7.13,7,4352,2882702848,1220195071,9.280107919192735,1.2403103219883826
119,-21.-62.9.10,15,9248,2882702848,1220195071,9.26803508689216,1.2403103219883826
120,-22.-49.-4.26,121,73984,2882702848,1220195071,9.256062445226084,1.2403103219883826
121,-22.-53.4.14,61,36992,2882702848,1220195071,9.244188344937793,1.2403103219883826
122,-22.-56.-6.33,123,73984,2882702848,1220195071,9.232411177161438,1.2403103219883826
123,-22.-62.6.15,31,18496,2882702848,1220195071,9.220729372113803,1.2403103219883826
124,-23.-56.-9.38,125,73984,2882702848,1220195071,9.209141397838591,1.2403103219883826
125,-23.-58.-5.32,63,36992,2882702848,1220195071,9.197645759000762,1.2403103219883826
126,-23.-63.5.17,127,73984,2882702848,1220195071,9.186240995728513,1.2403103219883826
127,-23.-65.9.11,1,578,2882702848,1220195071,9.174925682500678,1.2403103219883826
128,-25.-64.-7.38,129,73984,2882702848,1220195071,9.163698427077424,1.2403103219883826
129,-25.-71.7.17,65,36992,2882702848,1220195071,9.152557869472224,1.2403103219883826
130,-3.-1.-19.33,131,73984,2882702848,1220195071,9.141502680963228,1.2403103219883826
131,-3.-13.21.-31,33,18496,2882702848,1220195071,9.130531563142226,1.2403103219883826
132,-3.-14.-5.15,133,73984,2882702848,1220195071,9.11964324699949,1.2403103219883826
133,-3.-17.-7.20,67,36992,2882702848,1220195071,9.108836492042906,1.2403103219883826
134,-3.-19.-3.14,135,73984,2882702848,1220195071,9.098110085449848,1.2403103219883826
135,-3.-19.5.0,1,544,2882702848,1220195071,9.087462841250339,1.2403103219883826
136,-3.-20.-9.25,137,73984,2882702848,1220195071,9.076893599540153,1.2403103219883826
137,-3.-20.19.-24,69,36992,2882702848,1220195071,9.06640122572251,1.2403103219883826
138,-3.-22.-5.19,139,73984,2882702848,1220195071,9.055984609777171,1.2403103219883826
139,-3.-22.3.5,35,18496,2882702848,1220195071,9.045642665555713,1.2403103219883826
140,-3.-24.-9.27,141,73984,2882702848,1220195071,9.035374330101885,1.2403103219883826
141,-3.-24.7.-1,71,36992,2882702848,1220195071,9.025178562995997,1.2403103219883826
142,-3.-25.-7.24,143,73984,2882702848,1220195071,9.01505434572229,1.2403103219883826
143,-3.-27.5.4,9,4624,2882702848,1220195071,9.005000681058366,1.2403103219883826
144,-3.-29.9.-2,145,73984,2882702848,1220195071,8.995016592485744,1.2403103219883826
145,-3.-32.7.3,73,36992,2882702848,1220195071,8.985101123620662,1.2403103219883826
146,-3.-33.9.0,147,73984,2882702848,1220195071,8.975253337664315,1.2403103219883826
147,-3.1.5.-10,37,18496,2882702848,1220195071,8.965472316871729,1.2403103219883826
148,-3.11.-7.6,149,73984,2882702848,1220195071,8.955757162038518,1.2403103219883826
149,-3.4.7.-15,75,36992,2882702848,1220195071,8.946106992004799,1.2403103219883826
150,-3.6.-5.5,151,73984,2882702848,1220195071,8.9365209431756,1.2403103219883826
151,-3.8.-21.32,19,9248,2882702848,1220195071,8.926998169057093,1.2403103219883826
152,-4.-1.6.-11,9,4352,2882702848,1220195071,8.917537839808027,1.2403103219883826
153,-4.-12.-16.33,77,36992,2882702848,1220195071,8.908139141805778,1.2403103219883826
154,-4.-15.22.-32,155,73984,2882702848,1220195071,8.898801277226442,1.2403103219883826
155,-4.-16.-4.14,39,18496,2882702848,1220195071,8.88952346363843,1.2403103219883826
156,-4.-19.-6.19,157,73984,2882702848,1220195071,8.880304933609052,1.2403103219883826
157,-4.-2.-20.35,79,36992,2882702848,1220195071,8.871144934323576,1.2403103219883826
158,-4.-20.4.2,159,73984,2882702848,1220195071,8.862042727216323,1.2403103219883826
159,-4.-21.-2.13,5,2312,2882702848,1220195071,8.852997587613316,1.2403103219883826
160,-4.-22.-8.24,161,73984,2882702848,1220195071,8.844008804386062,1.2403103219883826
161,-4.-22.20.-25,81,36992,2882702848,1220195071,8.835075679616054,1.2403103219883826
162,-4.-23.2.7,163,73984,2882702848,1220195071,8.826197528269601,1.2403103219883826
163,-4.-25.18.-20,41,18496,2882702848,1220195071,8.817373677882594,1.2403103219883826
164,-4.-25.6.1,165,73984,2882702848,1220195071,8.808603468254864,1.2403103219883826
165,-4.-27.-6.23,83,36992,2882702848,1220195071,8.799886251153755,1.2403103219883826
166,-4.-28.16.-15,167,73984,2882702848,1220195071,8.791221390026626,1.2403103219883826
167,-4.-30.8.0,21,9248,2882702848,1220195071,8.782608259721918,1.2403103219883826
168,-4.-33.6.5,169,73984,2882702848,1220195071,8.774046246218495,1.2403103219883826
169,-4.-7.-18.34,5,2176,2882702848,1220195071,8.765534746362977,1.2403103219883826
170,-4.5.-6.7,171,73984,2882702848,1220195071,8.75707316761478,1.2403103219883826
171,-4.7.-22.34,43,18496,2882702848,1220195071,8.74866092779858,1.2403103219883826
172,-5.-10.-15.30,173,73984,2882702848,1220195071,8.740297454863954,1.2403103219883826
173,-5.-15.-13.29,87,36992,2882702848,1220195071,8.731982186651951,1.2403103219883826
174,-5.-19.19.-25,175,73984,2882702848,1220195071,8.723714570668351,1.2403103219883826
175,-5.-21.-5.18,11,4624,2882702848,1220195071,8.715494063863382,1.2403103219883826
176,-5.-21.23.-31,177,73984,2882702848,1220195071,8.707320132417681,1.2403103219883826
177,-5.-23.-1.12,89,36992,2882702848,1220195071,8.699192251534281,1.2403103219883826
178,-5.-24.-11.30,179,73984,2882702848,1220195071,8.691109905236422,1.2403103219883826
179,-5.-24.-7.23,45,18496,2882702848,1220195071,8.683072586171004,1.2403103219883826
180,-5.-24.1.9,181,73984,2882702848,1220195071,8.675079795417473,1.2403103219883826
181,-5.-25.15.-15,91,36992,2882702848,1220195071,8.667131042301982,1.2403103219883826
182,-5.-26.-3.17,183,73984,2882702848,1220195071,8.659225844216635,1.2403103219883826
183,-5.-26.5.3,23,9248,2882702848,1220195071,8.651363726443666,1.2403103219883826
184,-5.-27.-9.28,185,73984,2882702848,1220195071,8.643544221984367,1.2403103219883826
185,-5.-27.19.-21,93,36992,2882702848,1220195071,8.635766871392647,1.2403103219883826
186,-5.-28.13.-10,11,4352,2882702848,1220195071,8.628031222613043,1.2403103219883826
187,-5.-29.-5.22,47,18496,2882702848,1220195071,8.620336830823042,1.2403103219883826
188,-5.-29.3.8,189,73984,2882702848,1220195071,8.612683258279606,1.2403103219883826
189,-5.-3.7.-12,95,36992,2882702848,1220195071,8.605070074169731,1.2403103219883826
190,-5.-31.-9.30,191,73984,2882702848,1220195071,8.59749685446493,1.2403103219883826
191,-5.-31.7.2,3,1156,2882702848,1220195071,8.589963181779522,1.2403103219883826
192,-5.-34.5.7,193,73984,2882702848,1220195071,8.582468645232598,1.2403103219883826
193,-5.-35.11.-3,97,36992,2882702848,1220195071,8.575012840313551,1.2403103219883826
194,-5.-36.9.1,195,73984,2882702848,1220195071,8.567595368751068,1.2403103219883826
195,-5.-4.9.-15,49,18496,2882702848,1220195071,8.56021583838547,1.2403103219883826
196,-5.-40.9.3,197,73984,2882702848,1220195071,8.552873863044303,1.2403103219883826
197,-5.-8.-19.36,99,36992,2882702848,1220195071,8.54556906242107,1.2403103219883826
198,-5.0.-19.32,199,73984,2882702848,1220195071,8.53830106195703,1.2403103219883826
199,-5.2.-23.38,25,9248,2882702848,1220195071,8.531069492725955,1.2403103219883826
200,-5.4.-7.9,201,73984,2882702848,1220195071,8.52387399132175,1.2403103219883826
201,-5.5.-9.12,101,36992,2882702848,1220195071,8.516714199748884,1.2403103219883826
202,-6.-1.-20.34,203,73984,2882702848,1220195071,8.509589765315503,1.2403103219883826
203,-6.-11.-16.32,3,1088,2882702848,1220195071,8.502500340529183,1.2403103219883826
204,-6.-19.-16.36,205,73984,2882702848,1220195071,8.495445582995233,1.2403103219883826
205,-6.-21.20.-26,103,36992,2882702848,1220195071,8.48842515531746,1.2403103219883826
206,-6.-23.-4.17,207,73984,2882702848,1220195071,8.481438725001354,1.2403103219883826
207,-6.-23.24.-32,13,4624,2882702848,1220195071,8.474485964359587,1.2403103219883826
208,-6.-25.0.11,105,36992,2882702848,1220195071,8.460680164834557,1.2403103219883826
209,-6.-26.-10.29,211,73984,2882702848,1220195071,8.453826493793494,1.2403103219883826
210,-6.-26.-6.22,53,18496,2882702848,1220195071,8.44700522793748,1.2403103219883826
211,-6.-27.16.-16,213,73984,2882702848,1220195071,8.44021606227484,1.2403103219883826
212,-6.-27.4.5,107,36992,2882702848,1220195071,8.433458696099532,1.2403103219883826
213,-6.-28.-2.16,215,73984,2882702848,1220195071,8.426732832911219,1.2403103219883826
214,-6.-29.-8.27,27,9248,2882702848,1220195071,8.42003818033721,1.2403103219883826
215,-6.-29.20.-22,217,73984,2882702848,1220195071,8.4133744500562,1.2403103219883826
216,-6.-30.-10.31,109,36992,2882702848,1220195071,8.406741357723753,1.2403103219883826
217,-6.-30.2.10,219,73984,2882702848,1220195071,8.400138622899506,1.2403103219883826
218,-6.-31.-4.21,55,18496,2882702848,1220195071,8.39356596897602,1.2403103219883826
219,-6.-32.6.4,13,4352,2882702848,1220195071,8.387023123109246,1.2403103219883826
220,-6.-34.-6.26,111,36992,2882702848,1220195071,8.380509816150573,1.2403103219883826
221,-6.-35.16.-12,223,73984,2882702848,1220195071,8.374025782580373,1.2403103219883826
222,-6.-35.4.9,7,2312,2882702848,1220195071,8.367570760443074,1.2403103219883826
223,-6.-36.10.-1,225,73984,2882702848,1220195071,8.36114449128364,1.2403103219883826
224,-6.-37.8.3,113,36992,2882702848,1220195071,8.35474672008549,1.2403103219883826
225,-6.-40.10.1,227,73984,2882702848,1220195071,8.348377195209764,1.2403103219883826
226,-6.-40.6.8,57,18496,2882702848,1220195071,8.342035668335937,1.2403103219883826
227,-6.-9.-20.38,229,73984,2882702848,1220195071,8.335721894403735,1.2403103219883826
228,-6.1.-24.40,115,36992,2882702848,1220195071,8.329435631556304,1.2403103219883826
229,-7.-10.-21.40,231,73984,2882702848,1220195071,8.323176641084622,1.2403103219883826
230,-7.-12.-17.34,29,9248,2882702848,1220195071,8.316944687373107,1.2403103219883826
231,-7.-15.-19.39,233,73984,2882702848,1220195071,8.310739537846398,1.2403103219883826
232,-7.-2.-21.36,117,36992,2882702848,1220195071,8.304560962917275,1.2403103219883826
233,-7.-20.-17.38,235,73984,2882702848,1220195071,8.298408735935679,1.2403103219883826
234,-7.-23.21.-27,59,18496,2882702848,1220195071,8.292282633138838,1.2403103219883826
235,-7.-25.-3.16,237,73984,2882702848,1220195071,8.28618243360242,1.2403103219883826
236,-7.-25.25.-33,7,2176,2882702848,1220195071,8.280107919192735,1.2403103219883826
237,-7.-27.-11.31,239,73984,2882702848,1220195071,8.27405887451993,1.2403103219883826
238,-7.-28.-5.21,15,4624,2882702848,1220195071,8.26803508689216,1.2403103219883826
239,-7.-28.3.7,241,73984,2882702848,1220195071,8.262036346270717,1.2403103219883826
240,-7.-29.17.-17,121,36992,2882702848,1220195071,8.256062445226084,1.2403103219883826
241,-7.-30.-1.15,243,73984,2882702848,1220195071,8.250113178894898,1.2403103219883826
242,-7.-30.-13.36,61,18496,2882702848,1220195071,8.244188344937793,1.2403103219883826
243,-7.-31.1.12,245,73984,2882702848,1220195071,8.238287743498109,1.2403103219883826
244,-7.-31.21.-23,123,36992,2882702848,1220195071,8.232411177161438,1.2403103219883826
245,-7.-32.-9.30,247,73984,2882702848,1220195071,8.226558450916,1.2403103219883826
246,-7.-33.-3.20,31,9248,2882702848,1220195071,8.220729372113803,1.2403103219883826
247,-7.-33.5.6,249,73984,2882702848,1220195071,8.214923750432598,1.2403103219883826
248,-7.-34.19.-18,125,36992,2882702848,1220195071,8.209141397838591,1.2403103219883826
249,-7.-36.-5.25,251,73984,2882702848,1220195071,8.203382128549906,1.2403103219883826
250,-7.-36.3.11,63,18496,2882702848,1220195071,8.197645759000762,1.2403103219883826
251,-7.-37.17.-13,253,73984,2882702848,1220195071,8.19193210780637,1.2403103219883826
252,-7.-38.11.-2,127,36992,2882702848,1220195071,8.186240995728513,1.2403103219883826
253,-7.-41.5.10,15,4352,2882702848,1220195071,8.180572245641821,1.2403103219883826
254,-7.-41.9.3,1,289,2882702848,1220195071,8.174925682500678,1.2403103219883826
255,-7.-43.13.-3,257,73984,2882702848,1220195071,8.169301133306801,1.2403103219883826
256,-7.0.-25.42,129,36992,2882702848,1220195071,8.163698427077424,1.2403103219883826
257,-8.-18.-16.35,259,73984,2882702848,1220195071,8.158117394814125,1.2403103219883826
258,-8.-23.-14.34,65,18496,2882702848,1220195071,8.152557869472224,1.2403103219883826
259,-8.-24.0.10,131,36992,2882702848,1220195071,8.141502680963228,1.2403103219883826
260,-8.-28.20.-23,263,73984,2882702848,1220195071,8.136006693208376,1.2403103219883826
261,-8.-30.-4.20,33,9248,2882702848,1220195071,8.130531563142226,1.2403103219883826
262,-8.-33.-10.32,265,73984,2882702848,1220195071,8.125077133050118,1.2403103219883826
263,-8.-33.-6.25,133,36992,2882702848,1220195071,8.11964324699949,1.2403103219883826
264,-8.-34.16.-13,267,73984,2882702848,1220195071,8.114229750813125,1.2403103219883826
265,-8.-34.4.8,67,18496,2882702848,1220195071,8.108836492042906,1.2403103219883826
266,-8.-36.-8.30,269,73984,2882702848,1220195071,8.103463319944055,1.2403103219883826
267,-8.-37.14.-8,135,36992,2882702848,1220195071,8.098110085449848,1.2403103219883826
268,-8.-39.6.7,271,73984,2882702848,1220195071,8.092776641146807,1.2403103219883826
269,-8.-43.10.2,1,272,2882702848,1220195071,8.087462841250339,1.2403103219883826
270,-8.-44.8.6,273,73984,2882702848,1220195071,8.082168541580826,1.2403103219883826
271,-8.-8.-20.37,137,36992,2882702848,1220195071,8.076893599540153,1.2403103219883826
272,-9.-18.-19.40,275,73984,2882702848,1220195071,8.071637874088657,1.2403103219883826
273,-9.-19.-17.37,69,18496,2882702848,1220195071,8.06640122572251,1.2403103219883826
274,-9.-23.-17.39,277,73984,2882702848,1220195071,8.061183516451491,1.2403103219883826
275,-9.-30.21.-24,139,36992,2882702848,1220195071,8.055984609777171,1.2403103219883826
276,-9.-31.23.-27,279,73984,2882702848,1220195071,8.050804370671491,1.2403103219883826
277,-9.-32.-3.19,35,9248,2882702848,1220195071,8.045642665555713,1.2403103219883826
278,-9.-33.-1.16,281,73984,2882702848,1220195071,8.040499362279753,1.2403103219883826
279,-9.-33.-13.37,141,36992,2882702848,1220195071,8.035374330101885,1.2403103219883826
280,-9.-34.-11.34,283,73984,2882702848,1220195071,8.030267439668796,1.2403103219883826
281,-9.-34.1.13,71,18496,2882702848,1220195071,8.025178562995997,1.2403103219883826
282,-9.-35.-5.24,285,73984,2882702848,1220195071,8.020107573448575,1.2403103219883826
283,-9.-35.3.10,143,36992,2882702848,1220195071,8.01505434572229,1.2403103219883826
284,-9.-36.-3.21,287,73984,2882702848,1220195071,8.01001875582499,1.2403103219883826
285,-9.-36.17.-14,9,2312,2882702848,1220195071,8.005000681058366,1.2403103219883826
286,-9.-37.19.-17,1,256,2882702848,1220195071,8.0,1.2403103219883826
287,-9.-38.-11.36,145,36992,2882702848,1220195071,7.995016592485745,1.2403103219883826
288,-9.-38.-7.29,291,73984,2882702848,1220195071,7.990050339592395,1.2403103219883826
289,-9.-39.-5.26,73,18496,2882702848,1220195071,7.9851011236206615,1.2403103219883826
290,-9.-39.-9.33,293,73984,2882702848,1220195071,7.980168828078431,1.2403103219883826
291,-9.-39.3.12,147,36992,2882702848,1220195071,7.975253337664315,1.2403103219883826
292,-9.-40.17.-12,295,73984,2882702848,1220195071,7.970354538251475,1.2403103219883826
293,-9.-40.5.9,37,9248,2882702848,1220195071,7.965472316871729,1.2403103219883826
294,-9.-42.-7.31,297,73984,2882702848,1220195071,7.960606561699913,1.2403103219883826
295,-9.-44.5.11,149,36992,2882702848,1220195071,7.955757162038517,1.2403103219883826
296,-9.-45.11.1,299,73984,2882702848,1220195071,7.950924008302573,1.2403103219883826
297,-9.-45.7.8,75,18496,2882702848,1220195071,7.946106992004798,1.2403103219883826
298,-9.-46.13.-2,301,73984,2882702848,1220195071,7.941306005740977,1.2403103219883826
299,-9.-48.9.6,151,36992,2882702848,1220195071,7.9365209431756,1.2403103219883826
300,-9.-49.11.3,303,73984,2882702848,1220195071,7.9317516990277275,1.2403103219883826
301,-9.-49.7.10,19,4624,2882702848,1220195071,7.926998169057094,1.2403103219883826
302,-9.-8.-23.42,305,73984,2882702848,1220195071,7.922260250050431,1.2403103219883826
303,-9.-9.-21.39,9,2176,2882702848,1220195071,7.917537839808027,1.2403103219883826
304,0.-10.-4.12,307,73984,2882702848,1220195071,7.9128308371305,1.2403103219883826
305,0.-13.-6.17,77,18496,2882702848,1220195071,7.908139141805777,1.2403103219883826
306,0.-14.4.0,309,73984,2882702848,1220195071,7.9034626545963045,1.2403103219883826
307,0.-16.8.-6,155,36992,2882702848,1220195071,7.8988012772264415,1.2403103219883826
308,0.-19.6.-1,311,73984,2882702848,1220195071,7.894154912370076,1.2403103219883826
309,0.-8.-8.18,39,9248,2882702848,1220195071,7.88952346363843,1.2403103219883826
310,0.10.4.-12,313,73984,2882702848,1220195071,7.884906835568061,1.2403103219883826
311,0.13.6.-17,157,36992,2882702848,1220195071,7.880304933609052,1.2403103219883826
312,0.14.-4.0,315,73984,2882702848,1220195071,7.8757176641134,1.2403103219883826
313,0.16.-8.6,79,18496,2882702848,1220195071,7.871144934323576,1.2403103219883826
314,0.19.-6.1,317,73984,2882702848,1220195071,7.8665866523612715,1.2403103219883826
315,0.8.8.-18,159,36992,2882702848,1220195071,7.862042727216323,1.2403103219883826
316,1.-10.19.-28,319,73984,2882702848,1220195071,7.857513068735809,1.2403103219883826
317,1.-13.5.-2,5,1156,2882702848,1220195071,7.8529975876133165,1.2403103219883826
318,1.-15.9.-8,321,73984,2882702848,1220195071,7.848496195378376,1.2403103219883826
319,1.-6.-9.19,161,36992,2882702848,1220195071,7.844008804386062,1.2403103219883826
320,1.-8.-5.13,19,4352,2882702848,1220195071,7.839535327806754,1.2403103219883826
321,1.10.7.-17,81,18496,2882702848,1220195071,7.835075679616054,1.2403103219883826
322,1.12.3.-11,325,73984,2882702848,1220195071,7.830629774584862,1.2403103219883826
323,1.13.9.-22,163,36992,2882702848,1220195071,7.826197528269601,1.2403103219883826
324,1.15.-3.-2,327,73984,2882702848,1220195071,7.821778857002596,1.2403103219883826
325,1.15.5.-16,41,9248,2882702848,1220195071,7.817373677882595,1.2403103219883826
326,1.17.-7.4,329,73984,2882702848,1220195071,7.812981908765438,1.2403103219883826
327,1.17.9.-24,165,36992,2882702848,1220195071,7.808603468254863,1.2403103219883826
328,1.18.7.-21,331,73984,2882702848,1220195071,7.804238275693461,1.2403103219883826
329,1.20.-5.-1,83,18496,2882702848,1220195071,7.799886251153754,1.2403103219883826
330,1.22.-9.5,333,73984,2882702848,1220195071,7.795547315429417,1.2403103219883826
331,1.25.-7.0,167,36992,2882702848,1220195071,7.791221390026626,1.2403103219883826
332,1.26.-9.3,335,73984,2882702848,1220195071,7.786908397155544,1.2403103219883826
333,1.9.-19.29,21,4624,2882702848,1220195071,7.782608259721918,1.2403103219883826
334,11.18.9.-22,337,73984,2882702848,1220195071,7.77832090131882,1.2403103219883826
335,11.27.-9.5,169,36992,2882702848,1220195071,7.774046246218495,1.2403103219883826
336,13.18.7.-18,339,73984,2882702848,1220195071,7.769784219364335,1.2403103219883826
337,13.25.-7.3,5,1088,2882702848,1220195071,7.765534746362977,1.2403103219883826
338,13.25.9.-25,341,73984,2882702848,1220195071,7.761297753476506,1.2403103219883826
339,13.26.7.-22,171,36992,2882702848,1220195071,7.757073167614781,1.2403103219883826
340,13.33.-7.-1,343,73984,2882702848,1220195071,7.752860916327866,1.2403103219883826
341,13.34.-9.2,43,9248,2882702848,1220195071,7.748660927798581,1.2403103219883826
342,14.20.6.-17,345,73984,2882702848,1220195071,7.744473130835147,1.2403103219883826
343,14.25.4.-16,173,36992,2882702848,1220195071,7.7402974548639545,1.2403103219883826
344,14.26.-6.1,347,73984,2882702848,1220195071,7.736133829922418,1.2403103219883826
345,14.29.-4.-4,87,18496,2882702848,1220195071,7.73198218665195,1.2403103219883826
346,15.22.5.-16,349,73984,2882702848,1220195071,7.727842456291026,1.2403103219883826
347,15.27.-5.-1,175,36992,2882702848,1220195071,7.72371457066835,1.2403103219883826
348,15.27.3.-15,351,73984,2882702848,1220195071,7.719598462196118,1.2403103219883826
349,15.28.9.-26,11,2312,2882702848,1220195071,7.715494063863382,1.2403103219883826
350,15.30.-3.-6,353,73984,2882702848,1220195071,7.711401309229498,1.2403103219883826
351,15.37.-9.1,177,36992,2882702848,1220195071,7.707320132417681,1.2403103219883826
352,16.27.6.-20,355,73984,2882702848,1220195071,7.703250468108634,1.2403103219883826
353,16.29.2.-14,89,18496,2882702848,1220195071,7.699192251534281,1.2403103219883826
354,16.31.-2.-8,21,4352,2882702848,1220195071,7.695145418471579,1.2403103219883826
355,16.33.-6.-2,179,36992,2882702848,1220195071,7.691109905236423,1.2403103219883826
356,17.26.3.-14,359,73984,2882702848,1220195071,7.687085648677628,1.2403103219883826
357,17.29.-3.-5,45,9248,2882702848,1220195071,7.683072586171004,1.2403103219883826
358,17.29.5.-19,361,73984,2882702848,1220195071,7.679070655613508,1.2403103219883826
359,17.31.1.-13,181,36992,2882702848,1220195071,7.675079795417473,1.2403103219883826
360,17.32.-1.-10,363,73984,2882702848,1220195071,7.671099944504928,1.2403103219883826
361,17.34.-5.-4,91,18496,2882702848,1220195071,7.667131042301983,1.2403103219883826
362,17.34.3.-18,365,73984,2882702848,1220195071,7.663173028733299,1.2403103219883826
363,17.35.9.-29,183,36992,2882702848,1220195071,7.659225844216636,1.2403103219883826
364,17.37.-3.-9,367,73984,2882702848,1220195071,7.655289429657466,1.2403103219883826
365,17.37.5.-23,23,4624,2882702848,1220195071,7.651363726443666,1.2403103219883826
366,17.42.-5.-8,369,73984,2882702848,1220195071,7.647448676440283,1.2403103219883826
367,17.44.-9.-2,185,36992,2882702848,1220195071,7.643544221984366,1.2403103219883826
368,18.31.4.-18,371,73984,2882702848,1220195071,7.639650305879876,1.2403103219883826
369,18.33.0.-12,373,73984,2882702848,1220195071,7.631893862245441,1.2403103219883826
370,18.34.6.-23,11,2176,2882702848,1220195071,7.628031222613042,1.2403103219883826
371,18.35.-4.-6,375,73984,2882702848,1220195071,7.624178897117436,1.2403103219883826
372,18.36.2.-17,47,9248,2882702848,1220195071,7.6203368308230415,1.2403103219883826
373,18.37.8.-28,377,73984,2882702848,1220195071,7.616504969232015,1.2403103219883826
374,18.38.-2.-11,189,36992,2882702848,1220195071,7.612683258279606,1.2403103219883826
375,18.39.4.-22,379,73984,2882702848,1220195071,7.608871644329587,1.2403103219883826
376,18.40.-6.-5,95,18496,2882702848,1220195071,7.605070074169731,1.2403103219883826
377,18.43.-4.-10,381,73984,2882702848,1220195071,7.601278495007357,1.2403103219883826
378,18.45.-8.-4,191,36992,2882702848,1220195071,7.59749685446493,1.2403103219883826
379,19.34.1.-14,383,73984,2882702848,1220195071,7.593725100575722,1.2403103219883826
380,19.35.-1.-11,3,578,2882702848,1220195071,7.589963181779523,1.2403103219883826
381,19.36.5.-22,385,73984,2882702848,1220195071,7.586211046918415,1.2403103219883826
382,19.38.1.-16,193,36992,2882702848,1220195071,7.5824686452325984,1.2403103219883826
383,19.39.-1.-13,387,73984,2882702848,1220195071,7.578735926356268,1.2403103219883826
384,19.39.7.-27,97,18496,2882702848,1220195071,7.575012840313551,1.2403103219883826
385,19.41.-5.-7,389,73984,2882702848,1220195071,7.571299337514487,1.2403103219883826
386,19.41.3.-21,195,36992,2882702848,1220195071,7.567595368751068,1.2403103219883826
387,19.44.-3.-12,23,4352,2882702848,1220195071,7.563900885193326,1.2403103219883826
388,19.46.-7.-6,49,9248,2882702848,1220195071,7.560215838385471,1.2403103219883826
389,19.46.9.-34,393,73984,2882702848,1220195071,7.556540180242072,1.2403103219883826
390,19.47.7.-31,197,36992,2882702848,1220195071,7.552873863044303,1.2403103219883826
391,19.54.-7.-10,395,73984,2882702848,1220195071,7.549216839436213,1.2403103219883826
392,19.55.-9.-7,99,18496,2882702848,1220195071,7.54556906242107,1.2403103219883826
393,2.-12.6.-4,397,73984,2882702848,1220195071,7.541930485357721,1.2403103219883826
394,2.-3.-4.9,199,36992,2882702848,1220195071,7.53830106195703,1.2403103219883826
395,2.-6.-6.14,399,73984,2882702848,1220195071,7.534680746278333,1.2403103219883826
396,2.-7.4.-3,25,4624,2882702848,1220195071,7.531069492725954,1.2403103219883826
397,2.-9.20.-30,401,73984,2882702848,1220195071,7.5274672560457585,1.2403103219883826
398,2.0.18.-31,201,36992,2882702848,1220195071,7.52387399132175,1.2403103219883826
399,2.11.-20.30,403,73984,2882702848,1220195071,7.5202896539727115,1.2403103219883826
400,2.12.6.-16,101,18496,2882702848,1220195071,7.5167141997488836,1.2403103219883826
401,2.14.2.-10,405,73984,2882702848,1220195071,7.513147584728692,1.2403103219883826
402,2.15.8.-21,203,36992,2882702848,1220195071,7.509589765315503,1.2403103219883826
403,2.16.-14.17,407,73984,2882702848,1220195071,7.506040698234432,1.2403103219883826
404,2.16.-2.-4,3,544,2882702848,1220195071,7.502500340529183,1.2403103219883826
405,2.17.4.-15,409,73984,2882702848,1220195071,7.49896864955893,1.2403103219883826
406,2.18.-18.23,205,36992,2882702848,1220195071,7.495445582995233,1.2403103219883826
407,2.18.-6.2,411,73984,2882702848,1220195071,7.491931098818996,1.2403103219883826
408,2.2.14.-25,103,18496,2882702848,1220195071,7.488425155317461,1.2403103219883826
409,2.20.-14.15,413,73984,2882702848,1220195071,7.484927711081234,1.2403103219883826
410,2.20.6.-20,207,36992,2882702848,1220195071,7.481438725001354,1.2403103219883826
411,2.21.-4.-3,415,73984,2882702848,1220195071,7.477958156266392,1.2403103219883826
412,2.23.-8.3,13,2312,2882702848,1220195071,7.4744859643595865,1.2403103219883826
413,2.26.-6.-2,417,73984,2882702848,1220195071,7.471022109056015,1.2403103219883826
414,2.6.14.-27,209,36992,2882702848,1220195071,7.467566550419797,1.2403103219883826
415,20.39.2.-18,419,73984,2882702848,1220195071,7.464119248801327,1.2403103219883826
416,20.41.-2.-12,105,18496,2882702848,1220195071,7.460680164834556,1.2403103219883826
417,20.41.6.-26,421,73984,2882702848,1220195071,7.457249259434283,1.2403103219883826
418,20.43.2.-20,211,36992,2882702848,1220195071,7.4538264937934935,1.2403103219883826
419,20.44.8.-31,423,73984,2882702848,1220195071,7.450411829380729,1.2403103219883826
420,20.45.-2.-14,53,9248,2882702848,1220195071,7.447005227937479,1.2403103219883826
421,20.46.4.-25,25,4352,2882702848,1220195071,7.443606651475615,1.2403103219883826
422,20.47.-6.-8,213,36992,2882702848,1220195071,7.440216062274841,1.2403103219883826
423,20.50.-4.-13,427,73984,2882702848,1220195071,7.436833422880189,1.2403103219883826
424,20.52.-8.-7,107,18496,2882702848,1220195071,7.433458696099532,1.2403103219883826
425,21.44.3.-22,429,73984,2882702848,1220195071,7.430091845001133,1.2403103219883826
426,21.46.7.-30,215,36992,2882702848,1220195071,7.4267328329112186,1.2403103219883826
427,21.47.-3.-13,431,73984,2882702848,1220195071,7.423381623411581,1.2403103219883826
428,21.48.3.-24,27,4624,2882702848,1220195071,7.42003818033721,1.2403103219883826
429,21.51.-3.-15,433,73984,2882702848,1220195071,7.416702467773954,1.2403103219883826
430,21.53.-7.-9,217,36992,2882702848,1220195071,7.4133744500561995,1.2403103219883826
431,21.53.9.-37,435,73984,2882702848,1220195071,7.4100540917645885,1.2403103219883826
432,21.54.7.-34,109,18496,2882702848,1220195071,7.406741357723752,1.2403103219883826
433,21.61.-7.-13,437,73984,2882702848,1220195071,7.403436213000081,1.2403103219883826
434,21.62.-9.-10,219,36992,2882702848,1220195071,7.400138622899505,1.2403103219883826
435,22.49.4.-26,439,73984,2882702848,1220195071,7.396848552965321,1.2403103219883826
436,22.53.-4.-14,55,9248,2882702848,1220195071,7.393565968976019,1.2403103219883826
437,22.56.6.-33,441,73984,2882702848,1220195071,7.390290836943159,1.2403103219883826
438,22.62.-6.-15,13,2176,2882702848,1220195071,7.387023123109247,1.2403103219883826
439,23.56.9.-38,443,73984,2882702848,1220195071,7.38376279394566,1.2403103219883826
440,23.58.5.-32,111,18496,2882702848,1220195071,7.380509816150573,1.2403103219883826
441,23.63.-5.-17,445,73984,2882702848,1220195071,7.377264156646919,1.2403103219883826
442,23.65.-9.-11,223,36992,2882702848,1220195071,7.374025782580374,1.2403103219883826
443,25.64.7.-38,447,73984,2882702848,1220195071,7.370794661317361,1.2403103219883826
444,25.71.-7.-17,7,1156,2882702848,1220195071,7.3675707604430745,1.2403103219883826
445,3.-1.-5.10,449,73984,2882702848,1220195071,7.364354047759532,1.2403103219883826
446,3.-11.7.-6,225,36992,2882702848,1220195071,7.361144491283642,1.2403103219883826
447,3.-4.-7.15,451,73984,2882702848,1220195071,7.357942059245298,1.2403103219883826
448,3.-6.5.-5,113,18496,2882702848,1220195071,7.354746720085491,1.2403103219883826
449,3.-8.21.-32,453,73984,2882702848,1220195071,7.351558442454444,1.2403103219883826
450,3.1.19.-33,227,36992,2882702848,1220195071,7.348377195209764,1.2403103219883826
451,3.13.-21.31,455,73984,2882702848,1220195071,7.34520294741462,1.2403103219883826
452,3.14.5.-15,57,9248,2882702848,1220195071,7.342035668335937,1.2403103219883826
453,3.17.7.-20,457,73984,2882702848,1220195071,7.338875327442609,1.2403103219883826
454,3.19.-5.0,229,36992,2882702848,1220195071,7.335721894403735,1.2403103219883826
455,3.19.3.-14,27,4352,2882702848,1220195071,7.332575339086871,1.2403103219883826
456,3.20.-19.24,115,18496,2882702848,1220195071,7.329435631556303,1.2403103219883826
457,3.20.9.-25,461,73984,2882702848,1220195071,7.3263027420713405,1.2403103219883826
458,3.22.-3.-5,231,36992,2882702848,1220195071,7.323176641084621,1.2403103219883826
459,3.22.5.-19,463,73984,2882702848,1220195071,7.3200572992404425,1.2403103219883826
460,3.24.-7.1,29,4624,2882702848,1220195071,7.316944687373106,1.2403103219883826
461,3.24.9.-27,465,73984,2882702848,1220195071,7.3138387765052855,1.2403103219883826
462,3.25.7.-24,233,36992,2882702848,1220195071,7.310739537846398,1.2403103219883826
463,3.27.-5.-4,467,73984,2882702848,1220195071,7.307646942791017,1.2403103219883826
464,3.29.-9.2,117,18496,2882702848,1220195071,7.304560962917274,1.2403103219883826
465,3.32.-7.-3,469,73984,2882702848,1220195071,7.301481569985302,1.2403103219883826
466,3.33.-9.0,235,36992,2882702848,1220195071,7.298408735935679,1.2403103219883826
467,4.-5.6.-7,471,73984,2882702848,1220195071,7.295342432887896,1.2403103219883826
468,4.-7.22.-34,59,9248,2882702848,1220195071,7.2922826331388375,1.2403103219883826
469,4.1.-6.11,473,73984,2882702848,1220195071,7.289229309161284,1.2403103219883826
470,4.12.16.-33,237,36992,2882702848,1220195071,7.28618243360242,1.2403103219883826
471,4.15.-22.32,475,73984,2882702848,1220195071,7.283141979282369,1.2403103219883826
472,4.16.4.-14,7,1088,2882702848,1220195071,7.280107919192735,1.2403103219883826
473,4.19.6.-19,477,73984,2882702848,1220195071,7.277080226495167,1.2403103219883826
474,4.2.20.-35,239,36992,2882702848,1220195071,7.27405887451993,1.2403103219883826
475,4.20.-4.-2,479,73984,2882702848,1220195071,7.271043836764498,1.2403103219883826
476,4.21.2.-13,15,2312,2882702848,1220195071,7.26803508689216,1.2403103219883826
477,4.22.-20.25,481,73984,2882702848,1220195071,7.265032598730637,1.2403103219883826
478,4.22.8.-24,241,36992,2882702848,1220195071,7.262036346270717,1.2403103219883826
479,4.23.-2.-7,483,73984,2882702848,1220195071,7.259046303664905,1.2403103219883826
480,4.25.-18.20,121,18496,2882702848,1220195071,7.2560624452260845,1.2403103219883826
481,4.25.-6.-1,485,73984,2882702848,1220195071,7.253084745426189,1.2403103219883826
482,4.27.6.-23,243,36992,2882702848,1220195071,7.250113178894898,1.2403103219883826
483,4.28.-16.15,487,73984,2882702848,1220195071,7.2471477204183365,1.2403103219883826
484,4.30.-8.0,61,9248,2882702848,1220195071,7.244188344937792,1.2403103219883826
485,4.33.-6.-5,489,73984,2882702848,1220195071,7.241235027548445,1.2403103219883826
486,4.7.18.-34,245,36992,2882702848,1220195071,7.238287743498108,1.2403103219883826
487,5.-2.23.-38,491,73984,2882702848,1220195071,7.235346468185986,1.2403103219883826
488,5.-4.7.-9,123,18496,2882702848,1220195071,7.232411177161439,1.2403103219883826
489,5.-5.9.-12,29,4352,2882702848,1220195071,7.229481846122767,1.2403103219883826
490,5.0.19.-32,247,36992,2882702848,1220195071,7.226558450916001,1.2403103219883826
491,5.10.15.-30,495,73984,2882702848,1220195071,7.223640967533707,1.2403103219883826
492,5.15.13.-29,31,4624,2882702848,1220195071,7.220729372113803,1.2403103219883826
493,5.19.-19.25,497,73984,2882702848,1220195071,7.217823640938393,1.2403103219883826
494,5.21.-23.31,249,36992,2882702848,1220195071,7.214923750432598,1.2403103219883826
495,5.21.5.-18,499,73984,2882702848,1220195071,7.212029677163418,1.2403103219883826
496,5.23.1.-12,125,18496,2882702848,1220195071,7.209141397838592,1.2403103219883826
497,5.24.-1.-9,501,73984,2882702848,1220195071,7.20625888930547,1.2403103219883826
498,5.24.11.-30,251,36992,2882702848,1220195071,7.203382128549907,1.2403103219883826
499,5.24.7.-23,503,73984,2882702848,1220195071,7.200511092695152,1.2403103219883826
500,5.25.-15.15,63,9248,2882702848,1220195071,7.197645759000762,1.2403103219883826
501,5.26.-5.-3,505,73984,2882702848,1220195071,7.194786104861522,1.2403103219883826
502,5.26.3.-17,253,36992,2882702848,1220195071,7.191932107806369,1.2403103219883826
503,5.27.-19.21,507,73984,2882702848,1220195071,7.189083745497339,1.2403103219883826
504,5.27.9.-28,127,18496,2882702848,1220195071,7.186240995728513,1.2403103219883826
505,5.28.-13.10,509,73984,2882702848,1220195071,7.183403836424984,1.2403103219883826
506,5.29.-3.-8,15,2176,2882702848,1220195071,7.180572245641821,1.2403103219883826
507,5.29.5.-22,511,73984,2882702848,1220195071,7.177746201563058,1.2403103219883826
508,5.3.-7.12,2,289,2882702848,1220195071,7.174925682500679,1.2403103219883826
509,5.31.-7.-2,513,73984,2882702848,1220195071,7.172110666893625,1.2403103219883826
510,5.31.9.-30,257,36992,2882702848,1220195071,7.169301133306801,1.2403103219883826
511,5.34.-5.-7,515,73984,2882702848,1220195071,7.166497060430098,1.2403103219883826
512,5.35.-11.3,129,18496,2882702848,1220195071,7.163698427077425,1.2403103219883826
513,5.36.-9.-1,517,73984,2882702848,1220195071,7.160905212185744,1.2403103219883826
514,5.4.-9.15,259,36992,2882702848,1220195071,7.158117394814125,1.2403103219883826
515,5.40.-9.-3,519,73984,2882702848,1220195071,7.155334954142798,1.2403103219883826
516,5.8.19.-36,65,9248,2882702848,1220195071,7.152557869472225,1.2403103219883826
517,6.-1.24.-40,521,73984,2882702848,1220195071,7.149786120222171,1.2403103219883826
518,6.1.20.-34,261,36992,2882702848,1220195071,7.147019685930794,1.2403103219883826
519,6.11.16.-32,523,73984,2882702848,1220195071,7.144258546253737,1.2403103219883826
520,6.19.16.-36,131,18496,2882702848,1220195071,7.141502680963229,1.2403103219883826
521,6.21.-20.26,525,73984,2882702848,1220195071,7.138752069947194,1.2403103219883826
522,6.23.-24.32,263,36992,2882702848,1220195071,7.136006693208376,1.2403103219883826
523,6.23.4.-17,31,4352,2882702848,1220195071,7.133266530863464,1.2403103219883826
524,6.25.0.-11,529,73984,2882702848,1220195071,7.127801770386653,1.2403103219883826
525,6.26.10.-29,265,36992,2882702848,1220195071,7.125077133050118,1.2403103219883826
526,6.26.6.-22,531,73984,2882702848,1220195071,7.122357631696525,1.2403103219883826
527,6.27.-16.16,133,18496,2882702848,1220195071,7.119643246999489,1.2403103219883826
528,6.27.-4.-5,533,73984,2882702848,1220195071,7.116933959741503,1.2403103219883826
529,6.28.2.-16,267,36992,2882702848,1220195071,7.1142297508131245,1.2403103219883826
530,6.29.-20.22,535,73984,2882702848,1220195071,7.11153060121217,1.2403103219883826
531,6.29.8.-27,67,9248,2882702848,1220195071,7.108836492042906,1.2403103219883826
532,6.30.-2.-10,537,73984,2882702848,1220195071,7.106147404515267,1.2403103219883826
533,6.30.10.-31,269,36992,2882702848,1220195071,7.103463319944055,1.2403103219883826
534,6.31.4.-21,539,73984,2882702848,1220195071,7.100784219748173,1.2403103219883826
535,6.32.-6.-4,135,18496,2882702848,1220195071,7.098110085449848,1.2403103219883826
536,6.34.6.-26,541,73984,2882702848,1220195071,7.095440898673863,1.2403103219883826
537,6.35.-16.12,271,36992,2882702848,1220195071,7.092776641146807,1.2403103219883826
538,6.35.-4.-9,543,73984,2882702848,1220195071,7.090117294696317,1.2403103219883826
539,6.36.-10.1,1,136,2882702848,1220195071,7.087462841250339,1.2403103219883826
540,6.37.-8.-3,545,73984,2882702848,1220195071,7.0848132628363905,1.2403103219883826
541,6.40.-10.-1,273,36992,2882702848,1220195071,7.082168541580827,1.2403103219883826
542,6.40.-6.-8,547,73984,2882702848,1220195071,7.079528659708123,1.2403103219883826
543,6.9.20.-38,137,18496,2882702848,1220195071,7.076893599540152,1.2403103219883826
544,7.0.25.-42,549,73984,2882702848,1220195071,7.07426334349548,1.2403103219883826
545,7.10.21.-40,275,36992,2882702848,1220195071,7.0716378740886565,1.2403103219883826
546,7.12.17.-34,551,73984,2882702848,1220195071,7.069017173929521,1.2403103219883826
547,7.15.19.-39,69,9248,2882702848,1220195071,7.06640122572251,1.2403103219883826
548,7.2.21.-36,553,73984,2882702848,1220195071,7.063790012265971,1.2403103219883826
549,7.20.17.-38,277,36992,2882702848,1220195071,7.06118351645149,1.2403103219883826
550,7.23.-21.27,555,73984,2882702848,1220195071,7.05858172126321,1.2403103219883826
551,7.25.-25.33,139,18496,2882702848,1220195071,7.0559846097771715,1.2403103219883826
552,7.25.3.-16,557,73984,2882702848,1220195071,7.0533921651606475,1.2403103219883826
553,7.27.11.-31,279,36992,2882702848,1220195071,7.050804370671491,1.2403103219883826
554,7.28.-3.-7,559,73984,2882702848,1220195071,7.0482212096574886,1.2403103219883826
555,7.28.5.-21,35,4624,2882702848,1220195071,7.045642665555713,1.2403103219883826
556,7.29.-17.17,33,4352,2882702848,1220195071,7.043068721891886,1.2403103219883826
557,7.30.1.-15,281,36992,2882702848,1220195071,7.0404993622797525,1.2403103219883826
558,7.30.13.-36,563,73984,2882702848,1220195071,7.0379345704204495,1.2403103219883826
559,7.31.-1.-12,141,18496,2882702848,1220195071,7.035374330101885,1.2403103219883826
560,7.31.-21.23,565,73984,2882702848,1220195071,7.032818625198129,1.2403103219883826
561,7.32.9.-30,283,36992,2882702848,1220195071,7.030267439668797,1.2403103219883826
562,7.33.-5.-6,567,73984,2882702848,1220195071,7.02772075755845,1.2403103219883826
563,7.33.3.-20,71,9248,2882702848,1220195071,7.025178562995997,1.2403103219883826
564,7.34.-19.18,569,73984,2882702848,1220195071,7.0226408401940965,1.2403103219883826
565,7.36.-3.-11,285,36992,2882702848,1220195071,7.020107573448575,1.2403103219883826
566,7.36.5.-25,571,73984,2882702848,1220195071,7.017578747137836,1.2403103219883826
567,7.37.-17.13,143,18496,2882702848,1220195071,7.015054345722289,1.2403103219883826
568,7.38.-11.2,573,73984,2882702848,1220195071,7.012534353743774,1.2403103219883826
569,7.41.-5.-10,287,36992,2882702848,1220195071,7.010018755824991,1.2403103219883826
570,7.41.-9.-3,575,73984,2882702848,1220195071,7.007507536668941,1.2403103219883826
571,7.43.-13.3,9,1156,2882702848,1220195071,7.005000681058367,1.2403103219883826
572,8.18.16.-35,577,73984,2882702848,1220195071,7.002498173855196,1.2403103219883826
573,8.23.14.-34,1,128,2882702848,1220195071,7.0,1.2403103219883826
574,8.24.0.-10,145,18496,2882702848,1220195071,6.995016592485745,1.2403103219883826
575,8.28.-20.23,581,73984,2882702848,1220195071,6.99253132909615,1.2403103219883826
576,8.30.4.-20,291,36992,2882702848,1220195071,6.990050339592395,1.2403103219883826
577,8.33.10.-32,583,73984,2882702848,1220195071,6.987573609300182,1.2403103219883826
578,8.33.6.-25,73,9248,2882702848,1220195071,6.9851011236206615,1.2403103219883826
579,8.34.-16.13,585,73984,2882702848,1220195071,6.982632868029912,1.2403103219883826
580,8.34.-4.-8,293,36992,2882702848,1220195071,6.980168828078431,1.2403103219883826
581,8.36.8.-30,587,73984,2882702848,1220195071,6.977708989390627,1.2403103219883826
582,8.37.-14.8,147,18496,2882702848,1220195071,6.975253337664315,1.2403103219883826
583,8.39.-6.-7,589,73984,2882702848,1220195071,6.972801858670218,1.2403103219883826
584,8.43.-10.-2,295,36992,2882702848,1220195071,6.970354538251475,1.2403103219883826
585,8.44.-8.-6,591,73984,2882702848,1220195071,6.967911362323147,1.2403103219883826
586,8.8.20.-37,37,4624,2882702848,1220195071,6.965472316871729,1.2403103219883826
587,9.18.19.-40,593,73984,2882702848,1220195071,6.963037387954675,1.2403103219883826
588,9.19.17.-37,297,36992,2882702848,1220195071,6.960606561699913,1.2403103219883826
589,9.23.17.-39,35,4352,2882702848,1220195071,6.958179824305373,1.2403103219883826
590,9.30.-21.24,149,18496,2882702848,1220195071,6.955757162038517,1.2403103219883826
591,9.31.-23.27,597,73984,2882702848,1220195071,6.953338561235874,1.2403103219883826
592,9.32.3.-19,299,36992,2882702848,1220195071,6.950924008302573,1.2403103219883826
593,9.33.1.-16,599,73984,2882702848,1220195071,6.948513489711893,1.2403103219883826
594,9.33.13.-37,75,9248,2882702848,1220195071,6.946106992004798,1.2403103219883826
595,9.34.-1.-13,601,73984,2882702848,1220195071,6.943704501789493,1.2403103219883826
596,9.34.11.-34,301,36992,2882702848,1220195071,6.941306005740977,1.2403103219883826
597,9.35.-3.-10,603,73984,2882702848,1220195071,6.938911490600594,1.2403103219883826
598,9.35.5.-24,151,18496,2882702848,1220195071,6.9365209431756,1.2403103219883826
599,9.36.-17.14,605,73984,2882702848,1220195071,6.934134350338722,1.2403103219883826
600,9.36.3.-21,303,36992,2882702848,1220195071,6.9317516990277275,1.2403103219883826
601,9.37.-19.17,607,73984,2882702848,1220195071,6.929372976244997,1.2403103219883826
602,9.38.11.-36,19,2312,2882702848,1220195071,6.926998169057094,1.2403103219883826
603,9.38.7.-29,609,73984,2882702848,1220195071,6.9246272645943465,1.2403103219883826
604,9.39.-3.-12,305,36992,2882702848,1220195071,6.922260250050431,1.2403103219883826
605,9.39.5.-26,611,73984,2882702848,1220195071,6.919897112681949,1.2403103219883826
606,9.39.9.-33,9,1088,2882702848,1220195071,6.917537839808027,1.2403103219883826
607,9.40.-17.12,613,73984,2882702848,1220195071,6.915182418809898,1.2403103219883826
608,9.40.-5.-9,307,36992,2882702848,1220195071,6.9128308371305,1.2403103219883826
609,9.42.7.-31,615,73984,2882702848,1220195071,6.910483082274077,1.2403103219883826
610,9.44.-5.-11,77,9248,2882702848,1220195071,6.908139141805777,1.2403103219883826
611,9.45.-11.-1,617,73984,2882702848,1220195071,6.905799003351261,1.2403103219883826
612,9.45.-7.-8,309,36992,2882702848,1220195071,6.9034626545963045,1.2403103219883826
613,9.46.-13.2,619,73984,2882702848,1220195071,6.901130083286414,1.2403103219883826
614,9.48.-9.-6,155,18496,2882702848,1220195071,6.8988012772264415,1.2403103219883826
615,9.49.-11.-3,621,73984,2882702848,1220195071,6.896476224280198,1.2403103219883826
616,9.49.-7.-10,311,36992,2882702848,1220195071,6.894154912370076,1.2403103219883826
617,9.8.23.-42,623,73984,2882702848,1220195071,6.891837329476677,1.2403103219883826
618,9.9.21.-39,39,4624,2882702848,1220195071,6.88952346363843,1.2403103219883826
619,-16.-24.-4.15,313,36992,902233473440,381921057223,6.884906835568061,1.240226346795462
620,-16.-28.4.3,157,18496,452531829152,191570626147,6.880304933609052,1.2401429016347436
621,-3.-18.15.-18,315,36992,302631281056,128120482455,6.8757176641134,1.2400599815037134
622,-3.-3.-15.27,79,9248,227681007008,96395410609,6.871144934323576,1.2399775814626142
623,-4.-20.16.-19,317,36992,913554212896,386801837507,6.8665866523612715,1.2398956966334638
624,-4.-4.-16.29,159,18496,152730732960,64670338763,6.862042727216323,1.239814322199094
625,16.24.4.-15,319,36992,919214582624,389242227649,6.857513068735809,1.2397334534022038
626,16.28.-4.-3,5,578,14406949492,6100975355,6.8529975876133165,1.2396530855444343
627,3.18.-15.18,321,36992,308291650784,130560872597,6.848496195378376,1.239573213985457
628,3.3.15.-27,161,18496,463852568608,196451406431,6.844008804386062,1.2394938341420818
629,4.20.-16.19,19,2176,930535322080,394123007933,6.839535327806754,1.2394149414873787
630,4.4.16.-29,81,9248,77780458912,32945266917,6.835075679616054,1.2393365315498195
631,-1.-16.13.-15,649,73984,1869508680768,791906601079,6.83285101450154,1.2392569787936134
632,-1.-17.-5.17,325,36992,936143173824,396563398075,6.830629774584862,1.239177666448424
633,-1.-17.15.-18,651,73984,625021338176,264782330407,6.8284119493350435,1.239098593425982
634,-1.-19.19.-24,163,18496,469460420352,198891796573,6.826197528269601,1.2390197586445757
635,-1.-2.-15.27,653,73984,1880619348288,796787381363,6.8239865009542475,1.2389411610290049
636,-1.-20.21.-27,327,36992,313899502528,133001262739,6.821778857002596,1.238862799510529
637,-1.-21.-5.19,655,73984,1886174682048,799227771505,6.819574586075866,1.238784673026821
638,-1.-22.-3.16,657,73984,630576671936,267222720549,6.815176122178349,1.2386291209461726
639,-1.-22.5.2,329,36992,947253841344,401444178359,6.812981908765438,1.2385516932562097
640,-1.-25.3.7,165,18496,158338584704,67110728905,6.808603468254863,1.2383975293911915
641,-1.-26.5.4,661,73984,1902840683328,806548941931,6.8064192209929875,1.2383207911603133
642,-1.-3.-13.24,331,36992,952809175104,403884568501,6.804238275693461,1.238244280703479
643,-1.-3.19.-32,39,4352,636132005696,269663110691,6.802060622388091,1.238167997007968
644,-1.-4.21.-35,83,9248,238896710496,101276190893,6.799886251153754,1.2380919390670537
645,-1.-5.15.-24,665,73984,1913951350848,811429722215,6.797715152112127,1.2380161058799626
646,-1.-6.17.-27,333,36992,319454836288,135441652881,6.795547315429417,1.2379404964518268
647,-1.0.-19.33,667,73984,1919506684608,813870112357,6.793382731316094,1.2378651097936426
648,-1.1.-21.36,167,18496,480571087872,203772576857,6.791221390026626,1.237789944922227
649,-1.10.-15.21,669,73984,641687339456,272103500833,6.789063281859217,1.2377150008601738
650,-1.11.-17.24,335,36992,963919842624,408765348785,6.786908397155544,1.2376402766358134
651,-1.13.7.-19,671,73984,1930617352128,818750892641,6.784756726300495,1.237565771283169
652,-1.14.5.-16,21,2312,20139531448,8541365497,6.782608259721918,1.2374914838419153
653,-1.16.-19.25,673,73984,1936172685888,821191282783,6.7804629878903615,1.2374174133573375
654,-1.17.-21.28,337,36992,969475176384,411205738927,6.77832090131882,1.2373435588802906
655,-1.18.-11.10,675,73984,647242673216,274543890975,6.776181990562486,1.2372699194671581
656,-1.19.-5.-1,169,18496,486126421632,206212966999,6.774046246218495,1.237196494179813
657,-1.19.3.-15,677,73984,1947283353408,826072063067,6.771913658925682,1.237123282085576
658,-1.20.-7.2,339,36992,325010170048,137882043023,6.769784219364335,1.2370502822571783
659,-1.22.-3.-6,679,73984,1952838687168,828512453209,6.7676579182559475,1.236977493772721
660,-1.7.11.-23,5,544,244452044256,103716581035,6.765534746362977,1.2369049157156355
661,-10.-10.-18.34,681,73984,652798006976,276984281117,6.763414694488608,1.2368325471746486
662,-10.-10.2.-1,341,36992,980585843904,416086519211,6.761297753476506,1.2367603872437392
663,-10.-11.-16.31,683,73984,1963949354688,833393233493,6.759183914210588,1.2366884350221046
664,-10.-11.4.-4,171,18496,163893918464,69551119047,6.757073167614781,1.2366166896141213
665,-10.-13.8.-10,685,73984,1969504688448,835833623635,6.75496550465279,1.2365451501293079
666,-10.-16.-14.30,343,36992,986141177664,418526909353,6.752860916327866,1.236473815682288
667,-10.-20.-6.18,687,73984,658353340736,279424671259,6.7507593936825785,1.236402685392755
668,-10.-22.-14.33,43,4624,123614855568,52468388053,6.748660927798581,1.2363317583854345
669,-10.-22.18.-23,689,73984,37370101056,15862535923,6.746565509796388,1.2362610337900481
670,-10.-24.-10.27,345,36992,330565503808,140322433165,6.744473130835147,1.2361905107412798
671,-10.-24.-14.34,691,73984,1986170689728,843154794061,6.74238378211242,1.2361201883787383
672,-10.-25.-12.31,173,18496,497237089152,211093747283,6.7402974548639545,1.2360500658469236
673,-10.-26.6.0,693,73984,663908674496,281865061401,6.738214140363465,1.2359801422951917
674,-10.-27.16.-17,347,36992,997251845184,423407689637,6.736133829922418,1.2359104168777206
675,-10.-28.18.-20,695,73984,1997281357248,848035574345,6.734056514889809,1.2358408887534749
676,-10.-30.14.-12,87,9248,83335792672,35385657059,6.73198218665195,1.2357715570861743
677,-10.-31.-4.20,41,4352,2002836691008,850475964487,6.729910836632256,1.2357024210442573
678,-10.-34.10.-3,349,36992,1002807178944,425848079779,6.727842456291026,1.2356334798008506
679,-10.-35.4.8,699,73984,669464008256,284305451543,6.725777037125242,1.235564732533734
680,-10.-36.14.-9,175,18496,502792422912,213534137425,6.72371457066835,1.2354961784253087
681,-10.-37.12.-5,701,73984,2013947358528,855356744771,6.721655048490056,1.2354278166625652
682,-10.-38.14.-8,351,36992,336120837568,142762823307,6.719598462196118,1.23535964643705
683,-10.-4.-18.31,703,73984,2019502692288,857797134913,6.717544803428144,1.2352916669448346
684,-10.-5.-8.14,11,1156,31598130612,13422145781,6.715494063863382,1.2352238773864839
685,-10.-5.0.0,353,36992,1013917846464,430728860063,6.711401309229498,1.2350888648959144
686,-10.-7.-4.8,707,73984,2030613359808,862677915197,6.70935927769128,1.2350216403870102
687,-10.-8.-2.5,177,18496,169449252224,71991509189,6.707320132417681,1.2349546026585385
688,-11.-10.-1.4,355,36992,1019473180224,433169250205,6.703250468108634,1.2348210844374647
689,-11.-10.-21.39,711,73984,680574675776,289186231827,6.701219932881264,1.2347546024028913
690,-11.-10.-9.18,89,9248,255562711776,108597361319,6.699192251534281,1.2346883040647476
691,-11.-11.-19.36,713,73984,2047279361088,869999085623,6.697167416056791,1.2346221886626576
692,-11.-11.1.1,715,73984,2052834694848,872439475765,6.693126250834927,1.2344905036460605
693,-11.-13.5.-5,179,18496,513903090432,218414917709,6.691109905236423,1.234424932531641
694,-11.-14.7.-8,717,73984,686130009536,291626621969,6.689096373798774,1.234359541353394
695,-11.-16.-17.35,359,36992,1030583847744,438050030489,6.687085648677628,1.2342943293716135
696,-11.-17.-15.32,719,73984,2063945362368,877320256049,6.685077722061381,1.234229295850642
697,-11.-19.-11.26,45,4624,43056729776,18302926065,6.683072586171004,1.2341644400588438
698,-11.-19.9.-9,721,73984,2069500696128,879760646191,6.681070233259857,1.2340997612685773
699,-11.-20.-9.23,361,36992,1036139181504,440490420631,6.679070655613508,1.234035258756169
700,-11.-25.-11.29,723,73984,691685343296,294067012111,6.677073845549561,1.2339709318018839
701,-11.-28.19.-22,181,18496,519458424192,220855307851,6.675079795417473,1.233906779689901
702,-11.-29.-15.38,725,73984,2080611363648,884641426475,6.673088497598382,1.2338428017082863
703,-11.-29.9.-4,363,36992,347231505088,147643603591,6.671099944504928,1.2337789971489648
704,-11.-30.-13.35,727,73984,2086166697408,887081816617,6.669114128581084,1.233715365307697
705,-11.-30.11.-7,91,9248,261118045536,111037751461,6.667131042301983,1.2336519054840511
706,-11.-30.19.-21,729,73984,697240677056,296507402253,6.665150678173742,1.233588616981378
707,-11.-31.21.-24,365,36992,1047249849024,445371200915,6.663173028733299,1.2335254991067852
708,-11.-32.15.-13,43,4352,2097277364928,891962596901,6.661198086548241,1.2334625511711128
709,-11.-33.-3.19,183,18496,175004585984,74431899331,6.659225844216636,1.2333997724889065
710,-11.-33.17.-16,733,73984,2868803136,1220195071,6.657256294366867,1.2333371623783944
711,-11.-34.-1.16,367,36992,1052805182784,447811591057,6.655289429657466,1.233274720161462
712,-11.-35.1.13,735,73984,702796010816,298947792395,6.653325242776952,1.2332124451636268
713,-11.-36.11.-4,23,2312,65973928104,28064486633,6.651363726443666,1.2331503367140144
714,-11.-36.3.10,737,73984,2113943366208,899283767327,6.649404873405609,1.2330883941453357
715,-11.-43.13.-4,369,36992,352786838848,150083993733,6.647448676440283,1.2330266167938606
716,-11.-44.15.-7,739,73984,2119498699968,901724157469,6.645495128354528,1.232965003999396
717,-11.-7.-7.13,185,18496,530569091712,225736088135,6.643544221984366,1.2329035551052627
718,-11.-8.-5.10,741,73984,708351344576,301388182537,6.641595950194845,1.23284226945827
719,-11.-9.-19.35,371,36992,20073883968,8541365497,6.639650305879876,1.2327811464086942
720,-12.-10.-4.9,743,73984,2130609367488,906604937753,6.637707281962083,1.2327201853102552
721,-12.-11.-2.6,745,73984,2136164701248,909045327895,6.633829067151154,1.2325987463987498
722,-12.-12.-16.31,373,36992,1069471184064,455132761483,6.631893862245441,1.2325382673101368
723,-12.-12.-8.17,747,73984,713906678336,303828572679,6.6299612497114415,1.2324779476215233
724,-12.-13.-6.14,11,1088,536124425472,228176478277,6.628031222613042,1.2324177867035093
725,-12.-13.2.0,375,36992,358342172608,152524383875,6.624178897117436,1.2322979386782036
726,-12.-14.4.-3,751,73984,2152830702528,916366498321,6.622256584986407,1.2322382503285727
727,-12.-19.-14.31,47,4624,134725523088,57349168337,6.6203368308230415,1.2321787182648187
728,-12.-19.6.-4,753,73984,719462012096,306268962821,6.61841962782875,1.2321193418738743
729,-12.-20.-12.28,377,36992,1080581851584,460013541767,6.616504969232015,1.2320601205458732
730,-12.-20.8.-7,755,73984,2163941370048,921247278605,6.614592848288238,1.2320010536741322
731,-12.-28.16.-17,189,18496,180559919744,76872289473,6.612683258279606,1.231942140655128
732,-12.-30.-8.26,757,73984,2169496703808,923687668747,6.6107761925149475,1.2318833808884786
733,-12.-32.-12.34,379,36992,1086137185344,462453931909,6.608871644329587,1.2318247737769217
734,-12.-32.12.-8,759,73984,725017345856,308709352963,6.606969607085213,1.2317663187262948
735,-12.-33.14.-11,95,9248,272228713056,115918531745,6.605070074169731,1.231708015145515
736,-12.-34.0.14,381,36992,363897506368,154964774017,6.601278495007357,1.2315918600444453
737,-12.-38.8.2,763,73984,2186162705088,931008839173,6.5993864356661485,1.2315340073572096
738,-12.-44.12.-2,191,18496,547235092992,233057258561,6.59749685446493,1.231476303805891
739,-13.-13.-1.5,45,4352,730572679616,311149743105,6.595609744920664,1.231418748814509
740,-13.-13.-9.19,383,36992,1097247852864,467334712193,6.593725100575722,1.2313613418100464
741,-13.-14.1.2,767,73984,2197273372608,935889619457,6.591842914997746,1.2313040822224284
742,-13.-15.-5.13,3,289,2864649791,1220195071,6.589963181779523,1.2312469694845056
743,-13.-19.-17.36,769,73984,2202828706368,938330009599,6.588085894538852,1.2311900030320344
744,-13.-20.-15.33,385,36992,1102803186624,469775102335,6.586211046918415,1.2311331823036573
745,-13.-20.5.-2,771,73984,736128013376,313590133247,6.584338632585645,1.2310765067408866
746,-13.-22.9.-8,193,18496,552790426752,235497648703,6.5824686452325984,1.231019975788085
747,-13.-31.-13.35,773,73984,2213939373888,943210789883,6.580601078575832,1.2309635888924473
748,-13.-32.-15.39,387,36992,369452840128,157405164159,6.578735926356268,1.230907345503982
749,-13.-33.-13.36,775,73984,2219494707648,945651180025,6.576873182339079,1.2308512450754951
750,-13.-35.15.-12,97,9248,277784046816,118358921887,6.575012840313551,1.2307952870625702
751,-13.-36.17.-15,777,73984,741683347136,316030523389,6.573154894092968,1.2307394709235528
752,-13.-39.-5.25,389,36992,1113913854144,474655882619,6.571299337514487,1.2306837961195314
753,-13.-40.-3.22,779,73984,2230605375168,950531960309,6.569446164439009,1.2306282621143205
754,-13.-43.3.13,195,18496,186115253504,79312679615,6.567595368751068,1.230572868374444
755,-13.-44.13.-4,781,73984,2236160708928,952972350451,6.5657469443586995,1.2305176143691174
756,-13.-44.5.10,23,2176,1119469187904,477096272761,6.563900885193326,1.2304624995702318
757,-13.-46.13.-3,783,73984,747238680896,318470913531,6.562057185209638,1.230407523452335
758,-13.-47.15.-6,49,4624,140280856848,59789558479,6.560215838385471,1.2303526854926174
759,-14.-16.-6.15,785,73984,2247271376448,957853130735,6.558376838721689,1.230297985170894
760,-14.-22.6.-3,393,36992,375008173888,159845554301,6.556540180242072,1.2302434219695877
761,-14.-28.-10.28,787,73984,2252826710208,960293520877,6.554705856993192,1.230188995373714
762,-14.-34.-10.31,197,18496,563901094272,240378428987,6.552873863044303,1.2301347048708633
763,-14.-34.-6.24,789,73984,752794014656,320911303673,6.55104419248722,1.2300805499511867
764,-14.-38.10.-2,395,36992,1130579855424,481977053045,6.549216839436213,1.230026530107379
765,-14.-40.6.6,791,73984,2263937377728,965174301161,6.547391798027887,1.229972644834662
766,-14.-44.10.1,99,9248,94446460192,40266437343,6.54556906242107,1.2299188936307708
767,-15.-19.-3.11,793,73984,2269492711488,967614691303,6.543748626796701,1.2298652759959363
768,-15.-21.-7.19,397,36992,1136135189184,484417443187,6.541930485357721,1.229811791432871
769,-15.-22.3.2,795,73984,14308478272,6100975355,6.540114632328961,1.2297584394467527
770,-15.-28.-13.33,199,18496,569456428032,242818819129,6.53830106195703,1.2297052195452098
771,-15.-28.7.-2,797,73984,2280603379008,972495471587,6.536489768510207,1.2296521312383064
772,-15.-29.-11.30,399,36992,380563507648,162285944443,6.534680746278333,1.229599174038526
773,-15.-40.-13.39,47,4352,2286158712768,974935861729,6.532873989572702,1.2295463474607584
774,-15.-40.11.-3,25,2312,71529261864,30504876775,6.531069492725954,1.229493651022283
775,-15.-41.13.-6,801,73984,763904682176,325792083957,6.529267250091968,1.2294410842427552
776,-15.-42.-1.19,401,36992,1147245856704,489298223471,6.5274672560457585,1.2293886466441926
777,-15.-43.-3.23,803,73984,2297269380288,979816642013,6.525669504983364,1.2293363377509583
778,-15.-43.1.16,201,18496,191670587264,81753069757,6.52387399132175,1.229284157089748
779,-15.-46.3.14,805,73984,2302824714048,982257032155,6.5220807094987,1.229232104189576
780,-15.-53.13.0,403,36992,1152801190464,491738613613,6.5202896539727115,1.2291801785817595
781,-16.-40.-12.37,807,73984,769460015936,328232474099,6.518500819222899,1.2291283797999066
782,-16.-44.0.18,809,73984,2313935381568,987137812439,6.514929790070701,1.2290251608598868
783,-16.-52.12.1,405,36992,386118841408,164726334585,6.513147584728692,1.228973739780259
784,-17.-43.-13.40,811,73984,2319490715328,989578202581,6.511367578283406,1.228922443683645
785,-17.-43.-5.26,203,18496,580567095552,247699599413,6.509589765315503,1.228871272114894
786,-17.-43.-9.33,813,73984,775015349696,330672864241,6.507814140425651,1.2288202246210627
787,-17.-48.-7.32,407,36992,1163911857984,496619393897,6.506040698234432,1.228769300751402
788,-17.-48.5.11,815,73984,2330601382848,994458982865,6.504269433382239,1.2287185000573428
789,-17.-49.-5.29,3,272,48612063536,20743316207,6.502500340529183,1.2286678220924854
790,-17.-52.9.6,817,73984,2336156716608,996899373007,6.500733414354995,1.228617266412583
791,-17.-54.5.14,409,36992,1169467191744,499059784039,6.49896864955893,1.2285668325755312
792,-17.-55.7.11,819,73984,780570683456,333113254383,6.49720604085967,1.228516520141355
793,-17.-56.13.1,205,18496,586122429312,250139989555,6.495445582995233,1.2284663286721937
794,-18.-46.-2.22,821,73984,2347267384128,1001780153291,6.493687270722874,1.2284162577322915
795,-18.-48.2.16,411,36992,391674175168,167166724727,6.491931098818996,1.228366306887982
796,-18.-49.-4.27,823,73984,2352822717888,1004220543433,6.490177062079053,1.2283164757076777
797,-18.-50.-2.24,103,9248,294450048096,125680092313,6.488425155317461,1.2282667637618565
798,-18.-52.2.18,825,73984,786126017216,335553644525,6.4866753733675,1.2282171706230491
799,-18.-53.4.15,413,36992,1180577859264,503940564323,6.484927711081234,1.2281676958658287
800,-19.-49.-7.32,827,73984,2363933385408,1009101323717,6.4831821633294044,1.2281183390667956
801,-19.-50.-5.29,207,18496,197225921024,84193459899,6.481438725001354,1.2280690998045678
802,-19.-51.-11.40,829,73984,2369488719168,1011541713859,6.479697391004929,1.2280199776597687
803,-19.-52.-1.23,831,73984,791681350976,337994034667,6.476221015730334,1.227922083054899
804,-19.-52.-9.37,13,1156,37153464372,15862535923,6.4744859643595865,1.2278733097659913
805,-19.-53.1.20,417,36992,397229508928,169607114869,6.471022109056015,1.2277761091578383
806,-19.-55.5.14,835,73984,2386154720448,1018862884285,6.4692932951392645,1.2277276810214675
807,-19.-56.7.11,209,18496,597233096832,255020769839,6.467566550419797,1.2276793671220294
808,-19.-61.9.10,837,73984,797236684736,340434424809,6.465841869950335,1.227631167055764
809,-19.-62.11.7,419,36992,1197243860544,511261734749,6.464119248801327,1.2275830804208117
810,-2.-16.10.-10,839,73984,2397265387968,1023743664569,6.462398682060855,1.2275351068172018
811,-2.-17.12.-13,105,9248,100001793952,42706827485,6.460680164834556,1.2274872458468422
812,-2.-2.-18.32,841,73984,2402820721728,1026184054711,6.4589636922455345,1.2274394971135092
813,-2.-20.18.-22,421,36992,1202799194304,513702124891,6.457249259434283,1.227391860222834
814,-2.-27.-4.20,843,73984,802792018496,342874814951,6.455536861558596,1.2273443347822943
815,-2.-31.4.8,211,18496,602788430592,257461159981,6.4538264937934935,1.2272969204012016
816,-2.-5.-12.23,845,73984,2413931389248,1031064834995,6.452118151331132,1.227249616690693
817,-2.-6.-10.20,423,36992,402784842688,172047505011,6.450411829380729,1.2272024232637178
818,-2.-6.14.-22,847,73984,2419486723008,1033505225137,6.44870752316848,1.2271553397350285
819,-2.-8.18.-28,53,4624,2856443856,1220195071,6.447005227937479,1.22710836572117
820,-2.-9.20.-31,849,73984,808347352256,345315205093,6.445304938947641,1.2270615008404695
821,-2.10.-18.26,25,2176,1213909861824,518582905175,6.443606651475615,1.227014744713025
822,-2.11.-20.29,851,73984,2430597390528,1038386005421,6.441910360814716,1.2269680969606966
823,-2.13.4.-14,853,73984,2436152724288,1040826395563,6.438523751182388,1.2268751250775733
824,-2.14.-6.3,427,36992,1219465195584,521023295317,6.436833422880189,1.2268288001992134
825,-2.14.2.-11,107,9248,305560715616,130560872597,6.433458696099532,1.2267364707129078
826,-2.16.-2.-5,429,36992,408340176448,174487895153,6.430091845001133,1.2266445657990848
827,-2.17.-4.-2,215,18496,613899098112,262341940265,6.4267328329112186,1.2265530825357145
828,-2.2.2.-5,861,73984,819458019776,350195985377,6.425056255103835,1.2265074981171384
829,-2.4.-2.1,431,36992,1230575863104,525904075601,6.423381623411581,1.2264620180275205
830,-2.8.-14.20,863,73984,2463929393088,1053028346273,6.421708933321724,1.2264166419090816
831,-2.8.6.-15,27,2312,25694865208,10981755639,6.42003818033721,1.2263713694056764
832,-20.-52.-4.28,865,73984,2469484726848,1055468736415,6.418369359976592,1.2263262001627842
833,-20.-53.-2.25,433,36992,1236131196864,528344465743,6.416702467773954,1.2262811338275006
834,-20.-55.2.19,3,256,825013353536,352636375519,6.415037499278844,1.2262361700485274
835,-20.-56.4.16,217,18496,619454431872,264782330407,6.4133744500561995,1.2261913084761635
836,-21.-54.-11.41,869,73984,2480595394368,1060349516699,6.411713315686279,1.226146548762296
837,-21.-55.-1.24,871,73984,2486150728128,1062789906841,6.408396773901814,1.2260573335254856
838,-21.-56.1.21,873,73984,830568687296,355076765661,6.405087838871239,1.2259685215846166
839,-21.-57.-5.32,437,36992,1247241864384,533225246027,6.403436213000081,1.225924265996498
840,-21.-58.-3.29,875,73984,2497261395648,1067670687125,6.4017864757809875,1.2258801102110501
841,-21.-58.-7.36,219,18496,208336588544,89074240183,6.400138622899505,1.2258360538910293
842,-21.-61.3.20,877,73984,2502816729408,1070111077267,6.398492650055946,1.2257920967007094
843,-21.-62.5.17,439,36992,1252797198144,535665636169,6.396848552965321,1.2257482383058724
844,-21.-65.11.8,879,73984,836124021056,357517155803,6.395206327357275,1.2257044783738025
845,-21.-65.7.15,55,4624,156946858128,67110728905,6.393565968976019,1.2256608165732756
846,-22.-58.-6.34,881,73984,2513927396928,1074991857551,6.391927473580266,1.2256172525745523
847,-22.-64.6.16,441,36992,419450843968,179368675437,6.390290836943159,1.2255737860493676
848,-23.-60.-5.33,883,73984,2519482730688,1077432247693,6.388656054852213,1.2255304166709258
849,-23.-61.-3.30,13,1088,630565099392,269663110691,6.387023123109247,1.225487144113889
850,-23.-63.-7.38,885,73984,841679354816,359957545945,6.385392037530319,1.2254439680543714
851,-23.-64.3.21,443,36992,1263907865664,540546416453,6.38376279394566,1.2254008881699299
852,-23.-65.5.18,887,73984,2530593398208,1082313027977,6.382135388199615,1.2253579041395566
853,-23.-70.7.17,111,9248,105557127712,45147217627,6.380509816150573,1.2253150156436705
854,-3.-11.21.-32,889,73984,2536148731968,1084753418119,6.378886073670909,1.22527222236411
855,-3.-12.23.-35,445,36992,1269463199424,542986806595,6.377264156646919,1.2252295239841244
856,-3.-17.13.-15,891,73984,847234688576,362397936087,6.375644060978757,1.2251869201883672
857,-3.-19.13.-14,223,18496,636120433152,272103500833,6.374025782580374,1.225144410662887
858,-3.-25.-3.17,893,73984,2547259399488,1089634198403,6.372409317379456,1.2251019950951205
859,-3.-25.17.-18,447,36992,425006177728,181809065579,6.370794661317361,1.225059673173885
860,-3.-26.-1.14,895,73984,2552814733248,1092074588545,6.36918181034906,1.2250174445893705
861,-3.-26.19.-21,7,578,19965565626,8541365497,6.3675707604430745,1.2249753090331315
862,-3.-27.-7.25,897,73984,852790022336,364838326229,6.365961507581417,1.2249332661980807
863,-3.-27.1.11,449,36992,1280573866944,547867586879,6.364354047759532,1.2248913157784813
864,-3.-28.3.8,899,73984,2563925400768,1096955368829,6.362748376986231,1.224849457469939
865,-3.-29.-3.19,225,18496,213891922304,91514630325,6.361144491283642,1.2248076909693943
866,-3.-30.-1.16,53,4352,48480768576,20743316207,6.35954238668714,1.224766015975117
867,-3.-31.1.13,451,36992,1286129200704,550307977021,6.357942059245298,1.224724432186697
868,-3.-32.3.10,903,73984,858345356096,367278716371,6.3563435050198205,1.2246829393050376
869,-3.-34.7.4,113,9248,322226716896,137882043023,6.354746720085491,1.2246415370323487
870,-3.-4.-13.24,905,73984,2580591402048,1104276539255,6.353151700530111,1.2246002250721397
871,-3.-6.-13.25,453,36992,430561511488,184249455721,6.351558442454444,1.2245590031292126
872,-3.-7.-19.36,907,73984,2586146735808,1106716929397,6.3499669419721565,1.2245178709096538
873,-3.-8.-17.33,227,18496,647231100672,276984281117,6.348377195209764,1.2244768281208283
874,-3.-8.15.-23,909,73984,863900689856,369719106513,6.346789198306571,1.2244358744713726
875,-3.-9.17.-26,455,36992,1297239868224,555188757305,6.34520294741462,1.224395009671187
876,-3.0.3.-6,911,73984,2597257403328,1111597709681,6.343618438698628,1.2243542334314301
877,-3.10.-21.31,57,4624,54167397296,23183706349,6.342035668335937,1.2243135454645102
878,-3.11.-23.34,913,73984,2602812737088,1114038099823,6.340454632516456,1.2242729454840808
879,-3.11.5.-15,457,36992,1302795201984,557629147447,6.338875327442609,1.2242324332050314
880,-3.12.-5.2,915,73984,869456023616,372159496655,6.337297749329274,1.224192008343483
881,-3.13.1.-9,917,73984,2613923404608,1118918880107,6.334147758905624,1.224111419743484
882,-3.14.-1.-6,919,73984,2619478738368,1121359270249,6.331004631211644,1.224031177437409
883,-3.14.-9.8,115,9248,327782050656,140322433165,6.329435631556303,1.2239911854477818
884,-3.15.-11.11,921,73984,875011357376,374599886797,6.3278683364093435,1.2239512791978528
885,-3.16.-5.0,461,36992,1313905869504,562509927731,6.3263027420713405,1.2239114584121729
886,-3.3.-3.3,923,73984,2630589405888,1126240050533,6.324738844854904,1.2238717228164722
887,-3.4.11.-22,231,18496,219447256064,93955020467,6.323176641084621,1.2238320721376525
888,-3.5.9.-19,925,73984,2636144739648,1128680440675,6.321616127097005,1.223792506103783
889,-3.7.-15.22,463,36992,1319461203264,564950317873,6.3200572992404425,1.2237530244440915
890,-3.7.5.-13,927,73984,880566691136,377040276939,6.318500153875148,1.2237136268889603
891,-3.8.-17.25,29,2312,82639929384,35385657059,6.316944687373106,1.2236743131699188
892,-4.-1.10.-18,929,73984,2647255407168,1133561220959,6.315390896118026,1.2236350830196385
893,-4.-11.18.-27,465,36992,441672179008,189130236005,6.3138387765052855,1.2235959361719257
894,-4.-12.20.-30,931,73984,2652810740928,1136001611101,6.3122883249418855,1.2235568723617165
895,-4.-14.16.-22,233,18496,663897101952,284305451543,6.310739537846398,1.2235178913250706
896,-4.-18.12.-13,933,73984,886122024896,379480667081,6.30919241164892,1.2234789927991645
897,-4.-29.-6.24,467,36992,1330571870784,569831098157,6.307646942791017,1.2234401765222869
898,-4.-30.-4.21,55,4352,2663921408448,1140882391385,6.30610312772568,1.223401442233832
899,-4.-34.4.9,117,9248,111112461472,47587607769,6.304560962917274,1.2233627896742936
900,-4.-35.6.6,937,73984,2669476742208,1143322781527,6.303020444841492,1.22332421858526
901,-4.-6.-12.23,469,36992,1336127204544,572271488299,6.301481569985302,1.2232857287094079
902,-4.11.-6.4,939,73984,891677358656,381921057223,6.299944334846904,1.2232473197904956
903,-4.11.2.-10,235,18496,669452435712,286745841685,6.298408735935679,1.22320899157336
904,-4.12.-8.7,941,73984,2680587409728,1148203561811,6.296874769772142,1.2231707438039077
905,-4.13.-2.-4,471,36992,447227512768,191570626147,6.295342432887896,1.2231325762291114
906,-4.2.-16.26,943,73984,2686142743488,1150643951953,6.293811721825582,1.2230944885970043
907,-4.4.8.-17,59,4624,168057525648,71991509189,6.2922826331388375,1.2230564806566735
908,-4.5.6.-14,945,73984,897232692416,384361447365,6.290755163392244,1.2230185521582555
909,-4.7.-18.27,473,36992,1347237872064,577152268583,6.289229309161284,1.2229807028529303
910,-4.7.2.-8,947,73984,2697253411008,1155524732237,6.287705067032294,1.2229429324929157
911,-4.8.-20.30,237,18496,225002589824,96395410609,6.28618243360242,1.2229052408314622
912,-4.8.0.-5,475,36992,1352793205824,579592658725,6.283141979282369,1.2228300926223732
913,-4.9.-10.12,951,73984,902788026176,386801837507,6.2816241516401154,1.2227926355863536
914,-4.9.-2.-2,7,544,338892718176,145203213449,6.280107919192735,1.2227552562721178
915,-5.-1.7.-13,953,73984,2713919412288,1162845902663,6.278593278590737,1.2227179544379994
916,-5.-10.-19.37,477,36992,8543072576,3660585213,6.277080226495167,1.2226807298433333
917,-5.-10.17.-26,955,73984,2719474746048,1165286292805,6.275568759577568,1.2226435822484507
918,-5.-11.19.-29,239,18496,680563103232,291626621969,6.27405887451993,1.2226065114146722
919,-5.-12.-7.17,957,73984,908343359936,389242227649,6.272550568014653,1.2225695171043052
920,-5.-13.-13.28,479,36992,1363903873344,584473439009,6.271043836764498,1.2225325990806366
921,-5.-14.-11.25,959,73984,2730585413568,1170167073089,6.269538677482548,1.222495757107929
922,-5.-14.21.-31,15,1156,14236266044,6100975355,6.26803508689216,1.222458990951415
923,-5.-15.23.-34,961,73984,2736140747328,1172607463231,6.266533061726928,1.2224223003772932
924,-5.-16.17.-23,481,36992,1369459207104,586913829151,6.265032598730637,1.2223856851527217
925,-5.-17.19.-26,963,73984,913898693696,391682617791,6.2635336946572195,1.2223491450458155
926,-5.-19.7.-4,241,18496,686118436992,294067012111,6.262036346270717,1.2223126798256385
927,-5.-2.9.-16,965,73984,2747251414848,1177488243515,6.260540550345236,1.2222762892622008
928,-5.-25.11.-8,483,36992,458338180288,196451406431,6.259046303664905,1.2222399731264544
929,-5.-26.13.-11,967,73984,2752806748608,1179928633657,6.257553603023838,1.2222037311902862
930,-5.-29.19.-20,121,9248,344448051936,147643603591,6.2560624452260845,1.2221675632265148
931,-5.-32.-3.20,57,4352,919454027456,394123007933,6.254572827085598,1.222131469008885
932,-5.-33.-1.17,485,36992,1380569874624,591794609435,6.253084745426189,1.222095448312064
933,-5.-34.1.14,971,73984,2763917416128,1184809413941,6.251598197081487,1.2220595009116357
934,-5.-35.-5.25,243,18496,230557923584,98835800751,6.250113178894898,1.222023626584097
935,-5.-35.3.11,973,73984,2769472749888,1187249804083,6.248629687719568,1.2219878251068519
936,-5.-40.5.10,487,36992,1386125208384,594234999577,6.2471477204183365,1.2219520962582078
937,-5.1.-17.28,975,73984,925009361216,396563398075,6.245667273863706,1.221916439817371
938,-5.2.-19.31,61,4624,173612859408,74431899331,6.244188344937792,1.221880855564442
939,-5.4.5.-12,977,73984,2780583417408,1192130584367,6.242710930532294,1.2218453432804104
940,-5.5.3.-9,979,73984,2786138751168,1194570974509,6.239760632896984,1.2217745337474208
941,-5.6.-7.8,245,18496,697229104512,298947792395,6.238287743498108,1.2217392360648498
942,-5.7.-17.25,981,73984,930564694976,399003788217,6.23681635628144,1.2217040094839422
943,-5.7.-21.32,491,36992,1397235875904,599115779861,6.235346468185986,1.221668853790069
944,-5.7.-9.11,983,73984,2797249418688,1199451754793,6.2338780761600985,1.2216337687694638
945,-5.8.-19.28,123,9248,116667795232,50027997911,6.232411177161439,1.22159875420922
946,-5.8.-23.35,985,73984,2802804752448,1201892144935,6.23094576815694,1.2215638098972834
947,-5.8.-3.0,987,73984,936120028736,401444178359,6.228019408044281,1.221494131174369
948,-5.9.-5.3,247,18496,702784438272,301388182537,6.226558450916001,1.2214593963435179
949,-6.-1.-16.27,989,73984,2813915419968,1206772925219,6.225098971741568,1.2214247309212212
950,-6.-1.4.-8,495,36992,469448847808,201332186715,6.223640967533707,1.2213901346996339
951,-6.-11.16.-24,991,73984,2819470753728,1209213315361,6.22218443531419,1.2213556074717407
952,-6.-12.-14.29,31,2312,88195263144,37826047201,6.220729372113803,1.2213211490313505
953,-6.-13.-12.26,993,73984,941675362496,403884568501,6.219275774972305,1.221286759173093
954,-6.-14.-14.30,497,36992,1413901877184,606436950287,6.217823640938393,1.2212524376924154
955,-6.-14.-6.16,995,73984,2830581421248,1214094095645,6.216372967069668,1.2212181843855767
956,-6.-16.-10.24,249,18496,236113257344,101276190893,6.214923750432598,1.221183999049646
957,-6.-16.14.-18,997,73984,2836136755008,1216534485787,6.213475988102483,1.221149881482495
958,-6.-17.16.-21,499,36992,1419457210944,608877340429,6.212029677163418,1.221115831482798
959,-6.-19.20.-27,999,73984,947230696256,406324958643,6.210584814708261,1.2210818488500246
960,-6.-2.-14.24,125,9248,355558719456,152524383875,6.209141397838592,1.2210479333844377
961,-6.-20.6.-2,1001,73984,2847247422528,1221415266071,6.207699423664685,1.2210140848870898
962,-6.-21.-4.16,501,36992,475004181568,203772576857,6.20625888930547,1.2209803031598174
963,-6.-25.12.-10,59,4352,2852802756288,1223855656213,6.204819791888498,1.2209465880052381
964,-6.-25.4.4,251,18496,713895105792,306268962821,6.203382128549907,1.2209129392267473
965,-6.-26.10.-6,1005,73984,952786030016,408765348785,6.201945896434387,1.2208793566285134
966,-6.-26.14.-13,503,36992,1430567878464,613758120713,6.200511092695152,1.2208458400154751
967,-6.-28.14.-12,1007,73984,54036102336,23183706349,6.199077714493894,1.2208123891933356
968,-6.-4.10.-17,63,4624,59722731056,25624096491,6.197645759000762,1.2207790039685622
969,-6.-5.12.-20,1009,73984,2869468757568,1231176826639,6.196215223394321,1.2207456841483786
970,-6.1.-20.33,505,36992,1436123212224,616198510855,6.194786104861522,1.2207124295407643
971,-6.3.-4.4,1011,73984,958341363776,411205738927,6.193358400597664,1.2206792399544495
972,-6.3.4.-10,253,18496,719450439552,308709352963,6.191932107806369,1.2206461151989114
973,-6.5.-16.24,1013,73984,2880579425088,1236057606923,6.190507223699541,1.2206130550843715
974,-6.5.0.-4,1015,73984,2886134758848,1238497997065,6.18766167042814,1.220547128022867
975,-6.6.-10.13,127,9248,361114053216,154964774017,6.186240995728513,1.2205142607000306
976,-6.7.-12.16,1017,73984,963896697536,413646129069,6.184821718643179,1.220481457266441
977,-6.7.-4.2,509,36992,1447233879744,621079291139,6.183403836424984,1.2204487175359842
978,-7.-1.-19.32,1019,73984,2897245426368,1243378777349,6.181987346334865,1.2204160413232674
979,-7.-1.1.-3,15,1088,241668591104,103716581035,6.180572245641821,1.2203834284436172
980,-7.-13.-15.31,1021,73984,2902800760128,1245819167491,6.179158531622877,1.220350878713075
981,-7.-13.17.-25,511,36992,1452789213504,623519681281,6.177746201563058,1.2203183919483946
982,-7.-14.19.-28,1023,73984,969452031296,416086519211,6.17633525275535,1.2202859679670373
983,-7.-15.-11.25,4,289,11371616253,4880780284,6.174925682500679,1.2202536065871703
984,-7.-16.-13.29,1025,73984,2913911427648,1250699947775,6.17351748810787,1.2202213076276616
985,-7.-16.-9.22,513,36992,486114849088,208653357141,6.172110666893625,1.2201890709080776
986,-7.-19.17.-22,1027,73984,2919466761408,1253140337917,6.170705216182483,1.220156896248679
987,-7.-19.21.-29,257,18496,730561107072,313590133247,6.169301133306801,1.2201247834704192
988,-7.-2.-17.29,1029,73984,975007365056,418526909353,6.16789841560671,1.2200927323949382
989,-7.-2.3.-6,515,36992,1463899881024,628400461565,6.166497060430098,1.2200607428445618
990,-7.-20.19.-25,1031,73984,2930577428928,1258021118201,6.165097065132571,1.220028814642297
991,-7.-21.13.-14,129,9248,122223128992,52468388053,6.163698427077425,1.219996947611829
992,-7.-22.15.-17,1033,73984,2936132762688,1260461508343,6.162301143635619,1.2199651415775186
993,-7.-25.9.-5,517,36992,1469455214784,630840851707,6.160905212185744,1.2199333963643972
994,-7.-26.11.-8,1035,73984,980562698816,420967299495,6.159510630113991,1.219901711798166
995,-7.-28.15.-14,259,18496,736116440832,316030523389,6.158117394814125,1.2198700877051911
996,-7.-29.13.-10,61,4352,2947243430208,1265342288627,6.156725503687453,1.2198385239125007
997,-7.-38.-5.26,519,36992,491670182848,211093747283,6.155334954142798,1.2198070202477822
998,-7.-43.5.11,1039,73984,2952798763968,1267782678769,6.153945743596467,1.2197755765393792
999,-7.-5.9.-15,65,4624,184723526928,79312679615,6.152557869472225,1.2197441926162873
1000,-7.-7.-15.28,1041,73984,986118032576,423407689637,6.1511713292012615,1.2197128683081526
1001,-7.-8.-13.25,521,36992,1480565882304,635721631991,6.149786120222171,1.219681603445268
1002,-7.0.-1.0,1043,73984,2963909431488,1272663459053,6.148402239980913,1.219650397858569
1003,-7.1.-3.3,261,18496,247223924864,106156971177,6.147019685930794,1.2196192513796325
1004,-7.2.-21.34,1045,73984,2969464765248,1275103849195,6.145638455532434,1.2195881638406725
1005,-7.3.1.-5,523,36992,1486121216064,638162022133,6.144258546253737,1.2195571350745373
1006,-7.4.-1.-2,1047,73984,991673366336,425848079779,6.14287995556987,1.2195261649147073
1007,-7.4.-17.26,131,9248,372224720736,159845554301,6.141502680963229,1.2194952531952907
1008,-7.4.-9.12,1049,73984,2980575432768,1279984629479,6.140126719923411,1.2194643997510217
1009,-7.5.-19.29,525,36992,497225516608,213534137425,6.138752069947194,1.2194336044172567
1010,-8.-1.-10.16,1051,73984,2986130766528,1282425019621,6.137378728538501,1.2194028670299724
1011,-8.-1.-18.30,263,18496,747227108352,320911303673,6.136006693208376,1.2193721874257617
1012,-8.-1.-22.37,1053,73984,997228700096,428288469921,6.134635961474962,1.2193415654418311
1013,-8.-10.-12.24,31,2176,1497231883584,643042802417,6.133266530863464,1.2193110009159989
1014,-8.-10.8.-11,1055,73984,2997241434048,1287305799905,6.131898398906131,1.219280493686691
1015,-8.-11.10.-14,33,2312,31250198968,13422145781,6.130531563142226,1.2192500435929383
1016,-8.-16.-12.27,1057,73984,3002796767808,1289746190047,6.129166021117996,1.219219650474375
1017,-8.-19.18.-24,529,36992,1502787217344,645483192559,6.127801770386653,1.219189314171234
1018,-8.-2.-20.34,1059,73984,1002784033856,430728860063,6.126438808508342,1.2191590345243455
1019,-8.-2.-8.13,265,18496,14203442304,6100975355,6.125077133050118,1.2191288113751335
1020,-8.-2.0.-1,531,36992,502780850368,215974527567,6.122357631696525,1.2190685339383895
1021,-8.-20.20.-27,1063,73984,3019462769088,1297067360473,6.120999800969574,1.2190384793366509
1022,-8.-21.-14.33,133,9248,377780054496,162285944443,6.119643246999489,1.2190084806041703
1023,-8.-22.-12.30,1065,73984,1008339367616,433169250205,6.118287967387478,1.2189785375853008
1024,-8.-22.12.-12,533,36992,1513897884864,650363972843,6.116933959741503,1.2189486501249733
1025,-8.-22.20.-26,1067,73984,3030573436608,1301948140757,6.115581221676254,1.2189188180686936
1026,-8.-23.22.-29,267,18496,252779258624,108597361319,6.1142297508131245,1.2188890412625393
1027,-8.-24.16.-18,1069,73984,3036128770368,1304388530899,6.1128795447801885,1.2188593195531578
1028,-8.-25.18.-21,535,36992,1519453218624,652804362985,6.11153060121217,1.2188296527877645
1029,-8.-28.12.-9,63,4352,1013894701376,435609640347,6.110182917750423,1.2188000408141377
1030,-8.-34.12.-6,67,4624,190278860688,81753069757,6.108836492042906,1.2187704834806186
1031,-8.-35.14.-9,1073,73984,3047239437888,1309269311183,6.107491321744157,1.2187409806361071
1032,-8.-4.4.-7,537,36992,508336184128,218414917709,6.106147404515267,1.2187115321300601
1033,-8.-5.6.-10,1075,73984,3052794771648,1311709701325,6.104804738023856,1.2186821378124884
1034,-8.-7.-18.33,269,18496,763893109632,328232474099,6.103463319944055,1.218652797533954
1035,-8.-8.-16.30,1077,73984,1019450035136,438050030489,6.102123147956472,1.2186235111455685
1036,-8.0.-20.33,539,36992,1530563886144,657685143269,6.100784219748173,1.2185942784989894
1037,-8.0.-4.5,1079,73984,3063905439168,1316590481609,6.099446533012662,1.2185650994464192
1038,-8.1.-6.8,135,9248,127778462752,54908778195,6.098110085449848,1.2185359738406
1039,-9.-1.-21.35,1081,73984,3069460772928,1319030871751,6.096774874766028,1.218506901534815
1040,-9.-10.-15.29,541,36992,1536119219904,660125533411,6.095440898673863,1.2184778823828823
1041,-9.-10.5.-6,1083,73984,1025005368896,440490420631,6.094108154892352,1.2184489162391554
1042,-9.-11.-13.26,271,18496,769448443392,330672864241,6.092776641146807,1.2184200029585186
1043,-9.-11.7.-9,1085,73984,3080571440448,1323911652035,6.091446355168837,1.2183911423963854
1044,-9.-13.11.-15,543,36992,513891517888,220855307851,6.090117294696317,1.2183623344086965
1045,-9.-19.15.-19,1087,73984,3086126774208,1326352042177,6.08878945747337,1.2183335788519174
1046,-9.-2.-11.18,1,68,48264131892,20743316207,6.087462841250339,1.2183048755830346
1047,-9.-2.-3.4,545,36992,1547229887424,665006313695,6.0848132628363905,1.2182476253395023
1048,-9.-20.17.-22,1091,73984,3097237441728,1331232822461,6.083490296177072,1.2182190780814157
1049,-9.-21.-13.31,273,18496,258334592384,111037751461,6.082168541580827,1.2181905825443473
1050,-9.-22.-15.35,1093,73984,3102792775488,1333673212603,6.0808479968287745,1.2181621385878583
1051,-9.-22.-7.21,547,36992,1552785221184,667446703837,6.079528659708123,1.2181337460720187
1052,-9.-22.21.-28,1095,73984,1036116036416,445371200915,6.078210528012143,1.218105404857405
1053,-9.-24.-11.29,137,9248,388890722016,167166724727,6.076893599540152,1.218077114805095
1054,-9.-24.13.-13,1097,73984,3113903443008,1338553992887,6.075577872097486,1.2180488757766696
1055,-9.-25.15.-16,549,36992,519446851648,223295697993,6.07426334349548,1.218020687634208
1056,-9.-27.19.-22,1099,73984,3119458776768,1340994383029,6.072950011551447,1.2179925502402855
1057,-9.-28.21.-25,275,18496,780559110912,335553644525,6.0716378740886565,1.217964463457973
1058,-9.-29.7.0,1101,73984,1041671370176,447811591057,6.07032692893631,1.217936427150832
1059,-9.-3.-17.29,551,36992,1563895888704,672327484121,6.069017173929521,1.2179084411829155
1060,-9.-30.-3.18,1103,73984,3130569444288,1345875163313,6.067708606909296,1.2178805054187631
1061,-9.-33.3.9,69,4624,65278064816,28064486633,6.06640122572251,1.2178526197234012
1062,-9.-34.13.-8,65,4352,3136124778048,1348315553455,6.065095028221885,1.2178247839623386
1063,-9.-35.11.-4,553,36992,1569451222464,674767874263,6.063790012265971,1.2177969980015657
1064,-9.-37.15.-10,1107,73984,1047226703936,450251981199,6.062486175719127,1.217769261707552
1065,-9.-4.-15.26,277,18496,786114444672,337994034667,6.06118351645149,1.2177415749472442
1066,-9.-4.-7.12,1109,73984,3147235445568,1353196333739,6.059882032338969,1.2177139375880637
1067,-9.-5.-5.9,555,36992,525002185408,225736088135,6.05858172126321,1.2176863494979042
1068,-9.-5.3.-5,139,9248,394446055776,169607114869,6.0559846097771715,1.2176313205985774
1069,-9.-7.-21.38,1113,73984,19863812032,8541365497,6.05468780515872,1.2176038795275428
1070,-9.-8.-19.35,557,36992,1580561889984,679648654547,6.0533921651606475,1.2175764872017911
1071,0.-1.18.-31,1115,73984,3163901446848,1360517504165,6.052097687693012,1.217549143491549
1072,0.-16.-4.15,279,18496,263889926144,113478141603,6.050804370671491,1.2175218482675032
1073,0.-16.16.-20,1117,73984,3169456780608,1362957894307,6.049512212017364,1.2174946014007988
1074,0.-17.18.-23,559,36992,1586117223744,682089044689,6.0482212096574886,1.2174674027630363
1075,0.-19.-6.20,1119,73984,1058337371456,455132761483,6.046931361524285,1.2174402522262715
1076,0.-20.4.3,35,2312,99305930664,42706827485,6.045642665555713,1.2174131496630116
1077,0.-25.6.2,1121,73984,3180567448128,1367838674591,6.044355119695252,1.2173860949462145
1078,0.0.-16.28,33,2176,530557519168,228176478277,6.043068721891886,1.2173590879492862
1079,0.0.16.-28,1123,73984,3186122781888,1370279064733,6.041783470100078,1.2173321285460779
1080,0.1.-18.31,281,18496,797225112192,342874814951,6.0404993622797525,1.2173052166108866
1081,0.16.-16.20,1125,73984,1063892705216,457573151625,6.039216396396279,1.217278352018451
1082,0.16.4.-15,563,36992,1597227891264,686969824973,6.0379345704204495,1.21725153464395
1083,0.17.-18.23,1127,73984,3197233449408,1375159845017,6.036653882328458,1.2172247643630008
1084,0.19.6.-20,141,9248,133333796512,57349168337,6.035374330101885,1.2171980410516572
1085,0.20.-4.-3,1129,73984,3202788783168,1377600235159,6.034095911727678,1.2171713645864082
1086,0.25.-6.-2,565,36992,1602783225024,689410215115,6.032818625198129,1.2171447348441742
1087,1.-1.21.-36,1131,73984,1069448038976,460013541767,6.0315424685108585,1.2171181517023082
1088,1.-10.15.-21,283,18496,802780445952,345315205093,6.030267439668797,1.2170916150385902
1089,1.-11.17.-24,1133,73984,3213899450688,1382481015443,6.028993536680163,1.2170651247312285
1090,1.-13.-7.19,567,36992,536112852928,230616868419,6.02772075755845,1.2170386806588565
1091,1.-14.-5.16,1135,73984,3219454784448,1384921405585,6.026449100322401,1.2170122827005296
1092,1.-16.19.-25,71,4624,201389528208,86633850041,6.025178562995997,1.216985930735727
1093,1.-17.21.-28,1137,73984,1075003372736,462453931909,6.023909143608431,1.216959624644345
1094,1.-18.11.-10,569,36992,1613893892544,694290995399,6.0226408401940965,1.2169333643067
1095,1.-19.-3.15,67,4352,3230565451968,1389802185869,6.021373650792567,1.2169071496035224
1096,1.-19.5.1,285,18496,269445259904,115918531745,6.020107573448575,1.2168809804159584
1097,1.-20.7.-2,1141,73984,3236120785728,1392242576011,6.018842606211997,1.2168548566255657
1098,1.-22.3.6,571,36992,1619449226304,696731385541,6.017578747137836,1.2168287781143126
1099,1.-7.-11.23,1143,73984,1080558706496,464894322051,6.016315994286201,1.2168027447645768
1100,1.0.19.-33,143,9248,405556723296,174487895153,6.015054345722289,1.2167767564591425
1101,1.16.-13.15,1145,73984,3247231453248,1397123356295,6.013793799516373,1.2167508130812
1102,1.17.-15.18,573,36992,541668186688,233057258561,6.012534353743774,1.216724914514342
1103,1.17.5.-17,1147,73984,3252786787008,1399563746437,6.011276006484854,1.2166990606425634
1104,1.19.-19.24,287,18496,813891113472,350195985377,6.010018755824991,1.2166732513502603
1105,1.2.15.-27,1149,73984,1086114040256,467334712193,6.008762599854566,1.2166474865222252
1106,1.20.-21.27,575,36992,1630559893824,701612165825,6.007507536668941,1.216621766043649
1107,1.21.5.-19,1151,73984,3263897454528,1404444526721,6.006253564368448,1.2165960898001165
1108,1.22.-5.-2,9,578,8506966462,3660585213,6.005000681058367,1.2165704576776062
1109,1.22.3.-16,577,36992,1636115227584,704052555967,6.002498173855196,1.2165193253415214
1110,1.25.-3.-7,1,64,819446447232,352636375519,6.0,1.2164683681310224
1111,1.26.-5.-4,1157,73984,3280563455808,1411765697147,5.998752533393189,1.2164429549169442
1112,1.3.-19.32,579,36992,547223520448,235497648703,5.997506144511442,1.216417585147922
1113,1.3.13.-24,1159,73984,3286118789568,1414206087289,5.996260831494207,1.2163922587126403
1114,1.4.-21.35,145,9248,411112057056,176928285295,5.995016592485745,1.2163669755001638
1115,1.5.-15.24,1161,73984,1097224707776,472215492477,5.993773425635112,1.2163417353999348
1116,1.6.-17.27,581,36992,1647225895104,708933336251,5.99253132909615,1.2163165383017724
1117,10.10.-2.1,1163,73984,3297229457088,1419086867573,5.991290301027461,1.2162913840958716
1118,10.10.18.-34,291,18496,275000593664,118358921887,5.990050339592395,1.2162662726728
1119,10.11.-4.4,1165,73984,3302784790848,1421527257715,5.988811442959036,1.2162412039234975
1120,10.11.16.-31,583,36992,31184551488,13422145781,5.987573609300182,1.2162161777392748
1121,10.13.-8.10,1167,73984,1102780041536,474655882619,5.986336836793331,1.2161911940118106
1122,10.16.14.-30,73,4624,206944861968,89074240183,5.9851011236206615,1.2161662526331523
1123,10.20.6.-18,1169,73984,3313895458368,1426408037999,5.9838664679690226,1.2161413534957108
1124,10.22.-18.23,585,36992,552778854208,237938038845,5.982632868029912,1.2161164964922626
1125,10.22.14.-33,1171,73984,3319450792128,1428848428141,5.981400321999463,1.2160916815159473
1126,10.24.10.-27,293,18496,830557114752,357517155803,5.980168828078431,1.2160669084602642
1127,10.24.14.-34,69,4352,1108335375296,477096272761,5.978938384472171,1.2160421772190726
1128,10.25.12.-31,587,36992,1663891896384,716254506677,5.977708989390627,1.2160174876865906
1129,10.26.-6.0,1175,73984,3330561459648,1433729208425,5.976480641048316,1.2159928397573916
1130,10.27.-16.17,147,9248,138889130272,59789558479,5.975253337664315,1.215968233326405
1131,10.28.-18.20,1177,73984,3336116793408,1436169598567,5.974027077462234,1.2159436682889133
1132,10.30.-14.12,589,36992,1669447230144,718694896819,5.972801858670218,1.2159191445405513
1133,10.31.4.-20,1179,73984,1113890709056,479536662903,5.971577679520916,1.215894661977304
1134,10.34.-10.3,295,18496,836112448512,359957545945,5.970354538251475,1.2158702204955056
1135,10.35.-4.-8,1181,73984,3347227460928,1441050378851,5.969132433103521,1.2158458199918378
1136,10.36.-14.9,591,36992,558334187968,240378428987,5.967911362323147,1.2158214603633297
1137,10.37.-12.5,1183,73984,3352782794688,1443490768993,5.96669132416089,1.2157971415073527
1138,10.38.-14.8,37,2312,104861264424,45147217627,5.965472316871729,1.215772863321624
1139,10.4.18.-31,1185,73984,1119446042816,481977053045,5.964254338715057,1.215748625704201
1140,10.5.0.0,1187,73984,3363893462208,1448371549277,5.961821462858772,1.215700271768205
1141,10.5.8.-14,297,18496,280555927424,120799312029,5.960606561699913,1.2156761552474442
1142,10.7.4.-8,1189,73984,3369448795968,1450811939419,5.959392682755023,1.2156520788906113
1143,10.8.2.-5,35,2176,1686113231424,726016067245,5.958179824305373,1.2156280425974524
1144,11.10.1.-4,149,9248,422222724576,181809065579,5.955757162038517,1.2155800898028042
1145,11.10.21.-39,1193,73984,3380559463488,1455692719703,5.954547354805451,1.2155561731024684
1146,11.10.9.-18,597,36992,563889521728,242818819129,5.953338561235874,1.2155322960681108
1147,11.11.-1.-1,299,18496,847223116032,364838326229,5.950924008302573,1.2154846606032503
1148,11.11.19.-36,1197,73984,1130556710336,486857833329,5.949718245557177,1.2154609019765248
1149,11.13.-5.5,599,36992,1697223898944,730896847529,5.948513489711893,1.2154371826233272
1150,11.14.-7.8,1199,73984,3397225464768,1463013890129,5.947309739086455,1.2154135024463546
1151,11.16.17.-35,75,4624,70833398576,30504876775,5.946106992004798,1.2153898613486258
1152,11.17.15.-32,1201,73984,3402780798528,1465454280271,5.944905246795044,1.2153662592334789
1153,11.19.-9.9,601,36992,1702779232704,733337237671,5.943704501789493,1.2153426960045708
1154,11.19.11.-26,1203,73984,1136112044096,489298223471,5.942504755324602,1.215319171565875
1155,11.20.9.-23,301,18496,852778449792,367278716371,5.941306005740977,1.215295685821682
1156,11.25.11.-29,1205,73984,3413891466048,1470335060555,5.9401082513833545,1.215272238676596
1157,11.28.-19.22,603,36992,569444855488,245259209271,5.938911490600594,1.215248830035535
1158,11.29.-9.4,71,4352,3419446799808,1472775450697,5.937715721745657,1.2152254598037295
1159,11.29.15.-38,151,9248,427778058336,184249455721,5.9365209431756,1.2152021278867193
1160,11.30.-11.7,1209,73984,1141667377856,491738613613,5.9353271532515555,1.2151788341903549
1161,11.30.-19.21,605,36992,1713889900224,738218017955,5.934134350338722,1.215155578620795
1162,11.30.13.-35,1211,73984,3430557467328,1477656230981,5.93294253280635,1.2151323610845046
1163,11.31.-21.24,303,18496,286111261184,123239702171,5.9317516990277275,1.215109181488255
1164,11.32.-15.13,1213,73984,3436112801088,1480096621123,5.930561847380169,1.2150860397391217
1165,11.33.-17.16,607,36992,1719445233984,740658408097,5.929372976244997,1.2150629357444838
1166,11.33.3.-19,1215,73984,1147222711616,494179003755,5.928185084007535,1.2150398694120212
1167,11.34.1.-16,19,1156,53819465652,23183706349,5.926998169057094,1.2150168406497164
1168,11.35.-1.-13,1217,73984,3447223468608,1484977401407,5.92581222978695,1.21499384936585
1169,11.36.-11.4,609,36992,575000189248,247699599413,5.9246272645943465,1.2149708954690015
1170,11.36.-3.-10,1219,73984,65146769856,28064486633,5.923443271880466,1.214947978868047
1171,11.43.-13.4,305,18496,863889117312,372159496655,5.922260250050431,1.2149250994721592
1172,11.44.-15.7,1221,73984,1152778045376,496619393897,5.921078197513276,1.2149022571908052
1173,11.7.7.-13,611,36992,1730555901504,745539188381,5.919897112681949,1.2148794519337456
1174,11.8.5.-10,1223,73984,3463889469888,1492298571833,5.918716993973292,1.2148566836110328
1175,11.9.19.-35,9,544,144444464032,62229948621,5.917537839808027,1.2148339521330114
1176,12.10.4.-9,1225,73984,3469444803648,1494738961975,5.916359648610746,1.2148112574103151
1177,12.11.2.-6,1227,73984,1158333379136,499059784039,5.914006148837774,1.2147659778748765
1178,12.12.16.-31,307,18496,869444451072,374599886797,5.9128308371305,1.2147433928848417
1179,12.12.8.-17,1229,73984,3480555471168,1499619742259,5.911656482128017,1.2147208442955437
1180,12.13.-2.0,1231,73984,3486110804928,1502060132401,5.9093106360162215,1.2146758559677078
1181,12.13.6.-14,77,4624,218055529488,93955020467,5.908139141805777,1.21465341605415
1182,12.14.-4.3,1233,73984,1163888712896,501500174181,5.90696859809784,1.2146310121912882
1183,12.19.-6.4,617,36992,1747221902784,752860358807,5.905799003351261,1.2146086442923134
1184,12.19.14.-31,1235,73984,3497221472448,1506940912685,5.904630356028639,1.2145863122706966
1185,12.20.-8.7,309,18496,291666594944,125680092313,5.9034626545963045,1.214564016040184
1186,12.20.12.-28,1237,73984,3502776806208,1509381302827,5.90229589752431,1.2145417555148004
1187,12.28.-16.17,619,36992,1752777236544,755300748949,5.901130083286414,1.2145195306088437
1188,12.30.8.-26,1239,73984,1169444046656,503940564323,5.899965210360077,1.214497341236887
1189,12.32.-12.8,155,9248,438888725856,189130236005,5.8988012772264415,1.2144751873137765
1190,12.32.12.-34,73,4352,3513887473728,1514262083111,5.897638282370322,1.2144530687546295
1191,12.33.-14.11,621,36992,586110856768,252580379697,5.896476224280198,1.214430985474835
1192,12.34.0.-14,311,18496,880555118592,379480667081,5.894154912370076,1.2143869244162038
1193,12.38.-8.-2,1245,73984,1174999380416,506380954465,5.892995655545236,1.2143649464694886
1194,12.44.-12.2,623,36992,1763887904064,760181529233,5.891837329476677,1.2143430034663663
1195,13.13.1.-5,1247,73984,3530553475008,1521583253537,5.890679932671008,1.2143210953235628
1196,13.13.9.-19,39,2312,36805532728,15862535923,5.88952346363843,1.2142992219580693
1197,13.14.-1.-2,1249,73984,3536108808768,1524023643679,5.888367920892722,1.21427738328714
1198,13.15.5.-13,625,36992,1769443237824,762621919375,5.8872133029512295,1.214255579228291
1199,13.19.17.-36,1251,73984,1180554714176,508821344607,5.886059608334859,1.2142338096993002
1200,13.20.-5.2,313,18496,886110452352,381921057223,5.884906835568061,1.2142120746182057
1201,13.20.15.-33,1253,73984,3547219476288,1528904423963,5.883754983178818,1.2141903739033042
1202,13.22.-9.8,627,36992,591666190528,255020769839,5.88260404969864,1.2141687074731515
1203,13.31.13.-35,1255,73984,3552774810048,1531344814105,5.8814540336625445,1.21414707524656
1204,13.32.15.-39,157,9248,444444059616,191570626147,5.880304933609052,1.214125477142598
1205,13.33.13.-36,1257,73984,1186110047936,511261734749,5.879156748080171,1.2141039130805897
1206,13.35.-15.12,37,2176,1780553905344,767502699659,5.87800947562139,1.2140823829801126
1207,13.36.-17.15,1259,73984,3563885477568,1536225594389,5.876863114781663,1.214060886760998
1208,13.39.5.-25,315,18496,297221928704,128120482455,5.8757176641134,1.214039424343329
1209,13.40.3.-22,1261,73984,3569440811328,1538665984531,5.874573122172459,1.2140179956474397
1210,13.43.-3.-13,631,36992,1786109239104,769943089801,5.87342948751813,1.213996600593915
1211,13.44.-13.4,1263,73984,1191665381696,513702124891,5.872286758713127,1.213975239103588
1212,13.44.-5.-10,79,4624,223610863248,96395410609,5.871144934323576,1.213953911097541
1213,13.46.-13.3,1265,73984,3580551478848,1543546764815,5.870004012919006,1.2139326164971027
1214,13.47.-15.6,633,36992,597221524288,257461159981,5.868863993072337,1.2139113552238487
1215,14.16.6.-15,1267,73984,3586106812608,1545987154957,5.86772487335987,1.2138901271996
1216,14.22.-6.3,317,18496,897221119872,386801837507,5.8665866523612715,1.213868932346421
1217,14.28.10.-28,1269,73984,1197220715456,516142515033,5.865449328659572,1.2138477705866202
1218,14.34.10.-31,635,36992,1797219906624,774823870085,5.86431290084115,1.2138266418427484
1219,14.34.6.-24,1271,73984,3597217480128,1550867935241,5.8631773674957195,1.2138055460375983
1220,14.38.-10.2,159,9248,2830184864,1220195071,5.862042727216323,1.2137844830942022
1221,14.40.-6.-6,1273,73984,3602772813888,1553308325383,5.860908978599321,1.2137634529358328
1222,14.44.-10.-1,637,36992,1802775240384,777264260227,5.859776120244379,1.2137424554860012
1223,15.19.3.-11,75,4352,1202776049216,518582905175,5.858644150754459,1.2137214906684566
1224,15.21.7.-19,319,18496,902776453632,389242227649,5.857513068735809,1.2137005584071845
1225,15.22.-3.-2,1277,73984,3613883481408,1558189105667,5.856382872797955,1.2136796586264065
1226,15.28.-7.2,639,36992,602776858048,259901550123,5.855253561553685,1.2136587912505796
1227,15.28.13.-33,1279,73984,3619438815168,1560629495809,5.854125133619042,1.2136379562043942
1228,15.29.11.-30,5,289,14149283133,6100975355,5.8529975876133165,1.2136171534127742
1229,15.40.-11.3,1281,73984,1208331382976,521023295317,5.851870922159033,1.2135963828008762
1230,15.40.13.-39,641,36992,1813885907904,782145040511,5.850745135881938,1.2135756442940877
1231,15.41.-13.6,1283,73984,3630549482688,1565510276093,5.8496202274109965,1.2135549378180268
1232,15.42.1.-19,321,18496,302777262464,130560872597,5.848496195378376,1.2135342632985409
1233,15.43.-1.-16,1285,73984,3636104816448,1567950666235,5.8473730384194385,1.2135136206617068
1234,15.43.3.-23,643,36992,1819441241664,784585430653,5.846250755172732,1.2134930098338286
1235,15.46.-3.-14,1287,73984,1213886716736,523463685459,5.845129344279977,1.2134724307414375
1236,15.53.-13.0,161,9248,455554727136,196451406431,5.844008804386062,1.2134518833112908
1237,16.40.12.-37,1289,73984,3647215483968,1572831446519,5.842889134139028,1.213431367470371
1238,16.44.0.-18,1291,73984,3652770817728,1575271836661,5.840652397193488,1.2133904302652634
1239,16.52.-12.-1,19,1088,913887121152,394123007933,5.839535327806754,1.2133700087561592
1240,17.43.13.-40,1293,73984,1219442050496,525904075601,5.838419122690425,1.2133496185464467
1241,17.43.5.-26,647,36992,1830551909184,789466210937,5.837303780508171,1.2133292595642218
1242,17.43.9.-33,1295,73984,3663881485248,1580152616945,5.836189299926763,1.2133089317378005
1243,17.48.-5.-11,81,4624,76388732336,32945266917,5.835075679616054,1.2132886349957175
1244,17.48.7.-32,1297,73984,3669436819008,1582593007087,5.83396291824898,1.2132683692667268
1245,17.49.5.-29,649,36992,1836107242944,791906601079,5.83285101450154,1.2132481344797987
1246,17.52.-9.-6,1299,73984,1224997384256,528344465743,5.831739967052798,1.2132279305641216
1247,17.54.-5.-14,325,18496,919442454912,396563398075,5.830629774584862,1.2132077574490991
1248,17.55.-7.-11,1301,73984,3680547486528,1587473787371,5.829520435782883,1.2131876150643495
1249,17.56.-13.-1,651,36992,613887525568,264782330407,5.8284119493350435,1.213167503339706
1250,18.46.2.-22,1303,73984,3686102820288,1589914177513,5.827304313932545,1.2131474222052154
1251,18.48.-2.-16,163,9248,461110060896,198891796573,5.826197528269601,1.2131273715911368
1252,18.49.4.-27,1305,73984,1230552718016,530784855885,5.825091591043432,1.2131073514279411
1253,18.50.2.-24,653,36992,1847217910464,796787381363,5.8239865009542475,1.2130873616463105
1254,18.52.-2.-18,1307,73984,3697213487808,1594794957797,5.822882256705245,1.213067402177137
1255,18.53.-4.-15,327,18496,308332596224,133001262739,5.821778857002596,1.2130474729515222
1256,19.49.7.-32,77,4352,3702768821568,1597235347939,5.820676300555438,1.2130275739007772
1257,19.50.5.-29,655,36992,1852773244224,799227771505,5.819574586075866,1.2130077049564194
1258,19.51.11.-40,1311,73984,1236108051776,533225246027,5.818473712278925,1.2129878660501745
1259,19.52.1.-23,1313,73984,3713879489088,1602116128223,5.816274481607792,1.2129482780799556
1260,19.52.9.-37,657,36992,619442859328,267222720549,5.815176122178349,1.2129285288804605
1261,19.53.-1.-20,329,18496,930553122432,401444178359,5.812981908765438,1.2128891197154268
1262,19.55.-5.-14,1317,73984,1241663385536,535665636169,5.811886052244164,1.2128694596155891
1263,19.56.-7.-11,659,36992,1863883911744,804108551789,5.810791027492627,1.212849829081674
1264,19.61.-9.-10,1319,73984,3730545490368,1609437298649,5.809696833249134,1.2128302280470358
1265,19.62.-11.-7,165,9248,155555131552,67110728905,5.808603468254863,1.2128106564452288
1266,2.-10.18.-26,1321,73984,3736100824128,1611877688791,5.8075109312538515,1.2127911142100067
1267,2.-11.20.-29,661,36992,1869439245504,806548941931,5.8064192209929875,1.2127716012753214
1268,2.-13.-4.14,331,18496,936108456192,403884568501,5.804238275693461,1.21273266304436
1269,2.-14.-2.11,39,2176,624998193088,269663110691,5.802060622388091,1.2126938412279078
1270,2.-14.6.-3,1327,73984,3752766825408,1619198859217,5.800973027130485,1.2126744738120934
1271,2.-16.2.5,1329,73984,1252774053056,540546416453,5.798800293224504,1.21263582564093
1272,2.-17.4.2,1331,73984,3763877492928,1624079639501,5.796630826588787,1.2125972925868327
1273,2.-2.-2.5,333,18496,313887929984,135441652881,5.795547315429417,1.2125780690680712
1274,2.-4.2.-1,1333,73984,3769432826688,1626520029643,5.794464617411705,1.2125588741362232
1275,2.-8.-6.15,667,36992,1886105246784,813870112357,5.793382731316094,1.2125397077275675
1276,2.-8.14.-20,1335,73984,1258329386816,542986806595,5.792301655925763,1.2125205697785728
1277,2.16.-10.10,167,9248,472220728416,203772576857,5.791221390026626,1.212501460225896
1278,2.17.-12.13,1337,73984,3780543494208,1631400809927,5.790141932407326,1.212482379006382
1279,2.2.18.-32,669,36992,630553526848,272103500833,5.789063281859217,1.2124633260570619
1280,2.20.-18.22,1339,73984,3786098827968,1633841200069,5.787985437176368,1.2124443013151551
1281,2.27.4.-20,335,18496,947219123712,408765348785,5.786908397155544,1.2124253047180653
1282,2.31.-4.-8,1341,73984,1263884720576,545427196737,5.785832160596205,1.2124063362033817
1283,2.5.12.-23,671,36992,1897215914304,818750892641,5.784756726300495,1.212387395708878
1284,2.6.-14.22,79,4352,3797209495488,1638721980353,5.783682093073236,1.2123684831725112
1285,2.6.10.-20,21,1156,19791599804,8541365497,5.782608259721918,1.2123495985324222
1286,2.8.-18.28,1345,73984,3802764829248,1641162370495,5.781535225056692,1.2123307417269333
1287,2.9.-20.31,673,36992,1902771248064,821191282783,5.7804629878903615,1.2123119126945492
1288,20.52.4.-28,1347,73984,1269440054336,547867586879,5.779391547038376,1.2122931113739552
1289,20.53.2.-25,337,18496,952774457472,411205738927,5.77832090131882,1.212274337704017
1290,20.55.-2.-19,1349,73984,3813875496768,1646043150779,5.777251049552411,1.21225559162378
1291,20.56.-4.-16,675,36992,636108860608,274543890975,5.776181990562486,1.212236873072469
1292,21.54.11.-41,1351,73984,3819430830528,1648483540921,5.775113723174995,1.2122181819894873
1293,21.55.1.-24,1353,73984,1274995388096,550307977021,5.772979558524142,1.2121808819870092
1294,21.56.-1.-21,1355,73984,3830541498048,1653364321205,5.770848546259445,1.212143691135112
1295,21.57.5.-32,339,18496,319443263744,137882043023,5.769784219364335,1.212125136491015
1296,21.58.3.-29,1357,73984,3836096831808,1655804711347,5.7687206770818245,1.212106608955374
1297,21.58.7.-36,679,36992,1919437249344,828512453209,5.7676579182559475,1.212088108468822
1298,21.61.-3.-20,1359,73984,1280550721856,552748367163,5.7665959417332875,1.2120696349721658
1299,21.62.-5.-17,5,272,240276864528,103716581035,5.765534746362977,1.2120511884063845
1300,21.65.-11.-8,1361,73984,3847207499328,1660685491631,5.764474330996684,1.2120327687126298
1301,21.65.-7.-15,681,36992,641664194368,276984281117,5.763414694488608,1.212014375832223
1302,22.58.6.-34,1363,73984,3852762833088,1663125881773,5.76235583569547,1.2119960097066589
1303,22.64.-6.-16,341,18496,963885124992,416086519211,5.761297753476506,1.2119776702775997
1304,23.60.5.-33,1365,73984,1286106055616,555188757305,5.760240446693464,1.2119593574868786
1305,23.61.3.-30,683,36992,1930547916864,833393233493,5.759183914210588,1.2119410712764973
1306,23.63.7.-38,1367,73984,3863873500608,1668006662057,5.758128154894619,1.2119228115886258
1307,23.64.-3.-21,171,9248,161110465312,69551119047,5.757073167614781,1.2119045783656013
1308,23.65.-5.-18,1369,73984,3869428834368,1670447052199,5.756018951242779,1.2118863715499288
1309,23.70.-7.-17,685,36992,1936103250624,835833623635,5.75496550465279,1.2118681910842792
1310,3.-10.21.-31,1371,73984,1291661389376,557629147447,5.753912826721453,1.2118500369114893
1311,3.-11.-5.15,343,18496,969440458752,418526909353,5.752860916327866,1.211831908974561
1312,3.-11.23.-34,1373,73984,3880539501888,1675327832483,5.751809772353578,1.211813807216662
1313,3.-12.5.-2,687,36992,647219528128,279424671259,5.7507593936825785,1.2117957315811216
1314,3.-13.-1.9,43,2312,121527265704,52468388053,5.748660927798581,1.2117596584512593
1315,3.-14.1.6,689,36992,36739885248,15862535923,5.746565509796388,1.2117236891348786
1316,3.-14.9.-8,1379,73984,3897205503168,1682649002909,5.745518940986699,1.2117057432667966
1317,3.-15.11.-11,345,18496,324998597504,140322433165,5.744473130835147,1.2116878231844705
1318,3.-16.5.0,1381,73984,3902760836928,1685089393051,5.743428078242628,1.211669928832363
1319,3.-3.3.-3,691,36992,1952769251904,843154794061,5.74238378211242,1.211652060155096
1320,3.-4.-11.22,1383,73984,1302772056896,562509927731,5.741340241350184,1.21163421709745
1321,3.-5.-9.19,173,9248,488886729696,211093747283,5.7402974548639545,1.211616399604364
1322,3.-7.-5.13,1385,73984,3913871504448,1689970173335,5.739255421564128,1.2115986076209355
1323,3.-7.15.-22,693,36992,652774861888,281865061401,5.738214140363465,1.2115808410924174
1324,3.-8.17.-25,1387,73984,3919426838208,1692410563477,5.737173610177076,1.2115630999642208
1325,3.0.-3.6,347,18496,980551126272,423407689637,5.736133829922418,1.2115453841819115
1326,3.11.-21.32,1389,73984,1308327390656,564950317873,5.735094798519286,1.2115276936912112
1327,3.12.-23.35,695,36992,1963879919424,848035574345,5.734056514889809,1.2115100284379972
1328,3.17.-13.15,1391,73984,3930537505728,1697291343761,5.73301897795844,1.2114923883683002
1329,3.19.-13.14,87,4624,81944066096,35385657059,5.73198218665195,1.2114747734283047
1330,3.25.-17.18,1393,73984,3936092839488,1699731733903,5.730946139899426,1.211457183564349
1331,3.25.3.-17,41,2176,1969435253184,850475964487,5.729910836632256,1.2114396187229235
1332,3.26.-19.21,1395,73984,1313882724416,567390708015,5.728876275784129,1.2114220788506713
1333,3.26.1.-14,349,18496,986106460032,425848079779,5.727842456291026,1.2114045638943864
1334,3.27.-1.-11,1397,73984,3947203507008,1704612514187,5.726809377091215,1.2113870738010146
1335,3.27.7.-25,699,36992,658330195648,284305451543,5.725777037125242,1.211369608517652
1336,3.28.-3.-8,1399,73984,3952758840768,1707052904329,5.724745435335926,1.211352167991544
1337,3.29.3.-19,175,9248,494442063456,213534137425,5.72371457066835,1.2113347521700868
1338,3.30.1.-16,1401,73984,1319438058176,569831098157,5.722684442069861,1.2113173610008239
1339,3.31.-1.-13,701,36992,1980545920704,855356744771,5.721655048490056,1.2112999944314489
1340,3.32.-3.-10,1403,73984,3963869508288,1711933684613,5.720626388880779,1.211282652409802
1341,3.34.-7.-4,351,18496,330553931264,142762823307,5.719598462196118,1.2112653348838713
1342,3.4.13.-24,1405,73984,3969424842048,1714374074755,5.718571267392391,1.2112480418017917
1343,3.6.13.-25,703,36992,1986101254464,857797134913,5.717544803428144,1.2112307731118443
1344,3.7.19.-36,1407,73984,1324993391936,572271488299,5.716519069264146,1.211213528762456
1345,3.8.-15.23,11,578,31076233146,13422145781,5.715494063863382,1.2111963087021995
1346,3.8.17.-33,1409,73984,3980535509568,1719254855039,5.714469786191042,1.2111791128797913
1347,3.9.-17.26,705,36992,663885529408,286745841685,5.713446235214523,1.2111619412440928
1348,4.-11.-2.10,83,4352,3986090843328,1721695245181,5.712423409903415,1.2111447937441093
1349,4.-11.6.-4,353,18496,997217127552,430728860063,5.711401309229498,1.211127670328989
1350,4.-12.8.-7,1413,73984,1330548725696,574711878441,5.710379932166739,1.2111105709480234
1351,4.-13.2.4,707,36992,1997211921984,862677915197,5.70935927769128,1.2110934955506454
1352,4.-2.16.-26,1415,73984,3997201510848,1726576025465,5.708339344781434,1.2110764440864301
1353,4.-4.-8.17,177,9248,166665799072,71991509189,5.707320132417681,1.2110594165050939
1354,4.-5.-6.14,1417,73984,4002756844608,1729016415607,5.7063016395826605,1.2110424127564943
1355,4.-7.-2.8,709,36992,2002767255744,865118305339,5.705283865261163,1.211025432790628
1356,4.-7.18.-27,1419,73984,1336104059456,577152268583,5.704266808440128,1.2110084765576328
1357,4.-8.0.5,1421,73984,4013867512128,1733897195891,5.702234843257899,1.2109746350915003
1358,4.-8.20.-30,711,36992,669440863168,289186231827,5.701219932881264,1.2109577497593313
1359,4.-9.10.-12,1423,73984,4019422845888,1736337586033,5.700205735974197,1.2109408879619705
1360,4.-9.2.2,89,4624,251387532048,108597361319,5.699192251534281,1.2109240496502462
1361,4.1.-10.18,1425,73984,1341659393216,579592658725,5.6981794785612125,1.2109072347751242
1362,4.11.-18.27,713,36992,2013877923264,869999085623,5.697167416056791,1.2108904432877066
1363,4.12.-20.30,1427,73984,4030533513408,1741218366317,5.696156063024915,1.2108736751392315
1364,4.14.-16.22,21,1088,336109265024,145203213449,5.695145418471579,1.2108569302810723
1365,4.18.-12.13,1429,73984,4036088847168,1743658756459,5.694135481404862,1.210840208664738
1366,4.29.6.-24,715,36992,2019433257024,872439475765,5.693126250834927,1.210823510241871
1367,4.30.4.-21,1431,73984,25419145792,10981755639,5.692117725774011,1.2108068349642487
1368,4.34.-4.-9,179,9248,505552730976,218414917709,5.691109905236423,1.210790182783782
1369,4.35.-6.-6,1433,73984,4047199514688,1748539536743,5.690102788238533,1.2107735536525142
1370,4.6.12.-23,717,36992,674996196928,291626621969,5.689096373798774,1.2107569475226223
1371,5.-1.17.-28,1435,73984,4052754848448,1750979926885,5.688090660937629,1.2107403643464145
1372,5.-2.19.-31,359,18496,1013883128832,438050030489,5.687085648677628,1.2107238040763317
1373,5.-4.-5.12,1437,73984,1352770060736,584473439009,5.686081336043342,1.2107072666649457
1374,5.-5.-3.9,1439,73984,4063865515968,1755860707169,5.684074805760381,1.2106742602292042
1375,5.-6.7.-8,45,2312,42360866488,18302926065,5.683072586171004,1.210657791110645
1376,5.-7.17.-25,1441,73984,4069420849728,1758301097311,5.682071062325932,1.2106413446623734
1377,5.-7.21.-32,721,36992,2036099258304,879760646191,5.681070233259857,1.2106249208376112
1378,5.-7.9.-11,1443,73984,1358325394496,586913829151,5.68007009800948,1.2106085195897083
1379,5.-8.19.-28,361,18496,1019438462592,440490420631,5.679070655613508,1.210592140872143
1380,5.-8.23.-35,5,256,4080531517248,1763181877595,5.678071905112637,1.2105757846385212
1381,5.-8.3.0,1447,73984,4086086851008,1765622267737,5.676076475968954,1.2105431394381694
1382,5.-9.5.-3,181,9248,511108064736,220855307851,5.675079795417473,1.210526850379286
1383,5.1.-7.13,1449,73984,1363880728256,589354219293,5.674083802943749,1.2105105836200394
1384,5.10.-17.26,725,36992,2047209925824,884641426475,5.673088497598382,1.210494339114667
1385,5.10.19.-37,1451,73984,4097197518528,1770503048021,5.672093878433935,1.2104781168175325
1386,5.11.-19.29,363,18496,341664598784,147643603591,5.671099944504928,1.210461916683124
1387,5.12.7.-17,1453,73984,4102752852288,1772943438163,5.670106694867838,1.2104457386660539
1388,5.13.13.-28,727,36992,2052765259584,887081816617,5.669114128581084,1.2104295827210578
1389,5.14.-21.31,1455,73984,1369436062016,591794609435,5.668122244705033,1.2104134488029958
1390,5.14.11.-25,91,4624,256942865808,111037751461,5.667131042301983,1.2103973368668501
1391,5.15.-23.34,1457,73984,4113863519808,1777824218447,5.666140520436167,1.2103812468677262
1392,5.16.-17.23,729,36992,686106864448,296507402253,5.665150678173742,1.210365178760851
1393,5.17.-19.26,1459,73984,4119418853568,1780264608589,5.664161514582788,1.2103491325015738
1394,5.19.-7.4,365,18496,1030549130112,445371200915,5.663173028733299,1.2103331080453652
1395,5.2.-9.16,1461,73984,1374991395776,594234999577,5.6621852196971805,1.2103171053478161
1396,5.25.-11.8,43,2176,2063875927104,891962596901,5.661198086548241,1.210301124364639
1397,5.26.-13.11,1463,73984,4130529521088,1785145388873,5.660211628362192,1.2102851650516657
1398,5.29.-19.20,183,9248,172221132832,74431899331,5.659225844216636,1.2102692273648477
1399,5.32.3.-20,1465,73984,4136084854848,1787585779015,5.658240733191069,1.210253311260256
1400,5.33.1.-17,733,36992,2823235008,1220195071,5.657256294366867,1.210237416694081
1401,5.34.-1.-14,1467,73984,1380546729536,596675389719,5.656272526827289,1.2102215436226305
1402,5.35.-3.-11,367,18496,1036104463872,447811591057,5.655289429657466,1.2102056920023314
1403,5.35.5.-25,1469,73984,4147195522368,1792466559299,5.654307001944399,1.2101898617897278
1404,5.40.-5.-10,735,36992,691662198208,298947792395,5.653325242776952,1.210174052941481
1405,6.-1.20.-33,1471,73984,4152750856128,1794906949441,5.652344151245849,1.2101582654143697
1406,6.-3.-4.10,23,1156,64930133172,28064486633,5.651363726443666,1.210142499165289
1407,6.-3.4.-4,1473,73984,1386102063296,599115779861,5.65038396746483,1.2101267541512493
1408,6.-5.0.4,1475,73984,4163861523648,1799787729725,5.648426443364113,1.2100953276569166
1409,6.-5.16.-24,369,18496,347219932544,150083993733,5.647448676440283,1.2100796460912226
1410,6.-6.10.-13,1477,73984,4169416857408,1802228119867,5.64647157173589,1.2100639855897677
1411,6.-7.12.-16,739,36992,2086097262144,901724157469,5.645495128354528,1.2100483461101377
1412,6.-7.4.-2,87,4352,1391657397056,601556170003,5.644519345401611,1.2100327276100318
1413,6.1.-4.8,185,9248,522218732256,225736088135,5.643544221984366,1.2100171300472635
1414,6.1.16.-27,1481,73984,4180527524928,1807108900151,5.642569757211831,1.2100015533797583
1415,6.11.-16.24,741,36992,697217531968,301388182537,5.641595950194845,1.2099859975655554
1416,6.12.14.-29,1483,73984,4186082858688,1809549290293,5.6406228000460485,1.2099704625628056
1417,6.13.12.-26,371,18496,19758776064,8541365497,5.639650305879876,1.2099549483297718
1418,6.14.14.-30,1485,73984,1397212730816,603996560145,5.638678466812551,1.2099394548248283
1419,6.14.6.-16,743,36992,2097207929664,906604937753,5.637707281962083,1.2099239820064611
1420,6.16.-14.18,1487,73984,4197193526208,1814430070577,5.63673675044826,1.2099085298332661
1421,6.16.10.-24,93,4624,87499399856,37826047201,5.635766871392647,1.2098930982639509
1422,6.17.-16.21,1489,73984,4202748859968,1816870460719,5.634797643918579,1.2098776872573314
1423,6.19.-20.27,745,36992,2102763263424,909045327895,5.633829067151154,1.2098622967723343
1424,6.2.14.-24,1491,73984,1402768064576,606436950287,5.632861140217236,1.2098469267679959
1425,6.20.-6.2,373,18496,1052770465152,455132761483,5.631893862245441,1.2098315772034607
1426,6.21.4.-16,1493,73984,4213859527488,1821751241003,5.630927232366138,1.2098162480379826
1427,6.25.-12.10,747,36992,702772865728,303828572679,5.6299612497114415,1.2098009392309224
1428,6.25.-4.-4,1495,73984,4219414861248,1824191631145,5.628995913415212,1.2097856507417502
1429,6.26.-10.6,11,544,527774066016,228176478277,5.628031222613042,1.2097703825300432
1430,6.26.-14.13,1497,73984,1408323398336,608877340429,5.627067176442262,1.2097551345554851
1431,6.28.-14.12,749,36992,2113873930944,913926108179,5.626103774041928,1.209739906777867
1432,6.4.-10.17,1499,73984,4230525528768,1829072411429,5.62514101455282,1.2097246991570867
1433,6.5.-12.20,375,18496,352775266304,152524383875,5.624178897117436,1.2097095116531476
1434,7.-1.3.-3,1501,73984,4236080862528,1831512801571,5.62321742087999,1.2096943442261587
1435,7.-2.21.-34,751,36992,2119429264704,916366498321,5.622256584986407,1.2096791968363352
1436,7.-3.-1.5,1503,73984,1413878732096,611317730571,5.621296388584314,1.2096640694439964
1437,7.-4.1.2,47,2312,132637933224,57349168337,5.6203368308230415,1.209648962009567
1438,7.-4.17.-26,1505,73984,4247191530048,1836393581855,5.619377910853615,1.209633874493576
1439,7.-4.9.-12,753,36992,708328199488,306268962821,5.61841962782875,1.209618806856656
1440,7.-5.19.-29,1507,73984,4252746863808,1838833971997,5.6174619809028545,1.2096037590595434
1441,7.0.1.0,377,18496,1063881132672,460013541767,5.616504969232015,1.2095887310630786
1442,7.1.-1.3,1509,73984,1419434065856,613758120713,5.615548591973996,1.2095737228282037
1443,7.1.19.-32,755,36992,2130539932224,921247278605,5.614592848288238,1.2095587343159653
1444,7.13.-17.25,1511,73984,4263857531328,1843714752281,5.61363773733585,1.20954376548751
1445,7.13.15.-31,189,9248,177776466592,76872289473,5.612683258279606,1.2095288163040883
1446,7.14.-19.28,89,4352,4269412865088,1846155142423,5.6117294102839415,1.2095138867270516
1447,7.15.11.-25,757,36992,2136095265984,923687668747,5.6107761925149475,1.2094989767178523
1448,7.16.13.-29,1515,73984,1424989399616,616198510855,5.609823604140366,1.2094840862380447
1449,7.16.9.-22,379,18496,1069436466432,462453931909,5.608871644329587,1.209469215249283
1450,7.19.-17.22,1517,73984,4280523532608,1851035922707,5.607920312253645,1.209454363713322
1451,7.19.-21.29,759,36992,713883533248,308709352963,5.606969607085213,1.209439531592016
1452,7.2.-3.6,1519,73984,4286078866368,1853476312849,5.606019527998596,1.20942471884732
1453,7.2.17.-29,95,4624,268053533328,115918531745,5.605070074169731,1.2094099254412871
1454,7.20.-19.25,1521,73984,1430544733376,618638900997,5.604121244776183,1.2093951513360708
1455,7.21.-13.14,761,36992,2147205933504,928568449031,5.6031730389971335,1.2093803964939223
1456,7.22.-15.17,1523,73984,4297189533888,1858357093133,5.602225456013387,1.2093656608771908
1457,7.25.-9.5,381,18496,358330600064,154964774017,5.601278495007357,1.2093509444483252
1458,7.26.-11.8,1525,73984,4302744867648,1860797483275,5.600332155163068,1.2093362471698705
1459,7.28.-15.14,763,36992,2152761267264,931008839173,5.5993864356661485,1.20932156900447
1460,7.29.-13.10,1527,73984,1436100067136,621079291139,5.598441335703828,1.209306909914864
1461,7.38.5.-26,191,9248,538884733536,233057258561,5.59749685446493,1.209292269863889
1462,7.43.-5.-11,1529,73984,4313855535168,1865678263559,5.596552991139874,1.2092776488144783
1463,7.5.-9.15,45,2176,719438867008,311149743105,5.595609744920664,1.2092630467296623
1464,7.7.15.-28,1531,73984,4319410868928,1868118653701,5.594667115000891,1.2092484635725658
1465,7.8.13.-25,383,18496,1080547133952,467334712193,5.593725100575722,1.20923389930641
1466,8.-1.6.-8,1533,73984,1441655400896,623519681281,5.592783700841901,1.2092193538945109
1467,8.0.20.-33,767,36992,2163871934784,935889619457,5.591842914997746,1.2092048273002798
1468,8.0.4.-5,1535,73984,4330521536448,1872999433985,5.590902742243137,1.209190319487222
1469,8.1.10.-16,6,289,5642316671,2440390142,5.589963181779523,1.209175830418938
1470,8.1.18.-30,1537,73984,81812771136,35385657059,5.589024232809908,1.209161360059122
1471,8.1.22.-37,769,36992,2169427268544,938330009599,5.588085894538852,1.209146908371561
1472,8.10.-8.11,1539,73984,1447210734656,625960071423,5.587148166172469,1.2091324753201367
1473,8.10.12.-24,385,18496,1086102467712,469775102335,5.586211046918415,1.209118060868823
1474,8.11.-10.14,1541,73984,4347187537728,1880320604411,5.585274535985894,1.2091036649816875
1475,8.16.12.-27,771,36992,724994200768,313590133247,5.584338632585645,1.2090892876228891
1476,8.19.-18.24,1543,73984,4352742871488,1882760994553,5.583403335929944,1.20907492875668
1477,8.2.0.1,1545,73984,1452766068416,628400461565,5.581534559708942,1.2090462663594952
1478,8.2.20.-34,773,36992,2180537936064,943210789883,5.580601078575832,1.209031962757481
1479,8.2.8.-13,91,4352,4363853539008,1887641774837,5.579668201051644,1.2090176775059795
1480,8.20.-20.27,387,18496,363885933824,157405164159,5.578735926356268,1.209003410569698
1481,8.21.14.-33,1549,73984,4369408872768,1890082164979,5.57780425371111,1.2089891619134359
1482,8.22.-12.12,775,36992,2186093269824,945651180025,5.576873182339079,1.208974931502082
1483,8.22.-20.26,1551,73984,1458321402176,630840851707,5.575942711464588,1.2089607193006149
1484,8.22.12.-30,97,4624,273608867088,118358921887,5.575012840313551,1.2089465252741032
1485,8.23.-22.29,1553,73984,4380519540288,1894962945263,5.574083568113378,1.2089323493877042
1486,8.24.-16.18,777,36992,730549534528,316030523389,5.573154894092968,1.208918191606665
1487,8.25.-18.21,1555,73984,4386074874048,1897403335405,5.572226817482714,1.2089040518963203
1488,8.28.-12.9,389,18496,1097213135232,474655882619,5.571299337514487,1.2088899302220946
1489,8.34.-12.6,1557,73984,1463876735936,633281241849,5.570372453421642,1.2088758265494997
1490,8.35.-14.9,779,36992,2197203937344,950531960309,5.569446164439009,1.2088617408441351
1491,8.4.-4.7,1559,73984,4397185541568,1902284115689,5.568520469802894,1.2088476730716884
1492,8.5.-6.10,195,9248,183331800352,79312679615,5.567595368751068,1.2088336231979346
1493,8.7.18.-33,1561,73984,4402740875328,1904724505831,5.56667086052277,1.208819591188735
1494,8.8.16.-30,781,36992,2202759271104,952972350451,5.5657469443586995,1.2088055770100388
1495,9.1.21.-35,1563,73984,1469432069696,635721631991,5.564823619501015,1.2087915806278804
1496,9.10.-5.6,23,1088,1102768468992,477096272761,5.563900885193326,1.2087776020083811
1497,9.10.15.-29,1565,73984,4413851542848,1909605286115,5.562978740680698,1.2087636411177487
1498,9.11.-7.9,783,36992,736104868288,318470913531,5.562057185209638,1.2087496979222754
1499,9.11.13.-26,1567,73984,4419406876608,1912045676257,5.561136218028099,1.2087357723883396
1500,9.13.-11.15,49,2312,138193266984,59789558479,5.560215838385471,1.2087218644824052
1501,9.19.-15.19,1569,73984,1474987403456,638162022133,5.559296045532581,1.2087079741710196
1502,9.2.11.-18,785,36992,2213869938624,957853130735,5.558376838721689,1.2086941014208161
1503,9.2.3.-4,393,18496,369441267584,159845554301,5.556540180242072,1.2086664084709076
1504,9.20.-17.22,1573,73984,4436072877888,1919366846683,5.555622727084992,1.2086525882048886
1505,9.21.13.-31,787,36992,2219425272384,960293520877,5.554705856993192,1.2086387853674236
1506,9.22.-21.28,1575,73984,1480542737216,640602412275,5.553789569226038,1.2086249999255647
1507,9.22.15.-35,197,9248,555550734816,240378428987,5.552873863044303,1.2086112318464455
1508,9.22.7.-21,1577,73984,4447183545408,1924247626967,5.5519587377101685,1.2085974810972844
1509,9.24.-13.13,789,36992,741660202048,320911303673,5.55104419248722,1.2085837476453811
1510,9.24.11.-29,1579,73984,4452738879168,1926688017109,5.550130226640442,1.208570031458118
1511,9.25.-15.16,395,18496,1113879136512,481977053045,5.549216839436213,1.2085563325029591
1512,9.27.-19.22,93,4352,1486098070976,643042802417,5.548304030142308,1.2085426507474502
1513,9.28.-21.25,791,36992,2230535939904,965174301161,5.547391798027887,1.2085289861592186
1514,9.29.-7.0,1583,73984,4463849546688,1931568797393,5.546480142363498,1.2085153387059728
1515,9.3.17.-29,99,4624,93054733616,40266437343,5.54556906242107,1.2085017083555025
1516,9.30.3.-18,1585,73984,4469404880448,1934009187535,5.544658557473909,1.2084880950756778
1517,9.33.-3.-9,793,36992,2236091273664,967614691303,5.543748626796701,1.208474498834449
1518,9.34.-13.8,1587,73984,1491653404736,645483192559,5.542839269665497,1.2084609195998468
1519,9.35.-11.4,397,18496,1119434470272,484417443187,5.541930485357721,1.2084473573399823
1520,9.37.-15.10,1589,73984,4480515547968,1938889967819,5.5410222731521594,1.2084338120230458
1521,9.4.15.-26,795,36992,14098406336,6100975355,5.540114632328961,1.2084202836173064
1522,9.4.7.-12,1591,73984,4486070881728,1941330357961,5.539207562169631,1.2084067720911138
1523,9.5.-3.5,1593,73984,1497208738496,647923582701,5.537395130975369,1.208379799551158
1524,9.5.5.-9,797,36992,2247201941184,972495471587,5.536489768510207,1.2083663384744872
1525,9.7.21.-38,1595,73984,4497181549248,1946211138245,5.535584973848447,1.2083528941515453
1526,9.8.19.-35,399,18496,374996601344,162285944443,5.534680746278333,1.2083394665510738
1527,-6.-20.-2.12,25,1156,140942641159,61009753550,5.531069492725954,1.2079963464489747
1528,-6.-22.2.6,401,18496,1130092454512,489298223471,5.5274672560457585,1.207654856654183
1529,-9.-29.-1.14,201,9248,188773963292,81753069757,5.52387399132175,1.2073149855653293
1530,-9.-30.1.11,403,18496,87322700384,37826047201,5.5202896539727115,1.2069767216909488
1531,6.20.2.-12,101,4624,284436607558,123239702171,5.5167141997488836,1.2066400536481796
1532,6.22.-2.-6,405,18496,126699750608,54908778195,5.513147584728692,1.2063049701614843
1533,9.29.1.-14,203,9248,571424540356,247699599413,5.509589765315503,1.205971460061385
1534,9.30.-1.-11,407,18496,104127309632,45147217627,5.506040698234432,1.205639512283219
1535,-23.-61.-7.37,3,136,143490684025,62229948621,5.502500340529183,1.2052761143469426
1536,-23.-68.7.16,409,18496,1150450538448,499059784039,5.49896864955893,1.2049144025295149
1537,23.61.7.-37,205,9248,576487802348,250139989555,5.495445582995233,1.2045543651117507
1538,23.68.-7.-16,411,18496,1155500670944,501500174181,5.491931098818996,1.2041959904829223
1539,-7.-34.-9.31,1647,73984,1543179021248,669887093979,5.489300842774324,1.203915573560327
1540,-7.-36.-9.32,825,36992,2318535721856,1006660933575,5.4866753733675,1.2036361221173641
1541,-7.-43.9.4,1653,73984,4644605823680,2016982452363,5.484054673208365,1.2033576311711458
1542,-7.-45.9.5,207,9248,2809263408,1220195071,5.481438725001354,1.2030800957730505
1543,-9.-41.-9.34,1659,73984,4659674583616,2024303622789,5.478827511544815,1.2028035110084283
1544,-9.-50.9.7,831,36992,2333604481792,1013982104001,5.476221015730334,1.2025278719963095
1545,7.34.9.-31,1665,73984,1558247781184,677208264405,5.473619220542054,1.2022531738891167
1546,7.36.9.-32,417,18496,1170569430880,508821344607,5.471022109056015,1.2019794118723788
1547,7.43.-9.-4,1671,73984,4689812103488,2038945963641,5.4684296644394905,1.201706581164449
1548,7.45.-9.-5,837,36992,782891080576,340434424809,5.465841869950335,1.2014346770162254
1549,9.41.9.-34,1677,73984,4704880863424,2046267134067,5.4632587089363325,1.201163694710874
1550,9.50.-9.-7,105,4624,294525952712,128120482455,5.460680164834556,1.200893629563554
1551,-1.17.-9.7,99,4352,429076780672,186689845863,5.45810622117073,1.2005923713758857
1552,-1.3.3.-7,1689,73984,4734703275392,2060909474919,5.452972069699293,1.1999928784521818
1553,-1.6.-3.2,1695,73984,4749561963392,2068230645345,5.4478561244769725,1.1993973831519855
1554,-1.8.9.-20,849,36992,2378495653696,1035945615279,5.445304938947641,1.199101122120014
1555,-2.-19.16.-19,1701,73984,4764420651392,2075551815771,5.442758256837294,1.1988058455716721
1556,-2.-3.-16.29,213,9248,596481249424,259901550123,5.440216062274841,1.198511548601747
1557,-2.15.-8.6,1707,73984,4779279339392,2082872986197,5.43767833947294,1.1982182263375978
1558,-2.7.8.-18,855,36992,125966017984,54908778195,5.435145072727419,1.1979258739388885
1559,-22.-57.-8.37,1713,73984,4794138027392,2090194156623,5.43261624641668,1.197634486597318
1560,-22.-65.8.13,429,18496,109126531168,47587607769,5.430091845001133,1.1973440595363571
1561,-25.-66.-7.39,1719,73984,4808996715392,2097515327049,5.427571853022617,1.197054588010984
1562,-25.-73.7.18,861,36992,2408213029696,1050587956131,5.425056255103835,1.1967660673074263
1563,-3.-13.-3.11,27,1156,75488824178,32945266917,5.42003818033721,1.1961918596653733
1564,-3.-16.3.2,3,128,2423071717696,1057909126557,5.415037499278844,1.1956213995152893
1565,-5.-21.-1.11,435,18496,1215250530848,530784855885,5.4100540917645885,1.195054650246053
1566,-5.-22.1.8,873,36992,2437930405696,1065230296983,5.405087838871239,1.1944915757224606
1567,-6.-20.22.-30,1749,73984,443935468672,194011016289,5.402611108579026,1.1942114053262605
1568,-6.-35.-8.30,219,9248,611339937424,267222720549,5.400138622899505,1.1939321402775067
1569,-6.-43.8.6,1755,73984,4898148843392,2141442349605,5.397670367308756,1.1936537761897381
1570,-6.2.-22.36,879,36992,2452789093696,1072551467409,5.395206327357275,1.1933763087048186
1571,-7.-22.23.-31,1761,73984,4913007531392,2148763520031,5.39274648866947,1.1930997334927078
1572,-7.-23.25.-34,441,18496,1230109218848,538106026311,5.390290836943159,1.1928240462512352
1573,-7.1.-23.38,1767,73984,8366496128,3660585213,5.387839357949062,1.1925492427058757
1574,-7.2.-25.41,885,36992,2467647781696,1079872637835,5.385392037530319,1.1922753186095278
1575,-8.-25.-2.14,1773,73984,4942724907392,2163405860883,5.3829488616019905,1.1920022697422945
1576,-8.-27.2.8,111,4624,309384640712,135441652881,5.380509816150573,1.1917300919112641
1577,-9.-21.-17.38,1779,73984,4957583595392,2170727031309,5.3780748872335185,1.1914587809502963
1578,-9.-31.-1.15,891,36992,225682406336,98835800751,5.375644060978757,1.1911883327198067
1579,-9.-32.1.12,105,4352,4972442283392,2178048201735,5.373217323584217,1.1909187431065567
1580,-9.-38.17.-13,447,18496,1244967906848,545427196737,5.370794661317361,1.1906500080234443
1581,1.-17.9.-7,1791,73984,4987300971392,2185369372161,5.368376060514717,1.1903821234092948
1582,1.-3.-3.7,1797,73984,5002159659392,2192690542587,5.363550988990737,1.1898488894716004
1583,1.-6.3.-2,1803,73984,5017018347392,2200011713013,5.358742001068337,1.1893190093148887
1584,1.-8.-9.20,903,36992,2512223845696,1101836149113,5.3563435050198205,1.189055317021162
1585,2.-15.8.-6,1809,73984,5031877035392,2207332883439,5.353948989879438,1.1887924513624777
1586,2.-7.-8.18,453,18496,1259826594848,552748367163,5.351558442454444,1.1885304084535147
1587,2.19.-16.19,1815,73984,458794156672,201332186715,5.349171849617566,1.1882691844332882
1588,2.3.16.-29,909,36992,2527082533696,1109157319539,5.346789198306571,1.1880087754649626
1589,22.57.8.-37,1821,73984,5061594411392,2221975224291,5.344410475523841,1.18774917773566
1590,22.65.-8.-13,57,2312,8337210124,3660585213,5.342035668335937,1.1874903874562743
1591,25.66.7.-39,1827,73984,5076453099392,2229296394717,5.3396647638731904,1.1872324008612856
1592,25.73.-7.-18,915,36992,2541941221696,1116478489965,5.337297749329274,1.186975214208578
1593,3.13.3.-11,27,1088,1274685282848,560069537589,5.332575339086871,1.1864632258774668
1594,3.16.-3.-2,921,36992,2556799909696,1123799660391,5.3278683364093435,1.1859543929872072
1595,5.21.1.-11,231,9248,58277937584,25624096491,5.323176641084621,1.1854486864250602
1596,5.22.-1.-8,927,36992,2571658597696,1131120830817,5.318500153875148,1.184946077435703
1597,6.-2.22.-36,1857,73984,5150746539392,2265902246847,5.316167582565258,1.1846959256411644
1598,6.20.-22.30,465,18496,41598192608,18302926065,5.3138387765052855,1.184446537615756
1599,6.35.8.-30,1863,73984,5165605227392,2273223417273,5.311513723559041,1.1841979098631652
1600,6.43.-8.-6,933,36992,2586517285696,1138442001243,5.30919241164892,1.1839500389084083
1601,7.-1.23.-38,1869,73984,5180463915392,2280544587699,5.306874828755521,1.1837029212976709
1602,7.-2.25.-41,117,4624,324243328712,142762823307,5.304560962917274,1.1834565535981432
1603,7.22.-23.31,1875,73984,5195322603392,2287865758125,5.302250802230073,1.1832109323978637
1604,7.23.-25.34,939,36992,2601375973696,1145763171669,5.299944334846904,1.1829660543055587
1605,8.25.2.-14,1881,73984,24929097088,10981755639,5.2976415489774835,1.1827219159504863
1606,8.27.-2.-8,471,18496,1304402658848,574711878441,5.295342432887896,1.1824785139822815
1607,9.21.17.-38,111,4352,5225039979392,2302508098977,5.293046974900234,1.1822358450708021
1608,9.31.1.-15,945,36992,2616234661696,1153084342095,5.290755163392244,1.181993905905976
1609,9.32.-1.-12,1893,73984,5239898667392,2309829269403,5.288466986796974,1.1817526931976503
1610,9.38.-17.13,237,9248,655916001424,289186231827,5.28618243360242,1.1815122036754406
1611,-1.-15.15.-19,1899,73984,1751550203168,772383479943,5.283901492351181,1.1812431266787338
1612,-1.0.-15.26,951,36992,2630986603808,1160405512521,5.2816241516401154,1.180974848547743
1613,-1.10.9.-21,1905,73984,5269295805728,2324471610255,5.279350400119994,1.180707365725482
1614,-1.11.7.-18,477,18496,146572733440,64670338763,5.277080226495167,1.180440674676077
1615,-1.18.-7.3,1911,73984,5283941001952,2331792780681,5.274813619523222,1.1801747718846096
1616,-1.19.-9.6,957,36992,2645631800032,1167726682947,5.272550568014653,1.1799096538569636
1617,-1.5.3.-8,1917,73984,1766195399392,779704650369,5.270291060832528,1.1796453171196695
1618,-1.8.-3.1,15,578,41452412471,18302926065,5.26803508689216,1.179381758219752
1619,-23.-60.-9.40,1923,73984,5313231394400,2346435121533,5.2657826351607815,1.17911897372458
1620,-23.-69.9.13,963,36992,886758998752,391682617791,5.2635336946572195,1.1788569602217154
1621,-24.-63.-6.36,1929,73984,5327876590624,2353756291959,5.261288254451576,1.178595714318766
1622,-24.-69.6.18,483,18496,1333799797184,589354219293,5.259046303664905,1.178335232643237
1623,-3.-16.-1.9,1935,73984,593613531872,262341940265,5.256807831468906,1.178075511842387
1624,-3.-17.1.6,57,2176,2674922192480,1182369023799,5.254572827085598,1.1778165485830807
1625,-3.-21.13.-13,1941,73984,5357166983072,2368398632811,5.252341279787015,1.1775583395516487
1626,-3.-23.17.-19,243,9248,223520399216,98835800751,5.250113178894898,1.1773008814537431
1627,-3.-6.-17.32,1947,73984,5371812179296,2375719803237,5.247888513780384,1.177044171014197
1628,-3.-8.-13.26,975,36992,2689567388704,1189690194225,5.245667273863706,1.1767882049768872
1629,-3.12.-9.9,1953,73984,1795485791840,794346991221,5.243449448613887,1.176532980104592
1630,-3.3.9.-18,489,18496,1348444993408,596675389719,5.241235027548445,1.1762784931788577
1631,-4.-18.0.8,981,36992,300468064992,133001262739,5.23681635628144,1.1757717203862708
1632,-4.-23.14.-14,1965,73984,5415747767968,2397683314515,5.23461208535471,1.1755194281751244
1633,-4.-9.-14.28,123,4624,338941897880,150083993733,5.232411177161439,1.1752678612216838
1634,-5.-13.-17.35,1971,73984,1810130988064,801668161647,5.230213621457193,1.1750170163993112
1635,-5.-17.23.-33,987,36992,2718857781152,1204332535077,5.228019408044281,1.174766890599337
1636,-5.-18.-3.13,1977,73984,5445038160416,2412325655367,5.225828526771471,1.1745174807309295
1637,-5.-21.3.4,495,18496,454363396544,201332186715,5.223640967533707,1.1742687837209698
1638,-5.-30.17.-16,1983,73984,5459683356640,2419646825793,5.221456720271831,1.1740207965139222
1639,-5.-32.-7.27,993,36992,2733502977376,1211653705503,5.219275774972305,1.1737735160717104
1640,-5.-39.7.6,117,4352,608258728096,269663110691,5.217098121666935,1.1735269393735914
1641,-5.6.-23.36,249,9248,685206393872,303828572679,5.214923750432598,1.1732810634160333
1642,-6.-14.-18.37,1995,73984,5488973749088,2434289166645,5.2127526513909705,1.1730358852125913
1643,-6.-16.-14.31,999,36992,916049391200,406324958643,5.210584814708261,1.172791401793787
1644,-6.-19.24.-34,2001,73984,5503618945312,2441610337071,5.208420230594937,1.1725476102069885
1645,-6.-30.14.-11,501,18496,1377735385856,611317730571,5.20625888930547,1.1723045075162897
1646,-6.-32.18.-17,2007,73984,1839421380512,816310502499,5.204100781138061,1.172062090802393
1647,-6.5.-24.38,1005,36992,2762793369824,1226296046355,5.201945896434387,1.171820357162491
1648,-7.-17.-15.33,2013,73984,5532909337760,2456252677923,5.199794225579339,1.1715793037101507
1649,-7.-32.15.-12,63,2312,19236916444,8541365497,5.197645759000762,1.1713389275751978
1650,-7.-39.-7.30,2019,73984,5547554533984,2463573848349,5.195500487169205,1.1710992259036028
1651,-7.-46.7.9,1011,36992,2777438566048,1233617216781,5.193358400597664,1.1708601958573663
1652,-8.-25.22.-28,2025,73984,1854066576736,823631672925,5.1912194898413295,1.170621834614408
1653,-8.-27.-2.15,507,18496,1392380582080,618638900997,5.189083745497339,1.1703841393684538
1654,-8.-29.2.9,2031,73984,5576844926432,2478216189201,5.186951158204526,1.1701471073289254
1655,-8.-3.-22.38,1017,36992,930694587424,413646129069,5.184821718643179,1.1699107357208323
1656,-9.-24.-15.36,2037,73984,5591490122656,2485537359627,5.182695417534791,1.16967502178466
1657,-9.-27.23.-29,15,544,699851590096,311149743105,5.180572245641821,1.1694399627762644
1658,-9.-39.15.-9,2043,73984,622903924320,276984281117,5.178452193767451,1.1692055559667647
1659,-9.-4.-23.40,1023,36992,2806728958496,1248259557633,5.17633525275535,1.1689717986424357
1660,1.-10.-9.21,2049,73984,5620780515104,2500179700479,5.174221413489432,1.1687386881046042
1661,1.-11.-7.18,513,18496,469008592768,208653357141,5.172110666893625,1.1685062216695445
1662,1.-18.7.-3,2055,73984,5635425711328,2507500870905,5.170003003931633,1.1682743966683737
1663,1.-19.9.-6,1029,36992,2821374154720,1255580728059,5.16789841560671,1.168043210446951
1664,1.-5.-3.8,2061,73984,1883356969184,838274013777,5.165796892961422,1.167812660365774
1665,1.-8.3.-1,129,4624,353587094104,157405164159,5.163698427077425,1.1675827437998794
1666,1.0.15.-26,2067,73984,5664716103776,2522143211757,5.161603009075232,1.1673534581387415
1667,1.15.-15.19,1035,36992,315113261216,140322433165,5.159510630113991,1.1671248007861745
1668,23.60.9.-40,2073,73984,5679361300000,2529464382183,5.157421281391264,1.1668967691602337
1669,23.69.-9.-13,519,18496,1421670974528,633281241849,5.155334954142798,1.1666693606931156
1670,24.63.6.-36,2079,73984,1898002165408,845595184203,5.153251639642309,1.1664425728310646
1671,24.69.-6.-18,1041,36992,2850664547168,1270223068911,5.1511713292012615,1.1662164030342754
1672,3.-12.9.-9,2085,73984,5708651692448,2544106723035,5.149094014168653,1.1659908487767963
1673,3.-3.-9.18,261,9248,238165595440,106156971177,5.147019685930794,1.1657659075464377
1674,3.16.1.-9,123,4352,5723296888672,2551427893461,5.144948335911099,1.1655415768446762
1675,3.17.-1.-6,1047,36992,2865309743392,1277544239337,5.14287995556987,1.1653178541865619
1676,3.21.-13.13,2097,73984,637549120544,284305451543,5.140814536404086,1.165094737100628
1677,3.23.-17.19,525,18496,1436316170752,640602412275,5.138752069947194,1.1648722231287967
1678,3.6.17.-32,2103,73984,5752587281120,2566070234313,5.1366925477689,1.1646503098262908
1679,3.8.13.-26,1053,36992,959984979872,428288469921,5.134635961474962,1.164428994761543
1680,4.18.0.-8,33,1156,90227423054,40266437343,5.130531563142226,1.1639881496845654
1681,4.23.-14.14,2115,73984,1927292557856,860237525055,5.128483734493367,1.1637686148744506
1682,4.9.14.-28,1059,36992,2894600135840,1292186580189,5.126438808508342,1.1635496687061486
1683,5.-6.23.-36,2121,73984,5796522869792,2588033745591,5.124396776970124,1.1633313088128177
1684,5.13.17.-35,531,18496,161217929664,71991509189,5.122357631696525,1.1631135328403006
1685,5.17.-23.33,2127,73984,5811168066016,2595354916017,5.120321364540007,1.1628963384470417
1686,5.18.3.-13,1065,36992,2909245332064,1299507750615,5.118287967387478,1.1626797233040003
1687,5.21.-3.-4,2133,73984,1941937754080,867558695481,5.116257432160108,1.1624636850945695
1688,5.30.-17.16,267,9248,729141982544,325792083957,5.1142297508131245,1.162248221514491
1689,5.32.7.-27,2139,73984,5840458458464,2609997256869,5.112204915335634,1.1620333302717738
1690,5.39.-7.-6,63,2176,974630176096,435609640347,5.110182917750423,1.1618190090866132
1691,6.-5.24.-38,2145,73984,5855103654688,2617318427295,5.108163750113771,1.161605255691309
1692,6.14.18.-37,537,18496,1465606563200,655244753127,5.106147404515267,1.1613920678301857
1693,6.16.14.-31,2151,73984,652194316768,291626621969,5.104133873077618,1.1611794432595113
1694,6.19.-24.34,1077,36992,2938535724512,1314150091467,5.102123147956472,1.1609673797474211
1695,6.30.-14.11,2157,73984,5884394047136,2631960768147,5.100115221340225,1.1607558750738372
1696,6.32.-18.17,135,4624,122744096776,54908778195,5.098110085449848,1.160544927030391
1697,7.17.15.-33,2163,73984,5899039243360,2639281938573,5.0961077325387,1.1603345334203459
1698,7.32.-15.12,1083,36992,2953180920736,1321471261893,5.094108154892352,1.1601246920585215
1699,7.39.7.-30,2169,73984,1971228146528,882201036333,5.092111344828405,1.159915400771218
1700,7.46.-7.-9,543,18496,1480251759424,662565923553,5.090117294696317,1.1597066573961383
1701,8.25.-22.28,2175,73984,5928329635808,2653924279425,5.088125996877226,1.159498459782316
1702,8.27.2.-15,1089,36992,329758457440,147643603591,5.086137443783772,1.1592908057900404
1703,8.29.-2.-9,2181,73984,5942974832032,2661245449851,5.084151627859928,1.1590836932907822
1704,8.3.22.-38,273,9248,743787178768,333113254383,5.082168541580827,1.1588771201671213
1705,9.24.15.-36,2187,73984,1985873342752,889522206759,5.080188177452586,1.1586710843126735
1706,9.27.-23.29,1095,36992,2982471313184,1336113602745,5.078210528012143,1.1584655836320195
1707,9.39.-15.9,129,4352,5972265224480,2675887790703,5.076235585827085,1.1582606160406335
1708,9.4.23.-40,549,18496,498298985216,223295697993,5.07426334349548,1.1580561794648114
1709,-8.-38.-8.31,2201,73984,5991773879680,2685649351271,5.070982252609122,1.1577122264978341
1710,-8.-46.8.7,1103,36992,3001979968384,1345875163313,5.067708606909296,1.1573697512366914
1711,8.38.8.-31,2211,73984,2005381997952,899283767327,5.064442372684453,1.1570287441693303
1712,8.46.-8.-7,277,9248,753541506368,337994034667,5.06118351645149,1.1566891958652452
1713,-1.-10.-3.10,2221,73984,6040413072064,2710053252691,5.057932004953698,1.15632601035373
1714,-1.-13.3.1,1113,36992,432321006656,194011016289,5.05468780515872,1.1559643655670486
1715,-1.-16.-7.20,2231,73984,6064575114304,2722255203401,5.051450884256538,1.1556042517104455
1716,-1.-23.7.-1,559,18496,1519164033856,682089044689,5.0482212096574886,1.1552456590721083
1717,-3.-1.5.-9,2241,73984,6088737156544,2734457154111,5.044998748990285,1.1548885780222902
1718,-3.-20.15.-17,1123,36992,3050409088832,1370279064733,5.041783470100078,1.1545329990124438
1719,-3.-5.-15.28,2251,73984,6112899198784,2746659104821,5.038575341046523,1.154178912574367
1720,-3.4.-5.6,141,4624,382811263744,172047505011,5.035374330101885,1.1538263093193575
1721,-4.-10.-16.32,133,4352,876723034432,394123007933,5.03218040574915,1.15347517993738
1722,-4.-11.-14.29,1133,36992,3074571131072,1382481015443,5.028993536680163,1.1531255151962434
1723,-4.-15.-2.10,2271,73984,6161223283264,2771063006241,5.0258136917937914,1.1527773059407873
1724,-4.-16.0.7,2281,73984,6185385325504,2783264956951,5.019474951188541,1.1520852176466225
1725,-4.-17.2.4,1143,36992,3098733173312,1394682966153,5.016315994286201,1.1517413206755744
1726,-4.-25.14.-13,2291,73984,6209547367744,2795466907661,5.013163939196004,1.1513988433239708
1727,-4.-26.16.-16,287,9248,111100506944,50027997911,5.010018755824991,1.1510577768099652
1728,-5.-11.-17.34,2301,73984,6233709409984,2807668858371,5.006880414276589,1.1507181124240742
1729,-5.-28.17.-17,1153,36992,3122895215552,1406884916863,5.003748884848907,1.150379841528431
1730,-6.-13.-16.33,2311,73984,6257871452224,2819870809081,5.000624138033048,1.150042955556053
1731,-6.-22.-2.13,579,18496,1567488118336,706492946109,4.997506144511442,1.149707446010113
1732,-6.-24.2.7,2321,73984,6282033494464,2832072759791,4.994394875156196,1.1493733044632235
1733,-6.-29.16.-15,1163,36992,3147057257792,1419086867573,4.991290301027461,1.1490405225567264
1734,-7.-18.-17.37,2331,73984,900885076672,406324958643,4.988192393371813,1.1487090919999943
1735,-7.-19.-15.34,73,2312,197446142432,89074240183,4.9851011236206615,1.1483790045697382
1736,-7.-24.-1.12,69,2176,3171219300032,1431288818283,4.978938384472171,1.147722826528105
1737,-7.-25.1.9,589,18496,1591650160576,718694896819,4.972801858670218,1.1470719239665463
1738,-7.-34.15.-11,2361,73984,6378681663424,2880880562631,4.969743356272036,1.1467484311288518
1739,-7.-35.17.-14,1183,36992,456483048896,206212966999,4.96669132416089,1.1464262334543434
1740,-7.-37.-7.29,2371,73984,6402843705664,2893082513341,4.963645735018671,1.1461053231724365
1741,-7.-44.7.8,297,9248,801865590848,362397936087,4.960606561699913,1.1457856925746477
1742,1.10.3.-10,2381,73984,6427005747904,2905284464051,4.957573777230345,1.1454673340139752
1743,1.13.-3.-1,1193,36992,3219543384512,1455692719703,4.954547354805451,1.1451502399042846
1744,1.16.7.-20,2391,73984,6451167790144,2917486414761,4.951527267789051,1.1448344027197066
1745,1.23.-7.1,599,18496,1615812202816,730896847529,4.948513489711893,1.144519814994037
1746,3.-4.5.-6,2401,73984,132149588416,59789558479,4.945505994270262,1.1442064693201464
1747,3.1.-5.9,1203,36992,3243705426752,1467894670413,4.942504755324602,1.143894358349398
1748,3.20.-15.17,2411,73984,6499491874624,2941890316181,4.939509746898152,1.1435834747910685
1749,3.5.15.-28,151,4624,406973305984,184249455721,4.9365209431756,1.1432738114117795
1750,4.10.16.-32,2421,73984,6523653916864,2954092266891,4.933538318501742,1.142965361034935
1751,4.11.14.-29,1213,36992,3267867468992,1480096621123,4.930561847380169,1.1426581165401626
1752,4.15.2.-10,143,4352,6547815959104,2966294217601,4.92759150447195,1.1423520708627655
1753,4.16.0.-7,2441,73984,6571978001344,2978496168311,4.921669102719525,1.1417435479764257
1754,4.17.-2.-4,1223,36992,3292029511232,1492298571833,4.918716993973292,1.1414410569116018
1755,4.25.-14.13,2451,73984,6596140043584,2990698119021,4.915770913633839,1.1411397369513343
1756,4.26.-16.16,307,9248,826027633088,374599886797,4.9128308371305,1.1408395813012713
1757,5.11.17.-34,2461,73984,6620302085824,3002900069731,4.909896740042519,1.1405405832195676
1758,5.28.-17.17,1233,36992,3316191553472,1504500522543,4.90696859809784,1.1402427360163787
1759,6.13.16.-33,2471,73984,949209161152,430728860063,4.904046387171895,1.1399460330533582
1760,6.22.2.-13,619,18496,1664136287296,755300748949,4.901130083286414,1.1396504677431645
1761,6.24.-2.-7,2481,73984,6668626170304,3027303971151,4.8982196626082475,1.1393560335489705
1762,6.29.-16.15,1243,36992,3340353595712,1516702473253,4.895315101448194,1.1390627239839806
1763,7.18.17.-37,2491,73984,6692788212544,3039505921861,4.892416376259842,1.1387705326109512
1764,7.19.15.-34,39,1156,104763581776,47587607769,4.88952346363843,1.1384794530417193
1765,7.24.1.-12,1253,36992,480645091136,218414917709,4.883754983178818,1.1379006040045978
1766,7.25.-1.-9,37,1088,1688298329536,767502699659,4.87800947562139,1.1373261267312889
1767,7.34.-15.11,2521,73984,6765274339264,3076111773991,4.8751452796421395,1.1370405120439875
1768,7.35.-17.14,1263,36992,3388677680192,1541106374673,4.872286758713127,1.1367559718363884
1769,7.37.7.-29,2531,73984,6789436381504,3088313724701,4.8694338903899945,1.1364725000510982
1770,7.44.-7.-8,317,9248,850189675328,386801837507,4.8665866523612715,1.136190090676211
1771,-1.-12.9.-10,2539,73984,6808734964768,3098075285269,4.864881002853173,1.1360145732784475
1772,-1.-3.-9.17,1271,36992,109934718176,50027997911,4.8631773674957195,1.135839448882122
1773,-10.-25.-8.24,2545,73984,6823170089056,3105396455695,4.861475741537621,1.1356647161674691
1774,-10.-28.22.-27,637,18496,1707596912800,777264260227,4.859776120244379,1.1354903738206314
1775,-10.-33.8.0,2551,73984,6837605213344,3112717626121,4.858078498898206,1.135316420533628
1776,-10.-6.-22.39,1277,36992,3422411387744,1558189105667,4.856382872797955,1.1351428550043192
1777,-11.-27.-11.30,2557,73984,6852040337632,3120038796547,4.85468923725903,1.1349696759363759
1778,-11.-28.-9.27,10,289,26793976171,12201950710,4.8529975876133165,1.1347968820392467
1779,-11.-37.9.0,2563,73984,6866475461920,3127359966973,4.851307919209101,1.1346244720281247
1780,-11.-38.11.-3,1283,36992,3436846512032,1565510276093,4.8496202274109965,1.1344524446239177
1781,-12.-30.-12.33,2569,73984,6880910586208,3134681137399,4.847934507599862,1.134280798553214
1782,-12.-31.-10.30,643,18496,1722032037088,784585430653,4.846250755172732,1.1341095325482524
1783,-12.-41.10.0,2575,73984,6895345710496,3142002307825,4.844568965542735,1.1339386453468903
1784,-12.-42.12.-3,1289,36992,3451281636320,1572831446519,4.842889134139028,1.1337681356925735
1785,-13.-33.-9.29,2581,73984,6909780834784,3149323478251,4.841211256406709,1.1335980023343037
1786,-13.-42.9.2,19,544,864624799616,394123007933,4.839535327806754,1.1334282440266088
1787,-14.-35.-12.35,2587,73984,6924215959072,3156644648677,4.837861343815938,1.133258859529512
1788,-14.-36.-10.32,1295,36992,3465716760608,1580152616945,4.836189299926763,1.1330898476085023
1789,-14.-46.10.2,2593,73984,6938651083360,3163965819103,4.834519191647384,1.132921207034503
1790,-14.-47.12.-1,649,18496,1736467161376,791906601079,4.83285101450154,1.1327529365838434
1791,-15.-38.-9.31,2599,73984,6953086207648,3171286989529,4.831184764028478,1.132585035038228
1792,-15.-39.-11.35,1301,36992,3480151884896,1587473787371,4.829520435782883,1.1324175011847069
1793,-15.-47.9.4,2605,73984,6967521331936,3178608159955,4.827858025334808,1.1322503338156469
1794,-15.-50.11.2,163,4624,435921180880,198891796573,4.826197528269601,1.1320835317287032
1795,-17.-44.-11.37,2611,73984,6981956456224,3185929330381,4.824538940187837,1.1319170937267884
1796,-17.-47.-5.28,1307,36992,3494587009184,1594794957797,4.822882256705245,1.1317510186180453
1797,-17.-52.5.13,2617,73984,6996391580512,3193250500807,4.821227473452644,1.131585305215819
1798,-17.-55.11.4,655,18496,1750902285664,799227771505,4.819574586075866,1.1314199523386257
1799,-18.-46.-10.36,2623,73984,7010826704800,3200571671233,4.8179235902356945,1.131254958810128
1800,-18.-47.-8.33,1313,36992,3509022133472,1602116128223,4.816274481607792,1.1310903234591045
1801,-18.-48.-10.37,2629,73984,7025261829088,3207892841659,4.814627255882633,1.1309260451194225
1802,-18.-49.-8.34,329,9248,879059923904,401444178359,4.812981908765438,1.1307621226300109
1803,-18.-55.8.9,155,4352,227086998496,103716581035,4.811338435976102,1.1305985548348325
1804,-18.-56.10.6,1319,36992,3523457257760,1609437298649,4.809696833249134,1.130435340582857
1805,-18.-57.8.10,2641,73984,7054132077664,3222535182511,4.808057096333586,1.1302724787280325
1806,-18.-58.10.7,661,18496,1765337409952,806548941931,4.8064192209929875,1.1301099681292606
1807,-19.-49.-11.39,2647,73984,7068567201952,3229856352937,4.804783203005281,1.1299478076503682
1808,-19.-51.-7.33,1325,36992,3537892382048,1616758469075,4.803149038162755,1.1297859961600816
1809,-19.-52.-5.30,2653,73984,7083002326240,3237177523363,4.801516722271983,1.1296245325320002
1810,-19.-57.5.15,83,2312,221569371512,101276190893,4.799886251153754,1.1294634156445693
1811,-19.-58.7.12,2659,73984,7097437450528,3244498693789,4.798257620643011,1.1293026443810557
1812,-19.-60.11.6,1331,36992,3552327506336,1624079639501,4.796630826588787,1.1291422176295196
1813,-2.-14.10.-11,2665,73984,7111872574816,3251819864215,4.795005864854141,1.1289821342827913
1814,-2.-15.12.-14,667,18496,1779772534240,813870112357,4.793382731316094,1.1288223932384434
1815,-2.-3.-12.22,2671,73984,7126307699104,3259141034641,4.791761421865568,1.128662993398767
1816,-2.-4.-10.19,1337,36992,3566762630624,1631400809927,4.790141932407326,1.1285039336707463
1817,-20.-52.-8.35,2677,73984,7140742823392,3266462205067,4.788524258859901,1.1283452129660323
1818,-20.-54.-8.36,335,9248,893495048192,408765348785,4.786908397155544,1.1281868302009193
1819,-20.-55.-6.33,2683,73984,7155177947680,3273783375493,4.785294343240158,1.1280287842963193
1820,-20.-60.8.11,79,2176,3581197754912,1638721980353,4.783682093073236,1.1278710741777376
1821,-20.-61.6.15,2689,73984,7169613071968,3281104545919,4.782071642627806,1.127713698775249
1822,-20.-62.8.12,673,18496,1794207658528,821191282783,4.7804629878903615,1.1275566570234725
1823,-21.-55.-9.38,2695,73984,7184048196256,3288425716345,4.778856124860811,1.1273999478615473
1824,-21.-57.-9.39,1349,36992,3595632879200,1646043150779,4.777251049552411,1.12724357023311
1825,-21.-64.9.11,2701,73984,7198483320544,3295746886771,4.775647757991711,1.1270875230862696
1826,-21.-66.9.12,169,4624,450356305168,206212966999,4.774046246218495,1.1269318053735835
1827,-22.-58.-10.41,2707,73984,7212918444832,3303068057197,4.772446510285715,1.1267764160520362
1828,-22.-68.10.11,1355,36992,3610068003488,1653364321205,4.770848546259445,1.1266213540830128
1829,-23.-62.-9.41,2713,73984,7227353569120,3310389227623,4.769252350218813,1.126466618432278
1830,-23.-71.9.14,679,18496,1808642782816,828512453209,4.7676579182559475,1.126312208069953
1831,-3.-14.7.-6,2719,73984,7241788693408,3317710398049,4.766065246475919,1.126158121970491
1832,-3.-15.9.-9,1361,36992,3624503127776,1660685491631,4.764474330996684,1.126004359112656
1833,-3.-17.9.-8,2725,73984,7256223817696,3325031568475,4.762885167949028,1.1258509184794991
1834,-3.-6.-9.18,341,9248,29288070080,13422145781,4.761297753476506,1.125697799058337
1835,-3.-7.-7.15,2731,73984,7270658941984,3332352738901,4.759712083735392,1.1255449998407285
1836,-3.-8.-9.19,1367,36992,3638938252064,1668006662057,4.758128154894619,1.1253925198224537
1837,-4.-19.10.-9,161,4352,7285094066272,3339673909327,4.756545963135722,1.1252403580034904
1838,-4.-20.12.-12,685,18496,1823077907104,835833623635,4.75496550465279,1.1250885133879929
1839,-4.-8.-12.24,2743,73984,7299529190560,3346995079753,4.753386775652402,1.12493698498427
1840,-4.-9.-10.21,1373,36992,3653373376352,1675327832483,4.751809772353578,1.124785771804765
1841,-5.-11.-9.20,2749,73984,7313964314848,3354316250179,4.750234490987726,1.1246348728660305
1842,-5.-12.-11.24,43,1156,114393466828,52468388053,4.748660927798581,1.1244842871887106
1843,-5.-13.-9.21,2755,73984,7328399439136,3361637420605,4.7470890790421585,1.1243340137975177
1844,-5.-20.9.-7,1379,36992,3667808500640,1682649002909,4.745518940986699,1.1241840517212123
1845,-5.-22.9.-6,2761,73984,7342834563424,3368958591031,4.74395050991261,1.1240343999925817
1846,-5.-23.11.-9,691,18496,1837513031392,843154794061,4.74238378211242,1.1238850576484183
1847,-6.-15.-8.20,2767,73984,7357269687712,3376279761457,4.740818753890724,1.1237360237295002
1848,-6.-23.8.-4,1385,36992,3682243624928,1689970173335,4.739255421564128,1.12358729728057
1849,-7.-17.-11.26,2773,73984,7371704812000,3383600931883,4.7376937814612,1.1234388773503137
1850,-7.-20.23.-32,347,9248,922365296768,423407689637,4.736133829922418,1.1232907629913425
1851,-7.-28.11.-7,2779,73984,7386139936288,3390922102309,4.734575563300117,1.1231429532601689
1852,-7.3.-23.37,1391,36992,3696678749216,1697291343761,4.73301897795844,1.1229954472171906
1853,-8.-19.-10.25,2785,73984,7400575060576,3398243272735,4.731464070273285,1.1228482439266678
1854,-8.-20.-8.22,41,1088,1851948155680,850475964487,4.729910836632256,1.1227013424567045
1855,-8.-21.-10.26,2791,73984,7415010184864,3405564443161,4.728359273434611,1.1225547418792285
1856,-8.-28.8.-2,1397,36992,3711113873504,1704612514187,4.726809377091215,1.1224084412699715
1857,-8.-29.10.-5,2797,73984,7429445309152,3412885613587,4.725261144024487,1.12226243970845
1858,-8.-31.10.-4,175,4624,464791429456,213534137425,4.72371457066835,1.1221167362779465
1859,-9.-2.-23.39,2803,73984,7443880433440,3420206784013,4.722169653468185,1.1219713300654885
1860,-9.-22.-11.28,1403,36992,3725548997792,1711933684613,4.720626388880779,1.1218262201618314
1861,-9.-25.23.-30,2809,73984,7458315557728,3427527954439,4.719084773374281,1.1216814056614381
1862,-9.-33.11.-5,703,18496,1866383279968,857797134913,4.717544803428144,1.12153688566246
1863,1.12.-9.10,2815,73984,7472750682016,3434849124865,4.716006475533087,1.1213926592667203
1864,1.3.9.-17,1409,36992,3739984122080,1719254855039,4.714469786191042,1.1212487255796917
1865,10.25.8.-24,2821,73984,241522122784,111037751461,4.712934731915107,1.1211050837104823
1866,10.28.-22.27,353,9248,936800421056,430728860063,4.711401309229498,1.1209617327718129
1867,10.33.-8.0,2827,73984,7501620930592,3449491465717,4.709869514669504,1.1208186718800013
1868,10.6.22.-39,1415,36992,3754419246368,1726576025465,4.708339344781434,1.1206759001549433
1869,11.27.11.-30,2833,73984,7516056054880,3456812636143,4.70681079612258,1.120533416720095
1870,11.28.9.-27,709,18496,1880818404256,865118305339,4.705283865261163,1.120391220702454
1871,11.37.-9.0,167,4352,7530491179168,3464133806569,4.703758548776287,1.120249311232542
1872,11.38.-11.3,1421,36992,3768854370656,1733897195891,4.702234843257899,1.1201076874443874
1873,12.30.12.-33,2845,73984,7544926303456,3471454976995,4.700712745306735,1.1199663484755065
1874,12.31.10.-30,89,2312,236004495800,108597361319,4.699192251534281,1.1198252934668873
1875,12.41.-10.0,2851,73984,7559361427744,3478776147421,4.697673358562726,1.119684521562971
1876,12.42.-12.3,1427,36992,3783289494944,1741218366317,4.696156063024915,1.1195440319116354
1877,13.33.9.-29,2857,73984,7573796552032,3486097317847,4.694640361564307,1.1194038236641772
1878,13.42.-9.-2,715,18496,1895253528544,872439475765,4.693126250834927,1.119263895975295
1879,14.35.12.-35,2863,73984,7588231676320,3493418488273,4.691613727501326,1.1191242480030716
1880,14.36.10.-32,1433,36992,3797724619232,1748539536743,4.690102788238533,1.1189848789089587
1881,14.46.-10.-2,2869,73984,7602666800608,3500739658699,4.688593429732014,1.1188457878577585
1882,14.47.-12.1,359,9248,951235545344,438050030489,4.687085648677628,1.1187069740176074
1883,15.38.9.-31,2875,73984,7617101924896,3508060829125,4.685579441781579,1.1185684365599595
1884,15.39.11.-35,1439,36992,3812159743520,1755860707169,4.684074805760381,1.1184301746595706
1885,15.47.-9.-4,2881,73984,7631537049184,3515381999551,4.682571737340808,1.1182921874944798
1886,15.50.-11.-2,721,18496,1909688652832,879760646191,4.681070233259857,1.1181544742459966
1887,17.44.11.-37,2887,73984,7645972173472,3522703169977,4.679570290264697,1.1180170340986808
1888,17.47.5.-28,5,128,3826594867808,1763181877595,4.678071905112637,1.117879866240329
1889,17.52.-5.-13,2893,73984,7660407297760,3530024340403,4.676575074571079,1.1177429698619576
1890,17.55.-11.-4,181,4624,479226553744,220855307851,4.675079795417473,1.1176063441577875
1891,18.46.10.-36,2899,73984,7674842422048,3537345510829,4.673586064439282,1.1174699883252264
1892,18.47.8.-33,1451,36992,3841029992096,1770503048021,4.672093878433935,1.1173339015648558
1893,18.48.10.-37,2905,73984,7689277546336,3544666681255,4.670603234208787,1.1171980830804131
1894,18.49.8.-34,727,18496,1924123777120,887081816617,4.669114128581084,1.1170625320787768
1895,18.55.-8.-9,2911,73984,7703712670624,3551987851681,4.667626558377913,1.1169272477699508
1896,18.56.-10.-6,1457,36992,124369842464,57349168337,4.666140520436167,1.1167922293670505
1897,18.57.-8.-10,2917,73984,7718147794912,3559309022107,4.664656011602501,1.1166574760862842
1898,18.58.-10.-7,365,9248,965670669632,445371200915,4.663173028733299,1.116522987146942
1899,19.49.11.-39,2923,73984,7732582919200,3566630192533,4.661691568694626,1.1163887617713768
1900,19.51.7.-33,1463,36992,3869900240672,1785145388873,4.660211628362192,1.1162547991849925
1901,19.52.5.-30,2929,73984,7747018043488,3573951362959,4.658733204621312,1.1161210986162267
1902,19.57.-5.-15,733,18496,1938558901408,894402987043,4.657256294366867,1.1159876592965368
1903,19.58.-7.-12,2935,73984,7761453167776,3581272533385,4.655780894503264,1.1158544804603856
1904,19.60.-11.-6,1469,36992,3884335364960,1792466559299,4.654307001944399,1.1157215613452263
1905,2.14.-10.11,173,4352,44947331168,20743316207,4.6528346136136145,1.1155889011914866
1906,2.15.-12.14,23,578,60805514486,28064486633,4.651363726443666,1.115456499242557
1907,2.3.12.-22,2947,73984,7790323416352,3595914874237,4.649894337376678,1.115324354744774
1908,2.4.10.-19,1475,36992,3898770489248,1799787729725,4.648426443364113,1.1151924669474065
1909,20.52.8.-35,2953,73984,7804758540640,3603236044663,4.646960041366725,1.1150608351026414
1910,20.54.8.-36,739,18496,1952994025696,901724157469,4.645495128354528,1.1149294584655702
1911,20.55.6.-33,2959,73984,7819193664928,3610557215089,4.644031701306758,1.1147983362941734
1912,20.60.-8.-11,1481,36992,3913205613536,1807108900151,4.642569757211831,1.1146674678493083
1913,20.61.-6.-15,2965,73984,7833628789216,3617878385515,4.641109293067313,1.1145368523946932
1914,20.62.-8.-12,371,9248,980105793920,452692371341,4.639650305879876,1.1144064891968959
1915,21.55.9.-38,2971,73984,7848063913504,3625199555941,4.638192792665264,1.1142763775253168
1916,21.57.9.-39,1487,36992,3927640737824,1814430070577,4.63673675044826,1.1141465166521787
1917,21.64.-9.-11,2977,73984,7862499037792,3632520726367,4.635282176262643,1.1140169058525096
1918,21.66.-9.-12,745,18496,1967429149984,909045327895,4.633829067151154,1.1138875444041325
1919,22.58.10.-41,2983,73984,7876934162080,3639841896793,4.632377420165467,1.1137584315876499
1920,22.68.-10.-11,1493,36992,3942075862112,1821751241003,4.630927232366138,1.113629566686431
1921,23.62.9.-41,2989,73984,7891369286368,3647163067219,4.629478500822584,1.1135009489865981
1922,23.71.-9.-14,11,272,493661678032,228176478277,4.628031222613042,1.1133725777770147
1923,3.14.-7.6,2995,73984,7905804410656,3654484237645,4.626585394824531,1.1132444523492697
1924,3.15.-9.9,1499,36992,3956510986400,1829072411429,4.62514101455282,1.1131165719976674
1925,3.17.-9.8,3001,73984,7920239534944,3661805408071,4.6236980789023905,1.1129889360192124
1926,3.6.9.-18,751,18496,1981864274272,916366498321,4.622256584986407,1.1128615437135974
1927,3.7.7.-15,3007,73984,255957247072,118358921887,4.6208165299266755,1.1127343943831898
1928,3.8.9.-19,1505,36992,3970946110688,1836393581855,4.619377910853615,1.1126074873330207
1929,4.19.-10.9,3013,73984,7949109783520,3676447748923,4.617940724906216,1.11248082187077
1930,4.20.-12.12,377,9248,994540918208,460013541767,4.616504969232015,1.112354397306755
1931,4.8.12.-24,3019,73984,7963544907808,3683768919349,4.615070640987054,1.112228212953917
1932,4.9.10.-21,1511,36992,3985381234976,1843714752281,4.61363773733585,1.1121022681278097
1933,5.11.9.-20,3025,73984,7977980032096,3691090089775,4.61220625545136,1.1119765621465874
1934,5.12.11.-24,757,18496,1996299398560,923687668747,4.6107761925149475,1.11185109433099
1935,5.13.9.-21,3031,73984,7992415156384,3698411260201,4.60934754571635,1.1117258640043337
1936,5.20.-9.7,1517,36992,3999816359264,1851035922707,4.607920312253645,1.1116008704924973
1937,5.22.-9.6,3037,73984,8006850280672,3705732430627,4.606494489333219,1.1114761131239101
1938,5.23.-11.9,95,2312,250439620088,115918531745,4.605070074169731,1.11135159122954
1939,6.15.8.-20,179,4352,8021285404960,3713053601053,4.603647063986083,1.1112273041428817
1940,6.23.-8.4,1523,36992,4014251483552,1858357093133,4.602225456013387,1.1111032511999452
1941,7.-3.23.-37,3049,73984,8035720529248,3720374771479,4.60080524749093,1.110979431739242
1942,7.17.11.-26,763,18496,2010734522848,931008839173,4.5993864356661485,1.110855845101776
1943,7.20.-23.32,3055,73984,8050155653536,3727695941905,4.597969017794587,1.1107324906310303
1944,7.28.-11.7,1529,36992,4028686607840,1865678263559,4.596552991139874,1.110609367672955
1945,8.19.10.-25,3061,73984,8064590777824,3735017112331,4.595138352973687,1.1104864755759565
1946,8.20.8.-22,383,9248,1008976042496,467334712193,4.593725100575722,1.1103638136908867
1947,8.21.10.-26,3067,73984,8079025902112,3742338282757,4.59231323123366,1.1102413813710295
1948,8.28.-8.2,1535,36992,4043121732128,1872999433985,4.590902742243137,1.1101191779720911
1949,8.29.-10.5,3073,73984,8093461026400,3749659453183,4.589493630907716,1.109997202852188
1950,8.31.-10.4,769,18496,2025169647136,938330009599,4.588085894538852,1.1098754553718362
1951,9.2.23.-39,3079,73984,8107896150688,3756980623609,4.586679530455862,1.1097539348939387
1952,9.22.11.-28,1541,36992,4057556856416,1880320604411,4.585274535985894,1.1096326407837762
1953,9.25.-23.30,3085,73984,8122331274976,3764301794035,4.583870908463899,1.1095115724089948
1954,9.33.-11.5,193,4624,508096802320,235497648703,4.5824686452325984,1.109390729139595
1955,-1.-12.-7.18,773,18496,2034713047840,943210789883,4.580601078575832,1.1091732207110843
1956,-1.-13.-5.15,387,9248,1018519443200,472215492477,4.578735926356268,1.1089562416491987
1957,-1.-14.17.-23,1549,36992,4076403611360,1890082164979,4.57780425371111,1.1088479500264234
1958,-1.-14.5.-2,1551,36992,4081055288480,1892522555121,4.575942711464588,1.1086317613937255
1959,-1.-15.-9.23,97,2312,255211320440,118358921887,4.575012840313551,1.1085238639041681
1960,-1.-18.5.0,777,18496,2044016402080,948091570167,4.573154894092968,1.1083084613839194
1961,-1.-19.7.-3,389,9248,1023171120320,474655882619,4.571299337514487,1.1080935805559742
1962,-1.-24.9.-4,1557,36992,4095010319840,1899843725547,4.570372453421642,1.1079863351839607
1963,-1.-9.-5.13,1559,36992,4099661996960,1902284115689,4.568520469802894,1.1077722333435702
1964,-1.11.-5.3,1561,36992,4104313674080,1904724505831,4.56667086052277,1.1075586484743187
1965,-1.12.-7.6,1563,36992,4108965351200,1907164895973,4.564823619501015,1.1073455787037114
1966,-1.16.-7.4,1565,36992,822723405664,381921057223,4.562978740680698,1.1071330221682962
1967,-1.3.-17.28,783,18496,2057971433440,955412740593,4.562057185209638,1.1070269357839162
1968,-1.5.7.-15,49,1156,128768579500,59789558479,4.560215838385471,1.106815145626965
1969,-1.6.5.-12,785,18496,412524622112,191570626147,4.558376838721689,1.1066038640857838
1970,-1.9.7.-17,393,9248,1032474474560,479536662903,4.556540180242072,1.106393089328145
1971,-12.-22.-8.22,1573,36992,4132223736800,1919366846683,4.555622727084992,1.1062878914229906
1972,-12.-30.8.-2,787,18496,2067274787680,960293520877,4.554705856993192,1.1061828195306216
1973,-13.-23.-9.24,1575,36992,827375082784,384361447365,4.553789569226038,1.1060778734244758
1974,-13.-32.9.-3,197,4624,517400156560,240378428987,4.552873863044303,1.105973052878535
1975,-14.-22.-6.18,789,18496,2071926464800,962733911019,4.55104419248722,1.1057637875659012
1976,-14.-28.6.0,395,9248,207425230336,96395410609,4.549216839436213,1.1055550217953807
1977,-15.-24.-5.17,791,18496,2076578141920,965174301161,4.547391798027887,1.1053467537782242
1978,-15.-29.5.2,99,2312,259862997560,120799312029,4.54556906242107,1.105138981734224
1979,-15.-30.-9.27,1585,36992,832026759904,386801837507,4.544658557473909,1.1050352811481654
1980,-15.-31.-7.24,1587,36992,4164785476640,1936449577677,4.542839269665497,1.1048282497445658
1981,-15.-38.7.3,1589,36992,4169437153760,1938889967819,4.5410222731521594,1.1046217099006321
1982,-15.-39.9.0,795,18496,417176299232,194011016289,4.540114632328961,1.1045186237661158
1983,-16.-26.-4.16,199,4624,522051833680,242818819129,4.53830106195703,1.1043128179816883
1984,-16.-30.-4.18,797,18496,2090533173280,972495471587,4.536489768510207,1.1041074993957094
1985,-16.-30.4.4,399,9248,1046429505920,486857833329,4.534680746278333,1.1039026662781544
1986,-16.-32.-8.26,47,1088,2095184850400,974935861729,4.532873989572702,1.1036983169071906
1987,-16.-34.4.6,25,578,13109441806,6100975355,4.531069492725954,1.1034944495691277
1988,-16.-40.8.2,801,18496,2099836527520,977376251871,4.529267250091968,1.10329106255837
1989,-17.-28.-3.15,401,9248,1051081183040,489298223471,4.5274672560457585,1.1030881541773674
1990,-17.-31.-5.20,803,18496,2104488204640,979816642013,4.525669504983364,1.1028857227365703
1991,-17.-31.3.6,201,4624,526703510800,245259209271,4.52387399132175,1.1026837665543807
1992,-17.-32.-3.17,805,18496,421827976352,196451406431,4.5220807094987,1.1024822839571056
1993,-17.-34.-7.25,403,9248,1055732860160,491738613613,4.5202896539727115,1.1022812732789116
1994,-17.-35.3.8,807,18496,2113791558880,984697422297,4.518500819222899,1.1020807328617774
1995,-17.-36.5.5,101,2312,264514674680,123239702171,4.5167141997488836,1.1018806610554488
1996,-17.-41.7.4,809,18496,2118443236000,987137812439,4.514929790070701,1.1016810562173933
1997,-18.-30.-2.14,1619,36992,4239212310560,1975495819949,4.514038412198113,1.1015814284002763
1998,-18.-32.2.8,405,9248,212076907456,98835800751,4.513147584728692,1.101481916712754
1999,-18.-33.-4.19,811,18496,2123094913120,989578202581,4.511367578283406,1.1012832409143065
2000,-18.-34.-2.16,203,4624,531355187920,247699599413,4.509589765315503,1.1010850272024124
2001,-18.-36.-6.24,813,18496,2127746590240,992018592723,4.507814140425651,1.1008872739649769
2002,-18.-36.2.10,407,9248,1065036214400,496619393897,4.506040698234432,1.1006899795974026
2003,-18.-37.-4.21,815,18496,426479653472,198891796573,4.504269433382239,1.100493142502549
2004,-18.-37.4.7,3,68,133420256620,62229948621,4.502500340529183,1.1002967610906862
2005,-18.-40.-6.26,817,18496,2137049944480,996899373007,4.500733414354995,1.1001008337794536
2006,-18.-41.4.9,409,9248,1069687891520,499059784039,4.49896864955893,1.0999053589938177
2007,-18.-42.6.6,819,18496,2141701621600,999339763149,4.49720604085967,1.099710335166027
2008,-18.-46.6.8,205,4624,107201373008,50027997911,4.495445582995233,1.099515760735573
2009,-19.-35.-3.18,1641,36992,4290380758880,2002340111511,4.4945661589869665,1.0994186415586582
2010,-19.-36.-1.15,821,18496,2146353298720,1001780153291,4.493687270722874,1.099321634149147
2011,-19.-37.1.12,1643,36992,4295032436000,2004780501653,4.4928089175506045,1.099224738313994
2012,-19.-38.-5.23,1645,36992,859936822624,401444178359,4.491053813878075,1.0990312805968034
2013,-19.-38.3.9,823,18496,2151004975840,1004220543433,4.490177062079053,1.098934718330894
2014,-19.-39.-3.20,103,2312,269166351800,125680092313,4.488425155317461,1.0987419260280764
2015,-19.-41.-7.28,825,18496,431131330592,201332186715,4.4866753733675,1.0985495754272236
2016,-19.-42.-5.25,413,9248,1078991245760,503940564323,4.484927711081234,1.0983576650104097
2017,-19.-42.3.11,827,18496,2160308330080,1009101323717,4.4831821633294044,1.0981661932666629
2018,-19.-43.5.8,207,4624,540658542160,252580379697,4.481438725001354,1.0979751586919269
2019,-19.-47.5.10,829,18496,2164960007200,1011541713859,4.479697391004929,1.0977845597890208
2020,-19.-48.7.7,415,9248,216728584576,101276190893,4.477958156266392,1.0975943950676004
2021,-2.-11.-4.12,831,18496,2169611684320,1013982104001,4.476221015730334,1.097404663044119
2022,-2.-12.18.-26,1663,36992,4341549207200,2029184403073,4.47535322921341,1.0973099588323456
2023,-2.-14.-6.17,1665,36992,869240176864,406324958643,4.473619220542054,1.0971208730888957
2024,-2.-15.-4.14,1667,36992,4350852561440,2034065183357,4.471887293514262,1.096932216364001
2025,-2.-15.4.0,1669,36992,4355504238560,2036505573499,4.47015744313808,1.0967439871976028
2026,-2.-16.18.-24,1671,36992,4360155915680,2038945963641,4.4684296644394905,1.0965561841362654
2027,-2.-17.-8.22,1673,36992,4364807592800,2041386353783,4.466703952462327,1.0963688057331424
2028,-2.-18.-6.19,1675,36992,873891853984,408765348785,4.464980302268182,1.0961818505479357
2029,-2.-19.4.2,1677,36992,4374110947040,2046267134067,4.4632587089363325,1.0959953171468622
2030,-2.-20.6.-1,1679,36992,4378762624160,2048707524209,4.461539167563648,1.0958092041026128
2031,-2.-21.-8.24,105,2312,54763605784,25624096491,4.460680164834556,1.0957163047700254
2032,-2.-24.6.1,841,18496,2192870069920,1026184054711,4.4589636922455345,1.095530819598888
2033,-2.-25.8.-2,421,9248,1097597954240,513702124891,4.457249259434283,1.0953457512443994
2034,-2.-29.8.0,1685,36992,878543531104,411205738927,4.456392806431458,1.095253372934112
2035,-2.10.-6.5,1687,36992,4397369332640,2058469084777,4.454681424213113,1.095068927172333
2036,-2.11.-8.8,1689,36992,4402021009760,2060909474919,4.452972069699293,1.094884894726712
2037,-2.2.-18.30,1691,36992,4406672686880,2063349865061,4.451264738090695,1.0947012742080393
2038,-2.3.8.-16,1693,36992,4411324364000,2065790255203,4.449559424605037,1.0945180642333305
2039,-2.4.6.-13,1695,36992,883195208224,413646129069,4.4478561244769725,1.0943352634257923
2040,-2.6.-18.28,53,1156,138071933740,64670338763,4.447005227937479,1.0942440160311484
2041,-20.-40.-4.22,1697,36992,4420627718240,2070671035487,4.446154832958015,1.094152870414787
2042,-20.-41.-2.19,849,18496,2211476778400,1035945615279,4.445304938947641,1.0940618264063342
2043,-20.-43.-6.27,25,544,221380261696,103716581035,4.443606651475615,1.0938800425335637
2044,-20.-43.2.13,1701,36992,4429931072480,2075551815771,4.442758256837294,1.0937893023303968
2045,-20.-44.-4.24,1703,36992,4434582749600,2077992205913,4.441062962822136,1.093608124546208
2046,-20.-44.4.10,213,4624,554613573520,259901550123,4.440216062274841,1.0935176866285978
2047,-20.-48.4.12,853,18496,2220780132640,1040826395563,4.438523751182388,1.0933371119036825
2048,-20.-49.6.9,427,9248,1111552985600,521023295317,4.436833422880189,1.0931569375453043
2049,-20.-50.-8.34,1709,36992,4448537780960,2085313376339,4.43598900082454,1.0930670000872567
2050,-20.-58.8.10,855,18496,445086361952,208653357141,4.435145072727419,1.09297716222201
2051,-21.-45.-5.26,1711,36992,4453189458080,2087753766481,4.434301638011266,1.092887423784056
2052,-21.-46.-3.23,107,2312,278469706040,130560872597,4.433458696099532,1.0927977846082513
2053,-21.-49.3.14,1713,36992,4457841135200,2090194156623,4.43261624641668,1.0927082445298195
2054,-21.-50.5.11,857,18496,2230083486880,1045707175847,4.431774288388179,1.0926188033843491
2055,-21.-51.-9.36,1715,36992,892498562464,418526909353,4.430932821440504,1.0925294610077925
2056,-21.-52.-7.33,101,2176,4467144489440,2095074936907,4.4292513584985445,1.0923510719070415
2057,-21.-59.7.12,1719,36992,4471796166560,2097515327049,4.427571853022617,1.0921730759224229
2058,-21.-60.9.9,215,4624,111853050128,52468388053,4.4267328329112186,1.0920842249423814
2059,-22.-50.-6.30,1721,36992,4476447843680,2099955717191,4.425894300460476,1.091995471754552
2060,-22.-54.-6.32,1723,36992,4481099520800,2102396107333,4.424218696275731,1.0918182581097693
2061,-22.-56.6.12,431,9248,1120856339840,525904075601,4.423381623411581,1.0917297973308258
2062,-22.-60.6.14,863,18496,2244038518240,1053028346273,4.421708933321724,1.0915531670575132
2063,-23.-58.-9.39,1727,36992,4490402875040,2107276887617,4.420873314971755,1.0914649972432746
2064,-23.-59.-7.36,1729,36992,4495054552160,2109717277759,4.419203528858397,1.0912889474625926
2065,-23.-66.7.15,1731,36992,4499706229280,2112157667901,4.41753567313404,1.0911132830869963
2066,-23.-67.9.12,433,9248,1125508016960,528344465743,4.416702467773954,1.091025595030421
2067,-24.-60.-8.38,1733,36992,4504357906400,2114598058043,4.415869743340509,1.0909380028509892
2068,-24.-61.-6.35,3,64,2253341872480,1057909126557,4.415037499278844,1.0908505063913787
2069,-24.-67.6.17,1735,36992,901801916704,423407689637,4.414205735035056,1.0907631054946132
2070,-24.-68.8.14,217,4624,563916927760,264782330407,4.4133744500561995,1.090675800004058
2071,-3.-10.-13.27,1737,36992,4513661260640,2119478838327,4.412543643790286,1.0905885897634215
2072,-3.-14.19.-27,869,18496,2257993549600,1060349516699,4.411713315686279,1.0905014746167543
2073,-3.-15.21.-30,1739,36992,4518312937760,2121919228469,4.410883465194091,1.0904144544084462
2074,-3.-16.-5.16,1741,36992,4522964614880,2124359618611,4.4092251948495775,1.0902406981861688
2075,-3.-17.-3.13,1743,36992,4527616292000,2126800008753,4.407568828374994,1.0900673198584916
2076,-3.-19.-7.21,1745,36992,906453593824,425848079779,4.405914361403664,1.0898943181927063
2077,-3.-20.-5.18,1747,36992,4536919646240,2131680789037,4.404261789583919,1.0897216919614667
2078,-3.-20.3.4,1749,36992,4541571323360,2134121179179,4.402611108579026,1.0895494399427577
2079,-3.-21.17.-20,103,2176,4546223000480,2136561569321,4.4009623140671215,1.0893775609198677
2080,-3.-21.5.1,1753,36992,4550874677600,2139001959463,4.39931540174114,1.0892060536813593
2081,-3.-22.-9.26,877,18496,2276600258080,1070111077267,4.398492650055946,1.089120439104109
2082,-3.-23.-7.23,439,9248,1139463048320,535665636169,4.396848552965321,1.0889494872821948
2083,-3.-23.13.-12,1757,36992,4560178031840,2143882739747,4.3960272064923025,1.088864149737937
2084,-3.-24.15.-15,879,18496,2281251935200,1072551467409,4.395206327357275,1.0887789042389557
2085,-3.-25.5.3,55,1156,28544722172,13422145781,4.393565968976019,1.0886086887811914
2086,-3.-26.7.0,881,18496,2285903612320,1074991857551,4.391927473580266,1.0884388397208464
2087,-3.-30.7.2,441,9248,1144114725440,538106026311,4.390290836943159,1.0882693558749865
2088,-3.-31.9.-1,1765,36992,915756948064,430728860063,4.389473214342136,1.0881847505392142
2089,-3.-4.-17.31,1767,36992,4583436417440,2156084690457,4.387839357949062,1.088015812308209
2090,-3.-9.-15.30,13,272,573220282000,269663110691,4.387023123109247,1.0879314791204124
2091,-3.1.9.-17,1769,36992,4588088094560,2158525080599,4.3862073498102205,1.0878472363565679
2092,-3.10.-9.10,885,18496,459041393312,215974527567,4.385392037530319,1.087763083871178
2093,-3.2.7.-14,443,9248,1148766402560,540546416453,4.38376279394566,1.0875950491553332
2094,-3.5.-19.30,1773,36992,4597391448800,2163405860883,4.3829488616019905,1.0875111666354416
2095,-3.6.-21.33,887,18496,2299858643680,1082313027977,4.382135388199615,1.0874273738151297
2096,-3.9.-7.7,111,2312,287773060280,135441652881,4.380509816150573,1.087260056697776
2097,-4.-16.20.-28,1777,36992,4606694803040,2168286641167,4.379697716472001,1.087176532113769
2098,-4.-17.22.-31,889,18496,2304510320800,1084753418119,4.378886073670909,1.0870930966554102
2099,-4.-18.-4.15,445,9248,230683615936,108597361319,4.377264156646919,1.0869264925450743
2100,-4.-19.-2.12,891,18496,2309161997920,1087193808261,4.375644060978757,1.0867602432286885
2101,-4.-21.-6.20,223,4624,577871959120,272103500833,4.374025782580374,1.086594347573023
2102,-4.-21.2.6,893,18496,2313813675040,1089634198403,4.372409317379456,1.086428804449675
2103,-4.-22.-4.17,447,9248,1158069756800,545427196737,4.370794661317361,1.0862636127350411
2104,-4.-22.16.-18,895,18496,463693070432,218414917709,4.36918181034906,1.0860987713102925
2105,-4.-22.4.3,14,289,36262362355,17082730994,4.3675707604430745,1.0859342790613489
2106,-4.-23.18.-21,897,18496,2323117029280,1094514978687,4.365961507581417,1.085770134878855
2107,-4.-24.-8.25,449,9248,1162721433920,547867586879,4.364354047759532,1.0856063376581537
2108,-4.-25.-6.22,899,18496,2327768706400,1096955368829,4.362748376986231,1.0854428862992613
2109,-4.-26.4.5,225,4624,116504727248,54908778195,4.361144491283642,1.0852797797068447
2110,-4.-27.6.2,53,1088,2332420383520,1099395758971,4.35954238668714,1.0851170167901947
2111,-4.-28.-8.27,1803,36992,4667166605600,2200011713013,4.358742001068337,1.0850357638706938
2112,-4.-3.6.-10,1805,36992,934363656544,440490420631,4.357142560726145,1.08487351443267
2113,-4.-31.6.4,1807,36992,4676469959840,2204892493297,4.355544891636079,1.084711605963713
2114,-4.-32.8.1,1809,36992,4681121636960,2207332883439,4.353948989879438,1.0845500373891093
2115,-4.-36.8.3,905,18496,468344747552,220855307851,4.353151700530111,1.084469380227577
2116,-4.-5.-18.33,453,9248,1172024788160,552748367163,4.351558442454444,1.0843083194892864
2117,-4.-6.-16.30,907,18496,2346375414880,1106716929397,4.3499669419721565,1.0841475959782705
2118,-4.0.8.-15,1815,36992,939015333664,442930810773,4.349171849617566,1.0840673603518762
2119,-4.3.-6.8,1817,36992,4699728345440,2217094444007,4.347582978266563,1.083907140697513
2120,-4.4.-20.32,909,18496,2351027092000,1109157319539,4.346789198306571,1.0838271564064519
2121,-4.5.-22.35,107,2176,4704380022560,2219534834149,4.345995854849193,1.0837472556312024
2122,-4.8.-8.9,455,9248,235335293056,111037751461,4.34520294741462,1.083667438240905
2123,-5.-16.-15.33,911,18496,2355678769120,1111597709681,4.343618438698628,1.0835080530930985
2124,-5.-17.-1.9,913,18496,2360330446240,1114038099823,4.340454632516456,1.0831902776893887
2125,-5.-18.1.6,915,18496,472996424672,223295697993,4.337297749329274,1.0828738219159713
2126,-5.-18.21.-29,1831,36992,4732290085280,2234177175001,4.336509606703342,1.0827949132011694
2127,-5.-19.23.-32,229,4624,591826990480,279424671259,4.335721894403735,1.0827160863221421
2128,-5.-20.-3.14,917,18496,2369633800480,1118918880107,4.334147758905624,1.0825586775622416
2129,-5.-22.-11.29,1835,36992,948318687904,447811591057,4.333361334770104,1.0824800954274434
2130,-5.-23.-5.19,1837,36992,4746245116640,2241498345427,4.331789771389329,1.082323175015313
2131,-5.-23.3.5,1839,36992,4750896793760,2243938735569,4.3302199180887415,1.082166578905743
2132,-5.-24.-3.16,1841,36992,4755548470880,2246379125711,4.328651771150772,1.0820103060935127
2133,-5.-24.17.-19,1843,36992,4760200148000,2248819515853,4.327085326869965,1.081854355577555
2134,-5.-25.19.-22,1845,36992,952970365024,450251981199,4.3255205815529205,1.0816987263609352
2135,-5.-26.-7.24,1847,36992,4769503502240,2253700296137,4.32395753151824,1.08154341745083
2136,-5.-27.3.7,1849,36992,4774155179360,2256140686279,4.322396173096483,1.081388427858506
2137,-5.-28.5.4,1851,36992,4778806856480,2258581076421,4.3208365026301045,1.0812337565992987
2138,-5.-29.-9.29,463,9248,1195283173760,564950317873,4.3200572992404425,1.0811565400380134
2139,-5.-30.-7.26,927,18496,2392892186080,1131120830817,4.318500153875148,1.081002344441084
2140,-5.-31.15.-12,29,578,74850563270,35385657059,4.316944687373106,1.0808484647332741
2141,-5.-33.11.-4,1857,36992,4792761887840,2265902246847,4.316167582565258,1.080771643034325
2142,-5.-33.7.3,1859,36992,4797413564960,2268342636989,4.314614627581197,1.080618235341586
2143,-5.-37.7.5,1861,36992,4802065242080,2270783027131,4.313063342441527,1.080465141118947
2144,-5.-38.9.2,931,18496,2402195540320,1136001611101,4.3122883249418855,1.0803887112585466
2145,-5.-5.7.-11,233,4624,601130344720,284305451543,4.310739537846398,1.0802360854409971
2146,-5.-6.-19.35,933,18496,2406847217440,1138442001243,4.30919241164892,1.0800837706991846
2147,-5.-7.-17.32,467,9248,1204586528000,569831098157,4.307646942791017,1.0799317660821988
2148,-5.2.-7.10,55,1088,482299778912,228176478277,4.30610312772568,1.079780070643003
2149,-5.3.-21.34,1871,36992,4825323627680,2282984977841,4.305331839259895,1.0797043385701823
2150,-5.4.-23.37,117,2312,301728091640,142762823307,4.304560962917274,1.0796286834384172
2151,-6.-12.-18.36,937,18496,2416150571680,1143322781527,4.303020444841492,1.0794776035290974
2152,-6.-17.-16.35,469,9248,1209238205120,572271488299,4.301481569985302,1.079326829979515
2153,-6.-18.-14.32,939,18496,2420802248800,1145763171669,4.299944334846904,1.0791763618579389
2154,-6.-19.0.8,941,18496,2425453925920,1148203561811,4.296874769772142,1.0788763381907511
2155,-6.-2.-22.38,471,9248,1213889882240,574711878441,4.295342432887896,1.0787267808004892
2156,-6.-21.24.-33,1885,36992,971577073504,460013541767,4.294576874344652,1.0786521153145099
2157,-6.-24.22.-28,111,2176,4862537044640,2302508098977,4.293046974900234,1.0785030101896322
2158,-6.-25.-4.18,1889,36992,4867188721760,2304948489119,4.291518696112309,1.0783542054352562
2159,-6.-26.-2.15,1891,36992,4871840398880,2307388879261,4.2899920345509175,1.0782057001438663
2160,-6.-26.18.-20,1893,36992,4876492076000,2309829269403,4.288466986796974,1.078057493411603
2161,-6.-27.-12.33,947,18496,2439408957280,1155524732237,4.287705067032294,1.0779835017236825
2162,-6.-28.-10.30,1895,36992,976228750624,462453931909,4.286943549442225,1.0779095843382434
2163,-6.-28.2.9,1897,36992,4885795430240,2314710049687,4.285421719089203,1.0777619720271832
2164,-6.-29.-4.20,1899,36992,4890447107360,2317150439829,4.283901492351181,1.0776146555854194
2165,-6.-29.4.6,1901,36992,4895098784480,2319590829971,4.282382865852127,1.07746763412353
2166,-6.-30.18.-18,1903,36992,4899750461600,2322031220113,4.280865836226657,1.0773209067556586
2167,-6.-31.-8.28,1905,36992,980880427744,464894322051,4.279350400119994,1.077174472599495
2168,-6.-32.-6.25,1907,36992,4909053815840,2326912000397,4.277836554187923,1.0770283307762576
2169,-6.-32.14.-10,1909,36992,4913705492960,2329352390539,4.2763242950967415,1.076882480410676
2170,-6.-33.16.-13,1911,36992,4918357170080,2331792780681,4.274813619523222,1.0767369206309745
2171,-6.-33.4.8,1913,36992,4923008847200,2334233170823,4.273304524154566,1.0765916505688522
2172,-6.-38.10.0,957,18496,2462667342880,1167726682947,4.272550568014653,1.0765191239114853
2173,-6.-38.6.7,479,9248,1232496590720,584473439009,4.271043836764498,1.0763742868052306
2174,-6.-39.12.-3,1917,36992,4932312201440,2339113951107,4.270291060832528,1.0763019761414214
2175,-6.-39.8.4,1919,36992,4936963878560,2341554341249,4.268786686305298,1.076157570056738
2176,-6.-7.8.-12,15,289,7717640183,3660585213,4.26803508689216,1.0760854744222228
2177,-6.-8.-18.34,961,18496,2471970697120,1172607463231,4.266533061726928,1.0759414974363302
2178,-6.1.-8.12,1923,36992,4946267232800,2346435121533,4.2657826351607815,1.0758696158725816
2179,-6.3.-24.39,481,9248,1237148267840,586913829151,4.265032598730637,1.075797805453734
2180,-7.-13.-19.38,963,18496,2476622374240,1175047853373,4.2635336946572195,1.0756543976283122
2181,-7.-14.-17.35,241,4624,619737053200,294067012111,4.262036346270717,1.0755112731172907
2182,-7.-25.21.-26,965,18496,496254810272,235497648703,4.260540550345236,1.0753684310812281
2183,-7.-26.23.-29,483,9248,1241799944960,589354219293,4.259046303664905,1.075225870683999
2184,-7.-27.-3.17,967,18496,2485925728480,1179928633657,4.257553603023838,1.075083591092777
2185,-7.-28.-1.14,121,2312,311031445880,147643603591,4.2560624452260845,1.074941591478019
2186,-7.-28.-13.35,57,1088,2490577405600,1182369023799,4.254572827085598,1.0747998710134488
2187,-7.-29.-11.32,485,9248,249290324416,118358921887,4.253084745426189,1.0746584288760412
2188,-7.-29.1.11,971,18496,2495229082720,1184809413941,4.251598197081487,1.074517264246006
2189,-7.-3.-23.40,243,4624,624388730320,296507402253,4.250113178894898,1.074376376306771
2190,-7.-30.-5.22,973,18496,2499880759840,1187249804083,4.248629687719568,1.0742357642449691
2191,-7.-30.3.8,487,9248,1251103299200,594234999577,4.2471477204183365,1.0740954272504188
2192,-7.-31.-3.19,975,18496,500906487392,237938038845,4.245667273863706,1.0739553645161117
2193,-7.-31.17.-16,61,1156,156678642220,74431899331,4.244188344937792,1.0738155752381948
2194,-7.-32.19.-19,977,18496,2509184114080,1192130584367,4.242710930532294,1.0736760586159573
2195,-7.-33.-11.34,115,2176,1004138813344,477096272761,4.241972790305964,1.0736064023013505
2196,-7.-33.-7.27,1957,36992,5025345743840,2387921753947,4.240497641873875,1.0734672931681304
2197,-7.-34.-5.24,1959,36992,5029997420960,2390362144089,4.2390240002330914,1.0733284547024515
2198,-7.-34.3.10,1961,36992,5034649098080,2392802534231,4.23755186230853,1.073189886114475
2199,-7.-35.5.7,1963,36992,5039300775200,2395242924373,4.236081225034508,1.073051586617436
2200,-7.-39.5.9,1965,36992,1008790490464,479536662903,4.23461208535471,1.0729135554276252
2201,-7.-4.-21.37,1967,36992,5048604129440,2400123704657,4.233144440222149,1.0727757917643783
2202,-7.-40.11.-1,1969,36992,5053255806560,2402564094799,4.231678286599125,1.0726382948500572
2203,-7.-40.7.6,1971,36992,5057907483680,2405004484941,4.230213621457193,1.0725010639100383
2204,-7.-41.13.-4,1973,36992,5062559160800,2407444875083,4.2287504417771205,1.0723640981726963
2205,-7.-44.11.1,987,18496,2532442499680,1204332535077,4.228019408044281,1.0722957145147127
2206,-8.-14.-20.40,1975,36992,1013442167584,481977053045,4.227288744548851,1.0722273968693907
2207,-8.-15.-18.37,1977,36992,5071862515040,2412325655367,4.225828526771471,1.07209095923445
2208,-8.-19.-18.39,989,18496,2537094176800,1206772925219,4.225098971741568,1.0720228390541529
2209,-8.-24.-16.38,1979,36992,5076514192160,2414766045509,4.224369785453167,1.0719547845051591
2210,-8.-26.0.11,1983,36992,5085817546400,2419646825793,4.221456720271831,1.071683220727356
2211,-8.-27.22.-27,1985,36992,1018093844704,484417443187,4.220002390470358,1.0715478301680625
2212,-8.-28.24.-30,993,18496,2546397531040,1211653705503,4.219275774972305,1.0714802323917647
2213,-8.-29.-2.16,497,9248,1274361684800,606436950287,4.217823640938393,1.0713452313778233
2214,-8.-30.-12.34,995,18496,510209841632,242818819129,4.216372967069668,1.071210489126793
2215,-8.-30.0.13,249,4624,638343761680,303828572679,4.214923750432598,1.0710760048948254
2216,-8.-31.2.10,997,18496,2555700885280,1216534485787,4.213475988102483,1.0709417779409223
2217,-8.-32.-4.21,499,9248,1279013361920,608877340429,4.212029677163418,1.0708078075269223
2218,-8.-33.-2.18,1997,36992,5118379286240,2436729556787,4.211307065056706,1.0707409182924832
2219,-8.-33.18.-17,1999,36992,5123030963360,2439169946929,4.209862925756052,1.0706073313104592
2220,-8.-34.-12.36,125,2312,64066960024,30504876775,4.209141397838592,1.0705406333800918
2221,-8.-34.20.-20,2001,36992,5127682640480,2441610337071,4.208420230594937,1.070473999035258
2222,-8.-35.-10.33,2003,36992,5132334317600,2444050727213,4.206978976687971,1.0703409207385421
2223,-8.-35.-6.26,2005,36992,1027397198944,489298223471,4.205539161158396,1.070208095694749
2224,-8.-35.2.12,59,1088,2569655916640,1223855656213,4.204819791888498,1.0701417779167168
2225,-8.-36.-4.23,2007,36992,5141637671840,2448931507497,4.204100781138061,1.070075523181081
2226,-8.-36.4.9,2009,36992,5146289348960,2451371897639,4.202663833767387,1.0699432024774886
2227,-8.-37.18.-15,1005,18496,514861518752,245259209271,4.201945896434387,1.0698771363302044
2228,-8.-39.-6.28,2011,36992,5150941026080,2453812287781,4.201228316195327,1.0698111328666606
2229,-8.-4.-24.42,503,9248,1288316716160,613758120713,4.200511092695152,1.0697451919976186
2230,-8.-40.16.-10,2013,36992,5155592703200,2456252677923,4.199794225579339,1.0696793136340093
2231,-8.-40.4.11,1007,18496,2578959270880,1228736436497,4.199077714493894,1.0696134976869331
2232,-8.-41.6.8,63,1156,161330319340,76872289473,4.197645759000762,1.069482052687622
2233,-8.-42.12.-2,1009,18496,2583610948000,1231176826639,4.196215223394321,1.0693508562918514
2234,-8.-45.10.3,505,9248,258593678656,123239702171,4.194786104861522,1.0692199077944662
2235,-8.-45.6.10,2021,36992,5174199411680,2466014238491,4.194072076120944,1.0691545262880366
2236,-8.-46.12.0,1011,18496,2588262625120,1233617216781,4.193358400597664,1.069089206492978
2237,-8.-5.-22.39,253,4624,647647115920,308709352963,4.191932107806369,1.0689587516875514
2238,-9.-16.-19.39,2025,36992,1036700553184,494179003755,4.1912194898413295,1.0688936165028857
2239,-9.-26.-15.37,1013,18496,2592914302240,1236057606923,4.190507223699541,1.0688285426809931
2240,-9.-27.-1.13,2027,36992,5188154443040,2473335408917,4.18979530903378,1.068763530135136
2241,-9.-28.1.10,507,9248,1297620070400,618638900997,4.189083745497339,1.0686985787787386
2242,-9.-29.23.-28,2029,36992,5192806120160,2475775799059,4.18837253274402,1.0686336885253893
2243,-9.-34.-3.20,1015,18496,519513195872,247699599413,4.18766167042814,1.0685688592888392
2244,-9.-35.19.-18,2031,36992,5197457797280,2478216189201,4.186951158204526,1.068504090983001
2245,-9.-36.-11.35,127,2312,324986477240,154964774017,4.186240995728513,1.0684393835219506
2246,-9.-37.-5.25,2033,36992,5202109474400,2480656579343,4.1855311826559465,1.068374736819924
2247,-9.-37.3.11,1017,18496,2602217656480,1240938387207,4.184821718643179,1.06831015079132
2248,-9.-40.-7.30,2035,36992,1041352230304,496619393897,4.18411260334707,1.0682456253506973
2249,-9.-41.15.-8,509,9248,1302271747520,621079291139,4.183403836424984,1.0681811604127749
2250,-9.-42.5.10,2037,36992,5211412828640,2485537359627,4.182695417534791,1.068116755892433
2251,-9.-47.11.2,1019,18496,2606869333600,1243378777349,4.181987346334865,1.0680524117047103
2252,-9.-47.7.9,2039,36992,5216064505760,2487977749769,4.181279622484082,1.0679881277648056
2253,-9.-6.-23.41,15,272,130459758608,62229948621,4.180572245641821,1.0679239039880761
2254,0.-10.-8.19,1021,18496,2611521010720,1245819167491,4.179158531622877,1.0677956365863661
2255,0.-11.-6.16,511,9248,1306923424640,623519681281,4.177746201563058,1.0676676088256054
2256,0.-12.4.-1,1023,18496,2616172687840,1248259557633,4.17633525275535,1.0675398200343396
2257,0.-13.6.-4,16,289,40914039475,19523121136,4.174925682500679,1.0674122695436221
2258,0.-14.-8.21,2049,36992,5239322891360,2500179700479,4.174221413489432,1.0673485834526057
2259,0.-17.6.-2,2051,36992,5243974568480,2502620090621,4.172813906020827,1.0672213891638924
2260,0.-18.8.-5,2053,36992,5248626245600,2505060480763,4.171407770392077,1.0670944315142559
2261,0.-22.8.-3,1027,18496,2625476042080,1253140337917,4.170705216182483,1.0670310412226638
2262,0.-7.-6.14,257,4624,656950470160,313590133247,4.169301133306801,1.066904437294422
2263,0.-8.-4.11,1029,18496,2630127719200,1255580728059,4.16789841560671,1.0667780683592065
2264,0.10.8.-19,515,9248,263245355776,125680092313,4.166497060430098,1.066651933762876
2265,0.11.6.-16,1031,18496,2634779396320,1258021118201,4.165097065132571,1.0665260328537147
2266,0.12.-4.1,129,2312,329638154360,157405164159,4.163698427077425,1.0664003649824243
2267,0.13.-6.4,1033,18496,2639431073440,1260461508343,4.162301143635619,1.0662749295021108
2268,0.14.8.-21,2067,36992,5281187985440,2522143211757,4.161603009075232,1.066212298707071
2269,0.17.-6.2,2069,36992,5285839662560,2524583601899,4.1602077526406696,1.0660872106055308
2270,0.18.-8.5,2071,36992,5290491339680,2527023992041,4.158813844280167,1.0659623532881823
2271,0.22.-8.3,259,4624,661602147280,316030523389,4.158117394814125,1.0659000109739365
2272,0.7.6.-14,61,1088,2648734427680,1265342288627,4.156725503687453,1.0657754986363048
2273,0.8.4.-11,519,9248,1325530133120,633281241849,4.155334954142798,1.0656512154908682
2274,1.-11.5.-3,1039,18496,2653386104800,1267782678769,4.153945743596467,1.0655271609049317
2275,1.-12.7.-6,65,1156,33196399292,15862535923,4.152557869472225,1.0654033342481275
2276,1.-16.7.-4,1041,18496,2658037781920,1270223068911,4.1511713292012615,1.0652797348924066
2277,1.-3.17.-28,2083,36992,5318401402400,2541666332893,4.150478558460032,1.0652180202568173
2278,1.-5.-7.15,2085,36992,1064610615904,508821344607,4.149094014168653,1.065094760680171
2279,1.-6.-5.12,2087,36992,5327704756640,2546547113177,4.147710797340844,1.0649717268445533
2280,1.-9.-7.17,2089,36992,5332356433760,2548987503319,4.14632890543357,1.064848918129943
2281,1.12.7.-18,123,2176,5337008110880,2551427893461,4.144948335911099,1.0647263339185886
2282,1.13.5.-15,2093,36992,5341659788000,2553868283603,4.14356908624497,1.0646039735949984
2283,1.14.-17.23,1047,18496,2671992813280,1277544239337,4.14287995556987,1.0645428771993892
2284,1.14.-5.2,131,2312,334289831480,159845554301,4.141502680963229,1.0644208515583167
2285,1.15.9.-23,2097,36992,5350963142240,2558749063887,4.140814536404086,1.0643599221603819
2286,1.18.-5.0,2099,36992,5355614819360,2561189454029,4.139439231208525,1.0642382298295787
2287,1.19.-7.3,2101,36992,5360266496480,2563629844171,4.138065235827633,1.064116758946966
2288,1.24.-9.4,1051,18496,2681296167520,1282425019621,4.137378728538501,1.0640561063597864
2289,1.9.5.-13,263,4624,670905501520,320911303673,4.136006693208376,1.0639349665169966
2290,12.22.8.-22,2105,36992,1073913970144,513702124891,4.13532116454692,1.0638744791111232
2291,12.30.-8.2,1053,18496,2685947844640,1284865409763,4.134635961474962,1.06381404661565
2292,13.23.9.-24,2107,36992,5374221527840,2570951014597,4.133951083683373,1.0637536689557863
2293,13.32.-9.3,31,544,1344136841600,643042802417,4.133266530863464,1.0636933460568778
2294,14.22.6.-18,1055,18496,538119904352,257461159981,4.131898398906131,1.0635728642439852
2295,14.28.-6.0,33,578,84153917510,40266437343,4.130531563142226,1.063452600582441
2296,15.24.5.-17,1057,18496,2695251198880,1289746190047,4.129166021117996,1.0633325544798682
2297,15.29.-5.-2,529,9248,1348788518720,645483192559,4.127801770386653,1.0632127253460344
2298,15.30.9.-27,2117,36992,5397479913440,2583152965307,4.12712012849309,1.0631528919585307
2299,15.31.7.-24,2119,36992,5402131590560,2585593355449,4.125757810128509,1.0630333871757855
2300,15.38.-7.-3,2121,36992,5406783267680,2588033745591,4.124396776970124,1.0629140978955152
2301,15.39.-9.0,1061,18496,2704554553120,1294626970331,4.123716741585914,1.0628545338866
2302,16.26.4.-16,531,9248,1353440195840,647923582701,4.122357631696525,1.0627355667679423
2303,16.30.-4.-4,1063,18496,2709206230240,1297067360473,4.120999800969574,1.062616813698687
2304,16.30.4.-18,133,2312,338941508600,162285944443,4.119643246999489,1.0624982741012656
2305,16.32.8.-26,1065,18496,542771581472,259901550123,4.118287967387478,1.0623799474001867
2306,16.34.-4.-6,533,9248,1358091872960,650363972843,4.116933959741503,1.0622618330220273
2307,16.40.-8.-2,1067,18496,2718509584480,1301948140757,4.115581221676254,1.0621439303954232
2308,17.28.3.-15,267,4624,680208855760,325792083957,4.1142297508131245,1.0620262389510602
2309,17.31.-3.-6,1069,18496,2723161261600,1304388530899,4.1128795447801885,1.0619087581216642
2310,17.31.5.-20,535,9248,272548710016,130560872597,4.11153060121217,1.0617914873419925
2311,17.32.3.-17,63,1088,2727812938720,1306828921041,4.110182917750423,1.0616744260488242
2312,17.34.7.-25,67,1156,170633673580,81753069757,4.108836492042906,1.0615575736809524
2313,17.35.-3.-8,1073,18496,2732464615840,1309269311183,4.107491321744157,1.0614409296791738
2314,17.36.-5.-5,537,9248,1367395227200,655244753127,4.106147404515267,1.0613244934862807
2315,17.41.-7.-4,1075,18496,547423258592,262341940265,4.104804738023856,1.0612082645470513
2316,18.30.2.-14,2151,36992,5476558424480,2624639597721,4.104133873077618,1.0611502276245945
2317,18.32.-2.-8,269,4624,684860532880,328232474099,4.103463319944055,1.0610922423082416
2318,18.33.4.-19,1077,18496,2741767970080,1314150091467,4.102123147956472,1.0609764262185761
2319,18.34.2.-16,539,9248,1372046904320,657685143269,4.100784219748173,1.0608608157287398
2320,18.36.-2.-10,1079,18496,2746419647200,1316590481609,4.099446533012662,1.060745410291368
2321,18.36.6.-24,135,2312,68718637144,32945266917,4.098110085449848,1.0606302093610394
2322,18.37.-4.-7,1081,18496,2751071324320,1319030871751,4.096774874766028,1.0605152123942663
2323,18.37.4.-21,541,9248,1376698581440,660125533411,4.095440898673863,1.0604004188494862
2324,18.40.6.-26,1083,18496,2755723001440,1321471261893,4.094108154892352,1.0602858281870542
2325,18.41.-4.-9,271,4624,689512210000,330672864241,4.092776641146807,1.0601714398692326
2326,18.42.-6.-6,1085,18496,552074935712,264782330407,4.091446355168837,1.0600572533601844
2327,18.46.-6.-8,543,9248,1381350258560,662565923553,4.090117294696317,1.0599432681259644
2328,19.35.3.-18,2173,36992,5527726872800,2651483889283,4.089453223319396,1.059886350820572
2329,19.36.1.-15,1087,18496,2765026355680,1326352042177,4.08878945747337,1.0598294836345101
2330,19.37.-1.-12,2175,36992,1106475709984,530784855885,4.088125996877226,1.0597726665015632
2331,19.38.-3.-9,1,17,43239878035,20743316207,4.087462841250339,1.059715899355634
2332,19.38.5.-23,1089,18496,2769678032800,1328792432319,4.086137443783772,1.059602514761015
2333,19.39.3.-20,545,9248,277200387136,133001262739,4.0848132628363905,1.0594893293241916
2334,19.41.7.-28,1091,18496,2774329709920,1331232822461,4.083490296177072,1.059376342520551
2335,19.42.-3.-11,273,4624,694163887120,333113254383,4.082168541580827,1.0592635538273232
2336,19.42.5.-25,1093,18496,2778981387040,1333673212603,4.0808479968287745,1.059150962723573
2337,19.43.-5.-8,547,9248,1390653612800,667446703837,4.079528659708123,1.05903856869019
2338,19.47.-5.-10,1095,18496,556726612832,267222720549,4.078210528012143,1.0589263712098826
2339,19.48.-7.-7,137,2312,348244862840,167166724727,4.076893599540152,1.0588143697671693
2340,2.-10.6.-5,1097,18496,2788284741280,1338553992887,4.075577872097486,1.05870256384837
2341,2.-11.8.-8,549,9248,1395305289920,669887093979,4.07426334349548,1.0585909529415993
2342,2.-2.18.-30,1099,18496,2792936418400,1340994383029,4.072950011551447,1.0584795365367585
2343,2.-3.-8.16,275,4624,139763112848,67110728905,4.0716378740886565,1.0583683141255276
2344,2.-4.-6.13,1101,18496,2797588095520,1343434773171,4.07032692893631,1.0582572852013568
2345,2.-6.18.-28,2203,36992,5597502029600,2688089741413,4.069671902799795,1.0582018431391047
2346,2.11.4.-12,2205,36992,1120430741344,538106026311,4.068362742055796,1.0580911034995992
2347,2.12.-18.26,1103,18496,2802239772640,1345875163313,4.067708606909296,1.0580358057968071
2348,2.14.6.-17,69,1156,175285350700,84193459899,4.06640122572251,1.0579253543121148
2349,2.15.-4.0,65,1088,561378289952,269663110691,4.065095028221885,1.0578150943058406
2350,2.15.4.-14,553,9248,1404608644160,674767874263,4.063790012265971,1.057705025280175
2351,2.16.-18.24,1107,18496,2811543126880,1350755943597,4.062486175719127,1.0575951467390334
2352,2.17.8.-22,277,4624,703467241360,337994034667,4.06118351645149,1.057485458188049
2353,2.18.6.-19,1109,18496,2816194804000,1353196333739,4.059882032338969,1.0573759591345655
2354,2.19.-4.-2,555,9248,281852064256,135441652881,4.05858172126321,1.05726664908763
2355,2.20.-6.1,1111,18496,2820846481120,1355636723881,4.057282581111587,1.0571575275579834
2356,2.21.8.-24,2223,36992,5644018800800,2712493642833,4.056633449473689,1.057103037334713
2357,2.24.-6.-1,2225,36992,1129734095584,542986806595,4.055336061759556,1.0569941976673334
2358,2.25.-8.2,131,2176,5653322155040,2717374423117,4.054039839712889,1.0568855453014694
2359,2.29.-8.0,557,9248,1413911998400,679648654547,4.0533921651606475,1.056831289205484
2360,20.40.4.-22,2229,36992,5657973832160,2719814813259,4.052744781240927,1.0567770797537397
2361,20.41.2.-19,1115,18496,566029967072,272103500833,4.052097687693012,1.0567229168860737
2362,20.43.-2.-13,2231,36992,5662625509280,2722255203401,4.051450884256538,1.056668800542427
2363,20.43.6.-27,2233,36992,5667277186400,2724695593543,4.050158146678205,1.0565607071874688
2364,20.44.-4.-10,1117,18496,2834801512480,1362957894307,4.049512212017364,1.0565067300565543
2365,20.44.4.-24,559,9248,1418563675520,682089044689,4.0482212096574886,1.0563989145896164
2366,20.48.-4.-12,1119,18496,2839453189600,1365398284449,4.046931361524285,1.0562912837860756
2367,20.49.-6.-9,35,578,17761118926,8541365497,4.045642665555713,1.05618383717161
2368,20.50.8.-34,2241,36992,5685883894880,2734457154111,4.044998748990285,1.0561301827874985
2369,20.58.-8.-10,1121,18496,2844104866720,1367838674591,4.044355119695252,1.0560765742735205
2370,21.45.5.-26,2243,36992,5690535572000,2736897544253,4.043711777414407,1.056023011570841
2371,21.46.3.-23,33,544,1423215352640,684529434831,4.043068721891886,1.0559694946207263
2372,21.49.-3.-14,2245,36992,1139037449824,547867586879,4.042425952872169,1.0559160233645426
2373,21.50.-5.-11,1123,18496,2848756543840,1370279064733,4.041783470100078,1.055862597743756
2374,21.51.9.-36,2247,36992,5699838926240,2741778324537,4.041141273320772,1.0558092176999339
2375,21.52.7.-33,2249,36992,5704490603360,2744218714679,4.039857736722862,1.0557025941099472
2376,21.59.-7.-12,2251,36992,5709142280480,2746659104821,4.038575341046523,1.0555961521291064
2377,21.60.-9.-9,563,9248,1427867029760,686969824973,4.0379345704204495,1.0555429990970884
2378,22.50.6.-30,2253,36992,5713793957600,2749099494963,4.037294084265251,1.0554898912935224
2379,22.54.6.-32,2255,36992,1143689126944,550307977021,4.036013964357935,1.0553838111408855
2380,22.56.-6.-12,141,2312,357548217080,172047505011,4.035374330101885,1.055330838676631
2381,22.60.-6.-14,1129,18496,2862711575200,1377600235159,4.034095911727678,1.0552250286850227
2382,23.58.9.-39,2259,36992,5727748988960,2756420665389,4.033457127107594,1.0551721910430718
2383,23.59.7.-36,133,2176,5732400666080,2758861055531,4.03218040574915,1.055066650181113
2384,23.66.-7.-15,2263,36992,5737052343200,2761301445673,4.030904813233787,1.0549612881685235
2385,23.67.-9.-12,283,4624,717422272720,345315205093,4.030267439668797,1.0549086740886473
2386,24.60.8.-38,2265,36992,1148340804064,552748367163,4.029630347567082,1.0548561045507918
2387,24.61.6.-35,1133,18496,2872014929440,1382481015443,4.028993536680163,1.0548035794983839
2388,24.67.-6.-17,2267,36992,5746355697440,2766182225957,4.028357006759893,1.0547510988749453
2389,24.68.-8.-14,567,9248,1437170384000,691850605257,4.02772075755845,1.0546986626240946
2390,3.-1.-9.17,2269,36992,5751007374560,2768622616099,4.027084788828342,1.0546462706895445
2391,3.-10.9.-10,1135,18496,575333321312,276984281117,4.026449100322401,1.0545939230151045
2392,3.-2.-7.14,71,1156,179937027820,86633850041,4.025178562995997,1.054489360222262
2393,3.-5.19.-30,2273,36992,5760310728800,2773503396383,4.024543713682831,1.054437144991951
2394,3.-6.21.-33,1137,18496,2881318283680,1387361795727,4.023909143608431,1.0543849737979325
2395,3.-9.7.-7,569,9248,1441822061120,694290995399,4.0226408401940965,1.054280763295992
2396,3.10.13.-27,2277,36992,5769614083040,2778384176667,4.022007106364057,1.0542287238769157
2397,3.14.-19.27,67,1088,2885969960800,1389802185869,4.021373650792567,1.0541767282718213
2398,3.15.-21.30,2279,36992,5774265760160,2780824566809,4.0207404732353815,1.0541247764253654
2399,3.16.5.-16,2281,36992,5778917437280,2783264956951,4.019474951188541,1.0540210037874622
2400,3.17.3.-13,2283,36992,5783569114400,2785705347093,4.018210538275977,1.0539174055223193
2401,3.19.7.-21,2285,36992,1157644158304,557629147447,4.016947232555247,1.0538139811905318
2402,3.20.-3.-4,2287,36992,5792872468640,2790586127377,4.0156850320890065,1.053710730354172
2403,3.20.5.-18,2289,36992,5797524145760,2793026517519,4.014423934944992,1.0536076525767806
2404,3.21.-17.20,2291,36992,5802175822880,2795466907661,4.013163939196004,1.0535047474233636
2405,3.21.-5.-1,2293,36992,5806827500000,2797907297803,4.011905042919885,1.0534020144603828
2406,3.22.9.-26,1147,18496,2904576669280,1399563746437,4.011276006484854,1.0533507124152226
2407,3.23.-13.12,135,2176,1162295835424,560069537589,4.010647244199508,1.0532994532557525
2408,3.23.7.-23,2297,36992,5816130854240,2802788078087,4.009390541122755,1.0531970633788323
2409,3.24.-15.15,1149,18496,2909228346400,1402004136579,4.008762599854566,1.0531459325540815
2410,3.25.-5.-3,575,9248,291155418496,140322433165,4.007507536668941,1.0530437988644215
2411,3.26.-7.0,1151,18496,2913880023520,1404444526721,4.006253564368448,1.0529418354321534
2412,3.30.-7.-2,18,289,45565716595,21963511278,4.005000681058367,1.0528400418316475
2413,3.31.-9.1,2305,36992,1166947512544,562509927731,4.004374647183979,1.052789208585684
2414,3.4.17.-31,2307,36992,5839389239840,2814990028797,4.003123393817696,1.0526876689378677
2415,3.9.15.-30,577,9248,1460428769600,704052555967,4.002498173855196,1.0526369624304914
2416,4.-3.6.-8,1155,18496,584636675552,281865061401,4.0012485461972584,1.0525356757856505
2417,4.-4.20.-32,2311,36992,5848692594080,2819870809081,4.000624138033048,1.0524850955431888
2418,4.-5.22.-35,1,16,731377304080,352636375519,4.0,1.0524345572841793
2419,4.-8.8.-9,2313,36992,5853344271200,2822311199223,3.999376131864488,1.052384060956342
2420,4.0.-8.15,1157,18496,2927835054880,1411765697147,3.998752533393189,1.0523336065074818
2421,4.16.-20.28,2315,36992,1171599189664,564950317873,3.99812920435308,1.0522831938854917
2422,4.17.-22.31,579,9248,1465080446720,706492946109,3.9975061445114424,1.0522328230383506
2423,4.18.4.-15,1159,18496,2932486732000,1414206087289,3.9962608314942067,1.0521322064609617
2424,4.19.2.-12,145,2312,73370314264,35385657059,3.995016592485744,1.0520317563608697
2425,4.21.-2.-6,1161,18496,2937138409120,1416646477431,3.9937734256351125,1.0519314723249993
2426,4.21.6.-20,581,9248,1469732123840,708933336251,3.99253132909615,1.0518313539416435
2427,4.22.-16.18,1163,18496,2941790086240,1419086867573,3.9912903010274605,1.0517314008004548
2428,4.22.-4.-3,291,4624,736028981200,355076765661,3.9900503395923947,1.0516316124924405
2429,4.22.4.-17,1165,18496,589288352672,284305451543,3.9888114429590362,1.0515319886099586
2430,4.23.-18.21,583,9248,1474383800960,711373726393,3.9875736093001826,1.0514325287467088
2431,4.24.8.-25,1167,18496,2951093440480,1423967647857,3.9863368367933307,1.0513332324977316
2432,4.25.6.-22,73,1156,184588704940,89074240183,3.9851011236206615,1.0512340994593985
2433,4.26.-4.-5,1169,18496,2955745117600,1426408037999,3.9838664679690226,1.0511351292294087
2434,4.27.-6.-2,585,9248,295807095616,142762823307,3.9826328680299117,1.0510363214067837
2435,4.28.8.-27,2341,36992,5918467750880,2856476661211,3.9820164633886663,1.0509869782732875
2436,4.3.-6.10,2343,36992,5923119428000,2858917051353,3.9807844436375435,1.0508884133127525
2437,4.31.-6.-4,2345,36992,1185554221024,572271488299,3.9795534750979398,1.0507900097628833
2438,4.32.-8.-1,2347,36992,5932422782240,2863797831637,3.9783235559775085,1.050691767227285
2439,4.36.-8.-3,587,9248,1483687155200,716254506677,3.9777089893906266,1.0506427062163188
2440,4.5.18.-33,1175,18496,593940029792,286745841685,3.9764806410483167,1.050544704461723
2441,4.6.16.-30,147,2312,371503248440,179368675437,3.975253337664314,1.050446862736077
2442,5.-2.7.-10,1177,18496,2974351826080,1436169598567,3.974027077462235,1.0503491806475036
2443,5.-3.21.-34,2355,36992,1190205898144,574711878441,3.9734143380005333,1.0503003993450082
2444,5.-4.23.-37,589,9248,1488338832320,718694896819,3.972801858670218,1.0502516578054064
2445,5.16.15.-33,1179,18496,2979003503200,1438609988709,3.9715776795209163,1.0501542938204622
2446,5.17.1.-9,1181,18496,2983655180320,1441050378851,3.9691324331035216,1.049960040871079
2447,5.18.-1.-6,1183,18496,2988306857440,1443490768993,3.9666913241608905,1.0497664187100517
2448,5.18.-21.29,2367,36992,5978939553440,2888201733057,3.966081691766064,1.0497181113703598
2449,5.19.-23.32,37,578,93457271750,45147217627,3.965472316871729,1.0496698432152531
2450,5.20.3.-14,1185,18496,598591706912,289186231827,3.9642543387150573,1.049573424268133
2451,5.22.11.-29,2371,36992,5988242907680,2893082513341,3.963645735018671,1.0495252733809823
2452,5.23.-3.-5,2373,36992,5992894584800,2895522903483,3.962429297306731,1.049429088542236
2453,5.23.5.-19,2375,36992,1199509252384,579592658725,3.9612138843950064,1.0493330593021053
2454,5.24.-17.19,2377,36992,6002197939040,2900403683767,3.959999494558244,1.0492371852831148
2455,5.24.3.-16,2379,36992,6006849616160,2902844073909,3.958786126075544,1.0491414661090095
2456,5.25.-19.22,2381,36992,6011501293280,2905284464051,3.957573777230345,1.0490459014047497
2457,5.26.7.-24,2383,36992,6016152970400,2907724854193,3.956362446310408,1.0489504907965066
2458,5.27.-3.-7,2385,36992,1204160929504,582033048867,3.955152131607805,1.048855233911658
2459,5.28.-5.-4,2387,36992,6025456324640,2912605634477,3.9539428314189022,1.048760130378782
2460,5.29.9.-29,597,9248,1506945540800,728456457387,3.953338561235874,1.048712636003592
2461,5.30.7.-26,1195,18496,603243384032,291626621969,3.952130779632568,1.0486177618048753
2462,5.31.-15.12,299,4624,754635689680,364838326229,3.950924008302574,1.0485230400348007
2463,5.33.-11.4,2393,36992,6039411356000,2919926804903,3.95032100096218,1.048475736195691
2464,5.33.-7.-3,2395,36992,1208812606624,584473439009,3.9491157418771365,1.0483812423803438
2465,5.37.-7.-5,141,2176,6048714710240,2924807585187,3.947911488851546,1.04828690007771
2466,5.38.-9.-2,1199,18496,3025520274400,1463013890129,3.9473097390864553,1.0482397856297658
2467,5.5.-7.11,75,1156,37848076412,18302926065,3.946106992004798,1.0481456699134748
2468,5.6.19.-35,1201,18496,3030171951520,1465454280271,3.9449052467950447,1.048051704801295
2469,5.7.17.-32,601,9248,1516248895040,733337237671,3.9437045017894934,1.047957889931822
2470,6.-1.8.-12,2405,36992,1213464283744,586913829151,3.9431045038432746,1.0479110387254775
2471,6.-3.24.-39,1203,18496,3034823628640,1467894670413,3.9425047553246024,1.047864224944806
2472,6.12.18.-36,301,4624,759287366800,367278716371,3.941306005740977,1.0477707094811501
2473,6.17.16.-35,1205,18496,607895061152,294067012111,3.940108251383355,1.0476773431829025
2474,6.18.14.-32,603,9248,1520900572160,735777627813,3.938911490600594,1.0475841256932554
2475,6.19.0.-8,151,2312,380806602680,184249455721,3.9365209431756,1.047398135718211
2476,6.2.22.-38,1209,18496,3048778660000,1475215840839,3.9353271532515555,1.0473053625248667
2477,6.21.-24.33,2419,36992,6099883158560,2951651876749,3.9347306285207537,1.0472590312224306
2478,6.24.-22.28,2421,36992,6104534835680,2954092266891,3.9335383185017423,1.0471664789863762
2479,6.25.4.-18,2423,36992,6109186512800,2956532657033,3.9323469930493324,1.04707407361669
2480,6.26.-18.20,2425,36992,1222767637984,591794609435,3.9311566505388265,1.0469818147638785
2481,6.26.2.-15,2427,36992,6118489867040,2961413437317,3.929967289349545,1.0468897020795558
2482,6.27.12.-33,607,9248,1530203926400,740658408097,3.9293729762449967,1.0468437004420097
2483,6.28.-2.-9,1215,18496,612546738272,296507402253,3.9281850840075356,1.0467518063596124
2484,6.28.10.-30,143,2176,6127793221280,2966294217601,3.92759150447195,1.0467059138283537
2485,6.29.-4.-6,2433,36992,6132444898400,2968734607743,3.9264050775622494,1.046614237570207
2486,6.29.4.-20,2435,36992,1227419315104,594234999577,3.9252196255309744,1.046522706098007
2487,6.30.-18.18,2437,36992,6141748252640,2973615388027,3.9240351467773382,1.0464313190688455
2488,6.31.8.-28,2439,36992,6146399929760,2976055778169,3.922851639704495,1.0463400761408979
2489,6.32.-14.10,2441,36992,6151051606880,2978496168311,3.921669102719525,1.0462489769734173
2490,6.32.6.-25,2443,36992,6155703284000,2980936558453,3.9204875342334224,1.0461580212267307
2491,6.33.-16.13,2445,36992,1232070992224,596675389719,3.9193069326610828,1.0460672085622358
2492,6.33.-4.-8,2447,36992,6165006638240,2985817338737,3.9181272964212894,1.0459765386423945
2493,6.38.-10.0,9,136,385458279800,186689845863,3.917537839808027,1.045931257106529
2494,6.38.-6.-7,1225,18496,617198415392,298947792395,3.916359648610746,1.0458408006731064
2495,6.39.-12.3,2451,36992,6174309992480,2990698119021,3.915770913633839,1.0457956256918268
2496,6.39.-8.-4,2453,36992,6178961669600,2993138509163,3.914594163943077,1.0457053819913165
2497,6.7.-8.12,1227,18496,3090643754080,1497179352117,3.9140061488377738,1.0456603131887563
2498,6.8.18.-34,307,4624,2518704880,1220195071,3.912830837130499,1.0455702814711947
2499,7.13.19.-38,1229,18496,3095295431200,1499619742259,3.9116564821280173,1.0454803906606926
2500,7.14.17.-35,615,9248,309762126976,150083993733,3.9104830822740766,1.0453906404265383
2501,7.25.-21.26,1231,18496,3099947108320,1502060132401,3.9093106360162215,1.0453010304390544
2502,7.26.-23.29,77,1156,193892059180,93955020467,3.9081391418057776,1.045211560369594
2503,7.27.3.-17,1233,18496,3104598785440,1504500522543,3.9069685980978397,1.0451222298905363
2504,7.28.1.-14,617,9248,1553462312000,752860358807,3.905799003351261,1.045033038675284
2505,7.28.13.-35,1235,18496,621850092512,301388182537,3.9046303560286386,1.0449439863982581
2506,7.29.-1.-11,309,4624,777894075280,377040276939,3.9034626545963045,1.0448550727348933
2507,7.29.11.-32,1237,18496,3113902139680,1509381302827,3.902295897524309,1.0447662973616365
2508,7.3.23.-40,619,9248,1558113989120,755300748949,3.901130083286414,1.0446776599559402
2509,7.30.-3.-8,1239,18496,3118553816800,1511821692969,3.8999652103600773,1.04458916019626
2510,7.30.5.-22,155,2312,78021991384,37826047201,3.898801277226441,1.0445007977620506
2511,7.31.-17.16,73,1088,3123205493920,1514262083111,3.8976382823703224,1.0444125723337616
2512,7.31.3.-19,621,9248,1562765666240,757741139091,3.8964762242801974,1.0443244835928338
2513,7.32.-19.19,1243,18496,3127857171040,1516702473253,3.895315101448194,1.0442365312216955
2514,7.33.11.-34,2487,36992,6258040180640,3034625141577,3.894734890283772,1.044192606075825
2515,7.33.7.-27,2489,36992,6262691857760,3037065531719,3.8935751675196433,1.0441048576660736
2516,7.34.-3.-10,2491,36992,6267343534880,3039505921861,3.8924163762598423,1.0440172448364768
2517,7.34.5.-24,2493,36992,6271995212000,3041946312003,3.891258515009178,1.043929767272888
2518,7.35.-5.-7,2495,36992,1255329377824,608877340429,3.890101582276056,1.0438424246621314
2519,7.39.-5.-9,2497,36992,6281298566240,3046827092287,3.8889455765724668,1.043755216691998
2520,7.4.21.-37,147,2176,6285950243360,3049267482429,3.887790496413975,1.0436681430512404
2521,7.40.-11.1,2501,36992,6290601920480,3051707872571,3.886636340319709,1.0435812034295722
2522,7.40.-7.-6,2503,36992,6295253597600,3054148262713,3.8854831068123468,1.0434943975176603
2523,7.41.-13.4,2505,36992,1259981054944,611317730571,3.884330794418108,1.043407725007125
2524,7.44.-11.-1,1253,18496,3151115556640,1528904423963,3.8837549831788185,1.0433644386812637
2525,8.14.20.-40,2507,36992,6304556951840,3059029042997,3.8831794016667396,1.0433211855905338
2526,8.15.18.-37,2509,36992,6309208628960,3061469433139,3.8820289270915063,1.0432347789613987
2527,8.19.18.-39,1255,18496,631153446752,306268962821,3.8814540336625445,1.0431916253466071
2528,8.24.16.-38,2511,36992,6313860306080,3063909823281,3.880879369229179,1.0431485048141727
2529,8.26.0.-11,2515,36992,1264632732064,613758120713,3.8785829978077895,1.0429763527479425
2530,8.27.-22.27,2517,36992,6327815337440,3071230993707,3.8774361813396996,1.0428904742225151
2531,8.28.-24.30,1259,18496,3165070588000,1536225594389,3.876863114781662,1.0428475842045255
2532,8.29.2.-16,315,4624,158369821328,76872289473,3.8757176641134,1.0427619024697896
2533,8.30.0.-13,1261,18496,3169722265120,1538665984531,3.874573122172459,1.0426763515531097
2534,8.30.12.-34,631,9248,1586024051840,769943089801,3.8734294875181297,1.0425909311549675
2535,8.31.-2.-10,1263,18496,3174373942240,1541106374673,3.8722867587131264,1.0425056409767568
2536,8.32.4.-21,79,1156,198543736300,96395410609,3.871144934323576,1.042420480720784
2537,8.33.-18.17,1265,18496,635805123872,308709352963,3.870004012919006,1.0423354500902617
2538,8.33.2.-18,2531,36992,6360377077280,3088313724701,3.869433890389995,1.0422929832920453
2539,8.34.-20.20,633,9248,1590675728960,772383479943,3.8688639930723374,1.0422505487893061
2540,8.34.12.-36,149,2176,6365028754400,3090754114843,3.868294320788178,1.0422081465451987
2541,8.35.-2.-12,1267,18496,3183677296480,1545987154957,3.8677248733598693,1.0421657765229342
2542,8.35.10.-33,317,4624,796500783760,386801837507,3.8665866523612715,1.0420811329970596
2543,8.35.6.-26,1269,18496,3188328973600,1548427545099,3.865449328659573,1.0419966179184892
2544,8.36.-4.-9,635,9248,319065481216,154964774017,3.8643129008411505,1.0419122309949203
2545,8.36.4.-23,2541,36992,6383635462880,3100515675411,3.863745022447324,1.041870085500159
2546,8.37.-18.15,1271,18496,3192980650720,1550867935241,3.86317736749572,1.0418279719349364
2547,8.39.6.-28,2543,36992,6388287140000,3102956065553,3.8626099358105725,1.041785890262963
2548,8.4.24.-42,159,2312,399413311160,194011016289,3.8620427272163234,1.0417438404480048
2549,8.40.-16.10,2545,36992,1278587763424,621079291139,3.861475741537621,1.0417018224538828
2550,8.40.-4.-11,1273,18496,3197632327840,1553308325383,3.860908978599321,1.0416598362444727
2551,8.41.-6.-8,637,9248,1599979083200,777264260227,3.8597761202443785,1.041575959035563
2552,8.42.-12.2,75,1088,640456800992,311149743105,3.858644150754458,1.0414922085333738
2553,8.45.-10.-3,319,4624,801152460880,389242227649,3.8575130687358095,1.0414085844508714
2554,8.45.-6.-10,2553,36992,6411545525600,3115158016263,3.8569478600935603,1.041366819727542
2555,8.46.-12.0,1277,18496,3206935682080,1558189105667,3.856382872797955,1.04132508650189
2556,8.5.22.-39,639,9248,1604630760320,779704650369,3.8552535615536843,1.0412417144011266
2557,9.16.19.-39,2557,36992,6420848879840,3120038796547,3.85468923725903,1.0412000754549047
2558,9.26.15.-37,1279,18496,3211587359200,1560629495809,3.854125133619042,1.0411584678641386
2559,9.27.1.-13,2559,36992,6425500556960,3122479186689,3.8535612504612327,1.0411168915934066
2560,9.28.-1.-10,20,289,10043478743,4880780284,3.8529975876133165,1.0410753466073404
2561,9.29.-23.28,2561,36992,6430152234080,3124919576831,3.8524341449032105,1.041033832870626
2562,9.34.3.-20,1281,18496,3216239036320,1563069885951,3.851870922159032,1.0409923503480005
2563,9.35.-19.18,2563,36992,6434803911200,3127359966973,3.8513079192091015,1.0409508990042564
2564,9.36.11.-35,641,9248,1609282437440,782145040511,3.8507451358819376,1.0409094788042375
2565,9.37.-3.-11,2565,36992,1287891117664,625960071423,3.850182572006262,1.040868089712841
2566,9.37.5.-25,1283,18496,3220890713440,1565510276093,3.8496202274109965,1.0408267316950173
2567,9.40.7.-30,151,2176,6444107265440,3132240747257,3.8490581019252605,1.0407854047157685
2568,9.41.-15.8,321,4624,805804138000,391682617791,3.8484961953783756,1.0407441087401499
2569,9.42.-5.-10,2569,36992,6448758942560,3134681137399,3.847934507599862,1.0407028437332693
2570,9.47.-11.-2,1285,18496,645108478112,313590133247,3.8473730384194385,1.0406616096602868
2571,9.47.-7.-9,2571,36992,6453410619680,3137121527541,3.846811787667023,1.0406204064864142
2572,9.6.23.-41,643,9248,1613934114560,784585430653,3.8462507551727314,1.0405792341769167
2573,-3.-12.-1.7,303,4352,12927229059584,6285224810721,3.8442888577773884,1.0403768146654255
2574,-3.-13.1.4,2579,36992,6471492601344,3146883088109,3.8423296247114647,1.0401749162778973
2575,-7.-22.-1.11,5165,73984,12958741345792,6302307541715,3.840373048748257,1.0399735370025183
2576,-7.-23.1.8,1293,18496,3243624372224,1577712226803,3.8384191226904245,1.0397726748378275
2577,3.12.1.-7,5179,73984,12990253632000,6319390272709,3.8364678393698304,1.0395723277926505
2578,3.13.-1.-4,2593,36992,6503004887552,3163965819103,3.8345191916473844,1.0393724938860314
2579,7.22.1.-11,5193,73984,13021765918208,6336473003703,3.832573172412884,1.039173171147169
2580,7.23.-1.-8,325,4624,814845128832,396563398075,3.830629774584862,1.0389743576153514
2581,-7.-26.-1.13,5209,73984,13057718099680,6355996124839,3.8281349607499764,1.038712650664079
2582,-7.-27.1.10,2609,36992,6538957069024,3183488940239,3.8256444536832266,1.0384517992592646
2583,7.26.1.-13,5227,73984,13098110176416,6377959636117,3.8231582385407865,1.0381917992082097
2584,7.27.-1.-10,77,1088,3279576553696,1597235347939,3.820676300555438,1.037932646345595
2585,-5.-19.-1.10,5247,73984,13142942148416,6402363537537,3.81764860785787,1.037611767064761
2586,-5.-20.1.7,2629,36992,6583789041024,3207892841659,3.814627255882633,1.0372921594377549
2587,5.19.1.-10,5269,73984,13192214015680,6429207829099,3.8116122181272014,1.036973815912328
2588,5.20.-1.-7,165,2312,413026560916,201332186715,3.808603468254863,1.0366567289959787
2589,-1.-1.-13.23,2641,36992,6610644922288,3222535182511,3.808057096333586,1.0365949157455912
2590,-1.-13.11.-13,1321,18496,3306432434960,1611877688791,3.807510931253851,1.0365331466424363
2591,-1.-14.13.-16,2643,36992,6615084817552,3224975572653,3.806964972859109,1.0364714216391806
2592,-1.-19.-5.18,661,9248,1654326191296,806548941931,3.806419220992987,1.0364097406885562
2593,-1.-2.-11.20,2645,36992,6619524712816,3227415962795,3.805873675499291,1.0363481037433637
2594,-1.-2.-19.34,1323,18496,3310872330224,1614318078933,3.805328336222002,1.036286510756471
2595,-1.-20.-3.15,2647,36992,6623964608080,3229856352937,3.80478320300528,1.036224961680814
2596,-1.-21.19.-23,331,4624,828273069464,403884568501,3.804238275693461,1.036163456469395
2597,-1.-23.-5.20,2649,36992,6628404503344,3232296743079,3.8036935541310566,1.0361019950752832
2598,-1.-23.3.6,1325,18496,3315312225488,1616758469075,3.803149038162755,1.0360405774516162
2599,-1.-24.-3.17,2651,36992,6632844398608,3234737133221,3.80260472763342,1.0359792035515967
2600,-1.-24.5.3,39,544,97574475680,47587607769,3.8020606223880913,1.0359178733284957
2601,-1.-27.3.8,2653,36992,6637284293872,3237177523363,3.801516722271983,1.0358565867356502
2602,-1.-28.5.5,1327,18496,3319752120752,1619198859217,3.8009730271304853,1.0357953437264635
2603,-1.-3.15.-25,2655,36992,6641724189136,3239617913505,3.8004295368091627,1.035734144254406
2604,-1.-4.17.-28,83,1156,207623254274,101276190893,3.799886251153754,1.035672988273013
2605,-1.-5.19.-31,2657,36992,6646164084400,3242058303647,3.799343170010172,1.0356118757358874
2606,-1.-6.21.-34,1329,18496,3324192016016,1621639249359,3.798800293224504,1.0355508065966983
2607,-1.12.-15.20,2659,36992,6650603979664,3244498693789,3.798257620643011,1.0354897808091792
2608,-1.12.5.-15,665,9248,1663205981824,811429722215,3.797715152112127,1.0354287983271304
2609,-1.13.-17.23,2661,36992,6655043874928,3246939083931,3.7971728874784585,1.0353678591044186
2610,-1.14.-19.26,1331,18496,3328631911280,1624079639501,3.796630826588787,1.0353069630949743
2611,-1.15.-21.29,2663,36992,6659483770192,3249379474073,3.796088969290065,1.0352461102527952
2612,-1.16.5.-17,333,4624,832712964728,406324958643,3.795547315429417,1.0351853005319431
2613,-1.17.-5.0,2665,36992,6663923665456,3251819864215,3.7950058648541405,1.035124533886546
2614,-1.17.3.-14,1333,18496,3333071806544,1626520029643,3.7944646174117054,1.035063810270796
2615,-1.20.-3.-5,2667,36992,6668363560720,3254260254357,3.793923572949753,1.0350031296389515
2616,-1.21.-5.-2,667,9248,1667645877088,813870112357,3.7933827313160937,1.0349424919453343
2617,-10.-12.-18.35,157,2176,392517850352,191570626147,3.7928420923587125,1.0348818971443323
2618,-10.-13.-16.32,1335,18496,3337511701808,1628960419785,3.7923016559257627,1.0348213451903971
2619,-10.-14.-14.29,2671,36992,6677243351248,3259141034641,3.791761421865569,1.0347608360380456
2620,-10.-15.-12.26,167,2312,417466456180,203772576857,3.7912213900266267,1.0347003696418584
2621,-10.-15.8.-9,2673,36992,6681683246512,3261581424783,3.7906815602576005,1.0346399459564812
2622,-10.-16.10.-12,1337,18496,3341951597072,1631400809927,3.790141932407326,1.034579564936623
2623,-10.-24.18.-22,2675,36992,6686123141776,3264021814925,3.7896025063248073,1.0345192265370575
2624,-10.-25.-16.38,669,9248,1672085772352,816310502499,3.789063281859218,1.0344589307126226
2625,-10.-25.20.-25,2677,36992,6690563037040,3266462205067,3.7885242588599013,1.034398677418219
2626,-10.-26.-14.35,1339,18496,3346391492336,1633841200069,3.7879854371763684,1.0343384666088127
2627,-10.-27.-12.32,2679,36992,6695002932304,3268902595209,3.7874468166582997,1.0342782982394316
2628,-10.-27.12.-10,335,4624,837152859992,408765348785,3.786908397155544,1.0342181722651687
2629,-10.-28.14.-13,2681,36992,6699442827568,3271342985351,3.7863701785181174,1.0341580886411794
2630,-10.-29.16.-16,1341,18496,3350831387600,1636281590211,3.785832160596205,1.0340980473226824
2631,-10.-30.18.-19,2683,36992,6703882722832,3273783375493,3.7852943432401576,1.0340380482649607
2632,-10.-39.12.-4,671,9248,1676525667616,818750892641,3.7847567263004955,1.033978091423359
2633,-10.-40.14.-7,2685,36992,6708322618096,3276223765635,3.784219309627904,1.0339181767532852
2634,-10.-41.16.-10,79,1088,197368898992,96395410609,3.7836820930732364,1.033858304210211
2635,-10.-5.-20.35,2687,36992,6712762513360,3278664155777,3.783145076487513,1.03379847374967
2636,-10.-5.-4.7,21,289,104921600953,51248192982,3.7826082597219184,1.0337386853272588
2637,-10.-6.-10.18,2689,36992,6717202408624,3281104545919,3.782071642627806,1.0336789388986363
2638,-10.-6.-18.32,1345,18496,3359711178128,1641162370495,3.7815352250566923,1.0336192344195234
2639,-10.-6.-2.4,673,9248,1680965562880,821191282783,3.780462987890362,1.0334999511330252
2640,-10.-7.-8.15,2693,36992,6726082199152,3285985326203,3.779927167999007,1.0334403722373933
2641,-10.-7.0.1,2695,36992,6730522094416,3288425716345,3.778856124860811,1.0333213397212135
2642,-10.-8.2.-2,2697,36992,6734961989680,3290866106487,3.7777858762650753,1.0332024739456669
2643,-10.-9.4.-5,1349,18496,3368590968656,1646043150779,3.777251049552411,1.033143103476057
2644,-11.-10.-5.11,2699,36992,6739401884944,3293306496629,3.7767164210338273,1.0330837745602401
2645,-11.-13.-19.37,675,9248,1685405458144,823631672925,3.7761819905624856,1.0330244871545553
2646,-11.-14.-17.34,2701,36992,6743841780208,3295746886771,3.775647757991712,1.0329652412154036
2647,-11.-15.-15.31,1351,18496,3373030863920,1648483540921,3.7751137231749943,1.032906036699247
2648,-11.-15.5.-4,159,2176,396957745616,194011016289,3.774579885965984,1.0328468735626077
2649,-11.-16.7.-7,169,2312,421906351444,206212966999,3.7740462462184947,1.0327877517620698
2650,-11.-17.9.-10,2705,36992,6752721570736,3300627667055,3.773512803786501,1.0327286712542778
2651,-11.-24.15.-17,1353,18496,3377470759184,1650923931063,3.772979558524142,1.0326696319959365
2652,-11.-25.17.-20,2707,36992,6757161466000,3303068057197,3.772446510285715,1.0326106339438117
2653,-11.-26.-13.33,677,9248,1689845353408,826072063067,3.771913658925682,1.0325516770547298
2654,-11.-27.-15.37,2709,36992,6761601361264,3305508447339,3.7713810042986644,1.0324927612855777
2655,-11.-28.-13.34,1355,18496,3381910654448,1653364321205,3.7708485462594448,1.0324338865933016
2656,-11.-29.-11.31,2711,36992,6766041256528,3307948837481,3.770316284662967,1.0323750529349087
2657,-11.-30.15.-14,339,4624,846032650520,413646129069,3.769784219364335,1.0323162602674658
2658,-11.-31.17.-17,2713,36992,6770481151792,3310389227623,3.7692523502188124,1.0322575085481
2659,-11.-32.19.-20,1357,18496,3386350549712,1655804711347,3.768720677081825,1.0321987977339984
2660,-11.-35.-3.20,2715,36992,6774921047056,3312829617765,3.7681891998089547,1.0321401277824072
2661,-11.-38.3.11,679,9248,1694285248672,828512453209,3.767657918255947,1.0320814986506324
2662,-11.-39.13.-6,2717,36992,6779360942320,3315270007907,3.767126832278704,1.0320229102960397
2663,-11.-40.11.-2,1359,18496,3390790444976,1658245101489,3.7665959417332875,1.0319643626760546
2664,-11.-41.13.-5,2719,36992,6783800837584,3317710398049,3.766065246475919,1.031905855748161
2665,-11.-42.15.-8,5,68,12474302914,6100975355,3.765534746362977,1.031847389469903
2666,-11.-8.-1.3,1361,18496,3395230340240,1660685491631,3.764474330996684,1.0317305786927624
2667,-11.-8.-17.31,2723,36992,6792680628112,3322591178333,3.7639444154568826,1.0316722341092623
2668,-11.-8.-9.17,681,9248,1698725143936,830952843351,3.7634146944886075,1.0316139300061626
2669,-11.-9.-15.28,2725,36992,6797120523376,3325031568475,3.762885167949028,1.0315556663413004
2670,-11.-9.-7.14,1363,18496,3399670235504,1663125881773,3.7623558356954696,1.031497443072573
2671,-11.-9.1.0,341,4624,850472545784,416086519211,3.7612977534765064,1.0313811175554015
2672,-12.-10.-8.16,2729,36992,6806000313904,3329912348759,3.7607690032265384,1.031323015223043
2673,-12.-11.-6.13,1365,18496,3404110130768,1665566271915,3.760240446693464,1.0312649531189897
2674,-12.-12.-4.10,2731,36992,6810440209168,3332352738901,3.759712083735393,1.0312069312014303
2675,-12.-15.-18.36,683,9248,1703165039200,833393233493,3.7591839142105883,1.031148949428611
2676,-12.-16.4.-2,2733,36992,6814880104432,3334793129043,3.7586559379774718,1.0310910077588356
2677,-12.-17.6.-5,1367,18496,3408550026032,1668006662057,3.758128154894619,1.0310331061504658
2678,-12.-18.8.-8,2735,36992,6819319999696,3337233519185,3.75760056482076,1.0309752445619214
2679,-12.-22.-12.29,171,2312,426346246708,208653357141,3.7570731676147813,1.0309174229516793
2680,-12.-24.-8.23,161,2176,401397640880,196451406431,3.7565459631357223,1.0308596412782745
2681,-12.-28.-12.32,1369,18496,3412989921296,1670447052199,3.7560189512427793,1.0308018995002985
2682,-12.-29.-10.29,2739,36992,6828199790224,3342114299469,3.7554921317953007,1.0307441975764011
2683,-12.-32.8.-1,685,9248,1707604934464,835833623635,3.7549655046527897,1.0306865354652883
2684,-12.-33.18.-18,2741,36992,6832639685488,3344554689611,3.7544390696749037,1.0306289131257238
2685,-12.-34.12.-7,1371,18496,3417429816560,1672887442341,3.7539128267214528,1.0305713305165287
2686,-12.-36.-4.22,2743,36992,6837079580752,3346995079753,3.7533867756524013,1.0305137875965797
2687,-12.-37.-2.19,343,4624,854912441048,418526909353,3.7528609163278666,1.0304562843248113
2688,-12.-39.10.-1,2745,36992,6841519476016,3349435469895,3.7523352486081176,1.0303988206602144
2689,-12.-39.2.13,1373,18496,3421869711824,1675327832483,3.751809772353578,1.0303413965618369
2690,-12.-40.12.-4,2747,36992,6845959371280,3351875860037,3.751284487424823,1.0302840119887824
2691,-12.-40.4.10,687,9248,1712044829728,838274013777,3.750759393682579,1.0302266669002114
2692,-13.-13.-5.12,2749,36992,6850399266544,3354316250179,3.7502344909877254,1.0301693612553406
2693,-13.-14.-3.9,1375,18496,3426309607088,1677768222625,3.7497097792012943,1.0301120950134433
2694,-13.-15.-9.20,2751,36992,6854839161808,3356756640321,3.7491852581844682,1.0300548681338486
2695,-13.-17.3.0,43,578,107141548585,52468388053,3.7486609277985807,1.029997680575941
2696,-13.-18.5.-3,2753,36992,6859279057072,3359197030463,3.7481367879051177,1.0299405322991622
2697,-13.-22.-15.34,81,1088,201808794256,98835800751,3.747612838365715,1.0298834232630083
2698,-13.-23.-13.31,2755,36992,6863718952336,3361637420605,3.747089079042159,1.0298263534270329
2699,-13.-24.-11.28,689,9248,1716484724992,840714403919,3.7465655097963877,1.0297693227508429
2700,-13.-24.9.-7,2757,36992,6868158847600,3364077810747,3.7460421304904883,1.0297123311941032
2701,-13.-35.-13.37,1379,18496,3435189397616,1682649002909,3.7455189409866985,1.0296553787165321
2702,-13.-35.11.-5,2759,36992,6872598742864,3366518200889,3.744995941147406,1.0295984652779047
2703,-13.-36.13.-8,345,4624,859352336312,420967299495,3.7444731308351473,1.0295415908380503
2704,-13.-37.15.-11,2761,36992,6877038638128,3368958591031,3.74395050991261,1.029484755356854
2705,-13.-38.-3.21,1381,18496,3439629292880,1685089393051,3.7434280782426277,1.0294279587942559
2706,-13.-41.3.12,2763,36992,6881478533392,3371398981173,3.742905835688187,1.0293712011102505
2707,-13.-48.13.-2,691,9248,1720924620256,843154794061,3.7423837821124204,1.029314482264888
2708,-14.-16.-2.8,2765,36992,6885918428656,3373839371315,3.741861917378609,1.029257802218273
2709,-14.-17.-8.19,1383,18496,3444069188144,1687529783193,3.741340241350185,1.0292011609305647
2710,-14.-18.-6.16,2767,36992,6890358323920,3376279761457,3.740818753890724,1.0291445583619767
2711,-14.-18.2.2,173,2312,430786141972,211093747283,3.7402974548639545,1.0290879944727778
2712,-14.-24.-14.33,2769,36992,6894798219184,3378720151599,3.7397763441337486,1.0290314692232905
2713,-14.-24.6.-2,1385,18496,3448509083408,1689970173335,3.739255421564128,1.0289749825738916
2714,-14.-25.8.-5,163,2176,405837536144,198891796573,3.738734687019262,1.0289185344850127
2715,-14.-36.-14.39,693,9248,1725364515520,845595184203,3.738214140363465,1.028862124917139
2716,-14.-37.-12.36,2773,36992,6903678009712,3383600931883,3.7376937814612003,1.02880575383081
2717,-14.-38.14.-9,1387,18496,3452948978672,1692410563477,3.7371736101770763,1.0287494211866195
2718,-14.-39.0.16,347,4624,863792231576,423407689637,3.736133829922418,1.0286368710672948
2719,-14.-49.12.0,2777,36992,6912557800240,3388481712167,3.735614220681833,1.0285806535136164
2720,-14.-50.14.-3,1389,18496,3457388873936,1694850953619,3.7350947985192864,1.028524474244987
2721,-15.-20.-5.15,2779,36992,6916997695504,3390922102309,3.7345755633001168,1.0284683332222686
2722,-15.-25.5.0,695,9248,1729804410784,848035574345,3.734056514889809,1.0284122304063759
2723,-15.-37.-11.34,2781,36992,6921437590768,3393362492451,3.733537653153992,1.0283561657582776
2724,-15.-38.-13.38,1391,18496,3461828769200,1697291343761,3.7330189779584395,1.0283001392389945
2725,-15.-44.-5.27,2783,36992,6925877486032,3395802882593,3.7325004891690714,1.0282441508096019
2726,-15.-48.11.1,87,1156,216503044802,106156971177,3.7319821866519507,1.0281882004312275
2727,-15.-49.5.12,2785,36992,6930317381296,3398243272735,3.7314640702732844,1.0281322880650519
2728,-15.-51.13.-1,1393,18496,3466268664464,1699731733903,3.7309461398994257,1.0280764136723084
2729,-16.-46.-4.26,2787,36992,6934757276560,3400683662877,3.7304283953968698,1.0280205772142834
2730,-16.-50.4.14,41,544,102014370944,50027997911,3.7299108366322558,1.0279647786523156
2731,-17.-44.-7.30,2789,36992,6939197171824,3403124053019,3.7293934634723667,1.0279090179477965
2732,-17.-46.-11.38,1395,18496,3470708559728,1702172124045,3.728876275784129,1.0278532950621702
2733,-17.-46.-3.24,2791,36992,6943637067088,3405564443161,3.7283592734346116,1.027797609956933
2734,-17.-47.-1.21,349,4624,868232126840,425848079779,3.7278424562910266,1.0277419625936335
2735,-17.-48.1.18,2793,36992,6948076962352,3408004833303,3.727325824220729,1.0276863529338727
2736,-17.-49.3.15,1397,18496,3475148454992,1704612514187,3.726809377091216,1.027630780939303
2737,-17.-51.7.9,2795,36992,6952516857616,3410445223445,3.7262931147701264,1.0275752465716301
2738,-17.-57.11.5,699,9248,1738684201312,852916354629,3.7257770371252423,1.0275197497926112
2739,-18.-47.-12.40,2797,36992,6956956752880,3412885613587,3.725261144024487,1.027464290564054
2740,-18.-47.-4.26,1399,18496,3479588350256,1707052904329,3.7247454353359255,1.0274088688478207
2741,-18.-48.-2.23,175,2312,435226037236,213534137425,3.72371457066835,1.0272981378000234
2742,-18.-49.0.20,1401,18496,3484028245520,1709493294471,3.722684442069861,1.0271875563451365
2743,-18.-50.2.17,701,9248,1743124096576,855356744771,3.7216550484900557,1.0270771241799
2744,-18.-51.4.14,165,2176,410277431408,201332186715,3.7211406270045235,1.027021963986356
2745,-18.-59.12.4,1403,18496,3488468140784,1711933684613,3.72062638888078,1.026966841001874
2746,-19.-49.-3.25,2807,36992,6979156229200,3425087564297,3.7201123339881543,1.0269117551887756
2747,-19.-50.-1.22,2809,36992,6983596124464,3427527954439,3.7190847733742802,1.026801694926277
2748,-19.-51.1.19,2811,36992,6988036019728,3429968344581,3.7180579441203356,1.0266917828984585
2749,-19.-52.3.16,703,9248,1747563991840,857797134913,3.7175448034281433,1.0266368823789003
2750,-19.-53.-7.34,2813,36992,6992475914992,3432408734723,3.717031845185979,1.0265820188057282
2751,-19.-60.7.13,1407,18496,3497347931312,1716814464897,3.716519069264146,1.02652719214162
2752,-2.-21.-4.17,2815,36992,6996915810256,3434849124865,3.716006475533087,1.0264724023493024
2753,-2.-21.16.-18,22,289,109361496217,53688583124,3.7154940638633818,1.0264176493915536
2754,-2.-22.18.-21,2817,36992,7001355705520,3437289515007,3.714981834125748,1.0263629332312016
2755,-2.-23.20.-24,1409,18496,3501787826576,1719254855039,3.7144697861910423,1.0263082538311241
2756,-2.-24.-6.22,2819,36992,7005795600784,3439729905149,3.713957919930257,1.026253611154249
2757,-2.-25.-4.19,705,9248,1752003887104,860237525055,3.713446235214523,1.0261990051635543
2758,-2.-25.4.5,2821,36992,7010235496048,3442170295291,3.7129347319151074,1.0261444358220675
2759,-2.-26.-2.16,83,1088,206248689520,101276190893,3.7124234099034146,1.0260899030928654
2760,-2.-28.2.10,2823,36992,7014675391312,3444610685433,3.711912269050986,1.026035406939076
2761,-2.-29.4.7,353,4624,877111917368,430728860063,3.7114013092294984,1.025980947323875
2762,-2.-3.-20.36,2825,36992,7019115286576,3447051075575,3.7108905303107664,1.0259265242104885
2763,-2.-30.6.4,1413,18496,3510667617104,1724135635323,3.7103799321667394,1.025872137562192
2764,-2.-4.-18.33,2827,36992,7023555181840,3449491465717,3.7098695146695033,1.0258177873423098
2765,-2.-5.-16.30,707,9248,1756443782368,862677915197,3.70935927769128,1.025763473514216
2766,-2.-6.18.-29,2829,36992,7027995077104,3451931855859,3.708849221104426,1.025709196041334
2767,-2.-7.20.-32,1415,18496,3515107512368,1726576025465,3.708339344781434,1.0256549548871352
2768,-2.-8.22.-35,2831,36992,7032434972368,3454372246001,3.707829648594932,1.025600750015141
2769,-2.10.6.-16,177,2312,439665932500,215974527567,3.7073201324176814,1.0255465813889206
2770,-2.11.4.-13,2833,36992,7036874867632,3456812636143,3.7068107961225802,1.0254924489720938
2771,-2.12.-18.25,1417,18496,3519547407632,1729016415607,3.70630163958266,1.0254383527283275
2772,-2.12.2.-10,2835,36992,7041314762896,3459253026285,3.7057926626710875,1.0253842926213375
2773,-2.13.-20.28,709,9248,1760883677632,865118305339,3.705283865261163,1.0253302686148889
2774,-2.14.-2.-4,2837,36992,7045754658160,3461693416427,3.70477524722632,1.0252762806727942
2775,-2.14.-22.31,1419,18496,3523987302896,1731456805749,3.7042668084401273,1.0252223287589157
2776,-2.15.-4.-1,167,2176,414717326672,203772576857,3.703758548776287,1.025168412837163
2777,-2.15.4.-15,355,4624,881551812632,433169250205,3.7032504681086347,1.0251145328714941
2778,-2.16.-6.2,2841,36992,7054634448688,3466574196711,3.7027425663111377,1.0250606888259148
2779,-2.16.2.-12,1421,18496,3528427198160,1733897195891,3.7022348432578984,1.0250068806644799
2780,-2.17.-8.5,2843,36992,7059074343952,3469014586853,3.7017272988231515,1.024953108351292
2781,-2.18.-2.-6,711,9248,1765323572896,867558695481,3.7012199328812634,1.0248993718505002
2782,-2.19.-4.-3,2845,36992,7063514239216,3471454976995,3.7007127453067348,1.0248456711263034
2783,-2.9.8.-19,1423,18496,3532867093424,1736337586033,3.700205735974196,1.0247920061429476
2784,-20.-53.-6.32,2847,36992,7067954134480,3473895367137,3.6996989047584132,1.0247383768647258
2785,-20.-54.-4.29,89,1156,220942940066,108597361319,3.699192251534281,1.0246847832559791
2786,-20.-55.-2.26,2849,36992,7072394029744,3476335757279,3.6986857761768275,1.0246312252810963
2787,-20.-57.2.20,1425,18496,3537306988688,1738777976175,3.6981794785612125,1.024577702904513
2788,-20.-58.4.17,2851,36992,7076833925008,3478776147421,3.697673358562726,1.0245242160907135
2789,-20.-59.6.14,713,9248,1769763468160,869999085623,3.6971674160567907,1.0244707648042277
2790,-21.-55.-5.31,2853,36992,7081273820272,3481216537563,3.6966616509189594,1.0244173490096335
2791,-21.-56.-3.28,1427,18496,3541746883952,1741218366317,3.6961560630249153,1.0243639686715562
2792,-21.-57.-1.25,2855,36992,7085713715536,3483656927705,3.6956506522504737,1.0243106237546675
2793,-21.-58.1.22,21,272,52117159288,25624096491,3.695145418471579,1.024257314223687
2794,-21.-59.3.19,2857,36992,7090153610800,3486097317847,3.694640361564307,1.0242040400433798
2795,-21.-60.5.16,1429,18496,3546186779216,1743658756459,3.6941354814048624,1.0241508011785594
2796,-22.-58.-2.27,2859,36992,7094593506064,3488537707989,3.6936307778695805,1.0240975975940847
2797,-22.-60.-6.35,715,9248,1774203363424,872439475765,3.693126250834927,1.024044429254862
2798,-22.-60.2.21,2861,36992,7099033401328,3490978098131,3.6926219001774956,1.0239912961258437
2799,-22.-66.6.17,1431,18496,3550626674480,1746099146601,3.692117725774011,1.0239381981720292
2800,-23.-62.-5.34,2863,36992,7103473296592,3493418488273,3.6916137275013257,1.0238851353584641
2801,-23.-67.5.19,179,2312,444105827764,218414917709,3.6911099052364222,1.0238321076502406
2802,-3.-10.15.-22,2865,36992,7107913191856,3495858878415,3.6906062588564117,1.0237791150124962
2803,-3.-11.17.-25,1433,18496,3555066569744,1748539536743,3.690102788238533,1.023726157410416
2804,-3.-24.19.-22,2867,36992,7112353087120,3498299268557,3.6895994932601552,1.02367323480923
2805,-3.-27.-3.18,717,9248,1778643258688,874879865907,3.689096373798774,1.0236203471742147
2806,-3.-28.-1.15,1435,18496,3559506465008,1750979926885,3.6880906609376285,1.0235146766640337
2807,-3.-29.1.12,359,4624,890431603160,438050030489,3.6870856486776273,1.0234091456030023
2808,-3.-30.3.9,169,2176,419157221936,206212966999,3.686583404968155,1.0233564322795963
2809,-3.-5.-19.35,1437,18496,3563946360272,1753420317027,3.6860813360433426,1.0233037537149832
2810,-3.-9.21.-33,2875,36992,7130112668176,3508060829125,3.685579441781579,1.0232511098747594
2811,-3.10.3.-11,719,9248,1783083153952,877320256049,3.685077722061381,1.0231985007245674
2812,-3.11.1.-8,1439,18496,3568386255536,1755860707169,3.684074805760381,1.0230933863570733
2813,-3.12.-1.-5,45,578,111581443849,54908778195,3.6830725861710043,1.022988410338544
2814,-3.12.-21.30,2881,36992,7143432353968,3515381999551,3.6825717373408082,1.0229359741247266
2815,-3.13.-11.12,1441,18496,3572826150800,1758301097311,3.682071062325931,1.022883572395744
2816,-3.13.-3.-2,2883,36992,7147872249232,3517822389693,3.6815705610057723,1.0228312051175537
2817,-3.14.-5.1,721,9248,1787523049216,879760646191,3.6810702332598564,1.0227788722561584
2818,-3.2.11.-21,2885,36992,7152312144496,3520262779835,3.680570078967834,1.0227265737776061
2819,-3.5.-15.23,1443,18496,3577266046064,1760741487453,3.6800700980094807,1.0226743096479893
2820,-3.6.-17.26,2887,36992,7156752039760,3522703169977,3.6795702902646967,1.0226220798334447
2821,-3.9.5.-14,361,4624,894871498424,440490420631,3.6790706556135078,1.0225698843001538
2822,-4.-10.-12.25,2889,36992,7161191935024,3525143560119,3.6785711939360635,1.0225177230143425
2823,-4.-11.-10.22,5,64,210688584784,103716581035,3.678071905112638,1.0224655959422815
2824,-4.-11.14.-20,2891,36992,7165631830288,3527583950261,3.677572789023629,1.0224135030502854
2825,-4.-12.16.-23,723,9248,1791962944480,882201036333,3.677073845549561,1.022361444304713
2826,-4.-13.18.-26,2893,36992,7170071725552,3530024340403,3.6765750745710792,1.0223094196719678
2827,-4.-14.20.-29,1447,18496,3586145836592,1765622267737,3.676076475968954,1.0222574291184963
2828,-4.-21.10.-8,2895,36992,7174511620816,3532464730545,3.6755780496240797,1.0222054726107905
2829,-4.-22.12.-11,181,2312,448545723028,220855307851,3.6750797954174734,1.0221535501153851
2830,-4.-30.0.14,1449,18496,3590585731856,1768062657879,3.6740838029437493,1.0220498070278372
2831,-4.-31.-6.25,2899,36992,7183391411344,3537345510829,3.673586064439282,1.0219979863689836
2832,-4.-32.-4.22,725,9248,1796402839744,884641426475,3.673088497598382,1.02194619958901
2833,-4.-36.4.10,2901,36992,7187831306608,3539785900971,3.672591102302681,1.02189444665467
2834,-4.-37.6.7,1451,18496,3595025627120,1770503048021,3.6720938784339343,1.021842727532761
2835,-4.-6.16.-26,2903,36992,7192271201872,3542226291113,3.6715968258740173,1.0217910421901244
2836,-4.0.12.-22,363,4624,899311393688,442930810773,3.6710999445049284,1.0217393905936436
2837,-4.1.10.-19,2905,36992,7196711097136,3544666681255,3.6706032342087878,1.0216877727102476
2838,-4.10.-16.22,1453,18496,3599465522384,1772943438163,3.6701066948678376,1.0216361885069059
2839,-4.10.-8.8,171,2176,423597117200,208653357141,3.6696103263644417,1.0215846379506333
2840,-4.10.0.-6,2909,36992,7205590887664,3549547461539,3.6686181014003725,1.0214816376475668
2841,-4.11.-10.11,1455,18496,3603905417648,1775383828305,3.6681222447050326,1.0214301878350165
2842,-4.11.-2.-3,91,1156,225382835330,111037751461,3.6671310423019827,1.0213273887238106
2843,-4.12.-12.14,2913,36992,7214470678192,3554428241823,3.66663569636033,1.0212760393596558
2844,-4.12.-4.0,1457,18496,3608345312912,1777824218447,3.666140520436166,1.0212247234128715
2845,-4.2.8.-16,2915,36992,7218910573456,3556868631965,3.66564551441282,1.0211734408508142
2846,-4.3.-14.22,729,9248,1805282630272,889522206759,3.6651506781737417,1.0211221916408837
2847,-4.3.6.-13,2917,36992,7223350468720,3559309022107,3.664656011602501,1.0210709757505223
2848,-4.4.-16.25,1459,18496,3612785208176,1780264608589,3.664161514582788,1.0210197931472134
2849,-4.5.-18.28,2919,36992,7227790363984,3561749412249,3.663667186998411,1.0209686437984844
2850,-4.6.-20.31,365,4624,903751288952,445371200915,3.6631730287332993,1.0209175276719038
2851,-4.8.4.-12,2921,36992,7232230259248,3564189802391,3.6626790396715,1.0208664447350833
2852,-4.9.-6.5,1461,18496,3617225103440,1782704998731,3.6621852196971805,1.0208153949556755
2853,-4.9.2.-9,43,544,106454266208,52468388053,3.6611980865482416,1.0207133947399227
2854,-5.-10.-11.23,2925,36992,7241110049776,3569070582675,3.6607047731425495,1.020662444239094
2855,-5.-11.-13.27,1463,18496,3621664998704,1785145388873,3.660211628362192,1.0206115267667117
2856,-5.-14.17.-24,2927,36992,7245549945040,3571510972817,3.6597186520919283,1.0205606422906381
2857,-5.-15.19.-27,183,2312,452985618292,223295697993,3.6592258442166363,1.0205097907787781
2858,-5.-16.21.-30,2929,36992,7249989840304,3573951362959,3.658733204621312,1.0204589721990782
2859,-5.-21.11.-10,1465,18496,3626104893968,1787585779015,3.6582407331910685,1.020408186519526
2860,-5.-22.13.-13,2931,36992,7254429735568,3576391753101,3.6577484298111376,1.0203574337081507
2861,-5.-23.15.-16,733,9248,1814162420800,894402987043,3.6572562943668667,1.0203067137330233
2862,-5.-24.13.-12,2933,36992,7258869630832,3578832143243,3.656764326743723,1.0202560265622562
2863,-5.-33.-5.24,1467,18496,3630544789232,1790026169157,3.656272526827289,1.0202053721640025
2864,-5.-34.-3.21,2935,36992,7263309526096,3581272533385,3.6557808945032644,1.0201547505064579
2865,-5.-37.3.12,367,4624,908191184216,447811591057,3.6552894296574663,1.0201041615578572
2866,-5.-38.5.9,2937,36992,7267749421360,3583712923527,3.6547981321758276,1.020053605286478
2867,-5.-8.-15.29,1469,18496,3634984684496,1792466559299,3.654307001944399,1.0200030816606385
2868,-5.-8.17.-27,2939,36992,7272189316624,3586153313669,3.6538160388493464,1.0199525906486977
2869,-5.-9.-13.26,735,9248,1818602316064,896843377185,3.653325242776952,1.0199021322190556
2870,-5.0.9.-17,173,2176,428037012464,211093747283,3.652834613613615,1.019851706340153
2871,-5.1.7.-14,1471,18496,3639424579760,1794906949441,3.6523441512458485,1.0198013129804717
2872,-5.10.-3.-1,2943,36992,7281069107152,3591034093953,3.651853855560284,1.019750952108534
2873,-5.3.-17.27,23,289,113801391481,56128973266,3.651363726443666,1.0197006236929032
2874,-5.3.3.-8,2945,36992,7285509002416,3593474484095,3.650873763782856,1.0196503277021822
2875,-5.4.-19.30,1473,18496,3643864475024,1797347339583,3.6503839674648297,1.019600064105016
2876,-5.5.-21.33,2947,36992,7289948897680,3595914874237,3.649894337376679,1.0195498328700887
2877,-5.6.-3.1,737,9248,1823042211328,899283767327,3.649404873405609,1.0194996339661253
2878,-5.7.3.-10,2949,36992,7294388792944,3598355264379,3.648915575438942,1.019449467361891
2879,-5.8.-7.7,1475,18496,3648304370288,1799787729725,3.6484264433641127,1.0193993330261915
2880,-5.8.1.-7,2951,36992,7298828688208,3600795654521,3.647937477068672,1.0193492309278727
2881,-5.9.-1.-4,369,4624,912631079480,450251981199,3.6474486764402827,1.0192991610358204
2882,-5.9.-17.24,2953,36992,7303268583472,3603236044663,3.6469600413667247,1.0192491233189604
2883,-5.9.-9.10,1477,18496,3652744265552,1802228119867,3.6464715717358898,1.0191991177462592
2884,-6.-10.-14.28,2955,36992,7307708478736,3605676434805,3.645983267435784,1.019149144286722
2885,-6.-15.20.-29,739,9248,1827482106592,901724157469,3.645495128354528,1.0190992029093946
2886,-6.-17.20.-28,2957,36992,7312148374000,3608116824947,3.6450071543803544,1.019049293583363
2887,-6.-18.14.-17,87,1088,215128480048,106156971177,3.644519345401611,1.0189994162777525
2888,-6.-18.22.-31,2959,36992,7316588269264,3610557215089,3.6440317013067576,1.0189495709617276
2889,-6.-19.16.-20,185,2312,457425513556,225736088135,3.643544221984367,1.0188997576044936
2890,-6.-24.14.-14,2961,36992,7321028164528,3612997605231,3.643056907323125,1.0188499761752943
2891,-6.-3.-16.28,1481,18496,3661624056080,1807108900151,3.642569757211831,1.0188002266434129
2892,-6.-35.-4.23,2963,36992,7325468059792,3615437995373,3.6420827715393966,1.0187505089781734
2893,-6.-39.4.11,741,9248,1831922001856,904164547611,3.641595950194845,1.0187008231489376
2894,-6.-4.-14.25,2965,36992,7329907955056,3617878385515,3.641109293067313,1.0186511691251077
2895,-6.-6.10.-16,1483,18496,3666063951344,1809549290293,3.6406228000460485,1.0186015468761245
2896,-6.0.6.-12,2967,36992,7334347850320,3620318775657,3.6401364710204116,1.0185519563714678
2897,-6.1.4.-9,371,4624,917070974744,452692371341,3.6396503058798757,1.018502397580657
2898,-6.2.2.-6,2969,36992,7338787745584,3622759165799,3.6391643045140234,1.018452870473251
2899,-6.3.-20.32,1485,18496,3670503846608,1811989680435,3.6386784668125505,1.0184033750188464
2900,-6.3.0.-3,743,9248,1836361897120,906604937753,3.6377072819620824,1.0183044789476265
2901,-6.4.-10.14,2973,36992,7347667536112,3627639946083,3.6372219345930348,1.0182550782702
2902,-6.4.-2.0,1487,18496,3674943741872,1814430070577,3.63673675044826,1.0182057091245524
2903,-6.4.-22.35,175,2176,432476907728,213534137425,3.6362517294180106,1.0181563714804762
2904,-6.5.-20.31,93,1156,229822730594,113478141603,3.6357668713926476,1.0181070653078006
2905,-6.5.-4.3,2977,36992,7356547326640,3632520726367,3.635282176262643,1.0180577905763941
2906,-6.6.-6.6,1489,18496,3679383637136,1816870460719,3.634797643918579,1.0180085472561637
2907,-7.-15.17.-24,2979,36992,7360987221904,3634961116509,3.6343132742511486,1.0179593353170546
2908,-7.-16.19.-27,745,9248,1840801792384,909045327895,3.633829067151155,1.017910154729051
2909,-7.-17.-7.19,2981,36992,7365427117168,3637401506651,3.63334502250951,1.0178610054621746
2910,-7.-17.21.-30,1491,18496,3683823532400,1819310850861,3.6328611402172366,1.0178118874864857
2911,-7.-18.-13.30,2983,36992,7369867012432,3639841896793,3.6323774201654664,1.017762800772083
2912,-7.-19.-11.27,373,4624,921510870008,455132761483,3.631893862245441,1.017713745289103
2913,-7.-19.13.-15,2985,36992,7374306907696,3642282286935,3.631410466348511,1.01766472100772
2914,-7.-20.15.-18,1493,18496,3688263427664,1821751241003,3.6309272323661377,1.017615727898147
2915,-7.-21.17.-21,2987,36992,7378746802960,3644722677077,3.6304441601898882,1.0175667659306347
2916,-7.-22.19.-24,747,9248,1845241687648,911485718037,3.629961249711442,1.0175178350754714
2917,-7.-24.7.-2,2989,36992,7383186698224,3647163067219,3.6294785008225845,1.0174689353029835
2918,-7.-3.-19.33,1495,18496,3692703322928,1824191631145,3.628995913415211,1.017420066583535
2919,-7.-30.11.-6,2991,36992,7387626593488,3649603457361,3.6285134873813267,1.0173712288875274
2920,-7.-31.13.-9,11,136,27168553460,13422145781,3.6280312226130422,1.0173224221854007
2921,-7.-4.-17.30,2993,36992,7392066488752,3652043847503,3.627549119002578,1.017273646447631
2922,-7.-5.-15.27,1497,18496,3697143218192,1826632021287,3.627067176442262,1.017224901644734
2923,-7.-6.-13.24,2995,36992,7396506384016,3654484237645,3.626585394824531,1.0171761877472605
2924,-7.-7.9.-14,749,9248,1849681582912,913926108179,3.626103774041928,1.0171275047258004
2925,-7.-8.11.-17,2997,36992,7400946279280,3656924627787,3.625622313987104,1.0170788525509802
2926,-7.0.3.-7,2999,36992,7405386174544,3659365017929,3.6246598756319384,1.0169816406239534
2927,-7.1.1.-4,3001,36992,7409826069808,3661805408071,3.6236980789023905,1.0168845517319376
2928,-7.2.-1.-1,3003,36992,7414265965072,3664245798213,3.6227369229435293,1.016787585641285
2929,-7.2.-17.27,751,9248,1854121478176,916366498321,3.622256584986407,1.0167391485736166
2930,-7.2.-9.13,3005,36992,7418705860336,3666686188355,3.621776406902131,1.0166907421189388
2931,-7.3.-11.16,1503,18496,3710462903984,1833953191713,3.621296388584314,1.0166423662482118
2932,-7.3.-19.30,3007,36992,7423145755600,3669126578497,3.620816529926676,1.0165940209324331
2933,-7.3.-3.2,177,2176,436916802992,215974527567,3.619857291167342,1.016497421849889
2934,-7.4.-21.33,1505,18496,3714902799248,1836393581855,3.6193779108536144,1.0164491680253005
2935,-8.-1.-6.9,3011,36992,7432025546128,3674007358781,3.6188986897760014,1.016400944640014
2936,-8.-1.2.-5,753,9248,1858561373440,918806888463,3.6184196278287506,1.0163527516652089
2937,-8.-12.-12.25,3013,36992,7436465441392,3676447748923,3.617940724906216,1.0163045890721008
2938,-8.-14.-8.19,1507,18496,3719342694512,1838833971997,3.617461980902855,1.0162564568319428
2939,-8.-16.16.-22,3015,36992,7440905336656,3678888139065,3.616983395713232,1.0162083549160237
2940,-8.-17.-14.31,377,4624,930390660536,460013541767,3.6165049692320146,1.016160283295668
2941,-8.-17.18.-25,3017,36992,7445345231920,3681328529207,3.6160267013539764,1.0161122419422373
2942,-8.-18.-12.28,1509,18496,3723782589776,1841274362139,3.6155485919739956,1.016064230827129
2943,-8.-18.20.-28,3019,36992,7449785127184,3683768919349,3.6150706409870534,1.0160162499217764
2944,-8.-19.-14.32,755,9248,1863001268704,921247278605,3.6145928482882375,1.0159682991976493
2945,-8.-2.-4.6,3021,36992,7454225022448,3686209309491,3.614115213772738,1.0159203786262518
2946,-8.-20.-12.29,1511,18496,3728222485040,1843714752281,3.6136377373358495,1.0158724881791268
2947,-8.-22.16.-19,3023,36992,7458664917712,3688649699633,3.6131604188729716,1.01582462782785
2948,-8.-22.8.-5,189,2312,466305304084,230616868419,3.6126832582796062,1.015776797544035
2949,-8.-23.18.-22,3025,36992,7463104812976,3691090089775,3.6122062554513596,1.01572899729933
2950,-8.-24.12.-11,89,1088,219568375312,108597361319,3.6117294102839415,1.0156812270654194
2951,-8.-24.20.-25,3027,36992,7467544708240,3693530479917,3.611252722673165,1.0156334868140229
2952,-8.-26.-4.18,757,9248,1867441163968,923687668747,3.610776192514947,1.015585776516896
2953,-8.-30.12.-8,3029,36992,7471984603504,3695970870059,3.6102998197053062,1.01553809614583
2954,-8.-30.4.6,1515,18496,3737102275568,1848595532565,3.6098236041403657,1.0154904456726503
2955,-8.-31.14.-11,3031,36992,7476424498768,3698411260201,3.60934754571635,1.0154428250692196
2956,-8.-32.12.-7,379,4624,934830555800,462453931909,3.608871644329587,1.0153952343074344
2957,-8.-33.14.-10,3033,36992,7480864394032,3700851650343,3.608395899876508,1.015347673359227
2958,-8.-4.-20.35,1517,18496,3741542170832,1851035922707,3.607920312253645,1.0153001421965655
2959,-8.-5.-18.32,3035,36992,7485304289296,3703292040485,3.6074448813576345,1.0152526407914522
2960,-8.-6.-16.29,759,9248,1871881059232,926128058889,3.6069696070852126,1.0152051691159245
2961,-8.-6.4.-6,3037,36992,7489744184560,3705732430627,3.6064944893332194,1.0151577271420564
2962,-8.-7.6.-9,1519,18496,3745982066096,1853476312849,3.6060195279985954,1.0151103148419547
2963,-8.-9.10.-15,3039,36992,7494184079824,3708172820769,3.6055447229783844,1.0150629321877627
2964,-8.0.-16.26,95,1156,234262625858,115918531745,3.6050700741697312,1.0150155791516582
2965,-8.0.0.-2,1521,18496,3750421961360,1855916702991,3.604121244776182,1.0149209618225965
2966,-8.1.-10.15,179,2176,441356698256,218414917709,3.603647063986083,1.0148736974741686
2967,-8.1.-18.29,761,9248,1876320954496,928568449031,3.6031730389971335,1.0148264626328867
2968,-8.1.-2.1,3045,36992,7507503765616,3715493991195,3.6026991697069843,1.014779257271102
2969,-8.2.-20.32,1523,18496,3754861856624,1858357093133,3.6022254560133864,1.0147320813612009
2970,-9.-1.-17.28,3047,36992,7511943660880,3717934381337,3.6017518978141934,1.0146849348756035
2971,-9.-12.-15.30,381,4624,939270451064,464894322051,3.6012784950073566,1.0146378177867645
2972,-9.-13.-13.27,3049,36992,7516383556144,3720374771479,3.6008052474909302,1.0145907300671737
2973,-9.-14.-11.24,1525,18496,3759301751888,1860797483275,3.600332155163068,1.0145436716893546
2974,-9.-15.-9.21,3051,36992,7520823451408,3722815161621,3.5998592179220226,1.0144966426258644
2975,-9.-18.17.-23,763,9248,1880760849760,931008839173,3.5993864356661485,1.0144496428492962
2976,-9.-19.-13.30,3053,36992,7525263346672,3725255551763,3.598913808293899,1.014402672332276
2977,-9.-2.-7.11,1527,18496,3763741647152,1863237873417,3.598441335703827,1.0143557310474642
2978,-9.-20.-11.27,3055,36992,7529703241936,3727695941905,3.597969017794587,1.0143088189675555
2979,-9.-24.21.-27,191,2312,470745199348,233057258561,3.59749685446493,1.0142619360652783
2980,-9.-24.9.-6,3057,36992,7534143137200,3730136332047,3.597024845613709,1.0142150823133955
2981,-9.-25.11.-9,1529,18496,3768181542416,1865678263559,3.596552991139874,1.0141682576847033
2982,-9.-25.19.-23,3059,36992,7538583032464,3732576722189,3.596081290942476,1.014121462152032
2983,-9.-26.13.-12,45,544,110894161472,54908778195,3.5956097449206648,1.0140746956882463
2984,-9.-26.21.-26,3061,36992,7543022927728,3735017112331,3.595138352973687,1.0140279582662433
2985,-9.-27.15.-15,1531,18496,3772621437680,1868118653701,3.594667115000891,1.0139812498589553
2986,-9.-28.-3.17,3063,36992,7547462822992,3737457502473,3.5941960309017214,1.0139345704393476
2987,-9.-3.-21.36,383,4624,943710346328,467334712193,3.5937251005757216,1.0138879199804185
2988,-9.-3.-5.8,3065,36992,7551902718256,3739897892615,3.593254323922535,1.0138412984552014
2989,-9.-31.11.-6,1533,18496,3777061332944,1870559043843,3.5927837008419012,1.0137947058367616
2990,-9.-31.3.8,3067,36992,7556342613520,3742338282757,3.592313231233659,1.0137481420981986
2991,-9.-32.13.-9,767,9248,1889640640288,935889619457,3.5918429149977453,1.0137016072126457
2992,-9.-4.-3.5,3069,36992,7560782508784,3744778672899,3.591372752034194,1.0136551011532684
2993,-9.-5.-1.2,1535,18496,3781501228208,1872999433985,3.590902742243137,1.0136086238932664
2994,-9.-5.-21.37,3071,36992,7565222404048,3747219063041,3.590432885524804,1.0135621754058726
2995,-9.-6.-19.34,24,289,118241286745,58569363408,3.5899631817795226,1.0135157556643526
2996,-9.-6.1.-1,3073,36992,7569662299312,3749659453183,3.5894936309077163,1.0134693646420057
2997,-9.-7.3.-4,1537,18496,3785941123472,1875439824127,3.5890242328099076,1.013423002312164
2998,-9.-8.5.-7,3075,36992,7574102194576,3752099843325,3.5885549873867144,1.0133766686481924
2999,-9.-9.7.-10,769,9248,1894080535552,938330009599,3.5880858945388523,1.0133303636234892
3000,0.-1.14.-24,181,2176,445796593520,220855307851,3.5876169541671343,1.0132840872114854
3001,0.-12.12.-15,1539,18496,3790381018736,1877880214269,3.5871481661724687,1.0132378393856452
3002,0.-13.14.-18,3079,36992,7582981985104,3756980623609,3.5866795304558616,1.0131916201194655
3003,0.-14.16.-21,385,4624,948150241592,469775102335,3.586211046918415,1.013145429386475
3004,0.-15.18.-24,3081,36992,7587421880368,3759421013751,3.5857427154613273,1.013099267160237
3005,0.-18.-4.16,1541,18496,3794820914000,1880320604411,3.5852745359858935,1.013053133414346
3006,0.-2.16.-27,3083,36992,7591861775632,3761861403893,3.5848065083935037,1.01300702812243
3007,0.-22.4.4,771,9248,1898520430816,940770399741,3.5843386325856446,1.0129609512581488
3008,0.-3.18.-30,3085,36992,7596301670896,3764301794035,3.5838709084638984,1.012914902795195
3009,0.0.-12.21,1543,18496,3799260809264,1882760994553,3.583403335929944,1.0128688827072942
3010,0.0.12.-21,3087,36992,7600741566160,3766742184177,3.5829359148855544,1.012822890968204
3011,0.1.-14.24,193,2312,475185094612,235497648703,3.5824686452325984,1.0127769275517142
3012,0.12.-12.15,3089,36992,7605181461424,3769182574319,3.582001526873041,1.0127309924316472
3013,0.13.-14.18,1545,18496,3803700704528,1885201384695,3.581534559708942,1.0126850855818577
3014,0.14.-16.21,3091,36992,7609621356688,3771622964461,3.581067743642455,1.0126392069762327
3015,0.15.-18.24,773,9248,1902960326080,943210789883,3.5806010785758313,1.0125933565886909
3016,0.18.4.-16,3093,36992,7614061251952,3774063354603,3.580134564411414,1.0125475343931836
3017,0.2.-16.27,91,1088,224008270576,111037751461,3.579668201051643,1.012501740363694
3018,0.22.-4.-4,3095,36992,7618501147216,3776503744745,3.579201988399052,1.0124559744742374
3019,0.3.-18.30,387,4624,952590136856,472215492477,3.5787359263562686,1.012410236698861
3020,1.-12.-5.15,3097,36992,7622941042480,3778944134887,3.578270014826016,1.0123645270116441
3021,1.-12.15.-20,1549,18496,3812580495056,1890082164979,3.5778042537111103,1.0123188453866978
3022,1.-13.17.-23,3099,36992,7627380937744,3781384525029,3.577338642914463,1.012273191798165
3023,1.-14.19.-26,775,9248,1907400221344,945651180025,3.576873182339079,1.0122275662202203
3024,1.-15.21.-29,3101,36992,7631820833008,3783824915171,3.576407871888056,1.0121819686270699
3025,1.-16.-5.17,1551,18496,3817020390320,1892522555121,3.575942711464588,1.0121363989929522
3026,1.-17.-3.14,3103,36992,7636260728272,3786265305313,3.57547770097196,1.0120908572921372
3027,1.-17.5.0,97,1156,238702521122,118358921887,3.5750128403135513,1.0120453434989256
3028,1.-20.3.5,3105,36992,7640700623536,3788705695455,3.574548129392835,1.0119998575876508
3029,1.-21.5.2,1553,18496,3821460285584,1894962945263,3.5740835681133776,1.0119543995326767
3030,1.1.13.-23,3107,36992,7645140518800,3791146085597,3.573619156378838,1.0119089693083998
3031,1.13.-11.13,777,9248,1911840116608,948091570167,3.5731548940929687,1.0118635668892468
3032,1.14.-13.16,3109,36992,7649580414064,3793586475739,3.572690781159615,1.0118181922496763
3033,1.19.5.-18,1555,18496,3825900180848,1897403335405,3.572226817482714,1.0117728453641783
3034,1.2.11.-20,183,2176,450236488784,223295697993,3.571763002966297,1.0117275262072738
3035,1.2.19.-34,389,4624,957030032120,474655882619,3.571299337514487,1.0116822347535155
3036,1.20.3.-15,3113,36992,7658460204592,3798467256023,3.570835821031499,1.0116369709774862
3037,1.21.-19.23,1557,18496,3830340076112,1899843725547,3.570372453421642,1.0115917348538008
3038,1.23.-3.-6,3115,36992,7662900099856,3800907646165,3.5699092345893146,1.0115465263571053
3039,1.23.5.-20,779,9248,1916280011872,950531960309,3.5694461644390096,1.0115013454620763
3040,1.24.-5.-3,3117,36992,7667339995120,3803348036307,3.5689832428753108,1.011456192143421
3041,1.24.3.-17,1559,18496,3834779971376,1902284115689,3.568520469802894,1.011411066375878
3042,1.27.-3.-8,3119,36992,7671779890384,3805788426449,3.568057845126527,1.0113659681342169
3043,1.28.-5.-5,195,2312,479624989876,237938038845,3.567595368751068,1.0113208973932382
3044,1.3.-15.25,3121,36992,7676219785648,3808228816591,3.5671330405814685,1.0112758541277727
3045,1.4.-17.28,1561,18496,3839219866640,1904724505831,3.56667086052277,1.0112308383126818
3046,1.5.-19.31,3123,36992,7680659680912,3810669206733,3.5662088284801055,1.0111858499228583
3047,1.6.-21.34,781,9248,1920719907136,952972350451,3.5657469443586995,1.0111408889332256
3048,10.12.18.-35,3125,36992,7685099576176,3813109596875,3.565285208063867,1.0110959553187366
3049,10.13.16.-32,1563,18496,3843659761904,1907164895973,3.5648236195010146,1.0110510490543765
3050,10.14.14.-29,3127,36992,7689539471440,3815549987017,3.5643621785756383,1.0110061701151587
3051,10.15.-8.9,23,272,56557054552,28064486633,3.5639008851933265,1.0109613184761295
3052,10.15.12.-26,3129,36992,7693979366704,3817990377159,3.563439739259757,1.010916494112364
3053,10.16.-10.12,1565,18496,3848099657168,1909605286115,3.5629787406806983,1.0108716969989682
3054,10.24.-18.22,3131,36992,7698419261968,3820430767301,3.562517889362009,1.0108269271110784
3055,10.25.-20.25,783,9248,1925159802400,955412740593,3.562057185209638,1.010782184423861
3056,10.25.16.-38,3133,36992,7702859157232,3822871157443,3.561596628129625,1.0107374689125121
3057,10.26.14.-35,1567,18496,3852539552432,1912045676257,3.5611362180280985,1.0106927805522599
3058,10.27.-12.10,3135,36992,7707299052496,3825311547585,3.5606759548112774,1.0106481193183605
3059,10.27.12.-32,49,578,120461234377,59789558479,3.5602158383854707,1.010603485186101
3060,10.28.-14.13,3137,36992,7711738947760,3827751937727,3.559755868657076,1.010558878130799
3061,10.29.-16.16,1569,18496,3856979447696,1914486066399,3.559296045532581,1.0105142981278015
3062,10.30.-18.19,3139,36992,7716178843024,3830192327869,3.5588363689185636,1.0104697451524849
3063,10.39.-12.4,785,9248,1929599697664,957853130735,3.5583768387216894,1.0104252191802572
3064,10.40.-14.7,3141,36992,7720618738288,3832632718011,3.5579174548487145,1.0103807201865547
3065,10.41.-16.10,1571,18496,3861419342960,1916926456541,3.5574582172064826,1.0103362481468436
3066,10.5.20.-35,3143,36992,7725058633552,3835073108153,3.5569991257019278,1.010291803036621
3067,10.5.4.-7,393,4624,965909822648,479536662903,3.5565401802420724,1.0102473848314129
3068,10.6.10.-18,185,2176,454676384048,225736088135,3.5560813807340272,1.010202993506775
3069,10.6.18.-32,1573,18496,3865859238224,1919366846683,3.5556227270849923,1.0101586290382922
3070,10.6.2.-4,787,9248,1934039592928,960293520877,3.554705856993192,1.0100699805722833
3071,10.7.0.-1,1575,18496,3870299133488,1921807236825,3.5537895692260375,1.0099814392386604
3072,10.7.8.-15,3151,36992,7742818214608,3844834668721,3.5533316434831392,1.0099372086857703
3073,10.8.-2.2,3153,36992,7747258109872,3847275058863,3.552416227817344,1.009848827686645
3074,10.9.-4.5,1577,18496,3874739028752,1924247626967,3.5519587377101685,1.0098046771920222
3075,11.10.5.-11,3155,36992,7751698005136,3849715449005,3.5515013926307675,1.0097605533351492
3076,11.13.19.-37,789,9248,1938479488192,962733911019,3.5510441924872205,1.0097164560919059
3077,11.14.17.-34,3157,36992,7756137900400,3852155839147,3.550587137187694,1.0096723854382001
3078,11.15.-5.4,1579,18496,3879178924016,1926688017109,3.5501302266404418,1.0096283413499694
3079,11.15.15.-31,3159,36992,7760577795664,3854596229289,3.5496734607538056,1.0095843238031803
3080,11.16.-7.7,395,4624,970349717912,481977053045,3.5492168394362134,1.0095403327738286
3081,11.17.-9.10,3161,36992,7765017690928,3857036619431,3.5487603625961803,1.0094963682379383
3082,11.24.-15.17,93,1088,228448165840,113478141603,3.548304030142308,1.009452430171563
3083,11.25.-17.20,3163,36992,7769457586192,3859477009573,3.5478478419832853,1.0094085185507853
3084,11.26.13.-33,791,9248,1942919383456,965174301161,3.547391798027887,1.0093646333517161
3085,11.27.15.-37,3165,36992,7773897481456,3861917399715,3.5469358981849752,1.009320774550495
3086,11.28.13.-34,1583,18496,3888058714544,1931568797393,3.5464801423634977,1.0092769421232912
3087,11.29.11.-31,3167,36992,7778337376720,3864357789857,3.5460245304724887,1.0092331360463016
3088,11.30.-15.14,99,1156,243142416386,120799312029,3.545569062421069,1.0091893562957526
3089,11.31.-17.17,3169,36992,7782777271984,3866798179999,3.545113738118445,1.009145602847898
3090,11.32.-19.20,1585,18496,3892498609808,1934009187535,3.5446585574739093,1.009101875679022
3091,11.35.3.-20,3171,36992,7787217167248,3869238570141,3.54420352039684,1.0090581747654357
3092,11.38.-3.-11,793,9248,1947359278720,967614691303,3.5437486267967,1.0090145000834791
3093,11.39.-13.6,3173,36992,7791657062512,3871678960283,3.543293876583041,1.0089708516095217
3094,11.40.-11.2,1587,18496,3896938505072,1936449577677,3.542839269665497,1.0089272293199598
3095,11.41.-13.5,3175,36992,7796096957776,3874119350425,3.5423848059537884,1.0088836331912192
3096,11.42.-15.8,397,4624,974789613176,484417443187,3.541930485357721,1.0088400631997532
3097,11.8.1.-3,1589,18496,3901378400336,1938889967819,3.54102227315216,1.0087530015346025
3098,11.8.17.-31,11,128,459116279312,228176478277,3.5405683813627027,1.0087095098139662
3099,11.8.9.-17,795,9248,1951799173984,970055081445,3.540114632328961,1.0086660441367021
3100,11.9.-1.0,1591,18496,3905818295600,1941330357961,3.539207562169631,1.0085791908186963
3101,11.9.15.-28,3183,36992,7813856538832,3883880910993,3.538754240864758,1.0085358031312284
3102,11.9.7.-14,199,2312,488504780404,242818819129,3.53830106195703,1.0084924413936793
3103,12.10.8.-16,3185,36992,7818296434096,3886321301135,3.537848025357016,1.0084491055827558
3104,12.11.6.-13,1593,18496,3910258190864,1943770748103,3.537395130975369,1.0084057956751922
3105,12.12.4.-10,3187,36992,7822736329360,3888761691277,3.536942378722826,1.0083625116477517
3106,12.15.18.-36,797,9248,1956239069248,972495471587,3.536489768510207,1.0083192534772234
3107,12.16.-4.2,3189,36992,7827176224624,3891202081419,3.536037300248418,1.0082760211404256
3108,12.17.-6.5,1595,18496,3914698086128,1946211138245,3.535584973848447,1.0082328146142046
3109,12.18.-8.8,3191,36992,7831616119888,3893642471561,3.535132789221367,1.0081896338754333
3110,12.22.12.-29,399,4624,979229508440,486857833329,3.534680746278333,1.0081464789010128
3111,12.24.8.-23,3193,36992,7836056015152,3896082861703,3.534228844930585,1.0081033496678715
3112,12.28.12.-32,1597,18496,3919137981392,1948651528387,3.5337770850894463,1.008060246152966
3113,12.29.10.-29,3195,36992,7840495910416,3898523251845,3.533325466666322,1.00801716833328
3114,12.32.-8.1,47,544,115334056736,57349168337,3.532873989572702,1.007974116185824
3115,12.33.-18.18,3197,36992,7844935805680,3900963641987,3.5324226537201584,1.0079310896876377
3116,12.34.-12.7,1599,18496,3923577876656,1951091918529,3.531971459020347,1.0078880888157866
3117,12.36.4.-22,3199,36992,7849375700944,3903404032129,3.531520405385005,1.0078451135473638
3118,12.37.2.-19,25,289,122681182009,61009753550,3.5310694927259543,1.0078021638594903
3119,12.39.-10.1,3201,36992,7853815596208,3905844422271,3.530618720955098,1.007759239729314
3120,12.39.-2.-13,1601,18496,3928017771920,1953532308671,3.530168089984422,1.0077163411340107
3121,12.40.-12.4,3203,36992,7858255491472,3908284812413,3.5297175997259953,1.0076734680507817
3122,12.40.-4.-10,801,9248,1965118859776,977376251871,3.529267250091969,1.0076306204568573
3123,13.13.5.-12,3205,36992,7862695386736,3910725202555,3.5288170409945754,1.0075877983294939
3124,13.14.3.-9,1603,18496,3932457667184,1955972698813,3.528366972346131,1.0075450016459755
3125,13.15.9.-20,3207,36992,7867135282000,3913165592697,3.527917044059032,1.0075022303836125
3126,13.17.-3.0,401,4624,983669403704,489298223471,3.5274672560457585,1.0074594845197429
3127,13.18.-5.3,3209,36992,7871575177264,3915605982839,3.527017608218871,1.0074167640317315
3128,13.22.15.-34,1605,18496,3936897562448,1958413088955,3.5265681004910134,1.00737406889697
3129,13.23.13.-31,3211,36992,7876015072528,3918046372981,3.526118732774909,1.0073313990928763
3130,13.24.-9.7,803,9248,1969558755040,979816642013,3.525669504983364,1.007288754596896
3131,13.24.11.-28,189,2176,463556174576,230616868419,3.5252204170292667,1.0072461353865017
3132,13.35.-11.5,1607,18496,3941337457712,1960853479097,3.524771468825585,1.0072035414391918
3133,13.35.13.-37,3215,36992,7884894863056,3922927153265,3.5243226602853692,1.007160972732492
3134,13.36.-13.8,201,2312,492944675668,245259209271,3.52387399132175,1.0071184292439546
3135,13.37.-15.11,3217,36992,7889334758320,3925367543407,3.5234254618479404,1.0070759109511582
3136,13.38.3.-21,1609,18496,3945777352976,1963293869239,3.5229770717772326,1.0070334178317089
3137,13.41.-3.-12,3219,36992,7893774653584,3927807933549,3.5225288210230006,1.0069909498632381
3138,13.48.-13.2,805,9248,1973998650304,982257032155,3.5220807094986997,1.0069485070234045
3139,14.16.2.-8,3221,36992,7898214548848,3930248323691,3.521632737117864,1.0069060892898931
3140,14.17.8.-19,1611,18496,3950217248240,1965734259381,3.52118490379411,1.0068636966404156
3141,14.18.-2.-2,3223,36992,7902654444112,3932688713833,3.5207372094411338,1.00682132905271
3142,14.18.6.-16,403,4624,988109298968,491738613613,3.5202896539727115,1.0067789865045402
3143,14.24.-6.2,3225,36992,7907094339376,3935129103975,3.5198422373027003,1.0067366689736965
3144,14.24.14.-33,1613,18496,3954657143504,1968174649523,3.519394959345036,1.006694376437996
3145,14.25.-8.5,3227,36992,7911534234640,3937569494117,3.5189478200137367,1.0066521088752818
3146,14.36.14.-39,807,9248,1978438545568,984697422297,3.5185008192228984,1.006609866263423
3147,14.37.12.-36,3229,36992,7915974129904,3940009884259,3.518053956886698,1.006567648580315
3148,14.38.-14.9,95,1088,232888061104,115918531745,3.5176072329193917,1.0065254558038796
3149,14.39.0.-16,101,1156,247582311650,123239702171,3.516714199748884,1.0064411448828428
3150,14.49.-12.0,3233,36992,7924853920432,3944890664543,3.516267890374593,1.0063990266942147
3151,14.50.-14.3,1617,18496,3963536934032,1973055429807,3.515821719027017,1.0063569333242053
3152,15.20.5.-15,3235,36992,7929293815696,3947331054685,3.515375685620809,1.0063148647508668
3153,15.25.-5.0,809,9248,1982878440832,987137812439,3.5149297900707013,1.0062728209522764
3154,15.37.11.-34,3237,36992,7933733710960,3949771444827,3.5144840322915054,1.0062308019065374
3155,15.38.13.-38,1619,18496,3967976829296,1975495819949,3.5140384121981127,1.0061888075917789
3156,15.44.5.-27,3239,36992,7938173606224,3952211834969,3.513592929705492,1.006146837986156
3157,15.48.-11.-1,405,4624,992549194232,494179003755,3.5131475847286917,1.0061048930678491
3158,15.49.-5.-12,3241,36992,7942613501488,3954652225111,3.5127023771828383,1.006062972815065
3159,15.51.-13.1,1621,18496,3972416724560,1977936210091,3.5122573069831375,1.0060210772060356
3160,16.46.4.-26,3243,36992,7947053396752,3957092615253,3.5118123740448723,1.0059792062190183
3161,16.50.-4.-14,811,9248,1987318336096,989578202581,3.511367578283406,1.0059373598322963
3162,17.44.7.-30,3245,36992,7951493292016,3959533005395,3.510922919614178,1.005895538024179
3163,17.46.11.-38,1623,18496,3976856619824,1980376600233,3.510478397952707,1.0058537407730002
3164,17.46.3.-24,191,2176,467996069840,233057258561,3.510034013214591,1.0058119680571196
3165,17.47.1.-21,203,2312,497384570932,247699599413,3.5095897653155026,1.005770219854923
3166,17.48.-1.-18,3249,36992,7960373082544,3964413785679,3.509145654171195,1.0057284961448207
3167,17.49.-3.-15,1625,18496,3981296515088,1982816990375,3.5087016796974995,1.0056867969052488
3168,17.51.-7.-9,3251,36992,7964812977808,3966854175821,3.5082578418103227,1.0056451221146685
3169,17.57.-11.-5,813,9248,1991758231360,992018592723,3.5078141404256513,1.0056034717515665
3170,18.47.12.-40,3253,36992,7969252873072,3969294565963,3.507370575459547,1.0055618457944544
3171,18.47.4.-26,1627,18496,3985736410352,1985257380517,3.506927146828151,1.00552024422187
3172,18.48.2.-23,407,4624,996989089496,496619393897,3.5060406982344317,1.0054371141445568
3173,18.49.0.-20,1629,18496,3990176305616,1987697770659,3.5051547939751613,1.0053540813484265
3174,18.50.-2.-17,815,9248,1996198126624,994458982865,3.504269433382239,1.00527114566268
3175,18.51.-4.-14,3261,36992,7987012454128,3979056126531,3.5038269567522136,1.0052297141829352
3176,18.59.-12.-4,1631,18496,3994616200880,1990138160801,3.5033846157887947,1.0051883069169179
3177,19.49.3.-25,3263,36992,7991452349392,3981496516673,3.5029424104088145,1.00514692384339
3178,19.50.1.-22,3265,36992,7995892244656,3983936906815,3.502058406066886,1.0050642301889776
3179,19.51.-1.-19,3267,36992,8000332139920,3986377296957,3.501174943062616,1.0049816330502936
3180,19.52.-3.-16,817,9248,2000638021888,996899373007,3.5007334143549955,1.0049403706215188
3181,19.53.7.-34,3269,36992,8004772035184,3988817687099,3.5002920207334127,1.0048991322583287
3182,19.60.-7.-13,1635,18496,4003495991408,1995018941085,3.499850762115234,1.0048579179396584
3183,2.-10.-6.16,3271,36992,8009211930448,3991258077241,3.4994096384179003,1.004816727644469
3184,2.-11.-4.13,409,4624,1001428984760,499059784039,3.4989686495589303,1.0047755613517444
3185,2.-12.-2.10,3273,36992,8013651825712,3993698467383,3.4985277954559155,1.0047344190404937
3186,2.-12.18.-25,1637,18496,4007935886672,1997459331227,3.4980870760265255,1.0046933006897514
3187,2.-13.20.-28,3275,36992,8018091720976,3996138857525,3.4976464911885037,1.004652206278575
3188,2.-14.2.4,819,9248,2005077917152,999339763149,3.49720604085967,1.0046111357860479
3189,2.-14.22.-31,3277,36992,8022531616240,3998579247667,3.496765724957919,1.0045700891912759
3190,2.-15.-4.15,1639,18496,4012375781936,1999899721369,3.49632554340122,1.0045290664733915
3191,2.-15.4.1,3279,36992,8026971511504,4001019637809,3.495885496107618,1.0044880676115497
3192,2.-16.-2.12,205,2312,501824466196,250139989555,3.4954455829952327,1.0044470925849305
3193,2.-16.6.-2,193,2176,472435965104,235497648703,3.495005803982259,1.004406141372738
3194,2.-17.8.-5,1641,18496,4016815677200,2002340111511,3.494566158986966,1.004365213954201
3195,2.-18.2.6,3283,36992,8035851302032,4005900418093,3.4941266479276982,1.0043243103085715
3196,2.-19.4.3,821,9248,2009517812416,1001780153291,3.4936872707228743,1.0042834304151265
3197,2.-9.-8.19,3285,36992,8040291197296,4008340808235,3.4932480272909867,1.0042425742531664
3198,2.21.-16.18,1643,18496,4021255572464,2004780501653,3.4928089175506045,1.0042017418020162
3199,2.21.4.-17,3287,36992,8044731092560,4010781198377,3.492369941420369,1.0041609330410246
3200,2.22.-18.21,411,4624,1005868880024,501500174181,3.4919310988189958,1.004120147949565
3201,2.23.-20.24,3289,36992,8049170987824,4013221588519,3.4914923896652765,1.0040793865070337
3202,2.24.6.-22,1645,18496,4025695467728,2007220891795,3.491053813878075,1.0040386486928514
3203,2.25.-4.-5,3291,36992,8053610883088,4015661978661,3.4906153713763297,1.0039979344864631
3204,2.25.4.-19,823,9248,2013957707680,1004220543433,3.490177062079053,1.0039572438673368
3205,2.26.2.-16,3293,36992,8058050778352,4018102368803,3.4897388859053313,1.0039165768149652
3206,2.28.-2.-10,1647,18496,4030135362992,2009661281937,3.489300842774324,1.0038759333088638
3207,2.29.-4.-7,3295,36992,8062490673616,4020542758945,3.4888629326052647,1.0038353133285733
3208,2.3.20.-36,103,1156,252022206914,125680092313,3.4884251553174606,1.0037947168536567
3209,2.30.-6.-4,3297,36992,8066930568880,4022983149087,3.487987510830292,1.0037541438637012
3210,2.4.18.-33,97,1088,237327956368,118358921887,3.4875499990632117,1.003713594338318
3211,2.5.16.-30,3299,36992,8071370464144,4025423539229,3.4871126199357483,1.0036730682571409
3212,2.6.-18.29,825,9248,2018397602944,1006660933575,3.486675373367501,1.0036325655998288
3213,2.7.-20.32,3301,36992,8075810359408,4027863929371,3.4862382592781427,1.0035920863460628
3214,2.8.-22.35,1651,18496,4039015153520,2014542062221,3.485801277587421,1.003551630475548
3215,20.53.6.-32,3303,36992,8080250254672,4030304319513,3.4853644282151537,1.0035111979680134
3216,20.54.4.-29,413,4624,1010308775288,503940564323,3.4849277110812333,1.0034707888032108
3217,20.55.2.-26,3305,36992,8084690149936,4032744709655,3.484491126105625,1.0034304029609153
3218,20.57.-2.-20,1653,18496,4043455048784,2016982452363,3.484054673208365,1.0033900404209262
3219,20.58.-4.-17,3307,36992,8089130045200,4035185099797,3.483618352309564,1.0033497011630659
3220,20.59.-6.-14,827,9248,2022837498208,1009101323717,3.483182163329404,1.003309385167179
3221,21.55.5.-31,3309,36992,8093569940464,4037625489939,3.48274610618814,1.0032690924131353
3222,21.56.3.-28,1655,18496,4047894944048,2019422842505,3.4823101808060986,1.003228822880826
3223,21.57.1.-25,3311,36992,8098009835728,4040065880081,3.4818743871036792,1.0031885765501667
3224,21.58.-1.-22,207,2312,506264361460,252580379697,3.4814387250013534,1.0031483534010954
3225,21.59.-3.-19,3313,36992,8102449730992,4042506270223,3.481003194419664,1.0031081534135742
3226,21.60.-5.-16,1657,18496,4052334839312,2021863232647,3.480567795279227,1.0030679765675872
3227,22.58.2.-27,195,2176,476875860368,237938038845,3.4801325275007287,1.0030278228431422
3228,22.60.-2.-21,829,9248,2027277393472,1011541713859,3.4796973910049283,1.00298769222027
3229,22.60.6.-35,3317,36992,8111329521520,4047387050507,3.479262385712657,1.0029475846790241
3230,22.66.-6.-17,1659,18496,4056774734576,2024303622789,3.4788275115448157,1.0029075001994816
3231,23.62.5.-34,3319,36992,8115769416784,4049827440649,3.478392768422379,1.0028674387617422
3232,23.67.-5.-19,415,4624,1014748670552,506380954465,3.4779581562663915,1.002827400345928
3233,3.-10.-3.11,3321,36992,8120209312048,4052267830791,3.47752367499797,1.0027873849321849
3234,3.-11.-1.8,3323,36992,8124649207312,4054708220933,3.476655104808647,1.0027074230316073
3235,3.-12.1.5,3325,36992,8129089102576,4057148611075,3.4757870572247644,1.0026275529016289
3236,3.-12.21.-30,1663,18496,4065654525104,2029184403073,3.4753532292134097,1.0025876522012198
3237,3.-13.11.-12,3327,36992,8133528997840,4059589001217,3.4749195316178128,1.002547774384233
3238,3.-13.3.2,26,289,127121077273,63450143692,3.4744859643595865,1.002507919430973
3239,3.-14.5.-1,3329,36992,8137968893104,4062029391359,3.4740525273604157,1.002468087321767
3240,3.-2.-11.21,1665,18496,4070094420368,2031624793215,3.473619220542054,1.0024282780369644
3241,3.-5.15.-23,3331,36992,8142408788368,4064469781501,3.4731860438263276,1.002388491556938
3242,3.-6.17.-26,49,544,119773952000,59789558479,3.472752997135131,1.0023487278620828
3243,3.-9.-5.14,3333,36992,8146848683632,4066910171643,3.4723200803904306,1.0023089869328163
3244,3.10.-15.22,1667,18496,4074534315632,2034065183357,3.471887293514262,1.0022692687495778
3245,3.11.-17.25,3335,36992,8151288578896,4069350561785,3.4714546364287315,1.0022295732928297
3246,3.24.-19.22,417,4624,1019188565816,508821344607,3.4710221090560154,1.0021899005430568
3247,3.27.3.-18,3337,36992,8155728474160,4071790951927,3.4705897113183592,1.002150250480766
3248,3.28.1.-15,3339,36992,8160168369424,4074231342069,3.469725304437563,1.0020710183407702
3249,3.29.-1.-12,3341,36992,8164608264688,4076671732211,3.4688614151657085,1.0019918767173448
3250,3.30.-3.-9,1671,18496,4083414106160,2038945963641,3.468429664439491,1.0019523398008499
3251,3.5.19.-35,3343,36992,8169048159952,4079112122353,3.4679980428832753,1.0019128254553464
3252,3.9.-21.33,209,2312,510704256724,255020769839,3.467566550419796,1.0018733336614976
3253,4.-1.-10.19,3345,36992,8173488055216,4081552512495,3.4671351869718556,1.0018338643999873
3254,4.-10.0.6,3347,36992,8177927950480,4083992902637,3.466272846814149,1.0017549933968337
3255,4.-10.16.-22,837,9248,2045036974528,1021303274427,3.465841869950335,1.0017155916166693
3256,4.-10.8.-8,197,2176,481315755632,240378428987,3.465411021793963,1.001676212291803
3257,4.-11.10.-11,1675,18496,4092293896688,2043826743925,3.4649803022681818,1.0016368554030297
3258,4.-11.2.3,419,4624,1023628461080,511261734749,3.4641192488013273,1.0015582088570496
3259,4.-12.12.-14,3353,36992,8191247636272,4091314073063,3.4636889147068946,1.001518919161542
3260,4.-12.4.0,1677,18496,4096733791952,2046267134067,3.4632587089363325,1.0014796518255245
3261,4.-2.-8.16,3355,36992,8195687531536,4093754463205,3.462828631413133,1.0014404068299014
3262,4.-3.-6.13,839,9248,2049476869792,1023743664569,3.4623986820608557,1.0014011841555988
3263,4.-3.14.-22,3357,36992,8200127426800,4096194853347,3.4619688608031285,1.0013619837835632
3264,4.-4.16.-25,1679,18496,4101173687216,2048707524209,3.4615391675636484,1.0013228056947647
3265,4.-5.18.-28,3359,36992,8204567322064,4098635243489,3.4611096022661805,1.0012836498701936
3266,4.-6.20.-31,105,1156,256462102178,128120482455,3.460680164834556,1.0012445162908623
3267,4.-8.-4.12,3361,36992,8209007217328,4101075633631,3.460250855192677,1.0012054049378047
3268,4.-9.-2.9,3363,36992,8213447112592,4103516023773,3.459392618974096,1.0011272488347556
3269,4.-9.6.-5,841,9248,2053916765056,1026184054711,3.4589636922455345,1.0010882040469393
3270,4.0.-12.22,3365,36992,8217887007856,4105956413915,3.4585348930029993,1.0010491814097489
3271,4.10.12.-25,99,1088,241767851632,120799312029,3.4581062211707296,1.001010180904325
3272,4.11.-14.20,3367,36992,8222326903120,4108396804057,3.4576776766730326,1.0009712025118314
3273,4.11.10.-22,421,4624,1028068356344,513702124891,3.457249259434283,1.0009322462134518
3274,4.12.-16.23,3369,36992,8226766798384,4110837194199,3.4568209693789216,1.0008933119903924
3275,4.13.-18.26,1685,18496,4114493373008,2056028694635,3.4563928064314577,1.0008543998238801
3276,4.14.-20.29,3371,36992,8231206693648,4113277584341,3.4559647705164687,1.000815509695163
3277,4.21.-10.8,843,9248,2058356660320,1028624444853,3.4555368615585964,1.0007766415855113
3278,4.22.-12.11,3373,36992,8235646588912,4115717974483,3.4551090794825523,1.0007377954762153
3279,4.30.0.-14,3375,36992,8240086484176,4118158364625,3.454253895675123,1.0006601691839607
3280,4.31.6.-25,211,2312,515144151988,257461159981,3.453826493793494,1.0006213889636897
3281,4.32.4.-22,3377,36992,8244526379440,4120598754767,3.4533992184932023,1.0005826306691492
3282,4.36.-4.-10,1689,18496,4123373163536,2060909474919,3.452972069699293,1.000543894281737
3283,4.37.-6.-7,3379,36992,8248966274704,4123039144909,3.4525450473368773,1.00050517978287
3284,4.6.-16.26,845,9248,2062796555584,1031064834995,3.452118151331132,1.0004664871539868
3285,5.-1.-7.14,3381,36992,8253406169968,4125479535051,3.4516913816073016,1.0004278163765474
3286,5.-10.3.1,1691,18496,4127813058800,2063349865061,3.4512647380906953,1.000389167432032
3287,5.-3.-3.8,199,2176,485755650896,242818819129,3.4508382207066908,1.0003505403019424
3288,5.-3.17.-27,423,4624,1032508251608,516142515033,3.450411829380729,1.0003119349678011
3289,5.-4.19.-30,3385,36992,8262285960496,4130360315335,3.4499855640383195,1.0002733514111515
3290,5.-5.21.-33,1693,18496,4132252954064,2065790255203,3.449559424605037,1.000234789613558
3291,5.-6.3.-1,3387,36992,8266725855760,4132800705477,3.449133411006522,1.0001962495566048
3292,5.-7.-3.10,847,9248,2067236450848,1033505225137,3.4487075231684803,1.000157731221899
3293,5.-8.-1.7,3389,36992,8271165751024,4135241095619,3.4482817610166845,1.0001192345910659
3294,5.-8.7.-7,1695,18496,4136692849328,2068230645345,3.4478561244769725,1.0000807596457533
3295,5.-9.1.4,3391,36992,8275605646288,4137681485761,3.447430613475248,1.0000423063676291
3296,5.-9.17.-24,53,578,129341024905,64670338763,3.4470052279374794,1.0000038747383824
3297,5.-9.9.-10,3393,36992,8280045541552,4140121875903,3.4465799677897024,0.9999654647397219
3298,5.0.-9.17,1697,18496,4141132744592,2070671035487,3.4461548329580154,0.999927076353378
3299,5.10.11.-23,3395,36992,8284485436816,4142562266045,3.4457298233685845,0.9998887095611009
3300,5.11.13.-27,849,9248,2071676346112,1035945615279,3.4453049389476402,0.9998503643446619
3301,5.14.-17.24,3397,36992,8288925332080,4145002656187,3.444880179621478,0.9998120406858525
3302,5.15.-19.27,1699,18496,4145572639856,2073111425629,3.4444555453164583,0.9997737385664847
3303,5.16.-21.30,3399,36992,8293365227344,4147443046329,3.444031035959007,0.9997354579683911
3304,5.21.-11.10,25,272,60996949816,30504876775,3.4436066514756147,0.9996971988734249
3305,5.22.-13.13,3401,36992,8297805122608,4149883436471,3.443182391792837,0.9996589612634592
3306,5.23.-15.16,1701,18496,4150012535120,2075551815771,3.4427582568372936,0.999620745120388
3307,5.24.-13.12,3403,36992,8302245017872,4152323826613,3.4423342465356703,0.9995825504261255
3308,5.33.5.-24,851,9248,2076116241376,1038386005421,3.4419103608147164,0.999544377162606
3309,5.34.3.-21,3405,36992,8306684913136,4154764216755,3.4414865996012454,0.9995062253117843
3310,5.37.-3.-12,1703,18496,4154452430384,2077992205913,3.4410629628221363,0.9994680948556357
3311,5.38.-5.-9,3407,36992,8311124808400,4157204606897,3.4406394504043325,0.999429985776155
3312,5.8.-17.27,213,2312,519584047252,259901550123,3.440216062274841,0.9993918980553582
3313,5.8.15.-29,3409,36992,8315564703664,4159644997039,3.4397927983607324,0.9993538316752807
3314,5.9.13.-26,1705,18496,4158892325648,2080432596055,3.4393696585891442,0.9993157866179785
3315,6.-1.-4.9,3411,36992,8320004598928,4162085387181,3.4389466428872746,0.9992777628655273
3316,6.-2.-2.6,853,9248,2080556136640,1040826395563,3.4385237511823887,0.9992397604000234
3317,6.-3.0.3,1707,18496,4163332220912,2082872986197,3.437678339472941,0.9991638192583416
3318,6.-3.20.-32,3415,36992,8328884389456,4166966167465,3.437255819323226,0.9991258805464563
3319,6.-4.10.-14,427,4624,1041388042136,521023295317,3.4368334228801882,0.9990879630501026
3320,6.-4.2.0,201,2176,490195546160,245259209271,3.4364111500714105,0.9990500667514772
3321,6.-4.22.-35,1709,18496,4167772116176,2085313376339,3.4359890008245397,0.9990121916327958
3322,6.-5.20.-31,3419,36992,8337764179984,4171846947749,3.4355669750672844,0.9989743376762943
3323,6.-5.4.-3,855,9248,2084996031904,1043266785705,3.4351450727274186,0.9989365048642287
3324,6.-6.6.-6,3421,36992,8342204075248,4174287337891,3.434723293732779,0.9988986931788748
3325,6.0.-6.12,1711,18496,4172212011440,2087753766481,3.434301638011265,0.9988609026025278
3326,6.10.14.-28,3423,36992,8346643970512,4176727728033,3.433880105490841,0.998823133117503
3327,6.15.-20.29,107,1156,260901997442,130560872597,3.4334586960995317,0.9987853847061359
3328,6.17.-20.28,3425,36992,8351083865776,4179168118175,3.4330374097654275,0.9987476573507809
3329,6.18.-14.17,1713,18496,4176651906704,2090194156623,3.43261624641668,0.9987099510338124
3330,6.18.-22.31,3427,36992,8355523761040,4181608508317,3.4321952059815044,0.9986722657376248
3331,6.19.-16.20,857,9248,2089435927168,1045707175847,3.431774288388179,0.9986346014446321
3332,6.24.-14.14,3429,36992,8359963656304,4184048898459,3.4313534935650445,0.9985969581372675
3333,6.3.16.-28,1715,18496,4181091801968,2092634546765,3.4309328214405044,0.9985593357979841
3334,6.35.4.-23,3431,36992,8364403551568,4186489288601,3.4305122719430243,0.9985217344092545
3335,6.39.-4.-11,429,4624,1045827937400,523463685459,3.430091845001133,0.9984841539535709
3336,6.4.14.-25,3433,36992,8368843446832,4188929678743,3.4296715405434224,0.9984465944134451
3337,6.6.-10.16,101,1088,246207746896,123239702171,3.4292513584985445,0.9984090557714084
3338,7.-1.-1.4,859,9248,2093875822432,1048147565989,3.4284113613622154,0.9983340411118232
3339,7.-2.1.1,1719,18496,4189971592496,2097515327049,3.427571853022618,0.9982591098354539
3340,7.-2.17.-27,3439,36992,8382163132624,4196250849169,3.4271522819738878,0.9982216754225094
3341,7.-2.9.-13,215,2312,524023942516,262341940265,3.4267328329112186,0.9981842618032485
3342,7.-3.11.-16,3441,36992,8386603027888,4198691239311,3.4263135057636975,0.9981468689603383
3343,7.-3.19.-30,1721,18496,4194411487760,2099955717191,3.425894300460475,0.998109496876465
3344,7.-3.3.-2,861,9248,2098315717696,1050587956131,3.4250562551038346,0.9980348149166687
3345,7.-4.21.-33,3445,36992,8395482818416,4203572019595,3.424637414909025,0.9979975050062144
3346,7.0.-3.7,3447,36992,8399922713680,4206012409737,3.4238000991334094,0.9979229472380079
3347,7.15.-17.24,431,4624,1050267832664,525904075601,3.4233816234115806,0.9978856993458393
3348,7.16.-19.27,3449,36992,8404362608944,4208452799879,3.4229632690398253,0.9978484720920474
3349,7.17.-21.30,1725,18496,4203291278288,2104836497475,3.422545035947785,0.9978112654594717
3350,7.17.7.-19,203,2176,494635441424,247699599413,3.422126924065163,0.9977740794309709
3351,7.18.13.-30,863,9248,2102755612960,1053028346273,3.421708933321724,0.997736913989422
3352,7.19.-13.15,3453,36992,8413242399472,4213333580163,3.4212910636472924,0.9976997691177215
3353,7.19.11.-27,1727,18496,4207731173552,2107276887617,3.4208733149717543,0.9976626447987849
3354,7.20.-15.18,3455,36992,8417682294736,4215773970305,3.420455687225058,0.9976255410155463
3355,7.21.-17.21,27,289,131560972537,65890533834,3.4200381803372104,0.9975884577509587
3356,7.22.-19.24,3457,36992,8422122190000,4218214360447,3.41962079423828,0.9975513949879944
3357,7.24.-7.2,1729,18496,4212171068816,2109717277759,3.419203528858397,0.9975143527096442
3358,7.3.19.-33,3459,36992,8426562085264,4220654750589,3.418786384127751,0.9974773308989177
3359,7.30.-11.6,865,9248,2107195508224,1055468736415,3.418369359976592,0.9974403295388434
3360,7.31.-13.9,3461,36992,8431001980528,4223095140731,3.417952456335231,0.9974033486124686
3361,7.4.17.-30,1731,18496,4216610964080,2112157667901,3.41753567313404,0.9973663881028596
3362,7.5.15.-27,3463,36992,8435441875792,4225535530873,3.4171190103034506,0.9973294479931006
3363,7.6.13.-24,433,4624,1054707727928,528344465743,3.4167024677739537,0.9972925282662954
3364,7.7.-9.14,3465,36992,8439881771056,4227975921015,3.416286045476103,0.9972556289055662
3365,7.8.-11.17,1733,18496,4221050859344,2114598058043,3.415869743340509,0.9972187498940535
3366,8.-1.10.-15,3467,36992,8444321666320,4230416311157,3.4154535612978454,0.9971818912149165
3367,8.-1.18.-29,3,32,124213847264,62229948621,3.415037499278844,0.9971450528513336
3368,8.-1.2.-1,3469,36992,8448761561584,4232856701299,3.4146215572142964,0.9971082347865009
3369,8.-2.20.-32,1735,18496,4225490754608,2117038448185,3.4142057350350554,0.9970714370036338
3370,8.0.0.2,217,2312,528463837780,264782330407,3.4133744500561995,0.9969979022167483
3371,8.0.16.-26,3473,36992,8457641352112,4237737481583,3.412958987118587,0.9969611651792528
3372,8.1.-2.5,1737,18496,4229930649872,2119478838327,3.412543643790286,0.9969244483567679
3373,8.1.6.-9,3475,36992,8462081247376,4240177871725,3.4121284200024466,0.9968877517326007
3374,8.12.12.-25,869,9248,2116075298752,1060349516699,3.4117133156862787,0.9968510752900771
3375,8.14.8.-19,3477,36992,8466521142640,4242618261867,3.411298330773051,0.9968144190125415
3376,8.16.-16.22,1739,18496,4234370545136,2121919228469,3.410883465194092,0.9967777828833561
3377,8.17.-18.25,3479,36992,8470961037904,4245058652009,3.4104687188807885,0.9967411668859015
3378,8.17.14.-31,435,4624,1059147623192,530784855885,3.410054091764588,0.996704571003577
3379,8.18.-20.28,3481,36992,8475400933168,4247499042151,3.4096395837769964,0.9966679952197997
3380,8.18.12.-28,1741,18496,4238810440400,2124359618611,3.409225194849578,0.9966314395180055
3381,8.19.14.-32,3483,36992,8479840828432,4249939432293,3.408810924913956,0.9965949038816477
3382,8.2.4.-6,871,9248,2120515194016,1062789906841,3.408396773901814,0.9965583882941988
3383,8.20.12.-29,205,2176,499075336688,250139989555,3.4079827417448936,0.9965218927391485
3384,8.22.-16.19,1743,18496,4243250335664,2126800008753,3.407568828374994,0.9964854172000049
3385,8.22.-8.5,3487,36992,8488720618960,4254820212577,3.407155033723974,0.9964489616602947
3386,8.23.-18.22,109,1156,265341892706,133001262739,3.4067413577237526,0.9964125261035622
3387,8.24.-12.11,3489,36992,8493160514224,4257260602719,3.4063278003063044,0.9963761105133697
3388,8.24.-20.25,1745,18496,4247690230928,2129240398895,3.4059143614036644,0.9963397148732982
3389,8.26.4.-18,3491,36992,8497600409488,4259700992861,3.405501040947925,0.9963033391669457
3390,8.30.-12.8,873,9248,2124955089280,1065230296983,3.4050878388712387,0.9962669833779292
3391,8.30.-4.-6,3493,36992,8502040304752,4262141383003,3.4046747551058143,0.9962306474898828
3392,8.31.-14.11,1747,18496,4252130126192,2131680789037,3.4042617895839196,0.996194331486459
3393,8.32.-12.7,3495,36992,8506480200016,4264581773145,3.40384894223788,0.9961580353513284
3394,8.33.-14.10,437,4624,1063587518456,533225246027,3.4034362130000804,0.9961217590681789
3395,8.4.20.-35,3497,36992,8510920095280,4267022163287,3.4030236018029627,0.9960855026207169
3396,8.5.18.-32,1749,18496,4256570021456,2134121179179,3.402611108579026,0.9960492659926661
3397,8.6.-4.6,3499,36992,8515359990544,4269462553429,3.4021987332608297,0.9960130491677682
3398,8.6.16.-29,875,9248,2129394984544,1067670687125,3.4017864757809875,0.9959768521297828
3399,8.7.-6.9,3501,36992,8519799885808,4271902943571,3.4013743360721747,0.9959406748624874
3400,8.9.-10.15,103,1088,250647642160,125680092313,3.400962314067121,0.9959045173496768
3401,9.1.17.-28,3503,36992,8524239781072,4274343333713,3.400550409698616,0.9958683795751638
3402,9.12.15.-30,219,2312,532903733044,267222720549,3.4001386228995054,0.9958322615227789
3403,9.13.13.-27,3505,36992,8528679676336,4276783723855,3.3997269536026935,0.9957961631763702
3404,9.14.11.-24,1753,18496,4265449811984,2139001959463,3.399315401741141,0.9957600845198036
3405,9.15.9.-21,3507,36992,8533119571600,4279224113997,3.3989039672478665,0.9957240255369623
3406,9.18.-17.23,877,9248,2133834879808,1070111077267,3.3984926500559456,0.9956879862117471
3407,9.19.13.-30,3509,36992,8537559466864,4281664504139,3.398081450098512,0.995651966528077
3408,9.2.7.-11,1755,18496,4269889707248,2141442349605,3.3976703673087556,0.9956159664698877
3409,9.20.11.-27,3511,36992,8541999362128,4284104894281,3.3972594016199236,0.9955799860211332
3410,9.24.-21.27,439,4624,1068027413720,535665636169,3.3968485529653205,0.9955440251657843
3411,9.24.-9.6,3513,36992,8546439257392,4286545284423,3.3964378212783073,0.9955080838878297
3412,9.25.-11.9,1757,18496,4274329602512,2143882739747,3.396027206492303,0.9954721621712757
3413,9.25.-19.23,3515,36992,8550879152656,4288985674565,3.395616708540781,0.9954362600001454
3414,9.26.-13.12,879,9248,2138274775072,1072551467409,3.3952063273572746,0.99540037735848
3415,9.26.-21.26,3517,36992,8555319047920,4291426064707,3.394796062875372,0.9953645142303376
3416,9.27.-15.15,1759,18496,4278769497776,2146323129889,3.394385915028718,0.9953286705997937
3417,9.28.3.-17,207,2176,503515231952,252580379697,3.3939758837510143,0.9952928464509417
3418,9.3.21.-36,55,578,133780920169,67110728905,3.393565968976019,0.9952570417678916
3419,9.3.5.-8,3521,36992,8564198838448,4296306844991,3.3931561706375475,0.9952212565347708
3420,9.31.-11.6,1761,18496,4283209393040,2148763520031,3.3927464886694705,0.9951854907357246
3421,9.31.-3.-8,3523,36992,8568638733712,4298747235133,3.392336923005715,0.9951497443549147
3422,9.32.-13.9,881,9248,2142714670336,1074991857551,3.391927473580265,0.9951140173765203
3423,9.4.3.-5,3525,36992,8573078628976,4301187625275,3.3915181403271606,0.9950783097847382
3424,9.5.1.-2,1763,18496,4287649288304,2151203910173,3.391108923180497,0.995042621563782
3425,9.5.21.-37,3527,36992,8577518524240,4303628015417,3.390699822074427,0.9950069526978822
3426,9.6.-1.1,441,4624,1072467308984,538106026311,3.390290836943158,0.994971303171287
3427,9.6.19.-34,3529,36992,8581958419504,4306068405559,3.389881967720955,0.9949356729682614
3428,9.7.-3.4,1765,18496,4292089183568,2153644300315,3.389473214342136,0.9949000620730873
3429,9.8.-5.7,3531,36992,8586398314768,4308508795701,3.3890645767410787,0.9948644704700641
3430,9.9.-7.10,883,9248,2147154565600,1077432247693,3.3886560548522127,0.9948288981435077
3431,-18.-47.0.19,1767,18496,4296515108048,2156084690457,3.387839357949062,0.9947531201185096
3432,18.47.0.-19,13,136,537340135612,269663110691,3.3870231231092474,0.9946774238415366
3433,-1.-11.3.0,3541,36992,8608318785184,4320710746411,3.3849845541097627,0.9944628533526614
3434,-1.-8.-3.9,1773,18496,4309597700288,2163405860883,3.3829488616019905,0.9942488561868189
3435,-4.-17.-2.11,3551,36992,8630072015968,4332912697121,3.3809160374797074,0.9940354300468885
3436,-4.-19.2.5,889,9248,2160237157840,1084753418119,3.378886073670909,0.9938225726480177
3437,1.11.-3.0,3561,36992,8651825246752,4345114647831,3.376858962137616,0.9936102817175396
3438,1.8.3.-9,1783,18496,4331350931072,2175607811593,3.374834694875684,0.9933985549948928
3439,4.17.2.-11,3571,36992,8673578477536,4357316598541,3.372813263914613,0.9931873902315392
3440,4.19.-2.-5,447,4624,1085556886616,545427196737,3.370794661317361,0.992976785190886
3441,-2.-10.-2.8,895,9248,2173277940172,1092074588545,3.36918181034906,0.9928012968621585
3442,-2.-12.2.2,28,289,271930263389,136661847952,3.367570760443075,0.9926261789710179
3443,-4.-24.16.-17,897,9248,2177606274052,1094514978687,3.3659615075814178,0.9924514303444822
3444,-4.-8.-16.31,449,4624,1089885220496,547867586879,3.364354047759532,0.9922770498145216
3445,-6.-15.-16.34,899,9248,2181934607932,1096955368829,3.3627483769862314,0.9921030362180329
3446,-6.-31.16.-14,225,2312,546024693718,274543890975,3.3611444912836417,0.9919293883968132
3447,-7.-16.-17.36,53,544,2186262941812,1099395758971,3.3595423866871403,0.9917561051975339
3448,-7.-33.17.-15,451,4624,1094213554376,550307977021,3.357942059245298,0.9915831854717161
3449,0.-10.4.-2,903,9248,2190591275692,1101836149113,3.3563435050198205,0.9914106280757031
3450,0.-6.-4.10,113,1156,274094430329,137882043023,3.3547467200854912,0.9912384318706375
3451,0.10.-4.2,905,9248,2194919609572,1104276539255,3.3531517005301112,0.9910665957224342
3452,0.6.4.-10,453,4624,1098541888256,552748367163,3.3515584424544436,0.9908951185017559
3453,2.10.2.-8,907,9248,2199247943452,1106716929397,3.3499669419721565,0.9907239990839889
3454,2.12.-2.-2,227,2312,550353027598,276984281117,3.3483771952097636,0.9905532363492177
3455,4.24.-16.17,909,9248,2203576277332,1109157319539,3.346789198306572,0.9903828291822004
3456,4.8.16.-31,455,4624,1102870222136,555188757305,3.34520294741462,0.9902127764723448
3457,6.15.16.-34,911,9248,2207904611212,1111597709681,3.343618438698628,0.990043077113684
3458,6.31.-16.14,57,578,276258597269,139102238094,3.3420356683359373,0.9898737300048521
3459,7.16.17.-36,913,9248,2212232945092,1114038099823,3.340454632516457,0.9897047340490607
3460,7.33.-17.15,457,4624,1107198556016,557629147447,3.3388753274426093,0.9895360881540746
3461,-1.-11.-5.14,3659,36992,8864025168256,4464693764789,3.3376919821615916,0.9894007540550668
3462,-1.-14.-7.19,1831,18496,4435230944192,2234177175001,3.3365096067033417,0.9892656290288551
3463,-1.-16.5.-1,3665,36992,8876898608512,4472014935215,3.3353281994795045,0.9891307125907383
3464,-1.-21.7.-2,917,9248,2220833832160,1118918880107,3.3341477589056243,0.9889960042575144
3465,-1.14.-7.5,3671,36992,8889772048768,4479336105641,3.3329682834011316,0.9888615035474747
3466,-1.4.5.-11,1837,18496,4448104384448,2241498345427,3.3317897713893294,0.9887272099803973
3467,-1.7.7.-16,3677,36992,8902645489024,4486657276067,3.3306122212973825,0.9885931230775424
3468,-1.9.-5.4,115,1156,278408819036,140322433165,3.329435631556304,0.9884592423616462
3469,-15.-26.-5.18,3683,36992,8915518929280,4493978446493,3.328260000600941,0.9883255673569147
3470,-15.-31.5.3,1843,18496,4460977824704,2248819515853,3.3270853268699656,0.9881920975890185
3471,-16.-28.-4.17,217,2176,8928392369536,4501299616919,3.32591160880586,0.9880588325850874
3472,-16.-32.4.5,923,9248,2233707272416,1126240050533,3.3247388448549047,0.9879257718737043
3473,-17.-30.-3.16,3695,36992,8941265809792,4508620787345,3.3235670334671656,0.9877929149848999
3474,-17.-33.-5.21,1849,18496,4473851264960,2256140686279,3.322396173096483,0.9876602614501468
3475,-17.-33.3.7,3701,36992,8954139250048,4515941957771,3.3212262622004585,0.9875278108023549
3476,-17.-36.-7.26,463,4624,1120071996272,564950317873,3.3200572992404425,0.9873955625758641
3477,-17.-38.5.6,3707,36992,8967012690304,4523263128197,3.318889282681523,0.987263516306441
3478,-17.-43.7.5,1855,18496,4486724705216,2263461856705,3.317722210992513,0.9871316715312719
3479,-18.-35.-4.20,3713,36992,8979886130560,4530584298623,3.3165560826459384,0.9870000277889578
3480,-18.-38.-6.25,929,9248,2246580712672,1133561220959,3.315390896118026,0.9868685846195091
3481,-18.-39.4.8,3719,36992,8992759570816,4537905469049,3.3142266498886914,0.9867373415643402
3482,-18.-44.6.7,1861,18496,4499598145472,2270783027131,3.3130633424415272,0.9866062981662641
3483,-19.-40.-5.24,3725,36992,9005633011072,4545226639475,3.3119009722637927,0.9864754539694869
3484,-19.-45.5.9,233,2312,563254358200,284305451543,3.3107395378463984,0.9863448085196027
3485,-2.-13.-4.13,3731,36992,9018506451328,4552547809901,3.309579037683899,0.9862143613635883
3486,-2.-16.-6.18,1867,18496,4512471585728,2278104197557,3.308419470274477,0.9860841120497981
3487,-2.-17.4.1,3737,36992,9031379891584,4559868980327,3.3072608341199343,0.9859540601279583
3488,-2.-22.6.0,55,544,2259454152928,1140882391385,3.3061031277256796,0.985824205149162
3489,-2.2.6.-12,3743,36992,9044253331840,4567190150753,3.304946349600717,0.9856945466658648
3490,-2.8.-6.6,1873,18496,4525345025984,2285425367983,3.3037904982576336,0.9855650842318778
3491,-3.-15.-3.12,3749,36992,9057126772096,4574511321179,3.3026355722125884,0.9854358174023645
3492,-3.-18.-5.17,469,4624,1132945436528,572271488299,3.3014815699853024,0.9853067457338341
3493,-3.-18.3.3,3755,36992,9070000212352,4581832491605,3.300328490099045,0.9851778687841375
3494,-3.-19.17.-21,1879,18496,4538218466240,2292746538409,3.299176331080623,0.9850491861124613
3495,-3.-2.-17.30,3761,36992,9082873652608,4589153662031,3.2980250914603726,0.9849206972793235
3496,-3.-21.-7.22,941,9248,2272327593184,1148203561811,3.296874769772142,0.9847924018465685
3497,-3.-23.5.2,3767,36992,9095747092864,4596474832457,3.2957253645532862,0.9846642993773608
3498,-3.-28.7.1,1885,18496,4551091906496,2300067708835,3.294576874344652,0.9845363894361822
3499,-3.0.7.-13,3773,36992,9108620533120,4603796002883,3.2934292976905692,0.9844086715888247
3500,-3.7.-7.8,59,578,142422769582,71991509189,3.2922826331388375,0.9842811454023871
3501,-4.-14.0.6,1891,18496,4563965346752,2307388879261,3.2899920345509175,0.9840266662871674
3502,-4.-20.-4.16,3785,36992,9134367413632,4618438343735,3.288848097627585,0.9838997124990695
3503,-4.-23.-6.21,947,9248,2285201033440,1155524732237,3.287705067032294,0.9837729486532497
3504,-4.-24.4.4,223,2176,9147240853888,4625759514161,3.286562941330035,0.9836463743232647
3505,-4.-29.6.3,1897,18496,4576838787008,2314710049687,3.285421719089203,0.983519989083948
3506,-5.-14.-15.32,3797,36992,9160114294144,4633080684587,3.2842813988815895,0.9833937925114051
3507,-5.-22.-3.15,475,4624,1145818876784,579592658725,3.2831419792823686,0.9832677841830093
3508,-5.-25.3.6,3803,36992,9172987734400,4640401855013,3.2820034588700877,0.9831419636773964
3509,-5.-26.17.-18,1903,18496,4589712227264,2322031220113,3.280865836226657,0.9830163305744608
3510,-5.-28.-7.25,3809,36992,9185861174656,4647723025439,3.279729109937339,0.9828908844553496
3511,-5.-29.15.-13,953,9248,2298074473696,1162845902663,3.278593278590737,0.9827656249024591
3512,-5.-35.7.4,3815,36992,9198734614912,4655044195865,3.277458340778786,0.9826405514994292
3513,-5.-9.-17.33,1909,18496,4602585667520,2329352390539,3.276324295096741,0.9825156638311398
3514,-6.-10.-18.35,3821,36992,9211608055168,4662365366291,3.2751911401431677,0.9823909614837047
3515,-6.-21.0.9,3827,36992,9224481495424,4669686536717,3.272927496832183,0.9821421111020021
3516,-6.-24.-2.14,1915,18496,4615459107776,2336673560965,3.2717970056883594,0.9820179622460957
3517,-6.-26.2.8,3833,36992,9237354935680,4677007707143,3.270667399700161,0.9818939970677575
3518,-6.-27.-4.19,959,9248,2310947913952,1170167073089,3.269538677482548,0.9817702151592068
3519,-6.-28.18.-19,3839,36992,9250228375936,4684328877569,3.2684108376537293,0.9816466161138714
3520,-6.-30.-6.24,113,1088,4628332548032,2343994731391,3.2672838788351517,0.981523199526381
3521,-6.-31.4.7,3845,36992,9263101816192,4691650047995,3.26615779965149,0.9813999649925652
3522,-6.-36.6.6,481,4624,1158692317040,586913829151,3.265032598730637,0.9812769121094466
3523,-7.-11.-19.37,3851,36992,9275975256448,4698971218421,3.2639082747036934,0.981154040475238
3524,-7.-21.-15.35,1927,18496,4641205988288,2351315901817,3.2627848262049577,0.9810313496893383
3525,-7.-29.-3.18,3857,36992,9288848696704,4706292388847,3.261662251871917,0.980908839352326
3526,-7.-30.19.-20,965,9248,2323821354208,1177488243515,3.2605405503452363,0.9807865090659572
3527,-7.-32.-5.23,3863,36992,9301722136960,4713613559273,3.2594197202687476,0.9806643584331604
3528,-7.-32.3.9,1933,18496,4654079428544,2358637072243,3.258299760289443,0.9805423870580314
3529,-7.-35.-7.28,3869,36992,9314595577216,4720934729699,3.2571806690574623,0.9804205945458302
3530,-7.-36.15.-10,121,1156,291282259292,147643603591,3.2560624452260845,0.980298980502976
3531,-7.-37.5.8,3875,36992,9327469017472,4728255900125,3.2549450874517167,0.9801775445370435
3532,-7.-42.7.7,1939,18496,4666952868800,2365958242669,3.2538285943938865,0.9800562862567579
3533,0.-15.6.-3,3881,36992,9340342457728,4735577070551,3.2527129647152306,0.9799352052719914
3534,0.-9.-6.15,971,9248,2336694794464,1184809413941,3.2515981970814867,0.9798143011937585
3535,0.15.-6.3,3887,36992,9353215897984,4742898240977,3.2504842901614817,0.9796935736342122
3536,0.9.6.-15,1945,18496,4679826309056,2373279413095,3.2493712426271246,0.9795730222066393
3537,1.-14.7.-5,229,2176,9366089338240,4750219411403,3.2482590531533955,0.9794526465254574
3538,1.-4.-5.11,487,4624,1171565757296,594234999577,3.2471477204183365,0.9793324462062089
3539,1.-7.-7.16,3899,36992,9378962778496,4757540581829,3.246037243103043,0.9792124208655587
3540,1.-9.5.-4,1951,18496,4692699749312,2380600583521,3.2449276198916523,0.9790925701212893
3541,1.11.5.-14,3905,36992,9391836218752,4764861752255,3.2438188494713374,0.9789728935922966
3542,1.14.7.-19,977,9248,2349568234720,1192130584367,3.2427109305322936,0.9788533908985859
3543,1.16.-5.1,3911,36992,9404709659008,4772182922681,3.2416038617677336,0.9787340616612685
3544,1.21.-7.2,1957,18496,4705573189568,2387921753947,3.240497641873875,0.9786149055025567
3545,15.26.5.-18,3917,36992,9417583099264,4779504093107,3.2393922695499326,0.9784959220457606
3546,15.31.-5.-3,245,2312,589001238712,298947792395,3.238287743498108,0.9783771109152836
3547,16.28.4.-17,3923,36992,9430456539520,4786825263533,3.2371840624235833,0.9782584717366187
3548,16.32.-4.-5,1963,18496,4718446629824,2395242924373,3.2360812250345075,0.9781400041363445
3549,17.30.3.-16,3929,36992,9443329979776,4794146433959,3.234979230041992,0.978021707742121
3550,17.33.-3.-7,983,9248,2362441674976,1199451754793,3.233878076160098,0.9779035821826864
3551,17.33.5.-21,3935,36992,9456203420032,4801467604385,3.23277776210583,0.9777856270878519
3552,17.36.7.-26,1969,18496,4731320070080,2402564094799,3.231678286599125,0.9776678420884996
3553,17.38.-5.-6,3941,36992,9469076860288,4808788774811,3.230579648362845,0.9775502268165771
3554,17.43.-7.-5,29,272,1184439197552,601556170003,3.2294818461227672,0.9774327809050941
3555,18.35.4.-20,3947,36992,9481950300544,4816109945237,3.2283848786075753,0.9773155039881193
3556,18.38.6.-25,1975,18496,4744193510336,2409885265225,3.227288744548851,0.9771983957007753
3557,18.39.-4.-8,3953,36992,9494823740800,4823431115663,3.226193442681065,0.9770814556792354
3558,18.44.-6.-7,989,9248,2375315115232,1206772925219,3.225098971741568,0.9769646835607209
3559,19.40.5.-24,3959,36992,9507697181056,4830752286089,3.224005330470582,0.9768480789834952
3560,19.45.-5.-9,1981,18496,4757066950592,2417206435651,3.2229125176111926,0.9767316415868617
3561,2.-2.-6.12,3965,36992,9520570621312,4838073456515,3.221820531909338,0.9766153710111593
3562,2.-8.6.-6,31,289,74429744855,37826047201,3.2207293721138037,0.976499266897759
3563,2.13.4.-13,3971,36992,9533444061568,4845394626941,3.2196390369762105,0.9763833288890604
3564,2.16.6.-18,1987,18496,4769940390848,2424527606077,3.218549525251009,0.9762675566284872
3565,2.17.-4.-1,3977,36992,9546317501824,4852715797367,3.2174608356954675,0.9761519497604842
3566,2.22.-6.0,995,9248,2388188555488,1214094095645,3.2163729670696677,0.976036507930514
3567,3.-7.7.-8,3983,36992,9559190942080,4860036967793,3.215285918136493,0.975921230785052
3568,3.0.-7.13,1993,18496,4782813831104,2431848776503,3.214199687661621,0.9758061179715842
3569,3.15.3.-12,3989,36992,9572064382336,4867358138219,3.2131142744135155,0.9756911691386031
3570,3.18.-3.-3,499,4624,1197312637808,608877340429,3.2120296771634185,0.9755763839356038
3571,3.18.5.-17,235,2176,9584937822592,4874679308645,3.2109458946853398,0.9754617620130802
3572,3.19.-17.21,1999,18496,4795687271360,2439169946929,3.209862925756051,0.9753473030225228
3573,3.2.17.-30,4001,36992,9597811262848,4882000479071,3.208780769155077,0.9752330066164137
3574,3.21.7.-22,1001,9248,2401061995744,1221415266071,3.2076994236646854,0.9751188724482235
3575,3.23.-5.-2,4007,36992,9610684703104,4889321649497,3.206618888069881,0.9750049001724085
3576,3.28.-7.-1,2005,18496,4808560711616,2446491117355,3.205539161158396,0.9748910894444058
3577,4.14.0.-6,251,2312,601874678968,306268962821,3.2033821285499067,0.9746639512584754
3578,4.20.4.-16,4019,36992,9636431583616,4903963990349,3.2023048204419338,0.974550623116299
3579,4.23.6.-21,2011,18496,4821434151872,2453812287781,3.2012283161953268,0.9744374551534316
3580,4.24.-4.-4,4025,36992,9649305023872,4911285160775,3.200152614611337,0.9743244470301665
3581,4.29.-6.-3,1007,9248,2413935436000,1228736436497,3.199077714493894,0.9742115984077581
3582,5.14.15.-32,4031,36992,9662178464128,4918606331201,3.198003614649599,0.9740989089484182
3583,5.22.3.-15,2017,18496,4834307592128,2461133458207,3.196930313887717,0.973986378315313
3584,5.25.-3.-6,4037,36992,9675051904384,4925927501627,3.1958578110201685,0.973874006172559
3585,5.26.-17.18,505,4624,1210186078064,616198510855,3.194786104861522,0.9737617921852201
3586,5.28.7.-25,4043,36992,9687925344640,4933248672053,3.193715194228984,0.9736497360193048
3587,5.29.-15.13,7,64,4847181032384,2468454628633,3.192645077942396,0.9735378373417618
3588,5.35.-7.-4,4049,36992,9700798784896,4940569842479,3.191575754824221,0.9734260958204773
3589,5.9.17.-33,1013,9248,2426808876256,1236057606923,3.1905072236995404,0.9733145111242719
3590,6.10.18.-35,4055,36992,9713672225152,4947891012905,3.1894394833960433,0.9732030829228964
3591,6.21.0.-9,4061,36992,9726545665408,4955212183331,3.187306370576353,0.9729806946882751
3592,6.24.2.-14,127,1156,304155699548,154964774017,3.1862409957285127,0.9728697339991563
3593,6.26.-2.-8,4067,36992,9739419105664,4962533353757,3.1851764070385458,0.9727589284931154
3594,6.27.4.-19,2035,18496,4872927912896,2483096969485,3.1841126033470695,0.9726482778445088
3595,6.28.-18.19,4073,36992,9752292545920,4969854524183,3.183049583497264,0.9725377817286044
3596,6.30.6.-24,1019,9248,2439682316512,1243378777349,3.181987346334865,0.9724274398215783
3597,6.31.-4.-7,4079,36992,9765165986176,4977175694609,3.1809258907081555,0.9723172518005117
3598,6.36.-6.-6,2041,18496,4885801353152,2490418139911,3.17986521546796,0.9722072173433876
3599,7.11.19.-37,4085,36992,9778039426432,4984496865035,3.178805319467633,0.9720973361290878
3600,7.21.15.-35,511,4624,1223059518320,623519681281,3.1777462015630573,0.9719876078373895
3601,7.29.3.-18,4091,36992,9790912866688,4991818035461,3.1766878606126325,0.9718780321489624
3602,7.30.-19.20,2047,18496,4898674793408,2497739310337,3.175630295477268,0.971768608745366
3603,7.32.-3.-9,241,2176,9803786306944,4999139205887,3.174573505020378,0.9716593373090452
3604,7.32.5.-23,1025,9248,2452555756768,1250699947775,3.1735174881078705,0.9715502175233289
3605,7.35.7.-28,4103,36992,9816659747200,5006460376313,3.1724622436081438,0.9714412490724256
3606,7.36.-15.10,2053,18496,4911548233664,2505060480763,3.1714077703920767,0.9713324316414212
3607,7.37.-5.-8,4109,36992,9829533187456,5013781546739,3.170354067333023,0.9712237649162754
3608,7.42.-7.-7,257,2312,614748119224,313590133247,3.1693011333068006,0.9711152485838185
3609,-14.-29.-8.25,8229,73984,19682637732800,10040985239259,3.1684242749312452,0.9710227377509024
3610,-14.-37.8.1,4117,36992,9846667825216,5023543107307,3.1675479491794096,0.9709303333485177
3611,14.29.8.-25,8239,73984,19704033568064,10053187189969,3.1666721554046307,0.9708380351929137
3612,14.37.-8.-1,2061,18496,4928682871424,2514822041331,3.1657968929614224,0.9707458431007628
3613,-16.-42.-8.31,8249,73984,19725320306528,10065389140679,3.1649221612054736,0.9706457776536066
3614,-16.-50.8.7,4127,36992,9867954563680,5035745058017,3.164047959493644,0.9705458265107024
3615,16.42.8.-31,8259,73984,19746497948192,10077591091389,3.163174287183961,0.9704459894760683
3616,16.50.-8.-7,1033,9248,2469635846128,1260461508343,3.162301143635619,0.9703462663541716
3617,-16.-29.-6.21,4135,36992,9884880690976,5045506618585,3.161254068442042,0.9702244155434382
3618,-16.-33.-6.23,2069,18496,4945608998720,2524583601899,3.160207752640669,0.9701027311433563
3619,-16.-35.6.3,4141,36992,9897555303904,5052827789011,3.1591621951308,0.9699812128128278
3620,-16.-39.6.5,259,2312,618993288148,316030523389,3.158117394814125,0.9698598602116876
3621,16.29.6.-21,4147,36992,9910229916832,5060148959437,3.1570733505947173,0.9697386730007006
3622,16.33.6.-23,2075,18496,4958283611648,2531904772325,3.1560300613790293,0.9696176508415572
3623,16.35.-6.-3,4153,36992,9922904529760,5067470129863,3.154987526075884,0.9694967933968717
3624,16.39.-6.-5,1039,9248,2482310459056,1267782678769,3.1539457435964673,0.9693761003301784
3625,-8.-40.-8.32,8321,73984,19877460946272,10153243185791,3.152384479045853,0.9691928536512786
3626,-8.-48.8.8,245,2176,9948219110048,5082112470715,3.150824902247769,0.9690099797406105
3627,8.40.8.-32,8339,73984,19915415493920,10175206697069,3.1492670095571795,0.9688274774604135
3628,8.48.-8.-8,2087,18496,4983598191936,2546547113177,3.147710797340844,0.9686453456775584
3629,-18.-39.-8.29,4177,36992,9973482347808,5096754811567,3.1466742543378863,0.9685183734490057
3630,-18.-47.8.5,1045,9248,11937521904,6100975355,3.1456384555324335,0.9683915723254269
3631,-22.-53.-8.35,4183,36992,9986054275680,5104075981993,3.1446033998566434,0.9682649419607006
3632,-22.-61.8.11,2093,18496,713738588544,364838326229,3.1435690862449697,0.9681384820096387
3633,-5.-27.-5.21,4189,36992,9998626203552,5111397152419,3.1425355136341557,0.9680121921279851
3634,-5.-32.5.6,131,1156,312653505234,159845554301,3.1415026809632285,0.9678860719724109
3635,-6.-23.20.-25,4195,36992,10011198131424,5118718322845,3.140470587173493,0.9677601212005126
3636,-6.-27.20.-23,2099,18496,5008742047680,2561189454029,3.1394392312085246,0.9676343394708079
3637,-6.-3.-20.35,4201,36992,10023770059296,5126039493271,3.138408612014161,0.9675087264427331
3638,-6.-7.-20.37,1051,9248,2507514005808,1282425019621,3.1373787285385,0.9673832817766407
3639,18.39.8.-29,4207,36992,1433763141024,733337237671,3.136349579731889,0.9672580051337945
3640,18.47.-8.-5,2105,18496,5021313975552,2568510624455,3.1353211645469203,0.9671328961763683
3641,22.53.8.-35,4213,36992,913537628640,467334712193,3.1342934819384247,0.9670079545674424
3642,22.61.-8.-11,31,272,1256899984872,643042802417,3.133266530863464,0.9668831799709998
3643,5.27.5.-21,4219,36992,10061485842912,5148003004549,3.1322403102813277,0.9667585720519242
3644,5.32.-5.-6,2111,18496,5033885903424,2575831794881,3.1312148191535227,0.9666341304759959
3645,6.23.-20.25,4225,36992,10074057770784,5155324174975,3.13019005644377,0.9665098549098904
3646,6.27.-20.23,1057,9248,360012276240,184249455721,3.129166021117996,0.9663857450211731
3647,6.3.20.-35,4231,36992,10086629698656,5162645345401,3.1281427121443284,0.9662618004782987
3648,6.7.20.-37,2117,18496,5046457831296,2583152965307,3.1271201284930896,0.9661380209506069
3649,0.-4.-4.9,8477,73984,2886379266240,1477656230981,3.1255876107487457,0.9659502073764111
3650,0.-8.4.-3,4243,36992,10111739201088,5177287686253,3.1240567192099427,0.9657627678057701
3651,0.4.4.-9,8495,73984,20242301940672,10365557128145,3.122527450429096,0.9655757011210568
3652,0.8.-4.3,1063,9248,2532640684896,1297067360473,3.120999800969574,0.9653890062090992
3653,-2.-12.-2.9,8513,73984,20279896497088,10387520639423,3.119473767405651,0.9651989456957165
3654,-2.-14.2.3,4261,36992,10149333757504,5199251197531,3.1179493463224595,0.9650092616618291
3655,-3.-14.-1.8,8531,73984,20317438532928,10409484150701,3.1164265343159463,0.9648199529882904
3656,-3.-15.1.5,2135,18496,5084052387712,2605116476585,3.114905327992826,0.9646310185603916
3657,2.12.2.-9,8549,73984,20354980568768,10431447661979,3.1133857239705356,0.9644424572678404
3658,2.14.-2.-3,4279,36992,10186875793344,5221214708809,3.1118677188771895,0.9642542680047375
3659,3.14.1.-8,8567,73984,20392522604608,10453411173257,3.110351309351535,0.9640664496695568
3660,3.15.-1.-5,67,578,159463231426,81753069757,3.1088364920429066,0.9638790011651223
3661,-16.-30.-8.25,8579,73984,20417547584064,10468053514109,3.108331906188428,0.9638163852073065
3662,-16.-32.-4.19,4291,36992,10211900772800,5235857049661,3.107827496752293,0.9637538103117383
3663,-16.-36.4.7,505,4352,1201767971008,616198510855,3.1073232636111823,0.9636912764379809
3664,-16.-38.8.1,2147,18496,5109077367168,2619758817437,3.1068192066419056,0.9636287835456497
3665,-4.-13.-2.9,4297,36992,10224408695872,5243178220087,3.1058116207267403,0.9635039205439958
3666,-4.-15.2.3,1075,9248,2557665664352,1311709701325,3.1048047380238564,0.963379220984764
3667,16.30.8.-25,8603,73984,20467579276352,10497338195813,3.104301560070413,0.9633169323956585
3668,16.32.4.-19,4303,36992,10236916618944,5250499390513,3.103798557552369,0.9632546845467864
3669,16.36.-4.-7,8609,73984,20480087199424,10504659366239,3.103295730347434,0.9631924773981332
3670,16.38.-8.-1,2153,18496,5121585290240,2627079987863,3.102793078333445,0.9631303109097373
3671,4.13.2.-9,4309,36992,10249424542016,5257820560939,3.101788299390296,0.9630060997541304
3672,4.15.-2.-3,539,4624,1281959812944,657685143269,3.1007842197481734,0.962882050761316
3673,-24.-64.-8.40,8633,73984,20530021279136,10533944047943,3.099279409347153,0.9626894211730769
3674,-24.-72.8.16,4321,36992,10274342775584,5272462901791,3.097776166910945,0.962497167160458
3675,-8.-24.24.-32,8651,73984,20567349823200,10555907559221,3.09627448917541,0.9623052876244202
3676,-8.0.-24.40,2165,18496,5146503523808,2641722328715,3.0947743728865915,0.9621137814702158
3677,24.64.8.-40,8669,73984,20604678367264,10577871070499,3.0932758148006734,0.9619226476073657
3678,24.72.-8.-16,4339,36992,10311671319648,5294426413069,3.0917788116839366,0.9617318849496407
3679,8.0.24.-40,511,4352,20642006911328,10599834581777,3.090283360312718,0.9615414924150385
3680,8.24.-24.32,1087,9248,2582583897920,1326352042177,3.0887894574733696,0.9613514689257652
3681,-3.-22.15.-16,8703,73984,6891700605344,3539785900971,3.087628601581525,0.9611979246929466
3682,-3.-7.-15.29,4355,36992,10344766224352,5313949534205,3.0864686790144518,0.9610446109552487
3683,-8.-28.0.12,2181,18496,1726532809504,887081816617,3.0841516278599284,0.9607386728888132
3684,0.-12.-8.20,8731,73984,20732824346720,10653523164901,3.0829944962841496,0.9605860475257754
3685,0.-20.8.-4,257,2176,10373627489696,5331032265199,3.0818382920564615,0.9604336505892455
3686,0.12.8.-20,8745,73984,6920561870688,3556868631965,3.080683013691664,0.9602814815659477
3687,0.20.-8.4,547,4624,1298507265296,667446703837,3.079528659708122,0.9601295399441451
3688,3.22.-15.16,8759,73984,20790546877408,10687688626889,3.0783752286277553,0.9599778252136337
3689,3.7.15.-29,4383,36992,3467496251680,1782704998731,3.0772227189760244,0.9598263368657376
3690,8.28.0.-12,2195,18496,5208459693856,2678328180845,3.0749204580779583,0.959524037290692
3691,-8.-15.-6.16,4393,36992,10423099460720,5360316946903,3.0739348984079173,0.9593941352865272
3692,-8.-21.6.-2,1099,9248,2607319883432,1340994383029,3.072950011551448,0.9592643989089932
3693,8.15.6.-16,4399,36992,10435459606736,5367638117329,3.071965796590555,0.959134827841004
3694,8.21.-6.2,2201,18496,5220819839872,2685649351271,3.0709822526091215,0.9590054217662846
3695,-16.-35.-6.24,8807,73984,20889430635968,10746257990297,3.0704907319499277,0.9589387917181111
3696,-16.-41.6.6,4405,36992,10447790956224,5374959287755,3.069999378692903,0.9588722039736806
3697,-20.-49.-6.30,8813,73984,20901733188928,10753579160723,3.069508192724058,0.9588056584926461
3698,-20.-55.6.12,551,4624,1306742779088,672327484121,3.069017173929521,0.9587391552347129
3699,-24.-59.-6.34,8819,73984,20914035741888,10760900331149,3.068526322195536,0.9586726941596372
3700,-24.-65.6.16,4411,36992,950917591744,489298223471,3.068035637408461,0.9586062752272269
3701,-4.-17.18.-24,8825,73984,20926338294848,10768221501575,3.067545119454774,0.9585398983973401
3702,-4.-19.22.-30,2207,18496,5233122392832,2692970521697,3.0670547682210647,0.9584735636298869
3703,-4.1.-18.30,8831,73984,20938640847808,10775542672001,3.066564583594041,0.958407270884828
3704,-4.3.-22.36,4417,36992,10472396062144,5389601628607,3.0660745654605255,0.9583410201221749
3705,-7.-31.-7.26,8837,73984,20950943400768,10782863842427,3.065584713707456,0.9582748113019901
3706,-7.-38.7.5,65,544,2619636834656,1348315553455,3.0650950282218847,0.9582086443843866
3707,-8.-13.-18.36,8843,73984,20963245953728,10790185012853,3.0646055088909807,0.958142519329528
3708,-8.-31.18.-18,4423,36992,10484698615104,5396922799033,3.0641161556020253,0.9580764360976292
3709,0.-11.18.-26,8849,73984,20975548506688,10797506183279,3.063626968242417,0.9580103946489544
3710,0.-7.18.-28,2213,18496,5245424945792,2700291692123,3.0631379466996673,0.9579443949438193
3711,0.11.-18.26,8855,73984,1907986459968,982257032155,3.0626490908614024,0.9578784369425893
3712,0.7.-18.28,4429,36992,10497001168064,5404243969459,3.0621604006153627,0.9578125206056802
3713,16.35.6.-24,8861,73984,21000153612608,10812148524131,3.0616718758494024,0.957746645893558
3714,16.41.-6.-6,277,2312,656447027784,337994034667,3.0611835164514902,0.9576808127667387
3715,20.49.6.-30,8867,73984,21012456165568,10819469694557,3.0606953223097086,0.9576150211857885
3716,20.55.-6.-12,4435,36992,10509303721024,5411565139885,3.0602072933122524,0.9575492711113233
3717,24.59.6.-34,8873,73984,21024758718528,10826790864983,3.0597194293474317,0.957483562504009
3718,24.65.-6.-16,2219,18496,5257727498752,2707612862549,3.0592317303036674,0.9574178953245612
3719,4.-1.18.-30,8879,73984,21037061271488,10834112035409,3.058744196069496,0.9573522695337452
3720,4.-3.22.-36,4441,36992,10521606273984,5418886310311,3.058256826533566,0.957286685092376
3721,4.17.-18.24,8885,73984,21049363824448,10841433205835,3.0577696215846384,0.9572211419613179
3722,4.19.-22.30,1111,9248,239267217056,123239702171,3.0572825811115867,0.957155640101485
3723,7.31.7.-26,523,4352,21061666377408,10848754376261,3.056795705003398,0.9570901794738406
3724,7.38.-7.-5,4447,36992,10533908826944,5426207480737,3.0563089931491705,0.9570247600393972
3725,8.13.18.-36,8897,73984,21073968930368,10856075546687,3.0558224454381158,0.9569593817592166
3726,8.31.-18.18,2225,18496,5270030051712,2714934032975,3.0553360617595566,0.9568940445944097
3727,-16.-41.-6.27,8903,73984,727112728704,374599886797,3.0548498420029273,0.956828587659812
3728,-16.-43.-10.35,4453,36992,10546209028992,5433528651163,3.0543637860577753,0.956763171856756
3729,-16.-47.6.9,8909,73984,21098566983552,10870717887539,3.0538778938137585,0.9566977971464173
3730,-16.-53.10.5,557,4624,1319044744320,679648654547,3.053392165160647,0.956632463490021
3731,16.41.6.-27,8915,73984,21110864834688,10878039057965,3.0529065999883214,0.9565671708488408
3732,16.43.10.-35,4459,36992,10558506880128,5440849821589,3.0524211981867744,0.956501919184199
3733,16.47.-6.-9,8921,73984,21123162685824,10885360228391,3.0519359596461086,0.9564367084574669
3734,16.53.-10.-5,2231,18496,5282327902848,2722255203401,3.051450884256538,0.9563715386300643
3735,-4.-12.0.5,559,4624,1323142696572,682089044689,3.0482212096574886,0.955936663716389
3736,4.12.0.-5,2241,18496,1767604556576,911485718037,3.0449987489902854,0.9555035990938732
3737,-6.-13.-4.12,4487,36992,10615767537840,5475015283577,3.043390213824334,0.9552737871570208
3738,-6.-17.4.0,1123,9248,2656476934056,1370279064733,3.0417834701000777,0.9550444503316782
3739,6.13.4.-12,4497,36992,3545349311536,1829072411429,3.040178513831663,0.9548155871431147
3740,6.17.-4.0,2251,18496,5323094066496,2746659104821,3.0385753410465233,0.954587196122709
3741,-20.-45.-6.28,2253,18496,1775709856656,916366498321,3.037294084265251,0.954399249927938
3742,-20.-51.6.10,2255,18496,1066233014688,550307977021,3.0360139643579354,0.954211612696236
3743,-4.-21.18.-22,2257,18496,5335200576912,2753980275247,3.0347349793088427,0.9540242836647936
3744,-4.-3.-18.32,2259,18496,593248453376,306268962821,3.0334571271075945,0.9538372620733149
3745,-5.-25.-5.20,133,1088,314310093168,162285944443,3.0321804057491497,0.9536505471640083
3746,-5.-30.5.5,2263,18496,5347307087328,2761301445673,3.030904813233786,0.9534641381815753
3747,20.45.6.-28,2265,18496,356756172720,184249455721,3.0296303475670814,0.9532780343732011
3748,20.51.-6.-10,2267,18496,5355378094272,2766182225957,3.028357006759893,0.9530922349885436
3749,4.21.-18.22,2269,18496,5359413597744,2768622616099,3.027084788828341,0.9529067392797239
3750,4.3.18.-32,2271,18496,1787816367072,923687668747,3.025813691793791,0.9527215465013154
3751,5.25.5.-20,2273,18496,5367484604688,2773503396383,3.024543713682831,0.9525366559103345
3752,5.30.-5.-5,2275,18496,1074304021632,555188757305,3.023274852527258,0.9523520667662303
3753,-10.-17.-12.27,9103,73984,21492126673152,11107435731313,3.022799317158159,0.9522824525300796
3754,-10.-19.-8.21,4553,36992,10749086456832,5555548158263,3.0223239384814797,0.9522128808072496
3755,-10.-27.8.-3,9109,73984,21504219154176,11114756901739,3.021848716393991,0.952143351558727
3756,-10.-29.12.-9,67,544,2688783174336,1389802185869,3.021373650792567,0.9520738647455468
3757,-3.11.-3.-1,9115,73984,4303262327040,2224415614433,3.0208987415741824,0.9520044203287911
3758,-3.8.3.-10,4559,36992,10761178937856,5562869328689,3.0204239886359137,0.95193501826959
3759,-4.-17.10.-10,9121,73984,21528404116224,11129399242591,3.01994939187494,0.9518656585291212
3760,-4.-7.-10.20,2281,18496,5383612589184,2783264956951,3.0194749511885415,0.95179634106861
3761,-7.-4.7.-12,9127,73984,21540496597248,11136720413017,3.0190006664740987,0.9517270658493286
3762,-7.3.-7.9,4565,36992,2154654283776,1114038099823,3.0185265376290946,0.9516578328325976
3763,10.17.12.-27,9133,73984,21552589078272,11144041583443,3.018052564551112,0.9515886419797842
3764,10.19.8.-21,571,4624,1347414707424,696731385541,3.017578747137836,0.9515194932523027
3765,10.27.-8.3,9139,73984,21564681559296,11151362753869,3.017105085287051,0.951450386611615
3766,10.29.-12.9,4571,36992,10785363899904,5577511669541,3.016631578896644,0.9513813220192298
3767,3.-11.3.1,9145,73984,4315354808064,2231736784859,3.0161582278646,0.951312299436703
3768,3.-8.-3.10,2287,18496,5395705070208,2790586127377,3.015685032089006,0.9512433188256374
3769,4.17.-10.10,9151,73984,21588866521344,11166005094721,3.0152119914680497,0.9511743801476829
3770,4.7.10.-20,4577,36992,10797456380928,5584832839967,3.0147391059000173,0.9511054833645353
3771,7.-3.7.-9,9157,73984,21600959002368,11173326265147,3.0142663752832957,0.9510366284379385
3772,7.4.-7.12,1145,9248,540175131072,279424671259,3.0137937995163724,0.950967815329682
3773,-2.-13.4.-1,9167,73984,21621070358368,11185528215857,3.0126917243510625,0.9508045593367688
3774,-2.-9.-4.11,4587,36992,10817567736928,5597034790677,3.011590490418718,0.9506415340470362
3775,2.13.-4.1,9181,73984,21649200589344,11202610946851,3.0104900964360626,0.9504787389707677
3776,2.9.4.-11,2297,18496,5415816426208,2802788078087,3.009390541122755,0.9503161736196352
3777,-14.-25.-8.23,2299,18496,5419827894112,2805228468229,3.008134931782499,0.9501287656608748
3778,-14.-33.8.-1,2301,18496,5423839362016,2807668858371,3.0068804142765893,0.9499416592031085
3779,-2.-10.2.1,2303,18496,5427850829920,2810109248513,3.005626986707833,0.9497548535177712
3780,-2.-8.-2.7,2305,18496,5431862297824,2812549638655,3.0043746471839783,0.9495683478786489
3781,-2.0.6.-11,2307,18496,5435873765728,2814990028797,3.003123393817696,0.9493821415618676
3782,-2.6.-6.7,2309,18496,5439885233632,2817430418939,3.001873224726564,0.9491962338458861
3783,-4.-4.8.-13,2311,18496,5443896701536,2819870809081,3.000624138033048,0.9490106240114846
3784,-4.4.-8.11,2313,18496,5447908169440,2822311199223,2.999376131864488,0.9488253113417562
3785,-6.-18.-2.11,2315,18496,5451919637344,2824751589365,2.99812920435308,0.9486402951220978
3786,-6.-20.2.5,2317,18496,5455931105248,2827191979507,2.996883353635857,0.9484555746402005
3787,-6.-23.-12.31,2319,18496,5459942573152,2829632369649,2.9956385778546752,0.9482711491860404
3788,-6.-35.12.-5,2321,18496,5463954041056,2832072759791,2.9943948751561966,0.9480870180518693
3789,-8.-16.-4.13,2323,18496,5467965508960,2834513149933,2.993152243691871,0.9479031805322062
3790,-8.-20.4.1,2325,18496,5471976976864,2836953540075,2.991910681617923,0.9477196359238272
3791,-8.-25.-14.35,2327,18496,5475988444768,2839393930217,2.99067018709533,0.9475363835257576
3792,-8.-39.14.-7,137,1088,5479999912672,2841834320359,2.9894307582898128,0.9473534226392617
3793,14.25.8.-23,2331,18496,5484011380576,2844274710501,2.9881923933718126,0.9471707525678348
3794,14.33.-8.1,2333,18496,5488022848480,2846715100643,2.9869550905164797,0.9469883726171939
3795,2.-6.6.-7,2335,18496,5492034316384,2849155490785,2.9857188479036543,0.9468062820952692
3796,2.0.-6.11,2337,18496,5496045784288,2851595880927,2.9844836637178536,0.9466244803121941
3797,2.10.-2.-1,2339,18496,5500057252192,2854036271069,2.9832495361482514,0.9464429665802981
3798,2.8.2.-7,2341,18496,5504068720096,2856476661211,2.9820164633886663,0.9462617402140971
3799,4.-4.8.-11,2343,18496,5508080188000,2858917051353,2.9807844436375435,0.9460808005302842
3800,4.4.-8.13,2345,18496,5512091655904,2861357441495,2.9795534750979398,0.9459001468477222
3801,6.18.2.-11,2347,18496,5516103123808,2863797831637,2.9783235559775085,0.9457197784874345
3802,6.20.-2.-5,2349,18496,5520114591712,2866238221779,2.977094684488482,0.9455396947725961
3803,6.23.12.-31,2351,18496,5524126059616,2868678611921,2.9758668588476573,0.9453598950285258
3804,6.35.-12.5,2353,18496,5528137527520,2871119002063,2.9746400772763812,0.9451803785826769
3805,8.16.4.-13,2355,18496,5532148995424,2873559392205,2.9734143380005333,0.9450011447646297
3806,8.20.-4.-1,2357,18496,5536160463328,2875999782347,2.9721896392505114,0.944822192906082
3807,8.25.14.-35,2359,18496,5540171931232,2878440172489,2.970965979261216,0.9446435223408418
3808,8.39.-14.7,2361,18496,5544183399136,2880880562631,2.969743356272036,0.9444651324048179
3809,-6.-17.0.7,4729,36992,11102403972192,5770302490759,2.9676062560428744,0.9441532381690034
3810,6.17.0.-7,37,289,86847196454,45147217627,2.965472316871729,0.9438421987740592
3811,-2.1.4.-8,1185,9248,927036485136,481977053045,2.9642543387150573,0.9436616584479851
3812,-2.5.-4.4,593,4624,1391554312144,723575677103,2.963037387954675,0.9434814000357
3813,-5.-12.-15.31,1187,9248,2785107793168,1448371549277,2.9618214628587722,0.943301422876002
3814,-5.-27.15.-14,297,2312,232258913504,120799312029,2.960606561699913,0.9431217263097605
3815,-6.-23.0.10,35,272,199364664272,103716581035,2.958179824305373,0.9427631723314271
3816,-8.-20.-16.36,1191,9248,931034822896,484417443187,2.956967984636565,0.9425843136113528
3817,-8.-36.16.-12,149,1156,349387954696,181809065579,2.955757162038517,0.9424057328687543
3818,2.-1.-4.8,1193,9248,2797102806448,1455692719703,2.9545473548054506,0.9422274294547319
3819,2.-5.4.-4,597,4624,2344306512,1220195071,2.953338561235874,0.9420494027224084
3820,5.12.15.-31,1195,9248,2801101144208,1458133109845,2.952130779632568,0.9418716520269209
3821,5.27.-15.14,299,2312,30468481664,15862535923,2.950924008302574,0.9416941767254137
3822,6.23.0.-10,599,4624,1403549325424,730896847529,2.948513489711893,0.9413400497429001
3823,8.20.16.-36,1199,9248,2809097819728,1463013890129,2.9473097390864553,0.9411633967861445
3824,8.36.-16.12,75,578,58564520596,30504876775,2.946106992004798,0.9409870166718541
3825,-14.-27.-8.24,565,4352,22498766646272,11719973656955,2.9453557839477895,0.9408765898948025
3826,-14.-35.8.0,4805,36992,2250875738368,1172607463231,2.944604966839566,0.940766269586203
3827,-16.-34.-8.27,9615,73984,7506249373696,3910725202555,2.9438545402734193,0.9406560555918297
3828,-16.-42.8.3,2405,18496,433244978048,225736088135,2.9431045038432746,0.9405459477577554
3829,-18.-32.-2.15,9625,73984,22538729595904,11744377558375,2.9423548571436906,0.9404359459303494
3830,-18.-34.2.9,4815,36992,1252706685184,652804362985,2.941605599769857,0.9403260499562793
3831,-19.-37.-3.19,9635,73984,4511742214144,2351315901817,2.940856731317595,0.9402162596825083
3832,-19.-40.3.10,1205,9248,2821087726016,1470335060555,2.940108251383355,0.9401065749562948
3833,-2.-1.-16.28,9645,73984,7526230848512,3922927153265,2.939360159564213,0.9399969956251921
3834,-2.-17.16.-20,4825,36992,11294341641472,5887441217575,2.9386124554578736,0.9398875215370479
3835,-2.-19.-8.23,9655,73984,22598674020352,11780983410505,2.937865138662666,0.9397781525400027
3836,-2.-27.8.-1,2415,18496,376811079296,196451406431,2.9371182087775436,0.9396688884824899
3837,-2.13.-8.7,9665,73984,22618655495168,11793185361215,2.936371665402081,0.9395597292132352
3838,-2.5.8.-17,4835,36992,11314323116288,5899643168285,2.935625508136475,0.9394506745812546
3839,-20.-42.-4.23,9675,73984,2515404107776,1311709701325,2.9348797365815438,0.9393417244358556
3840,-20.-46.4.11,605,4624,1415539231712,738218017955,2.934134350338722,0.939232878626635
3841,-20.-48.-8.33,9685,73984,348594129920,181809065579,2.9333893490100627,0.9391241370034784
3842,-20.-56.8.9,285,2176,3778101530368,1970615039665,2.932644732198235,0.9390154994165605
3843,-21.-47.-5.27,9695,73984,22678599919616,11829791213345,2.931900499506524,0.9389069657163434
3844,-21.-52.5.12,2425,18496,5672147664256,2958973047175,2.9311566505388265,0.9387985357535762
3845,-22.-55.-8.36,9705,73984,7566193798144,3947331054685,2.9304131848996526,0.9386902093792945
3846,-22.-63.8.12,4855,36992,2270857213184,1184809413941,2.929670102194124,0.9385819864448193
3847,-23.-57.-7.35,9715,73984,22718562869248,11854195114765,2.928927402027972,0.938473866801757
3848,-23.-64.7.14,1215,9248,105224785216,54908778195,2.9281850840075356,0.9383658503019979
3849,-4.-13.-14.30,9725,73984,22738544344064,11866397065475,2.927443147739762,0.938257936797716
3850,-4.-18.20.-27,4865,36992,11374267540736,5936249020415,2.9267015928322047,0.9381501261413682
3851,-4.-2.8.-14,9735,73984,1517235054592,791906601079,2.925960418893022,0.9380424181856938
3852,-4.-26.-8.26,2435,18496,5692129139072,2971174997885,2.9252196255309744,0.9379348127837137
3853,-4.-27.14.-12,9745,73984,22778507293696,11890800966895,2.9244792123554264,0.9378273097887295
3854,-4.-34.8.2,4875,36992,292160231168,152524383875,2.9237391789763434,0.9377199090543229
3855,-4.2.-20.33,9755,73984,22798488768512,11903002917605,2.92299952500429,0.9376126104343558
3856,-4.6.-8.10,305,2312,142552996912,74431899331,2.92226025005043,0.9375054137829681
3857,-5.-20.21.-28,9765,73984,2535385582592,1323911652035,2.9215213537265248,0.9373983189545787
3858,-5.1.-21.35,4885,36992,11414230490368,5960652921835,2.920782835644931,0.9372913258038836
3859,-6.-22.22.-29,575,4352,22838451718144,11927406819025,2.920044695418602,0.9371844341858558
3860,-6.-25.-12.32,2445,18496,1904036871296,994458982865,2.9193069326610828,0.9370776439557447
3861,-6.-33.-8.29,9785,73984,4571686638592,2387921753947,2.9185695469865127,0.936970954969075
3862,-6.-37.12.-4,4895,36992,11434211965184,5972854872545,2.9178325380096215,0.9368643670816467
3863,-6.-41.8.5,9795,73984,7626138222592,3983936906815,2.9170959053457297,0.9367578801495335
3864,-6.0.-22.37,1225,9248,2861050675648,1494738961975,2.916359648610746,0.9366514940290834
3865,-7.-1.-23.39,9805,73984,22898396142592,11964012671155,2.9156237674211676,0.9365452085769166
3866,-7.-24.23.-30,4905,36992,254537632000,133001262739,2.9148882613940774,0.9364390236499264
3867,-7.-31.-11.33,9815,73984,1762952124416,921247278605,2.9141531301471457,0.9363329391052772
3868,-7.-42.11.0,2455,18496,5732092088704,2995578899305,2.9134183732986236,0.9362269548004044
3869,-8.-12.-20.39,9825,73984,7646119697408,3996138857525,2.9126839904673476,0.9361210705930143
3870,-8.-17.-18.38,4915,36992,11474174914816,5997258773965,2.911949981272736,0.9360152863410824
3871,-8.-22.-16.37,9835,73984,4591668113408,2400123704657,2.9112163453347866,0.9359096019028538
3872,-8.-31.-2.17,615,4624,478506902176,250139989555,2.9104830822740766,0.9358040171368412
3873,-8.-32.-12.35,9845,73984,22978322041856,12012820473995,2.9097501917117627,0.9356985319018262
3874,-8.-32.20.-21,4925,36992,11494156389632,6009460724675,2.909017673269578,0.9355931460568566
3875,-8.-33.2.11,9855,73984,851789019136,445371200915,2.9082855265698306,0.9354878594612475
3876,-8.-34.-4.22,145,1088,1150414712704,601556170003,2.907553751235405,0.9353826719745796
3877,-8.-35.18.-16,9865,73984,23018284991488,12037224375415,2.906822346889758,0.9352775834566988
3878,-8.-37.-6.27,4935,36992,3838045954816,2007220891795,2.9060913131569186,0.9351725937677157
3879,-8.-38.16.-11,9875,73984,23038266466304,12049426326125,2.905360649661489,0.9350677027680053
3880,-8.-38.4.10,1235,9248,221617857728,115918531745,2.9046303560286386,0.9349629103182053
3881,-8.-43.6.9,9885,73984,1537216529408,804108551789,2.9039004318841086,0.934858216279217
3882,-8.-44.12.-1,4945,36992,11534119339264,6033864626095,2.9031708768542055,0.9347536205122033
3883,14.27.8.-24,9895,73984,23078229415936,12073830227545,2.9024416905658046,0.9346491228785888
3884,14.35.-8.0,2475,18496,641339448704,335553644525,2.9017128726463444,0.9345447232400592
3885,16.34.8.-27,9905,73984,23098210890752,12086032178255,2.90098442272383,0.9344404214585602
3886,16.42.-8.-3,4955,36992,2310820162816,1209213315361,2.9002563404268282,0.9343362173962975
3887,18.32.2.-15,9915,73984,7706064121856,4032744709655,2.8995286253844688,0.9342321109157358
3888,18.34.-2.-9,155,1156,361377860984,189130236005,2.898801277226441,0.9341281018795983
3889,19.37.3.-19,9925,73984,23138173840384,12110436079675,2.898074295582996,0.9340241901508659
3890,19.40.-3.-10,4965,36992,3858027429632,2019422842505,2.897347680084943,0.933920375592777
3891,2.-13.8.-7,9935,73984,4631631063040,2424527606077,2.8966214303636466,0.9338166580688267
3892,2.-5.-8.17,2485,18496,5792036513152,3032184751435,2.8958955460510305,0.9337130374427659
3893,2.1.16.-28,585,4352,198103733248,103716581035,2.8951700267795726,0.9336095135786011
3894,2.17.-16.20,4975,36992,11594063763712,6070470478225,2.8944448721823055,0.9335060863405938
3895,2.19.8.-23,9955,73984,23198118264832,12147041931805,2.893720081892814,0.9334027555932597
3896,2.27.-8.1,1245,9248,193400908352,101276190893,2.8929956555452354,0.9332995212013678
3897,20.42.4.-23,9965,73984,23218099739648,12159243882515,2.892271592774258,0.9331963830299407
3898,20.46.-4.-11,4985,36992,11614045238528,6082672428935,2.8915478932151206,0.9330933409442532
3899,20.48.8.-33,9975,73984,7746027071488,4057148611075,2.8908245565036084,0.932990394809832
3900,20.56.-8.-9,2495,18496,5812017987968,3044386702145,2.890101582276056,0.9328875444924554
3901,21.47.5.-27,9985,73984,4651612537856,2436729556787,2.8893789701693438,0.9327847898581517
3902,21.52.-5.-12,4995,36992,430889878272,225736088135,2.888656719820898,0.9326821307732002
3903,22.55.8.-36,9995,73984,23278044164096,12195849734645,2.887934830868689,0.9325795671041291
3904,22.63.-8.-12,625,4624,1455502181344,762621919375,2.8872133029512295,0.9324770987177159
3905,23.57.7.-35,10005,73984,7766008546304,4069350561785,2.886492135707575,0.9323747254809863
3906,23.64.-7.-14,5005,36992,179292433664,93955020467,2.8857713287773232,0.9322724472612138
3907,4.-2.20.-33,10015,73984,23318007113728,12220253636065,2.8850508818006086,0.9321702639259193
3908,4.-6.8.-10,2505,18496,1943999820928,1018862884285,2.884330794418108,0.9320681753428702
3909,4.13.14.-30,10025,73984,23337988588544,12232455586775,2.8836110662710337,0.9319661813800798
3910,4.18.-20.27,295,2176,11673989662976,6119278281065,2.882891697001136,0.9318642819058073
3911,4.2.-8.14,10035,73984,519066001408,272103500833,2.8821726862506996,0.9317624767885565
3912,4.26.8.-26,1255,9248,2920995100096,1531344814105,2.8814540336625445,0.9316607658970756
3913,4.27.-14.12,10045,73984,23377951538176,12256859488195,2.8807357388800243,0.9315591491003568
3914,4.34.-8.-2,5025,36992,3897990379264,2043826743925,2.8800178015470257,0.9314576262676352
3915,5.-1.21.-35,10055,73984,23397933012992,12269061438905,2.8793002213079646,0.9313561972683888
3916,5.20.-21.28,2515,18496,1170396187520,613758120713,2.8785829978077895,0.9312548619723375
3917,6.0.22.-37,10065,73984,7805971495936,4093754463205,2.877866130691977,0.931153620249443
3918,6.22.-22.29,5035,36992,11713952612608,6143682182485,2.877149619606532,0.9310524719699077
3919,6.25.12.-32,10075,73984,1802915074048,945651180025,2.8764334641979867,0.9309514170041745
3920,6.33.8.-29,315,2312,81416273264,42706827485,2.8757176641134,0.9308504552229262
3921,6.37.-12.4,10085,73984,4691575487488,2461133458207,2.875002219000355,0.9307495864970847
3922,6.41.-8.-5,5045,36992,11733934087424,6155884133195,2.874287128506959,0.9306488106978109
3923,7.1.23.-39,10095,73984,7825952970752,4105956413915,2.8735723922818432,0.9305481276965037
3924,7.24.-23.30,2525,18496,5871962412416,3080992554275,2.872858009974159,0.9304475373647998
3925,7.31.11.-33,10105,73984,23497840387072,12330071192455,2.872143981233581,0.9303470395745728
3926,7.42.-11.0,5055,36992,783594370816,411205738927,2.871430305710302,0.930246634197933
3927,8.12.20.-39,35,256,23517821861888,12342273143165,2.8707169830550336,0.9301463211072264
3928,8.17.18.-38,1265,9248,2940976574912,1543546764815,2.870004012919006,0.9300461001750349
3929,8.22.16.-37,10125,73984,871770493952,457573151625,2.8692913949539673,0.929945971274175
3930,8.31.2.-17,5065,36992,11773897037056,6180288034615,2.8685791288121782,0.9298459342776978
3931,8.32.-20.21,10135,73984,4711556962304,2473335408917,2.8678672141464174,0.929745989058888
3932,8.32.12.-35,2535,18496,151075484288,79312679615,2.867155650609976,0.9296461354912633
3933,8.33.-2.-11,10145,73984,23577766286336,12378878995295,2.8664444378566576,0.9295463734485747
3934,8.34.4.-22,5075,36992,11793878511872,6192489985325,2.865733575540778,0.9294467028048052
3935,8.35.-18.16,10155,73984,7865915920384,4130360315335,2.8650230633171634,0.9293471234341696
3936,8.37.6.-27,635,4624,295096731232,154964774017,2.8643129008411505,0.9292476352111134
3937,8.38.-16.11,10165,73984,23617729235968,12403282896715,2.8636030877685843,0.9291482380103132
3938,8.38.-4.-10,5085,36992,1312651109632,689410215115,2.8628936237558165,0.9290489317066754
3939,8.43.-6.-9,10175,73984,23637710710784,12415484847425,2.862184508459707,0.928949716175336
3940,8.44.-12.1,2545,18496,5911925362048,3105396455695,2.861475741537621,0.9288505912916599
3941,-10.-27.-8.25,10187,73984,23661661527712,12430127188277,2.86048405246374,0.9287103251417669
3942,-10.-35.8.1,5097,36992,11837810803616,6219334276887,2.859493044595302,0.9285702380167254
3943,-2.-12.6.-5,10201,73984,23689581686752,12447209919271,2.8585027169970894,0.9284303295733546
3944,-2.-6.-6.13,319,2312,740735680196,389242227649,2.8575130687358095,0.928290599469352
3945,-4.-11.-6.15,10215,73984,23717501845792,12464292650265,2.8565240988800893,0.9281510473632907
3946,-4.-17.6.-3,5111,36992,11865730962656,6236417007881,2.8555358065004692,0.9280116729146163
3947,-6.-16.-6.17,10229,73984,23745422004832,12481375381259,2.8545481906693992,0.9278724757836442
3948,-6.-17.-8.21,2559,18496,5939845521088,3122479186689,2.8535612504612327,0.9277334556315567
3949,-6.-22.6.-1,10243,73984,23773342163872,12498458112253,2.8525749849522204,0.9275946121204011
3950,-6.-25.8.-3,5125,36992,11893651121696,6253499738875,2.8515893932205083,0.9274559449130853
3951,-8.-22.-8.23,10257,73984,23801262322912,12515540843247,2.8506044743461283,0.9273174536733768
3952,-8.-30.8.-1,1283,9248,2976902800304,1565510276093,2.8496202274109965,0.9271791380658986
3953,10.27.8.-25,10271,73984,23829182481952,12532623574241,2.8486366514989063,0.9270409977561274
3954,10.35.-8.-1,5139,36992,11921571280736,6270582469869,2.8476537456955238,0.9269030324103903
3955,2.12.-6.5,605,4352,23857102640992,12549706305235,2.8466715090883827,0.9267652416958623
3956,2.6.6.-13,2573,18496,5967765680128,3139561917683,2.8456899407668788,0.9266276252805636
3957,4.11.6.-15,10299,73984,23885022800032,12566789036229,2.8447090398222663,0.9264901828333574
3958,4.17.-6.3,5153,36992,11949491439776,6287665200863,2.84372880534765,0.9263529140239458
3959,6.16.6.-17,10313,73984,23912942959072,12583871767223,2.842749236437984,0.9262158185228689
3960,6.17.8.-21,645,4624,1495431439912,787025820795,2.841770332190062,0.9260788960015011
3961,6.22.-6.1,10327,73984,23940863118112,12600954498217,2.840792091702519,0.9259421461320484
3962,6.25.-8.3,5167,36992,11977411598816,6304747931857,2.8398145140758184,0.9258055685875464
3963,8.22.8.-23,10341,73984,23968783277152,12618037229211,2.838837598412253,0.9256691630418572
3964,8.30.-8.1,2587,18496,5995685839168,3156644648677,2.8378613438159377,0.9255329291696666
3965,-18.-43.-8.31,647,4624,1499416475464,789466210937,2.8373037805081713,0.9254517342213486
3966,-18.-51.8.7,2589,18496,5999645964544,3159085038819,2.8367464326005676,0.9253705974314312
3967,-2.-13.20.-29,1295,9248,3000813013616,1580152616945,2.8361892999267626,0.9252895187373217
3968,-2.7.-20.31,2591,18496,6003606089920,3161525428961,2.8356323823205845,0.9252084980765178
3969,-20.-47.-6.29,2593,18496,6007566215296,3163965819103,2.8345191916473844,0.9250466306052654
3970,-20.-53.6.11,2595,18496,6011526340672,3166406209245,2.833406859255436,0.9248849945194473
3971,-22.-51.-4.27,649,4624,1503376600840,791906601079,2.83285101450154,0.9248042630907712
3972,-22.-55.4.15,2597,18496,6015486466048,3168846599387,2.8322953838222715,0.9247235893222663
3973,-4.-1.-18.31,2599,18496,6019446591424,3171286989529,2.831184764028478,0.9245624145183492
3974,-4.-19.18.-23,9,64,6023406716800,3173727379671,2.830074998557688,0.9244014696137418
3975,18.43.8.-31,1301,9248,3012693389744,1587473787371,2.829520435782883,0.9243210832197051
3976,18.51.-8.-7,2603,18496,6027366842176,3176167769813,2.8289660860965666,0.9242407541159033
3977,2.-7.20.-31,651,4624,1507336726216,794346991221,2.8284119493350435,0.924160482240989
3978,2.13.-20.29,2605,18496,6031326967552,3178608159955,2.8278580253348085,0.9240802675337025
3979,20.47.6.-29,2607,18496,6035287092928,3181048550097,2.826750814965122,0.9239200093774113
3980,20.53.-6.-11,2609,18496,6039247218304,3183488940239,2.8256444536832266,0.9237599791587003
3981,22.51.4.-27,1305,9248,3020613640496,1592354567655,2.825091591043432,0.923680049373716
3982,22.55.-4.-15,2611,18496,6043207343680,3185929330381,2.824538940187837,0.9236001763906346
3983,4.1.18.-31,2613,18496,6047167469056,3188369720523,2.823434273180658,0.9234406005876673
3984,4.19.-18.23,2615,18496,6051127594432,3190810110665,2.8223304513663754,0.9232812512656355
3985,-8.-20.-4.15,2617,18496,6055086116872,3193250500807,2.8212274734526437,0.9231217460235684
3986,-8.-24.4.3,2619,18496,6059044639312,3195690890949,2.8201253381500826,0.9229624667973768
3987,8.20.4.-15,2621,18496,6063003161752,3198131281091,2.819024044172261,0.9228034131060417
3988,8.24.-4.-3,2623,18496,6066961684192,3200571671233,2.8179235902356945,0.9226445844699115
3989,-14.-24.-6.19,5251,36992,12143731347200,6407244317821,2.81654920217244,0.9224358710432358
3990,-14.-30.6.1,657,4624,1519192415752,801668161647,2.8151761221783493,0.9222275245994976
3991,-6.-20.-14.33,5261,36992,12163347304832,6419446268531,2.813804347765889,0.922019544169476
3992,-6.-34.14.-9,2633,18496,6086577641824,3212773621943,2.812433876454616,0.9218119287873671
3993,14.24.6.-19,5271,36992,12182963262464,6431648219241,2.8110647057711464,0.9216046774907692
3994,14.30.-6.-1,1319,9248,3048192810320,1609437298649,2.8096968332491343,0.921397789320669
3995,6.20.14.-33,5281,36992,12202579220096,6443850169951,2.8083302564292403,0.921191263321425
3996,6.34.-14.9,2643,18496,6106193599456,3224975572653,2.806964972859109,0.9209850985407536
3997,-6.-15.-4.13,2645,18496,1222022292928,645483192559,2.805873675499291,0.9208191685217078
3998,-6.-19.4.1,2647,18496,6114029329824,3229856352937,2.80478320300528,0.9206534702037157
3999,6.15.4.-13,2649,18496,6117947195008,3232296743079,2.8036935541310566,0.9204880031007114
4000,6.19.-4.-1,2651,18496,6121865060192,3234737133221,2.80260472763342,0.9203227667279918
4001,-16.-40.-4.23,39,272,1530954462170,808989332073,2.8020606223880913,0.9202387874409111
4002,-16.-42.0.17,1327,9248,3063861712828,1619198859217,2.8009730271304853,0.9200710040828506
4003,-16.-44.-4.25,2655,18496,6129676214144,3239617913505,2.8004295368091627,0.9199871998897716
4004,-16.-44.4.11,83,578,766453625329,405104763572,2.799886251153754,0.9199034539394032
4005,-16.-45.-6.29,2657,18496,6133581791120,3242058303647,2.799343170010172,0.9198197661709083
4006,-16.-48.4.13,1329,9248,3067767289804,1621639249359,2.798800293224504,0.9197361365235354
4007,-16.-51.6.11,2659,18496,6137487368096,3244498693789,2.798257620643011,0.9196525649366175
4008,16.40.4.-23,665,4624,219265719878,115918531745,2.797715152112127,0.9195690513495722
4009,16.42.0.-17,1331,9248,3071672866780,1624079639501,2.796630826588787,0.9194021979331919
4010,16.44.-4.-11,2663,18496,6145298522048,3249379474073,2.796088969290065,0.9193188579831136
4011,16.44.4.-25,333,2312,768406413817,406324958643,2.795547315429417,0.9192355757914215
4012,16.45.6.-29,2665,18496,6149204099024,3251819864215,2.7950058648541405,0.9191523512979538
4013,16.48.-4.-13,1333,9248,3075578443756,1626520029643,2.7944646174117054,0.9190691844426326
4014,16.51.-6.-11,2667,18496,879015668000,464894322051,2.793923572949753,0.9189860751654636
4015,-8.-23.-2.13,5339,36992,12315974812832,6514621484069,2.7925718488361673,0.9187775599475716
4016,-8.-25.2.7,167,1156,385179071052,203772576857,2.7912213900266267,0.9185694048584752
4017,8.23.2.-13,5349,36992,12335485734496,6526823434779,2.7898721941545275,0.9183616089638452
4018,8.25.-2.-7,2677,18496,6172620597664,3266462205067,2.7885242588599013,0.9181541713325889
4019,-10.-25.-4.17,2679,18496,6176512203856,3268902595209,2.7874468166582997,0.9179860077387052
4020,-10.-29.4.5,2681,18496,6180403810048,3271342985351,2.7863701785181174,0.9178180754817048
4021,10.25.4.-17,2683,18496,6184295416240,3273783375493,2.7852943432401576,0.9176503740834174
4022,10.29.-4.-5,2685,18496,6188187022432,3276223765635,2.784219309627904,0.9174829030669921
4023,-6.-25.20.-24,5375,36992,12386079338624,6558548506625,2.782876643136494,0.9172711245112836
4024,-6.-5.-20.36,1345,9248,3098946158096,1641162370495,2.7815352250566923,0.9170597085903297
4025,6.25.-20.24,5385,36992,12405489926144,6570750457335,2.780195053069109,0.9168486543712377
4026,6.5.20.-36,2695,18496,6207597609952,3288425716345,2.778856124860811,0.9166379609243197
4027,-3.-10.-1.6,1349,9248,3106699889768,1646043150779,2.777251049552411,0.9163807261526502
4028,-3.-11.1.3,2701,18496,6219201949120,3295746886771,2.775647757991712,0.9161240170813832
4029,3.10.1.-6,169,1156,389062757419,206212966999,2.7740462462184947,0.9158678320965836
4030,3.11.-1.-3,2707,18496,6230806288288,3303068057197,2.772446510285715,0.9156121695909316
4031,-5.-15.-1.8,1355,9248,3118295116624,1653364321205,2.7708485462594448,0.9153528121125167
4032,-5.-16.1.5,2713,18496,6242374178208,3310389227623,2.7692523502188124,0.9150939817431014
4033,5.15.1.-8,679,4624,1562039530792,828512453209,2.767657918255947,0.9148356768732473
4034,5.16.-1.-5,2719,18496,6253942068128,3317710398049,2.766065246475919,0.9145778959000788
4035,-11.-18.11.-13,5,34,781983648169,414866324140,2.765534746362977,0.9144918857043602
4036,-11.-7.-11.20,2721,18496,6257796302576,3320150788191,2.7650044412510004,0.9144059336058051
4037,-12.-21.-14.32,1361,9248,3129861709900,1660685491631,2.764474330996684,0.9143200395454164
4038,-12.-23.-10.26,2723,18496,6261650537024,3322591178333,2.7639444154568826,0.9142342034642775
4039,-12.-33.10.-4,681,4624,1565894413562,830952843351,2.7634146944886075,0.9141484253035517
4040,-12.-35.14.-10,2725,18496,6265504771472,3325031568475,2.762885167949028,0.9140627050044823
4041,-16.-33.-10.30,1363,9248,3133715944348,1663125881773,2.7623558356954696,0.9139770425083916
4042,-16.-39.-6.26,2727,18496,6269359005920,3327471958617,2.7618266975854153,0.913891437756682
4043,-16.-43.10.0,341,2312,783910765393,416086519211,2.7612977534765064,0.9138058906908353
4044,-16.-45.6.8,2729,18496,6273213240368,3329912348759,2.7607690032265384,0.9137204012524122
4045,-20.-51.-2.24,1365,9248,3137570178796,1665566271915,2.760240446693464,0.9136349693830526
4046,-20.-53.2.18,2731,18496,6277067474816,3332352738901,2.759712083735393,0.9135495950244754
4047,-4.-15.6.-4,683,4624,1569748648010,833393233493,2.7591839142105883,0.9134642781184785
4048,-4.-9.-6.14,2733,18496,6280921709264,3334793129043,2.7586559379774718,0.9133790186069386
4049,-5.2.5.-11,1367,9248,3141424413244,1668006662057,2.758128154894619,0.9132938164318105
4050,-5.7.-5.4,2735,18496,6284775943712,3337233519185,2.75760056482076,0.9132086715351279
4051,-6.-11.-12.25,171,1156,785837882617,417306714282,2.7570731676147813,0.9131235838590023
4052,-6.-23.12.-11,161,1088,6288630178160,3339673909327,2.7565459631357223,0.9130385533456239
4053,-7.-6.7.-11,1369,9248,3145278647692,1670447052199,2.7560189512427793,0.9129535799372608
4054,-7.1.-7.10,2739,18496,6292484412608,3342114299469,2.7554921317953007,0.912868663576259
4055,-8.-13.-10.22,685,4624,1573602882458,835833623635,2.7549655046527897,0.9127838042050421
4056,-8.-23.10.-8,2741,18496,6296338647056,3344554689611,2.7544390696749037,0.9126990017661114
4057,11.18.-11.13,1371,9248,3149132882140,1672887442341,2.7539128267214528,0.9126142562020464
4058,11.7.11.-20,2743,18496,6300192881504,3346995079753,2.7533867756524013,0.9125295674555026
4059,12.21.14.-32,343,2312,787764999841,418526909353,2.7528609163278666,0.9124449354692141
4060,12.23.10.-26,2745,18496,6304047115952,3349435469895,2.7523352486081176,0.9123603601859914
4061,12.33.-10.4,1373,9248,3152987116588,1675327832483,2.751809772353578,0.9122758415487223
4062,12.35.-14.10,2747,18496,6307901350400,3351875860037,2.751284487424823,0.9121913795003713
4063,16.33.10.-30,687,4624,1577457116906,838274013777,2.750759393682579,0.9121069739839797
4064,16.39.6.-26,2749,18496,6311755584848,3354316250179,2.7502344909877254,0.9120226249426654
4065,16.43.-10.0,1375,9248,3156841351036,1677768222625,2.7497097792012943,0.9119383323196225
4066,16.45.-6.-8,2751,18496,6315609819296,3356756640321,2.7491852581844682,0.9118540960581222
4067,20.51.2.-24,43,289,18364932955,9761560568,2.7486609277985807,0.9117699161015111
4068,20.53.-2.-18,2753,18496,6319464053744,3359197030463,2.7481367879051177,0.9116857923932125
4069,4.15.-6.4,81,544,3160695585484,1680208612767,2.747612838365715,0.9116017248767252
4070,4.9.6.-14,2755,18496,6323318288192,3361637420605,2.747089079042159,0.9115177134956244
4071,5.-2.-5.11,689,4624,1581311351354,840714403919,2.7465655097963877,0.9114337581935601
4072,5.-7.5.-4,2757,18496,6327172522640,3364077810747,2.7460421304904883,0.9113498589142588
4073,6.11.12.-25,1379,9248,3164549819932,1682649002909,2.7455189409866985,0.9112660156015221
4074,6.23.-12.11,2759,18496,6331026757088,3366518200889,2.744995941147406,0.9111822281992268
4075,7.-1.7.-10,345,2312,791619234289,420967299495,2.7444731308351473,0.9110984966513253
4076,7.6.-7.11,2761,18496,6334880991536,3368958591031,2.74395050991261,0.9110148209018444
4077,8.13.10.-22,1381,9248,3168404054380,1685089393051,2.7434280782426277,0.9109312008948867
4078,8.23.-10.8,2763,18496,6338735225984,3371398981173,2.742905835688187,0.9108476365746287
4079,-12.-16.-8.19,11057,73984,25364566124160,13491696900047,2.7422532982303713,0.9107426698037142
4080,-12.-24.8.-5,5531,36992,12687095672192,6748898937701,2.7416010557847534,0.9106377902949917
4081,-14.-28.-6.21,651,4352,25383816564608,13503898850757,2.740949108084704,0.9105329979394139
4082,-14.-34.6.3,173,1156,396772527888,211093747283,2.7402974548639545,0.9104282926281156
4083,-2.1.8.-15,11077,73984,25403067005056,13516100801467,2.739646095856597,0.9103236742524132
4084,-2.9.-8.9,5541,36992,12706346112640,6761100888411,2.7389950307970845,0.9102191427038047
4085,-4.-14.-12.27,11087,73984,25422317445504,13528302752177,2.7383442594202285,0.9101146978739685
4086,-4.-18.-12.29,2773,18496,6357985666432,3383600931883,2.7376937814612003,0.910010339654764
4087,-4.-26.12.-9,11097,73984,25441567885952,13540504702887,2.7370435966555275,0.9099060679382307
4088,-4.-30.12.-7,5551,36992,12725596553088,6773302839121,2.736393704739096,0.909801882616588
4089,-6.-24.-14.35,11107,73984,25460818326400,13552706653597,2.7357441054481497,0.9096977835822343
4090,-6.-38.14.-7,1389,9248,3183805443328,1694850953619,2.7350947985192864,0.9095937707277478
4091,-8.-28.-12.33,11117,73984,25480068766848,13564908604307,2.7344457836894605,0.9094898439458846
4092,-8.-40.12.-3,5561,36992,12744846993536,6785504789831,2.7337970606959816,0.9093860031295796
4093,0.-11.6.-5,11127,73984,25499319207296,13577110555017,2.733148629276513,0.9092822481719455
4094,0.-5.-6.13,2783,18496,6377236106880,3395802882593,2.7325004891690714,0.9091785789662724
4095,0.11.-6.5,11137,73984,25518569647744,13589312505727,2.731852640112027,0.909074995406028
4096,0.5.6.-13,5571,36992,12764097433984,6797706740541,2.731205081844102,0.9089714973848566
4097,12.16.8.-19,11147,73984,25537820088192,13601514456437,2.73055781410437,0.9088680847965787
4098,12.24.-8.5,41,272,1596715331776,850475964487,2.7299108366322558,0.9087647575351916
4099,14.28.6.-21,11157,73984,25557070528640,13613716407147,2.729264149167535,0.9086615154948674
4100,14.34.-6.-3,5581,36992,12783347874432,6809908691251,2.7286177514503325,0.9085583585699545
4101,2.-1.-8.15,11167,73984,25576320969088,13625918357857,2.727971643221123,0.9084552866549757
4102,2.-9.8.-9,2793,18496,6396486547328,3408004833303,2.727325824220729,0.9083522996446284
4103,4.14.12.-27,11177,73984,25595571409536,13638120308567,2.726680294190321,0.9082493974337849
4104,4.18.12.-29,5591,36992,12802598314880,6822110641961,2.7260350528714166,0.9081465799174907
4105,4.26.-12.9,11187,73984,25614821849984,13650322259277,2.7253901000058813,0.9080438469909653
4106,4.30.-12.7,1399,9248,3203055883776,1707052904329,2.7247454353359255,0.9079411985496013
4107,6.24.14.-35,11197,73984,25634072290432,13662524209987,2.724101058604105,0.9078386344889637
4108,6.38.-14.7,5601,36992,12821848755328,6834312592671,2.7234569695533204,0.907736154704791
4109,8.28.12.-33,11207,73984,25653322730880,13674726160697,2.7228131679268177,0.9076337590929928
4110,8.40.-12.3,2803,18496,6415736987776,3420206784013,2.722169653468185,0.9075314475496508
4111,-10.-20.14.-17,11217,73984,25672468135360,13686928111407,2.7215264259213536,0.9074233173612906
4112,-10.-30.-6.23,5611,36992,12840994159808,6846514543381,2.720883485030598,0.9073152754343224
4113,-10.-36.6.5,11227,73984,25691508503872,13699130062117,2.720240830540534,0.907207321660423
4114,-10.-6.-14.25,351,2312,803157146504,428288469921,2.7195984621961182,0.907099455931446
4115,-12.-10.-12.23,661,4352,25710548872384,13711332012827,2.718956379742648,0.9069916781394228
4116,-12.-22.12.-13,5621,36992,1837147789760,979816642013,2.71831458292576,0.9068839881765617
4117,-12.-31.-6.23,11247,73984,25729589240896,13723533963537,2.7176730714914323,0.9067763859352476
4118,-12.-33.-10.31,2813,18496,6434777356288,3432408734723,2.717031845185979,0.9066688713080412
4119,-12.-33.-2.17,11257,73984,25748629609408,13735735914247,2.716390903756054,0.9065614441876798
4120,-12.-34.-4.21,5631,36992,12879074896832,6870918444801,2.715750246948648,0.9064541044670756
4121,-12.-35.2.11,11267,73984,25767669977920,13747937864957,2.7151098745110898,0.9063468520393163
4122,-12.-37.6.5,1409,9248,3222148770272,1719254855039,2.7144697861910423,0.9062396867976643
4123,-12.-38.4.9,11277,73984,3683815763776,1965734259381,2.713829981736506,0.9061326086355562
4124,-12.-43.10.1,5641,36992,12898115265344,6883120395511,2.7131904608958157,0.9060256174466028
4125,-14.-18.-10.23,11287,73984,25805750714944,13772341766377,2.712551223417641,0.9059187131245887
4126,-14.-28.10.-7,2823,18496,6453817724800,3444610685433,2.711912269050986,0.9058118955634721
4127,-14.-39.-4.23,11297,73984,326896089664,174487895153,2.7112735975451865,0.9057051646573837
4128,-14.-40.-6.27,5651,36992,12917155633856,6895322346221,2.7106352086499124,0.9055985203006272
4129,-14.-43.4.11,11307,73984,25843831451968,13796745667797,2.709997102115166,0.9054919623876782
4130,-14.-46.6.9,707,4624,230833496752,123239702171,2.70935927769128,0.9053854908131846
4131,-4.-12.-8.19,11317,73984,25862871820480,13808947618507,2.708721735128919,0.905279105471966
4132,-4.-2.12.-21,333,2176,12936196002368,6907524296931,2.7080844741790773,0.9051728062590129
4133,-4.-20.8.-5,11327,73984,25881912188992,13821149569217,2.70744749459308,0.9050665930694869
4134,-4.10.-12.15,2833,18496,6472858093312,3456812636143,2.7068107961225802,0.9049604657987201
4135,-6.-10.14.-21,11337,73984,25900952557504,13833351519927,2.706174378519561,0.9048544243422149
4136,-6.4.-14.21,5671,36992,12955236370880,6919726247641,2.7055382415363325,0.9047484685956431
4137,-8.-14.16.-23,11347,73984,3702856132288,1977936210091,2.7049023849255334,0.9046425984548468
4138,-8.-24.-4.17,1419,9248,3241189138784,1731456805749,2.7042668084401273,0.9045368138158364
4139,-8.-28.4.5,11357,73984,25939033294528,13857755421347,2.703631511833407,0.904431114574792
4140,-8.2.-16.25,5681,36992,12974276739392,6931928198351,2.702996494858988,0.9043255006280613
4141,10.20.-14.17,11367,73984,25958073663040,13869957372057,2.7023617572708143,0.9042199718721605
4142,10.30.6.-23,2843,18496,6491898461824,3469014586853,2.7017272988231515,0.904114528203774
4143,10.36.-6.-5,11377,73984,25977114031552,13882159322767,2.701093119270591,0.9040091695197531
4144,10.6.14.-25,5691,36992,1856188158272,992018592723,2.7004592183680467,0.903903895717116
4145,12.10.12.-23,11387,73984,25996154400064,13894361273477,2.6998255958707573,0.9037987066930487
4146,12.22.-12.13,89,578,203169332690,108597361319,2.699192251534281,0.9036936023449026
4147,12.31.6.-23,11397,73984,26015194768576,13906563224187,2.6985591851145,0.9035885825701958
4148,12.33.10.-31,5701,36992,13012357476416,6956332099771,2.6979263963676177,0.9034836472666117
4149,12.33.2.-17,671,4352,26034235137088,13918765174897,2.697293885050156,0.9033787963319995
4150,12.34.4.-21,2853,18496,6510938830336,3481216537563,2.6966616509189594,0.9032740296643732
4151,12.35.-2.-11,11417,73984,3721896500800,1990138160801,2.6960296937311905,0.9031693471619118
4152,12.37.-6.-5,5711,36992,13031397844928,6968534050481,2.6953980132443314,0.9030647487229586
4153,12.38.-4.-9,11427,73984,26072315874112,13943169076317,2.694766609216183,0.902960234246021
4154,12.43.-10.-1,1429,9248,3260229507296,1743658756459,2.6941354814048624,0.9028558036297701
4155,14.18.10.-23,11437,73984,26091356242624,13955371027027,2.6935046295688063,0.9027514567730406
4156,14.28.-10.7,5721,36992,13050438213440,6980736001191,2.6928740534667663,0.90264719357483
4157,14.39.4.-23,11447,73984,26110396611136,13967572977737,2.6922437528578116,0.9025430139342989
4158,14.40.6.-27,2863,18496,932854171264,499059784039,2.6916137275013257,0.90243891775077
4159,14.43.-4.-11,11457,73984,26129436979648,13979774928447,2.6909839771570083,0.9023349049237283
4160,14.46.-6.-9,5731,36992,13069478581952,6992937951901,2.6903545015848733,0.9022309753528207
4161,4.-10.12.-15,11467,73984,26148477348160,13991976879157,2.689725300545248,0.9021271289378553
4162,4.12.8.-19,717,4624,1634874845776,874879865907,2.689096373798774,0.9020233655788013
4163,4.2.-12.21,11477,73984,26167517716672,14004178829867,2.6884677211064054,0.9019196851757889
4164,4.20.-8.5,5741,36992,13088518950464,7005139902611,2.6878393422294087,0.9018160876291089
4165,6.-4.14.-21,11487,73984,3740936869312,2002340111511,2.687211236929362,0.9017125728392119
4166,6.10.-14.21,169,1088,6549019567360,3505620438983,2.686583404968155,0.9016091407067086
4167,8.-2.16.-25,11497,73984,26205598453696,14028582731287,2.685955846107988,0.901505791132369
4168,8.14.-16.23,5751,36992,13107559318976,7017341853321,2.685328560111372,0.9014025240171224
4169,8.24.4.-17,11507,73984,26224638822208,14040784681997,2.6847015467411266,0.9012993392620572
4170,8.28.-4.-5,1439,9248,3279269875808,1755860707169,2.684074805760381,0.9011962367684201
4171,-4.-15.-14.31,5759,36992,13122776600480,7027103413889,2.683323075804568,0.9010709716867908
4172,-4.-29.14.-11,2881,18496,6564236848864,3515381999551,2.6825717373408082,0.9009458261839619
4173,-8.-29.-14.37,5765,36992,13134170794976,7034424584315,2.6818207899615443,0.9008208000883191
4174,-8.-43.14.-5,721,4624,1642483486528,879760646191,2.6810702332598564,0.9006958932285768
4175,4.15.14.-31,5771,36992,13145564989472,7041745754741,2.680320066829458,0.9005711054337783
4176,4.29.-14.11,2887,18496,6575631043360,3522703169977,2.6795702902646967,0.9004464365332938
4177,8.29.14.-37,5777,36992,13156959183968,7049066925167,2.6788209031605534,0.900321886356821
4178,8.43.-14.5,5,32,3290664070304,1763181877595,2.678071905112638,0.9001974547343831
4179,-8.-29.22.-26,11567,73984,26338571873472,14113996386257,2.6771985652419565,0.9000505763806261
4180,-8.-7.-22.40,5787,36992,13175915592256,7061268875877,2.6763257537304193,0.8999038607642271
4181,8.29.-22.26,11581,73984,26365090495552,14131079117251,2.675453469939111,0.8997573076141154
4182,8.7.22.-40,2897,18496,6594587451648,3534905120687,2.6745817132302756,0.8996109166598235
4183,-17.-45.-1.20,11593,73984,26387817470272,14145721458103,2.6739593522176954,0.8995062719147467
4184,-17.-46.1.17,5799,36992,13198642566976,7075911216729,2.673337259568287,0.8994017098151537
4185,-2.-24.-2.15,11603,73984,26406752797632,14157923408813,2.672715435050713,0.8992972302629024
4186,-2.-26.2.9,1451,9248,3302027557664,1770503048021,2.6720938784339343,0.8991928331600061
4187,-5.6.1.-6,11613,73984,26425688124992,14170125359523,2.6714725894872116,0.8990885184086341
4188,-5.7.-1.-3,5809,36992,13217577894336,7088113167439,2.670851567980102,0.8989842859111099
4189,-6.4.2.-7,11623,73984,26444623452352,14182327310233,2.6702308136824615,0.8988801355699129
4190,-6.6.-2.-1,171,1088,6613522779008,3547107071397,2.6696103263644417,0.8987760672876761
4191,-8.-1.-2.2,11633,73984,26463558779712,14194529260943,2.6689901057964915,0.8986720809671878
4192,-8.-3.2.-4,5819,36992,13236513221696,7100315118149,2.6683701517493557,0.898568176511389
4193,-9.-3.-1.1,11643,73984,26482494107072,14206731211653,2.6677504639940746,0.8984643538233751
4194,-9.-4.1.-2,91,578,206968451334,111037751461,2.6671310423019827,0.8983606128063946
4195,17.45.1.-20,11653,73984,26501429434432,14218933162363,2.6665118864447095,0.8982569533638488
4196,17.46.-1.-17,5829,36992,13255448549056,7112517068859,2.665892996194178,0.8981533753992924
4197,2.24.2.-15,11663,73984,26520364761792,14231135113073,2.6652743713226057,0.8980498788164315
4198,2.26.-2.-9,2917,18496,6632458106368,3559309022107,2.664656011602501,0.897946463519125
4199,5.-6.-1.6,11673,73984,26539300089152,14243337063783,2.664037916806667,0.8978431294113833
4200,5.-7.1.3,5839,36992,13274383876416,7124719019569,2.663420086708197,0.8977398763973684
4201,6.-4.-2.7,11683,73984,26558235416512,14255539014493,2.662802521080476,0.8976367043813935
4202,6.-6.2.1,1461,9248,3320962885024,1782704998731,2.6621852196971805,0.8975336132679229
4203,8.1.2.-2,11693,73984,26577170743872,14267740965203,2.6615681823322768,0.8974306029615708
4204,8.3.-2.4,5849,36992,13293319203776,7136920970279,2.6609514087600217,0.8973276733671024
4205,9.3.1.-1,11703,73984,26596106071232,14279942915913,2.6603348987549604,0.8972248243894326
4206,9.4.-1.2,2927,18496,6651393433728,3571510972817,2.6597186520919283,0.8971220559336262
4207,-2.-18.14.-16,5857,36992,13308457704416,7146682530847,2.658979503391161,0.8969977817804684
4208,-2.-4.-14.26,1465,9248,3328532135344,1787585779015,2.6582407331910685,0.8968736241809759
4209,2.18.-14.16,5863,36992,1210890852576,650363972843,2.657502341104206,0.8967495829707974
4210,2.4.14.-26,2933,18496,6662735107648,3578832143243,2.656764326743723,0.8966256579858911
4211,-2.-25.0.12,5873,36992,13338668939264,7166205651983,2.6550437600032515,0.8963333567566026
4212,2.25.0.-12,735,4624,34060886896,18302926065,2.653325242776952,0.8960416924595224
4213,-2.-15.20.-28,11765,73984,26713155176576,14355595010315,2.6527119823890186,0.8959372588136698
4214,-2.5.-20.32,5885,36992,13361287513344,7180847992835,2.652098982574872,0.895832906345843
4215,-22.-51.-8.34,11775,73984,1069279795072,574711878441,2.6514862431131707,0.8957286349611541
4216,-22.-53.-4.28,2945,18496,6685353681728,3593474484095,2.650873763782856,0.8956244445648638
4217,-22.-57.4.16,11785,73984,26750834577024,14379998911735,2.650261544363149,0.895520335062381
4218,-22.-59.8.10,5895,36992,13380127213568,7193049943545,2.6496495846335537,0.8954163063592623
4219,2.-5.20.-32,11795,73984,3824239182464,2056028694635,2.649037884373854,0.8953123583612114
4220,2.15.-20.28,1475,9248,669477353184,359957545945,2.6484264433641127,0.8952084909740791
4221,22.51.8.-34,11805,73984,26788513977472,14404402813155,2.647815261384674,0.8951047041038629
4222,22.53.4.-28,5905,36992,13398966913792,7205251894255,2.6472043382161594,0.8950009976567075
4223,22.57.-4.-16,695,4352,26807353677696,14416604763865,2.6465936736394697,0.8948973715389028
4224,22.59.-8.-10,2955,18496,6704193381952,3605676434805,2.645983267435784,0.8947938256568857
4225,-2.-27.0.13,5917,36992,13421510873408,7219894235107,2.6442755027506646,0.8944974781499924
4226,2.27.0.-13,1481,9248,3358658745728,1807108900151,2.642569757211831,0.8942017703214107
4227,-2.-11.0.5,1485,9248,1122044711504,603996560145,2.6386784668125505,0.8935179276343931
4228,2.11.0.-5,1489,9248,3373609523296,1816870460719,2.634797643918579,0.892837437363578
4229,-2.-9.0.4,2987,18496,6764028623648,3644722677077,2.6304441601898882,0.8920737192231137
4230,2.9.0.-4,749,4624,1695209550176,913926108179,2.626103774041928,0.8913141886454244
4231,-8.-31.22.-25,5995,36992,2713454162720,1463013890129,2.6253816441990927,0.8911870712648521
4232,-8.-9.-22.41,2999,18496,6786432612896,3659365017929,2.6246598756319384,0.891060069859416
4233,8.31.-22.25,353,2176,13578459637984,7322390621071,2.623938467979159,0.8909331842699832
4234,8.9.22.-41,1501,9248,3396013512544,1831512801571,2.6232174208799903,0.8908064143377123
4235,-10.-17.12.-15,6007,36992,13589645256496,7329711791497,2.622496733974209,0.8906794195644044
4236,-10.-26.-6.21,3005,18496,6797618231408,3666686188355,2.621776406902131,0.8905525404114661
4237,-10.-28.-2.15,6013,36992,13600827669136,7337032961923,2.621056439304611,0.8904257767205822
4238,-10.-29.-4.19,47,289,212600294929,114698336674,2.6203368308230415,0.8902991283337273
4239,-10.-30.2.9,6019,36992,13612010081776,7344354132349,2.6196175810993503,0.8901725950931649
4240,-10.-32.6.3,3011,18496,6808800644048,3674007358781,2.6188986897760014,0.8900461768414474
4241,-10.-33.4.7,6025,36992,13623192494416,7351675302775,2.6181801564959923,0.8899198734214143
4242,-10.-5.-12.21,1507,9248,3407195925184,1838833971997,2.617461980902855,0.8897936846761934
4243,-12.-11.-14.27,6031,36992,13634374907056,7358996473201,2.6167441626406513,0.8896676104491975
4244,-12.-25.14.-15,3017,18496,6819983056688,3681328529207,2.6160267013539764,0.8895416505841264
4245,-12.-30.-4.19,6037,36992,13645557319696,7366317643627,2.6153095966879545,0.8894158049249645
4246,-12.-32.0.13,6043,36992,13656739732336,7373638814053,2.6138764558010075,0.8891644556017292
4247,-12.-34.4.7,3023,18496,6831165469328,3688649699633,2.6131604188729716,0.8890389516270446
4248,-12.-35.-6.25,6049,36992,13667922144976,7380959984479,2.6124447371513635,0.8889135612370463
4249,-12.-41.6.7,89,544,3418378337824,1846155142423,2.6117294102839415,0.8887882842771351
4250,-14.-36.-6.25,6055,36992,13679104557616,7388281154905,2.6110144379189877,0.888663120592993
4251,-14.-38.-10.33,3029,18496,6842347881968,3695970870059,2.6102998197053062,0.8885380700305823
4252,-14.-38.-2.19,6061,36992,13690286970256,7395602325331,2.609585555292224,0.8884131324361461
4253,-14.-40.2.13,379,2312,855992386036,462453931909,2.608871644329587,0.8882883076562059
4254,-14.-42.6.7,6067,36992,13701469382896,7402923495757,2.6081580864677623,0.8881635955375631
4255,-14.-48.10.3,3035,18496,6853530294608,3703292040485,2.6074448813576345,0.888038995927296
4256,-2.15.-12.13,6073,36992,13712651795536,7410244666183,2.606732028650606,0.887914508672761
4257,-2.3.12.-23,1519,9248,3429560750464,1853476312849,2.6060195279985954,0.8877901336215916
4258,-4.-10.-4.11,6079,36992,13723834208176,7417565836609,2.6053073790540378,0.887665870621697
4259,-4.-14.4.-1,3041,18496,6864712707248,3710613210911,2.604595581469881,0.8875417195212619
4260,-6.-19.-4.15,6085,36992,13735016620816,7424887007035,2.6038841348995883,0.8874176801687466
4261,-6.-23.4.3,761,4624,1717575978392,928568449031,2.6031730389971335,0.887293752412885
4262,-6.-7.12.-19,6091,36992,13746199033456,7432208177461,2.6024622934170027,0.8871699361026851
4263,-6.-9.16.-25,3047,18496,6875895119888,3717934381337,2.6017518978141934,0.8870462310874283
4264,-6.5.-12.17,6097,36992,13757381446096,7439529347887,2.60104185184421,0.8869226372166676
4265,-6.7.-16.23,1525,9248,3440743163104,1860797483275,2.600332155163068,0.8867991543402286
4266,-8.-1.-14.23,359,2176,13768563858736,7446850518313,2.5996228074272882,0.886675782308208
4267,-8.-15.14.-19,3053,18496,6887077532528,3725255551763,2.598913808293899,0.8865525209709726
4268,-8.-22.0.9,191,1156,430791796178,233057258561,2.59749685446493,0.8863063297836768
4269,10.17.-12.15,6115,36992,13790928684016,7461492859165,2.59678889908593,0.8861833996356983
4270,10.26.6.-21,3059,18496,6898259945168,3732576722189,2.596081290942476,0.8860605795866678
4271,10.28.2.-15,6121,36992,13802111096656,7468814029591,2.595374029694115,0.8859378694882971
4272,10.29.4.-19,1531,9248,3451925575744,1868118653701,2.594667115000891,0.8858152691925638
4273,10.30.-2.-9,6127,36992,13813293509296,7476135200017,2.5939605465233497,0.8856927785517126
4274,10.32.-6.-3,3065,18496,6909442357808,3739897892615,2.593254323922535,0.8855703974182538
4275,10.33.-4.-7,6133,36992,13824475921936,7483456370443,2.5925484468599875,0.885448125644963
4276,10.5.12.-21,767,4624,1728758391032,935889619457,2.5918429149977453,0.88532596308488
4277,12.11.14.-27,6139,36992,13835658334576,7490777540869,2.5911377279983414,0.8852039095913089
4278,12.25.-14.15,3071,18496,6920624770448,3747219063041,2.590432885524804,0.885081965017817
4279,12.30.4.-19,6145,36992,13846840747216,7498098711295,2.5897283872406547,0.8849601292182347
4280,12.32.0.-13,6151,36992,13858023159856,7505419881721,2.5883204218970683,0.8847167833574296
4281,12.34.-4.-7,181,1088,6931807183088,3754540233467,2.5876169541671343,0.8845952730051758
4282,12.35.6.-25,6157,36992,13869205572496,7512741052147,2.5869138292855913,0.8844738708447684
4283,12.41.-6.-7,385,2312,867174798676,469775102335,2.586211046918415,0.8843525767313424
4284,14.36.6.-25,6163,36992,13880387985136,7520062222573,2.585508606732069,0.8842313905202928
4285,14.38.10.-33,3083,18496,6942989595728,3761861403893,2.5848065083935037,0.8841103120672726
4286,14.38.2.-19,6169,36992,13891570397776,7527383392999,2.5841047515701545,0.8839893412281934
4287,14.40.-2.-13,1543,9248,3474290401024,1882760994553,2.583403335929944,0.883868477859224
4288,14.42.-6.-7,6175,36992,13902752810416,7534704563425,2.5827022611412764,0.88374772181679
4289,14.48.-10.-3,3089,18496,6954172008368,3769182574319,2.582001526873041,0.883627072957574
4290,2.-15.12.-13,6181,36992,13913935223056,7542025733851,2.581301132794609,0.8835065311385139
4291,2.-3.-12.23,773,4624,1739940803672,943210789883,2.5806010785758313,0.8833860962168028
4292,4.10.4.-11,6187,36992,13925117635696,7549346904277,2.579901363887042,0.883265768049889
4293,4.14.-4.1,3095,18496,6965354421008,3776503744745,2.579201988399052,0.8831455464954743
4294,6.-5.12.-17,6193,36992,13936300048336,7556668074703,2.578502951783152,0.8830254314115141
4295,6.-7.16.-23,1549,9248,3485472813664,1890082164979,2.5778042537111103,0.8829054226562173
4296,6.19.4.-15,6199,36992,13947482460976,7563989245129,2.5771058938551716,0.8827855200880447
4297,6.23.-4.-3,3101,18496,6976536833648,3783824915171,2.576407871888056,0.8826657235657088
4298,6.7.-12.19,365,2176,13958664873616,7571310415555,2.5757101874829598,0.8825460329481737
4299,6.9.-16.25,97,578,218191501249,118358921887,2.5750128403135513,0.8824264480946543
4300,8.1.14.-23,6211,36992,13969847286256,7578631585981,2.5743158300539726,0.8823069688646152
4301,8.15.-14.19,3107,18496,6987719246288,3791146085597,2.573619156378838,0.8821875951177712
4302,8.22.0.-9,1555,9248,3496655226304,1897403335405,2.572226817482714,0.8819491635137703
4303,-12.-25.-10.27,12445,73984,27982556624576,15185327658595,2.5716470726322807,0.8818497419425088
4304,-12.-35.10.-3,6225,36992,2799187143872,1519142863395,2.5710675606578732,0.8817503933841956
4305,-16.-37.-6.25,12455,73984,28001186252864,15197529609305,2.57048828137248,0.8816511177581966
4306,-16.-43.6.7,3115,18496,7002625266752,3800907646165,2.5699092345893146,0.8815519149839964
4307,-8.-17.-6.17,12465,73984,28019815881152,15209731560015,2.569330420121816,0.8814527849811986
4308,-8.-23.6.-1,6235,36992,14014565347648,7607916267685,2.5687518377836467,0.8813537276695252
4309,12.25.10.-27,12475,73984,5607689101888,3044386702145,2.5681734873886937,0.8812547429688168
4310,12.35.-10.3,195,1156,438246255056,237938038845,2.567595368751068,0.8811558307990318
4311,16.37.6.-25,12485,73984,28057075137728,15234135461435,2.567017481685104,0.8810569910802467
4312,16.43.-6.-7,6245,36992,14033194975936,7620118218395,2.566439826005359,0.880958223732656
4313,8.17.6.-17,735,4352,28075704766016,15246337412145,2.5658624015266125,0.8808595286765715
4314,8.23.-6.1,3125,18496,1404250979008,762621919375,2.565285208063867,0.8807609058324221
4315,-9.-25.-1.12,12507,73984,9366019862208,5086993250999,2.564477524971134,0.880622917362183
4316,-9.-26.1.9,6257,36992,14055549796544,7634760559247,2.5636702938013407,0.8804850700889226
4317,9.25.1.-12,12521,73984,28124139599552,15278062483991,2.5628635140490417,0.8803473637954032
4318,9.26.-1.-9,783,4624,586191241792,318470913531,2.562057185209638,0.8802097982648341
4319,-12.-20.-8.21,12537,73984,28153912860800,15297585605127,2.5610211384571135,0.8800314710323246
4320,-12.-28.8.-3,369,2176,14085323057792,7654283680383,2.559985835189943,0.8798533776517036
4321,12.20.8.-21,12555,73984,3131931041152,1702172124045,2.5589512743418164,0.8796755176619208
4322,12.28.-8.3,3141,18496,7051028156288,3832632718011,2.5579174548487145,0.8794978906031405
4323,-14.-37.0.15,393,2312,882075673978,479536662903,2.5565401802420724,0.8792613105632237
4324,14.37.0.-15,3147,18496,7062182627360,3839953888437,2.555164219202255,0.8790251428905484
4325,0.-19.-2.13,3151,18496,7069613103536,3844834668721,2.5533316434831392,0.878709700920403
4326,0.-21.2.7,3155,18496,7077043579712,3849715449005,2.5515013926307675,0.8783949900795548
4327,0.19.2.-13,3159,18496,7084474055888,3854596229289,2.5496734607538056,0.8780810078215743
4328,0.21.-2.-7,3163,18496,7091904532064,3859477009573,2.5478478419832853,0.877767751611878
4329,-10.-26.-10.28,6329,36992,14189374010160,7722614604359,2.547163830098063,0.8776496628467451
4330,-10.-36.10.-2,1583,9248,3548734739048,1931568797393,2.5464801423634977,0.8775316763257736
4331,-16.-41.-10.34,6335,36992,14200503902224,7729935774785,2.545796778472507,0.877413791915839
4332,-16.-51.10.4,3169,18496,7103034424128,3866798179999,2.545113738118445,0.8772960094840482
4333,-17.-45.-9.34,373,2176,14211633794288,7737256945211,2.5444310209951015,0.8771783288977391
4334,-17.-54.9.7,793,4624,1777149842540,967614691303,2.5437486267967,0.8770607500244801
4335,-19.-50.-9.36,6347,36992,14222763686352,7744578115637,2.543066555217899,0.8769432727320706
4336,-19.-59.9.9,3175,18496,7114164316192,3874119350425,2.5423848059537884,0.8768258968885388
4337,-2.-13.8.-8,6353,36992,14233893578416,7751899286063,2.5417033786998906,0.8767086223621424
4338,-2.-5.-8.16,1589,9248,3559864631112,1938889967819,2.54102227315216,0.876591449021368
4339,-20.-53.-10.39,6359,36992,14245023470480,7759220456489,2.54034148900698,0.8764743767349299
4340,-20.-63.10.9,3181,18496,7125294208256,3881440520851,2.5396610259611654,0.8763574053717705
4341,-21.-56.-7.35,6365,36992,14256153362544,7766541626915,2.5389808837119587,0.8762405348010596
4342,-21.-63.7.14,199,1156,445678697143,242818819129,2.53830106195703,0.8761237648921927
4343,-22.-59.-8.38,6371,36992,14267283254608,7773862797341,2.5376215603944776,0.8760070955147924
4344,-22.-67.8.14,3187,18496,7136424100320,3888761691277,2.536942378722826,0.8758905265387069
4345,-4.-10.-8.18,6377,36992,14278413146672,7781183967767,2.5362635166410237,0.8757740578340093
4346,-4.-18.8.-6,1595,9248,3570994523176,1946211138245,2.535584973848447,0.8756576892709979
4347,-6.-14.-10.23,6383,36992,14289543038736,7788505138193,2.5349067500448936,0.8755414207201947
4348,-6.-24.10.-7,3193,18496,7147553992384,3896082861703,2.534228844930585,0.8754252520523456
4349,-7.-18.-9.23,6389,36992,14300672930800,7795826308619,2.5335512582061663,0.8753091831384202
4350,-7.-27.9.-4,47,272,1788279734604,974935861729,2.532873989572702,0.8751932138496104
4351,-9.-23.-9.25,6395,36992,14311802822864,7803147479045,2.5321970387316797,0.8750773440573306
4352,-9.-32.9.-2,3199,18496,7158683884448,3903404032129,2.531520405385005,0.8749615736332172
4353,10.26.10.-28,6401,36992,14322932714928,7810468649471,2.5308440892350044,0.8748459024491277
4354,10.36.-10.2,1601,9248,3582124415240,1953532308671,2.530168089984422,0.8747303303771404
4355,16.41.10.-34,6407,36992,14334062606992,7817789819897,2.529492407336419,0.8746148572895546
4356,16.51.-10.-4,3205,18496,7169813776512,3910725202555,2.5288170409945754,0.8744994830588886
4357,17.45.9.-34,6413,36992,14345192499056,7825110990323,2.5281419906628853,0.8743842075578807
4358,17.54.-9.-7,401,2312,896922340318,489298223471,2.5274672560457585,0.874269030659488
4359,19.50.9.-36,6419,36992,14356322391120,7832432160749,2.52679283684802,0.8741539522368867
4360,19.59.-9.-9,3211,18496,7180943668576,3918046372981,2.526118732774909,0.87403897216347
4361,2.13.-8.8,6425,36992,14367452283184,7839753331175,2.525444943532076,0.8739240903128495
4362,2.5.8.-16,1607,9248,3593254307304,1960853479097,2.524771468825585,0.8738093065588534
4363,20.53.10.-39,6431,36992,14378582175248,7847074501601,2.524098308361911,0.8736946207755264
4364,20.63.-10.-9,3217,18496,7192073560640,3925367543407,2.5234254618479404,0.8735800328371301
4365,21.56.7.-35,6437,36992,14389712067312,7854395672027,2.522752928990968,0.8734655426181416
4366,21.63.-7.-14,805,4624,1799409626668,982257032155,2.5220807094986997,0.8733511499932523
4367,22.59.8.-38,379,2176,14400841959376,7861716842453,2.5214088030792476,0.8732368548373691
4368,22.67.-8.-14,3223,18496,7203203452704,3932688713833,2.5207372094411338,0.8731226570256136
4369,4.10.8.-18,6449,36992,14411971851440,7869038012879,2.520065928293285,0.8730085564333205
4370,4.18.-8.6,1613,9248,3604384199368,1968174649523,2.519394959345036,0.8728945529360383
4371,6.14.10.-23,6455,36992,14423101743504,7876359183305,2.5187243023061257,0.8727806464095282
4372,6.24.-10.7,3229,18496,7214333344768,3940009884259,2.518053956886698,0.872666836729764
4373,7.18.9.-23,6461,36992,14434231635568,7883680353731,2.5173839227973005,0.8725531237729317
4374,7.27.-9.4,101,578,451243643175,246479404342,2.516714199748884,0.8724395074154281
4375,9.23.9.-25,6467,36992,14445361527632,7891001524157,2.516044787452802,0.8723259875338624
4376,9.32.-9.2,3235,18496,7225463236832,3947331054685,2.515375685620809,0.8722125640050531
4377,-1.-6.-3.8,12949,73984,28918535938304,15800305974379,2.5143726143634364,0.8720420180723988
4378,-1.-9.3.-1,6479,36992,14467609464640,7905643865009,2.5133702400329208,0.8718716889244473
4379,-1.2.5.-10,12967,73984,28951901920256,15822269485657,2.512368561661495,0.8717015761469363
4380,-1.7.-5.5,811,4624,1810536556952,989578202581,2.511367578283406,0.8715316793266616
4381,1.-2.-5.10,12985,73984,28985267902208,15844232996935,2.510367288934909,0.871361998051474
4382,1.-7.5.-5,6497,36992,14500975446592,7927607376287,2.509367692654264,0.8711925319102741
4383,1.6.3.-8,13003,73984,29018633884160,15866196508213,2.508368788481727,0.8710232804930114
4384,1.9.-3.1,3253,18496,7258829218784,3969294565963,2.507370575459547,0.8708542433906789
4385,-18.-41.-8.30,13021,73984,29051844759808,15888160019491,2.5063730526319596,0.8706777177412988
4386,-18.-49.8.6,6515,36992,2906837264448,1589914177513,2.505376219045182,0.8705014143920311
4387,18.41.8.-30,767,4352,2237300040704,1223855656213,2.504380073747406,0.8703253329219099
4388,18.49.-8.-6,1631,9248,3637678551728,1990138160801,2.5033846157887947,0.8701494729110346
4389,-7.-20.-1.10,6529,36992,14559886816592,7966653618559,2.5022793563760533,0.8699533859969729
4390,-7.-21.1.7,3267,18496,7284529713136,3986377296957,2.501174943062616,0.8697575725912986
4391,7.20.1.-10,6539,36992,1121402464304,613758120713,2.5000713745540595,0.8695620321203629
4392,7.21.-1.-7,409,2312,911712790352,499059784039,2.4989686495589303,0.8693667640121256
4393,-8.-19.-2.11,6551,36992,14600245921504,7993497910121,2.497426249215572,0.8690938078243987
4394,-8.-21.2.5,3279,18496,2435514532896,1333673212603,2.495885496107618,0.8688213828553147
4395,8.19.2.-11,6565,36992,14625928473248,8010580641115,2.4943463867204296,0.8685494875507772
4396,8.21.-2.-5,1643,9248,3659692437280,2004780501653,2.4928089175506045,0.8682781203627645
4397,-16.-43.-2.21,13151,73984,29290378420608,16046785378721,2.4920407969554508,0.868142518408722
4398,-16.-45.2.15,387,2176,14651608671488,8027663372109,2.491273085105929,0.8680070480076295
4399,16.43.2.-21,13165,73984,29316056265344,16063868109715,2.4905057815672538,0.867871708967546
4400,16.45.-2.-15,3293,18496,7332223796928,4018102368803,2.4897388859053313,0.867736501096905
4401,-17.-38.-7.27,13181,73984,29345384379264,16083391230851,2.4887534758288465,0.8675619701886748
4402,-17.-45.7.6,6595,36992,14680936785408,8047186493245,2.4877687383617717,0.8673876563842459
4403,17.38.7.-27,13199,73984,438483026304,240378428987,2.48678467258653,0.867213559277508
4404,17.45.-7.-6,1651,9248,3674356494240,2014542062221,2.485801277587421,0.8670396784633663
4405,0.-21.-2.14,13219,73984,29414998049280,16129758643549,2.4846002599640595,0.866827089581261
4406,0.-23.2.8,6615,36992,981171471488,538106026311,2.48340024133464,0.866614822957902
4407,0.21.2.-14,13241,73984,29455290240000,16156602935111,2.4822012200386374,0.8664028778587947
4408,0.23.-2.-8,3313,18496,7368859083840,4042506270223,2.481003194419664,0.8661912535516817
4409,-10.-21.-8.22,6629,36992,14743206688944,8088673125659,2.4803501449746896,0.8660753828105218
4410,-10.-23.-4.16,829,4624,1843586901276,1011541713859,2.4796973910049283,0.8659596076038037
4411,-10.-27.4.4,6635,36992,14754183731472,8095994296085,2.479044932243123,0.8658439278130532
4412,-10.-29.8.-2,3319,18496,7379836126368,4049827440649,2.478392768422379,0.8657283433199916
4413,-14.-31.-8.26,6641,36992,14765160774000,8103315466511,2.4777408992761627,0.865612854006537
4414,-14.-33.-4.20,1661,9248,3692662323816,2026744012931,2.4770893245383028,0.8654974597548027
4415,-14.-37.4.8,23,128,14776137816528,8110636636937,2.476438043942987,0.8653821604470975
4416,-14.-39.8.2,3325,18496,388990166784,213534137425,2.4757870572247644,0.8652669559659245
4417,10.21.8.-22,6653,36992,14787114859056,8117957807363,2.4751363641185424,0.8651518461939817
4418,10.23.4.-16,52,289,462268855635,253800574768,2.4744859643595865,0.865036831014161
4419,10.27.-4.-4,6659,36992,14798091901584,8125278977789,2.4738358576835213,0.8649219103095475
4420,10.29.-8.2,3331,18496,7401790211424,4064469781501,2.4731860438263276,0.86480708396342
4421,14.31.8.-26,6665,36992,14809068944112,8132600148215,2.472536522524343,0.86469235185925
4422,14.33.4.-20,1667,9248,3703639366344,2034065183357,2.471887293514262,0.8645777138807011
4423,14.37.-4.-8,6671,36992,14820045986640,8139921318641,2.471238356533133,0.8644631699116292
4424,14.39.-8.-2,3337,18496,7412767253952,4071790951927,2.4705897113183592,0.8643487198360814
4425,-14.-35.-4.21,13355,73984,29663857773696,16295705173205,2.4698333269782067,0.8642144479680731
4426,-14.-39.4.9,393,2176,4946107755264,2717374423117,2.469077338991733,0.8640803043048254
4427,14.35.4.-21,13369,73984,29689435289472,16312787904199,2.4683217469437686,0.863946288662229
4428,14.39.-4.-9,209,1156,464097250740,255020769839,2.467566550419796,0.8638124008565284
4429,0.-5.-2.6,13411,73984,29766152979328,16364036097181,2.4637964861971495,0.8631441528682956
4430,0.-7.2.0,6723,36992,14915040955648,8203371462333,2.4600362482691294,0.8624790765277411
4431,0.5.2.-6,793,4352,29894010843264,16449449752151,2.456285785546361,0.8618171492381772
4432,0.7.-2.0,3379,18496,7489484943808,4123039144909,2.4525450473368773,0.861158348617721
4433,-2.-13.0.6,6771,36992,15002589668672,8261940825741,2.4497724785876867,0.8606589203288944
4434,-2.3.0.-2,53,289,117392261326,64670338763,2.4470052279374794,0.8601612341650716
4435,2.-3.0.2,6797,36992,15049829230784,8293665897587,2.4442432750238825,0.8596652809972432
4436,2.13.0.-6,3405,18496,1507344901184,830952843351,2.4414865996012454,0.8591710517602748
4437,-7.-14.-5.14,6815,36992,15082524721808,8315629408865,2.440427740808107,0.8589805769413597
4438,-7.-19.5.-1,1705,9248,342990918904,189130236005,2.4393696585891442,0.8587903563151739
4439,7.14.5.-14,6825,36992,15100676141744,8327831359575,2.438312351806102,0.8586003893715681
4440,7.19.-5.1,3415,18496,7554875925856,4166966167465,2.437255819323226,0.8584106756017614
4441,0.-7.-2.7,13687,73984,30268510529888,16700809936777,2.434407040388729,0.8578996133827249
4442,0.-9.2.1,6857,36992,15158758678176,8366877601847,2.431563875634814,0.8573903834780084
4443,0.7.2.-7,13741,73984,30366524182816,16766700470611,2.4287263029769037,0.8568829760195829
4444,0.9.-2.-1,1721,9248,3801941376160,2099955717191,2.425894300460475,0.8563773812103751
4445,0.-17.-2.12,13783,73984,30442624476032,16817948663593,2.424323364541521,0.8560909933489231
4446,0.-19.2.6,6899,36992,15234858971392,8418125794829,2.4227541373382357,0.8558051714835108
4447,0.17.2.-12,13813,73984,1605095337344,887081816617,2.421186615137499,0.855519913932312
4448,0.19.-2.-6,3457,18496,7630976219072,4218214360447,2.41962079423828,0.8552352190201787
4449,-12.-32.-8.27,407,2176,15270888642864,8442529696249,2.4185778569840926,0.8550367638479445
4450,-12.-40.8.3,1731,9248,3819956211896,2112157667901,2.41753567313404,0.854838568051109
4451,-14.-37.-8.29,6929,36992,15288761052304,8454731646959,2.416494241600411,0.8546406311196431
4452,-14.-45.8.5,3467,18496,7648848628512,4230416311157,2.4154535612978454,0.8544429525448588
4453,12.32.8.-27,6939,36992,15306633461744,8466933597669,2.414413631143332,0.8542455318194048
4454,12.40.-8.-3,217,1156,478611552077,264782330407,2.4133744500561995,0.8540483684372624
4455,14.37.8.-29,6949,36992,15324505871184,8479135548379,2.4123360169581094,0.8538514618937403
4456,14.45.-8.-5,3477,18496,7666721037952,4242618261867,2.411298330773051,0.8536548116854715
4457,-24.-62.-8.39,1739,9248,3834249023296,2121919228469,2.410883465194092,0.8535742982341065
4458,-24.-70.8.15,3479,18496,7670275055232,4245058652009,2.4104687188807885,0.8534938265784953
4459,-8.-2.-24.41,435,2312,959006507984,530784855885,2.410054091764588,0.8534133966859766
4460,-8.-26.24.-31,3481,18496,7673829072512,4247499042151,2.4096395837769964,0.8533330085239221
4461,-8.-37.-10.34,1741,9248,3837803040576,2124359618611,2.409225194849578,0.8532526620597385
4462,-8.-47.10.4,3483,18496,7677383089792,4249939432293,2.408810924913956,0.8531723572608664
4463,24.62.8.-39,871,4624,1919790024608,1062789906841,2.408396773901814,0.85309209409478
4464,24.70.-8.-15,205,1088,7680937107072,4252379822435,2.4079827417448936,0.8530118725289879
4465,8.2.24.-41,1743,9248,3841357057856,2126800008753,2.407568828374994,0.8529316925310326
4466,8.26.-24.31,3487,18496,7684491124352,4254820212577,2.407155033723974,0.85285155406849
4467,8.37.10.-34,109,578,240195879156,133001262739,2.4067413577237526,0.8527714571089707
4468,8.47.-10.-4,3489,18496,7688045141632,4257260602719,2.4063278003063044,0.8526914016201181
4469,-2.-7.0.3,7007,36992,15427456087360,8549906862497,2.4003445016070812,0.851519578757865
4470,2.7.0.-3,1759,9248,3869705472864,2146323129889,2.394385915028718,0.8503564747751442
4471,-12.-29.-2.15,14085,73984,10326814543936,5728815858345,2.3930537392383857,0.8500864315689439
4472,-12.-31.2.9,7049,36992,15501621740352,8601155055479,2.39172279243629,0.8498168359691117
4473,12.29.2.-15,14111,73984,31026043329600,17218172646881,2.3903930723569338,0.8495476868589884
4474,12.31.-2.-9,3531,18496,235218508928,130560872597,2.3890645767410787,0.8492789831256414
4475,-15.-29.-7.23,7067,36992,15533159294304,8623118566757,2.3880434888359803,0.8490696676591564
4476,-15.-36.7.2,13,68,485684281230,269663110691,2.3870231231092474,0.8488606178615807
4477,-7.-26.-13.34,7077,36992,740506414496,411205738927,2.38600347854006,0.8486518332252536
4478,-7.-39.13.-5,3541,18496,7779686204736,4320710746411,2.3849845541097627,0.8484433132438117
4479,15.29.7.-23,7087,36992,15568110114528,8647522468177,2.3839663488018554,0.8482350574121863
4480,15.36.-7.-2,1773,9248,1298070651632,721135286961,2.3829488616019905,0.8480270652265981
4481,7.26.13.-34,7097,36992,15585585524640,8659724418887,2.3819320914979625,0.8478193361845539
4482,7.39.-13.5,3551,18496,7797161614848,4332912697121,2.3809160374797074,0.8476118697848414
4483,-13.-20.-7.19,209,1088,410559891888,228176478277,2.3801037091694566,0.8474426175177636
4484,-13.-24.-7.21,3555,18496,867123808544,481977053045,2.379291837993901,0.8472735358642951
4485,-13.-27.7.-2,3557,18496,7807590607920,4340233867547,2.3784804234388286,0.8471046245654278
4486,-13.-31.7.0,3559,18496,7811066938944,4342674257689,2.3776694649908934,0.8469358833626797
4487,-15.-28.-5.19,3561,18496,2604847756656,1448371549277,2.376858962137616,0.8467673119980935
4488,-15.-33.5.4,3563,18496,7818019600992,4347555037973,2.3760489143673795,0.8465989102142361
4489,-17.-35.-5.22,3565,18496,7821495932016,4349995428115,2.3752393211694285,0.8464306777541962
4490,-17.-40.5.7,3567,18496,89942209920,50027997911,2.374430182033867,0.8462626143615837
4491,-3.-2.7.-12,3569,18496,182056944048,101276190893,2.373621496451656,0.8460947197805283
4492,-3.5.-7.9,3571,18496,7831924925088,4357316598541,2.372813263914613,0.8459269937556779
4493,-5.-17.-13.30,3573,18496,870600139568,484417443187,2.3720054839154088,0.8457594360321972
4494,-5.-30.13.-9,3575,18496,7838877587136,4362197378825,2.371198155947565,0.8455920463557671
4495,-7.-23.-15.36,3577,18496,7842353918160,4364637768967,2.370391279505453,0.8454248244725823
4496,-7.-38.15.-9,3579,18496,2615276749728,1455692719703,2.3695848540842945,0.8452577701293509
4497,13.20.7.-19,3581,18496,7849306580208,4369518549251,2.3687788791801543,0.8450908830732929
4498,13.24.7.-21,3583,18496,7852782911232,4371958939393,2.367973354289943,0.8449241630521388
4499,13.27.-7.2,3585,18496,2618753080752,1458133109845,2.3671682789114117,0.844757609814128
4500,13.31.-7.0,211,1088,7859735573280,4376839719677,2.3663636525431544,0.8445912231080076
4501,15.28.5.-19,3589,18496,7863211904304,4379280109819,2.365559474684601,0.8444250026830323
4502,15.33.-5.-4,3591,18496,46004024768,25624096491,2.3647557448360206,0.8442589482889612
4503,17.35.5.-22,3593,18496,7870164566352,4384160890103,2.363952462498515,0.8440930596760579
4504,17.40.-5.-7,3595,18496,7873640897376,4386601280245,2.3631496271740184,0.8439273365950883
4505,3.-5.7.-9,3597,18496,2625705742800,1463013890129,2.362347238365299,0.8437617787973207
4506,3.2.-7.12,3599,18496,7880593559424,4391482060529,2.3615452955759513,0.8435963860345227
4507,5.17.13.-30,3601,18496,7884069890448,4393922450671,2.3607437983103985,0.8434311580589616
4508,5.30.-13.9,3603,18496,2629182073824,1465454280271,2.3599427460738887,0.8432660946234021
4509,7.23.15.-36,3605,18496,7891022552496,4398803230955,2.3591421383724938,0.8431011954811053
4510,7.38.-15.9,3607,18496,7894498883520,4401243621097,2.3583419747131087,0.8429364603858276
4511,-15.-16.-17.34,7215,36992,5263578203296,2934569145755,2.3581420031221185,0.8428951813724839
4512,-15.-18.-17.35,451,2312,89729951436,50027997911,2.357942059245298,0.8428539126194725
4513,-15.-20.-17.36,7217,36992,15794208295584,8806147827407,2.357742143074966,0.8428126541229518
4514,-15.-22.-17.37,3609,18496,2632657523072,1467894670413,2.3575422546034464,0.8427714058790818
4515,-15.-24.-17.38,7219,36992,15797681981280,8808588217549,2.357342393823063,0.8427301678840246
4516,-15.-26.-17.39,1805,9248,3949854706032,2202452103155,2.3571425607261456,0.8426889401339437
4517,-15.-32.-17.42,7221,36992,5267051888992,2937009535897,2.3569427553050257,0.8426477226250052
4518,-15.-33.17.-17,3611,18496,7901446254912,4406124401381,2.356742977552039,0.8426065153533768
4519,-15.-34.-17.43,7223,36992,509826753312,284305451543,2.3565432274595235,0.8425653183152282
4520,-15.-35.17.-16,903,4624,658598591480,367278716371,2.3563435050198205,0.842524131506731
4521,-15.-36.-17.44,25,128,15808103038368,8815909387975,2.356143810225275,0.8424829549240586
4522,-15.-37.17.-15,3613,18496,7904919940608,4408564791523,2.3559441430682355,0.8424417885633866
4523,-15.-38.-17.45,7227,36992,479138688608,267222720549,2.355744503541052,0.842400632420892
4524,-15.-39.17.-14,1807,9248,3953328391728,2204892493297,2.3555448916360793,0.8423594864927546
4525,-15.-40.-17.46,7229,36992,15815050409760,8820790168259,2.3553453073456745,0.842318350775155
4526,-15.-41.17.-13,3615,18496,2636131208768,1470335060555,2.355145750662199,0.8422772252642765
4527,-15.-42.-17.47,7231,36992,15818524095456,8823230558401,2.354946221578015,0.8422361099563043
4528,-15.-43.17.-12,113,578,247191577161,137882043023,2.3547467200854912,0.8421950048474248
4529,-15.-49.17.-9,7233,36992,5273999260384,2941890316181,2.3545472461769967,0.8421539099338274
4530,-15.-51.17.-8,3617,18496,7911867312000,4413445571807,2.3543477998449047,0.8421128252117023
4531,-15.-53.17.-7,7235,36992,15825471466848,8828111338685,2.354148381081592,0.8420717506772422
4532,-15.-55.17.-6,1809,9248,1318934025808,735777627813,2.353948989879438,0.8420306863266419
4533,-15.-57.17.-5,7237,36992,15828945152544,8830551728827,2.353749626230825,0.8419896321560975
4534,-15.-59.17.-4,3619,18496,719576454336,401444178359,2.35355029012814,0.8419485881618075
4535,-17.-22.-15.33,7239,36992,5277472946080,2944330706323,2.3533509815637714,0.8419075543399722
4536,-17.-24.-15.34,905,4624,1979269460136,1104276539255,2.3531517005301112,0.8418665306867934
4537,-17.-26.-15.35,7241,36992,15835892523936,8835432509111,2.352952447019555,0.8418255171984756
4538,-17.-28.-15.36,213,1088,2639604894464,1472775450697,2.3527532210245012,0.8417845138712242
4539,-17.-30.-15.37,7243,36992,15839366209632,8837872899253,2.3525540225373516,0.8417435207012475
4540,-17.-32.-15.38,1811,9248,3960275763120,2209773273581,2.352354851550511,0.8417025376847548
4541,-17.-37.15.-12,7245,36992,5280946631776,2946771096465,2.352155708056387,0.8416615648179581
4542,-17.-38.-15.41,3623,18496,7922288369088,4420766742233,2.3519565920473915,0.8416206020970703
4543,-17.-39.15.-11,7247,36992,15846313581024,8842753679537,2.3517575035159375,0.8415796495183075
4544,-17.-40.-15.42,453,2312,330167717164,184249455721,2.3515584424544436,0.8415387070778867
4545,-17.-41.15.-10,7249,36992,1440889751520,804108551789,2.35135940885533,0.8414977747720269
4546,-17.-42.-15.43,3625,18496,7925762054784,4423207132375,2.35116040271102,0.8414568525969492
4547,-17.-43.15.-9,7251,36992,5284420317472,2949211486607,2.35096142401394,0.8414159405488768
4548,-17.-44.-15.44,1813,9248,3963749448816,2212213663723,2.3507624727565206,0.8413750386240342
4549,-17.-45.15.-8,7253,36992,15856734638112,8850074849963,2.3505635489311953,0.8413341468186483
4550,-17.-46.-15.45,3627,18496,85260599360,47587607769,2.350364652530399,0.8412932651289478
4551,-17.-47.15.-7,7255,36992,15860208323808,8852515240105,2.350165783546572,0.8412523935511627
4552,-17.-48.-15.46,907,4624,1982743145832,1106716929397,2.3499669419721565,0.841211532081526
4553,-17.-53.15.-4,7257,36992,5287894003168,2951651876749,2.3497681277995977,0.8411706807162714
4554,-17.-55.15.-3,3629,18496,7932709426176,4428087912659,2.3495693410213447,0.8411298394516353
4555,-17.-57.15.-2,427,2176,15867155695200,8857396020389,2.349370581629849,0.8410890082838558
4556,-17.-59.15.-1,1815,9248,120218882864,67110728905,2.3491718496175658,0.8410481872091725
4557,-17.-61.15.0,7261,36992,15870629380896,8859836410531,2.3489731449769526,0.8410073762238273
4558,-17.-63.15.1,3631,18496,7936183111872,4430528302801,2.348774467700472,0.8409665753240637
4559,-2.-15.0.7,7273,36992,15891471495072,8874478751383,2.346590821538863,0.8405184300026012
4560,-2.-17.0.8,7283,36992,15908839923552,8886680702093,2.344608552690471,0.8401120795656892
4561,-2.-19.0.9,1823,9248,3981117877296,2224415614433,2.3428268364615445,0.8397472195713238
4562,-2.-21.0.10,1825,9248,3984591562992,2226856004575,2.341244933845937,0.8394235776247657
4563,-2.-23.0.11,7307,36992,15950524151904,8915965383797,2.339862190495584,0.8391409128643549
4564,-2.-29.0.14,7311,36992,5319157174432,2973615388027,2.3390726460561817,0.8389796083504479
4565,-2.-31.0.15,3657,18496,2660447008640,1487417791549,2.3384807711593107,0.8388587339291796
4566,-2.-33.0.16,1829,9248,128759320464,71991509189,2.338086322751962,0.8387782004334894
4567,-2.-35.0.17,7317,36992,5322630860128,2976055778169,2.3378891389833387,0.8387379485102203
4568,-2.11.0.-6,7325,36992,15981787323168,8937928895075,2.3363126383037063,0.8384162884320085
4569,-2.13.0.-7,1833,9248,1332828768592,745539188381,2.334934611960793,0.8381353530010964
4570,-2.17.0.-9,7337,36992,1454784494304,813870112357,2.333951112678797,0.8379349796167097
4571,-2.19.0.-10,7341,36992,5336525602912,2985817338737,2.333164795700133,0.8377748574297929
4572,-2.21.0.-11,27,136,333641402860,186689845863,2.332575339086871,0.837654868608172
4573,-2.23.0.-12,3673,18496,8009130511488,4481776495783,2.332182501769021,0.8375749249675342
4574,-2.25.0.-13,7347,36992,172258041568,96395410609,2.3319861232155445,0.8375349678085385
4575,-2.5.0.-3,3679,18496,8019551568576,4489097666209,2.329827721527704,0.8370960830503924
4576,-2.7.0.-4,921,4624,669019648568,374599886797,2.327868336409343,0.836698118677047
4577,-2.9.0.-5,7377,36992,5357367717088,3000459679589,2.3261071621834404,0.8363407797006475
4578,0.-11.-2.9,7387,36992,16089471579744,9013580989477,2.3241528201873565,0.8359446541962378
4579,0.-11.2.2,3699,18496,2684762808512,1504500522543,2.3220060973766836,0.8355100279117762
4580,0.-13.-2.10,7407,36992,5374736145568,3012661630299,2.320252060636741,0.8351552877352
4581,0.-13.2.3,7417,36992,16141576865184,9050186841607,2.3183056288238335,0.8347620397559964
4582,0.-15.-2.11,7425,36992,489559745696,274543890975,2.3167503719251883,0.8344481271097408
4583,0.-15.2.4,3717,18496,2695183865600,1511821692969,2.315002709638921,0.8340957015888062
4584,0.-17.2.5,3721,18496,8092498968192,4540345859191,2.313451007374906,0.833783078017283
4585,0.-23.-2.15,219,1088,2698657551296,1514262083111,2.312675781649166,0.8336269927911693
4586,0.-25.-2.16,7449,36992,5399051945440,3029744361293,2.3120946356026817,0.8335100278111645
4587,0.-25.2.9,7453,36992,16204103207712,9094113864163,2.3113201381792288,0.8333542062480802
4588,0.-27.-2.17,7455,36992,5402525631136,3032184751435,2.3109330453298744,0.8332763518665114
4589,0.-27.2.10,3729,18496,245648294272,137882043023,2.310352600727038,0.833159640717281
4590,0.-29.2.11,1865,9248,4054065276912,2275663807415,2.3099657673580785,0.8330818801934174
4591,0.-9.-2.8,7471,36992,523721496096,294067012111,2.3078400358838422,0.832654866812478
4592,0.11.-2.-2,3741,18496,2709078608384,1521583253537,2.305717431949853,0.8322289831484948
4593,0.11.2.-9,1873,9248,4067960019696,2285425367983,2.3037904982576336,0.8318427927306078
4594,0.13.-2.-3,3751,18496,23884469952,13422145781,2.301866134839209,0.8314575288867205
4595,0.13.2.-10,7511,36992,16304840092896,9164885178281,2.300136399686553,0.8311115808835605
4596,0.15.-2.-4,235,1156,510014739954,286745841685,2.298408735935679,0.8307663782693753
4597,0.15.2.-11,941,4624,2041795802664,1148203561811,2.296874769772142,0.8304601553062428
4598,0.17.-2.-5,471,2312,340588774252,191570626147,2.2953424328878955,0.830154517692993
4599,0.23.2.-15,1885,9248,4088802133872,2300067708835,2.294576874344652,0.8300019178661976
4600,0.25.-2.-9,943,4624,2045269488360,1150643951953,2.2938117218255822,0.8298494637460316
4601,0.25.2.-16,7547,36992,16367366435424,9208812200837,2.293238123630674,0.8297352186498778
4602,0.27.-2.-10,3775,18496,8186288481984,4606236393025,2.2926647534008753,0.8296210553076784
4603,0.27.2.-17,59,289,255875791401,143983018378,2.2922826331388375,0.8295449917882405
4604,0.29.-2.-11,3777,18496,2729920722560,1536225594389,2.291900614060506,0.8294689645386774
4605,0.9.2.-8,445,2176,16398629606688,9230775712115,2.2898013153965793,0.8290514618276182
4606,15.16.17.-34,3783,18496,2733394408256,1538665984531,2.289610621451303,0.8290135612520936
4607,15.18.17.-35,7567,36992,16402103292384,9233216102257,2.2894199527084242,0.8289756696985957
4608,15.20.17.-36,473,2312,93203637132,52468388053,2.2892293091612834,0.8289377871638905
4609,15.22.17.-37,7569,36992,5468525659360,3078552164133,2.2890386908032223,0.8288999136447455
4610,15.24.17.-38,3785,18496,8203656910464,4618438343735,2.288848097627585,0.8288620491379292
4611,15.26.17.-39,7571,36992,16409050663776,9238096882541,2.2886575296277187,0.8288241936402123
4612,15.32.17.-42,1893,9248,1367565625552,769943089801,2.2884669867969736,0.8287863471483672
4613,15.33.-17.17,7573,36992,16412524349472,9240537272683,2.2882764691287023,0.8287485096591671
4614,15.34.17.-43,3787,18496,8207130596160,4620878733877,2.2880859766162596,0.8287106811693872
4615,15.35.-17.16,7575,36992,5471999345056,3080992554275,2.287895509253003,0.8286728616758043
4616,15.36.17.-44,947,4624,2052216859752,1155524732237,2.287705067032294,0.8286350511751968
4617,15.37.-17.15,7577,36992,16419471720864,9245418052967,2.2875146499474943,0.8285972496643442
4618,15.38.17.-45,3789,18496,2736868093952,1541106374673,2.2873242579919704,0.8285594571400278
4619,15.39.-17.14,7579,36992,1492995036960,840714403919,2.2871338911590904,0.8285216735990307
4620,15.40.17.-46,1895,9248,4106170562352,2312269659545,2.2869435494422246,0.8284838990381372
4621,15.41.-17.13,7581,36992,5475473030752,3083432944417,2.2867532328347475,0.8284461334541333
4622,15.42.17.-47,223,1088,8214077967552,4625759514161,2.286562941330035,0.8284083768438064
4623,15.43.-17.12,7583,36992,16429892777952,9252739223393,2.286372674921465,0.8283706292039454
4624,15.49.-17.9,237,1156,171162808550,96395410609,2.2861824336024195,0.8283328905313414
4625,15.51.-17.8,7585,36992,16433366463648,9255179613535,2.285992217366283,0.8282951608227861
4626,15.53.-17.7,3793,18496,8217551653248,4628199904303,2.2858020262064414,0.8282574400750731
4627,15.55.-17.6,7587,36992,5478946716448,3085873334559,2.2856118601162843,0.8282197282849977
4628,15.57.-17.5,1897,9248,4109644248048,2314710049687,2.285421719089203,0.8281820254493566
4629,15.59.-17.4,7589,36992,16440313835040,9260060393819,2.285231603118593,0.828144331564948
4630,17.22.15.-33,3795,18496,249121979968,140322433165,2.28504151219785,0.8281066466285717
4631,17.24.15.-34,7591,36992,16443787520736,9262500783961,2.284851446320375,0.8280689706370291
4632,17.26.15.-35,949,4624,2055690545448,1157965122379,2.2846614054795693,0.8280313035871228
4633,17.28.15.-36,7593,36992,5482420402144,3088313724701,2.2844713896688384,0.8279936454756576
4634,17.30.15.-37,3797,18496,8224499024640,4633080684587,2.2842813988815895,0.827955996299439
4635,17.32.15.-38,7595,36992,530668867488,298947792395,2.284091433111233,0.8279183560552744
4636,17.37.-15.12,1899,9248,1371039311248,772383479943,2.2839014923511813,0.8278807247399731
4637,17.38.15.-41,7597,36992,16454208577824,9269821954387,2.28371157659485,0.8278431023503454
4638,17.39.-15.11,3799,18496,8227972710336,4635521074729,2.2835216858356566,0.8278054888832032
4639,17.40.15.-42,447,2176,5485894087840,3090754114843,2.283331820067022,0.8277678843353602
4640,17.41.-15.10,475,2312,1028713694148,579592658725,2.2831419792823686,0.8277302887036311
4641,17.42.15.-43,7601,36992,1496468722656,843154794061,2.282952163475123,0.8276927019848329
4642,17.43.-15.9,3801,18496,2743815465344,1545987154957,2.282762372638713,0.8276551241757836
4643,17.44.15.-44,7603,36992,16464629634912,9277143124813,2.28257260676657,0.8276175552733027
4644,17.45.-15.8,1901,9248,4116591619440,2319590829971,2.2823828658521266,0.8275799952742113
4645,17.46.15.-45,7605,36992,5489367773536,3093194504985,2.28219314988882,0.8275424441753322
4646,17.47.-15.7,3803,18496,8234920081728,4640401855013,2.2820034588700877,0.8275049019734895
4647,17.48.15.-46,7607,36992,16471577006304,9282023905097,2.2818137927893716,0.8274673686655089
4648,17.53.-15.4,951,4624,686388077048,386801837507,2.2816241516401154,0.8274298442482175
4649,17.55.-15.3,7609,36992,16475050692000,9284464295239,2.2814345354157655,0.827392328718444
4650,17.57.-15.2,3805,18496,8238393767424,4642842245155,2.281244944109771,0.827354822073019
4651,17.59.-15.1,7611,36992,5492841459232,3095634895127,2.2810553777155835,0.8273173243087737
4652,17.61.-15.0,1903,9248,374551391376,211093747283,2.280865836226657,0.8272798354225419
4653,17.63.-15.-1,7613,36992,16481998063392,9289345075523,2.280676319636448,0.827242355411158
4654,2.-11.0.6,7621,36992,16495892806176,9299106636091,2.2791610824842805,0.8269428344352847
4655,2.-13.0.7,1907,9248,4127012676528,2326912000397,2.2778365541879224,0.8266812180744155
4656,2.-17.0.9,449,2176,16516734920352,9313748976943,2.2768912065091924,0.8264946140404469
4657,2.-19.0.10,7637,36992,16523682291744,9318629757227,2.2761353741194674,0.8263454893891762
4658,2.-21.0.11,955,4624,2066111602536,1165286292805,2.2755687595775678,0.8262337382718434
4659,2.-23.0.12,3821,18496,8266183252992,4662365366291,2.2751911401431677,0.8261592814663202
4660,2.-25.0.13,7643,36992,16534103348832,9325950927653,2.2750023674846207,0.8261220662360028
4661,2.-5.0.3,3827,18496,8276604310080,4669686536717,2.272927496832183,0.8257132773304828
4662,2.-7.0.4,479,2312,1035661065540,584473439009,2.2710438367644983,0.8253425692051345
4663,2.-9.0.5,7673,36992,16586208634272,9362556779783,2.269350642938015,0.8250096768842887
4664,2.15.0.-7,113,544,4151328476400,2343994731391,2.2672838788351517,0.8246037635731139
4665,2.17.0.-8,3847,18496,8311341167040,4694090438137,2.265407568204064,0.8242356599213121
4666,2.19.0.-9,7703,36992,16638313919712,9399162631913,2.2637209725235032,0.8239051037628847
4667,2.21.0.-10,7711,36992,1513837151136,855356744771,2.2622234298527584,0.8236118604613334
4668,2.23.0.-11,227,1088,8332183281216,4708732778989,2.2609143539594245,0.8233557224888669
4669,2.29.0.-14,3861,18496,252595665664,142762823307,2.260166843558821,0.8232095460493737
4670,2.31.0.-15,7725,36992,5558841487456,3142002307825,2.2596064648215797,0.8231000033550989
4671,2.33.0.-16,7727,36992,16679998148064,9428447313617,2.259232999885275,0.8230270175307131
4672,2.35.0.-17,483,2312,347536145644,196451406431,2.2590463036649058,0.822990537401063
4673,-19.-43.-7.29,7733,36992,16690375796256,9435768484043,2.2581131847908464,0.8228045122530887
4674,-19.-50.7.8,3869,18496,8349508300800,4720934729699,2.2571806690574623,0.8226187035665913
4675,-21.-50.-7.32,7743,36992,5569219135648,3149323478251,2.2562487556855526,0.8224331109624353
4676,-21.-57.7.11,1937,9248,4179074553072,2363517852527,2.255317443897425,0.8222477340623745
4677,-5.-23.19.-23,7753,36992,16724939017632,9460172385463,2.2543867329168923,0.822062572489048
4678,-5.-4.-19.34,3879,18496,2788929970496,1577712226803,2.2534566219692684,0.8218776258659779
4679,-7.-27.21.-25,7763,36992,16742220628320,9472374336173,2.2525271102813647,0.8216928938175675
4680,-7.-6.-21.38,971,4624,2093857679208,1184809413941,2.2515981970814867,0.8215083759690981
4681,19.43.7.-29,7773,36992,5586500746336,3161525428961,2.2506698815994284,0.8213240719467262
4682,19.50.-7.-8,3889,18496,8384071522176,4745338631119,2.2497421630664705,0.8211399813774812
4683,21.50.7.-32,7783,36992,16776783849696,9496778237593,2.2488150407153755,0.8209561038892631
4684,21.57.-7.-11,1947,9248,1398785387920,791906601079,2.247888513780384,0.8207724391108399
4685,5.23.-19.23,7793,36992,16794065460384,9508980188303,2.246962581497211,0.8205889866718442
4686,5.4.19.-34,3899,18496,8401353132864,4757540581829,2.246037243103043,0.8204057462027722
4687,7.27.-21.25,27,128,5603782357024,3173727379671,2.2451124978365313,0.8202227173349796
4688,7.6.21.-38,61,289,262812310569,148863798662,2.244188344937793,0.8200398997006803
4689,-7.-17.-3.12,977,4624,2104213416696,1192130584367,2.2427109305322936,0.8197387599223719
4690,-7.-20.3.3,489,2312,350988058140,198891796573,2.241235027548445,0.8194381732932832
4691,7.17.3.-12,979,4624,2107643280984,1194570974509,2.2397606328969837,0.8191381382842267
4692,7.20.-3.-3,245,1156,527339553282,298947792395,2.238287743498108,0.8188386533716695
4693,-19.-45.-7.30,1961,9248,4220430366840,2392802534231,2.2375518623085298,0.8186887777761483
4694,-19.-52.7.9,981,4624,703690717904,399003788217,2.23681635628144,0.8185390394112441
4695,-21.-48.-7.31,1963,9248,4223858248008,2395242924373,2.2360812250345075,0.8183894380877587
4696,-21.-49.-5.28,491,2312,1056393047148,599115779861,2.235346468185986,0.8182399736168433
4697,-21.-54.5.13,1965,9248,1409095376392,799227771505,2.23461208535471,0.8180906458099974
4698,-21.-55.7.10,983,4624,2114500034880,1199451754793,2.233878076160098,0.817941454479068
4699,-3.-17.17.-22,1967,9248,4230714010344,2400123704657,2.2331444402221488,0.8177923994362489
4700,-3.-18.19.-25,123,578,88175582311,50027997911,2.2324111771614388,0.8176434804940794
4701,-3.0.-17.29,1969,9248,4234141891512,2402564094799,2.231678286599125,0.8174946974654441
4702,-3.1.-19.32,985,4624,2117927916048,1201892144935,2.23094576815694,0.817346050163572
4703,-5.-1.-21.36,1971,9248,1412523257560,801668161647,2.2302136214571933,0.8171975384020356
4704,-5.-2.-19.33,29,136,62342407548,35385657059,2.2294818461227672,0.8170491619947495
4705,-5.-21.19.-24,1973,9248,4240997653848,2407444875083,2.22875044177712,0.8169009207559711
4706,-5.-22.21.-27,987,4624,15045076576,8541365497,2.2280194080442812,0.8167528145002985
4707,-6.-28.-6.23,1975,9248,4244425535016,2409885265225,2.227288744548851,0.81660484304267
4708,-6.-34.6.5,247,1156,530767434450,301388182537,2.2265584509160012,0.8164570061983635
4709,-7.-28.19.-21,1977,9248,1415951138728,804108551789,2.225828526771471,0.8163093037829958
4710,-7.-29.21.-24,989,4624,2124783678384,1206772925219,2.225098971741568,0.8161617356125218
4711,-7.-8.-21.39,1979,9248,4251281297352,2414766045509,2.2243697854531668,0.8160143015032332
4712,-7.-9.-19.36,495,2312,354416269828,201332186715,2.223640967533707,0.8158670012717585
4713,19.45.7.-30,1981,9248,4254709178520,2417206435651,2.2229125176111926,0.8157198347350615
4714,19.52.-7.-9,991,4624,2128211559552,1209213315361,2.222184435314191,0.8155728017104416
4715,21.48.7.-31,1983,9248,1419379019896,806548941931,2.221456720271831,0.8154259020155314
4716,21.49.5.-28,62,289,266240687517,151304188804,2.2207293721138037,0.8152791354682978
4717,21.54.-5.-13,1985,9248,4261564940856,2422087215935,2.2200023904703587,0.8151325018870392
4718,21.55.-7.-10,993,4624,710546480240,403884568501,2.219275774972305,0.8149860010903869
4719,3.-1.19.-32,1987,9248,4264992822024,2424527606077,2.218549525251009,0.8148396328973025
4720,3.0.17.-29,497,2312,1066676690652,606436950287,2.2178236409383927,0.8146933971270783
4721,3.17.-17.22,117,544,83694523592,47587607769,2.2170981216669348,0.8145472935993363
4722,3.18.-19.25,995,4624,2135067321888,1214094095645,2.2163729670696677,0.8144013221340266
4723,5.1.21.-36,1991,9248,4271848584360,2429408386361,2.215648176780176,0.8142554825514282
4724,5.2.19.-33,249,1156,178065105206,101276190893,2.214923750432598,0.8141097746721467
4725,5.21.-19.24,1993,9248,4275276465528,2431848776503,2.214199687661621,0.813964198317115
4726,5.22.-21.27,997,4624,2138495203056,1216534485787,2.213475988102483,0.8138187533075909
4727,6.28.6.-23,1995,9248,1426234782232,811429722215,2.2127526513909705,0.8136734394651581
4728,6.34.-6.-5,499,2312,1070104571820,608877340429,2.2120296771634185,0.8135282566117239
4729,7.28.-19.21,1997,9248,4282132227864,2436729556787,2.2113070650567064,0.8133832045695198
4730,7.29.-21.24,999,4624,713974361408,406324958643,2.2105848147082607,0.8132382831610997
4731,7.8.21.-39,1999,9248,4285560109032,2439169946929,2.209862925756051,0.81309349220934
4732,7.9.19.-36,125,578,267954628101,152524383875,2.2091413978385916,0.8129488315374382
4733,-2.15.0.-8,4005,18496,8583103626176,4886881259355,2.207339155204606,0.8125853659010097
4734,2.-15.0.8,2005,9248,859165915312,489298223471,2.205539161158396,0.8122227154121904
4735,-3.-11.-3.10,16047,73984,34378561180448,19580470304337,2.2049096934333714,0.8120937485453215
4736,-3.-14.3.1,8027,36992,17195242874208,9794505834917,2.2042805002340136,0.8119648826301965
4737,3.11.3.-10,16061,73984,34402410316384,19597553035331,2.203651581320973,0.811836117547815
4738,3.14.-3.-1,4017,18496,8603583721088,4901523600207,2.203022936455212,0.8117074531793642
4739,-5.-12.-3.10,4021,18496,8610382042352,4906404380491,2.201587061700318,0.8114111072255196
4740,-5.-15.3.1,4025,18496,8617180363616,4911285160775,2.200152614611337,0.8111152895783512
4741,5.12.3.-10,237,1088,8623978684880,4916165941059,2.1987195923520804,0.8108199988201682
4742,5.15.-3.-1,4033,18496,8630777006144,4921046721343,2.1972879920948025,0.8105252335383694
4743,-17.-44.-3.23,8069,36992,17266632664096,9845754027899,2.1967515080325106,0.8104131532189852
4744,-17.-47.3.14,1009,4624,2158963914488,1231176826639,2.1962152233943217,0.8103011475117637
4745,17.44.3.-23,475,2176,17276789967712,9853075198325,2.195679138032029,0.810189216341888
4746,17.47.-3.-14,4039,18496,8640934309760,4928367891769,2.1951432517975924,0.8100773596346419
4747,-17.-37.-9.30,16163,73984,34575574753472,19722012932573,2.1945183026689596,0.809946425359273
4748,-17.-46.9.3,8085,36992,17293706133952,9865277149035,2.1938936241396547,0.8098155925780989
4749,17.37.9.-30,16177,73984,34599249782336,19739095663567,2.1932692159754437,0.8096848611726175
4750,17.46.-9.-3,7,32,4326385912096,2468454628633,2.192645077942396,0.809554231024512
4751,-11.-30.-9.28,16191,73984,134719481824,76872289473,2.1920212098068843,0.809422952709451
4752,-11.-39.9.1,8099,36992,17317363180384,9882359880029,2.1913976113355846,0.8092917759274953
4753,-13.-34.-7.26,16205,73984,34646545892768,19773261125555,2.190774282295476,0.8091607005603576
4754,-13.-35.-9.30,4053,18496,8664591356192,4945450622763,2.190151222453838,0.8090297264899352
4755,-13.-41.7.5,16219,73984,34670184956768,19790343856549,2.189528431578253,0.8088988535983088
4756,-13.-44.9.3,8113,36992,2477286034912,1414206087289,2.188905909436603,0.8087680817677434
4757,-15.-40.-9.32,16233,73984,34693824020768,19807426587543,2.188283655797071,0.8086374108806877
4758,-15.-49.9.5,1015,4624,2169102722048,1238497997065,2.1876616704281404,0.8085068408197729
4759,-17.-46.-7.31,16247,73984,34717463084768,19824509318537,2.1870399530985924,0.808376371467813
4760,-17.-53.7.10,8127,36992,17364641308384,9916525342017,2.1864185035775083,0.8082460027078047
4761,-3.-16.7.-5,16261,73984,34741102148768,19841592049531,2.185797321634267,0.8081157344229265
4762,-3.-9.-7.16,4067,18496,8688230420192,4962533353757,2.1851764070385458,0.8079855664965383
4763,-7.-19.-7.20,16275,73984,160206180704,91514630325,2.1845557595603187,0.8078554988121817
4764,-7.-26.7.-1,8141,36992,17388280372384,9933608073011,2.1839353789698563,0.8077255312535789
4765,-9.-24.-7.22,16289,73984,34788380276768,19875757511519,2.183315265037726,0.8075956637046329
4766,-9.-31.7.1,2037,9248,4350024976096,2485537359627,2.1826954175347906,0.8074658960494268
4767,11.30.9.-28,959,4352,34812019340768,19892840242513,2.1820758362322086,0.8073362281722235
4768,11.39.-9.-1,8155,36992,17411919436384,9950690804005,2.181456520901432,0.8072066599574657
4769,13.34.7.-26,16317,73984,34835658404768,19909922973507,2.1808374713142085,0.807077191289775
4770,13.35.9.-30,4081,18496,1244552783456,711373726393,2.1802186872425784,0.8069478220539519
4771,13.41.-7.-5,16331,73984,34859297468768,19927005704501,2.1796001684588755,0.8068185521349756
4772,13.44.-9.-3,8169,36992,17435558500384,9967773534999,2.1789819147357266,0.806689381418003
4773,15.40.9.-32,16345,73984,34882936532768,19944088435495,2.1783639258460505,0.8065603097883689
4774,15.49.-9.-5,511,2312,1090461127024,623519681281,2.1777462015630573,0.806431337131586
4775,17.46.7.-31,16359,73984,34906575596768,19961171166489,2.1771287416602494,0.8063024633333435
4776,17.53.-7.-10,8183,36992,17459197564384,9984856265993,2.1765115459114184,0.8061736882795079
4777,3.16.-7.5,16373,73984,4990030665824,2854036271069,2.175894614090647,0.8060450118561215
4778,3.9.7.-16,4095,18496,8735508548192,4996698815745,2.175277945972308,0.8059164339494032
4779,7.19.7.-20,16387,73984,34953853724768,19995336628477,2.174661541331062,0.805787954445747
4780,7.26.-7.1,8197,36992,17482836628384,10001938996987,2.1740453999418596,0.8056595732317232
4781,9.24.7.-22,16401,73984,34977492788768,20012419359471,2.1734295215799393,0.8055312901940764
4782,9.31.-7.-1,2051,9248,4373664040096,2502620090621,2.172813906020827,0.805403105219726
4783,0.-3.-2.5,8225,36992,3506013037824,2007220891795,2.1691257189907125,0.8046319690951278
4784,0.-5.2.-1,4123,18496,283314100288,162285944443,2.165446936612614,0.8038643514038832
4785,0.3.2.-5,8267,36992,17600883246592,10087352651957,2.1617775110459174,0.8031002280127527
4786,0.5.-2.1,259,1156,551134133604,316030523389,2.158117394814125,0.8023395750096742
4787,-1.-11.27.-42,8289,36992,5879325968224,3371398981173,2.157943334967031,0.802303397482175
4788,-1.-14.29.-44,4145,18496,8819831767008,5057708569295,2.157769296117566,0.8022672277757731
4789,-1.-15.-13.30,8291,36992,17641349163360,10116637333661,2.157595278260665,0.8022310658879213
4790,-1.-18.-11.28,2073,9248,1470252899392,843154794061,2.157421281391264,0.8021949118160732
4791,-1.-2.21.-36,8293,36992,17644720422048,10119077723803,2.1572473055043013,0.8021587655576837
4792,-1.-20.29.-41,4147,18496,8823203025696,5060148959437,2.1570733505947173,0.802122627110209
4793,-1.-21.-9.26,8295,36992,5882697226912,3373839371315,2.1568994166574535,0.8020864964711061
4794,-1.-21.27.-37,61,272,2206222163760,1265342288627,2.156725503687453,0.8020503736378333
4795,-1.-22.25.-33,8297,36992,17651462939424,10123958504087,2.1565516116796624,0.8020142586078501
4796,-1.-23.23.-29,4149,18496,2942191428128,1687529783193,2.1563777406290283,0.8019781513786166
4797,-1.-24.-7.24,8299,36992,17654834198112,10126398894229,2.1562038905305005,0.8019420519475944
4798,-1.-24.21.-25,2075,9248,4414129956864,2531904772325,2.1560300613790293,0.8019059603122466
4799,-1.-25.19.-21,8301,36992,5886068485600,3376279761457,2.155856253169568,0.8018698764700365
4800,-1.-27.-5.22,4151,18496,8829945543072,5065029739721,2.1556824658970712,0.801833800418429
4801,-1.-28.13.-9,8303,36992,17661576715488,10131279674513,2.1555086995564947,0.8017977321548904
4802,-1.-29.11.-5,519,2312,367984632184,211093747283,2.155334954142798,0.8017616716768874
4803,-1.-3.-21.38,8305,36992,17664947974176,10133720064655,2.1551612296509406,0.8017256189818885
4804,-1.-30.-3.20,4153,18496,8833316801760,5067470129863,2.154987526075884,0.8016895740673629
4805,-1.-30.9.-1,8307,36992,5889439744288,3378720151599,2.154813843412592,0.8016535369307809
4806,-1.-31.7.3,2077,9248,4417501215552,2534345162467,2.154640181656031,0.8016175075696139
4807,-1.-32.5.7,8309,36992,17671690491552,10138600844939,2.154466540801168,0.8015814859813347
4808,-1.-33.3.11,4155,18496,2945562686816,1689970173335,2.154292920842972,0.801545472163417
4809,-1.-5.23.-38,8311,36992,17675061750240,10141041235081,2.154119321776414,0.8015094661133354
4810,-1.-6.-19.36,1039,4624,2209593422448,1267782678769,2.1539457435964673,0.801473467828566
4811,-1.-8.25.-40,489,2176,5892811002976,3381160541741,2.153772186298106,0.8014374773065855
4812,-1.0.-23.40,4157,18496,8840059319136,5072350910147,2.1535986498763062,0.8014014945448724
4813,-1.1.19.-34,8315,36992,17681804267616,10145922015365,2.1534251343260475,0.8013655195409055
4814,-1.10.13.-28,2079,9248,1473624158080,845595184203,2.153251639642309,0.8013295522921653
4815,-1.13.11.-26,8317,36992,17685175526304,10148362405507,2.1530781658200726,0.8012935927961332
4816,-1.15.-29.43,4159,18496,8843430577824,5074791300289,2.1529047128543226,0.8012576410502915
4817,-1.16.-27.39,8319,36992,5896182261664,3383600931883,2.152731280740044,0.8012216970521236
4818,-1.16.9.-24,65,289,138204940737,79312679615,2.1525578694722243,0.8011857607991146
4819,-1.17.-25.35,8321,36992,17691918043680,10153243185791,2.152384479045853,0.8011498322887503
4820,-1.18.-23.31,4161,18496,2948933945504,1692410563477,2.15221110945592,0.8011139115185169
4821,-1.19.-21.27,8323,36992,17695289302368,10155683575933,2.152037760697419,0.8010779984859029
4822,-1.19.7.-22,2081,9248,4424243732928,2539225942751,2.1518644327653442,0.8010420931883971
4823,-1.20.-19.23,8325,36992,5899553520352,3386041322025,2.151691125654692,0.8010061956234896
4824,-1.22.5.-20,4163,18496,8850173095200,5079672080573,2.1515178393604604,0.800970305788672
4825,-1.23.-13.11,8327,36992,17702031819744,10160564356217,2.1513445738776498,0.8009344236814361
4826,-1.24.-11.7,1041,4624,737654893712,423407689637,2.151171329201262,0.8008985492992753
4827,-1.25.-9.3,8329,36992,17705403078432,10163004746359,2.1509981053262996,0.8008626826396845
4828,-1.25.3.-18,245,1088,8853544353888,5082112470715,2.150824902247769,0.8008268237001589
4829,-1.26.-7.-1,8331,36992,5902924779040,3388481712167,2.1506517199606767,0.8007909724781954
4830,-1.27.-5.-5,2083,9248,4427614991616,2541666332893,2.150478558460032,0.8007551289712915
4831,-1.28.-3.-9,8333,36992,17712145595808,10167885526643,2.1503054177408454,0.8007192931769461
4832,-1.3.-25.42,4167,18496,2952305204192,1694850953619,2.15013229779813,0.8006834650926592
4833,-1.6.-27.44,8335,36992,17715516854496,10170325916785,2.1499591986268998,0.8006476447159319
4834,-1.9.-29.46,521,2312,1107325155240,635721631991,2.1497861202221706,0.8006118320442661
4835,-10.-12.-10.21,4169,18496,8860286871264,5086993250999,2.14944002569229,0.8005402298061327
4836,-10.-16.14.-19,2085,9248,1476995416768,848035574345,2.1490940141686528,0.8004686583582976
4837,-10.-18.-6.17,4171,18496,8863658129952,5089433641141,2.1487480856114534,0.8003971176808165
4838,-10.-18.10.-11,1043,4624,2216335939824,1272663459053,2.1484022399809133,0.8003256077537623
4839,-10.-19.16.-21,4173,18496,2955676462880,1697291343761,2.1480564772372834,0.8002541285572249
4840,-10.-2.-14.23,2087,9248,4434357508992,2546547113177,2.147710797340844,0.8001826800713122
4841,-10.-20.-2.11,4175,18496,8870400647328,5094314421425,2.147365200251902,0.8001112622761489
4842,-10.-21.12.-13,261,1156,184835130764,106156971177,2.1470196859307946,0.8000398751518766
4843,-10.-22.10.-9,4177,18496,8873771906016,5096754811567,2.1466742543378863,0.7999685186786548
4844,-10.-22.2.5,2089,9248,4437728767680,2548987503319,2.1463289054335704,0.7998971928366598
4845,-10.-24.6.-1,4179,18496,2959047721568,1699731733903,2.1459836391782696,0.7998258976060849
4846,-10.-28.-10.29,1045,4624,2219707198512,1275103849195,2.1456384555324335,0.7997546329671409
4847,-10.-29.-12.33,4181,18496,8880514423392,5101635591851,2.1452933544565416,0.7996833989000554
4848,-10.-3.-16.27,123,544,1480366675456,850475964487,2.1449483359110997,0.7996121953850736
4849,-10.-30.-14.37,4183,18496,8883885682080,5104075981993,2.1446033998566434,0.7995410224024572
4850,-10.-31.-16.41,523,2312,1110696413928,638162022133,2.1442585462537376,0.7994698799324853
4851,-10.-31.-8.27,4185,18496,2962418980256,1702172124045,2.143913775062973,0.799398767955454
4852,-10.-32.-10.31,2093,9248,4444471285056,2553868283603,2.1435690862449697,0.7993276864516765
4853,-10.-33.-12.35,4187,18496,8890628199456,5108956762277,2.1432244797603768,0.7992566354014828
4854,-10.-34.-14.39,1047,4624,741026152400,425848079779,2.14287995556987,0.7991856147852204
4855,-10.-38.10.-1,4189,18496,8893999458144,5111397152419,2.1425355136341557,0.799114624583253
4856,-10.-39.8.3,2095,9248,4447842543744,2556308673745,2.1421911539139646,0.7990436647759621
4857,-10.-41.12.-3,4191,18496,2965790238944,1704612514187,2.1418468763700598,0.7989727353437455
4858,-10.-42.10.1,131,578,278095510818,159845554301,2.1415026809632285,0.7989018362670178
4859,-10.-44.14.-5,4193,18496,8900741975520,5116277932703,2.1411585676542892,0.7988309675262116
4860,-10.-45.12.-1,2097,9248,1483737934144,852916354629,2.1408145364040863,0.7987601291017753
4861,-10.-47.16.-7,4195,18496,8904113234208,5118718322845,2.140470587173493,0.7986893209741744
4862,-10.-48.14.-3,1049,4624,2226449715888,1279984629479,2.140126719923411,0.7986185431238918
4863,-10.-8.-10.19,4197,18496,2969161497632,1707052904329,2.1397829346147694,0.7985477955314263
4864,-10.-9.-12.23,2099,9248,4454585061120,2561189454029,2.1394392312085246,0.7984770781772943
4865,-12.-13.-10.21,247,1088,8910855751584,5123599103129,2.1390956096656617,0.7984063910420286
4866,-12.-14.-12.25,525,2312,371355890872,213534137425,2.1387520699471936,0.7983357341061792
4867,-12.-17.-10.23,4201,18496,8914227010272,5126039493271,2.138408612014161,0.7982651073503121
4868,-12.-21.14.-17,2101,9248,4457956319808,2563629844171,2.1380652358276326,0.7981945107550107
4869,-12.-22.-4.15,4203,18496,2972532756320,1709493294471,2.1377219413487047,0.7981239443008753
4870,-12.-23.-6.19,1051,4624,2229820974576,1282425019621,2.1373787285385,0.798053407968522
4871,-12.-23.10.-9,4205,18496,8920969527648,5130920273555,2.1370355973581723,0.7979829017385842
4872,-12.-24.16.-19,2103,9248,1487109192832,855356744771,2.1366925477688996,0.7979124255917123
4873,-12.-25.-2.13,4207,18496,8924340786336,5133360663697,2.136349579731889,0.7978419795085725
4874,-12.-26.-4.17,263,1156,557876650980,320911303673,2.1360066932083766,0.7977715634698485
4875,-12.-26.12.-11,4209,18496,2975904015008,1711933684613,2.1356638881596233,0.7977011774562396
4876,-12.-26.4.3,2105,9248,4464698837184,2568510624455,2.1353211645469203,0.7976308214484628
4877,-12.-27.10.-7,4211,18496,8931083303712,5138241443981,2.134978522331585,0.7975604954272512
4878,-12.-27.2.7,1053,4624,744397411088,428288469921,2.1346359614749617,0.7974901993733541
4879,-12.-28.0.11,2107,9248,4468070095872,2570951014597,2.133951083683373,0.7973496970905852
4880,-12.-29.6.1,4215,18496,2979275273696,1714374074755,2.1336087666712342,0.7972794908232952
4881,-12.-30.4.5,31,136,1117438931304,643042802417,2.133266530863464,0.7972093144464838
4882,-12.-34.-12.35,4217,18496,8941197079776,5145562614407,2.132924376221545,0.7971391679409833
4883,-12.-35.-14.39,2109,9248,1490480451520,857797134913,2.1325823027069872,0.7970690512876418
4884,-12.-36.-16.43,4219,18496,8944568338464,5148003004549,2.1322403102813277,0.7969989644673248
4885,-12.-36.-8.29,1055,4624,2236563491952,1287305799905,2.1318983989061313,0.7969289074609137
4886,-12.-37.-10.33,4221,18496,2982646532384,1716814464897,2.13155656854299,0.7968588802493064
4887,-12.-38.-12.37,2111,9248,4474812613248,2575831794881,2.1312148191535227,0.7967888828134171
4888,-12.-39.-14.41,4223,18496,8951310855840,5152883784833,2.1308731506993768,0.7967189151341767
4889,-12.-44.8.5,66,289,46630190027,26844291562,2.1305315631422252,0.7966489771925318
4890,-12.-46.12.-1,4225,18496,8954682114528,5155324174975,2.13019005644377,0.7965790689694462
4891,-12.-47.10.3,2113,9248,4478183871936,2578272185023,2.1298486305657383,0.7965091904458993
4892,-12.-49.14.-3,4227,18496,2986017791072,1719254855039,2.129507285469886,0.796439341602887
4893,-12.-50.12.1,1057,4624,2239934750640,1289746190047,2.129166021117996,0.7963695224214216
4894,-12.-52.16.-5,4229,18496,8961424631904,5160204955259,2.128824837471877,0.7962997328825315
4895,-12.-53.14.-1,2115,9248,1493851710208,860237525055,2.1284837344933667,0.7962299729672616
4896,-12.-7.-14.25,4231,18496,8964795890592,5162645345401,2.1281427121443284,0.7961602426566728
4897,-12.-8.-16.29,529,2312,1120810189992,645483192559,2.127801770386653,0.7960905419318424
4898,-14.-13.-16.31,249,1088,2989389049760,1721695245181,2.1274609091822585,0.7960208707738634
4899,-14.-15.-12.25,2117,9248,4484926389312,2583152965307,2.1271201284930896,0.7959512291638455
4900,-14.-16.-14.29,4235,18496,8971538407968,5167526125685,2.126779428281118,0.7958816170829145
4901,-14.-19.-12.27,1059,4624,747768669776,430728860063,2.1264388085083423,0.7958120345122123
4902,-14.-21.-8.21,4237,18496,8974909666656,5169966515827,2.1260982691367887,0.7957424814328965
4903,-14.-22.-10.25,2119,9248,4488297648000,2585593355449,2.1257578101285093,0.7956729578261414
4904,-14.-27.-4.17,4239,18496,2992760308448,1724135635323,2.1254174314455834,0.7956034636731373
4905,-14.-27.12.-11,265,1156,561247909668,323351693815,2.1250771330501173,0.7955339989550902
4906,-14.-29.16.-17,4241,18496,8981652184032,5174847296111,2.1247369149042443,0.7954645636532224
4907,-14.-29.8.-3,2121,9248,1497222968896,862677915197,2.1243967769701237,0.7953951577487723
4908,-14.-30.-2.15,4243,18496,8985023442720,5177287686253,2.1240567192099427,0.7953257812229941
4909,-14.-30.14.-13,1061,4624,2246677268016,1294626970331,2.123716741585914,0.7952564340571583
4910,-14.-31.12.-9,4245,18496,2996131567136,1726576025465,2.123376844060278,0.7951871162325511
4911,-14.-31.4.5,2123,9248,4495040165376,2590474135733,2.123037026595301,0.7951178277304748
4912,-14.-32.10.-5,4247,18496,8991765960096,5182168466537,2.122697289153277,0.7950485685322476
4913,-14.-32.2.9,531,2312,374727149560,215974527567,2.1223576316965254,0.7949793386192038
4914,-14.-39.-12.37,4249,18496,8995137218784,5184608856679,2.1220180541873925,0.7949101379726934
4915,-14.-40.-14.41,125,544,4498411424064,2592914525875,2.1216785565882526,0.7948409665740823
4916,-14.-41.-16.45,4251,18496,2999502825824,1729016415607,2.121339138861504,0.7947718244047525
4917,-14.-41.-8.31,1063,4624,2250048526704,1297067360473,2.120999800969574,0.7947027114461017
4918,-14.-42.-10.35,4253,18496,9001879736160,5189489636963,2.1206605428749152,0.7946336276795435
4919,-14.-43.-12.39,2127,9248,1500594227584,865118305339,2.1203213645400063,0.7945645730865073
4920,-14.-49.8.7,4255,18496,9005250994848,5191930027105,2.1199822659273537,0.7944955476484383
4921,-14.-51.12.1,133,578,281466769506,162285944443,2.1196432469994893,0.7944265513467974
4922,-14.-52.10.5,4257,18496,3002874084512,1731456805749,2.1193043077189713,0.7943575841630618
4923,-14.-54.14.-1,2129,9248,4505153941440,2597795306159,2.118965448048385,0.7942886460787237
4924,-14.-55.12.3,4259,18496,9011993512224,5196810807389,2.118626667950341,0.7942197370752916
4925,-14.-57.16.-3,1065,4624,751139928464,433169250205,2.118287967387478,0.7941508571342895
4926,-16.-17.-14.29,8521,36992,18029043912480,10397282199991,2.118118646920071,0.7941164280564301
4927,-16.-20.-12.27,4261,18496,9015364770912,5199251197531,2.1179493463224595,0.794082006237257
4928,-16.-21.-14.31,8523,36992,6010805057056,3466574196711,2.1177800655899817,0.794047591674465
4929,-16.-23.-10.25,2131,9248,4508525200128,2600235696301,2.1176108047179754,0.79401318436575
4930,-16.-24.-12.29,8525,36992,18035786429856,10402162980275,2.1174415637017816,0.7939787843088089
4931,-16.-26.-8.23,4263,18496,3006245343200,1733897195891,2.1172723425367423,0.7939443915013392
4932,-16.-27.-10.27,8527,36992,18039157688544,10404603370417,2.117103141218201,0.7939100059410403
4933,-16.-31.14.-13,533,2312,1127552707368,650363972843,2.116933959741503,0.7938756276256117
4934,-16.-32.12.-9,8529,36992,6014176315744,3469014586853,2.116764798101995,0.7938412565527542
4935,-16.-33.10.-5,4265,18496,9022107288288,5204131977815,2.1165956562950266,0.7938068927201697
4936,-16.-34.8.-1,8531,36992,18045900205920,10409484150701,2.1164265343159463,0.7937725361255609
4937,-16.-35.-2.17,2133,9248,1503965486272,867558695481,2.1162574321601073,0.7937381867666315
4938,-16.-35.14.-11,8533,36992,18049271464608,10411924540843,2.1160883498228626,0.793703844641086
4939,-16.-36.-4.21,251,1088,9025478546976,5206572367957,2.115919287299567,0.7936695097466305
4940,-16.-36.12.-7,8535,36992,6017547574432,3471454976995,2.1157502445855783,0.7936351820809715
4941,-16.-37.10.-3,1067,4624,2256791044080,1301948140757,2.115581221676254,0.7936008616418164
4942,-16.-37.2.11,8537,36992,18056013981984,10416805321127,2.115412218566954,0.793566548426874
4943,-16.-38.0.15,8539,36992,18059385240672,10419245711269,2.115074271729876,0.7934979436604663
4944,-16.-40.4.9,2135,9248,4515267717504,2605116476585,2.114905327992826,0.7934636521044233
4945,-16.-44.-12.39,8541,36992,6020918833120,3473895367137,2.114736404037257,0.7934293677634368
4946,-16.-45.-14.43,4271,18496,9032221064352,5211453148241,2.114567499858537,0.7933950906352206
4947,-16.-46.-8.33,8543,36992,18066127758048,10424126491553,2.114398615452036,0.7933608207174889
4948,-16.-47.-10.37,267,1156,188206389452,108597361319,2.114229750813125,0.7933265580079576
4949,-16.-48.-12.41,8545,36992,18069499016736,10426566881695,2.114060905937177,0.7932923025043424
4950,-16.-49.-14.45,4273,18496,9035592323040,5213893538383,2.1138920808195674,0.7932580542043608
4951,-16.-54.8.9,8547,36992,6024290091808,3476335757279,2.1137232754556714,0.7932238131057314
4952,-16.-56.12.3,2137,9248,4518638976192,2607556866727,2.1135544898408676,0.7931895792061734
4953,-16.-57.10.7,8549,36992,18076241534112,10431447661979,2.1133857239705356,0.7931553525034066
4954,-16.-59.14.1,4275,18496,3012987860576,1738777976175,2.1132169778400565,0.7931211329951527
4955,-16.-60.12.5,503,2176,18079612792800,10433888052121,2.113048251444812,0.7930869206791338
4956,-16.-63.14.3,1069,4624,2260162302768,1304388530899,2.112879544780188,0.7930527155530729
4957,-2.-1.12.-21,4277,18496,9042334840416,5218774318667,2.112542190624345,0.7929843268617223
4958,-2.-10.-14.29,2139,9248,1507336744960,869999085623,2.1122049153356346,0.7929159669029056
4959,-2.-10.-6.15,4279,18496,9045706099104,5221214708809,2.1118677188771895,0.7928476356584422
4960,-2.-11.-16.33,535,2312,1130923966056,652804362985,2.1115306012121695,0.7927793331101679
4961,-2.-11.-8.19,4281,18496,3016359119264,1741218366317,2.111193562303759,0.7927110592399325
4962,-2.-12.-10.23,2141,9248,4525381493568,2612437647011,2.1108566021151693,0.7926428140296023
4963,-2.-13.-12.27,4283,18496,9052448616480,5226095489093,2.1105197206096364,0.7925745974610588
4964,-2.-14.-14.31,63,272,754511187152,435609640347,2.1101829177504228,0.7925064095161982
4965,-2.-15.8.-7,4285,18496,9055819875168,5228535879235,2.109846193500817,0.7924382501769325
4966,-2.-16.6.-3,2143,9248,4528752752256,2614878037153,2.109509547824131,0.7923701194251889
4967,-2.-18.10.-9,4287,18496,3019730377952,1743658756459,2.1091729806837063,0.79230201724291
4968,-2.-19.8.-5,67,289,141576199425,81753069757,2.1088364920429066,0.7922339436120536
4969,-2.-2.10.-17,4289,18496,9062562392544,5233416659519,2.1085000818651225,0.7921658985145925
4970,-2.-21.12.-11,2145,9248,1510708003648,872439475765,2.108163750113771,0.792097881932515
4971,-2.-22.10.-7,4291,18496,9065933651232,5235857049661,2.107827496752293,0.7920298938478247
4972,-2.-24.14.-13,1073,4624,2266904820144,1309269311183,2.107491321744157,0.7919619342425404
4973,-2.-25.12.-9,4293,18496,3023101636640,1746099146601,2.107155225052855,0.7918940030986955
4974,-2.-27.16.-15,2147,9248,4535495269632,2619758817437,2.1068192066419056,0.7918261003983397
4975,-2.-28.14.-11,4295,18496,9072676168608,5240737829945,2.106483266474853,0.7917582261235364
4976,-2.-7.-8.17,537,2312,378098408248,218414917709,2.106147404515266,0.7916903802563655
4977,-2.-8.-10.21,4297,18496,9076047427296,5243178220087,2.1058116207267403,0.7916225627789214
4978,-2.-9.-12.25,2149,9248,4538866528320,2622199207579,2.1054759150728954,0.7915547736733135
4979,-2.0.14.-25,4299,18496,3026472895328,1748539536743,2.105140287517377,0.7914870129216666
4980,-2.1.16.-29,1075,4624,2270276078832,1311709701325,2.1048047380238564,0.7914192805061202
4981,-2.11.-12.15,253,1088,9082789944672,5248059000371,2.104469266556029,0.7913515764088294
4982,-2.12.-10.11,2151,9248,1514079262336,874879865907,2.104133873077618,0.7912839006119635
4983,-2.14.-14.17,4303,18496,9086161203360,5250499390513,2.103798557552369,0.7912162530977079
4984,-2.17.-16.19,269,1156,567990427044,328232474099,2.1034633199440544,0.7911486338482624
4985,-2.18.-14.15,4305,18496,3029844154016,1750979926885,2.1031281602164724,0.7910810428458417
4986,-2.2.10.-19,2153,9248,4545609045696,2627079987863,2.102793078333445,0.7910134800726756
4987,-2.4.14.-27,4307,18496,9092903720736,5255380170797,2.1024580742588204,0.7909459455110092
4988,-2.8.-10.13,1077,4624,757882445840,438050030489,2.1021231479564713,0.7908784391431017
4989,-4.-1.14.-25,4309,18496,9096274979424,5257820560939,2.101788299390296,0.7908109609512285
4990,-4.-13.-10.23,2155,9248,4548980304384,2629520378005,2.1014535285242184,0.7907435109176787
4991,-4.-15.-6.17,4311,18496,3033215412704,1753420317027,2.101118835322186,0.790676089024757
4992,-4.-16.-16.35,539,2312,1137666483432,657685143269,2.1007842197481734,0.7906086952547826
4993,-4.-16.-8.21,4313,18496,9103017496800,5262701341223,2.1004496817661784,0.7905413295900902
4994,-4.-17.-10.25,2157,9248,1517450521024,877320256049,2.1001152213402245,0.7904739920130284
4995,-4.-19.-14.33,4315,18496,9106388755488,5265141731365,2.0997808384343615,0.7904066825059614
4996,-4.-21.6.-1,1079,4624,2277018596208,1316590481609,2.099446533012662,0.7903394010512681
4997,-4.-23.10.-7,4317,18496,3036586671392,1755860707169,2.099112305039225,0.7902721476313417
4998,-4.-24.8.-3,127,544,4555722821760,2634401158289,2.0987781544781736,0.790204922228591
4999,-4.-27.10.-5,4319,18496,9113131272864,5270022511649,2.098444081293657,0.790137724825439
5000,-4.-3.10.-17,135,578,94946009398,54908778195,2.098110085449848,0.7900705554043235
5001,-4.-32.16.-13,4321,18496,9116502531552,5272462901791,2.097776166910945,0.7900034139476974
5002,-4.-33.14.-9,2161,9248,4559094080448,2636841548431,2.0974423256411714,0.7899363004380276
5003,-4.-4.16.-27,4323,18496,3039957930080,1758301097311,2.097108561604775,0.7898692148577967
5004,-4.-5.14.-23,1081,4624,2280389854896,1319030871751,2.096774874766029,0.7898021571895014
5005,-4.-6.12.-19,4325,18496,9123245048928,5277343682075,2.0964412650892297,0.789735127415653
5006,-4.12.-16.21,2163,9248,1520821779712,879760646191,2.0961077325387,0.7896681255187777
5007,-4.13.-14.17,4327,18496,9126616307616,5279784072217,2.0957742770787875,0.7896011514814163
5008,-4.6.-12.17,541,2312,1141037742120,660125533411,2.0954408986738637,0.7895342052861243
5009,-4.7.-10.13,4329,18496,3043329188768,1760741487453,2.0951075972883246,0.7894672869154719
5010,-4.9.-14.19,2165,9248,4565836597824,2641722328715,2.0947743728865915,0.7894003963520433
5011,-6.-11.12.-17,4331,18496,9133358824992,5284664852501,2.0944412254331106,0.7893335335784382
5012,-6.-18.-10.25,1083,4624,761253704528,440490420631,2.0941081548923517,0.78926669857727
5013,-6.-19.-12.29,4333,18496,9136730083680,5287105242643,2.0937751612288102,0.7891998913311676
5014,-6.-20.-6.19,2167,9248,4569207856512,2644162718857,2.0934422444070053,0.7891331118227735
5015,-6.-21.-16.37,15,64,3046700447456,1763181877595,2.0931094043914813,0.7890663600347454
5016,-6.-21.-8.23,271,1156,571361685732,330672864241,2.0927766411468074,0.7889996359497553
5017,-6.-22.-10.27,4337,18496,9143472601056,5291986022927,2.092443954637576,0.7889329395504894
5018,-6.-26.6.1,2169,9248,1524193038400,882201036333,2.092111344828405,0.7888662708196487
5019,-6.-28.10.-5,4339,18496,9146843859744,5294426413069,2.0917788116839366,0.7887996297399489
5020,-6.-29.8.-1,1085,4624,2287132372272,1323911652035,2.0914463551688374,0.7887330162941195
5021,-6.-31.12.-7,4341,18496,3050071706144,1765622267737,2.091113975247798,0.7886664304649051
5022,-6.-32.10.-3,2171,9248,4575950373888,2649043499141,2.0907816718855345,0.7885998722350644
5023,-6.-37.16.-11,4343,18496,9153586377120,5299307193353,2.090449445046786,0.7885333415873704
5024,-6.-6.14.-23,543,2312,381469666936,220855307851,2.0901172946963174,0.7884668385046107
5025,-6.-8.10.-15,4345,18496,9156957635808,5301747583495,2.0897852207989165,0.788400362969587
5026,-6.1.-12.19,2173,9248,4579321632576,2651483889283,2.0894532233193956,0.7883339149651161
5027,-6.2.-10.15,4347,18496,3053442964832,1768062657879,2.089121302222593,0.7882674944740282
5028,-6.8.-14.19,1087,4624,2290503630960,1326352042177,2.0887894574733696,0.7882011014791683
5029,-8.-11.14.-21,4349,18496,9163700153184,5306628363779,2.0884576890366104,0.7881347359633959
5030,-8.-13.10.-13,2175,9248,1527564297088,884641426475,2.088125996877226,0.7880683979095843
5031,-8.-16.12.-15,4351,18496,9167071411872,5309068753921,2.0877943809601494,0.7880020873006212
5032,-8.-18.0.7,4353,18496,3056814223520,1770503048021,2.0871313777127782,0.7878695483488644
5033,-8.-23.-10.27,2177,9248,4586064149952,2656364669567,2.086799990312472,0.7878033199719175
5034,-8.-24.-12.31,4355,18496,9173813929248,5313949534205,2.0864686790144518,0.7877371189715132
5035,-8.-25.-6.21,1089,4624,764624963216,442930810773,2.086137443783772,0.7876709453306108
5036,-8.-26.-16.39,4357,18496,9177185187936,5316389924347,2.085806284585511,0.7876047990321835
5037,-8.-26.-8.25,2179,9248,4589435408640,2658805059709,2.0854752013847717,0.7875386800592186
5038,-8.-27.-10.29,4359,18496,3060185482208,1772943438163,2.0851441941466815,0.7874725883947179
5039,-8.-3.-10.17,545,2312,1147780259496,665006313695,2.08481326283639,0.7874065240216971
5040,-8.-31.6.3,4361,18496,9183927705312,5321270704631,2.084482407419073,0.7873404869231858
5041,-8.-33.10.-3,2181,9248,1530935555776,887081816617,2.0841516278599284,0.7872744770822286
5042,-8.-34.8.1,4363,18496,9187298964000,5323711094773,2.083820924124179,0.7872084944818835
5043,-8.-36.12.-5,1091,4624,2297246148336,1331232822461,2.0834902961770716,0.7871425391052222
5044,-8.-37.10.-1,4365,18496,3063556740896,1775383828305,2.0831597439838765,0.7870766109353317
5045,-8.-4.-12.21,2183,9248,4596177926016,2663685839993,2.082829267509888,0.7870107099553119
5046,-8.-42.16.-9,4367,18496,9194041481376,5328591875057,2.0824988667204236,0.7869448361482775
5047,-8.3.-14.21,273,1156,191577648140,111037751461,2.082168541580826,0.7868789894973569
5048,0.-10.8.-9,257,1088,9197412740064,5331032265199,2.0818382920564615,0.7868131699856925
5049,0.-13.10.-11,2185,9248,4599549184704,2666126230135,2.081508118112718,0.7867473775964408
5050,0.-14.8.-7,4371,18496,3066927999584,1777824218447,2.08117801971501,0.7866816123127722
5051,0.-16.12.-13,1093,4624,2300617407024,1333673212603,2.080847996828774,0.7866158741178715
5052,0.-17.10.-9,4373,18496,9204155257440,5335913045483,2.0805180494194713,0.7865501629949369
5053,0.-19.14.-15,2187,9248,1534306814464,889522206759,2.0801881774525857,0.7864844789271805
5054,0.-2.-8.15,4375,18496,9207526516128,5338353435625,2.0798583808936253,0.7864188218978291
5055,0.-20.12.-11,547,2312,1151151518184,667446703837,2.079528659708122,0.7863531918901225
5056,0.-22.16.-17,4377,18496,3070299258272,1780264608589,2.079199013861632,0.786287588887315
5057,0.-23.14.-13,2189,9248,4606291702080,2671007010419,2.0788694433197326,0.7862220128726747
5058,0.-3.-10.19,4379,18496,9214269033504,5343234215909,2.0785399480480278,0.7861564638294833
5059,0.-4.-12.23,1095,4624,767996221904,445371200915,2.0782105280121432,0.7860909417410368
5060,0.-5.-14.27,4381,18496,9217640292192,5345674606051,2.077881183177728,0.7860254465906445
5061,0.-6.-16.31,2191,9248,4609662960768,2673447400561,2.0775519135104563,0.78595997836163
5062,0.-6.-8.17,4383,18496,3073670516960,1782704998731,2.0772227189760244,0.7858945370373306
5063,0.-7.-10.21,137,578,288209286882,167166724727,2.0768935995401523,0.7858291226010972
5064,0.-8.-12.25,4385,18496,9224382809568,5350555386335,2.0765645551685834,0.7857637350362946
5065,0.-9.-14.29,129,544,1537678073152,891962596901,2.0762355858270856,0.7856983743263015
5066,0.10.-8.9,4387,18496,9227754068256,5352995776477,2.0759066914814484,0.7856330404545103
5067,0.13.-10.11,1097,4624,2307359924400,1338553992887,2.075577872097486,0.7855677334043272
5068,0.14.-8.7,4389,18496,3077041775648,1785145388873,2.075249127641036,0.7855024531591719
5069,0.16.-12.13,2195,9248,4616405478144,2678328180845,2.0749204580779583,0.7854371997024779
5070,0.17.-10.9,4391,18496,9234496585632,5357876556761,2.0745918633741374,0.7853719730176928
5071,0.19.-14.15,549,2312,384840925624,223295697993,2.0742633434954802,0.7853067730882771
5072,0.2.8.-15,4393,18496,9237867844320,5360316946903,2.0739348984079173,0.7852415998977058
5073,0.20.-12.11,2197,9248,4619776736832,2680768570987,2.0736065280774025,0.7851764534294672
5074,0.22.-16.17,4395,18496,3080413034336,1787585779015,2.0732782324699124,0.7851113336670628
5075,0.23.-14.13,1099,4624,2310731183088,1340994383029,2.072950011551448,0.7850462405940086
5076,0.3.10.-19,4397,18496,9244610361696,5365197727187,2.0726218652880317,0.7849811741938338
5077,0.4.12.-23,2199,9248,1541049331840,894402987043,2.0722937936457106,0.784916134450081
5078,0.5.14.-27,4399,18496,9247981620384,5367638117329,2.071965796590555,0.7848511213463065
5079,0.6.16.-31,275,1156,578104203108,335553644525,2.071637874088657,0.7847861348660806
5080,0.6.8.-17,4401,18496,3083784293024,1790026169157,2.071310026106133,0.7847211749929868
5081,0.7.10.-21,2201,9248,4626519254208,2685649351271,2.0709822526091215,0.7846562417106218
5082,0.8.12.-25,259,1088,9254724137760,5372518897613,2.0706545535637857,0.7845913350025964
5083,0.9.14.-29,1101,4624,771367480592,447811591057,2.0703269289363098,0.7845264548525347
5084,1.-1.-19.34,8809,36992,18514505163552,10748698380439,2.070163144518709,0.7844940247316267
5085,1.-10.-13.28,4405,18496,9258095396448,5374959287755,2.069999378692903,0.7844616012440745
5086,1.-13.-11.26,8811,36992,6172625474080,3583712923527,2.0698356314546715,0.7844291843878354
5087,1.-15.29.-43,2203,9248,4629890512896,2688089741413,2.069671902799796,0.7843967741608667
5088,1.-16.-9.24,8813,36992,18521247680928,10753579160723,2.069508192724058,0.7843643705611272
5089,1.-16.27.-39,4407,18496,3087155551712,1792466559299,2.0693445012232425,0.784331973586576
5090,1.-17.25.-35,8815,36992,18524618939616,10756019550865,2.0691808282931348,0.7842995832351735
5091,1.-18.23.-31,551,2312,1157894035560,672327484121,2.069017173929521,0.7842671995048806
5092,1.-19.-7.22,8817,36992,6175996732768,3586153313669,2.06885353812819,0.7842348223936592
5093,1.-19.21.-27,4409,18496,9264837913824,5379840068039,2.0686899208849314,0.7842024518994717
5094,1.-20.19.-23,8819,36992,18531361456992,10760900331149,2.068526322195536,0.7841700880202821
5095,1.-22.-5.20,2205,9248,1544420590528,896843377185,2.068362742055796,0.7841377307540546
5096,1.-23.13.-11,8821,36992,18534732715680,10763340721291,2.068199180461506,0.7841053800987543
5097,1.-24.11.-7,4411,18496,9268209172512,5382280458181,2.068035637408461,0.7840730360523473
5098,1.-25.-3.18,519,2176,6179367991456,3588593703811,2.0678721128924584,0.7840406986128007
5099,1.-25.9.-3,1103,4624,2317473700464,1345875163313,2.0677086069092963,0.7840083677780819
5100,1.-26.7.1,8825,36992,18541475233056,10768221501575,2.067545119454774,0.7839760435461598
5101,1.-27.5.5,4413,18496,3090526810400,1794906949441,2.0673816505246925,0.7839437259150034
5102,1.-28.3.9,8827,36992,18544846491744,10770661891717,2.067218200114855,0.7839114148825833
5103,1.-3.25.-42,2207,9248,4636633030272,2692970521697,2.0670547682210647,0.7838791104468704
5104,1.-6.27.-44,8829,36992,6182739250144,3591034093953,2.066891354839128,0.7838468126058368
5105,1.-9.29.-46,4415,18496,9274951689888,5387161238465,2.0667279599648505,0.7838145213574549
5106,1.0.23.-40,8831,36992,18551589009120,10775542672001,2.066564583594041,0.7837822366996986
5107,1.11.-27.42,69,289,48315819371,28064486633,2.06640122572251,0.7837499586305421
5108,1.14.-29.44,8833,36992,18554960267808,10777983062143,2.066237886346067,0.7837176871479609
5109,1.15.13.-30,4417,18496,9278322948576,5389601628607,2.0660745654605255,0.7836854222499305
5110,1.18.11.-28,8835,36992,6186110508832,3593474484095,2.0659112630617,0.7836531639344285
5111,1.2.-21.36,2209,9248,4640004288960,2695410911839,2.0657479791454043,0.7836209121994324
5112,1.20.-29.41,8837,36992,18561702785184,10782863842427,2.065584713707456,0.7835886670429205
5113,1.21.-27.37,4419,18496,3093898069088,1797347339583,2.065421466743673,0.7835564284628727
5114,1.21.9.-26,8839,36992,18565074043872,10785304232569,2.065258238249876,0.7835241964572688
5115,1.22.-25.33,65,272,2320844959152,1348315553455,2.0650950282218847,0.78349197102409
5116,1.23.-23.29,8841,36992,6189481767520,3595914874237,2.0649318366555223,0.7834597521613181
5117,1.24.-21.25,4421,18496,9285065465952,5394482408891,2.0647686635466127,0.7834275398669361
5118,1.24.7.-24,8843,36992,18571816561248,10790185012853,2.0646055088909807,0.7833953341389275
5119,1.25.-19.21,2211,9248,1547791849216,899283767327,2.0644423726844527,0.7833631349752764
5120,1.27.5.-22,8845,36992,18575187819936,10792625402995,2.064279254922858,0.7833309423739682
5121,1.28.-13.9,4423,18496,9288436724640,5396922799033,2.0641161556020253,0.783298756332989
5122,1.29.-11.5,8847,36992,6192853026208,3598355264379,2.063953074717786,0.7832665768503254
5123,1.3.21.-38,553,2312,1161265294248,674767874263,2.063790012265972,0.7832344039239655
5124,1.30.-9.1,8849,36992,18581930337312,10797506183279,2.063626968242417,0.7832022375518974
5125,1.30.3.-20,4425,18496,3097269327776,1799787729725,2.0634639426429566,0.7831700777321107
5126,1.31.-7.-3,8851,36992,18585301596000,10799946573421,2.0633009354634275,0.7831379244625958
5127,1.32.-5.-7,2213,9248,4646746806336,2700291692123,2.0631379466996673,0.7831057777413429
5128,1.33.-3.-11,8853,36992,6196224284896,3600795654521,2.0629749763475154,0.7830736375663446
5129,1.5.-23.38,4427,18496,9295179242016,5401803579317,2.062812024402813,0.7830415039355932
5130,1.6.19.-36,8855,36992,18592044113376,10804827353705,2.0626490908614024,0.7830093768470825
5131,1.8.-25.40,1107,4624,774738739280,450251981199,2.0624861757191266,0.7829772562988061
5132,10.12.10.-21,4429,18496,9298550500704,5404243969459,2.0621604006153627,0.7829130348149392
5133,10.16.-14.19,2215,9248,4650118065024,2702732082265,2.061834699058298,0.7828488394679631
5134,10.18.-10.11,4431,18496,3100640586464,1802228119867,2.0615090710147332,0.7827846702418618
5135,10.18.6.-17,277,1156,581475461796,337994034667,2.0611835164514902,0.7827205271206326
5136,10.19.-16.21,4433,18496,9305293018080,5409124749743,2.0608580353354142,0.7826564100882855
5137,10.2.14.-23,2217,9248,1551163107904,901724157469,2.0605326276333717,0.7825923191288436
5138,10.20.2.-11,4435,18496,9308664276768,5411565139885,2.0602072933122524,0.7825282542263436
5139,10.21.-12.13,1109,4624,2327587476528,1353196333739,2.059882032338969,0.7824642153648348
5140,10.22.-10.9,261,1088,3104011845152,1804668510009,2.059556844680455,0.7824002025283797
5141,10.22.-2.-5,2219,9248,4656860582400,2707612862549,2.0592317303036674,0.7823362157010542
5142,10.24.-6.1,4439,18496,9315406794144,5416445920169,2.0589066891755854,0.7822722548669464
5143,10.28.10.-29,555,2312,388212184312,225736088135,2.0585817212632107,0.7822083200101584
5144,10.29.12.-33,4441,18496,9318778052832,5418886310311,2.058256826533566,0.7821444111148046
5145,10.3.16.-27,2221,9248,4660231841088,2710053252691,2.057932004953698,0.7820805281650128
5146,10.30.14.-37,4443,18496,3107383103840,1807108900151,2.057607256490675,0.7820166711449236
5147,10.31.16.-41,1111,4624,2330958735216,1355636723881,2.0572825811115867,0.7819528400386907
5148,10.31.8.-27,4445,18496,9325520570208,5423767090595,2.056957978783547,0.7818890348304804
5149,10.32.10.-31,2223,9248,1554534366592,904164547611,2.0566334494736886,0.7818252555044727
5150,10.33.12.-35,4447,18496,9328891828896,5426207480737,2.0563089931491705,0.7817615020448595
5151,10.34.14.-39,139,578,291580545570,169607114869,2.0559846097771715,0.7816977744358468
5152,10.38.-10.1,4449,18496,3110754362528,1809549290293,2.055660299324892,0.7816340726616524
5153,10.39.-8.-3,2225,9248,4666974358464,2714934032975,2.0553360617595566,0.7815703967065077
5154,10.41.-12.3,4451,18496,9335634346272,5431088261021,2.0550118970484097,0.7815067465546569
5155,10.42.-10.-1,1113,4624,778109997968,452692371341,2.054687805158719,0.7814431221903567
5156,10.44.-14.5,4453,18496,9339005604960,5433528651163,2.0543637860577753,0.781379523597877
5157,10.45.-12.1,131,544,4670345617152,2717374423117,2.054039839712889,0.7813159507615003
5158,10.47.-16.7,4455,18496,3114125621216,1811989680435,2.0537159660913944,0.7812524036655222
5159,10.48.-14.3,557,2312,1168007811624,679648654547,2.053392165160647,0.7811888822942509
5160,10.8.10.-19,4457,18496,9345748122336,5438409431447,2.0530684368880245,0.7811253866320075
5161,10.9.12.-23,2229,9248,1557905625280,906604937753,2.0527447812409263,0.7810619166631257
5162,12.13.10.-21,4459,18496,9349119381024,5440849821589,2.0524211981867744,0.7809984723719524
5163,12.14.12.-25,1115,4624,2337701252592,1360517504165,2.0520976876930117,0.780935053742847
5164,12.17.10.-23,4461,18496,3117496879904,1814430070577,2.051774249727104,0.7808716607601814
5165,12.21.-14.17,2231,9248,4677088134528,2722255203401,2.051450884256538,0.7808082934083408
5166,12.22.4.-15,4463,18496,9355861898400,5445730601873,2.051127591248824,0.7807449516717226
5167,12.23.-10.9,279,1156,194948906828,113478141603,2.050804370671491,0.780681635534737
5168,12.23.6.-19,4465,18496,9359233157088,5448170992015,2.0504812224920936,0.7806183449818074
5169,12.24.-16.19,2233,9248,4680459393216,2724695593543,2.0501581466782053,0.7805550799973692
5170,12.25.2.-13,4467,18496,3120868138592,1816870460719,2.0498351431974227,0.7804918405658706
5171,12.26.-12.11,1117,4624,2341072511280,1362957894307,2.049512212017364,0.7804286266717732
5172,12.26.-4.-3,4469,18496,9365975674464,5453051772299,2.049189353105669,0.7803654382995501
5173,12.26.4.-17,2235,9248,1561276883968,909045327895,2.0488665664299988,0.780302275433688
5174,12.27.-10.7,263,1088,9369346933152,5455492162441,2.048543851958037,0.7802391380586855
5175,12.27.-2.-7,559,2312,1171379070312,682089044689,2.0482212096574886,0.7801760261590545
5176,12.28.0.-11,2237,9248,4687201910592,2729576373827,2.04757614144156,0.7800498787240155
5177,12.29.-6.-1,4475,18496,9376089450528,5460372942725,2.047253715461698,0.7799868431576935
5178,12.30.-4.-5,1119,4624,781481256656,455132761483,2.046931361524285,0.7799238330049147
5179,12.34.12.-35,4477,18496,9379460709216,5462813332867,2.0466090795971343,0.7798608482502537
5180,12.35.14.-39,2239,9248,4690573169280,2732016763969,2.0462868696480814,0.779797888878297
5181,12.36.16.-43,4479,18496,3127610655968,1821751241003,2.045964731644981,0.7797349548736445
5182,12.36.8.-29,70,289,146633087457,85413654970,2.0456426655557123,0.7796720462209077
5183,12.37.10.-33,4481,18496,9386203226592,5467694113151,2.0453206713481733,0.7796091629047114
5184,12.38.12.-37,2241,9248,1564648142656,911485718037,2.0449987489902854,0.7795463049096922
5185,12.39.14.-41,4483,18496,9389574485280,5470134503293,2.0446768984499903,0.7794834722204996
5186,12.44.-8.-5,1121,4624,2347815028656,1367838674591,2.044355119695252,0.7794206648217953
5187,12.46.-12.1,4485,18496,3130981914656,1824191631145,2.044033412694055,0.7793578826982538
5188,12.47.-10.-3,2243,9248,4697315686656,2736897544253,2.0437117774144067,0.7792951258345615
5189,12.49.-14.3,4487,18496,9396317002656,5475015283577,2.043390213824334,0.7792323942154178
5190,12.50.-12.-1,33,136,391583443000,228176478277,2.043068721891886,0.7791696878255339
5191,12.52.-16.5,4489,18496,9399688261344,5477455673719,2.042747301585134,0.7791070066496338
5192,12.53.-14.1,2245,9248,4700686945344,2739337934395,2.0424259528721698,0.7790443506724538
5193,12.7.14.-25,4491,18496,3134353173344,1826632021287,2.042104675721106,0.7789817198787428
5194,12.8.16.-29,1123,4624,2351186287344,1370279064733,2.0417834701000777,0.7789191142532611
5195,14.13.16.-31,4493,18496,9406430778720,5482336454003,2.0414623359772404,0.7788565337807828
5196,14.15.12.-25,2247,9248,1568019401344,913926108179,2.0411412733207714,0.778793978446093
5197,14.16.14.-29,4495,18496,9409802037408,5484776844145,2.0408202820988692,0.7787314482339901
5198,14.19.12.-27,281,1156,588217979172,342874814951,2.0404993622797525,0.778668943129284
5199,14.21.8.-21,4497,18496,3137724432032,1829072411429,2.040178513831663,0.7786064631167975
5200,14.22.10.-25,2249,9248,4707429462720,2744218714679,2.039857736722862,0.7785440081813652
5201,14.27.-12.11,4499,18496,9416544554784,5489657624429,2.0395370309216325,0.7784815783078346
5202,14.27.4.-17,1125,4624,784852515344,457573151625,2.0392163963962795,0.7784191734810647
5203,14.29.-16.17,4501,18496,9419915813472,5492098014571,2.0388958331151272,0.7783567936859274
5204,14.29.-8.3,2251,9248,4710800721408,2746659104821,2.0385753410465233,0.7782944389073061
5205,14.30.-14.13,4503,18496,3141095690720,1831512801571,2.0382549201588342,0.7782321091300972
5206,14.30.2.-15,563,2312,1178121587688,686969824973,2.037934570420449,0.7781698043392088
5207,14.31.-12.9,265,1088,9426658330848,5496978794855,2.0376142917997777,0.7781075245195616
5208,14.31.-4.-5,2253,9248,1571390660032,916366498321,2.037294084265251,0.7780452696560877
5209,14.32.-10.5,4507,18496,9430029589536,5499419184997,2.03697394778532,0.7779830397337323
5210,14.32.-2.-9,1127,4624,2357928804720,1375159845017,2.0366538823284577,0.7779208347374521
5211,14.39.12.-37,4509,18496,3144466949408,1833953191713,2.036333887863158,0.7778586546522166
5212,14.40.14.-41,2255,9248,4717543238784,2751539885105,2.0360139643579354,0.7777964994630063
5213,14.41.16.-45,4511,18496,9436772106912,5504299965281,2.035694111781326,0.7777343691548151
5214,14.41.8.-31,141,578,98317268086,57349168337,2.0353743301018854,0.7776722637126482
5215,14.42.10.-35,4513,18496,9440143365600,5506740355423,2.0350546192881915,0.777610183121523
5216,14.43.12.-39,2257,9248,4720914497472,2753980275247,2.0347349793088427,0.7775481273664695
5217,14.49.-8.-7,4515,18496,3147838208096,1836393581855,2.0344154101324583,0.7774860964325288
5218,14.51.-12.-1,1129,4624,2361300063408,1377600235159,2.034095911727678,0.777424090304755
5219,14.52.-10.-5,4517,18496,9446885882976,5511621135707,2.033776484063163,0.7773621089682139
5220,14.54.-14.1,2259,9248,1574761918720,918806888463,2.0334571271075945,0.7773001524079832
5221,14.55.-12.-3,4519,18496,9450257141664,5514061525849,2.033137840829675,0.7772382206091525
5222,14.57.-16.3,565,2312,1181492846376,689410215115,2.0328186251981286,0.7771763135568239
5223,16.17.14.-29,9041,36992,18905571171360,11031783636911,2.0326590438649768,0.7771453693059455
5224,16.20.12.-27,4521,18496,3151209466784,1838833971997,2.0324994801816985,0.7771144312361112
5225,16.21.14.-31,9043,36992,18908942430048,11034224027053,2.0323399341443906,0.777083499345462
5226,16.23.10.-25,133,544,4727657014848,2758861055531,2.0321804057491497,0.7770525736321399
5227,16.24.12.-29,9045,36992,6304104562912,3678888139065,2.0320208949920753,0.7770216540942876
5228,16.26.8.-23,4523,18496,9456999659040,5518942306133,2.031861401869268,0.7769907407300483
5229,16.27.10.-27,9047,36992,18915684947424,11039104807337,2.0317019263768277,0.7769598335375658
5230,16.31.-14.13,1131,4624,788223774032,460013541767,2.0315424685108585,0.7769289325149855
5231,16.32.-12.9,9049,36992,18919056206112,11041545197479,2.0313830282674634,0.7768980376604527
5232,16.33.-10.5,4525,18496,9460370917728,5521382696275,2.0312236056427486,0.7768671489721135
5233,16.34.-8.1,9051,36992,6307475821600,3681328529207,2.0310642006328203,0.7768362664481154
5234,16.35.-14.11,2263,9248,4731028273536,2761301445673,2.030904813233786,0.776805390086606
5235,16.35.2.-17,9053,36992,18925798723488,11046425977763,2.030745443441756,0.7767745198857339
5236,16.36.-12.7,4527,18496,3154580725472,1841274362139,2.0305860912528395,0.7767436558436485
5237,16.36.4.-21,9055,36992,18929169982176,11048866367905,2.0304267566631484,0.7767127979584997
5238,16.37.-10.3,283,1156,591589237860,345315205093,2.0302674396687963,0.7766819462284382
5239,16.37.-2.-11,9057,36992,6310847080288,3683768919349,2.0301081402658974,0.7766511006516159
5240,16.38.0.-15,9059,36992,18935912499552,11053747148189,2.0297895942189226,0.7765894279502978
5241,16.40.-4.-9,2265,9248,1578133177408,921247278605,2.0296303475670814,0.7765586008221089
5242,16.44.12.-39,533,2176,18939283758240,11056187538331,2.0294711184911636,0.7765277798397728
5243,16.45.14.-43,4531,18496,9470484693792,5528703866701,2.0293119069872896,0.7764969650014444
5244,16.46.8.-33,9063,36992,6314218338976,3686209309491,2.0291527130515816,0.7764661563052797
5245,16.47.10.-37,1133,4624,2368042580784,1382481015443,2.0289935366801632,0.7764353537494357
5246,16.48.12.-41,9065,36992,18946026275616,11061068318615,2.0288343778691584,0.7764045573320696
5247,16.49.14.-45,4533,18496,3157951984160,1843714752281,2.0286752366146934,0.7763737670513399
5248,16.54.-8.-9,9067,36992,18949397534304,11063508708757,2.0285161129128957,0.7763429829054052
5249,16.56.-12.-3,2267,9248,4737770790912,2766182225957,2.028357006759893,0.7763122048924253
5250,16.57.-10.-7,9069,36992,6317589597664,3688649699633,2.0281979181518155,0.7762814330105607
5251,16.59.-14.-1,4535,18496,9477227211168,5533584646985,2.028038847084794,0.7762506672579725
5252,16.60.-12.-5,9071,36992,18956140051680,11068389489041,2.0278797935549613,0.776219907632823
5253,16.63.-14.-3,567,2312,394954701688,230616868419,2.0277207575584497,0.7761891541332743
5254,2.-1.-16.29,4537,18496,9480598469856,5536025037127,2.0274027381499344,0.7761276655036341
5255,2.-11.12.-15,2269,9248,4741142049600,2768622616099,2.027084788828341,0.7760662013543681
5256,2.-12.10.-11,267,1088,3161323242848,1846155142423,2.0267669095627854,0.776004761670804
5257,2.-14.14.-17,1135,4624,2371413839472,1384921405585,2.0264491003224014,0.7759433464382811
5258,2.-17.16.-19,4541,18496,9487340987232,5540905817411,2.0261313610763447,0.7758819556421506
5259,2.-18.14.-15,2271,9248,1581504436096,923687668747,2.025813691793791,0.7758205892677755
5260,2.-2.-10.19,4543,18496,9490712245920,5543346207553,2.025496092443936,0.7757592473005306
5261,2.-4.-14.27,71,289,148318716801,86633850041,2.025178562995997,0.7756979297258019
5262,2.-8.10.-13,4545,18496,3164694501536,1848595532565,2.024861103419209,0.7756366365289876
5263,2.0.-14.25,2273,9248,4747884566976,2773503396383,2.024543713682831,0.7755753676954977
5264,2.1.-12.21,4547,18496,9497454763296,5548226987837,2.024226393756139,0.7755141232107534
5265,2.10.14.-29,1137,4624,791595032720,462453931909,2.023909143608431,0.7754529030601881
5266,2.10.6.-15,4549,18496,9500826021984,5550667377979,2.0235919632090247,0.7753917072292464
5267,2.11.16.-33,2275,9248,4751255825664,2775943786525,2.023274852527258,0.7753305357033848
5268,2.11.8.-19,4551,18496,3168065760224,1851035922707,2.022957811532489,0.7752693884680715
5269,2.12.10.-23,569,2312,1188235363752,694290995399,2.022640840194097,0.775208265508786
5270,2.13.12.-27,4553,18496,9507568539360,5555548158263,2.0223239384814797,0.7751471668110199
5271,2.14.14.-31,2277,9248,1584875694784,926128058889,2.0220071063640566,0.7750860923602759
5272,2.15.-8.7,4555,18496,9510939798048,5557988548405,2.0216903438112657,0.7750250421420686
5273,2.16.-6.3,67,272,2378156356848,1389802185869,2.021373650792567,0.7749640161419239
5274,2.18.-10.9,4557,18496,3171437018912,1853476312849,2.0210570272774393,0.77490301434538
5275,2.19.-8.5,2279,9248,4757998343040,2780824566809,2.0207404732353815,0.7748420367379856
5276,2.2.-10.17,4559,18496,9517682315424,5562869328689,2.0204239886359137,0.7747810833053016
5277,2.21.-12.11,285,1156,198320165516,115918531745,2.0201075734485747,0.7747201540329004
5278,2.22.-10.7,4561,18496,9521053574112,5565309718831,2.019791227642924,0.7746592489063658
5279,2.24.-14.13,2281,9248,4761369601728,2783264956951,2.0194749511885415,0.7745983679112933
5280,2.25.-12.9,4563,18496,3174808277600,1855916702991,2.019158744055026,0.7745375110332894
5281,2.27.-16.15,1141,4624,2381527615536,1392242576011,2.0188426062119973,0.7744766782579724
5282,2.28.-14.11,4565,18496,9527796091488,5570190499115,2.0185265376290946,0.7744158695709724
5283,2.7.8.-17,2283,9248,1588246953472,928568449031,2.0182105382759774,0.7743550849579304
5284,2.8.10.-21,4567,18496,9531167350176,5572630889257,2.0178946081223246,0.7742943244044993
5285,2.9.12.-25,571,2312,1191606622440,696731385541,2.017578747137836,0.7742335878963433
5286,4.-12.16.-21,4569,18496,3178179536288,1858357093133,2.0172629552922303,0.7741728754191377
5287,4.-13.14.-17,2285,9248,4768112119104,2788145737235,2.0169472325552467,0.7741121869585698
5288,4.-6.12.-17,4571,18496,9537909867552,5577511669541,2.016631578896644,0.7740515225003376
5289,4.-7.10.-13,1143,4624,794966291408,464894322051,2.0163159942862006,0.7739908820301514
5290,4.-9.14.-19,269,1088,9541281126240,5579952059683,2.0160004786937153,0.773930265533732
5291,4.1.-14.25,2287,9248,4771483377792,2790586127377,2.015685032089006,0.7738696729968123
5292,4.13.10.-23,4575,18496,3181550794976,1860797483275,2.0153696544419115,0.7738091044051357
5293,4.15.6.-17,143,578,298323062946,174487895153,2.0150543457222896,0.7737485597444579
5294,4.16.16.-35,4577,18496,9548023643616,5584832839967,2.0147391059000173,0.7736880390005454
5295,4.16.8.-21,2289,9248,1591618212160,931008839173,2.014423934944992,0.7736275421591762
5296,4.17.10.-25,4579,18496,9551394902304,5587273230109,2.014108832827132,0.7735670692061394
5297,4.19.14.-33,1145,4624,2388270132912,1397123356295,2.0137937995163724,0.7735066201272355
5298,4.21.-6.1,4581,18496,3184922053664,1863237873417,2.013478834982671,0.7734461949082767
5299,4.23.-10.7,2291,9248,4778225895168,2795466907661,2.0131639391960037,0.7733857935350857
5300,4.24.-8.3,4583,18496,9558137419680,5592154010393,2.012849112126366,0.7733254159934971
5301,4.27.-10.5,573,2312,398325960376,233057258561,2.012534353743774,0.7732650622693567
5302,4.3.-10.17,4585,18496,9561508678368,5594594400535,2.012219664018262,0.7732047323485212
5303,4.32.-16.13,2293,9248,4781597153856,2797907297803,2.0119050429198855,0.7731444262168587
5304,4.33.-14.9,4587,18496,3188293312352,1865678263559,2.011590490418718,0.7730841438602487
5305,4.4.-16.27,1147,4624,2391641391600,1399563746437,2.0112760064848536,0.7730238852645817
5306,4.5.-14.23,4589,18496,9568251195744,5599475180819,2.010961591088406,0.7729636504157595
5307,4.6.-12.19,135,544,1594989470848,933449229315,2.0106472441995087,0.7729034392996954
5308,6.-1.12.-19,4591,18496,9571622454432,5601915570961,2.010332965788313,0.7728432519023131
5309,6.-2.10.-15,287,1156,598331755236,350195985377,2.010018755824991,0.7727830882095479
5310,6.-8.14.-19,4593,18496,3191664571040,1868118653701,2.009704614279735,0.7727229482073467
5311,6.11.-12.17,2297,9248,4788339671232,2802788078087,2.009390541122755,0.7726628318816671
5312,6.18.10.-25,4595,18496,9578364971808,5606796351245,2.0090765363242817,0.7726027392184774
5313,6.19.12.-29,1149,4624,798337550096,467334712193,2.0087625998545655,0.772542670203758
5314,6.20.6.-19,4597,18496,9581736230496,5609236741387,2.008448731683875,0.7724826248234996
5315,6.21.16.-37,2299,9248,4791710929920,2805228468229,2.008134931782499,0.7724226030637046
5316,6.21.8.-23,4599,18496,3195035829728,1870559043843,2.007821200120745,0.772362604910386
5317,6.22.10.-27,575,2312,1198349139816,701612165825,2.007507536668941,0.772302630349568
5318,6.26.-6.-1,4601,18496,9588478747872,5614117521671,2.007193941397434,0.7722426793672863
5319,6.28.-10.5,2301,9248,1598360729536,935889619457,2.0068804142765893,0.7721827519495871
5320,6.29.-8.1,4603,18496,9591850006560,5616557911813,2.006566955276792,0.7721228480825277
5321,6.31.-12.7,1151,4624,2398383908976,1404444526721,2.0062535643684485,0.772062967752177
5322,6.32.-10.3,4605,18496,3198407088416,1872999433985,2.005940241521981,0.7720031109446144
5323,6.37.-16.11,2303,9248,4798453447296,2810109248513,2.005626986707833,0.7719432776459303
5324,6.6.-14.23,271,1088,9598592523936,5621438692097,2.005313799896468,0.7718834678422264
5325,6.8.-10.15,72,289,50001448715,29284681704,2.0050006810583665,0.7718236815196151
5326,8.-3.14.-21,4609,18496,9601963782624,5623879082239,2.00468763016403,0.7717639186642199
5327,8.11.-14.21,2305,9248,4801824705984,2812549638655,2.0043746471839783,0.7717041792621756
5328,8.13.-10.13,4611,18496,3201778347104,1875439824127,2.0040617320887515,0.7716444632996275
5329,8.16.-12.15,1153,4624,2401755167664,1406884916863,2.003748884848907,0.7715847707627321
5330,8.18.0.-7,2307,9248,1601731988224,938330009599,2.003123393817696,0.7714654559105792
5331,8.23.10.-27,4615,18496,9612077558688,5631200252665,2.002810749967542,0.7714058335676893
5332,8.24.12.-31,577,2312,1201720398504,704052555967,2.0024981738551966,0.7713462345951869
5333,8.25.6.-21,4617,18496,3205149605792,1877880214269,2.0021856654513126,0.7712866589792833
5334,8.26.16.-39,2309,9248,4808567223360,2817430418939,2.001873224726564,0.7712271067062
5335,8.26.8.-25,4619,18496,9618820076064,5636081032949,2.001560851651642,0.7711675777621698
5336,8.27.10.-29,1155,4624,801708808784,469775102335,2.001248546197259,0.7711080721334366
5337,8.3.10.-17,4621,18496,9622191334752,5638521423091,2.0009363083341447,0.7710485898062546
5338,8.31.-6.-3,2311,9248,4811938482048,2819870809081,2.000624138033048,0.7709891307668891
5339,8.33.-10.3,4623,18496,3208520864480,1880320604411,2.0003120352647374,0.7709296950016166
5340,8.34.-8.-1,1,4,601703013924,352636375519,2.0,0.7708702824967237
5341,8.36.-12.5,4625,18496,9628933852128,5643402203375,1.9996880322096422,0.7708108932385086
5342,8.37.-10.1,2313,9248,1605103246912,940770399741,1.9993761318644883,0.7707515272132794
5343,8.4.12.-21,4627,18496,9632305110816,5645842593517,1.999064298935383,0.7706921844073558
5344,8.42.-16.9,1157,4624,2408497685040,1411765697147,1.998752533393189,0.7706328648070678
5345,-11.-30.-1.14,2315,9248,4818680590128,2824751589365,1.99812920435308,0.7705141726270788
5346,-11.-31.1.11,579,2312,401697150848,235497648703,1.9975061445114424,0.7703955731915554
5347,-15.-40.-1.18,2317,9248,4822051030224,2827191979507,1.996883353635857,0.7702770663914366
5348,-15.-41.1.15,1159,4624,2411868125136,1414206087289,1.996260831494207,0.7701586521178316
5349,11.30.1.-14,2319,9248,1608473823440,943210789883,1.9956385778546752,0.7700403302620218
5350,11.31.-1.-11,145,578,301694168148,176928285295,1.9950165924857444,0.7699221007154589
5351,15.40.1.-18,2321,9248,4828791910416,2832072759791,1.9943948751561966,0.7698039633697653
5352,15.41.-1.-15,1161,4624,805079521744,472215492477,1.9937734256351123,0.7696859181167339
5353,-4.-14.-4.13,2323,9248,4832156194736,2834513149933,1.9931522436918712,0.769566126972751
5354,-4.-18.4.1,581,2312,172636973536,101276190893,1.99253132909615,0.7694464289846596
5355,-8.-12.12.-17,2325,9248,322367621552,189130236005,1.9919106816179226,0.7693268240434264
5356,-8.-21.-6.19,1163,4624,2418596693776,1419086867573,1.9912903010274605,0.7692073120401887
5357,-8.-27.6.1,2327,9248,4838872451824,2839393930217,1.9906701870953303,0.7690878928662532
5358,-8.0.-12.19,291,1156,201689646504,118358921887,1.9900503395923947,0.7689685664130983
5359,4.14.4.-13,137,544,4842230580368,2841834320359,1.9894307582898128,0.7688493325723705
5360,4.18.-4.-1,1165,4624,484390964464,284305451543,1.9888114429590362,0.768730191235887
5361,8.0.12.-19,2331,9248,230742319472,135441652881,1.9881923933718126,0.7686111422956332
5362,8.12.-12.17,583,2312,1211816943296,711373726393,1.9875736093001823,0.7684921856437636
5363,8.21.6.-19,2333,9248,4848946837456,2846715100643,1.9869550905164797,0.7683733211726013
5364,8.27.-6.-1,1167,4624,808437650288,474655882619,1.9863368367933307,0.7682545487746366
5365,-7.-16.-5.15,9339,36992,19407537876992,11395401768069,1.985873320310343,0.768165312567678
5366,-7.-21.5.0,4671,18496,9706286073536,5699531176641,1.9854099527004856,0.768076128159008
5367,-9.-19.-5.16,9345,36992,6472535472384,3800907646165,1.9849467338681586,0.767986995503369
5368,-9.-24.5.1,2337,9248,4855660171808,2851595880927,1.9844836637178533,0.7678979145555562
5369,7.16.5.-15,9351,36992,19427674957312,11410044108921,1.9840207421541547,0.7678088852704179
5370,7.21.-5.0,4677,18496,3238784871232,1902284115689,1.9835579690817378,0.7677199076028546
5371,9.19.5.-16,9357,36992,19437743497472,11417365279347,1.9830953444053707,0.7676309815078199
5372,9.24.-5.-1,585,2312,1215173610472,713814116535,1.982632868029912,0.7675421069403203
5373,-15.-32.-9.28,18727,73984,38897286303648,22850593094617,1.9820934995676132,0.767437896703987
5374,-15.-33.-7.25,551,2176,19454508536096,11429567230057,1.9815543326791818,0.76733375682489
5375,-15.-40.7.4,18741,73984,38920747840736,22867675825611,1.981015367214009,0.7672296872315302
5376,-15.-41.9.1,4687,18496,9733119652320,5719054297777,1.9804766030216545,0.7671256878525053
5377,-17.-40.-7.28,18755,73984,38944209377824,22884758556605,1.9799380399518467,0.7670217586165106
5378,-17.-47.7.7,9381,36992,19477970073184,11446649961051,1.9793996778544822,0.7669178994523378
5379,15.32.9.-28,18769,73984,38967670914912,22901841287599,1.9788615165796253,0.7668141102888756
5380,15.33.7.-25,2347,9248,4872425210432,2863797831637,1.9783235559775085,0.7667103910551094
5381,15.40.-7.-4,18783,73984,38991132452000,22918924018593,1.9777857958985314,0.7666067416801204
5382,15.41.-9.-1,9395,36992,19501431610272,11463732692045,1.9772482361932608,0.7665031620930868
5383,17.40.7.-28,18797,73984,39014593989088,22936006749587,1.976710876712431,0.766399652223282
5384,17.47.-7.-7,4701,18496,9756581189408,5736137028771,1.9761737173069422,0.766296212000076
5385,-10.-23.0.9,9407,36992,19521539183008,11478375032897,1.975406693501917,0.7661483897551125
5386,-14.-33.0.13,2353,9248,4882478996800,2871119002063,1.9746400772763815,0.7660007094436923
5387,10.23.0.-9,9417,36992,19538292791392,11490576983607,1.9738738681974075,0.7658531708607211
5388,14.33.0.-13,4711,18496,9773334797792,5748338979481,1.9731080658327576,0.7657057738015023
5389,-10.-27.0.11,9431,36992,19561736396576,11507659714601,1.971730645119415,0.7654399708898666
5390,10.27.0.-11,295,1156,611775099924,359957545945,1.970354538251475,0.7651746259651359
5391,-1.-1.-17.30,4721,18496,9790074097984,5760540930191,1.9700489148966855,0.765115488224954
5392,-1.-18.17.-21,2361,9248,4895873298592,2880880562631,1.9697433562720363,0.7650563731098394
5393,-1.15.3.-13,4723,18496,9793419096384,5762981320333,1.9694378623501136,0.764997280606761
5394,-1.18.-3.-4,1181,4624,2448772898896,1441050378851,1.9691324331035216,0.7649382107026974
5395,-10.-12.6.-7,4725,18496,9796764094784,5765421710475,1.9688270685048814,0.7648791633846382
5396,-10.-18.-10.24,139,544,4899218296992,2883320952773,1.9685217685268321,0.7648201386395822
5397,-10.-21.16.-20,4727,18496,9800109093184,5767862100617,1.968216533142029,0.7647611364545386
5398,-10.-23.-12.30,591,2312,1225222699048,721135286961,1.9679113623231463,0.7647021568165262
5399,-10.-28.10.-6,4729,18496,9803454091584,5770302490759,1.9676062560428744,0.7646431997125742
5400,-10.-29.20.-23,2365,9248,4902563295392,2885761342915,1.9673012142739212,0.7645842651297216
5401,-10.-32.-2.17,4731,18496,9806799089984,5772742880901,1.9669962369890124,0.7645253530550177
5402,-10.-34.2.11,1183,4624,2452117897296,1443490768993,1.9666913241608905,0.764466463475521
5403,-10.-35.12.-6,4733,18496,9810144088384,5775183271043,1.9663864757623153,0.7644075963783008
5404,-10.-5.-16.28,2367,9248,4905908293792,2888201733057,1.966081691766064,0.764348751750436
5405,-10.-6.-6.11,4735,18496,9813489086784,5777623661185,1.9657769721449314,0.7642899295790153
5406,-10.-9.-20.37,74,289,153361899781,90294435254,1.9654723168717292,0.7642311298511376
5407,-11.-12.3.-2,4737,18496,9816834085184,5780064051327,1.9651677259192857,0.7641723525539115
5408,-11.-18.-13.29,2369,9248,4909253292192,2890642123199,1.9648631992604475,0.7641135976744553
5409,-11.-31.13.-10,4739,18496,9820179083584,5782504441469,1.9645587368680781,0.764054865199898
5410,-11.-9.-3.7,1185,4624,2455462895696,1445931159135,1.9642543387150573,0.7639961551173775
5411,-12.-11.-10.20,4741,18496,9823524081984,5784944831611,1.9639500047742833,0.7639374674140421
5412,-12.-12.0.3,279,1088,9826869080384,5787385221753,1.963341529421152,0.7638201590935699
5413,-12.-18.-16.34,593,2312,1228567697448,723575677103,1.963037387954675,0.7637615384507784
5414,-12.-21.10.-10,4745,18496,9830214078784,5789825611895,1.9627333105922071,0.7637029401358639
5415,-12.-31.-14.37,2373,9248,4915943288992,2895522903483,1.962429297306731,0.7636443641360238
5416,-12.-34.16.-14,4747,18496,9833559077184,5792266002037,1.9621253480712466,0.7635858104384653
5417,-12.-45.14.-5,1187,4624,2458807894096,1448371549277,1.961821462858772,0.7635272790304055
5418,-13.-14.-7.16,4749,18496,9836904075584,5794706392179,1.9615176416423417,0.7634687698990716
5419,-13.-21.7.-5,2375,9248,4919288287392,2897963293625,1.9612138843950064,0.7634102830317002
5420,-13.-32.-11.32,4751,18496,9840249073984,5797146782321,1.960910191089835,0.7633518184155377
5421,-13.-34.-11.33,297,1156,615120098324,362397936087,1.960606561699913,0.7632933760378405
5422,-13.-43.11.-1,4753,18496,9843594072384,5799587172463,1.9603029961983431,0.7632349558858746
5423,-13.-45.11.0,2377,9248,4922633285792,2900403683767,1.959999494558244,0.763176557946916
5424,-14.-17.-4.12,4755,18496,9846939070784,5802027562605,1.959696056752753,0.7631181822082501
5425,-14.-21.4.0,1189,4624,2462152892496,1450811939419,1.959392682755023,0.7630598286571721
5426,-14.-41.-4.24,4757,18496,9850284069184,5804467952747,1.9590893725382241,0.7630014972809874
5427,-14.-45.4.12,2379,9248,4925978284192,2902844073909,1.9587861260755441,0.7629431880670103
5428,-16.-42.-12.38,4759,18496,9853629067584,5806908342889,1.9584829433401867,0.7628849010025657
5429,-16.-54.12.2,35,136,1231912695848,726016067245,1.9581798243053732,0.7628266360749875
5430,-18.-48.-6.30,4761,18496,9856974065984,5809348733031,1.9578767689443406,0.7627683932716195
5431,-18.-50.-6.31,2381,9248,4929323282592,2905284464051,1.9575737772303448,0.7627101725798153
5432,-18.-54.6.12,4763,18496,9860319064384,5811789123173,1.9572708491366568,0.7626519739869384
5433,-18.-56.6.13,1191,4624,2465497890896,1453252329561,1.9569679846365649,0.7625937974803613
5434,-19.-51.-3.26,4765,18496,9863664062784,5814229513315,1.9566651837033746,0.7625356430474665
5435,-19.-54.3.17,2383,9248,4932668280992,2907724854193,1.956362446310408,0.7624775106756463
5436,-2.-7.16.-25,4767,18496,9867009061184,5816669903457,1.9560597724310034,0.7624194003523025
5437,-2.16.-10.9,149,578,308396298762,181809065579,1.9557571620385172,0.7623613120648467
5438,-2.6.10.-21,4769,18496,9870354059584,5819110293599,1.9554546151063215,0.7623032458006996
5439,-2.9.-16.23,2385,9248,4936013279392,2910165244335,1.955152131607805,0.762245201547292
5440,-20.-54.0.22,1193,4624,2468842889296,1455692719703,1.9545473548054508,0.7621291790224662
5441,-22.-59.-4.31,4773,18496,9877044056384,5823991073883,1.954245061448475,0.7620712007259571
5442,-22.-63.4.19,2387,9248,4939358277792,2912605634477,1.9539428314189022,0.7620132443900061
5443,-3.-10.19.-29,4775,18496,9880389054784,5826431464025,1.9536406646902054,0.7619553100020917
5444,-3.-16.11.-12,597,2312,1235257694248,728456457387,1.9533385612358738,0.7618973975497019
5445,-3.-18.11.-11,281,1088,9883734053184,5828871854167,1.9530365210294132,0.7618395070203345
5446,-3.-28.-5.22,2389,9248,4942703276192,2915046024619,1.9527345440443464,0.7617816384014967
5447,-3.-33.5.7,4779,18496,9887079051584,5831312244309,1.9524326302542128,0.7617237916807051
5448,-3.-5.-11.21,1195,4624,2472187887696,1458133109845,1.952130779632568,0.7616659668454863
5449,-3.-7.-11.22,4781,18496,9890424049984,5833752634451,1.951828992152984,0.7616081638833753
5450,-3.12.3.-12,2391,9248,4946048274592,2917486414761,1.951527267789051,0.7615503827819179
5451,-3.13.-7.5,4783,18496,9893769048384,5836193024593,1.9512256065143734,0.7614926235286685
5452,-3.15.-3.-3,299,1156,618465096724,364838326229,1.9509240083025736,0.7614348861111918
5453,-3.6.7.-16,4785,18496,9897114046784,5838633414735,1.950622473127291,0.761377170517061
5454,-3.9.-19.28,2393,9248,4949393272992,2919926804903,1.9503210009621799,0.7613194767338594
5455,-4.-13.22.-33,4787,18496,9900459045184,5841073804877,1.9500195917809122,0.7612618047491796
5456,-4.-27.18.-19,1197,4624,2475532886096,1460573499987,1.9497182455571769,0.7612041545506234
5457,-4.-31.-2.18,4789,18496,9903804043584,5843514195019,1.9494169622646778,0.7611465261258026
5458,-4.-33.2.12,2395,9248,4952738271392,2922367195045,1.9491157418771363,0.7610889194623381
5459,-4.-9.-18.35,4791,18496,9907149041984,5845954585161,1.94881458436829,0.76103133454786
5460,-4.10.-4.1,599,2312,1238602692648,730896847529,1.9485134897118932,0.7609737713700078
5461,-4.6.4.-11,4793,18496,9910494040384,5848394975303,1.9482124578817162,0.7609162299164312
5462,-4.9.-22.33,141,544,4956083269792,2924807585187,1.9479114888515456,0.7608587101747883
5463,-5.-15.15.-20,4795,18496,9913839038784,5850835365445,1.9476105825951857,0.760801212132747
5464,-5.-3.11.-19,1199,4624,2478877884496,1463013890129,1.9473097390864553,0.7607437357779847
5465,-5.0.-15.25,4797,18496,9917184037184,5853275755587,1.9470089582991907,0.7606862810981881
5466,-5.8.-11.14,2399,9248,4959428268192,2927247975329,1.9467082402072442,0.7606288480810529
5467,-6.-12.18.-27,4799,18496,9920529035584,5855716145729,1.946407584784485,0.7605714367142845
5468,-6.-15.-12.27,75,289,155034398981,91514630325,1.946106992004798,0.7605140469855977
5469,-6.-18.18.-24,4801,18496,9923874033984,5858156535871,1.9458064618420843,0.7604566788827163
5470,-6.-27.12.-9,2401,9248,4962773266592,2929688365471,1.9455059942702624,0.760399332393374
5471,-6.-3.8.-14,4803,18496,9927219032384,5860596926013,1.9452055892632658,0.7603420075053128
5472,-6.-36.-6.27,1201,4624,2482222882896,1465454280271,1.9449052467950445,0.760284704206285
5473,-6.-42.6.9,4805,18496,9930564030784,5863037316155,1.944604966839566,0.7602274224840517
5474,-6.0.-18.30,2403,9248,4966118264992,2932128755613,1.9443047493708125,0.7601701623263833
5475,-6.5.-8.10,4807,18496,9933909029184,5865477706297,1.9440045943627833,0.76011292372106
5476,-6.6.-18.27,601,2312,1241947691048,733337237671,1.9437045017894934,0.7600557066558702
5477,-7.-14.-13.28,4809,18496,9937254027584,5867918096439,1.9434044716249745,0.7599985111186124
5478,-7.-21.21.-28,2405,9248,4969463263392,2934569145755,1.9431045038432746,0.7599413370970944
5479,-7.-23.-3.15,283,1088,9940599025984,5870358486581,1.942804598418457,0.7598841845791328
5480,-7.-26.3.6,1203,4624,2485567881296,1467894670413,1.9425047553246024,0.7598270535525534
5481,-7.-27.13.-11,4813,18496,9943944024384,5872798876723,1.9422049745358065,0.7597699440051916
5482,-7.-3.5.-9,2407,9248,4972808261792,2937009535897,1.9419052560261818,0.7597128559248918
5483,-7.0.-21.35,4815,18496,9947289022784,5875239266865,1.9416055997698571,0.7596557892995079
5484,-7.2.-5.6,301,1156,621810095124,367278716371,1.9413060057409768,0.7595987441169023
5485,-8.-21.22.-30,4817,18496,9950634021184,5877679657007,1.9410064739137016,0.7595417203649473
5486,-8.-23.14.-15,2409,9248,4976153260192,2939449926039,1.940707004262208,0.759484718031524
5487,-8.-9.-14.27,4819,18496,9953979019584,5880120047149,1.9404075967606895,0.7594277371045226
5488,-8.1.-22.36,1205,4624,2488912879696,1470335060555,1.940108251383355,0.759370777571843
5489,-9.-2.-19.32,4821,18496,9957324017984,5882560437291,1.9398089681044288,0.7593138394213935
5490,-9.-21.19.-25,2411,9248,4979498258592,2941890316181,1.9395097468981526,0.7592569226410922
5491,-9.-23.-13.32,4823,18496,9960669016384,5885000827433,1.9392105877387835,0.7592000272188659
5492,-9.-26.17.-19,603,2312,1245292689448,735777627813,1.938911490600594,0.7591431531426509
5493,-9.-36.13.-7,4825,18496,9964014014784,5887441217575,1.9386124554578736,0.7590863004003919
5494,-9.-9.-17.32,2413,9248,4982843256992,2944330706323,1.9383134822849275,0.7590294689800439
5495,0.-15.-6.18,4827,18496,9967359013184,5889881607717,1.9380145710560766,0.7589726588695698
5496,0.-18.20.-26,71,272,2492257878096,1472775450697,1.9377157217456573,0.758915870056942
5497,0.-2.20.-34,4829,18496,9970704011584,5892321997859,1.9374169343280234,0.7588591025301425
5498,0.-20.-4.17,2415,9248,4986188255392,2946771096465,1.9371182087775434,0.7588023562771617
5499,0.-21.6.0,4831,18496,9974049009984,5894762388001,1.9368195450686019,0.7587456312859996
5500,0.-24.4.5,151,578,311741297162,184249455721,1.9365209431755999,0.7586889275446645
5501,0.15.6.-18,4833,18496,9977394008384,5897202778143,1.936222403072954,0.7586322450411745
5502,0.18.-20.26,2417,9248,4989533253792,2949211486607,1.9359239247350963,0.7585755837635565
5503,0.2.-20.34,4835,18496,9980739006784,5899643168285,1.9356255081364753,0.7585189436998463
5504,0.20.4.-17,1209,4624,2495602876496,1475215840839,1.9353271532515552,0.7584623248380888
5505,0.21.-6.0,4837,18496,9984084005184,5902083558427,1.9350288600548162,0.7584057271663383
5506,0.24.-4.-5,2419,9248,4992878252192,2951651876749,1.9347306285207537,0.758349150672657
5507,1.-15.-3.13,4839,18496,9987429003584,5904523948569,1.93443245862388,0.7582925953451173
5508,1.-18.3.4,605,2312,1248637687848,738218017955,1.934134350338722,0.7582360611718001
5509,1.1.17.-30,4841,18496,9990774001984,5906964338711,1.933836303639823,0.7581795481407955
5510,1.18.-17.21,2421,9248,4996223250592,2954092266891,1.9335383185017423,0.7581230562402018
5511,10.12.-6.7,4843,18496,9994119000384,5909404728853,1.9332403948990544,0.7580665854581272
5512,10.18.10.-24,1211,4624,2498947874896,1477656230981,1.9329425328063503,0.7580101357826885
5513,10.21.-16.20,285,1088,9997463998784,5911845118995,1.9326447321982354,0.7579537072020114
5514,10.23.12.-30,2423,9248,4999568248992,2956532657033,1.9323469930493324,0.7578972997042305
5515,10.28.-10.6,4847,18496,10000808997184,5914285509137,1.9320493153342788,0.7578409132774895
5516,10.29.-20.23,303,1156,625155093524,369719106513,1.9317516990277277,0.7577845479099408
5517,10.32.2.-17,4849,18496,10004153995584,5916725899279,1.931454144104349,0.7577282035897459
5518,10.34.-2.-11,2425,9248,5002913247392,2958973047175,1.9311566505388265,0.7576718803050752
5519,10.35.-12.6,4851,18496,10007498993984,5919166289421,1.9308592183058608,0.757615578044108
5520,10.5.16.-28,1213,4624,2502292873296,1480096621123,1.9305618473801684,0.757559296795032
5521,10.6.6.-11,4853,18496,10010843992384,5921606679563,1.9302645377364809,0.7575030365460447
5522,10.9.20.-37,2427,9248,5006258245792,2961413437317,1.9299672893495452,0.7574467972853517
5523,11.12.-3.2,4855,18496,10014188990784,5924047069705,1.929670102194124,0.7573905790011678
5524,11.18.13.-29,607,2312,1251982686248,740658408097,1.9293729762449967,0.7573343816817165
5525,11.31.-13.10,4857,18496,10017533989184,5926487459847,1.929075911476957,0.7572782053152303
5526,11.9.3.-7,2429,9248,5009603244192,2963853827459,1.9287789078648137,0.7572220498899505
5527,12.11.10.-20,4859,18496,10020878987584,5928927849989,1.9284819653833931,0.7571659153941273
5528,12.12.0.-3,4861,18496,10024223985984,5931368240131,1.927888263712097,0.7570537091438944
5529,12.18.16.-34,143,544,5012948242592,2966294217601,1.92759150447195,0.7569976373660291
5530,12.21.-10.10,4863,18496,10027568984384,5933808630273,1.927294806261981,0.7569415864707089
5531,12.31.14.-37,76,289,156706898181,92734825396,1.9269981690570934,0.7568855564462278
5532,12.34.-16.14,4865,18496,10030913982784,5936249020415,1.9267015928322049,0.7568295472808886
5533,12.45.-14.5,2433,9248,5016293240992,2968734607743,1.9264050775622497,0.7567735589630029
5534,13.14.7.-16,4867,18496,10034258981184,5938689410557,1.9261086232221767,0.7567175914808913
5535,13.21.-7.5,1217,4624,2508982870096,1484977401407,1.9258122297869502,0.7566616448228831
5536,13.32.11.-32,4869,18496,10037603979584,5941129800699,1.9255158972315511,0.7566057189773159
5537,13.34.11.-33,2435,9248,5019638239392,2971174997885,1.9252196255309744,0.7565498139325365
5538,13.43.-11.1,4871,18496,10040948977984,5943570190841,1.9249234146602305,0.7564939296769003
5539,13.45.-11.0,609,2312,1255327684648,743098798239,1.9246272645943463,0.7564380661987716
5540,14.17.4.-12,4873,18496,10044293976384,5946010580983,1.9243311753083632,0.7563822234865228
5541,14.21.-4.0,2437,9248,5022983237792,2973615388027,1.9240351467773382,0.7563264015285358
5542,14.41.4.-24,4875,18496,10047638974784,5948450971125,1.9237391789763434,0.7562706003132007
5543,14.45.-4.-12,1219,4624,2512327868496,1487417791549,1.9234432718804668,0.7562148198289164
5544,16.42.12.-38,4877,18496,10050983973184,5950891361267,1.9231474254648113,0.7561590600640905
5545,16.54.-12.-2,2439,9248,5026328236192,2976055778169,1.9228516397044948,0.7561033210071394
5546,18.48.6.-30,287,1088,10054328971584,5953331751409,1.9225559145746516,0.7560476026464878
5547,18.50.6.-31,305,1156,628500091924,372159496655,1.9222602500504302,0.7559919049705693
5548,18.54.-6.-12,4881,18496,10057673969984,5955772141551,1.921964646106995,0.7559362279678263
5549,18.56.-6.-13,2441,9248,5029673234592,2978496168311,1.921669102719525,0.7558805716267099
5550,19.51.3.-26,4883,18496,10061018968384,5958212531693,1.9213736198632152,0.7558249359356789
5551,19.54.-3.-17,1221,4624,2515672866896,1489858181691,1.9210781975132758,0.7557693208832023
5552,2.-16.10.-9,4885,18496,10064363966784,5960652921835,1.920782835644931,0.755713726457756
5553,2.-6.-10.21,2443,9248,5033018232992,2980936558453,1.9204875342334224,0.7556581526478259
5554,2.-9.16.-23,4887,18496,10067708965184,5963093311977,1.920192293254005,0.7556025994419058
5555,2.7.-16.25,611,2312,1258672683048,745539188381,1.919897112681949,0.7555470668284984
5556,20.54.0.-22,2445,9248,5036363231392,2983376948595,1.9193069326610828,0.755436063333274
5557,22.59.4.-31,4891,18496,10074398961984,5967974092261,1.9190119331628892,0.7553805924285051
5558,22.63.-4.-19,1223,4624,2519017865296,1492298571833,1.918716993973292,0.7553251420703447
5559,3.-12.-3.12,4893,18496,10077743960384,5970414482403,1.9184221150676384,0.7552697122473383
5560,3.-13.7.-5,2447,9248,5039708229792,2985817338737,1.9181272964212892,0.7552143029480397
5561,3.-15.3.3,4895,18496,10081088958784,5972854872545,1.9178325380096213,0.7551589141610113
5562,3.-6.-7.16,9,34,315086295562,186689845863,1.917537839808027,0.7551035458748241
5563,3.-9.19.-28,4897,18496,10084433957184,5975295262687,1.9172432017919128,0.7550481980780575
5564,3.10.-19.29,2449,9248,5043053228192,2988257728879,1.9169486239367006,0.7549928707592998
5565,3.16.-11.12,4899,18496,10087778955584,5977735652829,1.9166541062178277,0.7549375639071473
5566,3.18.-11.11,1225,4624,2522362863696,1494738961975,1.916359648610746,0.7548822775102053
5567,3.28.5.-22,4901,18496,10091123953984,5980176042971,1.9160652510909224,0.7548270115570869
5568,3.33.-5.-7,2451,9248,5046398226592,2990698119021,1.9157709136338392,0.7547717660364143
5569,3.5.11.-21,4903,18496,10094468952384,5982616433113,1.9154766362149935,0.754716540936818
5570,3.7.11.-22,613,2312,1262017681448,747979578523,1.9151824188098974,0.7546613362469367
5571,4.-10.4.-1,4905,18496,10097813950784,5985056823255,1.9148882613940776,0.7546061519554179
5572,4.-6.-4.11,2453,9248,5049743224992,2993138509163,1.9145941639430768,0.7545509880509176
5573,4.-9.22.-33,4907,18496,10101158949184,5987497213397,1.9143001264324515,0.7544958445220998
5574,4.13.-22.33,1227,4624,2525707862096,1497179352117,1.9140061488377738,0.7544407213576373
5575,4.27.-18.19,4909,18496,10104503947584,5989937603539,1.9137122311346304,0.7543856185462111
5576,4.31.2.-18,2455,9248,5053088223392,2995578899305,1.9134183732986234,0.7543305360765109
5577,4.33.-2.-12,4911,18496,10107848945984,5992377993681,1.9131245753053694,0.7542754739372347
5578,4.9.18.-35,307,1156,631845090324,374599886797,1.9128308371304994,0.7542204321170886
5579,5.-8.11.-14,17,64,10111193944384,5994818383823,1.9125371587496607,0.7541654106047874
5580,5.0.15.-25,2457,9248,5056433221792,2998019289447,1.912243540138514,0.7541104093890544
5581,5.15.-15.20,4915,18496,10114538942784,5997258773965,1.9119499812727356,0.7540554284586208
5582,5.3.-11.19,1229,4624,2529052860496,1499619742259,1.911656482128017,0.7540004678022267
5583,6.-5.8.-10,4917,18496,10117883941184,5999699164107,1.9113630426800639,0.7539455274086203
5584,6.-6.18.-27,2459,9248,5059778220192,3000459679589,1.9110696629045967,0.7538906072665583
5585,6.0.18.-30,4919,18496,10121228939584,6002139554249,1.9107763427773505,0.7538357073648052
5586,6.12.-18.27,615,2312,1265362679848,750419968665,1.9104830822740766,0.7537808276921347
5587,6.15.12.-27,4921,18496,10124573937984,6004579944391,1.9101898813705396,0.7537259682373283
5588,6.18.-18.24,2461,9248,5063123218592,3002900069731,1.9098967400425189,0.7536711289891757
5589,6.27.-12.9,4923,18496,10127918936384,6007020334533,1.9096036582658098,0.7536163099364753
5590,6.3.-8.14,1231,4624,2532397858896,1502060132401,1.9093106360162215,0.7535615110680338
5591,6.36.6.-27,4925,18496,10131263934784,6009460724675,1.9090176732695778,0.7535067323726657
5592,6.42.-6.-9,2463,9248,5066468216992,3005340459873,1.9087247700017178,0.7534519738391944
5593,7.-2.5.-6,4927,18496,10134608933184,6011901114817,1.908431926188495,0.7533972354564512
5594,7.0.21.-35,77,289,158379397381,93955020467,1.9081391418057776,0.7533425172132758
5595,7.14.13.-28,4929,18496,10137953931584,6014341504959,1.9078464168294482,0.7532878190985162
5596,7.21.-21.28,145,544,5069813215392,3007780850015,1.907553751235405,0.7532331411010285
5597,7.23.3.-15,4931,18496,10141298929984,6016781895101,1.90726114499956,0.7531784832096774
5598,7.26.-3.-6,1233,4624,2535742857296,1504500522543,1.9069685980978397,0.7531238454133354
5599,7.27.-13.11,4933,18496,10144643928384,6019222285243,1.9066761105061862,0.7530692277008836
5600,7.3.-5.9,2467,9248,5073158213792,3010221240157,1.9063836822005558,0.7530146300612112
5601,8.-1.22.-36,4935,18496,10147988926784,6021662675385,1.9060913131569186,0.7529600524832156
5602,8.21.-22.30,617,2312,1268707678248,752860358807,1.9057990033512608,0.7529054949558023
5603,8.23.-14.15,4937,18496,10151333925184,6024103065527,1.9055067527595821,0.7528509574678852
5604,8.9.14.-27,2469,9248,5076503212192,3012661630299,1.905214561357897,0.7527964400083865
5605,9.2.19.-32,4939,18496,10154678923584,6026543455669,1.9049224291222346,0.7527419425662363
5606,9.21.-19.25,1235,4624,2539087855696,1506940912685,1.9046303560286388,0.7526874651303729
5607,9.23.13.-32,4941,18496,10158023921984,6028983845811,1.9043383420531679,0.752633007689743
5608,9.26.-17.19,2471,9248,5079848210592,3015102020441,1.9040463871718942,0.7525785702333014
5609,9.36.-13.7,4943,18496,10161368920384,6031424235953,1.903754491360906,0.752524152750011
5610,9.9.17.-32,309,1156,635190088724,377040276939,1.9034626545963043,0.7524697552288429
5611,-10.-21.-4.15,9891,36992,20331088384672,12068949447261,1.9030250101091353,0.752387348230888
5612,-10.-25.4.3,291,1088,10168046965088,6036305016237,1.9025874983420556,0.7523049865037654
5613,-14.-31.-4.19,9897,36992,20341099475680,12076270617687,1.9021501192145918,0.7522226700100465
5614,-14.-35.4.7,2475,9248,5086526255296,3019982800725,1.9017128726463446,0.7521403987123443
5615,10.21.4.-15,9903,36992,20351110566688,12083591788113,1.9012757585569868,0.7520581725733125
5616,10.25.-4.-3,4953,18496,10178058056096,6043626186663,1.9008387768662647,0.7519759915556468
5617,14.31.4.-19,9909,36992,20361121657696,12090912958539,1.9004019274939976,0.7518938556220838
5618,14.35.-4.-7,1239,4624,2545765900400,1511821692969,1.8999652103600773,0.751811764735401
5619,-2.1.0.-1,9929,36992,20394431305536,12115316859959,1.8974929739106245,0.7513431413930404
5620,2.-1.0.1,4973,18496,10211367703936,6068030088083,1.895024966697917,0.750875968530682
5621,-4.-11.2.1,19919,73984,40890404601792,24305065619249,1.893068081813023,0.7505053089476927
5622,-4.-9.-2.7,9973,36992,20467669193920,12169005443083,1.891113847669785,0.75013555798658
5623,4.11.-2.-1,19973,73984,40980272173888,24370956153083,1.8891622570966753,0.749766712298289
5624,4.9.2.-7,625,2312,1282037686248,762621919375,1.8872133029512295,0.7493987685502626
5625,-2.-1.4.-7,1251,4624,2565739519558,1526464033821,1.886059608334859,0.7491811142583094
5626,-2.3.-4.5,313,1156,641850916655,381921057223,1.8849068355680605,0.7489637748938889
5627,-4.-5.6.-9,1253,4624,2569067813682,1528904423963,1.8837549831788185,0.7487467497715237
5628,-4.1.-6.9,627,2312,1285365980372,765062309517,1.8826040496986398,0.7485300382077312
5629,2.-3.4.-5,1255,4624,2572396107806,1531344814105,1.8814540336625445,0.748313639521017
5630,2.1.-4.7,157,578,643515063717,383141252294,1.8803049336090518,0.7480975530318666
5631,4.-1.6.-9,1257,4624,2575724401930,1533785204247,1.8791567480801712,0.7478817780627393
5632,4.5.-6.9,37,136,1288694274496,767502699659,1.8780094756213896,0.74766631393806
5633,-6.-11.-4.11,1185,4352,13755483160704,8193609901765,1.876791497464718,0.7474357023674258
5634,-6.-15.4.-1,593,2176,20647341090176,12300786510751,1.8755745467043357,0.7472054429110329
5635,6.11.4.-11,1187,4352,41322914878592,24622316337709,1.8743586216084327,0.7469755347601204
5636,6.15.-4.1,297,1088,202701703808,120799312029,1.8731437204495738,0.7467459771084114
5637,-16.-39.-2.19,5051,18496,10341106810368,6163205303621,1.8725723560694763,0.7466378509159828
5638,-16.-41.2.13,5053,18496,10344426726528,6165645693763,1.8720012178827259,0.7465298022224556
5639,16.39.2.-19,5055,18496,3449248880896,2056028694635,1.871430305710302,0.7464218309442364
5640,16.41.-2.-13,5057,18496,10351066558848,6170526474047,1.8708596193733946,0.7463139369978532
5641,-14.-27.-12.31,10117,36992,20707112402912,12344713533307,1.8704317527178276,0.746233026198767
5642,-14.-39.12.-5,1265,4624,2589011461016,1543546764815,1.8700040129190063,0.7461521588365628
5643,-18.-45.-4.25,10123,36992,20717070973344,12352034703733,1.869576399901731,0.746071334876145
5644,-18.-49.4.13,5063,18496,10361025129280,6177847644473,1.8691489135908677,0.745990554282455
5645,-4.-19.14.-16,10129,36992,20727029543776,12359355874159,1.8687215539113502,0.7459098170204727
5646,-4.-5.-14.26,149,544,5183002207248,3090754114843,1.8682943207881777,0.7458291230552156
5647,-9.-12.9.-12,10135,36992,20736988114208,12366677044585,1.8678672141464174,0.7457484723517388
5648,-9.-3.-9.15,5069,18496,10370983699712,6185168814899,1.8674402339112024,0.7456678648751358
5649,14.27.12.-31,10141,36992,20746946684640,12373998215011,1.8670133800077315,0.7455873005905367
5650,14.39.-12.5,317,1156,648497686558,386801837507,1.8665866523612717,0.7455067794631103
5651,18.45.4.-25,10147,36992,20756905255072,12381319385437,1.866160050897154,0.7454263014580623
5652,18.49.-4.-13,5075,18496,10380942270144,6192489985325,1.865733575540778,0.7453458665406364
5653,4.19.-14.16,10153,36992,20766863825504,12388640555863,1.8653072262176071,0.7452654746761133
5654,4.5.14.-26,2539,9248,5192960777680,3098075285269,1.864881002853173,0.7451851258298113
5655,9.12.-9.12,10159,36992,20776822395936,12395961726289,1.8644549053730717,0.7451048199670862
5656,9.3.9.-15,5081,18496,10390900840576,6199811155751,1.864028933702966,0.7450245570533311
5657,-12.-27.-6.21,299,1088,10394207626592,6202251545893,1.8634611670522343,0.7449158386519121
5658,-12.-33.6.3,5085,18496,3465838137536,2068230645345,1.8628936237558165,0.7448071975876224
5659,12.27.6.-21,5087,18496,10400821198624,6207132326177,1.86232630363805,0.7446986337776623
5660,12.33.-6.-3,5089,18496,10404127984640,6209572716319,1.8617592065234805,0.7445901471393515
5661,-7.-19.-3.13,10185,36992,20819729563888,12427686798135,1.8607673226474286,0.7443935406830106
5662,-7.-22.3.4,637,2312,1301950197406,777264260227,1.8597761202443785,0.744197177549043
5663,7.19.3.-13,10199,36992,20842676753104,12444769529129,1.8587855983785622,0.7440010572842047
5664,7.22.-3.-4,5103,18496,10427075173856,6226655447313,1.8577957561161376,0.7438051794363812
5665,-10.-13.-20.39,10207,36992,20855784634528,12454531089697,1.857654405502113,0.7437768847399476
5666,-10.-15.-16.33,319,1156,651794341292,389242227649,1.8575130687358095,0.7437485950323715
5667,-10.-15.-20.40,5105,18496,10430343747488,6229095837455,1.857230436735515,0.7436920305784923
5668,-10.-17.-16.34,2553,9248,5215989017152,3115158016263,1.85694786009356,0.7436354860641514
5669,-10.-17.-20.41,10213,36992,20865590355424,12461852260123,1.8568065925251838,0.743607221281
5670,-10.-19.-12.28,10215,36992,20868858929056,12464292650265,1.856524098880089,0.7435507066561227
5671,-10.-19.-16.35,1277,4624,2608811651984,1558189105667,1.856382872797955,0.7435224568117534
5672,-10.-21.-12.29,601,2176,20872127502688,12466733040407,1.856241660539154,0.7434942119443355
5673,-10.-23.-8.23,5109,18496,802836991904,479536662903,1.8561004621009802,0.7434659720525488
5674,-10.-31.12.-8,2555,9248,5219257590784,3117598406405,1.8558181066756951,0.7434095071905881
5675,-10.-31.16.-15,10221,36992,20878664649952,12471613820691,1.8556769496831762,0.7433812822177758
5676,-10.-31.8.-1,5111,18496,10440149468384,6236417007881,1.8555358065004692,0.7433530622153167
5677,-10.-33.12.-7,10223,36992,20881933223584,12474054210833,1.8553946771248724,0.7433248471818931
5678,-10.-33.16.-14,10225,36992,20885201797216,12476494600975,1.8551124597842055,0.7432684320168814
5679,-10.-33.20.-21,5113,18496,10443418042016,6238857398023,1.8549713718137353,0.7432402318826594
5680,-10.-35.16.-13,10227,36992,20888470370848,12478934991117,1.8548302976395763,0.7432120367122047
5681,-10.-35.20.-20,10229,36992,20891738944480,12481375381259,1.8545481906693992,0.743155661257334
5682,-10.-37.20.-19,5115,18496,10446686615648,6241297788165,1.854407157867988,0.7431274809702879
5683,-11.-16.11.-14,10231,36992,1607308270624,960293520877,1.8542661388521002,0.7430993056417484
5684,-11.-37.-11.35,1279,4624,2612080225616,1560629495809,1.8541251336190419,0.7430711352704018
5685,-11.-39.-11.36,10233,36992,20898276091744,12486256161543,1.8539841421661185,0.7430429698549342
5686,-11.-48.11.2,301,1088,10449955189280,6243738178307,1.8538431644906372,0.7430148093940329
5687,-11.-5.-11.19,10235,36992,20901544665376,12488696551685,1.8537022005899058,0.7429866538863852
5688,-11.-50.11.3,2559,9248,5225794738048,3122479186689,1.8535612504612324,0.7429585033306788
5689,-12.-19.-18.38,10237,36992,20904813239008,12491136941827,1.8534203141019265,0.7429303577256023
5690,-12.-21.-18.39,10239,36992,20908081812640,12493577331969,1.8531384826806574,0.7428740813620944
5691,-12.-23.-14.33,10241,36992,20911350386272,12496017722111,1.8528567063045878,0.7428178247853777
5692,-12.-23.-18.40,5121,18496,10456492336544,6248618958591,1.8527158387517846,0.7427897039137918
5693,-12.-25.-14.34,10243,36992,20914618959904,12498458112253,1.8525749849522204,0.7427615879849756
5694,-12.-25.-6.20,2561,9248,402235639360,240378428987,1.8524341449032105,0.7427334769976206
5695,-12.-27.-10.28,10245,36992,20917887533536,12500898502395,1.85229331860207,0.7427053709504189
5696,-12.-29.-6.22,5123,18496,10459760910176,6251059348733,1.8521525060461153,0.7426772698420632
5697,-12.-31.6.2,10247,36992,20921156107168,12503338892537,1.8520117072326632,0.742649173671246
5698,-12.-35.6.4,1281,4624,2615348799248,1563069885951,1.8518709221590322,0.7426210824366615
5699,-12.-37.10.-2,10249,36992,20924424680800,12505779282679,1.8517301508225408,0.742592996137003
5700,-12.-37.14.-9,603,2176,20927693254432,12508219672821,1.8514486493502547,0.7425368383372426
5701,-12.-37.18.-16,2563,9248,5232331885312,3127359966973,1.8513079192091015,0.7425087668345309
5702,-12.-39.14.-8,10253,36992,20930961828064,12510660062963,1.85116720279437,0.7424807002615259
5703,-12.-39.18.-15,10255,36992,20934230401696,12513100453105,1.8508858111334645,0.7424245818994203
5704,-12.-41.18.-14,641,2312,1308491543032,782145040511,1.8507451358819378,0.7423965301077138
5705,-13.-22.13.-15,10257,36992,1610576844256,962733911019,1.850604474346128,0.7423684832405015
5706,-13.-43.-13.41,5129,18496,10469566631072,6258380519159,1.8504638265233613,0.7423404412964815
5707,-13.-56.13.2,10259,36992,20940767548960,12517981233389,1.8503231924109638,0.7423124042743523
5708,-13.-9.-13.24,2565,9248,5235600458944,3129800357115,1.8501825720062623,0.742284372172813
5709,-14.-25.-16.37,10261,36992,20944036122592,12520421623531,1.8500419653065858,0.7422563449905627
5710,-14.-27.-16.38,10263,36992,20947304696224,12522862013673,1.8497607930116229,0.74220030537873
5711,-14.-29.-12.32,10265,36992,20950573269856,12525302403815,1.8494796755047145,0.7421442854284593
5712,-14.-29.-16.39,5133,18496,10476103778336,6263261299443,1.8493391372901093,0.7421162828231631
5713,-14.-31.-12.33,10267,36992,20953841843488,12527742793957,1.8491986127645132,0.7420882851293626
5714,-14.-33.-8.27,151,544,5238869032576,3132240747257,1.8490581019252605,0.7420602923457604
5715,-14.-41.12.-4,5135,18496,806105565536,481977053045,1.8487771212951214,0.7420043215039637
5716,-14.-41.16.-11,10271,36992,20960378990752,12532623574241,1.848636651498906,0.741976343443177
5717,-14.-41.8.3,321,1156,655062914924,391682617791,1.8484961953783758,0.7419483702874037
5718,-14.-43.12.-3,10273,36992,20963647564384,12535063964383,1.8483557529308674,0.741920402035349
5719,-14.-43.16.-10,10275,36992,20966916138016,12537504354525,1.8480749090442712,0.7418644802372173
5720,-14.-45.16.-9,2569,9248,5242137606208,3134681137399,1.8479345075998619,0.7418365266885525
5721,-16.-31.-14.36,10277,36992,20970184711648,12539944744667,1.8477941198178323,0.7418085780384305
5722,-16.-33.-14.37,10279,36992,20973453285280,12542385134809,1.847513385230278,0.7417526954286449
5723,-16.-35.-10.31,10281,36992,20976721858912,12544825524951,1.847232705260348,0.7416968323975242
5724,-16.-35.-14.38,5141,18496,10489178072864,6273022860011,1.8470923857503518,0.7416689082207347
5725,-16.-37.-10.32,10283,36992,1613845417888,965174301161,1.8469520798867949,0.7416409889347385
5726,-16.-45.10.1,605,2176,20983259006176,12549706305235,1.8466715090883827,0.7415851650299667
5727,-16.-45.14.-6,5143,18496,10492446646496,6275463250153,1.8465312441482218,0.7415572604086121
5728,-16.-47.10.2,10287,36992,20986527579808,12552146695377,1.8463909928438882,0.7415293606728935
5729,-16.-47.14.-5,10289,36992,20989796153440,12554587085519,1.846110531132101,0.7414735758532118
5730,-16.-49.14.-4,5145,18496,10495715220128,6277903640295,1.845970320719348,0.7414456907666739
5731,-18.-37.-12.35,10291,36992,20993064727072,12557027475661,1.845830123931823,0.7414178105606216
5732,-18.-39.-12.36,10293,36992,20996333300704,12559467865803,1.8455497712218683,0.7413620647848298
5733,-18.-41.-12.37,5147,18496,10498983793760,6280344030437,1.8454096152941442,0.7413341992125189
5734,-18.-41.-4.23,10295,36992,20999601874336,12561908255945,1.8452694729810621,0.7413063385155509
5735,-18.-43.-4.24,10297,36992,21002870447968,12564348646087,1.8449892291882446,0.7412506317425069
5736,-18.-43.0.17,5149,18496,10502252367392,6282784420579,1.8448491277032217,0.7412227856638628
5737,-18.-45.4.11,10299,36992,21006139021600,12566789036229,1.844709039822266,0.7411949444554263
5738,-18.-47.4.12,10301,36992,21009407595232,12569229426371,1.8444289048619897,0.7411392766440456
5739,-18.-49.12.-1,303,1088,10505520941024,6285224810721,1.8442888577773884,0.7411114500385372
5740,-18.-51.12.0,161,578,328348600870,196451406431,1.8440088043860619,0.7410558114214774
5741,-18.-53.12.1,10305,36992,21015944742496,12574110206655,1.8438687980740602,0.7410279994073643
5742,-2.-15.24.-35,5153,18496,10508789514656,6287665200863,1.84372880534765,0.7410001922544892
5743,-2.-17.20.-27,10307,36992,21019213316128,12576550596797,1.8435888262041946,0.7409723899615722
5744,-2.-17.24.-34,10309,36992,1617113991520,967614691303,1.8433089086556083,0.740916799950497
5745,-2.-17.28.-41,5155,18496,10512058088288,6290105591005,1.843168970245208,0.7408890122297818
5746,-2.-19.24.-33,10311,36992,21025750463392,12581431377081,1.8430290454072256,0.7408612293639107
5747,-2.-19.28.-40,10313,36992,21029019037024,12583871767223,1.8427492364379836,0.7408056781915932
5748,-2.-21.28.-39,5157,18496,10515326661920,6292545981147,1.8426093523014615,0.7407779098825932
5749,-2.11.-28.43,10315,36992,21032287610656,12586312157365,1.8424694817268317,0.7407501464233308
5750,-2.3.-20.33,2579,9248,5258480474368,3146883088109,1.8423296247114647,0.7407223878125307
5751,-2.5.-24.39,10317,36992,21035556184288,12588752547507,1.8421897812527317,0.7406946340489178
5752,-2.7.-24.38,607,2176,21038824757920,12591192937649,1.8419101349946574,0.7406391410581549
5753,-2.7.-28.45,645,2312,1315028690296,787025820795,1.8417703321900623,0.740611401828457
5754,-2.9.-24.37,10321,36992,21042093331552,12593633327791,1.8416305429315944,0.7405836674408505
5755,-2.9.-28.44,10323,36992,21045361905184,12596073717933,1.8413510050425415,0.7405282131868198
5756,-20.-43.-10.34,2581,9248,5261749048000,3149323478251,1.841211256406709,0.7405004933178517
5757,-20.-45.-10.35,5163,18496,10525132382816,6299867151573,1.8409317997393193,0.7404450680896516
5758,-20.-47.-10.36,10327,36992,21051899052448,12600954498217,1.840792091702519,0.7404173627278782
5759,-20.-47.-2.22,1291,4624,2631691667408,1575271836661,1.840652397193488,0.7403896621992954
5760,-20.-49.-2.23,5165,18496,10528400956448,6302307541715,1.840373048748257,0.7403342756366234
5761,-20.-49.2.16,10331,36992,21058436199712,12605835278501,1.84023339480682,0.7403065895999962
5762,-20.-51.2.17,10333,36992,21061704773344,12608275668643,1.839954127473217,0.740251232009817
5763,-20.-53.10.4,5167,18496,10531669530080,6304747931857,1.8398145140758184,0.74022356045373
5764,-20.-55.10.5,19,68,658331488556,394123007933,1.8395353278067539,0.7401682318132251
5765,-20.-57.10.6,10337,36992,21068241920608,12613156448927,1.83939575492986,0.7401405747262747
5766,-22.-49.-8.33,5169,18496,10534938103712,6307188321999,1.8392561955545745,0.7401129224598377
5767,-22.-53.0.21,10339,36992,21071510494240,12615596839069,1.8391166496782856,0.7400852750126492
5768,-22.-55.-4.29,2585,9248,5268286195264,3154204258535,1.838977117298382,0.7400576323834441
5769,-22.-57.0.23,10341,36992,21074779067872,12618037229211,1.8388375984122531,0.7400299945709582
5770,-22.-57.8.9,5171,18496,10538206677344,6309628712141,1.8386980930172898,0.7400023615739275
5771,-22.-59.4.17,10343,36992,21078047641504,12620477619353,1.838558601110883,0.7399747333910884
5772,-24.-55.-6.32,1293,4624,2634960241040,1577712226803,1.8384191226904245,0.7399471100211782
5773,-24.-57.-2.26,10345,36992,21081316215136,12622918009495,1.838279657753307,0.7399194914629339
5774,-24.-57.-6.33,10347,36992,21084584788768,12625358399637,1.838000768318669,0.7398642687763953
5775,-24.-59.-2.27,10349,36992,21087853362400,12627798789779,1.8377219327861256,0.7398090653213812
5776,-24.-59.2.20,5175,18496,10544743824608,6314509492425,1.8375825352266288,0.7397814708025438
5777,-24.-61.-2.28,10351,36992,21091121936032,12630239179921,1.8374431511348448,0.7397538810878064
5778,-24.-61.2.21,609,2176,21094390509664,12632679570063,1.8371644233440072,0.739698716065593
5779,-24.-61.6.14,5177,18496,10548012398240,6316949882567,1.8370250796397511,0.7396711407555997
5780,-24.-63.2.22,10355,36992,21097659083296,12635119960205,1.8368857493928046,0.7396435702446708
5781,-24.-63.6.15,10357,36992,21100927656928,12637560350347,1.8366071292604422,0.7395884436149758
5782,-26.-61.-4.31,5179,18496,10551280971872,6319390272709,1.8364678393698306,0.7395608874936956
5783,-26.-63.-4.32,1295,4624,2638228814672,1580152616945,1.8361892999267626,0.739505789631988
5784,-26.-63.0.25,10361,36992,1623651138784,972495471587,1.8360500503691148,0.7394782478890489
5785,-26.-65.-4.33,5181,18496,10554549545504,6321830662851,1.8359108142505982,0.7394507109363795
5786,-26.-65.4.19,10363,36992,21110733377824,12644881520773,1.8357715915686192,0.739423178772725
5787,-26.-67.0.27,2591,9248,5278091916160,3161525428961,1.8356323823205845,0.7393956513968313
5788,-26.-67.4.20,5183,18496,10557818119136,6324271052993,1.8353540041159797,0.7393406110033114
5789,-26.-69.4.21,10367,36992,21117270525088,12649762301057,1.8352148351542272,0.739313097983179
5790,-28.-67.-2.30,81,289,164991443843,98835800751,1.835075679616054,0.7392855897457948
5791,-28.-69.-2.31,305,1088,10561086692768,6326711443135,1.8347974088000907,0.7392305876142642
5792,-28.-69.2.24,10371,36992,21123807672352,12654643081341,1.834658293517124,0.739203093717615
5793,-28.-71.-2.32,2593,9248,5281360489792,3163965819103,1.8345191916473842,0.7391756045987085
5794,-28.-71.2.25,5187,18496,812642712800,486857833329,1.8342410281372408,0.7391206406891235
5795,-28.-73.2.26,10375,36992,21130344819616,12659523861625,1.834101966491667,0.7390931658959461
5796,-3.-21.-3.15,1297,4624,2641497388304,1582593007087,1.8339629182489794,0.739065695875513
5797,-3.-23.-3.16,10377,36992,21133613393248,12661964251767,1.8338238834065945,0.739038230626576
5798,-3.-24.3.6,5189,18496,10567623840032,6331592223419,1.8336848619619301,0.7390107701478869
5799,-3.-26.3.7,10379,36992,21136881966880,12664404641909,1.8335458539124043,0.7389833144381982
5800,-3.6.3.-9,2595,9248,5284629063424,3166406209245,1.8334068592554358,0.7389558634962624
5801,-3.9.-3.0,10381,36992,21140150540512,12666845032051,1.8332678779884442,0.738928417320833
5802,-30.-73.0.29,5191,18496,10570892413664,6334032613561,1.8331289101088502,0.7389009759106636
5803,-30.-77.0.31,10383,36992,21143419114144,12669285422193,1.832989955614075,0.7388735392645085
5804,-4.-1.-22.38,649,2312,1321565837560,791906601079,1.8328510145015402,0.7388461073811221
5805,-4.-21.22.-29,5193,18496,10574160987296,6336473003703,1.832573172412884,0.7387912578976755
5806,-4.-21.26.-36,611,2176,1626919712416,974935861729,1.83243427143161,0.7387638402951267
5807,-4.-23.22.-28,2597,9248,5287897637056,3168846599387,1.8322953838222713,0.7387364274503693
5808,-4.-23.26.-35,5195,18496,10577429560928,6338913393845,1.8320176487091047,0.7386816160292552
5809,-4.-25.26.-34,10391,36992,21156493408672,12679046982761,1.83187880120013,0.7386542174504136
5810,-4.1.-22.37,10393,36992,21159761982304,12681487372903,1.831601146264537,0.738599434549951
5811,-4.1.-26.44,5197,18496,10580698134560,6341353783987,1.8314623388327762,0.7385720502258474
5812,-4.3.-26.43,2599,9248,5291166210688,3171286989529,1.8311847640284782,0.7385172958236923
5813,-4.5.-26.42,10397,36992,21166299129568,12686368153187,1.831045996650803,0.738489925743161
5814,-5.0.5.-10,5199,18496,10583966708192,6343794174129,1.830907242619353,0.7384625604080075
5815,-5.5.-5.5,10399,36992,21169567703200,12688808543329,1.8307685019315614,0.7384351998169932
5816,-6.-1.-24.41,325,1156,50892312476,30504876775,1.830629774584862,0.7384078439688796
5817,-6.-11.-8.18,5201,18496,10587235281824,6346234564271,1.8303523599044784,0.7383531464964023
5818,-6.-13.-8.19,10403,36992,21176104850464,12693689323613,1.8302136725656657,0.7383258048695639
5819,-6.-19.8.-6,10405,36992,21179373424096,12696129713755,1.8299363378779818,0.7382711358285037
5820,-6.-21.12.-12,10407,36992,21182641997728,12698570103897,1.8296590564931405,0.7382164857293584
5821,-6.-21.16.-19,1301,4624,2648034535568,1587473787371,1.8295204357828834,0.7381891677799157
5822,-6.-21.8.-5,10409,36992,21185910571360,12701010494039,1.829381828390656,0.7381618545622465
5823,-6.-23.16.-18,10411,36992,21189179144992,12703450884181,1.8291046535500555,0.7381072423172926
5824,-6.-25.16.-17,2603,9248,5297703357952,3176167769813,1.8289660860965666,0.7380799432875408
5825,-6.-25.24.-31,10413,36992,1630188286048,977376251871,1.8288275319508767,0.7380526489846285
5826,-6.-27.24.-30,10415,36992,21195716292256,12708331664465,1.8285504635726695,0.7379980745543928
5827,-6.-29.24.-29,651,2312,1324834411192,794346991221,1.8284119493350433,0.7379707944246056
5828,-6.-3.-24.42,5209,18496,10600309576352,6355996124839,1.8281349607499766,0.7379162483295373
5829,-6.-5.-16.29,10419,36992,21202253439520,12713212444749,1.827996486397431,0.737888982361795
5830,-6.-5.-24.43,2605,9248,5300971931584,3178608159955,1.8278580253348085,0.7378617211122739
5831,-6.-7.-16.30,5211,18496,10603578149984,6358436514981,1.8275811430691298,0.7378072127629783
5832,-6.-9.-12.24,1303,4624,2651303109200,1589914177513,1.8273043139325442,0.7377527232718197
5833,-6.-9.-16.31,10425,36992,21212059160416,12720533615175,1.8271659192812906,0.7377254855949716
5834,-7.-29.-7.25,5213,18496,815911286432,489298223471,1.8270275379046665,0.7376982526289746
5835,-7.-36.7.4,10427,36992,21215327734048,12722974005317,1.8268891698001257,0.7376710243726017
5836,-8.-11.-14.28,2607,9248,5304240505216,3181048550097,1.8267508149651224,0.7376438008246262
5837,-8.-11.-18.35,5215,18496,10610115297248,6363317295265,1.8264741450935507,0.7375893678489649
5838,-8.-11.-22.42,10431,36992,21221864881312,12727854785601,1.8263358300518946,0.737562158418828
5839,-8.-13.-14.29,10433,36992,21225133454944,12730295175743,1.8260592397441286,0.7375077536678183
5840,-8.-15.-10.23,10435,36992,21228402028576,12732735565885,1.8257827024534814,0.7374533677210005
5841,-8.-15.-14.30,2609,9248,5307509078848,3183488940239,1.8256444536832266,0.737426181796105
5842,-8.-17.-10.24,10437,36992,21231670602208,12735175956027,1.8255062181596324,0.7373990005685884
5843,-8.-19.-6.18,307,1088,10616652444512,6368198075549,1.82536799588016,0.7373718240372285
5844,-8.-25.10.-7,1305,4624,2654571682832,1592354567655,1.825091591043432,0.7373174850580914
5845,-8.-25.14.-14,10441,36992,21238207749472,12740056736311,1.8249534084811032,0.7372903226078722
5846,-8.-25.6.0,5221,18496,10619921018144,6370638465691,1.8248152391527508,0.7372631648489252
5847,-8.-27.10.-6,10443,36992,21241476323104,12742497126453,1.82467708305584,0.7372360117800302
5848,-8.-27.14.-13,10445,36992,21244744896736,12744937516595,1.8244008105462082,0.7371817197075177
5849,-8.-27.18.-20,5223,18496,10623189591776,6373078855833,1.8242626941284217,0.7371545807014627
5850,-8.-29.14.-12,10447,36992,21248013470368,12747377906737,1.8241245909319452,0.7371274463805835
5851,-8.-29.18.-19,10449,36992,21251282044000,12749818296879,1.8238484241928,0.7370731917894818
5852,-8.-33.22.-24,5225,18496,10626458165408,6375519245975,1.8237103606450713,0.7370460715168247
5853,-8.-9.-18.34,10451,36992,21254550617632,12752258687021,1.8235723103085335,0.7370189559244742
5854,-9.-1.-9.14,2613,9248,408772786624,245259209271,1.823434273180658,0.7369918450112146
5855,-9.-10.9.-13,10453,36992,21257819191264,12754699077163,1.823296249258918,0.7369647387758296
5856,-9.-33.-9.30,5227,18496,10629726739040,6377959636117,1.8231582385407863,0.7369376372171037
5857,-9.-35.-9.31,615,2176,21261087764896,12757139467305,1.823020241023737,0.7369105403338224
5858,-9.-42.9.3,1307,4624,2657840256464,1594794957797,1.8228822567052456,0.7368834481247708
5859,-9.-44.9.4,10457,36992,21264356338528,12759579857447,1.822744285582787,0.7368563605887348
5860,0.-11.22.-33,10459,36992,21267624912160,12762020247589,1.8224683829158745,0.7368021995308556
5861,0.-11.26.-40,2615,9248,5317314799744,3190810110665,1.8223304513663752,0.7367751260065859
5862,0.-13.22.-32,10461,36992,21270893485792,12764460637731,1.8221925330028184,0.7367480571504796
5863,0.-13.26.-39,10463,36992,21274162059424,12766901027873,1.8219167358234485,0.7366939334379096
5864,0.-15.26.-38,327,1156,664868635820,399003788217,1.8217788570025963,0.736666878579023
5865,0.-15.30.-45,5233,18496,10639532459936,6385280806543,1.8215031388859637,0.7366127828499928
5866,0.-9.22.-34,10467,36992,21280699206688,12771781808157,1.8213652995851481,0.7365857419774288
5867,0.11.-22.33,10469,36992,21283967780320,12774222198299,1.8210896604859357,0.736531674210156
5868,0.11.-26.40,5235,18496,10642801033568,6387721196685,1.820951860682508,0.7365046473130291
5869,0.13.-22.32,10471,36992,21287236353952,12776662588441,1.8208140740398466,0.7364776250719645
5870,0.13.-26.39,10473,36992,21290504927584,12779102978583,1.8205385402267693,0.7364235945531904
5871,0.15.-26.38,5237,18496,10646069607200,6390161586827,1.820400793051328,0.7363965862730665
5872,0.15.-30.45,2619,9248,5323851947008,3195690890949,1.8201253381500826,0.7363425836653125
5873,0.9.-22.34,10477,36992,21297042074848,12783983758867,1.819987630419258,0.7363155893352705
5874,10.13.20.-39,5239,18496,819179860064,491738613613,1.8198499358316194,0.7362885996528444
5875,10.15.16.-33,10479,36992,21300310648480,12786424149009,1.819712254384658,0.7362616146168297
5876,10.15.20.-40,10481,36992,21303579222112,12788864539151,1.819436930902737,0.7362076584792162
5877,10.17.16.-34,10483,36992,21306847795744,12791304929293,1.8191616599534395,0.7361537209127995
5878,10.17.20.-41,2621,9248,5327120520640,3198131281091,1.8190240441722614,0.7361267590907818
5879,10.19.12.-28,5243,18496,10655875328096,6397482757253,1.8187488519843238,0.7360728493631169
5880,10.19.16.-35,10487,36992,21313384943008,12796185709577,1.8186112755725579,0.7360459014550659
5881,10.21.12.-29,1311,4624,2664377403728,1599675738081,1.8184737122789245,0.7360189581826008
5882,10.23.8.-23,617,2176,21316653516640,12798626099719,1.8183361621009215,0.735992019544521
5883,10.31.-12.8,10491,36992,1639994006944,984697422297,1.8180611010818064,0.7359381561667162
5884,10.31.-16.15,2623,9248,5330389094272,3200571671233,1.8179235902356947,0.7359112314245921
5885,10.31.-8.1,10493,36992,21323190663904,12803506880003,1.8177860924952152,0.7358843113120546
5886,10.33.-12.7,5247,18496,10662412475360,6402363537537,1.8176486078578702,0.7358573958279049
5887,10.33.-16.14,82,289,166625730659,100055995822,1.817373677882595,0.735803578739977
5888,10.33.-20.21,10497,36992,21329727811168,12808387660287,1.8172362325396731,0.7357766771338035
5889,10.35.-16.13,5249,18496,10665681048992,6404803927679,1.8170988002899013,0.7357497801512274
5890,10.35.-20.20,2625,9248,5333657667904,3203012061375,1.8168239750598316,0.7356960000520821
5891,10.37.-20.19,10501,36992,21336264958432,12813268440571,1.8166865820745473,0.735669116933121
5892,11.16.-11.14,5251,18496,10668949622624,6407244317821,1.8165492021724396,0.7356422384329735
5893,11.37.11.-35,10503,36992,21339533532064,12815708830713,1.8164118353510184,0.7356153645504452
5894,11.39.11.-36,1313,4624,205203536720,123239702171,1.8162744816077918,0.735588495284341
5895,11.48.-11.-2,10505,36992,21342802105696,12818149220855,1.8161371409402705,0.7355616306334671
5896,11.5.11.-19,309,1088,10672218196256,6409684707963,1.815999813345965,0.7355347705966299
5897,11.50.-11.-3,10507,36992,21346070679328,12820589610997,1.8158624988223864,0.7355079151726361
5898,12.19.18.-38,2627,9248,5336926241536,3205452451517,1.8157251973670472,0.7354810643602927
5899,12.21.18.-39,5255,18496,10675486769888,6412125098105,1.815450633651138,0.7354273765657885
5900,12.23.14.-33,657,2312,1334640132088,801668161647,1.8151761221783493,0.7353737072035825
5901,12.23.18.-40,10513,36992,21355876400224,12827910781423,1.8150388860269127,0.7353468794316138
5902,12.25.14.-34,5257,18496,10678755343520,6414565488247,1.814901662928803,0.7353200562641472
5903,12.25.6.-20,10515,36992,21359144973856,12830351171565,1.814764452881537,0.7352932376999929
5904,12.27.10.-28,2629,9248,5340194815168,3207892841659,1.8146272558826329,0.7352664237379612
5905,12.29.6.-22,10517,36992,1643262580576,987137812439,1.814490071929609,0.7352396143768631
5906,12.31.-6.-2,5259,18496,10682023917152,6417005878389,1.8143529010199846,0.7352128096155097
5907,12.35.-6.-4,10519,36992,21365682121120,12835231951849,1.8142157431512793,0.735186009452713
5908,12.37.-10.2,1315,4624,2670914550992,1604556518365,1.8140785983210141,0.7351592138872848
5909,12.37.-14.9,5261,18496,10685292490784,6419446268531,1.8138043477658894,0.7351056365437848
5910,12.37.-18.16,619,2176,21372219268384,12840112732133,1.8136672420360747,0.7350788547633392
5911,12.39.-14.8,2631,9248,5343463388800,3210333231801,1.8135301493347895,0.7350520775755147
5912,12.39.-18.15,5263,18496,10688561064416,6421886658673,1.813256003007905,0.7349985369729864
5913,12.41.-18.14,10527,36992,21378756415648,12844993512417,1.813118949377356,0.734971773555912
5914,13.22.-13.15,329,1156,668137209452,401444178359,1.8129819087654375,0.7349450147267178
5915,13.43.13.-41,10529,36992,21382024989280,12847433902559,1.8128448811696758,0.7349182604842197
5916,13.56.-13.-2,5265,18496,822448433696,494179003755,1.8127078665875995,0.7348915108272337
5917,13.9.13.-24,10531,36992,21385293562912,12849874292701,1.8125708650167365,0.7348647657545765
5918,14.25.16.-37,2633,9248,5346731962432,3212773621943,1.812433876454616,0.7348380252650653
5919,14.27.16.-38,5267,18496,10695098211680,6426767438957,1.8121599383467222,0.7347845580307504
5920,14.29.12.-32,1317,4624,2674183124624,1606996908507,1.8118860522441644,0.7347311091148332
5921,14.29.16.-39,10537,36992,21395099283808,12857195463127,1.8117491286887168,0.7347043915233208
5922,14.31.12.-33,5269,18496,10698366785312,6429207829099,1.8116122181272012,0.7346776785078649
5923,14.33.8.-27,10539,36992,21398367857440,12859635853269,1.8114753205571514,0.7346509700672855
5924,14.41.-12.4,10541,36992,21401636431072,12862076243411,1.8112015643815884,0.7345975669060374
5925,14.41.-16.11,5271,18496,10701635358944,6431648219241,1.8110647057711464,0.7345708721830104
5926,14.41.-8.-3,10543,36992,1646531154208,989578202581,1.8109278601423136,0.7345441820301435
5927,14.43.-12.3,659,2312,1337908705720,804108551789,1.810791027492627,0.7345174964462584
5928,14.43.-16.10,5273,18496,10704903932576,6434088609383,1.8105174011208465,0.734464138980724
5929,14.45.-16.9,10547,36992,21411442151968,12869397413837,1.8103806073938309,0.7344374670967203
5930,16.31.14.-36,2637,9248,5353269109696,3217654402227,1.8102438266361187,0.7344107997769901
5931,16.33.14.-37,5275,18496,10708172506208,6436528999525,1.809970304018769,0.7343574788256467
5932,16.35.10.-31,1319,4624,2677451698256,1609437298649,1.809696833249134,0.7343041761172907
5933,16.35.14.-38,10553,36992,21421247872864,12876718584263,1.809560117301068,0.7342775316012958
5934,16.37.10.-32,5277,18496,10711441079840,6438969389667,1.8094234143075618,0.7342508916425244
5935,16.45.-10.-1,2639,9248,412041360256,247699599413,1.8091500471744104,0.7341976253919574
5936,16.45.-14.6,621,2176,21427785020128,12881599364547,1.809013383029858,0.7341709990978158
5937,16.47.-10.-2,5279,18496,10714709653472,6441409779809,1.8088767318300505,0.7341443773562053
5938,16.47.-14.5,165,578,334885748134,201332186715,1.808603468254863,0.7340911475258908
5939,16.49.-14.4,10561,36992,21434322167392,12886480144831,1.8084668558745813,0.7340645394348437
5940,18.37.12.-35,5281,18496,10717978227104,6443850169951,1.8083302564292403,0.7340379358916425
5941,18.39.12.-36,2641,9248,5359806256960,3222535182511,1.8080570963335858,0.7339847424440955
5942,18.41.12.-37,10565,36992,21440859314656,12891360925115,1.8079205356783759,0.7339581525374103
5943,18.41.4.-23,5283,18496,10721246800736,6446290560093,1.8077839879483144,0.7339315671738915
5944,18.43.0.-17,10567,36992,21444127888288,12893801315257,1.8076474531409548,0.7339049863523703
5945,18.43.4.-24,10569,36992,1649799727840,992018592723,1.8073744222845587,0.7338518383306482
5946,18.45.-4.-11,5285,18496,10724515374368,6448730950235,1.8072379262306333,0.7338252711281114
5947,18.47.-4.-12,2643,9248,5363074830592,3224975572653,1.806964972859109,0.733772150333851
5948,18.49.-12.1,10573,36992,21453933609184,12901122485683,1.8068285155366248,0.733745596739794
5949,18.51.-12.0,10575,36992,21457202182816,12903562875825,1.8065556396060045,0.733692503151997
5950,18.53.-12.-1,661,2312,1341177279352,806548941931,1.806419220992987,0.733665963155926
5951,2.-11.28.-43,10577,36992,21460470756448,12906003265967,1.8062828152782455,0.7336394276901869
5952,2.-3.20.-33,5289,18496,10731052521632,6453611730519,1.8061464224593409,0.7336128967536156
5953,2.-5.24.-39,10579,36992,21463739330080,12908443656109,1.8060100425338352,0.7335863703450478
5954,2.-7.24.-38,10581,36992,21467007903712,12910884046251,1.805737321353271,0.7335333311072691
5955,2.-7.28.-45,5291,18496,825717007328,496619393897,1.8056009800933397,0.7335068182757323
5956,2.-9.24.-37,10583,36992,21470276477344,12913324436393,1.8054646517170614,0.7334803099675472
5957,2.-9.28.-44,10585,36992,21473545050976,12915764826535,1.805192033605727,0.7334273069165846
5958,2.15.-24.35,5293,18496,10737589668896,6458492510803,1.8050557438658035,0.7334008121714846
5959,2.17.-20.27,10587,36992,21476813624608,12918205216677,1.8049194669997985,0.7333743219450908
5960,2.17.-24.34,10589,36992,21480082198240,12920645606819,1.8046469518798174,0.7333213550437807
5961,2.17.-28.41,5295,18496,10740858242528,6460932900945,1.80451071362098,0.733294878366545
5962,2.19.-24.33,623,2176,21483350771872,12923085996961,1.8043744882263375,0.7332684062033764
5963,2.19.-28.40,10593,36992,21486619345504,12925526387103,1.8041020760199222,0.7332154754146061
5964,2.21.-28.39,5297,18496,10744126816160,6463373291087,1.8039658892032933,0.733189016786688
5965,20.43.10.-34,10595,36992,1653068301472,994458982865,1.8038297152411469,0.7331625626682042
5966,20.45.10.-35,10597,36992,21493156492768,12930407167387,1.803557405870597,0.7331096679549118
5967,20.47.10.-36,5299,18496,10747395389792,6465813681229,1.8034212704573431,0.7330832273577901
5968,20.47.2.-22,10599,36992,21496425066400,12932847557529,1.8032851478888703,0.7330567912654761
5969,20.49.-2.-16,1325,4624,2687257419152,1616758469075,1.803149038162755,0.733030359676815
5970,20.49.2.-23,5301,18496,10750663963424,6468254071371,1.802876857227906,0.7329775100058293
5971,20.51.-2.-17,2651,9248,5376149125120,3234737133221,1.8026047276334198,0.7329246783355966
5972,20.53.-10.-4,10605,36992,21506230787296,12940168727955,1.8024686820827613,0.7328982692478776
5973,20.55.-10.-5,10607,36992,21509499360928,12942609118097,1.8021966294625156,0.7328454645614686
5974,20.57.-10.-6,39,136,103418911768,62229948621,1.802060622388091,0.7328190689604733
5975,22.49.8.-33,10609,36992,21512767934560,12945049508239,1.8019246281342418,0.7327926778527478
5976,22.53.0.-21,5305,18496,10757201110688,6473134851655,1.8017886466985515,0.7327662912371409
5977,22.55.4.-29,10611,36992,21516036508192,12947489898381,1.8016526780786037,0.7327399091125009
5978,22.57.-8.-9,2653,9248,5379417698752,3237177523363,1.801516722271983,0.7327135314776771
5979,22.57.0.-23,10613,36992,21519305081824,12949930288523,1.8013807792762746,0.7326871583315192
5980,22.59.-4.-17,5307,18496,10760469684320,6475575241797,1.8012448490890642,0.732660789672877
5981,24.55.6.-32,10615,36992,21522573655456,12952370678665,1.801108931707939,0.7326344255006005
5982,24.57.2.-26,1327,4624,2690525992784,1619198859217,1.8009730271304853,0.7326080658135412
5983,24.57.6.-33,5309,18496,10763738257952,6478015631939,1.8007012563769476,0.7325553598904775
5984,24.59.-2.-20,10619,36992,21529110802720,12957251458949,1.8005653901960412,0.7325290136521767
5985,24.59.2.-27,10621,36992,1656336875104,996899373007,1.8002936962139033,0.7324763346162986
5986,24.61.-2.-21,10623,36992,21535647949984,12962132239233,1.8000220533886062,0.7324236734937389
5987,24.61.-6.-14,83,289,168260017475,101276190893,1.799886251153754,0.7323973496470872
5988,24.61.2.-28,625,2176,21538916523616,12964572629375,1.79975046170089,0.7323710302753265
5989,24.63.-2.-22,5313,18496,10770275405216,6482896412223,1.7996146850276085,0.7323447153773116
5990,24.63.-6.-15,2657,9248,5385954846016,3242058303647,1.7993431700101723,0.7322920989979395
5991,26.61.4.-31,10629,36992,21545453670880,12969453409659,1.7992074316612094,0.7322657975142938
5992,26.63.0.-25,5315,18496,10773543978848,6485336802365,1.7990717060822117,0.7322395004998162
5993,26.63.4.-32,1329,4624,2693794566416,1621639249359,1.7988002932245044,0.7321869198737927
5994,26.65.-4.-19,10633,36992,21551990818144,12974334189943,1.7986646059409912,0.7321606362599615
5995,26.65.4.-33,5317,18496,828985580960,499059784039,1.7985289314178379,0.7321343571107273
5996,26.67.-4.-20,2659,9248,5389223419648,3244498693789,1.798257620643011,0.7320818122014834
5997,26.67.0.-27,10637,36992,21558527965408,12979214970227,1.7981219843865404,0.7320555464391912
5998,26.69.-4.-21,5319,18496,10780081126112,6490217582649,1.797986360880834,0.7320292851369312
5999,28.67.2.-30,10639,36992,21561796539040,12981655360369,1.797850750123495,0.7320030282935633
6000,28.69.-2.-24,665,2312,1347714426616,811429722215,1.7977151521121268,0.7319767759079475
6001,28.69.2.-31,313,1088,10783349699744,6492657972791,1.7974439943177212,0.7319242845054147
6002,28.71.-2.-25,2661,9248,5392491993280,3246939083931,1.7971728874784587,0.7318718109202217
6003,28.71.2.-32,10645,36992,21571602259936,12988976530795,1.7970373531610224,0.7318455808062821
6004,28.73.-2.-26,5323,18496,10786618273376,6495098362933,1.7969018315751928,0.7318193551432638
6005,3.-6.-3.9,10647,36992,1659605448736,999339763149,1.7967663227185782,0.7317931339300295
6006,3.-9.3.0,1331,4624,2697063140048,1624079639501,1.7966308265887871,0.7317669171654425
6007,3.21.3.-15,10649,36992,21578139407200,12993857311079,1.7964953431834296,0.7317407048483662
6008,3.23.3.-16,5325,18496,10789886847008,6497538753075,1.7963598725001158,0.731714496977665
6009,3.24.-3.-6,10651,36992,21581407980832,12996297701221,1.796224414536457,0.731688293552203
6010,3.26.-3.-7,2663,9248,5395760566912,3249379474073,1.7960889692900646,0.7316620945708453
6011,30.73.0.-29,10653,36992,21584676554464,12998738091363,1.795953536758551,0.7316359000324569
6012,30.77.0.-31,5327,18496,10793155420640,6499979143217,1.7958181169395293,0.7316097099359035
6013,4.-1.22.-37,333,1156,674674356716,406324958643,1.7955473154294168,0.7315573430637655
6014,4.-1.26.-44,10657,36992,21591213701728,13003618871647,1.795411933733555,0.7315311662859144
6015,4.-3.26.-43,627,2176,21594482275360,13006059261789,1.7951412084483005,0.7314788260409829
6016,4.-5.26.-42,2665,9248,415309933888,250139989555,1.7950058648541407,0.731452662571638
6017,4.1.22.-38,10661,36992,21597750848992,13008499651931,1.7948705339557824,0.7314265035361981
6018,4.21.-22.29,10663,36992,21601019422624,13010940042073,1.7945999102369454,0.7313741987625079
6019,4.21.-26.36,1333,4624,2700331713680,1626520029643,1.7944646174117056,0.7313480530219961
6020,4.23.-22.28,10665,36992,21604287996256,13013380432215,1.794329337272745,0.7313219117108662
6021,4.23.-26.35,10667,36992,21607556569888,13015820822357,1.7940588150441465,0.7312696423722337
6022,4.25.-26.34,2667,9248,5402297714176,3254260254357,1.7939235729497527,0.7312435143424724
6023,5.-5.5.-5,10669,36992,21610825143520,13018261212499,1.7937883435321267,0.7312173907375765
6024,5.0.-5.10,5335,18496,10806229715168,6509740703785,1.7936531267888913,0.731191271556417
6025,6.1.24.-41,10671,36992,21614093717152,13020701602641,1.7935179227176723,0.731165156797867
6026,6.11.8.-18,10673,36992,1662874022368,1001780153291,1.793247552581782,0.7311129405440844
6027,6.13.8.-19,5337,18496,10809498288800,6512181093927,1.7931123865123628,0.7310868390465982
6028,6.19.-8.6,157,544,5405566287808,3256700644499,1.7928420923587125,0.7310346493048042
6029,6.21.-12.12,5339,18496,10812766862432,6514621484069,1.7925718488361673,0.7309824772264107
6030,6.21.-16.19,10679,36992,21627168011680,13030463163209,1.792436746055632,0.7309563978081763
6031,6.21.-8.5,1335,4624,2703600287312,1628960419785,1.7923016559257625,0.730930322802418
6032,6.23.-16.18,5341,18496,10816035436064,6517061874211,1.7920315136085443,0.7308781860238321
6033,6.25.-16.17,10683,36992,21633705158944,13035343943493,1.7918964614164596,0.7308521242487582
6034,6.25.-24.31,2671,9248,5408834861440,3259141034641,1.7917614218655689,0.7308260668816662
6035,6.27.-24.30,5343,18496,832254154592,501500174181,1.7914913806779038,0.7307739653669385
6036,6.29.-24.29,10687,36992,21640242306208,13040224723777,1.7913563790363989,0.730747921217059
6037,6.3.24.-42,10689,36992,21643510879840,13042665113919,1.7910864136462235,0.7306958461266623
6038,6.5.16.-29,5345,18496,10822572583328,6521942654495,1.7909514498928258,0.7306698151839033
6039,6.5.24.-43,10691,36992,21646779453472,13045105504061,1.7908164987640722,0.7306437886412771
6040,6.7.16.-30,37,128,21650048027104,13047545894203,1.7905466343710503,0.7305917487519438
6041,6.9.12.-24,10695,36992,21653316600736,13049986284345,1.7902768204482722,0.7305397264497083
6042,6.9.16.-31,1337,4624,2706868860944,1631400809927,1.7901419324073262,0.7305137218909559
6043,7.29.7.-25,10697,36992,21656585174368,13052426674487,1.7900070569768636,0.730487721725623
6044,7.36.-7.-4,5349,18496,10829109730592,6526823434779,1.7898721941545277,0.7304617259525924
6045,8.11.14.-28,10699,36992,1666142596000,1004220543433,1.789737343937961,0.7304357345707464
6046,8.11.18.-35,10701,36992,21663122321632,13057307454771,1.7894676813127106,0.7303837649761428
6047,8.11.22.-42,5351,18496,10832378304224,6529263824921,1.7893328688993164,0.7303577867611526
6048,8.13.14.-29,669,2312,1354251573880,816310502499,1.7890632818592178,0.7303058434902173
6049,8.15.10.-23,5353,18496,10835646877856,6531704215063,1.7887937451856848,0.7302539177572427
6050,8.15.14.-30,10707,36992,21672928042528,13064628625197,1.7886589957305,0.7302279614647046
6051,8.17.10.-24,2677,9248,5418640582336,3266462205067,1.788524258859901,0.7302020095533145
6052,8.19.6.-18,10709,36992,21676196616160,13067069015339,1.788389534571538,0.7301760620219586
6053,8.25.-10.7,10711,36992,21679465189792,13069509405481,1.78812012373212,0.7301241800948988
6054,8.25.-14.14,1339,4624,208472110352,125680092313,1.7879854371763682,0.7300982456969699
6055,8.25.-6.0,10713,36992,21682733763424,13071949795623,1.787850763193457,0.7300723156746259
6056,8.27.-10.6,5357,18496,10842184025120,6536584995347,1.7877161017810395,0.7300463900267554
6057,8.27.-14.13,2679,9248,5421909155968,3268902595209,1.7874468166583,0.7299945518499905
6058,8.27.-18.20,10717,36992,21689270910688,13076830575907,1.7873121929432867,0.7299686393188752
6059,8.29.-14.12,5359,18496,10845452598752,6539025385489,1.7871775817893856,0.7299427311577912
6060,8.29.-18.19,335,1156,677942930348,408765348785,1.786908397155544,0.7298909279412795
6061,8.33.-22.24,10721,36992,21695808057952,13081711356191,1.7867738236709179,0.7298650328836339
6062,8.9.18.-34,5361,18496,10848721172384,6541465775631,1.786639262738032,0.7298391421915836
6063,9.1.9.-14,10723,36992,21699076631584,13084151746333,1.7865047143545456,0.7298132558640205
6064,9.10.-9.13,2681,9248,5425177729600,3271342985351,1.7863701785181174,0.7297873738998372
6065,9.33.9.-30,10725,36992,1669411169632,1006660933575,1.7862356552264085,0.7297614962979262
6066,9.35.9.-31,5363,18496,10851989746016,6543906165773,1.786101144477079,0.7297356230571806
6067,9.42.-9.-3,631,2176,21705613778848,13089032526617,1.7859666462677903,0.7297097541764938
6068,9.44.-9.-4,1341,4624,2713406008208,1636281590211,1.7858321605962049,0.7296838896547598
6069,-2.-15.16.-21,5367,18496,3619506537880,2182928982019,1.7850255097276144,0.7295278268062805
6070,-2.1.-16.27,2685,9248,5431707597224,3276223765635,1.7842193096279038,0.7293719214741361
6071,2.-1.16.-27,5373,18496,10868310775256,6556108116483,1.7834135597935614,0.7292161734190628
6072,2.15.-16.21,84,289,113262566209,68330923976,1.7826082597219184,0.729060582402283
6073,-7.-15.-3.11,10759,36992,21757789407024,13128078768889,1.7816693107523034,0.7288761859072704
6074,-7.-18.3.2,5383,18496,10884583050960,6568310067193,1.7807309724812481,0.7286920056741485
6075,7.15.3.-11,10773,36992,7260180932272,4381720499961,1.7797932441148645,0.7285080413211912
6076,7.18.-3.-2,2695,9248,5447979872928,3288425716345,1.778856124860811,0.7283242924675734
6077,-3.-16.19.-26,21569,73984,43598237891264,26318387486399,1.778254012335296,0.7281987281929958
6078,-3.3.-19.31,10789,36992,21806318399552,13164684621019,1.777652150998178,0.7280732577462914
6079,3.-3.19.-31,21587,73984,43627035706944,26340350997677,1.777050540639964,0.7279478810218561
6080,3.16.-19.26,5399,18496,10910358653696,6587833188329,1.776449181051422,0.7278225979142451
6081,-2.0.2.-4,21605,73984,43655767608256,26362314508955,1.7758480720235827,0.727695230043336
6082,-2.2.-2.2,10807,36992,21835050300864,13186648132297,1.775247213347737,0.7275679570119896
6083,2.-2.2.-2,21623,73984,43684433595200,26384278020233,1.774646604815437,0.7274407787138224
6084,2.0.-2.4,169,578,26261277998,15862535923,1.7740462462184945,0.7273136950426111
6085,-13.-22.-7.20,10823,36992,21860421984320,13206171253433,1.7731128513630492,0.7271089908566789
6086,-13.-29.7.-1,5415,18496,10935730337152,6607356309465,1.7721800600049895,0.726904522299646
6087,13.22.7.-20,10837,36992,21882499364288,13223253984427,1.7712478713644226,0.7267002889628581
6088,13.29.-7.1,2711,9248,5473384513568,3307948837481,1.7703162846629672,0.7264962904386104
6089,-11.-29.-7.24,10849,36992,21901403985232,13237896325279,1.7696512336942507,0.7263494792109014
6090,-11.-36.7.3,5427,18496,3651544986032,2207332883439,1.7689864891582816,0.7262027883225636
6091,-5.-14.-7.18,10859,36992,21917135847152,13250098275989,1.768322050772803,0.7260562176249395
6092,-5.-21.7.-3,679,2312,1370312611132,828512453209,1.767657918255947,0.7259097669696173
6093,11.29.7.-24,10869,36992,7310955903024,4420766742233,1.7669940913262352,0.7257634362084304
6094,11.36.-7.-3,5437,18496,10970366820016,6634200601027,1.7663305697025773,0.7256172251934576
6095,5.14.7.-18,10879,36992,21948599570992,13274502177409,1.7656673531042706,0.7254711337770219
6096,5.21.-7.3,2721,9248,1829705458496,1106716929397,1.7650044412510002,0.7253251618116904
6097,-13.-35.-1.16,1281,4352,43927000637440,26572188061167,1.7644080809086928,0.725190964641048
6098,-13.-36.1.13,10893,36992,21970535135488,13291584908403,1.7638119669793153,0.7250568658781159
6099,13.35.1.-16,21795,73984,14651713301504,8864717190815,1.763216099259319,0.7249228654141104
6100,13.36.-1.-13,5451,18496,10992302384512,6651283332021,1.7626204775454068,0.7247889631404092
6101,-12.-19.-6.17,2727,9248,5498478238720,3327471958617,1.7618266975854155,0.72460588469878
6102,-12.-25.6.-1,321,1088,3667203523456,2219534834149,1.7610333541280363,0.7244229843555041
6103,12.19.6.-17,1365,4624,393080880832,237938038845,1.760240446693464,0.72424026184936
6104,12.25.-6.1,5463,18496,11010918756224,6665925672873,1.7594479748026843,0.724057716919639
6105,-11.-16.-9.21,10929,36992,22026464335936,13335511930959,1.7590519020367406,0.7239647248648988
6106,-11.-25.9.-6,2733,9248,5507772789856,3334793129043,1.7586559379774718,0.7238717778591498
6107,-15.-27.-7.22,5469,18496,11020172403200,6673246843299,1.7578643357403885,0.7236860188629789
6108,-15.-34.7.1,171,578,344524975834,208653357141,1.757073167614781,0.7235004396681523
6109,-5.-21.-13.32,10947,36992,22054225276864,13357475442237,1.7566777461950411,0.7234077174142048
6110,-5.-34.13.-7,5475,18496,11029426050176,6680568013725,1.7562824331247808,0.7233150400122114
6111,-5.-6.9.-14,10953,36992,22063478923840,13364796612663,1.755887228344638,0.7232224074294447
6112,-5.3.-9.13,2739,9248,5517026436832,3342114299469,1.7554921317953007,0.72312981963321
6113,-7.-24.-13.33,5481,18496,380644127488,230616868419,1.7547022631520341,0.7229447782697158
6114,-7.-37.13.-6,1371,4624,2760826630160,1672887442341,1.753912826721453,0.7227599156608059
6115,-9.-17.-5.15,10971,36992,22091239864768,13386760123941,1.7535182704381544,0.7226675513079213
6116,-9.-22.5.0,5487,18496,11047933344128,6695210354577,1.753123822030806,0.722575231546068
6117,-9.-31.-13.36,10977,36992,22100493511744,13394081294367,1.7527294814404355,0.7224829563427736
6118,-9.-44.13.-3,2745,9248,5526280083808,3349435469895,1.7523352486081178,0.7223907256655981
6119,11.16.9.-21,10983,36992,22109747158720,13401402464793,1.751941123474977,0.7222985394821324
6120,11.25.-9.6,5493,18496,11057186991104,6702531525003,1.7515471059821854,0.7222063977599995
6121,15.27.7.-22,687,2312,1382726726824,838274013777,1.750759393682579,0.7220222475703812
6122,15.34.-7.-1,5499,18496,11066440638080,6709852695429,1.749972111239637,0.7218382748383577
6123,5.-3.9.-13,11001,36992,22137508099648,13423365976071,1.7495786310678567,0.721746354938336
6124,5.21.13.-32,2751,9248,5535533730784,3356756640321,1.7491852581844682,0.7216544793060461
6125,5.34.-13.7,11007,36992,22146761746624,13430687146497,1.7487919925309798,0.7215626479093314
6126,5.6.-9.14,5505,18496,11075694285056,6717173865855,1.7483988340489476,0.7214708607160664
6127,7.24.13.-33,81,272,2770080277136,1680208612767,1.7476128383657148,0.7212874188115395
6128,7.37.-13.6,5511,18496,11084947932032,6724495036281,1.7468272706681731,0.7211041533360858
6129,9.17.5.-15,11025,36992,22174522687552,13452650657775,1.7464346471684336,0.7210125866792795
6130,9.22.-5.0,2757,9248,5544787377760,3364077810747,1.746042130490488,0.7209210640338249
6131,9.31.13.-36,11031,36992,22183776334528,13459971828201,1.7456497205762265,0.720829585367815
6132,9.44.-13.3,5517,18496,11094201579008,6731816206707,1.7452574173675848,0.7207381506493737
6133,0.-9.18.-27,345,1156,231225090196,140322433165,1.7444731308351473,0.7205522837541083
6134,0.9.-18.27,5523,18496,11103407079808,6739137377133,1.743689270429616,0.7203665948684557
6135,-1.1.3.-6,5527,18496,11109528531176,6744018157417,1.7426447852865177,0.7201172669175346
6136,-1.4.-3.3,5531,18496,11115649982544,6748898937701,1.7416010557847537,0.7198682565897491
6137,-3.-3.5.-8,5535,18496,11121771433912,6753779717985,1.7405580808317642,0.7196195632748452
6138,-3.2.-5.7,5539,18496,383720444320,233057258561,1.739515859337358,0.7193711863641404
6139,1.-1.-3.6,5543,18496,11134014336648,6763541278553,1.7384743902137045,0.7191231252505192
6140,1.-4.3.-3,5547,18496,11140135788016,6768422058837,1.7374336723753268,0.7188753793284275
6141,3.-2.5.-7,5551,18496,11146257239384,6773302839121,1.7363937047390963,0.718627947993867
6142,3.3.-5.8,5555,18496,11152378690752,6778183619405,1.7353544862242245,0.7183808306443918
6143,-5.-13.-1.7,11123,36992,22324641623232,13572229774733,1.7336673510945557,0.7179792561304043
6144,-5.-14.1.4,87,289,58188869440,35385657059,1.7319821866519505,0.7175785077824224
6145,5.13.1.-7,11149,36992,22364410106688,13603954846579,1.7302989882979904,0.7171785830381251
6146,5.14.-1.-4,5581,18496,11192147174208,6809908691251,1.7286177514503327,0.7167794793458386
6147,-1.-11.19.-28,11165,36992,3198403467456,1946211138245,1.728230051790843,0.7166837092543971
6148,-1.8.-19.29,349,1156,699792318624,425848079779,1.7278424562910264,0.7165879842625853
6149,-19.-44.-9.33,11171,36992,22397884119744,13630799138141,1.7274549648949313,0.7164923043383434
6150,-19.-53.9.6,5587,18496,11201207021760,6817229861677,1.72706757754665,0.7163966694496416
6151,-23.-55.-7.34,11177,36992,22406943967296,13638120308567,1.7266802941903208,0.716301079564481
6152,-23.-56.-5.31,2795,9248,5602868472768,3410445223445,1.7262931147701266,0.7162055346508925
6153,-23.-61.5.16,11183,36992,22416003814848,13645441478993,1.7259060392302945,0.7161100346769383
6154,-23.-62.7.13,329,1088,1601466695616,974935861729,1.725519067515098,0.7160145796107106
6155,-9.-11.-21.40,11189,36992,22425063662400,13652762649419,1.7251321995688542,0.715919169420332
6156,-9.-32.21.-23,1399,4624,2803699198272,1707052904329,1.7247454353359255,0.7158238040739555
6157,1.-8.19.-29,11195,36992,22434123509952,13660083819845,1.724358774760719,0.7157284835397646
6158,1.11.-19.28,5599,18496,11219326716864,6831872202529,1.7239722177876864,0.7156332077859727
6159,19.44.9.-33,11201,36992,22443183357504,13667404990271,1.7235857643613237,0.7155379767808241
6160,19.53.-9.-6,2801,9248,5611928320320,3417766393871,1.7231994144261724,0.7154427904925924
6161,23.55.7.-34,11207,36992,3207463315008,1953532308671,1.722813167926818,0.7153476488895822
6162,23.56.5.-31,5605,18496,11228386564416,6839193372955,1.7224270248078897,0.7152525519401278
6163,23.61.-5.-16,11213,36992,22461303052608,13682047331123,1.7220409850140628,0.7151574996125939
6164,23.62.-7.-13,701,2312,1404114561024,855356744771,1.7216550484900557,0.7150624918753747
6165,9.11.21.-40,11219,36992,22470362900160,13689368501549,1.7212692151806317,0.7149675286968954
6166,9.32.-21.23,5611,18496,11237446411968,6846514543381,1.720883485030598,0.7148726100456098
6167,-9.-22.-3.14,2807,9248,5620985920068,3425087564297,1.7201123339881543,0.7146823292722142
6168,-9.-25.3.5,5617,18496,11246497268304,6853835713807,1.7193415949220685,0.7144922266943229
6169,9.22.3.-14,1405,4624,2812755674118,1714374074755,1.7185712673923905,0.7143023020600885
6170,9.25.-3.-5,5623,18496,11255548124640,6861156884233,1.7178013509598749,0.714112555118141
6171,-11.-28.-5.20,11249,36992,22515617181840,13725974353679,1.717416546767981,0.7140174601459263
6172,-11.-33.5.5,2813,9248,5630034528600,3432408734723,1.717031845185979,0.7139224096184481
6173,-13.-14.-11.23,11255,36992,4504931809392,2746659104821,1.7166472461591606,0.7138274035043493
6174,-13.-25.11.-10,5629,18496,11264589989760,6868478054659,1.7162627496328617,0.7137324417723023
6175,-13.-36.-3.20,11261,36992,22533700912080,13740616694531,1.715878355552461,0.713637524391009
6176,-13.-37.-5.24,88,289,704319432645,429508664992,1.7154940638633815,0.7135426513292016
6177,-13.-39.3.11,11267,36992,22542742777200,13747937864957,1.7151098745110898,0.7134478225556409
6178,-13.-42.5.9,5635,18496,2254726370976,1375159845017,1.7147257874410953,0.7133530380391182
6179,-15.-39.-3.21,2819,9248,5639076393720,3439729905149,1.713957919930257,0.7131636016524967
6180,-15.-42.3.12,5641,18496,11282673720000,6883120395511,1.7131904608958157,0.7129743419202536
6181,-17.-45.-5.27,11285,36992,4513973674512,2753980275247,1.7128068844214803,0.7128797782218139
6182,-17.-50.5.12,83,272,2821798663140,1721695245181,1.7124234099034146,0.7127852585937754
6183,-3.-13.5.-3,11291,36992,22578910237680,13777222546661,1.712040037287432,0.712690783005135
6184,-3.-8.-5.12,5647,18496,11291715585120,6890441565937,1.7116567665193894,0.7125963514249183
6185,-3.1.13.-24,11297,36992,22587952102800,13784543717087,1.7112735975451865,0.7125019638221806
6186,-3.14.-13.15,2825,9248,1129623651768,689410215115,1.7108905303107664,0.7124076201660062
6187,-5.-17.-5.16,11303,36992,22596993967920,13791864887513,1.710507564762115,0.7123133204255085
6188,-5.-22.5.1,5653,18496,11300757450240,6897762736363,1.710124700845262,0.7122190645698303
6189,-5.-7.15.-24,11309,36992,22606035833040,13799186057939,1.7097419385062784,0.7121248525681433
6190,-5.8.-15.21,707,2312,1413159797850,862677915197,1.70935927769128,0.712030684389648
6191,-7.-18.-5.16,11315,36992,4523015539632,2761301445673,1.708976718346424,0.7119365600035743
6192,-7.-23.5.1,5659,18496,11309799315360,6905083906789,1.7085942604179114,0.7118424793791813
6193,-7.-9.13.-20,11321,36992,22624119563280,13813828398791,1.7082119038519852,0.7117484424857563
6194,-7.4.-13.19,2831,9248,5657160123960,3454372246001,1.7078296485949318,0.711654449292616
6195,-9.-15.11.-14,11327,36992,22633161428400,13821149569217,1.70744749459308,0.7115604997691061
6196,-9.-17.15.-20,5665,18496,2263768236096,1382481015443,1.7070654417928008,0.7114665938846007
6197,-9.-2.-15.25,11333,36992,22642203293520,13828470739643,1.7066834901405088,0.7113727316085031
6198,-9.-27.-5.20,1417,4624,2830840528260,1729016415607,1.7063016395826602,0.7112789129102455
6199,-9.-32.5.5,667,2176,22651245158640,13835791910069,1.7059198900657544,0.7111851377592882
6200,-9.-4.-11.19,5671,18496,11327883045600,6919726247641,1.7055382415363325,0.7110914061251207
6201,11.28.5.-20,11345,36992,4532057404752,2768622616099,1.705156693940979,0.7109977179772613
6202,11.33.-5.-5,2837,9248,5666201989080,3461693416427,1.70477524722632,0.7109040732852565
6203,13.14.11.-23,11351,36992,22669328888880,13850434250921,1.7043939013390237,0.7108104720186817
6204,13.25.-11.10,5677,18496,11336924910720,6927047418067,1.7040126562258018,0.7107169141471411
6205,13.36.3.-20,11357,36992,553130994000,337994034667,1.7036315118334067,0.7106233996402668
6206,13.37.5.-24,355,1156,141768073041,86633850041,1.7032504681086345,0.7105299284677198
6207,13.39.-3.-11,11363,36992,22687412619120,13865076591773,1.702869524998322,0.7104365005991898
6208,13.42.-5.-9,5683,18496,11345966775840,6934368588493,1.7024886824493493,0.7103431160043945
6209,15.39.3.-21,2843,9248,5675243854200,3469014586853,1.7017272988231513,0.7101564765150217
6210,15.42.-3.-12,5689,18496,11355008640960,6941689758919,1.7009663168059177,0.7099700097579121
6211,17.45.5.-27,11381,36992,22714538214480,13887040103051,1.7005859762683078,0.7098768410785521
6212,17.50.-5.-12,1423,4624,2839882393380,1736337586033,1.7002057359741964,0.7097837154918294
6213,3.-1.-13.24,11387,36992,22723580079600,13894361273477,1.699825595870757,0.7096906329676603
6214,3.-14.13.-15,335,1088,2272810101216,1389802185869,1.6994455559052046,0.7095975934759888
6215,3.13.-5.3,11393,36992,22732621944720,13901682443903,1.6990656160247954,0.7095045969867878
6216,3.8.5.-12,2849,9248,5684285719320,3476335757279,1.6986857761768275,0.7094116434700571
6217,5.-8.15.-21,11399,36992,22741663809840,13909003614329,1.6983060363086413,0.7093187328958255
6218,5.17.5.-16,5701,18496,11373092371200,6956332099771,1.6979263963676174,0.7092258652341497
6219,5.22.-5.-1,11405,36992,4550141134992,2783264956951,1.697546856301179,0.7091330404551143
6220,5.7.-15.24,713,2312,1422201662970,869999085623,1.697167416056791,0.7090402585288315
6221,7.-4.13.-19,11411,36992,22759747540080,13923645955181,1.696788075581958,0.7089475194254423
6222,7.18.5.-16,5707,18496,11382134236320,6963653270197,1.6964088348242286,0.7088548231151148
6223,7.23.-5.-1,11417,36992,22768789405200,13930967125607,1.6960296937311903,0.7087621695680454
6224,7.9.-13.20,2855,9248,1138665516888,696731385541,1.6956506522504737,0.7086695587544586
6225,9.15.-11.14,11423,36992,22777831270320,13938288296033,1.6952717103297494,0.7085769906446056
6226,9.17.-15.20,5713,18496,11391176101440,6970974440623,1.6948928679167305,0.7084844652087668
6227,9.2.15.-25,11429,36992,21931542960,13422145781,1.6945141249591698,0.7083919824172494
6228,9.27.5.-20,1429,4624,2848924258500,1743658756459,1.6941354814048624,0.7082995422403886
6229,9.32.-5.-5,11435,36992,4559183000112,2790586127377,1.693756937201644,0.7082071446485474
6230,9.4.11.-19,5719,18496,11400217966560,6978295611049,1.6933784922973913,0.7081147896121162
6231,0.-1.-6.11,22887,73984,45617402445856,27926604589977,1.6926849343682602,0.7079441222041212
6232,0.-7.6.-7,11449,36992,22816966512736,13970013367879,1.691991709698385,0.7077735986075555
6233,0.1.6.-11,22909,73984,45650463605088,27953448881539,1.6912988179676527,0.7076032186395342
6234,0.7.-6.7,2865,9248,5708374273088,3495858878415,1.6906062588564117,0.7074329821174835
6235,-1.-12.5.-3,22925,73984,45674478857408,27972972002675,1.6902915691308997,0.707354726070065
6236,-1.-7.-5.12,11465,36992,22840981765056,13989536489015,1.6899769480325229,0.7072764999085902
6237,-1.10.-7.7,22935,73984,4153586200256,2544106723035,1.6896623955313554,0.7071983036158277
6238,-1.3.7.-14,5735,18496,2284846643776,1399563746437,1.6893479115974914,0.7071201371745585
6239,-11.-19.-7.19,22945,73984,45704417548224,27997375904095,1.689033496201044,0.7070420005675778
6240,-11.-26.7.-2,675,2176,22855951110464,14001738439725,1.6887191493121463,0.7069638937776936
6241,-13.-21.-9.23,22955,73984,45719386893632,28009577854805,1.6884048709009505,0.7068858167877274
6242,-13.-23.-5.17,1435,4624,2857929472896,1750979926885,1.6880906609376287,0.7068077695805142
6243,-13.-28.5.2,22965,73984,9146871247808,5604355961103,1.6877765193923724,0.7067297521389014
6244,-13.-30.9.-4,11485,36992,22870920455872,14013940390435,1.6874624462353927,0.7066517644457506
6245,-15.-25.-7.21,22975,73984,45749325584448,28033981756225,1.6871484414369196,0.7065738064839366
6246,-15.-32.7.0,5745,18496,11439202564288,7010020682895,1.686834504967203,0.7064958782363466
6247,-17.-32.-7.24,22985,73984,45764294929856,28046183706935,1.6865206367965127,0.7064179796858818
6248,-17.-39.7.3,11495,36992,416107087296,255020769839,1.6862068368951366,0.7063401108154562
6249,-3.-1.9.-16,22995,73984,45779264275264,28058385657645,1.6858931052333828,0.7062622716079973
6250,-3.-12.-13.28,2875,9248,5723343618496,3508060829125,1.6855794417815788,0.7061844620464457
6251,-3.-25.13.-11,23005,73984,45794233620672,28070587608355,1.6852658465100716,0.7061066821137546
6252,-3.8.-9.11,11505,36992,22900859146688,14038344291855,1.6849523193892268,0.7060289317928912
6253,-5.-18.-15.34,23015,73984,9161840593216,5616557911813,1.68463886038943,0.7059512110668354
6254,-5.-20.-11.28,5755,18496,11454171909696,7022222633605,1.6843254694810859,0.7058735199185804
6255,-5.-31.11.-5,23025,73984,45824172311488,28094991509775,1.6840121466346187,0.7057958583311323
6256,-5.-33.15.-11,11515,36992,22915828492096,14050546242565,1.683698891820471,0.7057182262875105
6257,-7.-11.9.-12,1355,4352,45839141656896,28107193460485,1.6833857050091054,0.705640623770747
6258,-7.-2.-9.15,90,289,17908838410,10981755639,1.683072586171004,0.7055630507638877
6259,-7.-21.-3.14,23045,73984,4168555545664,2556308673745,1.6827595352766676,0.705485507249991
6260,-7.-22.-13.32,11525,36992,22930797837504,14062748193275,1.682446552296616,0.7054079932121285
6261,-7.-24.3.5,23055,73984,45869080347712,28131597361905,1.6821336372013889,0.7053305086333846
6262,-7.-35.13.-7,5765,18496,11469141255104,7034424584315,1.6818207899615445,0.7052530534968575
6263,-9.-28.-15.38,23065,73984,9176809938624,5628759862523,1.6815080105476607,0.7051756277856573
6264,-9.-43.15.-7,11535,36992,22945767182912,14074950143985,1.6811952989303338,0.7050982314829077
6265,1.-10.7.-7,23075,73984,45899019038528,28156001263325,1.6808826550801799,0.7050208645717457
6266,1.-3.-7.14,2885,9248,5738312963904,3520262779835,1.680570078967834,0.7049435270353207
6267,1.12.-5.3,23085,73984,45913988383936,28168203214035,1.68025757056395,0.7048662188567951
6268,1.7.5.-12,11545,36992,4592147305664,2817430418939,1.6799451298392012,0.7047889400193448
6269,11.19.7.-19,23095,73984,45928957729344,28180405164745,1.6796327567642797,0.7047116905061581
6270,11.26.-7.2,5775,18496,1044010054592,640602412275,1.6793204513098965,0.7046344703004364
6271,13.21.9.-23,23105,73984,45943927074752,28192607115455,1.6790082134467823,0.7045572793853938
6272,13.23.5.-17,11555,36992,22975705873728,14099354045405,1.6786960431456857,0.7044801177442578
6273,13.28.-5.-2,23115,73984,9191779284032,5640961813233,1.678383940377375,0.7044029853602685
6274,13.30.-9.4,5,16,2872898818304,1763181877595,1.6780719051126376,0.7043258822166784
6275,15.25.7.-21,23125,73984,45973865765568,28217011016875,1.6777599373222796,0.7042488082967538
6276,15.32.-7.0,11565,36992,22990675219136,14111555996115,1.6774480369771259,0.7041717635837733
6277,17.32.7.-24,23135,73984,45988835110976,28229212967585,1.6771362040480207,0.7040947480610285
6278,17.39.-7.-3,5785,18496,2299815989184,1411765697147,1.6768244385058266,0.7040177617118232
6279,3.-8.9.-11,23145,73984,46003804456384,28241414918295,1.6765127403214255,0.7039408045194752
6280,3.1.-9.16,11575,36992,23005644564544,14123757946825,1.6762011094657179,0.703863876467314
6281,3.12.13.-28,23155,73984,4183524891072,2568510624455,1.6758895459096232,0.7037869775386827
6282,3.25.-13.11,2895,9248,5753282309312,3532464730545,1.67557804962408,0.7037101077169364
6283,5.18.15.-34,23165,73984,9206748629440,5653163763943,1.675266620580045,0.7036332669854437
6284,5.20.11.-28,11585,36992,23020613909952,14135959897535,1.6749552587484946,0.7035564553275857
6285,5.31.-11.5,23175,73984,46048712492608,28278020770425,1.6746439641004234,0.7034796727267557
6286,5.33.-15.11,5795,18496,11514049291328,7071030436445,1.6743327366068448,0.7034029191663607
6287,7.11.-9.12,23185,73984,46063681838016,28290222721135,1.6740215762387909,0.7033261946298197
6288,7.2.9.-15,11595,36992,4607116651072,2829632369649,1.6737104829673128,0.7032494991005644
6289,7.21.3.-14,23195,73984,46078651183424,28302424671845,1.6733994567634805,0.7031728325620398
6290,7.22.13.-32,725,2312,1440191745504,884641426475,1.673088497598382,0.7030961949977027
6291,7.24.-3.-5,1365,4352,46093620528832,28314626622555,1.6727776054431245,0.7030195863910235
6292,7.35.-13.7,11605,36992,2095504781888,1287305799905,1.672466780268834,0.7029430067254845
6293,9.28.15.-38,23215,73984,9221717974848,5665365714653,1.6721560220466547,0.702866455984581
6294,9.43.-15.7,5805,18496,11529018636736,7083232387155,1.67184533074775,0.702789934151821
6295,-13.-36.-7.27,23231,73984,46132496048800,28346351694401,1.671162045318096,0.7026202874569214
6296,-13.-43.7.6,11621,36992,23074458775328,14179886920091,1.6704790833510983,0.7024507814203778
6297,-7.-20.-5.17,23253,73984,46165339052512,28373195985963,1.6697964445406515,0.7022814158661591
6298,-7.-25.5.2,727,2312,1443180017324,887081816617,1.6691141285810844,0.7021121906185295
6299,-9.-25.-5.19,23275,73984,46198182056224,28400040277525,1.6684321351671605,0.7019431055020483
6300,-9.-30.5.4,11643,36992,23107301779040,14206731211653,1.6677504639940746,0.7017741603415694
6301,13.36.7.-27,23297,73984,46231025059936,28426884569087,1.667069114757454,0.7016053549622399
6302,13.43.-7.-6,5827,18496,11561861640448,7110076678717,1.666388087153357,0.7014366891894999
6303,7.20.5.-17,23319,73984,46263868063648,28453728860649,1.6657073808782723,0.7012681628490824
6304,7.25.-5.-2,11665,36992,23140144782752,14233575503215,1.665026995629117,0.7010997757670122
6305,9.25.5.-19,1373,4352,46296711067360,28480573152211,1.6643469311032388,0.7009315277696045
6306,9.30.-5.-4,2919,9248,5789141571152,3561749412249,1.6636671869984112,0.700763418683466
6307,-5.-14.-3.11,11681,36992,23163998439328,14253098624351,1.6630495156095657,0.700608709389905
6308,-5.-17.3.2,5843,18496,11585715297024,7129599799853,1.6624321085556402,0.7004541159139827
6309,5.14.3.-11,11691,36992,23178862748768,14265300575061,1.6618149656104855,0.7002996381248064
6310,5.17.-3.-2,43,136,1449143431468,891962596901,1.6611980865482416,0.7001452758916831
6311,-8.-21.-2.12,11705,36992,23199671013952,14282383306055,1.6600883685013037,0.6998676047100425
6312,-8.-23.2.6,5857,18496,11606523562208,7146682530847,1.6589795033911614,0.699590306874609
6313,8.21.2.-12,11723,36992,23226423234880,14304346817333,1.6578714899076754,0.6993133816277958
6314,8.23.-2.-6,2933,9248,5809949836336,3578832143243,1.656764326743723,0.6990368282140778
6315,-6.-1.-8.13,1381,4352,46498902445568,28646519681867,1.6559652369922886,0.6988367894582113
6316,-6.-9.8.-11,11745,36992,23259103100224,14331191108895,1.6551665896011194,0.6986369444216006
6317,-8.-13.-6.15,23503,73984,46537509955328,28678244753713,1.6543683840807235,0.6984372928210685
6318,-8.-19.6.-3,5879,18496,11639203427552,7173526822409,1.6535706199424198,0.6982378343739928
6319,6.1.8.-13,23529,73984,46576117465088,28709969825559,1.6527732966983373,0.698038568798305
6320,6.9.-8.11,11771,36992,23297710609984,14362916180741,1.6519764138614144,0.6978394958124896
6321,8.13.6.-15,23555,73984,46614724974848,28741694897405,1.6511799709453951,0.6976406151355828
6322,8.19.-6.3,1473,4624,2914626795608,1797347339583,1.6503839674648297,0.6974419264871695
6323,-13.-21.-5.16,2947,9248,832962546144,513702124891,1.6498943373766786,0.6973195854957842
6324,-13.-26.5.1,737,2312,1458055513700,899283767327,1.649404873405609,0.6971973171388371
6325,-14.-23.-4.15,2949,9248,5833706286592,3598355264379,1.648915575438942,0.6970751213512233
6326,-14.-27.4.3,1475,4624,2917595259192,1799787729725,1.6484264433641127,0.6969529980679162
6327,-15.-25.-3.14,2951,9248,5836674750176,3600795654521,1.6479374770686717,0.6968309472239682
6328,-15.-28.3.5,369,1156,729769872746,450251981199,1.6474486764402827,0.6967089687545087
6329,-16.-27.-2.13,2953,9248,5839643213760,3603236044663,1.6469600413667247,0.6965870625947461
6330,-16.-29.2.7,1477,4624,417223388968,257461159981,1.6464715717358895,0.6964652286799654
6331,-17.-29.-1.12,2955,9248,5842611677344,3605676434805,1.645983267435784,0.6963434669455305
6332,-17.-30.1.9,739,2312,1461023977284,901724157469,1.645495128354528,0.6962217773268824
6333,-18.-31.0.11,2957,9248,5845580140928,3608116824947,1.6450071543803546,0.6961001597595392
6334,13.21.5.-16,87,272,2923532186360,1804668510009,1.6445193454016112,0.6959786141790971
6335,13.26.-5.-1,2959,9248,5848548604512,3610557215089,1.6440317013067574,0.695857140521229
6336,14.23.4.-15,185,578,365627052269,225736088135,1.6435442219843666,0.6957357387216849
6337,14.27.-4.-3,2961,9248,835931009728,516142515033,1.6430569073231251,0.6956144087162922
6338,15.25.3.-14,1481,4624,2926500649944,1807108900151,1.642569757211831,0.6954931504409553
6339,15.28.-3.-5,2963,9248,5854485531680,3615437995373,1.6420827715393966,0.6953719638316544
6340,16.27.2.-13,741,2312,1463992440868,904164547611,1.641595950194845,0.6952508488244477
6341,16.29.-2.-7,2965,9248,5857453995264,3617878385515,1.6411092930673128,0.6951298053554688
6342,17.29.1.-12,1483,4624,2929469113528,1809549290293,1.6406228000460483,0.6950088333609284
6343,17.30.-1.-9,2967,9248,5860422458848,3620318775657,1.6401364710204118,0.6948879327771132
6344,18.31.0.-11,371,1156,104676905190,64670338763,1.6396503058798757,0.6947671035403866
6345,-5.-19.-13.31,23757,73984,46914448202240,28988174301747,1.6388606367781806,0.6945678225407544
6346,-5.-32.13.-8,11885,36992,4693364287936,2900403683767,1.6380713996708818,0.6943687320322725
6347,5.19.13.-31,1399,4352,46952837556480,29019899373593,1.637282594085586,0.6941698317400448
6348,5.32.-13.8,5949,18496,11743008058400,7258940477379,1.6364942195506749,0.6939711213897076
6349,-1.-11.7.-7,23801,73984,46979411870336,29041862884871,1.6361911132527578,0.6938946548299239
6350,-1.-4.-7.14,11903,36992,23493395753536,14523981930113,1.635888070623272,0.693818216340263
6351,-11.-20.11.-12,23811,73984,46994171143808,29054064835581,1.635585091635475,0.693741805905164
6352,-11.-22.15.-18,2977,9248,5875193847568,3632520726367,1.6352821762626426,0.6936654235090778
6353,-11.-31.-3.18,23821,73984,47008930417280,29066266786291,1.6349793244780662,0.6935890691364663
6354,-11.-34.3.9,11913,36992,23508155027008,14536183880823,1.6346765362550544,0.6935127427718042
6355,-11.-7.-15.27,23831,73984,47023689690752,29078468737001,1.6343738115669326,0.6934364443995764
6356,-11.-9.-11.21,5959,18496,11757767331872,7271142428089,1.6340711503870429,0.69336017400428
6357,-13.-15.-13.27,23841,73984,47038448964224,29090670687711,1.6337685526887442,0.6932839315704235
6358,-13.-28.13.-12,11923,36992,23522914300480,14548385831533,1.6334660184454126,0.6932077170825269
6359,-13.-33.-5.22,1403,4352,2767835778688,1711933684613,1.6331635476304402,0.6931315305251219
6360,-13.-34.-3.19,23861,73984,47067967511168,29115074589131,1.632558796179227,0.6929792411399698
6361,-13.-37.3.10,23871,73984,47082726784640,29127276539841,1.6319542981225792,0.6928270632914488
6362,-13.-38.5.7,5969,18496,11772526605344,7283344378799,1.6316521440508756,0.692751016154876
6363,-15.-39.-7.28,23881,73984,47097486058112,29139478490551,1.6313500532482372,0.6926749968562245
6364,-15.-41.-11.36,11943,36992,23552432847424,14572789732953,1.6310480256881732,0.6925990053801064
6365,-15.-41.-3.22,23891,73984,47112245331584,29151680441261,1.6307460613442093,0.6925230417111446
6366,-15.-42.-5.26,2987,9248,203101831760,125680092313,1.6304441601898882,0.6924471058339741
6367,-15.-44.3.13,23901,73984,47127004605056,29163882391971,1.6301423221987692,0.6923711977332402
6368,-15.-46.7.7,11953,36992,23567192120896,14584991683663,1.6298405473444282,0.6922953173936007
6369,-15.-47.5.11,23911,73984,47141763878528,29176084342681,1.629538835600457,0.6922194647997244
6370,-15.-52.11.3,5979,18496,11787285878816,7295546329509,1.6292371869404647,0.6921436399362912
6371,-3.-12.-5.14,23921,73984,47156523152000,29188286293391,1.628935601338077,0.6920678427879924
6372,-3.-17.5.-1,11963,36992,23581951394368,14597193634373,1.6286340787669353,0.691992073339531
6373,-3.-2.15.-26,23931,73984,47171282425472,29200488244101,1.6283326192006988,0.6919163315756209
6374,-3.13.-15.19,11,34,21681370433,13422145781,1.628031222613042,0.6918406174809877
6375,-5.-16.-3.12,23941,73984,47186041698944,29212690194811,1.6277298889776568,0.691764931040368
6376,-5.-19.3.3,11973,36992,23596710667840,14609395585083,1.6274286182682511,0.69168927223851
6377,-5.-4.13.-22,23951,73984,47200800972416,29224892145521,1.6271274104585491,0.6916136410601726
6378,-5.9.-13.17,5989,18496,11802045152288,7307748280219,1.626826265522292,0.691538037490127
6379,-7.-10.11.-16,23961,73984,47215560245888,29237094096231,1.6265251834332368,0.6914624615131548
6380,-7.-22.-5.18,11983,36992,23611469941312,14621597535793,1.6262241641651578,0.6913869131140491
6381,-7.-27.5.3,23971,73984,47230319519360,29249296046941,1.6259232076918446,0.6913113922776142
6382,-7.1.-11.17,2997,9248,5904712394512,3656924627787,1.6256223139871042,0.6912358989886658
6383,-9.-1.-13.21,23981,73984,47245078792832,29261497997651,1.6253214830247595,0.6911604332320306
6384,-9.-14.13.-18,11993,36992,23626229214784,14633799486503,1.62502071477865,0.691084994992547
6385,-9.-23.-5.18,23991,73984,47259838066304,29273699948361,1.624720009222631,0.691009584255064
6386,-9.-25.-9.26,5999,18496,11816804425760,7319950230929,1.6244193663305748,0.6909342010044421
6387,-9.-28.5.3,24001,73984,47274597339776,29285901899071,1.62411878607637,0.690858845225553
6388,-9.-34.9.-1,12003,36992,23640988488256,14646001437213,1.6238182684339206,0.6907835169032794
6389,1.11.-7.7,24011,73984,47289356613248,29298103849781,1.6235178133771484,0.6907082160225152
6390,1.4.7.-14,1501,4624,2956046015624,1831512801571,1.6232174208799903,0.6906329425681659
6391,11.20.-11.12,1413,4352,2782595052160,1724135635323,1.6229170909164,0.6905576965251473
6392,11.22.-15.18,12013,36992,23655747761728,14658203387923,1.6226168234603473,0.6904824778783872
6393,11.31.3.-18,24031,73984,47318875160192,29322507751201,1.6223166184858182,0.6904072866128239
6394,11.34.-3.-9,6009,18496,11831563699232,7332152181639,1.622016475966815,0.6903321227134072
6395,11.7.15.-27,24041,73984,1632194290816,1011541713859,1.6217163958773564,0.6902569861650977
6396,11.9.11.-21,12023,36992,23670507035200,14670405338633,1.621416378191477,0.6901818769528671
6397,13.15.13.-27,24051,73984,47348393707136,29346911652621,1.6211164228832278,0.690106795061699
6398,13.28.-13.12,3007,9248,5919471667984,3669126578497,1.620816529926676,0.6900317404765864
6399,13.33.5.-22,24061,73984,47363152980608,29359113603331,1.6205166992959046,0.6899567131825353
6400,13.34.3.-19,24071,73984,47377912254080,29371315554041,1.6199172249081184,0.689806740407691
6401,13.37.-3.-10,24081,73984,47392671527552,29383517504751,1.6193179995128575,0.6896568766174277
6402,13.38.-5.-7,12043,36992,23700025582144,14694809240053,1.619018480122804,0.6895819855541435
6403,15.39.7.-28,24091,73984,47407430801024,29395719455461,1.6187190229033697,0.6895071216921826
6404,15.41.11.-36,753,2312,1481712826180,918806888463,1.6184196278287506,0.6894322850166268
6405,15.41.3.-22,24101,73984,47422190074496,29407921406171,1.6181202948731592,0.6893574755125694
6406,15.42.5.-26,709,2176,1394987344448,865118305339,1.6178210240108233,0.6892826931651146
6407,15.44.-3.-13,24111,73984,47436949347968,29420123356881,1.6175218152159874,0.6892079379593772
6408,15.46.-7.-7,6029,18496,11861082246176,7356556083059,1.6172226684629118,0.6891332098804835
6409,15.47.-5.-11,24121,73984,47451708621440,29432325307591,1.6169235837258726,0.6890585089135706
6410,15.52.-11.-3,12063,36992,23729544129088,14719213141473,1.616624560979162,0.6889838350437861
6411,3.-13.15.-19,24131,73984,47466467894912,29444527258301,1.6163256001970887,0.688909188256289
6412,3.12.5.-14,3017,9248,5934230941456,3681328529207,1.6160267013539764,0.6888345685362489
6413,3.17.-5.1,24141,73984,47481227168384,29456729209011,1.615727864424166,0.6887599758688466
6414,3.2.-15.26,12073,36992,23744303402560,14731415092183,1.6154290893820127,0.6886854102392737
6415,5.-9.13.-17,24151,73984,47495986441856,29468931159721,1.6151303762018892,0.6886108716327323
6416,5.16.3.-12,6039,18496,11875841519648,7368758033769,1.614831724858183,0.6885363600344359
6417,5.19.-3.-3,24161,73984,47510745715328,29481133110431,1.6145331353252983,0.6884618754296082
6418,5.4.-13.22,12083,36992,23759062676032,14743617042893,1.6142346075776548,0.6883874178034848
6419,7.-1.11.-17,24171,73984,47525504988800,29493335061141,1.613936141589688,0.6883129871413112
6420,7.10.-11.16,1511,4624,2970805289096,1843714752281,1.6136377373358497,0.688238583428344
6421,7.22.5.-18,24181,73984,47540264262272,29505537011851,1.6133393947906072,0.6881642066498507
6422,7.27.-5.-3,12093,36992,819786963776,508821344607,1.613041113928443,0.6880898567911097
6423,9.1.13.-21,1423,4352,2797354325632,1736337586033,1.6127428947238571,0.6880155338374097
6424,9.14.-13.18,6049,18496,11890600793120,7380959984479,1.6124447371513635,0.6879412377740508
6425,9.23.5.-18,24201,73984,47569782809216,29529940913271,1.6121466411854934,0.6878669685863438
6426,9.25.9.-26,12103,36992,23788581222976,14768020944313,1.611848606800793,0.6877927262596097
6427,9.28.-5.-3,24211,73984,47584542082688,29542142863981,1.6115506339718242,0.687718510779181
6428,9.34.-9.1,3027,9248,5948990214928,3693530479917,1.6112527226731652,0.6876443221304003
6429,-11.-21.-11.27,12111,36992,23800384892560,14777782504881,1.6108953102990127,0.6875551038861977
6430,-11.-22.-9.24,6057,18496,11902404462704,7390721545047,1.6105379864480496,0.6874659243176975
6431,-11.-23.-7.21,12117,36992,23809232958256,14785103675307,1.610180751076436,0.6873767833995859
6432,-11.-24.-5.18,1515,4624,2976707123888,1848595532565,1.6098236041403657,0.6872876811065719
6433,-11.-29.5.3,12123,36992,23818081023952,14792424845733,1.6094665455960633,0.6871986174133866
6434,-11.-30.7.0,6063,18496,11911252528400,7398042715473,1.6091095753997873,0.6871095922947832
6435,-11.-31.9.-3,12129,36992,23826929089648,14799746016159,1.6087526935078278,0.6870206057255368
6436,-11.-32.11.-6,3033,9248,5957838280624,3700851650343,1.608395899876508,0.6869316576804452
6437,-13.-30.-7.24,12135,36992,23835777155344,14807067186585,1.6080391944621826,0.6868427481343278
6438,-13.-31.-5.21,21,64,701182387888,435609640347,1.6076825772212398,0.6867538770620262
6439,-13.-36.5.6,12141,36992,23844625221040,14814388357011,1.607326048110099,0.6866650444384044
6440,-13.-37.7.3,759,2312,1490565578368,926128058889,1.6069696070852124,0.686576250238348
6441,-15.-31.-11.31,12147,36992,23853473286736,14821709527437,1.606613254103065,0.686487494436765
6442,-15.-42.11.-2,6075,18496,11928948659792,7412685056325,1.6062569891201732,0.6863987770085849
6443,-17.-41.-5.25,12153,36992,23862321352432,14829030697863,1.605900812093086,0.6863100979287593
6444,-17.-42.-3.22,3039,9248,5966686346320,3708172820769,1.6055447229783844,0.6862214571722624
6445,-17.-45.3.13,12159,36992,23871169418128,14836351868289,1.605188721732682,0.6861328547140895
6446,-17.-46.5.10,6081,18496,11937796725488,7420006226751,1.6048328083126235,0.686044290529258
6447,-7.-12.-9.20,12165,36992,23880017483824,14843673038715,1.6044769826748873,0.6859557645928074
6448,-7.-13.-7.17,1521,4624,2985555189584,1855916702991,1.6041212447761823,0.6858672768797989
6449,-7.-20.7.-4,12171,36992,23888865549520,14850994209141,1.6037655945732499,0.6857788273653156
6450,-7.-21.9.-7,6087,18496,11946644791184,7427327397177,1.6034100320228637,0.685690416024462
6451,-8.-8.8.-12,12177,36992,23897713615216,14858315379567,1.6030545570818293,0.6856020428323648
6452,-8.0.-8.12,3045,9248,5975534412016,3715493991195,1.6026991697069841,0.6855137077641726
6453,-9.-21.-5.17,12183,36992,23906561680912,14865636549993,1.602343869855197,0.6854254107950551
6454,-9.-26.5.2,6093,18496,11955492856880,7434648567603,1.6019886574833697,0.6853371519002043
6455,11.21.11.-27,717,2176,1406788808624,874879865907,1.6016335325484345,0.6852489310548334
6456,11.22.9.-24,381,1156,747494805608,464894322051,1.6012784950073569,0.6851607482341777
6457,11.23.7.-21,12195,36992,23924257812304,14880278890845,1.6009235448171326,0.6850726034134939
6458,11.24.5.-18,6099,18496,11964340922576,7441969738029,1.6005686819347902,0.6849844965680599
6459,11.29.-5.-3,12201,36992,23933105878000,14887600061271,1.6002139063173897,0.6848964276731762
6460,11.30.-7.0,3051,9248,5984382477712,3722815161621,1.5998592179220226,0.6848083967041639
6461,11.31.-9.3,12207,36992,23941953943696,14894921231697,1.5995046167058122,0.684720403636366
6462,11.32.-11.6,6105,18496,11973188988272,7449290908455,1.5991501026259132,0.6846324484451469
6463,13.30.7.-24,12213,36992,23950802009392,14902242402123,1.5987956756395123,0.684544531105893
6464,13.31.5.-21,1527,4624,2994403255280,1863237873417,1.5984413357038272,0.684456651594011
6465,13.36.-5.-6,12219,36992,23959650075088,14909563572549,1.5980870827761078,0.6843688098849305
6466,13.37.-7.-3,6111,18496,11982037053968,7456612078881,1.5977329168136347,0.6842810059541014
6467,15.31.11.-31,12225,36992,23968498140784,14916884742975,1.5973788377737204,0.6841932397769956
6468,15.42.-11.2,3057,9248,5993230543408,3730136332047,1.5970248456137088,0.6841055113291059
6469,17.41.5.-25,12231,36992,23977346206480,14924205913401,1.5966709402909751,0.6840178205859467
6470,17.42.3.-22,6117,18496,11990885119664,7463933249307,1.5963171217629262,0.683930167523054
6471,17.45.-3.-13,12237,36992,23986194272176,14931527083827,1.5959633899869994,0.6838425521159848
6472,17.46.-5.-10,45,136,88200802592,54908778195,1.5956097449206648,0.6837549743403171
6473,7.12.9.-20,12243,36992,23995042337872,14938848254253,1.595256186521422,0.6836674341716504
6474,7.13.7.-17,6123,18496,11999733185360,7471254419733,1.5949027147468036,0.6835799315856059
6475,7.20.-7.4,12249,36992,24003890403568,14946169424679,1.5945493295543716,0.6834924665578251
6476,7.21.-9.7,3063,9248,6002078609104,3737457502473,1.5941960309017211,0.6834050390639717
6477,8.0.8.-12,12255,36992,24012738469264,14953490595105,1.593842818746477,0.6833176490797294
6478,8.8.-8.12,6129,18496,12008581251056,7478575590159,1.5934896930462952,0.683230296580804
6479,9.21.5.-17,12261,36992,24021586534960,14960811765531,1.593136653758864,0.6831429815429221
6480,9.26.-5.-2,1533,4624,3003251320976,1870559043843,1.5927837008419012,0.683055703941831
6481,-9.-20.-3.13,12269,36992,24033345822816,14970573326099,1.5921956377999318,0.6829080353162934
6482,-9.-23.3.4,361,1088,632649502048,394123007933,1.5916078143631684,0.6827604719030016
6483,9.20.3.-13,12279,36992,24048016332832,14982775276809,1.5910202303364378,0.6826130135887812
6484,9.23.-3.-4,3071,9248,6013837896960,3747219063041,1.5904328855248042,0.6824656602606203
6485,-6.-14.-2.9,12295,36992,4814289591024,3000459679589,1.5891415680172343,0.6821393830357035
6486,-6.-16.2.3,6153,18496,4014590720400,2502620090621,1.5878514052996706,0.681813615502412
6487,6.14.2.-9,12317,36992,24103640689680,15029142689507,1.5865623953085646,0.6814883564590756
6488,6.16.-2.-3,1541,4624,3014967132120,1880320604411,1.5852745359858935,0.681163604707824
6489,-1.-13.19.-27,24661,73984,3711289614400,2314710049687,1.584982000948111,0.6810891009010817
6490,-1.6.-19.30,12333,36992,24127027930240,15048665810643,1.5846895252155853,0.6810146234540093
6491,-17.-39.-9.31,24671,73984,48261346733760,30103432596641,1.5843971087642752,0.6809401723525208
6492,-17.-48.9.4,6169,18496,12067159401760,7527383392999,1.5841047515701547,0.6808657475825408
6493,-19.-42.-9.32,24681,73984,48275928480320,30115634547351,1.5838124536092122,0.680791349130003
6494,-19.-44.-5.26,12343,36992,24141609676800,15060867761353,1.5835202148574503,0.6807169769808524
6495,-19.-49.5.11,24691,73984,48290510226880,30127836498061,1.5832280352908872,0.6806426311210432
6496,-19.-51.9.5,3087,9248,6037225137520,3766742184177,1.5829359148855542,0.6805683115365396
6497,-21.-49.-9.35,1453,4352,48305091973440,30140038448771,1.5826438536174983,0.6804940182133166
6498,-21.-51.-5.29,12353,36992,24156191423360,15073069712063,1.5823518514627803,0.6804197511373586
6499,-21.-56.5.14,24711,73984,48319673720000,30152240399481,1.5820599083974765,0.6803455102946604
6500,-21.-58.9.8,6179,18496,12081741148320,7539585343709,1.5817680243976768,0.6802712956712267
6501,-23.-54.-5.30,24721,73984,48334255466560,30164442350191,1.581476199439486,0.680197107253072
6502,-23.-59.5.15,12363,36992,1859290243840,1160405512521,1.5811844334990233,0.6801229450262213
6503,-3.-15.17.-23,24731,73984,48348837213120,30176644300901,1.5808927265524224,0.6800488089767094
6504,-3.-17.21.-29,773,2312,1511129002700,943210789883,1.5806010785758315,0.6799746990905807
6505,-3.2.-17.28,24741,73984,48363418959680,30188846251611,1.5803094895454133,0.67990061535389
6506,-3.4.-21.34,12373,36992,24185354916480,15097473613483,1.5800179594373447,0.6798265577527022
6507,-4.-24.-4.18,24751,73984,48378000706240,30201048202321,1.5797264882278177,0.6797525262730919
6508,-4.-28.4.6,6189,18496,12096322894880,7551787294419,1.5794350758930378,0.6796785209011437
6509,-5.-22.17.-20,24761,73984,48392582452800,30213250153031,1.5791437224092257,0.679604541622952
6510,-5.-24.21.-26,12383,36992,24199936663040,15109675564193,1.5788524277526164,0.6795305884246216
6511,-5.-3.-21.37,24771,73984,48407164199360,30225452103741,1.5785611918994584,0.6794566612922667
6512,-5.-5.-17.31,3097,9248,6051806884080,3778944134887,1.5782700148260158,0.6793827602120118
6513,-7.-26.19.-22,24781,73984,48421745945920,30237654054451,1.5779788965085664,0.6793088851699912
6514,-7.-28.23.-28,729,2176,24214518409600,15121877514903,1.5776878369234022,0.6792350361523491
6515,-7.-5.-23.41,24791,73984,3725871360960,2326912000397,1.5773968360468305,0.6791612131452396
6516,-7.-7.-19.35,6199,18496,12110904641440,7563989245129,1.5771058938551716,0.6790874161348265
6517,-9.-13.-21.41,24801,73984,48450909439040,30262057955871,1.5768150103247611,0.6790136451072839
6518,-9.-14.-19.38,12403,36992,24229100156160,15134079465613,1.576524185431949,0.6789399000487956
6519,-9.-33.19.-19,24811,73984,48465491185600,30274259906581,1.5762334191530984,0.6788661809455547
6520,-9.-34.21.-22,1551,4624,3029548878680,1892522555121,1.575942711464588,0.678792487783765
6521,1.-6.19.-30,24821,73984,48480072932160,30286461857291,1.5756520623428103,0.6787188205496398
6522,1.13.-19.27,12413,36992,24243681902720,15146281416323,1.5753614717641717,0.6786451792294023
6523,17.39.9.-31,24831,73984,48494654678720,30298663808001,1.5750709397050935,0.6785715638092852
6524,17.48.-9.-4,6209,18496,12125486388000,7576191195839,1.5747804661420108,0.6784979742755313
6525,19.42.9.-32,24841,73984,48509236425280,30310865758711,1.574490051051373,0.6784244106143932
6526,19.44.5.-26,12423,36992,24258263649280,15158483367033,1.5741996944096444,0.6783508728121332
6527,19.49.-5.-11,24851,73984,48523818171840,30323067709421,1.573909396193302,0.6782773608550238
6528,19.51.-9.-5,3107,9248,466645279280,291626621969,1.5736191563788382,0.6782038747293465
6529,21.49.9.-35,24861,73984,48538399918400,30335269660131,1.5733289749427593,0.6781304144213933
6530,21.51.5.-29,12433,36992,24272845395840,15170685317743,1.5730388518615859,0.6780569799174657
6531,21.56.-5.-14,1463,4352,48552981664960,30347471610841,1.5727487871118524,0.6779835712038749
6532,21.58.-9.-8,6219,18496,12140068134560,7588393146549,1.5724587806701078,0.6779101882669416
6533,23.54.5.-30,24881,73984,48567563411520,30359673561551,1.5721688325129148,0.6778368310929969
6534,23.59.-5.-15,12443,36992,24287427142400,15182887268453,1.5718789426168507,0.6777634996683808
6535,3.-2.17.-28,24891,73984,48582145158080,30371875512261,1.5715891109585063,0.677690193979444
6536,3.-4.21.-34,389,1156,759209937990,474655882619,1.5712993375144868,0.6776169140125461
6537,3.15.-17.23,24901,73984,48596726904640,30384077462971,1.571009622261412,0.6775436597540567
6538,3.17.-21.29,12453,36992,24302008888960,15195089219163,1.570719965175915,0.677470431190355
6539,4.24.4.-18,24911,73984,48611308651200,30396279413681,1.570430366234643,0.6773972283078302
6540,4.28.-4.-6,6229,18496,12154649881120,7600595097259,1.5701408254142581,0.6773240510928807
6541,5.22.-17.20,24921,73984,3740453107520,2339113951107,1.5698513426914362,0.677250899531915
6542,5.24.-21.26,12463,36992,24316590635520,15207291169873,1.569561918042866,0.677177773611351
6543,5.3.21.-37,24931,73984,48640472144320,30420683315101,1.5692725514452517,0.6771046733176163
6544,5.5.17.-31,3117,9248,6080970377200,3803348036307,1.568983242875311,0.6770315986371483
6545,7.26.-19.22,24941,73984,48655053890880,30432885265811,1.5686939923097754,0.6769585495563937
6546,7.28.-23.28,12473,36992,24331172382080,15219493120583,1.5684047997253907,0.6768855260618091
6547,7.5.23.-41,24951,73984,48669635637440,30445087216521,1.5681156650989165,0.6768125281398607
6548,7.7.19.-35,367,1088,12169231627680,7612797047969,1.5678265884071265,0.676739555777024
6549,9.13.21.-41,24961,73984,48684217384000,30457289167231,1.5675375696268086,0.6766666089597848
6550,9.14.19.-38,12483,36992,24345754128640,15231695071293,1.567248608734764,0.6765936876746377
6551,9.33.-19.19,24971,73984,48698799130560,30469491117941,1.5669597057078077,0.6765207919080873
6552,9.34.-21.22,1561,4624,3044130625240,1904724505831,1.56667086052277,0.6764479216466479
6553,-15.-21.-3.12,3123,9248,6089719009540,3810669206733,1.5662088284801055,0.6763312837878817
6554,-15.-24.3.3,781,2312,138435835650,86633850041,1.5657469443586995,0.6762147111796876
6555,-16.-23.-2.11,3125,9248,1218526905532,762621919375,1.565285208063867,0.6760982037669462
6556,-16.-25.2.5,1563,4624,3047046143360,1907164895973,1.5648236195010146,0.6759817614946008
6557,15.21.3.-12,3127,9248,6095550045780,3815549987017,1.5643621785756383,0.6758653843076564
6558,15.24.-3.-3,23,68,762125975605,477096272761,1.5639008851933265,0.675749072151181
6559,16.23.2.-11,3129,9248,6098465563900,3817990377159,1.563439739259757,0.6756328249703043
6560,16.25.-2.-5,1565,4624,609992332296,381921057223,1.562978740680698,0.6755166427102187
6561,-6.-16.-2.10,25059,73984,48827028190144,30576868284189,1.561884459074635,0.6752393205249404
6562,-6.-18.2.4,12539,36992,24427334898304,15300025995269,1.560791006850167,0.6749623653609071
6563,6.16.2.-10,25097,73984,48882311403072,30623235696887,1.55969838275103,0.674685776484908
6564,6.18.-2.-4,6279,18496,12227488252384,7661604850809,1.5586065855238136,0.6744095531656967
6565,-15.-41.-7.29,12565,36992,24465143420656,15331751067115,1.557802631732661,0.6742052610011424
6566,-15.-48.7.8,3143,9248,6118827584136,3835073108153,1.5569991257019276,0.6740011674489499
6567,15.41.7.-29,12579,36992,3497925321776,2192690542587,1.5561960669331327,0.6737972722175847
6568,15.48.-7.-8,6293,18496,12247822084160,7678687581803,1.5553934549286272,0.6735935750160871
6569,-3.-8.-1.5,12603,36992,24520333991104,15378118479813,1.5534461112930051,0.6730996304246534
6570,-3.-9.1.2,3155,9248,6136255953472,3849715449005,1.5515013926307675,0.672606848097577
6571,3.8.1.-5,12637,36992,24569713636672,15419605112227,1.549559291874635,0.6721152239087756
6572,3.9.-1.-2,6327,18496,12297201729728,7720174214217,1.5476198019858312,0.6716247537518086
6573,-9.-24.-3.15,25321,73984,49207583558272,30896559392791,1.5468789208329847,0.6714344815122908
6574,-9.-27.3.6,12667,36992,24613180098816,15456210964357,1.546138419956731,0.6712443794879813
6575,9.24.3.-15,1491,4352,49245136836992,30928284464637,1.545398298966897,0.671054447448926
6576,9.27.-3.-6,1585,4624,3078994592272,1934009187535,1.5446585574739091,0.6708646851655871
6577,-10.-14.10.-13,25365,73984,49271099313664,30950247975915,1.5443741424821769,0.670790692268083
6578,-10.-4.-10.17,12685,36992,24639142575488,15478174475635,1.5440897835493774,0.670716724743192
6579,-11.-25.-7.22,25375,73984,49285470988288,30962449926625,1.5438054806534156,0.6706427825777685
6580,-11.-26.-5.19,6345,18496,2464632841280,1548427545099,1.5435212337722106,0.6705688657586761
6581,-11.-31.5.4,25385,73984,49299842662912,30974651877335,1.5432370428836941,0.6704949742727875
6582,-11.-32.7.1,12695,36992,24653514250112,15490376426345,1.5429529079658106,0.6704211081069845
6583,-13.-25.-13.32,25395,73984,49314214337536,30986853828045,1.5426688289965185,0.6703472672481582
6584,-13.-26.-11.29,3175,9248,6165175021856,3874119350425,1.5423848059537881,0.6702734516832086
6585,-13.-28.-7.23,25405,73984,9865717202432,6199811155751,1.542100838815604,0.6701996613990449
6586,-13.-29.-5.20,12705,36992,24667885924736,15502578377055,1.5418169275599618,0.6701258963825854
6587,-13.-34.5.5,1495,4352,2902526922752,1824191631145,1.5415330721648721,0.6700521566207572
6588,-13.-35.7.2,6355,18496,12337535881024,7754339676205,1.5412492726083575,0.6699784421004973
6589,-13.-37.11.-4,25425,73984,49357329361408,31023459680175,1.540965528868454,0.6699047528087508
6590,-13.-38.13.-7,12715,36992,4936451519872,3102956065553,1.5406818409232101,0.6698310887324725
6591,-15.-34.-9.29,25435,73984,49371701036032,31035661630885,1.5403982087506876,0.6697574498586261
6592,-15.-35.-7.26,795,2312,1543090214792,970055081445,1.540114632328961,0.669683836174184
6593,-15.-42.7.5,25445,73984,49386072710656,31047863581595,1.539831111636118,0.6696102476661281
6594,-15.-43.9.2,12725,36992,24696629273984,15526982278475,1.539547646650259,0.6695366843214495
6595,-19.-46.-5.27,25455,73984,9880088877056,6212013106461,1.539264237349497,0.6694631461271474
6596,-19.-47.-3.24,6365,18496,12351907555648,7766541626915,1.5389808837119585,0.6693896330702311
6597,-19.-50.3.15,25465,73984,49414816059904,31072267483015,1.5386975857157827,0.6693161451377185
6598,-19.-51.5.12,12735,36992,24711000948608,15539184229185,1.5384143433391217,0.669242682316636
6599,-5.-20.13.-14,25475,73984,49429187734528,31084469433725,1.5381311565601403,0.6691692445940196
6600,-5.-7.-13.25,3185,9248,1235909339296,777264260227,1.537848025357016,0.6690958319569145
6601,-6.-2.6.-11,25485,73984,49443559409152,31096671384435,1.5375649497079398,0.6690224443923739
6602,-6.4.-6.7,12745,36992,24725372623232,15551386179895,1.5372819295911149,0.6689490818874608
6603,-9.-16.-11.25,25495,73984,49457931083776,31108873335145,1.5369989649847573,0.6688757444292474
6604,-9.-17.-9.22,375,1088,727428190016,457573151625,1.5367160558670963,0.6688024320048136
6605,-9.-26.9.-5,25505,73984,9894460551680,6224215057171,1.5364332022163736,0.6687291446012495
6606,-9.-27.11.-8,12755,36992,24739744297856,15563588130605,1.5361504040108442,0.6686558822056536
6607,10.14.-10.13,25515,73984,49486674433024,31133277236565,1.5358676612287752,0.6685826448051334
6608,10.4.10.-17,1595,4624,3093366266896,1946211138245,1.535584973848447,0.6685094323868054
6609,11.25.7.-22,25525,73984,49501046107648,31145479187275,1.5353023418481528,0.6684362449377949
6610,11.26.5.-19,12765,36992,4950823194496,3115158016263,1.5350197652061977,0.6683630824452361
6611,11.31.-5.-4,25535,73984,49515417782272,31157681137985,1.5347372439009006,0.6682899448962721
6612,11.32.-7.-1,6385,18496,12380650904896,7790945528335,1.5344547779105926,0.6682168322780554
6613,13.25.13.-32,25545,73984,49529789456896,31169883088695,1.5341723672136178,0.6681437445777464
6614,13.26.11.-29,12775,36992,24768487647104,15587992032025,1.5338900117883327,0.6680706817825149
6615,13.28.7.-23,25555,73984,9908832226304,6236417007881,1.5336077116131068,0.6679976438795402
6616,13.29.5.-20,3195,9248,6193918371104,3898523251845,1.5333254666663219,0.6679246308560093
6617,13.34.-5.-5,25565,73984,49558532806144,31194286990115,1.5330432769263733,0.6678516426991187
6618,13.35.-7.-2,12785,36992,24782859321728,15600193982735,1.5327611423716676,0.6677786793960737
6619,13.37.-11.4,25575,73984,49572904480768,31206488940825,1.5324790629806255,0.6677057409340886
6620,13.38.-13.7,6395,18496,2479004515904,1560629495809,1.5321970387316795,0.667632827300386
6621,15.34.9.-29,1505,4352,2916898597376,1836393581855,1.531915069603275,0.6675599384821977
6622,15.35.7.-26,12795,36992,24797230996352,15612395933445,1.53163315557387,0.6674870744667646
6623,15.42.-7.-5,25595,73984,49601647830016,31230892842245,1.5313512966219354,0.6674142352413356
6624,15.43.-9.-2,100,289,193784506513,122019507100,1.5310694927259543,0.6673414207931692
6625,19.46.5.-27,25605,73984,9923203900928,6248618958591,1.5307877438644222,0.6672686311095322
6626,19.47.3.-24,12805,36992,24811602670976,15624597884155,1.530506050015848,0.6671958661777004
6627,19.50.-3.-15,25615,73984,49630391179264,31255296743665,1.5302244111587529,0.6671231259849584
6628,19.51.-5.-12,6405,18496,12409394254144,7815349429755,1.52994282727167,0.6670504105185994
6629,5.20.-13.14,25625,73984,49644762853888,31267498694375,1.5296612983331457,0.6669777197659255
6630,5.7.13.-25,12815,36992,4965194869120,3127359966973,1.529379824321739,0.6669050537142475
6631,6.-4.6.-7,25635,73984,49659134528512,31279700645085,1.5290984052160208,0.6668324123508852
6632,6.2.-6.11,3205,9248,6208290045728,3910725202555,1.5288170409945756,0.6667597956631665
6633,9.16.11.-25,25645,73984,49673506203136,31291902595795,1.5285357316359989,0.6666872036384287
6634,9.17.9.-22,12825,36992,24840346020224,15649001785575,1.5282544771189002,0.6666146362640174
6635,9.26.-9.5,25655,73984,9937575575552,6260820909301,1.5279732774219006,0.6665420935272873
6636,9.27.-11.8,6415,18496,12423765928768,7827551380465,1.527692132523634,0.6664695754156014
6637,-5.-10.-3.9,25679,73984,49722295462592,31333389228209,1.5266242812983137,0.6661920712364985
6638,-5.-13.3.0,12849,36992,8291587868352,5226095489093,1.5255572198884804,0.6659149241366217
6639,5.10.3.-9,25717,73984,49776758957632,31379756640907,1.5244909471266535,0.6656381334221012
6640,5.13.-3.0,3217,9248,6225498838144,3925367543407,1.5234254618479401,0.6653616984008767
6641,-5.-7.7.-10,12875,36992,4982403661536,3142002307825,1.5226408706553733,0.6651576694540003
6642,-5.0.-7.11,6441,18496,12461020631392,7859276452311,1.5218567059207493,0.6649538334320363
6643,-7.-12.-5.13,12889,36992,24932064217888,15727094270119,1.521072967180725,0.6647501900594446
6644,-7.-17.5.-2,403,1156,779440224156,491738613613,1.5202896539727113,0.664546739061213
6645,5.0.7.-11,759,2176,24952110128096,15744177001113,1.519506765834873,0.6643434801628568
6646,5.7.-7.10,6455,18496,2496213308320,1575271836661,1.5187243023061259,0.664140413090417
6647,7.12.5.-13,12917,36992,24972156038304,15761259732107,1.5179422629261352,0.6639375375704587
6648,7.17.-5.2,3231,9248,6245544748352,3942450274401,1.5171606472353152,0.6637348533300704
6649,-13.-15.-1.6,101,289,780872004335,492958808684,1.516714199748884,0.6636189891954538
6650,-13.-16.1.3,3233,9248,6248407321008,3944890664543,1.5162678903745934,0.6635031874394971
6651,-14.-17.0.5,1617,4624,3124919303668,1973055429807,1.5158217190270171,0.663387448011466
6652,-3.-1.1.-2,3235,9248,6251269893664,3947331054685,1.515375685620809,0.6632717708606819
6653,-3.0.-1.1,809,2312,1563175294998,987137812439,1.5149297900707013,0.6631561559365214
6654,13.15.1.-6,3237,9248,6254132466320,3949771444827,1.5144840322915056,0.6630406031884163
6655,13.16.-1.-3,1619,4624,3127781876324,1975495819949,1.514038412198113,0.662925112565854
6656,14.17.0.-5,3239,9248,6256995038976,3952211834969,1.5135929297054922,0.6628096840183761
6657,3.0.1.-1,405,1156,782303290663,494179003755,1.5131475847286917,0.66269431749558
6658,3.1.-1.2,3241,9248,6259857611632,3954652225111,1.5127023771828383,0.6625790129471181
6659,-7.-18.-1.9,811,2312,1566024893696,989578202581,1.5113675782834057,0.6622215184804557
6660,-7.-19.1.6,191,544,6268341537936,3961973395537,1.5100340132145909,0.6618645962510832
6661,7.18.1.-9,1625,4624,3136291750544,1982816990375,1.5087016796974997,0.661508244875242
6662,7.19.-1.-6,3253,9248,6276825464240,3969294565963,1.507370575459547,0.6611524629736661
6663,-3.-2.3.-5,26031,73984,16741498937376,10587632631067,1.5069825679541355,0.6610486619913142
6664,-3.1.-3.4,13019,36992,25117194955168,15885719629349,1.506594664773853,0.6609449093573001
6665,-4.-4.4.-6,26045,73984,50244283008544,31779980624195,1.5062068658626142,0.660841205037584
6666,-4.0.-4.6,6513,18496,4187848008896,2649043499141,1.5058191711643782,0.6607375489981586
6667,-5.-1.-5.8,26059,73984,50264069204960,31797063355189,1.5054315806231504,0.6606339412050484
6668,-5.-6.5.-7,13033,36992,25136981151584,15902802360343,1.5050440941829804,0.66053038162431
6669,3.-1.3.-4,26073,73984,16761285133792,10604715362061,1.5046567117879632,0.6604268702220326
6670,3.2.-3.5,815,2312,1571679640612,994458982865,1.504269433382239,0.6603234069643366
6671,4.0.4.-6,26087,73984,50303641597792,31831228817177,1.5038822589099927,0.6602199918173752
6672,4.4.-4.6,13047,36992,8385589116000,5306628363779,1.5034951883154544,0.660116624747333
6673,5.1.5.-8,26101,73984,50323427794208,31848311548171,1.5031082215428988,0.660013305720427
6674,5.6.-5.7,6527,18496,12583330223104,7964213228417,1.5027213585366457,0.6599100347029058
6675,-11.-32.-5.22,6529,18496,12586153214768,7966653618559,1.502279356376053,0.6597916558777907
6676,-11.-37.5.7,6531,18496,4196325402144,2656364669567,1.501837489591316,0.6596733398500767
6677,-5.-13.-5.14,6533,18496,12591799198096,7971534398843,1.501395758099534,0.6595550865694108
6678,-5.-18.5.-1,6535,18496,2518924437952,1594794957797,1.5009541618178832,0.6594368959854938
6679,-7.-12.15.-22,6537,18496,4199148393808,2658805059709,1.5005127006636159,0.659318768048081
6680,-7.3.-15.23,6539,18496,12600268173088,7978855569269,1.5000713745540595,0.6592007027069813
6681,11.32.5.-22,6541,18496,12603091164752,7981295959411,1.4996301834066186,0.6590826999120579
6682,11.37.-5.-7,6543,18496,4201971385472,2661245449851,1.499189127138772,0.6589647596132284
6683,5.13.5.-14,385,1088,2521747429616,1597235347939,1.4987482056680757,0.6588468817604632
6684,5.18.-5.1,6547,18496,12611560139744,7988617129837,1.4983074189121601,0.6587290663037876
6685,7.-3.15.-23,6549,18496,4204794377136,2663685839993,1.4978667667887315,0.6586113131932798
6686,7.12.-15.22,6551,18496,12617206123072,7993497910121,1.4974262492155719,0.6584936223790723
6687,-1.-1.-9.16,26211,73984,50478612554528,31982533005981,1.4970409066477475,0.6583880529151704
6688,-1.-10.9.-11,13109,36992,25244200308384,15995537185739,1.4966556669770983,0.6582825321042609
6689,-1.-11.11.-14,26225,73984,50498188679008,31999615736975,1.4962705301486867,0.6581770599124362
6690,-1.0.-11.19,3279,9248,6313497092656,4001019637809,1.4958854961076178,0.6580716363058201
6691,0.-8.8.-10,26239,73984,50517764803488,32016698467969,1.4955005647990423,0.6579662612505681
6692,0.0.-8.14,13123,36992,25263776432864,16012619916733,1.4951157361681535,0.6578609347128679
6693,0.0.8.-14,26253,73984,50537340927968,32033781198963,1.4947310101601887,0.6577556566589383
6694,0.8.-8.10,6565,18496,12636782247552,8010580641115,1.4943463867204294,0.65765042705503
6695,1.0.11.-19,26267,73984,50556917052448,32050863929957,1.4939618657942009,0.6575452458674249
6696,1.1.9.-16,13137,36992,25283352557344,16029702647727,1.4935774473268715,0.6574401130624372
6697,1.10.-9.11,26281,73984,50576493176928,32067946660951,1.493193131263854,0.6573350286064119
6698,1.11.-11.14,1643,4624,3161642577448,2004780501653,1.4928089175506043,0.6572299924657254
6699,-10.-11.-8.17,13149,36992,25300122966880,16044344988579,1.492260218254868,0.6570795042031414
6700,-10.-15.-8.19,6577,18496,12653552657088,8025222981967,1.4917117275662524,0.6569291146642537
6701,-10.-19.8.-7,13159,36992,25314087661472,16056546939289,1.4911634453261986,0.6567788237511306
6702,-10.-23.8.-5,3291,9248,6330267502192,4015661978661,1.4906153713763297,0.6566286313659704
6703,10.11.8.-17,13169,36992,25328052356064,16068748889999,1.4900675055584487,0.6564785374111021
6704,10.15.8.-19,6587,18496,12667517351680,8037424932677,1.489519847714538,0.6563285417889849
6705,10.19.-8.7,13179,36992,25342017050656,16080950840709,1.488972397686761,0.6561786444022081
6706,10.23.-8.5,103,289,396078115593,251360184626,1.4884251553174603,0.6560288451534896
6707,-4.-11.-2.8,97,272,3170019445098,2012101672079,1.4875499990632117,0.6557884831909558
6708,-4.-13.2.2,825,2312,528568994242,335553644525,1.4866753733675007,0.6555483725965838
6709,4.11.2.-8,1651,4624,3172808485806,2014542062221,1.4858012775874208,0.6553085129729419
6710,4.13.-2.-2,413,1156,793550751540,503940564323,1.4849277110812336,0.6550689039234424
6711,-14.-12.-14.27,3305,9248,6349799848296,4032744709655,1.4844911261056248,0.6549490377474086
6712,-14.-26.14.-15,1653,4624,36501113128,23183706349,1.484054673208365,0.6548292341348373
6713,-14.-44.-14.43,3307,9248,6352587520248,4035185099797,1.483618352309564,0.6547094930363467
6714,-14.-58.14.1,827,2312,1588495339056,1009101323717,1.483182163329404,0.6545898144026072
6715,14.12.14.-27,3309,9248,2118458397400,1345875163313,1.4827461061881402,0.6544701981843416
6716,14.26.-14.15,1655,4624,3178384514088,2019422842505,1.4823101808060988,0.6543506443323249
6717,14.44.14.-43,3311,9248,578014805832,367278716371,1.4818743871036795,0.6542311527973842
6718,14.58.-14.-1,207,578,132490764586,84193459899,1.4814387250013537,0.6541117235303987
6719,-13.-27.-9.26,3313,9248,6360943971032,4042506270223,1.4810031944196642,0.6539908674907332
6720,-13.-36.9.-1,1657,4624,3181165620968,2021863232647,1.480567795279227,0.653870074271806
6721,-15.-36.-5.23,195,544,32634453912,20743316207,1.4801325275007287,0.6537493438242258
6722,-15.-41.5.8,829,2312,1591276445936,1011541713859,1.4796973910049283,0.653628676098653
6723,-9.-18.-7.19,3317,9248,6366493054648,4047387050507,1.4792623857126568,0.6535080710458006
6724,-9.-25.7.-2,1659,4624,1061313387592,674767874263,1.4788275115448155,0.6533875286164336
6725,13.27.9.-26,3319,9248,6369267596456,4049827440649,1.478392768422379,0.6532670487613688
6726,13.36.-9.1,415,1156,1918871948,1220195071,1.4779581562663917,0.653146631431475
6727,15.36.5.-23,3321,9248,2124014046088,1350755943597,1.4775236749979703,0.6530262765776729
6728,15.41.-5.-8,1661,4624,3186714704584,2026744012931,1.4770893245383028,0.6529059841509348
6729,9.18.7.-19,3323,9248,6374816680072,4054708220933,1.4766551048086471,0.652785754102285
6730,9.25.-7.2,831,2312,531350329248,337994034667,1.4762210157303344,0.6526655863827994
6731,-9.-23.-1.11,13307,36992,25520048368512,16237135809797,1.4750279437945226,0.6523338963018641
6732,-9.-24.1.8,6659,18496,12767640466560,8125278977789,1.4738358576835213,0.6520026780521672
6733,9.23.1.-11,13329,36992,2838945944192,1807108900151,1.4726447557695188,0.6516719306189398
6734,9.24.-1.-8,3335,9248,6391436515584,4069350561785,1.4714546364287315,0.6513416529903447
6735,-6.-13.0.5,13347,36992,25575408116576,16285943612637,1.470697798603736,0.6511299494364269
6736,6.13.0.-5,6677,18496,12792535085408,8147242489067,1.4699413576076994,0.6509184368057693
6737,-2.-5.-4.9,13361,36992,25594705964768,16303026343631,1.4691853130247055,0.6507056346268456
6738,-2.-9.4.-3,1671,4624,1066847573280,679648654547,1.468429664439491,0.6504930239664293
6739,2.5.4.-9,13375,36992,25613977552672,16320109074625,1.467674411437445,0.6502806045637861
6740,2.9.-4.3,6691,18496,12811806673312,8164325220061,1.4669195536046074,0.6500683761586586
6741,-6.-10.-6.14,13385,36992,25627728781536,16332311025335,1.4665961639725387,0.6499766806561431
6742,-6.-16.6.-4,3347,9248,6407961054112,4083992902637,1.4662728468141493,0.6498850204236369
6743,-7.-11.-7.16,13391,36992,25635959651360,16339632195761,1.4659496020969625,0.6497933954406094
6744,-7.-18.7.-5,6697,18496,12820037543136,8171646390487,1.4656264297885238,0.6497018056865462
6745,6.10.6.-14,13397,36992,25644190521184,16346953366187,1.4653033298564004,0.649610251140949
6746,6.16.-6.4,1675,4624,3206038244512,2043826743925,1.4649803022681815,0.6495187317833352
6747,7.11.7.-16,13403,36992,25652421391008,16354274536613,1.4646573469914783,0.6494272475932387
6748,7.18.-7.5,6703,18496,12828268412960,8178967560913,1.4643344639939226,0.6493357985502091
6749,-1.-2.-7.13,13411,36992,25663387022000,16364036097181,1.4637964861971497,0.6491829633347739
6750,-1.-9.7.-8,1677,4624,82276401340,52468388053,1.4632587089363325,0.6490302258648811
6751,0.-1.10.-17,13421,36992,25677087414160,16376238047891,1.4627211320620241,0.6488775860459361
6752,0.-9.10.-13,6713,18496,1834566972160,1170167073089,1.4621837554249437,0.6487250437834674
6753,0.1.-10.17,13431,36992,8563595935440,5462813332867,1.4616465788759785,0.6485725989831261
6754,0.9.-10.13,3359,9248,6424409500600,4098635243489,1.4611096022661803,0.6484202515506864
6755,1.2.7.-13,13441,36992,25704488198480,16400641949311,1.460572825446769,0.6482680013920443
6756,1.9.-7.8,6723,18496,4285223065760,2734457154111,1.4600362482691291,0.6481158484132195
6757,-11.-29.-3.17,13451,36992,25718160312048,16412843900021,1.4594998705848126,0.6479622061952993
6758,-11.-32.3.8,841,2312,1607811389346,1026184054711,1.4589636922455347,0.6478086618126865
6759,-13.-35.-5.23,13461,36992,8577268049008,5475015283577,1.4584277131031775,0.6476552151710935
6760,-13.-40.5.8,6733,18496,12869313032256,8215573413043,1.4578919330097877,0.647501866176355
6761,-3.-10.-5.13,13471,36992,1355023578000,865118305339,1.4573563518175774,0.6473486147344278
6762,-3.-12.3.0,3369,9248,2146022491624,1370279064733,1.4568209693789216,0.6471954607513908
6763,-3.-15.5.-2,793,2176,25759091816976,16449449752151,1.456285785546361,0.6470424041334437
6764,-3.-9.-3.9,6743,18496,12882956867232,8227775363753,1.4557508001726,0.6468894447869085
6765,-5.-6.13.-21,13491,36992,8590911883984,5487217234287,1.455216013110507,0.6467365826182279
6766,-5.7.-13.18,1687,4624,3222444696180,2058469084777,1.4546814242131132,0.6465838175339659
6767,-9.-16.13.-17,13501,36992,25786379486928,16473853653571,1.4541470333336137,0.6464311494408072
6768,-9.-26.-7.23,6753,18496,4298866900736,2746659104821,1.4536128403253668,0.646278578245557
6769,-9.-3.-13.22,13511,36992,25800023321904,16486055604281,1.4530788450418937,0.6461261038551409
6770,-9.-33.7.2,3379,9248,6451711309848,4123039144909,1.4525450473368773,0.6459737261766054
6771,11.29.3.-17,13521,36992,8604555718960,5499419184997,1.4520114470641636,0.645821445117116
6772,11.32.-3.-8,6763,18496,12910244537184,8252179265173,1.4514780440777608,0.6456692605839589
6773,13.35.5.-23,13531,36992,25827310991856,16510459505701,1.450944838231839,0.6455171724845394
6774,13.40.-5.-8,423,1156,269105551139,172047505011,1.450411829380729,0.6453651807263825
6775,3.10.5.-13,13541,36992,25840954826832,16522661456411,1.4498790173789242,0.6452132852171327
6776,3.12.-3.0,6773,18496,12923888372160,8264381215883,1.4493464020810785,0.6450614858645529
6777,3.15.-5.2,13551,36992,8618199553936,5511621135707,1.4488139833420066,0.6449097825765255
6778,3.9.3.-9,3389,9248,6465355144824,4135241095619,1.4482817610166845,0.6447581752610515
6779,5.-7.13.-18,13561,36992,25868242496784,16547065357831,1.447749734960248,0.64460666382625
6780,5.6.-13.21,399,1088,226974249248,145203213449,1.4472179050279936,0.6444552481803585
6781,9.16.-13.17,13571,36992,25881886331760,16559267308541,1.4466862710753774,0.6443039282317329
6782,9.26.7.-23,1697,4624,3236088531156,2070671035487,1.4461548329580154,0.644152703888847
6783,9.3.13.-22,13581,36992,8631843388912,5523823086417,1.4456235905316832,0.6440015750602919
6784,9.33.-7.-2,6793,18496,12951176042112,8288785117303,1.4450925436523154,0.6438505416547766
6785,-1.-33.-1.18,13589,36992,25906435372416,16581230819819,1.444774009327366,0.6437594181582411
6786,-1.-34.1.15,1699,4624,3238814832576,2073111425629,1.4444555453164583,0.6436683291348156
6787,-1.28.1.-16,13595,36992,5182920389760,3317710398049,1.4441371515885564,0.64357727456476
6788,-1.29.-1.-13,6799,18496,12959342618496,8296106287729,1.4438188281126454,0.6434862544283491
6789,-16.-18.-16.33,13601,36992,25922768525184,16595873160671,1.44350057485773,0.6433952687058734
6790,-16.-34.16.-15,3401,9248,6481712953344,4149883436471,1.443182391792837,0.6433043173776384
6791,-16.-46.-16.47,13607,36992,25930935101568,16603194331097,1.4428642788870119,0.6432134004239644
6792,-16.-62.16.-1,6805,18496,2593501838976,1660685491631,1.4425462361093218,0.6431225178251873
6793,1.-28.-1.16,13613,36992,25939101677952,16610515501523,1.4422282634288541,0.6430316695616577
6794,1.-29.1.13,851,2312,1621449060384,1038386005421,1.4419103608147161,0.6429408556137421
6795,1.33.1.-18,13619,36992,25947268254336,16617836671949,1.4415925282360365,0.6428500759618211
6796,1.34.-1.-15,6811,18496,12975675771264,8310748628581,1.441274765661963,0.6427593305862913
6797,16.18.16.-33,13625,36992,5191086966144,3325031568475,1.4409570730616654,0.6426686194675636
6798,16.34.-16.15,3407,9248,6489879529728,4157204606897,1.4406394504043323,0.6425779425860645
6799,16.46.16.-47,13631,36992,25963601407104,16632479012801,1.4403218976591736,0.6424872999222352
6800,16.62.-16.1,401,1088,12983842347648,8318069799007,1.440004414795419,0.642396691456532
6801,-11.-28.-1.13,3411,9248,2165104585960,1387361795727,1.4389466428872748,0.6420926541701849
6802,-11.-29.1.10,6827,18496,12997412683872,8330271749717,1.4378896459604498,0.6417889982828545
6803,11.28.1.-13,427,1156,13323973209,8541365497,1.4368334228801884,0.6414857230706089
6804,11.29.-1.-10,6837,18496,4336994340032,2780824566809,1.4357779725142255,0.6411828278113645
6805,-15.-14.-17.33,13677,36992,8675334622656,5562869328689,1.4354614879147576,0.6410901887962819
6806,-15.-31.17.-18,855,2312,542292535328,347755595235,1.4351450727274186,0.6409975844672978
6807,-15.-44.-17.48,13683,36992,8678026507840,5565309718831,1.434828726921768,0.6409050148047437
6808,-15.-61.17.-3,6843,18496,4339686225216,2783264956951,1.4345124504673854,0.6408124797889668
6809,-17.-20.-15.32,13689,36992,8680718393024,5567750108973,1.4341962433338697,0.6407199794003297
6810,-17.-35.15.-13,3423,9248,310073726272,198891796573,1.433880105490841,0.640627513619209
6811,-17.-50.-15.47,13695,36992,8683410278208,5570190499115,1.433564036907938,0.640535082425997
6812,-17.-65.15.2,6849,18496,4342378110400,2785705347093,1.433248037554821,0.6404426858011006
6813,0.-29.-2.18,13701,36992,8686102163392,5572630889257,1.4329321074011683,0.6403503237249419
6814,0.-31.2.12,1713,4624,1085931013248,696731385541,1.4326162464166798,0.6402579961779579
6815,0.29.2.-18,13707,36992,8688794048576,5575071279399,1.4323004545710742,0.6401657031405997
6816,0.31.-2.-12,6855,18496,4345069995584,2788145737235,1.4319847318340906,0.6400734445933347
6817,15.14.17.-33,13713,36992,1241640847680,796787381363,1.431669078175488,0.6399812205166442
6818,15.31.-17.18,3429,9248,2173207969088,1394682966153,1.4313534935650443,0.6398890308910243
6819,15.44.17.-48,807,2176,8694177818944,5579952059683,1.431037977972559,0.6397968756969868
6820,15.61.-17.3,6861,18496,4347761880768,2790586127377,1.43072253136785,0.6397047549150574
6821,17.20.15.-32,13725,36992,8696869704128,5582392449825,1.4304071537207554,0.6396126685257775
6822,17.35.-15.13,429,1156,271819238960,174487895153,1.430091845001133,0.6395206165097022
6823,17.50.15.-47,13731,36992,8699561589312,5584832839967,1.429776605178861,0.6394285988474024
6824,17.65.-15.-2,6867,18496,621493395136,399003788217,1.429461434223836,0.6393366155194632
6825,-13.-32.-3.18,13739,36992,26109447613488,16764260080469,1.4289363022554242,0.639183126783275
6826,-13.-35.3.9,859,2312,1632260789454,1048147565989,1.4284113613622154,0.6390297334103628
6827,13.32.3.-18,13749,36992,8707632549680,5592154010393,1.42788661140521,0.6388764353110138
6828,13.35.-3.-9,6877,18496,13064811333408,8391281503267,1.427362052245561,0.638723232395628
6829,-1.18.1.-11,1721,4624,3268556064396,2099955717191,1.4258943004604752,0.638294538043914
6830,-1.19.-1.-8,6891,18496,4361212393920,2802788078087,1.4244280404015988,0.6378665876073005
6831,1.-18.-1.11,3449,9248,6546525052968,4208452799879,1.4229632690398253,0.637439379132309
6832,1.-19.1.8,6905,18496,13102463030112,8425446965255,1.4214999833552655,0.6370129106723583
6833,-11.-14.-9.20,27629,73984,52421938763008,33712769616659,1.4210299565499713,0.6368755566033136
6834,-11.-23.9.-7,13819,36992,26217012702784,16861875686149,1.420560082828482,0.6367382789243633
6835,-15.-30.-5.20,27647,73984,52446112048128,33734733127937,1.4200903620911138,0.6366010775711769
6836,-15.-35.5.5,3457,9248,6557274836336,4218214360447,1.4196207942382804,0.636463952479497
6837,-7.-25.-15.37,27665,73984,52470285333248,33756696639215,1.419151379170492,0.6363269035851391
6838,-7.-40.15.-8,13837,36992,26241185987904,16883839197427,1.4186821167883574,0.6361899308239913
6839,-9.-29.-13.35,27683,73984,2762866243072,1777824218447,1.4182130069925807,0.6360530341320142
6840,-9.-42.13.-4,6923,18496,13126636315232,8447410476533,1.417744049683964,0.6359162134452409
6841,11.14.9.-20,27701,73984,52518631903488,33800623661771,1.4172752447634052,0.635779468699777
6842,11.23.-9.7,815,2176,26265359273024,16905802708705,1.4168065921318995,0.6356427998318002
6843,15.30.5.-20,27719,73984,52542805188608,33822587173049,1.4163380916905381,0.6355062067775608
6844,15.35.-5.-5,1733,4624,3284680739448,2114598058043,1.4158697433405092,0.6353696894733802
6845,7.25.15.-37,27737,73984,52566978473728,33844550684327,1.415401546983096,0.635233247855653
6846,7.40.-15.8,13873,36992,26289532558144,16927766219983,1.414933502519679,0.6350968818608451
6847,9.29.13.-35,27755,73984,52591151758848,33866514195605,1.414465609851734,0.6349605914254938
6848,9.42.-13.4,6941,18496,13150809600352,8469373987811,1.4139978688808326,0.6348243764862082
6849,-3.-10.3.-1,27779,73984,52623257078400,33895798877309,1.4132186374335058,0.6345940723074036
6850,-3.-7.-3.8,13897,36992,26321637877696,16957050901687,1.412439826639096,0.6343639800010488
6851,3.10.-3.1,27809,73984,52663294432384,33932404729439,1.4116614360436859,0.6341340992719824
6852,3.7.3.-8,1739,4624,3292707069336,2121919228469,1.4108834651940916,0.6339044298255958
6853,-11.-30.-5.21,27833,73984,52695294715968,33961689411143,1.4104168839740772,0.6337659190715585
6854,-11.-31.-7.25,13921,36992,26353638161280,16986335583391,1.4099504536020575,0.633627484578886
6855,-11.-35.5.6,27851,73984,52719257929152,33983652922421,1.4094841739805242,0.6334891262839764
6856,-11.-38.7.4,6965,18496,1883258554848,1214094095645,1.4090180450120635,0.6333508441232997
6857,-3.-1.13.-23,27869,73984,52743221142336,34005616433699,1.4085520665993563,0.6332126380333972
6858,-3.12.-13.16,13939,36992,26377601374464,17008299094669,1.4080862386451773,0.6330745079508812
6859,-5.-15.-5.15,27887,73984,52767184355520,34027579944977,1.4076205610523955,0.6329364538124351
6860,-5.-20.5.0,3487,9248,6597395745264,4254820212577,1.4071550337239744,0.6327984755548134
6861,-5.-5.15.-25,27905,73984,52791147568704,34049543456255,1.4066896565629705,0.6326605731148414
6862,-5.10.-15.20,821,2176,26401564587648,17030262605947,1.4062244294725346,0.6325227464294153
6863,-7.-11.13.-19,27923,73984,7545015825984,4867358138219,1.4057593523559113,0.632384995435502
6864,-7.-21.-7.21,6983,18496,13206773097120,8520622180793,1.4052944251164388,0.6322473200701388
6865,-7.-28.7.0,27941,73984,1891094592,1220195071,1.4048296476575481,0.6321097202704338
6866,-7.2.-13.20,13975,36992,26425527800832,17052226117225,1.4043650198827642,0.6319721959735652
6867,11.30.5.-21,27959,73984,52863037208256,34115433990089,1.4039005416957047,0.6318347471167816
6868,11.31.7.-25,437,1156,826172168982,533225246027,1.4034362130000804,0.6316973736374017
6869,11.35.-5.-6,27977,73984,52887000421440,34137397501367,1.4029720336996958,0.6315600754728149
6870,11.38.-7.-4,13993,36992,3778498716288,2439169946929,1.4025080036984472,0.6314228525604796
6871,3.-12.13.-16,27995,73984,52910963634624,34159361012645,1.402044122900324,0.6312857048379249
6872,3.1.-13.23,7001,18496,13230736310304,8542585692071,1.4015803912094082,0.6311486322427492
6873,5.-10.15.-20,28013,73984,52934926847808,34181324523923,1.4011168085298742,0.631011634712621
6874,5.15.5.-15,14011,36992,26473454227200,17096153139781,1.400653374765989,0.630874712185278
6875,5.20.-5.0,28031,73984,52958890060992,34203288035201,1.4001900898221118,0.6307378645985281
6876,5.5.-15.25,3505,9248,6621358958448,4276783723855,1.3997269536026933,0.6306010918902476
6877,7.-2.13.-20,28049,73984,7568979039168,4889321649497,1.3992639660122768,0.6304643939983827
6878,7.11.-13.19,14029,36992,26497417440384,17118116651059,1.3988011269554972,0.6303277708609492
6879,7.21.7.-21,1651,4352,53006816487360,34247215057757,1.3983384363370812,0.6301912224160311
6880,7.28.-7.0,7019,18496,13254699523488,8564549203349,1.3978758940618476,0.6300547486017821
6881,-1.-12.-15.32,14041,36992,1395441350592,901724157469,1.3975676149109424,0.6299634127397908
6882,-1.-26.17.-17,3511,9248,6629343068880,4284104894281,1.3972594016199238,0.6298721101200413
6883,-1.-27.15.-13,14047,36992,26521358889792,17140080162337,1.3969512541606577,0.6297808407242063
6884,-1.-9.-17.34,7025,18496,13262672752032,8571870373775,1.3966431725050281,0.6296896045339715
6885,-1.21.-17.19,14053,36992,26529332118336,17147401332763,1.3963351566249365,0.629598401531037
6886,-1.22.-15.15,1757,4624,3316664841576,2143882739747,1.3960272064923027,0.6295072316971158
6887,-1.4.17.-32,827,2176,26537305346880,17154722503189,1.3957193220790647,0.6294160950139349
6888,-1.7.15.-30,7031,18496,13270645980576,8579191544201,1.3954115033571781,0.6293249914632344
6889,1.-21.17.-19,14065,36992,26545278575424,17162043673615,1.3951037502986166,0.6292339210267686
6890,1.-22.15.-15,3517,9248,6637316297424,4291426064707,1.394796062875372,0.6291428836863047
6891,1.-4.-17.32,14071,36992,26553251803968,17169364844041,1.3944884410594534,0.6290518794236234
6892,1.-7.-15.30,7037,18496,13278619209120,8586512714627,1.3941808848228887,0.6289609082205196
6893,1.12.15.-32,14077,36992,26561225032512,17176686014467,1.3938733941377228,0.628869970058801
6894,1.26.-17.17,110,289,415081431981,268442915620,1.3935659689760191,0.6287790649202892
6895,1.27.-15.13,14083,36992,26569198261056,17184007184893,1.393258609309859,0.6286881927868189
6896,1.9.17.-34,7043,18496,13286592437664,8593833885053,1.3929513151113406,0.6285973536402382
6897,-1.-10.5.-4,3523,9248,6645282960896,4298747235133,1.392336923005715,0.6284143489547196
6898,-1.-5.-5.11,7049,18496,13294539405920,8601155055479,1.39172279243629,0.6282314768526611
6899,-11.-21.13.-15,1763,4624,81088493232,52468388053,1.3911089231804972,0.6280487371885658
6900,-11.-8.-13.24,415,1088,13302486374176,8608476225905,1.3904953150160524,0.6278661298171524
6901,-15.-40.-5.25,3529,9248,6653229929152,4306068405559,1.3898819677209546,0.6276836545933531
6902,-15.-45.5.10,7061,18496,13310433342432,8615797396331,1.3892688810734866,0.6275013113723147
6903,1.10.-5.4,883,2312,1664300853320,1077432247693,1.3886560548522129,0.6273191000093981
6904,1.5.5.-11,7067,18496,13318380310688,8623118566757,1.3880434888359803,0.6271370203601769
6905,11.21.-13.15,3535,9248,6661176897408,4313389575985,1.3874311828039176,0.6269550722804382
6906,11.8.13.-24,7073,18496,13326327278944,8630439737183,1.386819136535434,0.6267732556261809
6907,15.40.5.-25,1769,4624,3332575190768,2158525080599,1.3862073498102203,0.6265915702536167
6908,15.45.-5.-10,7079,18496,13334274247200,8637760907609,1.3855958224082465,0.6264100160191687
6909,-4.-13.6.-5,28325,73984,10669796460608,6912405077215,1.3851373469054384,0.6262729860901077
6910,-4.-7.-6.13,14167,36992,26680433808640,17286503570857,1.384679017055734,0.6261360302091072
6911,4.13.-6.5,28343,73984,53372752931520,34583988897353,1.3842208327666172,0.625999148315546
6912,4.7.6.-13,443,1156,834134972590,540546416453,1.3837627939456605,0.6258623403488696
6913,-1.-23.-1.13,28381,73984,53422877815616,34630356310051,1.382287879527958,0.6254204625972841
6914,-1.-24.1.10,14205,36992,8910186230912,5777623661185,1.3808144714237751,0.6249793519862287
6915,1.23.1.-13,28439,73984,53499356955328,34701127624169,1.3793425665594892,0.6245390064991312
6916,1.24.-1.-10,7117,18496,13384399131296,8684128320307,1.377872161870874,0.6240994241265508
6917,-11.-17.-7.18,7121,18496,13389668579808,8689009100591,1.37706154516693,0.6238566858202165
6918,-11.-24.7.-3,7125,18496,2678987605664,1738777976175,1.3762513836738501,0.623614179282521
6919,11.17.7.-18,7129,18496,13400207476832,8698770661159,1.375441676880664,0.6233719041782594
6920,11.24.-7.3,7133,18496,1915068132192,1243378777349,1.3746324242772607,0.6231298601728797
6921,-15.-28.-17.40,14269,36992,26814894778752,17410963468099,1.3743290715428216,0.6230385528430346
6922,-15.-30.-17.41,223,578,419044307919,272103500833,1.3740257825803739,0.622947278123609
6923,-15.-45.17.-11,14275,36992,5364555326976,3483656927705,1.3737225573631113,0.622856035996953
6924,-15.-47.17.-10,7139,18496,13413358781472,8710972611869,1.373419395864243,0.62276482644543
6925,-17.-34.-15.39,14281,36992,26830658491008,17425605808951,1.3731162980569958,0.6226736494514159
6926,-17.-36.-15.40,3571,9248,6708649854768,4357316598541,1.3728132639146133,0.6225825049972998
6927,-17.-49.15.-6,14287,36992,3834077192448,2490418139911,1.3725102934103555,0.6224913930654832
6928,-17.-51.15.-5,7145,18496,2684248127520,1743658756459,1.3722073865175,0.6224003136383808
6929,15.28.17.-40,14293,36992,26846422203264,17440248149803,1.3719045432093406,0.6223092666984197
6930,15.30.17.-41,1787,4624,3356295391416,2180488591877,1.3716017634591882,0.6222182522280401
6931,15.45.-17.11,14299,36992,26854304059392,17447569320229,1.3712990472403703,0.622127270209695
6932,15.47.-17.10,7151,18496,13429122493728,8725614952721,1.3709963945262318,0.62203632062585
6933,17.34.15.-39,14305,36992,5372437183104,3490978098131,1.3706938052901336,0.6219454034589835
6934,17.36.15.-40,3577,9248,959504530128,623519681281,1.3703912795054534,0.621854518691587
6935,17.49.-15.6,14311,36992,26870067771648,17462211661081,1.3700888171455863,0.6217636663061638
6936,17.51.-15.5,421,1088,13437004349856,8732936123147,1.3697864181839432,0.621672846285231
6937,-13.-11.-13.25,14317,36992,26877943971456,17469532831507,1.3694840825939532,0.6215817550038706
6938,-13.-24.13.-14,895,2312,336023490540,218414917709,1.36918181034906,0.6214906961410265
6939,-13.-41.-13.40,14323,36992,26885814514944,17476854001933,1.368879601422726,0.6213996696792145
6940,-13.-54.13.1,7163,18496,13444874893344,8740257293573,1.368577455788429,0.6213086756009629
6941,-15.-13.-15.29,14329,36992,26893685058432,17484175172359,1.368275373419664,0.6212177138888129
6942,-15.-28.15.-16,3583,9248,6724405082544,4371958939393,1.3679733542899428,0.6211267845253178
6943,-15.-47.-15.46,14335,36992,5380311120384,3498299268557,1.3676713983727928,0.6210358874930442
6944,-15.-62.15.1,7169,18496,13452745436832,8747578463999,1.3673695056417594,0.6209450227745712
6945,-18.-45.0.18,1793,4624,3364170177144,2187809762303,1.3667659096323042,0.6207633902094059
6946,-22.-55.0.22,7175,18496,2692123196064,1750979926885,1.3661625660502663,0.6205818866907064
6947,-26.-65.0.26,3589,9248,6732275626032,4379280109819,1.3655594746846014,0.6204005120795593
6948,-30.-75.0.30,7181,18496,13468486523808,8762220804851,1.3649566353245286,0.6202192662372521
6949,0.-13.30.-46,845,2176,5388181663872,3505620438983,1.3646553100807928,0.6201286915611209
6950,0.-17.30.-44,449,1156,842026362222,547867586879,1.3643540477595317,0.6200381490252738
6951,0.13.-30.46,14371,36992,26948778862848,17535423365341,1.3640528483344727,0.6199476386124277
6952,0.17.-30.44,7187,18496,13476357067296,8769541975277,1.3637517117793583,0.6198571603053133
6953,13.11.13.-25,14377,36992,26956649406336,17542744535767,1.3634506380679483,0.6197667140866725
6954,13.24.-13.14,3595,9248,1348029233904,877320256049,1.3631496271740187,0.6196762999392603
6955,13.41.13.-40,14383,36992,26964519949824,17550065706193,1.3628486790713616,0.619585917845844
6956,13.54.-13.-1,7193,18496,13484227610784,8776863145703,1.3625477937337862,0.6194955677892039
6957,15.13.15.-29,14389,36992,26972390493312,17557386876619,1.3622469711351173,0.6194052497521322
6958,15.28.-15.16,1799,4624,3372040720632,2195130932729,1.3619462112491967,0.6193149637174334
6959,15.47.15.-46,14395,36992,5396052207360,3512941609409,1.361645514049882,0.6192247096679248
6960,15.62.-15.-1,7199,18496,13492098154272,8784184316129,1.3613448795110477,0.6191344875864362
6961,18.45.0.-18,3601,9248,6748016713008,4393922450671,1.3607437983103983,0.6189541392588996
6962,22.55.0.-22,7205,18496,2699993739552,1758301097311,1.360142967438569,0.6187739185977083
6963,26.65.0.-26,53,136,1687987996188,1099395758971,1.3595423866871401,0.6185938254659455
6964,30.75.0.-30,7211,18496,13507839241248,8798826656981,1.3589420558479532,0.6184138597268921
6965,-15.-37.-3.20,28853,73984,54043144772160,35206288383563,1.3584919715983974,0.6182784882123166
6966,-15.-40.3.11,14431,36992,27027466289664,17608635069601,1.358042027719917,0.6181431884316464
6967,15.37.3.-20,28871,73984,54066720386496,35228251894841,1.3575922241249825,0.6180079603272842
6968,15.40.-3.-11,1805,4624,3379906762104,2202452103155,1.3571425607261454,0.6178728038416945
6969,-11.-27.-3.16,7223,18496,13523552082688,8813468997833,1.3565432274595235,0.6176922547344231
6970,-11.-30.3.7,3613,9248,6763738558480,4408564791523,1.3559441430682355,0.6175118329734904
6971,11.27.3.-16,7229,18496,13531402151232,8820790168259,1.3553453073456747,0.6173315384228035
6972,11.30.-3.-7,113,289,422978974547,275764086046,1.354746720085491,0.6171513709464644
6973,-1.16.1.-10,14479,36992,27090215649824,17667204433009,1.353251337606078,0.6166981047091838
6974,-1.17.-1.-7,7247,18496,13554888464320,8842753679537,1.3517575035159377,0.6162456346423227
6975,1.-16.-1.10,14509,36992,27129338207456,17703810285139,1.3502652146118368,0.6157939586277951
6976,1.-17.1.7,3631,9248,6787224871568,4430528302801,1.3487744677004716,0.6153430745550986
6977,-13.-33.-1.15,7267,18496,80360686696,52468388053,1.3477814915163966,0.6150414243810778
6978,-13.-34.1.12,909,2312,1698432795014,1109157319539,1.3467891983065716,0.6147401260629924
6979,13.33.1.-15,7277,18496,13593968668600,8879359531667,1.3457975871321364,0.6144391789790155
6980,13.34.-1.-12,3641,9248,6800237488544,4442730253511,1.3448066570561639,0.6141385825087995
6981,-1.-10.1.3,29185,73984,54476001531776,35611393147135,1.3419862347310774,0.6132819390539548
6982,-1.-9.-1.6,14621,36992,27275051577600,17840472133091,1.3391713154841787,0.6124281292386788
6983,1.10.-1.-3,29299,73984,54624204778624,35750495385229,1.3363618778825739,0.6115771388775639
6984,1.9.1.-6,7339,18496,13674576600512,8955011626069,1.3335579006183387,0.6107289538806971
6985,-1.-7.-1.5,29417,73984,54777521870912,35894478403607,1.330563177562029,0.6098220667574927
6986,-1.-8.1.2,51,128,27428368669888,17984455151469,1.3275746580285044,0.6089183660534575
6987,1.7.1.-5,29539,73984,54935952808640,36043342202269,1.324592316369881,0.6080178348280773
6988,1.8.-1.-2,925,2312,1719224008672,1128680440675,1.3216161270970044,0.6071204562619289
6989,-16.-31.-6.22,871,2176,27516671110144,18067428416297,1.3209339326514749,0.6069147690811979
6990,-16.-37.6.4,7407,18496,13762879040768,9037984890897,1.3202520606367407,0.606709246997801
6991,16.31.6.-22,14821,36992,27534845052928,18084511147291,1.3195705107481603,0.6065038898109585
6992,16.37.-6.-4,3707,9248,6885983006080,4523263128197,1.318889282681523,0.6062986973202199
6993,-1.-17.31.-46,14831,36992,27547821738880,18096713098001,1.318597426237447,0.6062105618155653
6994,-1.-19.31.-45,7417,18496,13775855726720,9050186841607,1.3183056288238335,0.6061224565782874
6995,-1.12.-31.48,14837,36992,27555601168000,18104034268427,1.3180138904168086,0.606034381592633
6996,-1.14.-31.47,1855,4624,98426753152,64670338763,1.317722210992513,0.6059463368428603
6997,-19.-46.-1.20,14843,36992,27563380597120,18111355438853,1.3174305905271018,0.6058583223132379
6998,-19.-47.1.17,7423,18496,13783635155840,9057508012033,1.317139028996744,0.6057703379880458
6999,-19.-48.-1.21,14849,36992,27571160026240,18118676609279,1.3168475263776234,0.6056823838515755
7000,-19.-49.1.18,3713,9248,6893762435200,4530584298623,1.3165560826459384,0.6055944598881285
7001,-21.-51.-1.22,14855,36992,5515787891072,3625199555941,1.316264697777902,0.6055065660820178
7002,-21.-52.1.19,437,1088,13791414584960,9064829182459,1.315973371749741,0.6054187024175678
7003,-21.-53.-1.23,14861,36992,3940959840640,2590474135733,1.315682104537697,0.6053308688791131
7004,-21.-54.1.20,929,2312,1724413037440,1133561220959,1.3153908961180258,0.6052430654509998
7005,-23.-56.-1.24,14867,36992,27594498313600,18140640120557,1.315099746466998,0.6051552921175845
7006,-23.-57.1.21,7435,18496,2759838802816,1814430070577,1.314808655560898,0.6050675488632353
7007,-23.-58.-1.25,14873,36992,27602277742720,18147961290983,1.3145176233760245,0.6049798356723307
7008,-23.-59.1.22,3719,9248,6901541864320,4537905469049,1.3142266498886912,0.6048921525292607
7009,-25.-61.-1.26,14879,36992,27610057171840,18155282461409,1.3139357350752257,0.6048044994184255
7010,-25.-62.1.23,7441,18496,1972424777600,1297067360473,1.3136448789119701,0.604716876324237
7011,-25.-63.-1.27,14885,36992,5523567320192,3632520726367,1.3133540813752804,0.6046292832311172
7012,-25.-64.1.24,1861,4624,3452715789440,2270783027131,1.3130633424415274,0.6045417201234997
7013,-27.-66.-1.28,14891,36992,27625616030080,18169924802261,1.3127726620870956,0.6044541869858285
7014,-27.-67.1.25,7447,18496,13814752872320,9086792693737,1.3124820402883848,0.6043666838025586
7015,-27.-68.-1.29,14897,36992,27633395459200,18177245972687,1.3121914770218077,0.6042792105581561
7016,-27.-69.1.26,3725,9248,1381864258688,909045327895,1.3119009722637924,0.6041917672370974
7017,-29.-71.-1.30,14903,36992,3948739269760,2597795306159,1.3116105259907809,0.6041043538238704
7018,-29.-72.1.27,7453,18496,13822532301440,9094113864163,1.3113201381792285,0.604016970302973
7019,-29.-73.-1.31,877,2176,27648954317440,18191888313539,1.3110298088056065,0.6039296166589149
7020,-29.-74.1.28,233,578,432075688000,284305451543,1.3107395378463986,0.6038422928762158
7021,-31.-76.-1.32,14915,36992,5531346749312,3639841896793,1.310449325278104,0.603754998939407
7022,-31.-77.1.29,7459,18496,13830311730560,9101435034589,1.3101591710772353,0.6036677348330297
7023,-31.-78.-1.33,14921,36992,27664513175680,18206530654391,1.30986907522032,0.6035805005416363
7024,-31.-79.1.30,3731,9248,988157246080,650363972843,1.3095790376838987,0.60349329604979
7025,1.-12.31.-48,14927,36992,27672292604800,18213851824817,1.3092890584445274,0.603406121342065
7026,1.-14.31.-47,7465,18496,2767618231936,1821751241003,1.3089991374787753,0.6033189764030457
7027,1.17.-31.46,14933,36992,27680072033920,18221172995243,1.3087092747632256,0.6032318612173274
7028,1.19.-31.45,1867,4624,3460495218560,2278104197557,1.308419470274477,0.6031447757695169
7029,19.46.1.-20,14939,36992,27687851463040,18228494165669,1.3081297239891403,0.6030577200442303
7030,19.47.-1.-17,7471,18496,13845870588800,9116077375441,1.307840035883842,0.6029706940260958
7031,19.48.1.-21,14945,36992,791303739776,521023295317,1.3075504059352219,0.6028836976997514
7032,19.49.-1.-18,3737,9248,6924880151680,4559868980327,1.3072608341199343,0.6027967310498462
7033,21.51.1.-22,14951,36992,27703410321280,18243136506521,1.306971320414647,0.6027097940610397
7034,21.52.-1.-19,7477,18496,13853650017920,9123398545867,1.3066818647960425,0.6026228867180027
7035,21.53.1.-23,14957,36992,27711189750400,18250457676947,1.3063924672408167,0.6025360090054159
7036,21.54.-1.-20,55,136,346438493312,228176478277,1.3061031277256798,0.6024491609079711
7037,23.56.1.-24,14963,36992,27718969179520,18257778847373,1.3058138462273563,0.6023623424103706
7038,23.57.-1.-21,7483,18496,1980204206720,1304388530899,1.305524622722584,0.6022755534973273
7039,23.58.1.-25,14969,36992,27726748608640,18265100017799,1.3052354571881157,0.6021887941535652
7040,23.59.-1.-22,3743,9248,6932659580800,4567190150753,1.304946349600717,0.6021020643638181
7041,25.61.1.-26,14975,36992,5546905607552,3654484237645,1.3046572999371684,0.602015364112831
7042,25.62.-1.-23,7489,18496,13869208876160,9138040886719,1.3043683081742639,0.6019286933853595
7043,25.63.1.-27,14981,36992,27742307466880,18279742358651,1.3040793742888117,0.6018420521661696
7044,25.64.-1.-24,1873,4624,3468274647680,2285425367983,1.3037904982576336,0.6017554404400376
7045,27.66.1.-28,14987,36992,3964298128000,2612437647011,1.3035016800575652,0.6016688581917512
7046,27.67.-1.-25,7495,18496,2775397661056,1829072411429,1.303212919665457,0.6015823054061078
7047,27.68.1.-29,14993,36992,27757866325120,18294384699503,1.302924217058172,0.6014957820679161
7048,27.69.-1.-26,3749,9248,6940439009920,4574511321179,1.3026355722125884,0.6014092881619945
7049,29.71.1.-30,14999,36992,27765645754240,18301705869929,1.3023469851055973,0.6013228236731728
7050,29.72.-1.-27,7501,18496,13884767734400,9152683227571,1.3020584557141042,0.6012363885862909
7051,29.73.1.-31,15005,36992,5554685036672,3661805408071,1.301769984015028,0.6011499828861989
7052,29.74.-1.-28,469,1156,124005870080,81753069757,1.3014815699853022,0.6010636065577584
7053,31.76.1.-32,883,2176,27781204612480,18316348210781,1.3011932136018736,0.6009772595858403
7054,31.77.-1.-29,7507,18496,13892547163520,9160004397997,1.3009049148417022,0.6008909419553268
7055,31.78.1.-33,15017,36992,27788984041600,18323669381207,1.3006166736817633,0.6008046536511105
7056,31.79.-1.-30,3755,9248,1389643687808,916366498321,1.3003284900990446,0.600718394658094
7057,-9.-18.9.-9,30055,73984,55605056332096,36672962858905,1.299608282891698,0.6004992493704946
7058,-9.-9.-9.18,15035,36992,27812182575936,18345632892485,1.2988884350393135,0.6002802894746315
7059,9.18.-9.9,30085,73984,55643673971648,36709568711035,1.2981689461834627,0.6000615147328303
7060,9.9.9.-18,7525,18496,13915745697856,9181967909275,1.2974498159662522,0.599842924907826
7061,-2.-5.0.2,7547,18496,13944060860080,9208812200837,1.2932381236306738,0.5985637840315022
7062,2.5.0.-2,7569,18496,13972376022304,9235656492399,1.2890386908032223,0.5972909537861143
7063,-2.-1.-12.21,7571,18496,13974945764552,9238096882541,1.2886575296277187,0.5971751027849649
7064,-2.-13.12.-15,7573,18496,13977515506800,9240537272683,1.288276469128702,0.5970593036789976
7065,2.1.12.-21,7575,18496,13980085249048,9242977662825,1.2878955092530033,0.596943556432978
7066,2.13.-12.15,7577,18496,13982654991296,9245418052967,1.2875146499474943,0.596827861011704
7067,-15.-38.-1.17,30327,73984,55954982970752,37004855918217,1.2866105118531908,0.5965520144392285
7068,-15.-39.1.14,15173,36992,27989672988160,18514019812283,1.2857069400280652,0.5962764606350222
7069,15.38.1.-17,30365,73984,56003708981888,37051223330915,1.2848039337632435,0.5960011991282225
7070,15.39.-1.-14,1899,4624,3501754499216,2317150439829,1.2839014923511813,0.5957262294489856
7071,0.-1.2.-3,3807,9248,2338338953344,1548427545099,1.2804868279384167,0.5946801933440082
7072,0.1.-2.3,477,1156,16571992268,10981755639,1.2770802264951673,0.5936383377489448
7073,-8.-18.-4.14,30545,73984,56233842957568,37270858443695,1.2762770625330713,0.5933905939783893
7074,-8.-22.4.2,15281,36992,28127744071040,18645800879951,1.2754743454522837,0.5931430833413547
7075,8.18.4.-14,30579,73984,56277133326592,37312345076109,1.2746720747557907,0.5928958055052811
7076,8.22.-4.-2,7649,18496,14074694627776,9333272098079,1.273870249947407,0.5926487601382475
7077,-5.-14.5.-3,30609,73984,56315329881280,37348950928239,1.2732573903505244,0.5924599784865826
7078,-5.-9.-5.12,15311,36992,28165940625728,18682406732081,1.2726447909870207,0.5922713324478801
7079,5.14.-5.3,30635,73984,56348432621632,37380676000085,1.2720324516359873,0.5920828218744534
7080,5.9.5.-12,3831,9248,7045622998976,4674567317001,1.271420372076799,0.5918944466188325
7081,-1.0.5.-9,30663,73984,6264897892192,4157204606897,1.27071444896202,0.5916772406772037
7082,-1.5.-5.6,15339,36992,28201589033824,18716572194069,1.2700088710925794,0.5914602144825999
7083,1.-5.5.-6,30693,73984,56422275105568,37451447314203,1.2693036381309442,0.5912433678095385
7084,1.0.-5.9,7677,18496,4703447678624,3122479186689,1.2685987497400761,0.5910267004329178
7085,-10.-24.-2.13,15363,36992,9410710253968,6248618958591,1.2677533380306283,0.5907662444047143
7086,-10.-26.2.7,3843,9248,336233041096,223295697993,1.266908421437876,0.5905060464129761
7087,10.24.2.-13,15381,36992,9418340047408,6255940129017,1.266063999382227,0.5902461060702087
7088,10.26.-2.-7,7695,18496,4711077472064,3129800357115,1.2652200712851063,0.5899864229897009
7089,-1.-21.-1.12,15405,36992,9428489463984,6265701689585,1.2638146205739653,0.5895505710390901
7090,-1.-22.1.9,3855,9248,471741199192,313590133247,1.2624105376982822,0.5891154357188265
7091,1.21.1.-12,15435,36992,9441158503696,6277903640295,1.2610078199981918,0.5886810152431866
7092,1.22.-1.-9,7725,18496,4723746511776,3142002307825,1.2596064648215795,0.5882473078324388
7093,-1.-5.-1.4,30975,73984,56779816519808,37795542324225,1.2561090205853525,0.5871620967237994
7094,-1.-6.1.1,15525,36992,28437337449152,18943528477275,1.2526200345054728,0.5860813171707708
7095,1.5.1.-4,31125,73984,759593777024,506380954465,1.2491394657705108,0.5850049417822676
7096,1.6.-1.-1,975,2312,1783262239228,1189690194225,1.2456672738637058,0.5839329433948899
7097,0.-1.-2.4,15631,36992,28571331176560,19072869154801,1.242803224620601,0.5830463685951517
7098,0.-3.2.-2,7831,18496,14305233262736,9555347601001,1.2399448498468464,0.5821627614881457
7099,0.1.2.-4,15693,36992,28649601874384,19148521249203,1.2370921271015265,0.5812821070329268
7100,0.3.-2.2,3931,9248,7172184305824,4796586824101,1.2342450340765847,0.580404390291104
7101,-1.4.1.-4,31505,73984,11489856248064,7688449142371,1.2316324932984535,0.579596225472179
7102,-1.5.-1.-1,15781,36992,28760544017024,19255898415451,1.2290246749553682,0.5787905291773691
7103,1.-4.-1.4,31619,73984,8227556403968,5511621135707,1.2264215620055587,0.5779872899887621
7104,1.-5.1.1,7919,18496,14416175405376,9662724767249,1.2238231374993367,0.577186496559506
7105,-6.-17.8.-7,15843,36992,28838615346016,19331550509853,1.2233677557080842,0.5770445415962288
7106,-6.-9.-8.17,1981,4624,3605609985160,2417206435651,1.2229125176111924,0.5769026622498346
7107,6.17.-8.7,15853,36992,28851144416544,19343752460563,1.2224574231180054,0.5767608584592341
7108,6.9.8.-17,7929,18496,14428704475904,9674926717959,1.222002472137953,0.5766191301634053
7109,-15.-15.-15.30,15863,36992,28863645208480,19355954411273,1.22154766458055,0.5764760638498276
7110,-15.-30.15.-15,3967,9248,7217470366288,4840513846657,1.2210930003553981,0.5763330735212057
7111,-15.-45.-15.45,15873,36992,28876117721824,19368156361983,1.2206384793721834,0.5761901591163188
7112,-15.-60.15.0,467,1088,14441176989248,9687128668669,1.2201841015406776,0.5760473205740115
7113,15.15.15.-30,15883,36992,28888590235168,19380358312693,1.2197298667707372,0.5759045578331965
7114,15.30.-15.15,993,2312,1805926655740,1211653705503,1.2192757749723049,0.5757618708328516
7115,15.45.15.-45,15893,36992,28901062748512,19392560263403,1.2188218260554073,0.575619259512021
7116,15.60.-15.0,7949,18496,14453649502592,9699330619379,1.2183680199301568,0.5754767238098154
7117,-12.-31.-2.16,15905,36992,28916023438528,19407202604255,1.2177329310738032,0.5752769851299487
7118,-12.-33.2.10,117,272,3615593483984,2426967996219,1.2170981216669348,0.5750773945671677
7119,12.31.2.-16,15919,36992,28933472305216,19424285335249,1.2164635914637354,0.5748779519548698
7120,12.33.-2.-10,7963,18496,14471098369280,9716413350373,1.2158293402187126,0.574678657126706
7121,-1.-4.-3.7,15933,36992,28950914143328,19441368066243,1.2151953676866976,0.574479159665444
7122,-1.-7.3.-2,3985,9248,7239907887024,4862477357935,1.2145616736228446,0.5742798098673222
7123,1.4.3.-7,15947,36992,28968348952864,19458450797237,1.213928257782631,0.5740806075665548
7124,1.7.-3.2,7977,18496,14488533178816,9733496081367,1.213295119921855,0.5738815525976075
7125,-5.-11.-1.6,7983,18496,4831995743648,3246939083931,1.2122103867573024,0.5735388654717437
7126,-5.-12.1.3,7989,18496,14503441283072,9748138422219,1.2111264685689085,0.5731966118489965
7127,5.11.1.-6,7995,18496,2902179067040,1951091918529,1.2100433641329844,0.5728547908976943
7128,5.12.-1.-3,8001,18496,4839449795776,3254260254357,1.2089610722285964,0.5725134017883143
7129,-17.-41.-1.18,16007,36992,29042889474144,19531662501497,1.2085103567883693,0.5723702398881204
7130,-17.-42.1.15,4003,9248,7262270043408,4884440869213,1.2080597821131405,0.572227153202675
7131,-17.-43.-1.19,16017,36992,9685090291040,6514621484069,1.207609348115011,0.5720841416720157
7132,-17.-44.1.16,8011,18496,14530730786304,9774982713781,1.2071590547061652,0.5719412052362444
7133,17.41.1.-18,16027,36992,29067652272096,19556066402917,1.2067089017988688,0.5717983438355277
7134,17.42.-1.-15,501,1156,302852530954,203772576857,1.2062588893054704,0.5716555574100962
7135,17.43.1.-19,16037,36992,29080033671072,19568268353627,1.2058090171383997,0.571512845900245
7136,17.44.-1.-16,8021,18496,14543112185280,9787184664491,1.2053592852101687,0.5713702092463329
7137,-1.-11.-1.7,32133,73984,19410923406784,13069509405481,1.203157623010964,0.5706637636278497
7138,-1.-12.1.4,16091,36992,29146545849792,19634158887461,1.2009593155964764,0.5699591247481726
7139,1.11.1.-7,32231,73984,58353413178816,39328107333401,1.1987643527585463,0.5692562856013101
7140,1.12.-1.-4,4035,9248,2433905610752,1641162370495,1.1965727243355362,0.5685552392178689
7141,-2.-11.8.-9,32287,73984,58422351398656,39396438257377,1.1962599061675623,0.5684552205262534
7142,-2.-3.-8.15,16147,36992,29215484069632,19702489811437,1.1959471558129449,0.5683552382644121
7143,-6.-19.12.-13,32301,73984,19479861626624,13137840329457,1.195634473242289,0.5682552924122054
7144,-6.-7.-12.23,8077,18496,14612050405120,9855515588467,1.1953218584262189,0.568155382949509
7145,2.11.-8.9,32315,73984,58456818361088,39430603719365,1.1950093113353775,0.568055509856213
7146,2.3.8.-15,16161,36992,9744239183616,6573190847477,1.194696831940427,0.567955673112223
7147,6.19.-12.13,32329,73984,58474051842304,39447686450359,1.194384420212049,0.5678558726974593
7148,6.7.12.-23,2021,4624,3655166786432,2466014238491,1.1940720761209433,0.5677561085918575
7149,-1.-19.-1.11,16185,36992,29262149849056,19748857224135,1.1925559374041435,0.5672665925944141
7150,-1.-20.1.8,8101,18496,14641482703328,9884800270171,1.1910413903360246,0.5667779382197204
7151,-1.14.1.-9,16219,36992,29303780964256,19790343856549,1.1895284315782528,0.5662901431669398
7152,-1.15.-1.-6,4059,9248,7331149130464,4952771793189,1.1880170578029854,0.5658032051435163
7153,1.-14.-1.9,16253,36992,29345412079456,19831830488963,1.1865072656928277,0.5653171218651389
7154,1.-15.1.6,8135,18496,14683113818528,9926286902585,1.1849990519407887,0.5648318910557028
7155,1.19.1.-11,16287,36992,29387043194656,19873317121377,1.1834924132502387,0.564347510447272
7156,1.20.-1.-8,1019,2312,1837991172016,1243378777349,1.181987346334865,0.5638639777800436
7157,-1.2.1.-3,32671,73984,58892745050464,39864993164641,1.179202689223263,0.5629674988335003
7158,-1.3.-1.0,16367,36992,29484886298208,19970932727057,1.1764233966405702,0.5620739164256225
7159,1.-2.-1.3,32797,73984,59046800142368,40018737743587,1.173649447957427,0.5611832163703261
7160,1.-3.1.0,8215,18496,2956191384416,2004780501653,1.1708808226632421,0.5602953845750951
7161,-1.-17.-1.10,16449,36992,29585127060608,20070988722879,1.1692134234827236,0.5597604036342648
7162,-1.-18.1.7,4117,9248,7402085069264,5023543107307,1.1675479491794096,0.5592264593958597
7163,-1.12.1.-8,16487,36992,29631553493504,20117356135577,1.1658843953141946,0.5586935488129032
7164,-1.13.-1.-5,8253,18496,14827383354976,10070269920963,1.164222757463312,0.558161668850487
7165,1.-12.-1.8,16525,36992,1187119197056,806548941931,1.1625630312182624,0.557630816485711
7166,1.-13.1.5,517,1156,928162285714,630840851707,1.1609052121857442,0.5571009887076214
7167,1.17.1.-10,16563,36992,29724406359296,20210090960973,1.1592492959875835,0.5565721825171531
7168,1.18.-1.-7,8291,18496,14873809787872,10116637333661,1.157595278260665,0.5560443949270696
7169,-12.-18.-8.20,4147,9248,7438730376032,5060148959437,1.1570733505947173,0.5558765514978694
7170,-12.-26.8.-4,8297,18496,14881111716256,10123958504087,1.1565516116796624,0.5557088099371095
7171,-14.-26.-6.20,2075,4624,3721190670112,2531904772325,1.1560300613790293,0.5555411701509451
7172,-14.-32.6.2,8303,18496,14888413644640,10131279674513,1.155508699556495,0.5553736320456487
7173,-6.-22.-14.34,4153,9248,7446032304416,5067470129863,1.1549875260758837,0.5552061955276089
7174,-6.-36.14.-8,8309,18496,14895715573024,10138600844939,1.1544665408011678,0.55503886050333
7175,12.18.8.-20,1039,2312,1862420817152,1267782678769,1.153945743596467,0.5548716268794331
7176,12.26.-8.4,8315,18496,14903017501408,10145922015365,1.1534251343260475,0.5547044945626547
7177,14.26.6.-20,4159,9248,7453334232800,5074791300289,1.1529047128543226,0.5545374634598474
7178,14.32.-6.-2,8321,18496,14910319429792,10153243185791,1.1523844790458526,0.554370533477979
7179,6.22.14.-34,2081,4624,3728492598496,2539225942751,1.1518644327653442,0.5542037045241325
7180,6.36.-14.8,8327,18496,14917621358176,10160564356217,1.15134457387765,0.554036976505506
7181,-2.-3.0.1,16687,36992,29875125366208,20361395149777,1.148488693616348,0.5531083498039846
7182,2.3.0.-1,1045,2312,1869688001004,1275103849195,1.1456384555324337,0.5521827941532323
7183,-1.-13.15.-20,16723,36992,29918619104672,20405322172333,1.1453796219867425,0.552098100130214
7184,-1.2.-15.25,8363,18496,14961115096640,10204491378773,1.1451208348699813,0.5520134315192702
7185,-11.-13.-7.16,16729,36992,29925841281888,20412643342759,1.1448620941654966,0.5519287883088192
7186,-11.-20.7.-5,4183,9248,7482363092624,5104075981993,1.1446033998566436,0.5518441704872875
7187,-12.-15.-6.15,16735,36992,29933063459104,20419964513185,1.1443447519267869,0.5517595780431079
7188,-12.-21.6.-3,8369,18496,14968337273856,10211812549199,1.1440861503592994,0.5516750109647206
7189,-13.-17.-5.14,16741,36992,29940285636320,20427285683611,1.1438275951375632,0.5515904692405728
7190,-13.-22.5.-1,2093,4624,3742987090616,2553868283603,1.1435690862449697,0.5515059528591189
7191,-14.-19.-4.13,16747,36992,29947507813536,20434606854037,1.1433106236649186,0.5514214618088202
7192,-14.-23.4.1,8375,18496,14975559451072,10219133719625,1.1430522073808194,0.5513369960781455
7193,1.-2.15.-25,16753,36992,29954729990752,20441928024463,1.1427938373760893,0.5512525556555701
7194,1.13.-15.20,4189,9248,7489585269840,5111397152419,1.1425355136341555,0.551168140529577
7195,11.13.7.-16,16759,36992,29961952167968,20449249194889,1.1422772361384534,0.5510837506886558
7196,11.20.-7.5,29,64,14982781628288,10226454890051,1.142019004872428,0.5509993861213035
7197,12.15.6.-15,16765,36992,29969174345184,20456570365315,1.1417608198195321,0.5509150468160239
7198,12.21.-6.3,131,289,468324772403,319691108602,1.1415026809632285,0.5508307327613277
7199,13.17.5.-14,16771,36992,29976396522400,20463891535741,1.1412445882869884,0.5507464439457335
7200,13.22.-5.1,8387,18496,14990003805504,10233776060477,1.1409865417742915,0.5506621803577657
7201,14.19.4.-13,16777,36992,29983618699616,20471212706167,1.1407285414086274,0.550577941985957
7202,14.23.-4.-1,4195,9248,7496807447056,5118718322845,1.1404705871734933,0.5504937288188461
7203,-11.-26.-1.12,16789,36992,29998022457568,20485855047019,1.139697001086383,0.5502392880258077
7204,-11.-27.1.9,8399,18496,15004407563456,10248418401329,1.1389238295808142,0.549985075070138
7205,-13.-31.-1.14,16807,36992,30019607796256,20507818558297,1.1381510722126582,0.5497310896420097
7206,-13.-32.1.11,1051,2312,1876900029100,1282425019621,1.1373787285385004,0.5494773314321635
7207,-15.-36.-1.16,16825,36992,30041193134944,20529782069575,1.1366067981156371,0.5492238001319074
7208,-15.-37.1.13,8417,18496,15025992902144,10270381912607,1.135835280502075,0.5489704954331159
7209,-7.-16.-1.8,16843,36992,30062778473632,20551745580853,1.1350641752565298,0.5487174170282266
7210,-7.-17.1.5,4213,9248,7518392785744,5140681834123,1.1342934819384245,0.5484645646102418
7211,-9.-21.-1.10,16861,36992,30084363812320,20573709092131,1.1335232001078872,0.5482119378727248
7212,-9.-22.1.7,8435,18496,15047578240832,10292345423885,1.1327533293257508,0.5479595365097999
7213,11.26.1.-12,16879,36992,30105949151008,20595672603409,1.1319838691535504,0.5477073602161504
7214,11.27.-1.-9,2111,4624,3764592727544,2575831794881,1.1312148191535227,0.5474554086870179
7215,13.31.1.-14,16897,36992,30127534489696,20617636114687,1.1304461788886042,0.5472036816182004
7216,13.32.-1.-11,8453,18496,15069163579520,10314308935163,1.129677947922429,0.546952178706052
7217,15.36.1.-16,995,2176,30149119828384,20639599625965,1.1289101258193281,0.5467008996474801
7218,15.37.-1.-13,4231,9248,7539978124432,5162645345401,1.1281427121443284,0.5464498441399457
7219,7.16.1.-8,16933,36992,30170705167072,20661563137243,1.1273757064631498,0.546199011881461
7220,7.17.-1.-5,8471,18496,15090748918208,10336272446441,1.1266091083422045,0.5459484025705886
7221,9.21.1.-10,16951,36992,30192290505760,20683526648521,1.1258429173485962,0.5456980159064405
7222,9.22.-1.-7,265,578,471923174611,323351693815,1.1250771330501175,0.5454478515886761
7223,-1.-13.-1.8,8491,18496,15114728711216,10360676347861,1.1232069253225645,0.5448368991519584
7224,-1.-14.1.5,4251,9248,7563957917440,5187049246821,1.1213391388615042,0.544227269800169
7225,-1.-15.-1.9,133,289,473122004035,324571888886,1.1196432469994893,0.5436742057713936
7226,-1.-16.1.6,4261,9248,7575946211680,5199251197531,1.1179493463224595,0.5431222283554539
7227,-1.-25.-1.14,8527,18496,15157886570480,10404603370417,1.117103141218201,0.5428466461144552
7228,-1.-26.1.11,2133,4624,3790970179400,2602676086443,1.1162574321601073,0.5425713343128852
7229,-1.-27.-1.15,1067,2312,1896084504412,1301948140757,1.115581221676254,0.542351279317242
7230,-1.-28.1.12,2135,4624,3793367838248,2605116476585,1.114905327992826,0.5421313969390507
7231,-1.-29.-1.16,8543,18496,15177067841264,10424126491553,1.114398615452036,0.5419665983119281
7232,-1.-30.1.13,4273,9248,7590332164768,5213893538383,1.1138920808195671,0.5418018965798691
7233,-1.-31.-1.17,2137,4624,3795765497096,2607556866727,1.1135544898408678,0.5416921492130324
7234,-1.-32.1.14,4275,9248,7592729823616,5216333928525,1.1132169778400562,0.5415824448466159
7235,-1.10.1.-7,535,1156,949840496342,652804362985,1.1115306012121695,0.5410345671261059
7236,-1.11.-1.-4,4285,9248,7604718117856,5228535879235,1.1098461935008166,0.5404877605871804
7237,-1.20.1.-12,8575,18496,15215430382832,10463172733825,1.1090047265531418,0.5402147580173248
7238,-1.21.-1.-9,2145,4624,3805356132488,2617318427295,1.1081637501137709,0.5399420220522709
7239,-1.22.1.-13,1073,2312,65630257964,45147217627,1.1074913217441569,0.5397240249700768
7240,-1.23.-1.-10,2147,4624,3807753791336,2619758817437,1.1068192066419056,0.5395061980600214
7241,-1.24.1.-14,8591,18496,15234611653616,10482695854961,1.1063153257214022,0.5393429394316223
7242,-1.25.-1.-11,4297,9248,7619104070944,5243178220087,1.1058116207267403,0.5391797763266536
7243,-1.26.1.-15,2149,4624,3810151450184,2622199207579,1.1054759150728952,0.5390710539500057
7244,-1.27.-1.-12,4299,9248,7621501729792,5245618610229,1.1051402875173768,0.5389623739653834
7245,-1.6.1.-5,4305,9248,7628694706336,5252939780655,1.1031281602164724,0.5383111828861541
7246,-1.7.-1.-2,4311,9248,7635887682880,5260260951081,1.1011188353221861,0.537661511612615
7247,-1.8.1.-6,8633,18496,15284962489424,10533944047943,1.0992794093471534,0.5370673101235802
7248,-1.9.-1.-3,2161,4624,3824537403272,2636841548431,1.0974423256411716,0.5364743770474585
7249,-16.-20.-16.34,8645,18496,15299348442512,10548586388795,1.0972754339710347,0.5364205367949649
7250,-16.-22.-16.35,4323,9248,7650273635968,5274903291933,1.097108561604775,0.5363667069881901
7251,-16.-24.-16.36,8647,18496,15301746101360,10551026778937,1.0969417085379276,0.5363128876240566
7252,-16.-26.-16.37,1081,2312,1912868116348,1319030871751,1.0967748747660286,0.5362590786994886
7253,-16.-28.-16.38,8649,18496,15304143760208,10553467169079,1.096608060284616,0.5362052802114116
7254,-16.-30.-16.39,4325,9248,7652671294816,5277343682075,1.0964412650892295,0.5361514921567522
7255,-16.-34.-16.41,8651,18496,15306541419056,10555907559221,1.0962744891754101,0.5360977145324382
7256,-16.-36.-16.42,2163,4624,3826935062120,2639281938573,1.0961077325387,0.5360439473353985
7257,-16.-36.16.-14,509,1088,900525828112,621079291139,1.0959409951746442,0.5359901905625636
7258,-16.-38.-16.43,4327,9248,7655068953664,5279784072217,1.0957742770787877,0.5359364442108648
7259,-16.-38.16.-13,8655,18496,15311336736752,10560788339505,1.0956075782466776,0.5358827082772348
7260,-16.-40.-16.44,541,1156,957033472886,660125533411,1.0954408986738635,0.5358289827586076
7261,-16.-40.16.-12,8657,18496,15313734395600,10563228729647,1.095274238355895,0.5357752676519181
7262,-16.-42.-16.45,4329,9248,7657466612512,5282224462359,1.0951075972883246,0.5357215629541028
7263,-16.-42.16.-11,8659,18496,15316132054448,10565669119789,1.094940975466705,0.5356678686620994
7264,-16.-44.-16.46,2165,4624,3829332720968,2641722328715,1.0947743728865915,0.5356141847728466
7265,-16.-44.16.-10,8661,18496,15318529713296,10568109509931,1.0946077895435409,0.5355605112832841
7266,-16.-46.16.-9,4331,9248,7659864271360,5284664852501,1.0944412254331104,0.5355068481903534
7267,-16.-50.16.-7,8663,18496,15320927372144,10570549900073,1.0942746805508603,0.5354531954909969
7268,-16.-52.16.-6,1083,2312,1915265775196,1321471261893,1.0941081548923517,0.5353995531821581
7269,-16.-54.16.-5,8665,18496,15323325030992,10572990290215,1.0939416484531468,0.5353459212607818
7270,-16.-56.16.-4,4333,9248,7662261930208,5287105242643,1.09377516122881,0.5352922997238145
7271,-16.-58.16.-3,8667,18496,15325722689840,10575430680357,1.0936086932149072,0.5352386885682029
7272,-16.-60.16.-2,2167,4624,3831730379816,2644162718857,1.0934422444070053,0.5351850877908957
7273,1.-10.-1.7,4339,9248,7669454906752,5294426413069,1.0917788116839364,0.5346496501540952
7274,1.-11.1.4,543,1156,959431131734,662565923553,1.0901172946963174,0.5341152470000232
7275,1.-20.-1.12,8693,18496,15356892254864,10607155752203,1.0892872532253517,0.533848432406153
7276,1.-21.1.9,4349,9248,7681443200992,5306628363779,1.0884576890366107,0.533581875297035
7277,1.-22.-1.13,4351,9248,7683840859840,5309068753921,1.0877943809601494,0.533368814745336
7278,1.-23.1.10,4353,9248,7686238518688,5311509144063,1.0871313777127782,0.5331559185498054
7279,1.-24.-1.14,8709,18496,15376073525648,10626678873339,1.086634325152861,0.5329963541461287
7280,1.-25.1.11,1089,2312,1922458751740,1328792432319,1.086137443783772,0.532836882003489
7281,1.-26.-1.15,4357,9248,7691033836384,5316389924347,1.085806284585511,0.5327306184578723
7282,1.-27.1.12,2179,4624,3846116332904,2658805059709,1.085475201384772,0.5326243958572054
7283,1.-6.-1.5,1091,2312,1924856410588,1331232822461,1.0834902961770716,0.5319879187573735
7284,1.-7.1.2,2185,4624,3853309309448,2666126230135,1.081508118112718,0.5313529096570098
7285,1.-8.-1.6,8751,18496,15426424361456,10677927066321,1.079693510881345,0.5307721031929993
7286,1.-9.1.3,4381,9248,7719805742560,5345674606051,1.0778811831777282,0.5301925220050521
7287,1.13.1.-8,8773,18496,15452798608784,10704771357883,1.0760711292819212,0.5296141621733463
7288,1.14.-1.-5,549,1156,966624108278,669887093979,1.0742633434954802,0.5290370197949568
7289,1.15.1.-9,4397,9248,7738987013344,5365197727187,1.0726218652880315,0.5285133981028802
7290,1.16.-1.-6,2201,4624,3872490580232,2685649351271,1.0709822526091215,0.527990776450986
7291,1.25.1.-14,8809,18496,15495956468048,10748698380439,1.070163144518709,0.5277298397345542
7292,1.26.-1.-11,4407,9248,7750975307584,5377399677897,1.0693445012232428,0.5274691519429198
7293,1.27.1.-15,4409,9248,7753372966432,5379840068039,1.0686899208849312,0.5272607806933355
7294,1.28.-1.-12,4411,9248,7755770625280,5382280458181,1.0680356374084612,0.5270525683408904
7295,1.29.1.-16,8825,18496,15515137738832,10768221501575,1.0675451194547738,0.5268965132421959
7296,1.30.-1.-13,2207,4624,3879683556776,2692970521697,1.0670547682210647,0.5267405473422636
7297,1.31.1.-17,4415,9248,7760565942976,5387161238465,1.0667279599648505,0.5266366195923011
7298,1.32.-1.-14,138,289,485110298275,336773839596,1.0664012257225097,0.5265327314289454
7299,16.20.16.-34,8833,18496,15524728374224,10777983062143,1.066237886346067,0.5264808021850936
7300,16.22.16.-35,4417,9248,7762963601824,5389601628607,1.0660745654605257,0.5264288828293137
7301,16.24.16.-36,8835,18496,15527126033072,10780423452285,1.0659112630616996,0.5263769733587482
7302,16.26.16.-37,2209,4624,3882081215624,2695410911839,1.065747979145404,0.5263250737705406
7303,16.28.16.-38,8837,18496,15529523691920,10782863842427,1.0655847137074559,0.5262731840618358
7304,16.30.16.-39,4419,9248,7765361260672,5392042018749,1.0654214667436734,0.5262213042297789
7305,16.34.16.-41,8839,18496,15531921350768,10785304232569,1.065258238249876,0.5261694342715175
7306,16.36.-16.14,65,136,114214118972,79312679615,1.0650950282218847,0.5261175741841991
7307,16.36.16.-42,8841,18496,15534319009616,10787744622711,1.0649318366555225,0.5260657239649731
7308,16.38.-16.13,4421,9248,7767758919520,5394482408891,1.0647686635466125,0.5260138836109894
7309,16.38.16.-43,8843,18496,15536716668464,10790185012853,1.0646055088909805,0.5259620531193995
7310,16.40.-16.12,2211,4624,3884478874472,2697851301981,1.064442372684453,0.5259102324873557
7311,16.40.16.-44,8845,18496,535831528528,372159496655,1.0642792549228581,0.5258584217120117
7312,16.42.-16.11,4423,9248,7770156578368,5396922799033,1.0641161556020255,0.5258066207905219
7313,16.42.16.-45,8847,18496,15541511986160,10795065793137,1.0639530747177859,0.5257548297200422
7314,16.44.-16.10,553,1156,971419425974,674767874263,1.0637900122659718,0.5257030484977293
7315,16.44.16.-46,8849,18496,15543909645008,10797506183279,1.063626968242417,0.5256512771207412
7316,16.46.-16.9,4425,9248,7772554237216,5399363189175,1.0634639426429566,0.5255995155862372
7317,16.50.-16.7,8851,18496,15546307303856,10799946573421,1.0633009354634273,0.5255477638913774
7318,16.52.-16.6,2213,4624,3886876533320,2700291692123,1.0631379466996673,0.5254960220333226
7319,16.54.-16.5,8853,18496,15548704962704,10802386963563,1.0629749763475156,0.5254442900092358
7320,16.56.-16.4,4427,9248,7774951896064,5401803579317,1.062812024402813,0.52539256781628
7321,16.58.-16.3,8855,18496,15551102621552,10804827353705,1.0626490908614021,0.52534085545162
7322,16.60.-16.2,1107,2312,1944037681372,1350755943597,1.0624861757191266,0.5252891529124214
7323,-2.-1.0.0,8867,18496,15565422622592,10819469694557,1.0606953223097086,0.5247149598409001
7324,2.1.0.0,4439,9248,7789271897104,5416445920169,1.0589066891755856,0.5241419618694747
7325,-20.-46.-8.32,8881,18496,15582110745344,10836552425551,1.0584192647526072,0.5239848272182305
7326,-20.-54.8.8,2221,4624,3896419424120,2710053252691,1.057932004953698,0.5238277815920128
7327,-4.-20.20.-26,8887,18496,15589244647616,10843873595977,1.0574449096676948,0.5236708249142572
7328,-4.0.-20.34,4445,9248,7796405799376,5423767090595,1.0569579787835466,0.5235139571084888
7329,-8.-10.-20.38,8893,18496,15596378549888,10851194766403,1.0564712121903141,0.5233571780983205
7330,-8.-30.20.-22,139,289,487498296907,339214229738,1.0559846097771715,0.523200487807454
7331,20.46.8.-32,8899,18496,15603512452160,10858515936829,1.055498171433404,0.5230438861596792
7332,20.54.-8.-8,4451,9248,7803539701648,5431088261021,1.0550118970484095,0.5228873730788752
7333,4.0.20.-34,8905,18496,15610646354432,10865837107255,1.0545257865116975,0.5227309484890085
7334,4.20.-20.26,131,272,3903553326392,2717374423117,1.0540398397128892,0.5225746123141337
7335,8.10.20.-38,8911,18496,15617780256704,10873158277681,1.0535540565417167,0.5224183644783932
7336,8.30.-20.22,4457,9248,7810673603920,5438409431447,1.0530684368880245,0.5222622049060176
7337,-1.-3.-1.3,17883,36992,31307519419456,21820748454693,1.0486245238086962,0.5208086171740234
7338,-1.-4.1.0,8969,18496,15686172211616,10943929591799,1.044194257227461,0.5193624906047234
7339,1.3.1.-3,17993,36992,31437169427008,21954969912503,1.0397775535887084,0.5179237671777995
7340,1.4.-1.0,141,289,492218662981,344095010022,1.0353743301018854,0.5164923894801876
7341,-8.-27.-14.36,36109,73984,63019280101504,44060023818739,1.0348548360021912,0.5163229989179511
7342,-8.-41.14.-6,18061,36992,31517285670720,22037943177331,1.03433552889765,0.516153710410706
7343,8.27.14.-36,36135,73984,5731805689216,4008340808235,1.0338164086536896,0.5159845238650861
7344,8.41.-14.6,9037,18496,15766288455328,11026902856627,1.033297475135884,0.5158154391878401
7345,-1.-12.13.-17,18077,36992,31536082108336,22057466298467,1.0330580302999126,0.515736357086518
7346,-1.1.-13.22,565,1156,985612103313,689410215115,1.0328186251981288,0.5156572968962486
7347,-12.-13.-2.7,18083,36992,31543092503696,22064787468893,1.0325792598173476,0.5155782586078079
7348,-12.-15.2.1,9043,18496,15773298850688,11034224027053,1.0323399341443904,0.5154992422119781
7349,-2.-12.10.-12,18089,36992,31550102899056,22072108639319,1.0321006481660857,0.5154202476995454
7350,-2.-14.14.-18,4523,9248,7888402024184,5518942306133,1.0318614018692676,0.5153412750613025
7351,-2.-2.-10.18,18095,36992,31557113294416,22079429809745,1.0316221952407778,0.5152623242880461
7352,-2.0.-14.24,9049,18496,15780309246048,11041545197479,1.0313830282674636,0.5151833953705788
7353,-4.-1.-2.3,18101,36992,31564123689776,22086750980171,1.0311439009361796,0.5151044882997086
7354,-4.-3.2.-3,2263,4624,3945953610932,2761301445673,1.0309048132337864,0.5150256030662484
7355,1.-1.13.-22,18107,36992,31571134085136,22094072150597,1.0306657651471514,0.5149467396610163
7356,1.12.-13.17,9055,18496,15787319641408,11048866367905,1.0304267566631484,0.5148678980748356
7357,12.13.2.-7,18113,36992,31578144480496,22101393321023,1.0301877877686583,0.514789078298535
7358,12.15.-2.-1,4529,9248,7895412419544,5526263476559,1.0299488584505672,0.5147102803229485
7359,2.0.14.-24,18119,36992,31585154875856,22108714491449,1.029709968695769,0.5146315041389147
7360,2.12.-10.12,533,1088,15794330036768,11056187538331,1.0294711184911636,0.514552749737278
7361,2.14.-14.18,18125,36992,31592165271216,22116035661875,1.0292323078236574,0.5144740171088878
7362,2.2.10.-18,1133,2312,1974729404306,1382481015443,1.0289935366801632,0.5143953062445985
7363,4.1.2.-3,18131,36992,31599175666576,22123356832301,1.0287548050476005,0.5143166171352702
7364,4.3.-2.3,9067,18496,15801340432128,11063508708757,1.0285161129128955,0.5142379497717675
7365,-16.-36.-8.28,18141,36992,31610833926368,22135558783011,1.0279593181279707,0.5140533026954844
7366,-16.-44.8.4,4537,9248,7904746747120,5536025037127,1.0274027381499344,0.5138687744541777
7367,16.36.8.-28,18155,36992,31627140050592,22152641514005,1.0268463728131094,0.5136843649316565
7368,16.44.-8.-4,9081,18496,15817646556352,11080591439751,1.0262902219520094,0.5135000740118838
7369,-10.-17.-4.13,9083,18496,15819974810720,11083031829893,1.0259725176915557,0.5133947094212009
7370,-10.-21.4.1,9085,18496,15822303065088,11085472220035,1.0256548833792007,0.5132893835305016
7371,-2.-3.8.-13,9087,18496,15824631319456,11087912610177,1.0253373189841501,0.5131840963181878
7372,-2.5.-8.11,9089,18496,15826959573824,11090353000319,1.025019824475631,0.5130788477626776
7373,-4.-7.10.-15,9091,18496,15829287828192,11092793390461,1.0247023998228897,0.5129736378424057
7374,-4.3.-10.15,9093,18496,15831616082560,11095233780603,1.0243850449951937,0.5128684665358223
7375,-8.-15.-2.9,535,1088,15833944336928,11097674170745,1.0240677599618302,0.5127633338213944
7376,-8.-17.10.-11,9097,18496,15836272591296,11100114560887,1.023750544692107,0.512658239677605
7377,-8.-17.2.3,9099,18496,15838600845664,11102554951029,1.0234333991553517,0.5125531840829534
7378,-8.-7.-10.19,9101,18496,833733110528,584473439009,1.023116323320913,0.5124481670159552
7379,10.17.4.-13,9103,18496,15843257354400,11107435731313,1.022799317158159,0.5123431884551419
7380,10.21.-4.-1,9105,18496,15845585608768,11109876121455,1.0224823806364782,0.5122382483790613
7381,2.-5.8.-11,9107,18496,15847913863136,11112316511597,1.0221655137252794,0.5121333467662769
7382,2.3.-8.13,9109,18496,15850242117504,11114756901739,1.021848716393991,0.5120284835953692
7383,4.-3.10.-15,9111,18496,15852570371872,11117197291881,1.0215319886120628,0.5119236588449342
7384,4.7.-10.15,9113,18496,15854898626240,11119637682023,1.0212153303489635,0.511818872493584
7385,8.15.2.-9,9115,18496,15857226880608,11122078072165,1.0208987415741821,0.5117141245199468
7386,8.17.-10.11,9117,18496,15859555134976,11124518462307,1.0205822222572283,0.511609414902667
7387,8.17.-2.-3,9119,18496,15861883389344,11126958852449,1.0202657723676312,0.511504743620405
7388,8.7.10.-19,9121,18496,15864211643712,11129399242591,1.0199493918749403,0.5114001106518371
7389,-1.-10.17.-25,18247,36992,446961105088,313590133247,1.0195540138021186,0.5112691249707024
7390,-1.7.-17.26,4563,9248,7935013408768,5567750108973,1.0191587440550258,0.5111381991708738
7391,1.-7.17.-26,18257,36992,31745868808896,22277101411247,1.0187635825743202,0.5110073332107586
7392,1.10.-17.25,9131,18496,15875841991360,11141601193301,1.018368529300708,0.5108765270488039
7393,-1.-1.7.-12,18267,36992,31757490165328,22289303361957,1.0179735841749453,0.5107453721861257
7394,-1.6.-7.9,571,1156,992603010873,696731385541,1.017578747137836,0.5106142771880615
7395,1.-6.7.-9,18277,36992,31769102530544,22301505312667,1.017184018130233,0.5104832420130934
7396,1.1.-7.12,9141,18496,1444314032416,1013982104001,1.016789397093037,0.510352266619741
7397,-1.-4.13.-21,9143,18496,15889769480800,11156243534153,1.0164737779622903,0.5102468620917556
7398,-1.9.-13.18,9145,18496,15892084605024,11158683924295,1.0161582278646,0.5101414959709908
7399,-7.-20.11.-11,9147,18496,15894399729248,11161124314437,1.0158427467697744,0.5100361682361775
7400,-7.-9.-11.22,9149,18496,15896714853472,11163564704579,1.0155273346476414,0.509930878866062
7401,1.-9.13.-18,9151,18496,15899029977696,11166005094721,1.0152119914680495,0.5098256278394072
7402,1.4.-13.21,9153,18496,15901345101920,11168445484863,1.0148967172008663,0.5097204151349916
7403,7.20.-11.11,9155,18496,15903660226144,11170885875005,1.0145815118159793,0.5096152407316091
7404,7.9.11.-22,9157,18496,15905975350368,11173326265147,1.0142663752832959,0.5095101046080702
7405,-1.-12.17.-24,36647,73984,63645887222400,44716488766937,1.0135182017891649,0.5092603814607368
7406,-1.5.-17.27,18333,36992,10611312173888,7456612078881,1.0127704160924784,0.509010873956004
7407,1.-5.17.-27,36685,73984,63689858864256,44762856179635,1.0120230177914342,0.5087615818109457
7408,1.12.-17.24,1147,2312,1990995146412,1399563746437,1.0112760064848538,0.5085125047431373
7409,-14.-34.-2.17,135,272,265542892376,186689845863,1.0106472441995085,0.5083014532875415
7410,-14.-36.2.11,287,578,71148151401,50027997911,1.010018755824991,0.5080905548358396
7411,14.34.2.-17,2297,4624,3985449571272,2802788078087,1.009390541122755,0.507879809219458
7412,14.36.-2.-11,1149,2312,664433777348,467334712193,1.0087625998545655,0.5076692162700741
7413,-1.-10.-11.24,9193,18496,15947561148816,11217253287703,1.0086056572336994,0.5076163566265965
7414,-1.-10.-15.31,9195,18496,5316620711248,3739897892615,1.008291823201379,0.5075106660246175
7415,-1.-11.-13.28,2299,4624,362523014232,255020769839,1.0081349317824988,0.5074578350608567
7416,-1.-13.7.-6,4599,9248,2658885601856,1870559043843,1.0078212001207452,0.5073522017946527
7417,-1.-14.9.-9,9199,18496,15954464103600,11224574458129,1.0076643598704533,0.507299399486956
7418,-1.-15.7.-5,575,1156,997225912254,701612165825,1.0075075366689412,0.5072466067260288
7419,-1.-16.9.-8,4601,9248,7978957790496,5614117521671,1.007193941397434,0.5071410498339877
7420,-1.-17.11.-11,9203,18496,15959066073456,11229455238413,1.00703716932003,0.507088285697628
7421,-1.-18.9.-7,2301,4624,1330018047160,935889619457,1.0068804142765893,0.507035531097547
7422,-1.-19.11.-10,4603,9248,7981258775424,5616557911813,1.0065669552767924,0.5069300504957404
7423,-1.-20.13.-13,9207,18496,483747516464,340434424809,1.0064102513130377,0.5068773244887771
7424,-1.-21.11.-9,1151,2312,1995602316972,1404444526721,1.0062535643684485,0.5068246080076169
7425,-1.-22.13.-12,4605,9248,2661186586784,1872999433985,1.005940241521981,0.5067192036122413
7426,-1.-23.15.-15,9211,18496,15968270013168,11239216798981,1.0057836056127136,0.5066665156927957
7427,-1.-24.13.-11,2303,4624,3992355126408,2810109248513,1.0056269867078333,0.5066138372886935
7428,-1.-25.15.-14,271,544,7985860745280,5621438692097,1.0053137998964679,0.5065085090160693
7429,-1.-5.-9.18,9215,18496,15972871983024,11244097579265,1.0051572319826034,0.5064558591423253
7430,-1.-6.-11.22,144,289,166396067453,117138726816,1.0050006810583665,0.5064032187734799
7431,-1.-6.-7.15,4609,9248,726196520928,511261734749,1.00468763016403,0.5062979665400522
7432,-1.-7.-13.26,9219,18496,5325824650960,3749659453183,1.0045311301865605,0.5062453546702553
7433,-1.-7.-9.19,9221,18496,15979774937808,11251418749691,1.0042181811526023,0.506140159411466
7434,-1.-8.-11.23,9223,18496,15982075922736,11253859139833,1.0039052999887457,0.5060350021097225
7435,-1.-8.-15.30,1153,2312,1997903301900,1406884916863,1.003748884848907,0.5059824376862363
7436,-1.-8.-7.16,9225,18496,5328125635888,3752099843325,1.0035924866655581,0.5059298827442057
7437,-1.-9.-13.27,9227,18496,15986677892592,11258739920117,1.0032797411536267,0.5058248012941113
7438,-1.-9.-9.20,2307,4624,1332319032088,938330009599,1.0031233938176962,0.5057722747808509
7439,-1.0.9.-16,9229,18496,1453543534320,1023743664569,1.0029670634235583,0.5057197577386514
7440,-1.1.11.-20,4615,9248,7995064684992,5631200252665,1.0028107499675423,0.5056672501649172
7441,-1.1.7.-13,577,1156,999526897182,704052555967,1.0024981738551964,0.5055622634124642
7442,-1.11.-9.10,4617,9248,2665788556640,1877880214269,1.0021856654513124,0.5054573145027417
7443,-1.12.-11.13,9235,18496,15995881832304,11268501480685,1.0020294366308784,0.5054048542324243
7444,-1.13.-9.9,2309,4624,3999258081192,2817430418939,1.0018732247265636,0.5053524034150153
7445,-1.14.-11.12,4619,9248,53689037952,37826047201,1.001560851651642,0.5052475301285655
7446,-1.15.-13.15,9239,18496,16000483802160,11273382260969,1.001404690473713,0.5051951076543488
7447,-1.16.-11.11,1155,2312,60612251116,42706827485,1.001248546197259,0.5051426946226885
7448,-1.17.-13.14,4621,9248,8001967639776,5638521423091,1.0009363083341445,0.5050378968766956
7449,-1.18.-15.17,9243,18496,5335028590672,3759421013751,1.0007802147401712,0.5049855121571947
7450,-1.19.-13.13,2311,4624,4001559066120,2819870809081,1.0006241380330478,0.5049331368699136
7451,-1.2.13.-24,9245,18496,16007386756944,11280703431395,1.0004680782091206,0.5048807710122704
7452,-1.2.9.-17,9247,18496,16009687741872,11283143821537,1.000156009196247,0.5047760675755755
7453,-1.20.-15.16,9249,18496,5337329575600,3761861403893,0.9998440076723475,0.504671401826475
7454,-1.3.11.-21,9251,18496,1455844519248,1026184054711,0.9995320736082375,0.5045667737443489
7455,-1.3.15.-28,2313,4624,1334620017016,940770399741,0.9993761318644883,0.5045144738219618
7456,-1.4.13.-25,4627,9248,8008870594560,5645842593517,0.999064298935383,0.5044099022016686
7457,-1.4.9.-18,9255,18496,5339630560528,3764301794035,0.9989084077427424,0.5043576304986169
7458,-1.5.11.-22,1157,2312,2002505271756,1411765697147,0.9987525333931889,0.5043053681968667
7459,-1.5.15.-29,4629,9248,2670390526496,1882760994553,0.9984408352087879,0.5042008717869894
7460,-1.6.13.-26,9259,18496,16023493651440,11297786162389,0.998285011366665,0.5041486376737248
7461,-1.8.-7.8,9261,18496,5341931545456,3766742184177,0.9979734141643979,0.5040441976177054
7462,-1.9.-9.11,4631,9248,728497505856,513702124891,0.9978176407969855,0.5039919916698187
7463,-11.-10.-13.25,9263,18496,16028095621296,11302666942673,0.9976618842472106,0.5039397951052607
7464,-11.-11.-11.22,545,1088,16030396606224,11305107332815,0.9973504215860506,0.5038354301158768
7465,-11.-12.-9.19,4633,9248,8015773549344,5653163763943,0.9971947154674073,0.5037832616859265
7466,-11.-13.-11.23,9267,18496,5344232530384,3769182574319,0.9970390261518849,0.5037311026290557
7467,-11.-18.15.-20,2317,4624,4008462020904,2827191979507,0.996883353635857,0.5036789529427045
7468,-11.-19.13.-16,9269,18496,16034998576080,11309988113099,0.9967276979156986,0.5036268126243141
7469,-11.-20.-5.16,9271,18496,16037299561008,11312428503241,0.9964164368484959,0.5035225600811835
7470,-11.-20.15.-19,9273,18496,486048501392,342874814951,0.9961052429212992,0.5034183449792107
7471,-11.-21.-3.13,4637,9248,8020375519200,5658044544227,0.9959496711261532,0.5033662514622713
7472,-11.-21.17.-22,9275,18496,16041901530864,11317309283525,0.9957941161051509,0.5033141672979584
7473,-11.-21.9.-8,2319,4624,1336921001944,943210789883,0.9956385778546752,0.5032620924837193
7474,-11.-22.-5.17,9277,18496,16044202515792,11319749673667,0.9954830563711109,0.503210027017003
7475,-11.-22.11.-11,9279,18496,5348834500240,3774063354603,0.9951720636902579,0.5031059241159369
7476,-11.-23.-3.14,9281,18496,16048804485648,11324630453951,0.9948611380336906,0.503001858574367
7477,-11.-23.13.-14,273,544,2674992496352,1887641774837,0.994705700330487,0.5029498398070246
7478,-11.-24.-1.11,9283,18496,16051105470576,11327070844093,0.9945502793725248,0.5028978303719157
7479,-11.-24.11.-10,2321,4624,364823999160,257461159981,0.9943948751561965,0.5028458302664955
7480,-11.-24.3.4,9285,18496,5351135485168,3776503744745,0.9942394876778955,0.5027938394882202
7481,-11.-25.1.8,4643,9248,8027278473984,5665365714653,0.9940841169340171,0.5027418580345465
7482,-11.-25.5.1,1161,2312,669035747204,472215492477,0.9937734256351123,0.5026379230908372
7483,-11.-26.3.5,4645,9248,8029579458912,5667806104795,0.9934628012306637,0.5025340254150418
7484,-11.-27.5.2,9291,18496,5353436470096,3778944134887,0.9933075141048597,0.5024820905462645
7485,-11.-3.-15.25,2323,4624,4015364975688,2834513149933,0.993152243691871,0.5024301649868507
7486,-11.-31.-11.32,9293,18496,16062610395216,11339272794803,0.9929969899881013,0.5023782487342634
7487,-11.-32.-13.36,4647,9248,2677293481280,1890082164979,0.9928417529899541,0.5023263417859676
7488,-11.-32.-9.29,581,1156,1004128867038,708933336251,0.99253132909615,0.5022225557921124
7489,-11.-33.-11.33,4649,9248,8034181428768,5672686885079,0.9922209719817148,0.5021188069850195
7490,-11.-33.-15.40,547,1088,16069513350000,11346593965229,0.9920658184577827,0.50206694652018
7491,-11.-33.-7.26,2325,4624,1339221986872,945651180025,0.9919106816179226,0.5020150953444381
7492,-11.-34.-13.37,4651,9248,8036482413696,5675127275221,0.9916004579760674,0.5019114208501326
7493,-11.-34.-17.44,9303,18496,5358038439952,3783824915171,0.9914453711669002,0.5018595975265135
7494,-11.-34.-9.30,1163,2312,2009408226540,1419086867573,0.9912903010274605,0.5018077834818819
7495,-11.-35.-11.34,9305,18496,16076416304784,11353915135655,0.9911352475541652,0.5017559787137119
7496,-11.-35.-15.41,9307,18496,16078717289712,11356355525797,0.9908251905916801,0.5016523969966618
7497,-11.-36.-13.38,2327,4624,4019966945544,2839393930217,0.9906701870953302,0.5016006200427353
7498,-11.-37.-15.42,9309,18496,5360339424880,3786265305313,0.9905152002508036,0.5015488523551788
7499,-11.-4.-17.29,4655,9248,8041084383552,5680008055505,0.9903602300545228,0.5014970939314718
7500,-11.-40.7.5,9311,18496,16083319259568,11361236306081,0.9902052765029117,0.5014453447690945
7501,-11.-41.9.2,9313,18496,16085620244496,11363676696223,0.9898954193193988,0.5013418742182545
7502,-11.-42.11.-1,4657,9248,8043385368480,5682448445647,0.9897405156803507,0.5012901528247571
7503,-11.-43.9.3,9315,18496,5362640409808,3788705695455,0.9895856286716789,0.5012384406825197
7504,-11.-44.11.0,9317,18496,1462747474032,1033505225137,0.989275904531183,0.5011350441417651
7505,-11.-45.13.-3,4659,9248,2681895451136,1894962945263,0.9891210673922216,0.5010833597382206
7506,-11.-46.11.1,9319,18496,16092523199280,11370997866649,0.9889662468693611,0.5010316845758811
7507,-11.-47.13.-2,9321,18496,5364941394736,3791146085597,0.9886566556576819,0.5009283619647728
7508,-11.-48.15.-5,4661,9248,8047987338336,5687329225931,0.9885018849617346,0.5008767145109837
7509,-11.-49.13.-1,9323,18496,16097125169136,11375878646933,0.988347130867632,0.5008250762883598
7510,-11.-5.-15.26,9325,18496,16099426154064,11378319037075,0.9880376724707165,0.5007218275265765
7511,-11.-50.15.-4,9327,18496,5367242379664,3793586475739,0.9877282804384585,0.5006186156593719
7512,-11.-51.17.-7,583,1156,91493622906,64670338763,0.9875736093001823,0.5005670235549751
7513,-11.-52.15.-3,9329,18496,16104028123920,11383199817359,0.9874189547424003,0.5005154406667103
7514,-11.-6.-13.23,4665,9248,2684196436064,1897403335405,0.9872643167615578,0.5004638669920759
7515,-13.-10.-15.28,2333,4624,4026869900328,2846715100643,0.9869550905164797,0.5003607472736926
7516,-13.-12.-15.29,549,1088,5369543364592,3796026865881,0.9868005022451407,0.5003092012249443
7517,-13.-13.-13.26,9335,18496,16110931078704,11390520987785,0.9864913753871145,0.5002061367358409
7518,-13.-16.-11.24,9337,18496,16113232063632,11392961377927,0.9861823147516376,0.5001031090412824
7519,-13.-17.-9.21,4669,9248,8057191278048,5697090786499,0.9860278092584899,0.5000516089857189
7520,-13.-18.-11.25,9339,18496,488349486320,345315205093,0.9858733203103429,0.5000001181213064
7521,-13.-19.-9.22,9341,18496,16117834033488,11397842158211,0.9855643920348823,0.4998971639559641
7522,-13.-23.15.-18,4671,9248,2686497420992,1899843725547,0.9854099527004856,0.49984570065005096
7523,-13.-25.-5.18,146,289,503790172215,356296960732,0.9851011236206617,0.4997428015792889
7524,-13.-25.15.-17,4673,9248,8061793247904,5701971566783,0.984792360635879,0.49963993921335426
7525,-13.-26.-3.15,9347,18496,16124736988272,11405163328637,0.9846380039202888,0.49958852178847873
7526,-13.-26.13.-13,9349,18496,16127037973200,11407603718779,0.9843293400250402,0.49948571444248263
7527,-13.-26.17.-20,275,544,733099475712,518582905175,0.9841750328383175,0.49943432451639314
7528,-13.-26.9.-6,9351,18496,5376446319376,3803348036307,0.9840207421541548,0.4993829437515982
7529,-13.-27.-5.19,1169,2312,2016311181324,1426408037999,0.9838664679690227,0.49933157214561597
7530,-13.-27.11.-9,4677,9248,2688798405920,1902284115689,0.9835579690817379,0.4992288564001653
7531,-13.-27.15.-16,9355,18496,16133940927984,11414924889205,0.9834037443725324,0.49917751225573703
7532,-13.-28.-3.16,9357,18496,5378747304304,3805788426449,0.9830953444053707,0.4990748514110821
7533,-13.-28.9.-5,9359,18496,16138542897840,11419805669489,0.9827870103497217,0.49897222714218337
7534,-13.-29.-1.13,585,1156,336243612298,237938038845,0.9826328680299118,0.49892092871745375
7535,-13.-29.11.-8,9361,18496,1467349443888,1038386005421,0.9824787421774188,0.4988696394292379
7536,-13.-29.3.6,4681,9248,8070997187616,5711733127351,0.9823246327887247,0.4988183592750634
7537,-13.-30.1.10,9363,18496,5381048289232,3808228816591,0.9821705398603124,0.4987670882524577
7538,-13.-30.5.3,9365,18496,16145445852624,11427126839915,0.9818624033702712,0.4986645735920688
7539,-13.-31.3.7,551,1088,16147746837552,11429567230057,0.9815543326791817,0.49856209542831204
7540,-13.-32.5.4,1171,2312,2018612166252,1428848428141,0.9814003219994637,0.4985108700264998
7541,-13.-36.-11.34,9369,18496,5383349274160,3810669206733,0.9812463277589494,0.49845965374144235
7542,-13.-37.-13.38,4685,9248,8075599157472,5716613907635,0.9810923499541296,0.49840844657067396
7543,-13.-37.-9.31,2343,4624,122374994696,86633850041,0.9807844436375435,0.498306059562145
7544,-13.-38.-11.35,4687,9248,8077900142400,5719054297777,0.9804766030216544,0.49820370898120414
7545,-13.-38.-15.42,9375,18496,5385650259088,3813109596875,0.9803227073427109,0.49815254734492403
7546,-13.-38.-7.28,293,578,504940664679,357517155803,0.980168828078431,0.4981013948081568
7547,-13.-39.-13.39,4689,9248,2693400375776,1907164895973,0.9798611187798584,0.4979991170233229
7548,-13.-39.-17.46,9379,18496,16161552747120,11444209570909,0.9797072887385665,0.4979479917703401
7549,-13.-39.-9.32,2345,4624,4040675809896,2861357441495,0.9795534750979398,0.49789687560703705
7550,-13.-40.-11.36,9381,18496,5387951244016,3815549987017,0.9793996778544821,0.49784576853095774
7551,-13.-40.-15.43,9383,18496,1469650428816,1040826395563,0.9790921325450914,0.49774358163065135
7552,-13.-42.-15.44,69,136,673637717060,477096272761,0.9789383844721704,0.4976925018015169
7553,-13.-45.7.7,9385,18496,16168455701904,11451530741335,0.9787846527824423,0.49764143104979125
7554,-13.-46.9.4,9387,18496,36176189456,25624096491,0.9784772385386007,0.4975393167687619
7555,-13.-47.11.1,2347,4624,4042976794824,2863797831637,0.9783235559775085,0.49748827323455774
7556,-13.-48.9.5,9389,18496,16173057671760,11456411521619,0.9781698897856512,0.4974372387679619
7557,-13.-49.11.2,9391,18496,16175358656688,11458851911761,0.9778626064956953,0.49733519702780404
7558,-13.-50.13.-1,587,1156,1011031821822,716254506677,0.9777089893906268,0.4972841897493491
7559,-13.-51.11.3,9393,18496,5392553213872,3820430767301,0.9775553886408526,0.49723319152871603
7560,-13.-52.13.0,9395,18496,16179960626544,11463732692045,0.977248236193261,0.4971312222511395
7561,-13.-53.15.-3,2349,4624,1348425926584,955412740593,0.977094684488482,0.49708025118930976
7562,-13.-55.15.-2,4699,9248,8091706051968,5733696638629,0.9767876300995633,0.496978336207359
7563,-13.-56.17.-5,9399,18496,5394854198800,3822871157443,0.976634127408469,0.4969273922823571
7564,-13.-57.15.-1,1175,2312,2023214136108,1433729208425,0.9764806410483167,0.49687645739808567
7565,-13.-8.-15.27,553,1088,16186863581328,11471053862471,0.9763271710156323,0.49682553155210596
7566,-13.-9.-17.31,4701,9248,2698002345632,1912045676257,0.9761737173069424,0.49677461474198126
7567,-15.-16.-13.27,9403,18496,16189164566256,11473494252613,0.9760202799187745,0.4967237069652749
7568,-15.-17.-15.31,2351,4624,4047578764680,2868678611921,0.9758668588476576,0.4966728082195513
7569,-15.-18.-13.28,4703,9248,8096308021824,5738577418913,0.975560065642697,0.49657103781131556
7570,-15.-19.-11.25,9407,18496,16193766536112,11478375032897,0.975406693501917,0.4965201661439368
7571,-15.-20.-13.29,147,289,168697052381,119579116958,0.9752533376643143,0.496469303497808
7572,-15.-21.-11.26,4705,9248,8098609006752,5741017809055,0.9749466748847797,0.49636760525957674
7573,-15.-22.-9.23,9411,18496,5399456168656,3827751937727,0.9747933679359199,0.49631676966261473
7574,-15.-23.-11.27,2353,4624,4049879749608,2871119002063,0.9746400772763815,0.49626594307718386
7575,-15.-24.-9.24,4707,9248,2700303330560,1914486066399,0.974333544811425,0.49616431693120616
7576,-15.-26.-9.25,9415,18496,16202970475824,11488136593465,0.9741803029990882,0.49611351736580706
7577,-15.-29.13.-12,1177,2312,184137738276,130560872597,0.9740270774622346,0.49606272680223396
7578,-15.-30.11.-8,9417,18496,5401757153584,3830192327869,0.9738738681974075,0.4960119452380633
7579,-15.-31.-3.17,277,544,8103210976608,5745898589339,0.9737206752011511,0.495961172670872
7580,-15.-31.13.-11,2355,4624,1350726911512,957853130735,0.9734143380005331,0.4958596545177386
7581,-15.-31.9.-4,9421,18496,16209873430608,11495457763891,0.9732611937892659,0.49580890892695506
7582,-15.-32.-5.21,4711,9248,8105511961536,5748338979481,0.9731080658327576,0.4957581723234671
7583,-15.-32.11.-7,589,1156,1013332806750,718694896819,0.9728018586702182,0.4956567260687043
7584,-15.-32.15.-14,9425,18496,16214475400464,11500338544175,0.9726487794572899,0.4956060164125945
7585,-15.-33.-3.18,9427,18496,1474252398672,1045707175847,0.9723426697508816,0.4955046240308384
7586,-15.-33.13.-10,2357,4624,4054481719464,2875999782347,0.9721896392505113,0.4954539413003623
7587,-15.-33.9.-3,4715,9248,8110113931392,5753219759765,0.97188362693822,0.49535260274814735
7588,-15.-34.-1.15,9431,18496,16221378355248,11507659714601,0.971730645119415,0.4953019469215841
7589,-15.-34.11.-6,1179,2312,675938701988,479536662903,0.9715776795209163,0.4952513000581691
7590,-15.-34.3.8,9433,18496,16223679340176,11510100104743,0.9714247301392844,0.495200662155492
7591,-15.-35.1.12,4717,9248,8112414916320,5755660149907,0.9712717969710818,0.4951500332111445
7592,-15.-35.9.-2,555,1088,5408660108368,3837513498295,0.971118880012871,0.49509941322271767
7593,-15.-36.3.9,9437,18496,16228281310032,11514980885027,0.9708130947126825,0.49499820010399903
7594,-15.-37.5.6,4719,9248,245900481856,174487895153,0.9706602263638361,0.494947606968895
7595,-15.-38.-5.24,9439,18496,16230582294960,11517421275169,0.9705073742112442,0.4948970227800881
7596,-15.-42.-13.40,295,578,507241649607,359957545945,0.9703545382514751,0.4948464475351743
7597,-15.-42.-9.33,4721,9248,8117016886176,5760540930191,0.9700489148966855,0.49474532386741543
7598,-15.-43.-11.37,2361,4624,1353027896440,960293520877,0.9697433562720363,0.4946442359464056
7599,-15.-43.-15.44,9445,18496,16237485249744,11524742445595,0.9695906012249469,0.4945937053849311
7600,-15.-43.-7.30,4723,9248,8119317871104,5762981320333,0.9694378623501138,0.4945431837529453
7601,-15.-43.5.9,9447,18496,5413262078224,3842394278579,0.9692851396441127,0.4944926710480505
7602,-15.-44.-13.41,9449,18496,1476553383600,1048147565989,0.9689797427249179,0.49439167240994697
7603,-15.-44.-9.34,4725,9248,2707206285344,1921807236825,0.9688270685048815,0.4943411864719472
7604,-15.-45.-11.38,9451,18496,16244388204528,11532063616021,0.9686744104399924,0.49429070945145603
7605,-15.-46.-13.42,139,272,4061384674248,2883320952773,0.9685217685268321,0.49424024134608047
7606,-15.-50.7.9,9453,18496,5415563063152,3844834668721,0.9683691427619829,0.4941897821534276
7607,-15.-51.9.6,9455,18496,16248990174384,11536944396305,0.968063939663555,0.4940888904967247
7608,-15.-53.9.7,591,1156,338544597226,240378428987,0.9679113623231463,0.49403845802789426
7609,-15.-54.11.4,4729,9248,8126220825888,5770302490759,0.9676062560428744,0.49393761979732903
7610,-15.-55.13.1,9459,18496,5417864048080,3847275058863,0.9674537270961882,0.4938872140308191
7611,-15.-56.11.5,2365,4624,369425969016,262341940265,0.9673012142739211,0.4938368171603089
7612,-15.-57.13.2,4731,9248,2709507270272,1924247626967,0.9669962369890124,0.49373605009774524
7613,-15.-58.15.-1,9463,18496,16258194114096,11546705956873,0.9668437725195559,0.4936856799009234
7614,-15.-59.13.3,1183,2312,2032418075820,1443490768993,0.9666913241608904,0.4936353185905639
7615,-17.-23.-13.30,9465,18496,5420165033008,3849715449005,0.9665388919096114,0.49358496616428477
7616,-17.-26.-11.28,4733,9248,8130822795744,5775183271043,0.9663864757623154,0.4935346226197045
7617,-17.-29.-9.26,9467,18496,16262796083952,11551586737157,0.9662340757155998,0.49348428795444277
7618,-17.-36.13.-9,2367,4624,1355328881368,962733911019,0.9660816917660641,0.49343396216612007
7619,-17.-37.11.-5,557,1088,16265097068880,11554027127299,0.9659293239103076,0.49338364525235784
7620,-17.-38.-3.20,4735,9248,8133123780672,5777623661185,0.9657769721449315,0.493333337210778
7621,-17.-38.9.-1,9471,18496,492951456176,350195985377,0.9656246364665376,0.49328303803900364
7622,-17.-41.3.11,148,289,508392142071,361177741016,0.9654723168717292,0.4932327477346588
7623,-17.-47.-9.35,9473,18496,16269699038736,11558907907583,0.9653200133571102,0.49318246629536805
7624,-17.-48.-11.39,4737,9248,2711808255200,1926688017109,0.9651677259192856,0.4931321937187571
7625,-17.-49.-13.43,9475,18496,16272000023664,11561348297725,0.9650154545548624,0.4930819300024525
7626,-17.-56.9.8,2369,4624,4068287629032,2890642123199,0.9648631992604475,0.49303167514408136
7627,-17.-59.11.6,9477,18496,5424767002864,3854596229289,0.9647109600326496,0.4929814291412721
7628,-17.-62.13.4,4739,9248,8137725750528,5782504441469,0.964558736868078,0.49293119199165336
7629,-3.-1.17.-30,9479,18496,16276601993520,11566229078009,0.9644065297633434,0.49288096369285567
7630,-3.-10.-9.20,1185,2312,678239686916,481977053045,0.9642543387150572,0.4928307442425094
7631,-3.-11.-11.24,9481,18496,16278902978448,11568669468151,0.9641021637198327,0.49278053363824603
7632,-3.-11.-7.17,9483,18496,5427067987792,3857036619431,0.9637978618750241,0.49268013895849944
7633,-3.-12.-9.21,9485,18496,16283504948304,11573550248435,0.9634936242018409,0.49257977963468574
7634,-3.-13.-11.25,9487,18496,16285805933232,11575990638577,0.963189450673223,0.49247945564788903
7635,-3.-13.-15.32,593,1156,1017934776606,723575677103,0.9630373879546751,0.4924293068999641
7636,-3.-13.-7.18,9489,18496,5429368972720,3859477009573,0.962885341262129,0.49237916697920614
7637,-3.-14.-13.29,9491,18496,16290407903088,11580871418861,0.9625812959415329,0.49227891360974835
7638,-3.-14.-17.36,2373,4624,1357629866296,965174301161,0.9624292973067309,0.4922288001563298
7639,-3.-14.-9.22,9493,18496,1481155353456,1053028346273,0.9622773146844267,0.49217869552064025
7640,-3.-15.-11.26,4747,9248,8146929690240,5792266002037,0.9621253480712466,0.4921285997003224
7641,-3.-15.-15.33,1187,2312,2037020045676,1448371549277,0.9618214628587721,0.49202843449637707
7642,-3.-16.-13.30,9497,18496,16297310857872,11588192589287,0.961669544252736,0.49197836510803944
7643,-3.-17.-15.34,4749,9248,2716410225056,1931568797393,0.9615176416423415,0.4919283045256527
7644,-3.-18.7.-4,2375,4624,4075190583816,2897963293625,0.9612138843950064,0.4918282097693213
7645,-3.-19.9.-7,9501,18496,5433970942576,3864357789857,0.9610620297513326,0.491778175590673
7646,-3.-2.11.-19,559,1088,16304213812656,11595513759713,0.9607583684071493,0.49167813362065854
7647,-3.-20.7.-3,297,578,15440685895,10981755639,0.9606065616999131,0.49162812582459414
7648,-3.-21.9.-6,4753,9248,8153832645024,5799587172463,0.960302996198343,0.491528136598611
7649,-3.-22.11.-9,9507,18496,5436271927504,3866798179999,0.9601512373972888,0.49147815516399873
7650,-3.-23.9.-5,2377,4624,4077491568744,2900403683767,0.9599994945582441,0.4914281825118454
7651,-3.-24.11.-8,4755,9248,2718711209984,1934009187535,0.959696056752753,0.4913282635455374
7652,-3.-26.11.-7,9511,18496,16313417752368,11605275320281,0.9595443617795952,0.49127831722669635
7653,-3.-27.13.-10,9513,18496,5438572912432,3869238570141,0.9592410196756835,0.49117845090592954
7654,-3.-28.15.-13,4757,9248,8158434614880,5804467952747,0.9590893725382242,0.49112853089932235
7655,-3.-29.13.-9,9515,18496,1483456338384,1055468736415,0.9589377413392945,0.4910786196587796
7656,-3.-3.13.-22,2379,4624,1359930851224,967614691303,0.9587861260755441,0.49102871718196267
7657,-3.-3.9.-15,4759,9248,8160735599808,5806908342889,0.9584829433401868,0.49092893851015607
7658,-3.-30.15.-12,35,68,1020235761534,726016067245,0.9581798243053731,0.4908291948652094
7659,-3.-31.17.-15,9521,18496,16324922677008,11617477270991,0.9580282886673059,0.4907793361719712
7660,-3.-32.15.-11,4761,9248,2721012194912,1936449577677,0.9578767689443406,0.49072948622844426
7661,-3.-4.11.-18,9523,18496,16327223661936,11619917661133,0.957725265133134,0.4906796450322961
7662,-3.0.11.-20,2381,4624,4082093538600,2905284464051,0.9575737772303448,0.4906298125811946
7663,-3.0.15.-27,4763,9248,742303415424,528344465743,0.9572708491366567,0.49053017390480846
7664,-3.10.-13.17,9527,18496,16331825631792,11624798441417,0.9571194089390799,0.49048036767486397
7665,-3.11.-11.13,1191,2312,680540671844,484417443187,0.9569679846365647,0.49043057018064695
7666,-3.15.-15.18,4765,9248,8167638554592,5814229513315,0.9566651837033745,0.49033100139008495
7667,-3.16.-17.21,9531,18496,5445475867216,3876559740567,0.9565138070660301,0.4902812300890867
7668,-3.17.-15.17,2383,4624,4084394523528,2907724854193,0.9563624463104079,0.4902314675145102
7669,-3.2.15.-28,9533,18496,16338728586576,11632119611843,0.9562111014331762,0.49018171366403035
7670,-3.6.-9.12,9535,18496,16341029571504,11634560001985,0.9559084593005601,0.49008223212606855
7671,-3.7.-11.15,149,289,3427470651,2440390142,0.9557571620385172,0.4900325044339417
7672,-3.9.-11.14,4769,9248,8172240524448,5819110293599,0.9554546151063213,0.48993307519179113
7673,-5.-15.-9.22,9539,18496,16345631541360,11639440782269,0.9553033654295158,0.4898833736371277
7674,-5.-16.-11.26,2385,4624,1362231836152,970055081445,0.9551521316078051,0.48983368079031375
7675,-5.-16.-7.19,4771,9248,8174541509376,5821550683741,0.9548497115163738,0.48973432121096444
7676,-5.-17.-9.23,1193,2312,2043923000460,1455692719703,0.9545473548054508,0.4896349964352115
7677,-5.-18.-11.27,4773,9248,2725614164768,1941330357961,0.954245061448475,0.4895357064445361
7678,-5.-18.-7.20,9547,18496,16354835481072,11649202342837,0.9540939385194217,0.4894860744878193
7679,-5.-19.-17.38,2387,4624,371726953944,264782330407,0.9539428314189021,0.4894364512204333
7680,-5.-19.-9.24,9549,18496,5452378822000,3883880910993,0.9537917401436016,0.48938683664006744
7681,-5.-20.-15.35,9551,18496,16359437450928,11654083123121,0.9534896050554003,0.4892876335311549
7682,-5.-22.-15.36,597,1156,340845582154,242818819129,0.9533385612358739,0.48923804499799056
7683,-5.-23.7.-2,281,544,8181444464160,5828871854167,0.9530365210294132,0.48913889396270654
7684,-5.-24.9.-5,9555,18496,5454679806928,3886321301135,0.9528855246358598,0.489089331455974
7685,-5.-25.7.-1,2389,4624,4091297478312,2915046024619,0.9527345440443465,0.48903977762010675
7686,-5.-26.9.-4,4779,9248,2727915149696,1943770748103,0.9524326302542129,0.4889406959517525
7687,-5.-27.11.-7,9559,18496,1488058308240,1060349516699,0.9522816970489815,0.4888911681146588
7688,-5.-28.9.-3,1195,2312,2046223985388,1458133109845,0.9521307796325681,0.4888416489392178
7689,-5.-29.11.-6,4781,9248,8186046434016,5833752634451,0.9518289921529841,0.4887426365640902
7690,-5.-3.15.-26,9563,18496,16373243360496,11668725463973,0.9516781220832112,0.4886931433598037
7691,-5.-35.15.-10,9565,18496,16375544345424,11671165854115,0.9513764292672041,0.4885941829062924
7692,-5.-36.17.-13,4783,9248,8188347418944,5836193024593,0.9512256065143734,0.48854471565247265
7693,-5.-37.15.-9,9567,18496,5459281776784,3891202081419,0.9510747995272619,0.4884952570442149
7694,-5.-5.11.-18,299,578,511843619463,364838326229,0.9509240083025736,0.4884458070792237
7695,-5.-6.17.-28,9569,18496,16380146315280,11676046634399,0.9507732328370146,0.48839636575520456
7696,-5.-7.11.-17,563,1088,16382447300208,11678487024541,0.9504717291701098,0.4882975090209085
7697,-5.-8.13.-20,2393,4624,4095899448168,2919926804903,0.95032100096218,0.48824809360604643
7698,-5.-9.11.-16,9573,18496,5461582761712,3893642471561,0.9501702885002107,0.48819868682298656
7699,-5.11.-17.23,4787,9248,8192949388800,5841073804877,0.9500195917809123,0.48814928866943835
7700,-5.12.-15.19,9575,18496,16387049270064,11683367804825,0.9498689108009969,0.48809989914311197
7701,-5.2.-11.17,1197,2312,682841656772,486857833329,0.9497182455571768,0.48805051824171886
7702,-5.4.-11.16,4789,9248,8195250373728,5843514195019,0.9494169622646778,0.48795178230458114
7703,-5.5.-13.19,9579,18496,5463883746640,3896082861703,0.9492663442094291,0.48790242726426275
7704,-5.6.-11.15,2395,4624,4098200433096,2922367195045,0.9491157418771363,0.4878530808397307
7705,-7.-1.-11.18,4791,9248,2732517119552,1948651528387,0.9488145843682899,0.4877544138288869
7706,-7.-10.15.-23,599,1156,1024837731390,730896847529,0.9485134897118932,0.48765578125378156
7707,-7.-11.17.-26,9585,18496,5466184731568,3898523251845,0.9483629659451659,0.4876064778739255
7708,-7.-12.11.-15,9587,18496,16400855179632,11698010145677,0.9480619655182679,0.4875078969182044
7709,-7.-13.13.-18,141,272,1366833806008,974935861729,0.9479114888515457,0.4874586193377801
7710,-7.-14.11.-14,9589,18496,16403156164560,11700450535819,0.9477610278782761,0.487409350352609
7711,-7.-20.-9.24,4795,9248,8202153328512,5850835365445,0.9476105825951856,0.48736008996041363
7712,-7.-21.-11.28,9591,18496,5468485716496,3900963641987,0.9474601529990023,0.4873108381589173
7713,-7.-22.-9.25,9593,18496,16407758134416,11705331316103,0.9471593408542743,0.48721236031892023
7714,-7.-23.-11.29,9595,18496,16410059119344,11707771706245,0.9468585914179362,0.4871139168144214
7715,-7.-23.-7.22,2399,4624,4102802402952,2927247975329,0.9467082402072442,0.4870647079323011
7716,-7.-24.-17.40,9597,18496,5470786701424,3903404032129,0.9465579046638488,0.48701550762723766
7717,-7.-24.-9.26,4799,9248,8206755298368,5855716145729,0.9464075847844851,0.4869663158969605
7718,-7.-25.-11.30,9599,18496,16414661089200,11712652486529,0.9462572805658891,0.486917132739199
7719,-7.-27.-15.38,150,289,170998037309,122019507100,0.9461069920047981,0.4868679581516845
7720,-7.-29.9.-3,9601,18496,16416962074128,11715092876671,0.9459567190979499,0.48681879213214807
7721,-7.-3.-11.19,4801,9248,8209056283296,5858156535871,0.9458064618420844,0.4867696346783226
7722,-7.-30.7.1,9603,18496,497553426032,355076765661,0.9456562202339415,0.4867204857879408
7723,-7.-31.9.-2,565,1088,16421564043984,11719973656955,0.9453557839477894,0.486622213688446
7724,-7.-32.11.-5,4803,9248,2737119089408,1953532308671,0.9452055892632658,0.48657309047480296
7725,-7.-33.9.-1,9607,18496,16423865028912,11722414047097,0.9450554102134359,0.48652397581554496
7726,-7.-34.11.-4,9609,18496,5475388671280,3908284812413,0.944755099004839,0.4864257721511326
7727,-7.-36.11.-3,4805,9248,8213658253152,5863037316155,0.944604966839566,0.4863766831414554
7728,-7.-41.17.-11,9611,18496,16428466998768,11727294827381,0.9444548502959741,0.4863276026771164
7729,-7.-42.15.-7,2403,4624,1369134790936,977376251871,0.9443047493708125,0.48627853075585664
7730,-7.-8.15.-24,9613,18496,16430767983696,11729735217523,0.9441546640608318,0.4862294673754169
7731,-7.0.-13.21,4807,9248,746905385280,533225246027,0.9440045943627834,0.48618041253353966
7732,-7.5.-15.22,601,1156,1027138716318,733337237671,0.9437045017894933,0.4860823284564441
7733,-7.6.-17.25,9617,18496,16435369953552,11734615997807,0.94355447890776,0.4860332992167142
7734,-7.7.-15.21,4809,9248,2739420074336,1955972698813,0.9434044716249746,0.48598427850652287
7735,-9.-13.15.-22,9619,18496,16437670938480,11737056387949,0.9432544799378937,0.4859352663236162
7736,-9.-15.15.-21,9621,18496,5479990641136,3913165592697,0.942954543337876,0.48583726753064577
7737,-9.-16.17.-24,283,544,8220561207936,5870358486581,0.942804598418457,0.48578828091607795
7738,-9.-16.9.-10,9623,18496,16442272908336,11741937168233,0.9426546690817786,0.48573930281978756
7739,-9.-17.11.-13,9625,18496,1494961263024,1067670687125,0.9423548571436905,0.4856413721730391
7740,-9.-18.-3.12,9627,18496,5482291626064,3915605982839,0.9420551074977153,0.4855434755724111
7741,-9.-18.13.-16,2407,4624,4112006342664,2937009535897,0.9419052560261818,0.48549454003377407
7742,-9.-19.-1.9,9629,18496,16449175863120,11749258338659,0.9417554201179733,0.48544561299992683
7743,-9.-19.11.-12,4815,9248,2741721059264,1958413088955,0.9416055997698571,0.48539669446862455
7744,-9.-20.1.6,9631,18496,16451476848048,11751698728801,0.9414557949786018,0.4853477844376226
7745,-9.-21.3.3,9633,18496,5484592610992,3918046372981,0.9411562320537529,0.48524998986754725
7746,-9.-26.-11.30,4817,9248,8227464162720,5877679657007,0.9410064739137016,0.485201105323989
7747,-9.-26.-3.16,9635,18496,16456078817904,11756579509085,0.9408567313175953,0.48515222927176227
7748,-9.-27.-13.34,2409,4624,124675979624,89074240183,0.9407070042622081,0.48510336170862667
7749,-9.-27.-9.27,4819,9248,8229765147648,5880120047149,0.9404075967606896,0.48500565204067153
7750,-9.-28.-11.31,1205,2312,2057728910028,1470335060555,0.940108251383355,0.48490797630221694
7751,-9.-28.-7.24,9641,18496,16462981772688,11763900679511,0.9399586019832012,0.4848591511509602
7752,-9.-29.-17.42,4821,9248,2744022044192,1960853479097,0.9398089681044287,0.48481033447536975
7753,-9.-29.-9.28,9643,18496,16465282757616,11766341069653,0.9396593497438188,0.48476152627321045
7754,-9.-29.3.7,2411,4624,4116608312520,2941890316181,0.9395097468981527,0.4847127265422488
7755,-9.-30.-11.32,9645,18496,5489194580848,3922927153265,0.939360159564213,0.48466393528025115
7756,-9.-30.-15.39,9647,18496,1497262247952,1070111077267,0.9390610314186486,0.48456637815422093
7757,-9.-32.-15.40,603,1156,343146567082,245259209271,0.9389114906005939,0.4845176122857256
7758,-9.-35.7.3,9649,18496,16472185712400,11773662240079,0.9387619652814064,0.48446885487727026
7759,-9.-36.9.0,9651,18496,5491495565776,3925367543407,0.9384629611267841,0.48437136543156284
7760,-9.-37.11.-3,2413,4624,4118909297448,2944330706323,0.9383134822849275,0.484322633389855
7761,-9.-38.9.1,9653,18496,16476787682256,11778543020363,0.9381640189290944,0.484273909799275
7762,-9.-39.11.-2,9655,18496,16479088667184,11780983410505,0.937865138662666,0.48417648796259577
7763,-9.-40.13.-5,71,136,2060029894956,1472775450697,0.9377157217456572,0.48412778971204695
7764,-9.-41.11.-1,9657,18496,5493796550704,3927807933549,0.9375663203018445,0.48407909990372683
7765,-9.-45.15.-6,9659,18496,16483690637040,11785864190789,0.9372675638209905,0.48398174560488233
7766,-9.-46.17.-9,2415,4624,1373736760792,982257032155,0.9371182087775434,0.4839330811099145
7767,-9.-47.15.-5,9661,18496,16485991621968,11788304580931,0.9369688691944807,0.483884425048289
7768,-9.-5.-13.23,4831,9248,8243571057216,5894762388001,0.9368195450686018,0.4838357774177859
7769,-9.-6.-11.20,151,289,515295096855,368498911442,0.9365209431755999,0.48373850744127267
7770,-9.-7.-9.17,9665,18496,16490593591824,11793185361215,0.9363716654020807,0.483689885090827
7771,-9.-8.-11.21,4833,9248,2748624014048,1965734259381,0.9362224030729539,0.48364127116263306
7772,-9.0.-15.24,2417,4624,4123511267304,2949211486607,0.9359239247350963,0.48354406856413834
7773,-9.1.-17.27,9669,18496,499854410960,357517155803,0.9357747087199774,0.4834954798894084
7774,-9.2.-15.23,4835,9248,8248173027072,5899643168285,0.9356255081364752,0.483446899628072
7775,0.-1.22.-38,9671,18496,16497496546608,11800506531641,0.935476322981398,0.48339832777791664
7776,0.-10.28.-44,1209,2312,687443626628,491738613613,0.9353271532515552,0.48334976433673016
7777,0.-11.-14.30,569,1088,16499797531536,11802946921783,0.9351779989437575,0.483301209302302
7778,0.-14.-12.28,4837,9248,8250474012000,5902083558427,0.9350288600548163,0.48325266267242184
7779,0.-17.-10.26,9675,18496,5500699505488,3935129103975,0.9348797365815437,0.48320412444488015
7780,0.-18.28.-40,2419,4624,4125812252232,2951651876749,0.9347306285207537,0.48315559461746804
7781,0.-19.26.-36,9677,18496,16504399501392,11807827702067,0.9345815358692607,0.483107073187978
7782,0.-2.-20.36,4839,9248,2750924998976,1968174649523,0.9344324586238799,0.483058560154203
7783,0.-20.-8.24,9679,18496,16506700486320,11810268092209,0.9342833967814279,0.4830100555139362
7784,0.-20.24.-32,605,1156,93794607834,67110728905,0.934134350338722,0.48296155926497253
7785,0.-21.22.-28,9681,18496,5503000490416,3937569494117,0.9339853192925807,0.4829130714051071
7786,0.-22.20.-24,4841,9248,8255075981856,5906964338711,0.933836303639823,0.48286459193213577
7787,0.-23.-6.22,9683,18496,16511302456176,11815148872493,0.9336873033772698,0.4828161208438557
7788,0.-23.18.-20,2421,4624,1376037745720,984697422297,0.9335383185017423,0.48276765813806455
7789,0.-25.14.-12,9685,18496,110829553296,79312679615,0.9333893490100628,0.4827192038125602
7790,0.-26.-4.20,4843,9248,8257376966784,5909404728853,0.9332403948990545,0.48267075786514213
7791,0.-26.12.-8,9687,18496,5505301475344,3940009884259,0.9330914561655419,0.4826223202936101
7792,0.-27.10.-4,1211,2312,2064631864812,1477656230981,0.9329425328063502,0.48257389109576504
7793,0.-28.8.0,9689,18496,16518205410960,11822470042919,0.9327936248183054,0.4825254702694084
7794,0.-29.6.4,285,544,2753225983904,1970615039665,0.9326447321982353,0.4824770578123425
7795,0.-30.4.8,9691,18496,1501864217808,1074991857551,0.9324958549429679,0.48242865372237015
7796,0.-4.24.-40,2423,4624,4130414222088,2956532657033,0.9323469930493324,0.4823802579972953
7797,0.-5.-18.34,9693,18496,5507602460272,3942450274401,0.932198146514159,0.48233187063492267
7798,0.-7.26.-42,4847,9248,8261978936640,5914285509137,0.9320493153342788,0.48228349163305756
7799,0.1.-22.38,9695,18496,16525108365744,11829791213345,0.9319004995065239,0.4822351209895062
7800,0.10.-28.44,303,578,172148529773,123239702171,0.9317516990277278,0.4821867587020754
7801,0.11.14.-30,9697,18496,16527409350672,11832231603487,0.9316029138947244,0.48213840476857295
7802,0.14.12.-28,4849,9248,8264279921568,5916725899279,0.9314541441043489,0.4820900591868076
7803,0.17.10.-26,9699,18496,5509903445200,3944890664543,0.9313053896534372,0.482041721954588
7804,0.18.-28.40,2425,4624,4132715207016,2958973047175,0.9311566505388266,0.4819933930697249
7805,0.19.-26.36,9701,18496,16532011320528,11837112383771,0.9310079267573548,0.4819450725300285
7806,0.2.20.-36,4851,9248,250502451712,179368675437,0.9308592183058608,0.4818967603333108
7807,0.20.-24.32,9703,18496,16534312305456,11839552773913,0.9307105251811851,0.481848456477384
7808,0.20.8.-24,1213,2312,2066932849740,1480096621123,0.9305618473801684,0.48180016096006123
7809,0.21.-22.28,9705,18496,5512204430128,3947331054685,0.9304131848996527,0.4817518737791566
7810,0.22.-20.24,4853,9248,8268881891424,5921606679563,0.9302645377364809,0.48170359493248466
7811,0.23.-18.20,571,1088,16538914275312,11844433554197,0.9301159058874967,0.4816553244178607
7812,0.23.6.-22,2427,4624,1378338730648,987137812439,0.9299672893495452,0.48160706223310124
7813,0.25.-14.12,9709,18496,16541215260240,11846873944339,0.9298186881194719,0.48155880837602333
7814,0.26.-12.8,4855,9248,8271182876352,5924047069705,0.9296701021941242,0.4815105628444443
7815,0.26.4.-20,9711,18496,5514505415056,3949771444827,0.9295215315703496,0.4814623256361833
7816,0.27.-10.4,607,1156,1034041671102,740658408097,0.9293729762449967,0.4814140967490593
7817,0.28.-8.0,9713,18496,1504165202736,1077432247693,0.9292244362149156,0.4813658761808921
7818,0.29.-6.-4,4857,9248,2757827953760,1975495819949,0.9290759114769568,0.4813176639295032
7819,0.30.-4.-8,9715,18496,16548118215024,11854195114765,0.9289274020279721,0.48126945999271387
7820,0.4.-24.40,2429,4624,4137317176872,2963853827459,0.9287789078648137,0.4812212643683467
7821,0.5.18.-34,9717,18496,5516806399984,3952211834969,0.9286304289843359,0.48117307705422463
7822,0.7.-26.42,4859,9248,8275784846208,5928927849989,0.9284819653833931,0.48112489804817177
7823,1.-1.-11.20,9719,18496,16552720184880,11859075895049,0.9283335170588408,0.4810767273480127
7824,1.-1.-7.13,9721,18496,16555021169808,11861516285191,0.928036666226335,0.48098041085667875
7825,1.-11.9.-10,9723,18496,5519107384912,3954652225111,0.927739876461682,0.4808841275628363
7826,1.-12.11.-13,143,272,376328923800,269663110691,0.9275915044719499,0.48083599835954416
7827,1.-13.9.-9,9725,18496,16559623139664,11866397065475,0.9274431477397622,0.4807878774491102
7828,1.-14.11.-12,9727,18496,16561924124592,11868837455617,0.9271464800354701,0.4806916604981383
7829,1.-15.13.-15,152,289,517596081783,370939301584,0.9269981690570934,0.4806435644532629
7830,1.-16.11.-11,9729,18496,5521408369840,3957092615253,0.926849873323716,0.4805954766925704
7831,1.-17.13.-14,9731,18496,16566526094448,11873718235901,0.9265533275794267,0.48049932601506856
7832,1.-18.15.-17,2433,4624,1380639715576,989578202581,0.9264050775622497,0.48045126309392777
7833,1.-19.13.-13,9733,18496,16568827079376,11876158626043,0.9262568427775429,0.48040320844830725
7834,1.-2.-13.24,4867,9248,8284988785920,5938689410557,0.9261086232221767,0.4803551620760434
7835,1.-2.-9.17,1217,2312,2071534819596,1484977401407,0.9258122297869503,0.48025909414293383
7836,1.-20.15.-16,4869,9248,2762429923616,1980376600233,0.9255158972315511,0.4801630592773038
7837,1.-3.-11.21,2435,4624,4144220131656,2971174997885,0.9252196255309744,0.4800670574618707
7838,1.-3.-15.28,573,1088,5526010339696,3961973395537,0.9250715124934347,0.4800190689425805
7839,1.-4.-13.25,9743,18496,16580332004016,11888360576753,0.9247753320282412,0.479923116670064
7840,1.-4.-9.18,609,1156,345447552010,247699599413,0.9246272645943463,0.47987515291252447
7841,1.-5.-11.22,9745,18496,16582632988944,11890800966895,0.9244792123554265,0.47982719740459
7842,1.-5.-15.29,9747,18496,5528311324624,3964413785679,0.9241831534500393,0.47973131112891865
7843,1.-6.-13.26,2437,4624,4146521116584,2973615388027,0.9240351467773382,0.4796833803568746
7844,1.-8.7.-8,4875,9248,2764730908544,1982816990375,0.9237391789763434,0.4795875435336079
7845,1.-9.9.-11,9751,18496,16589535943728,11898122137321,0.9235912178418217,0.4795396374780828
7846,1.0.-9.16,1219,2312,2073835804524,1487417791549,0.9234432718804667,0.47949173965709596
7847,1.10.11.-24,9753,18496,5530612309552,3966854175821,0.9232953410891669,0.47944385006849843
7848,1.10.15.-31,9755,18496,16594137913584,11903002917605,0.9229995250042903,0.47934809557987657
7849,1.11.13.-28,2439,4624,1382940700504,992018592723,0.9228516397044948,0.4793002306755574
7850,1.13.-7.6,287,544,8298794695488,5953331751409,0.9225559145746516,0.4792045255361712
7851,1.14.-9.9,9759,18496,5532913294480,3969294565963,0.9224080747383908,0.47915668529681377
7852,1.15.-7.5,305,578,518746574247,372159496655,0.9222602500504302,0.4791088532748212
7853,1.16.-9.8,4881,9248,2767031893472,1985257380517,0.921964646106995,0.4790132138743578
7854,1.17.-11.11,9763,18496,16603341853296,11912764478173,0.9218168668453147,0.47896540649160246
7855,1.18.-9.7,2441,4624,4151123086440,2978496168311,0.9216691027195248,0.47891760731764343
7856,1.19.-11.10,4883,9248,8303396665344,5958212531693,0.9213736198632152,0.4788220335875528
7857,1.20.-13.13,9767,18496,16607943823152,11917645258457,0.921225901126498,0.4787742590271432
7858,1.21.-11.9,1221,2312,62913236044,45147217627,0.9210781975132757,0.4787264926669728
7859,1.22.-13.12,4885,9248,8305697650272,5960652921835,0.9207828356449311,0.47863098453880204
7860,1.23.-15.15,9771,18496,5537515264336,3974175346247,0.9206351773836192,0.47858324276652925
7861,1.24.-13.11,2443,4624,4153424071368,2980936558453,0.9204875342334224,0.4785355091859514
7862,1.25.-15.14,4887,9248,2769332878400,1987697770659,0.920192293254005,0.4784400665913434
7863,1.5.9.-18,575,1088,16617147762864,11927406819025,0.920044695418602,0.4783923575730473
7864,1.6.11.-22,611,1156,1038643640958,745539188381,0.9198971126819492,0.47834465673791315
7865,1.6.7.-15,4889,9248,8310299620128,5965533702119,0.9196019924925415,0.47824927960860725
7866,1.7.13.-26,9779,18496,1511068157520,1084753418119,0.9194544550336116,0.47820160331017486
7867,1.7.9.-19,9781,18496,16624050717648,11934727989451,0.91915942537187,0.47810627523510696
7868,1.8.11.-23,9783,18496,5542117234192,3979056126531,0.9188644560310572,0.47801097984158264
7869,1.8.15.-30,1223,2312,2078437774380,1492298571833,0.9187169939732921,0.47796334439508276
7870,1.8.7.-16,9785,18496,16628652687504,11939608769735,0.9185695469865126,0.4779157171125905
7871,1.9.13.-27,9787,18496,16630953672432,11942049159877,0.91827469821359,0.4778204870311314
7872,1.9.9.-20,2447,4624,4158026041224,2985817338737,0.9181272964212892,0.47777288422791764
7873,11.10.13.-25,9789,18496,5544418219120,3981496516673,0.9179799096876586,0.4777252895802178
7874,11.11.11.-22,9791,18496,16635555642288,11946929940161,0.9176851813841025,0.47763012474287425
7875,11.12.9.-19,9,17,173299022237,124459897242,0.9175378398080271,0.4775825545489895
7876,11.13.11.-23,9793,18496,16637856627216,11949370330303,0.9173905132783214,0.47753499250213693
7877,11.18.-15.20,4897,9248,8319503559840,5975295262687,0.9172432017919129,0.4774874386001977
7878,11.19.-13.16,9795,18496,5546719204048,3983936906815,0.9170959053457296,0.47743989284105415
7879,11.20.-15.19,9797,18496,16642458597072,11954251110587,0.9168013575617563,0.4773448257426864
7880,11.20.5.-16,9799,18496,16644759582000,11956691500729,0.9165068699018466,0.47724979119010513
7881,11.21.-17.22,1225,2312,2080738759308,1494738961975,0.9163596486107459,0.4772022861131981
7882,11.21.-9.8,9801,18496,504456380816,362397936087,0.9162124423414597,0.477154789166395
7883,11.21.3.-13,4901,9248,8324105529696,5980176042971,0.9160652510909225,0.4771073003475832
7884,11.22.-11.11,2451,4624,1387542670360,996899373007,0.9157709136338391,0.47701234708548745
7885,11.22.5.-17,9805,18496,16651662536784,11964012671155,0.9156237674211675,0.4769648826379816
7886,11.23.-13.14,4903,9248,8326406514624,5982616433113,0.9154766362149935,0.476917426310024
7887,11.23.3.-14,613,1156,1040944625886,747979578523,0.9151824188098974,0.47682253800431845
7888,11.24.-11.10,577,1088,16656264506640,11968893451439,0.915035332604857,0.4767751060223547
7889,11.24.-3.-4,4905,9248,2776235833184,1995018941085,0.9148882613940776,0.4767276821515078
7890,11.24.1.-11,9811,18496,16658565491568,11971333841581,0.914741205174503,0.47668026638967176
7891,11.25.-1.-8,2453,4624,378629908728,272103500833,0.9145941639430768,0.47663285873474137
7892,11.25.-5.-1,4907,9248,8331008484480,5987497213397,0.9143001264324516,0.4765380677371799
7893,11.26.-3.-5,1227,2312,694346581412,499059784039,0.9140061488377736,0.47644330914199584
7894,11.27.-5.-2,9817,18496,16665468446352,11978655012007,0.9138591825012855,0.47639594199004015
7895,11.3.15.-25,4909,9248,8333309469408,5989937603539,0.9137122311346304,0.47634858293237364
7896,11.31.11.-32,9819,18496,5555923143760,3993698467383,0.9135652947347592,0.4763012319668968
7897,11.32.13.-36,2455,4624,4167229980936,2995578899305,0.9134183732986234,0.4762538890915097
7898,11.32.9.-29,4911,9248,2778536818112,1997459331227,0.9131245753053693,0.47615922760261187
7899,11.33.11.-33,307,578,521047559175,374599886797,0.9128308371304993,0.4760645984488996
7900,11.33.15.-40,9825,18496,5558224128688,3996138857525,0.9126839904673476,0.4760172959924973
7901,11.33.7.-26,17,32,8337911439264,5994818383823,0.9125371587496606,0.4759700016136044
7902,11.34.13.-37,2457,4624,1389843655288,999339763149,0.912243540138514,0.47587543707996977
7903,11.34.17.-44,9829,18496,16679274355920,11993297352859,0.9120967532389737,0.4758281669210417
7904,11.34.9.-30,4915,9248,8340212424192,5997258773965,0.9119499812727357,0.4757809048312501
7905,11.35.11.-34,9831,18496,5560525113616,3998579247667,0.9118032242367627,0.47573365080850394
7906,11.35.15.-41,9833,18496,16683876325776,11998178133143,0.9115097549434626,0.47563916695578545
7907,11.36.13.-38,4917,9248,1696667360,1220195071,0.9113630426800639,0.4755919371216346
7908,11.37.15.-42,9835,18496,16686177310704,12000618523285,0.9112163453347863,0.4755447153461708
7909,11.4.17.-29,2459,4624,4171831950792,3000459679589,0.9110696629045966,0.47549750162730675
7910,11.40.-7.-5,9837,18496,5562826098544,4001019637809,0.9109229953864617,0.47545029596295557
7911,11.41.-9.-2,9839,18496,16690779280560,12005499303569,0.9106297050742321,0.475355908789447
7912,11.42.-11.1,615,1156,347748536938,250139989555,0.9104830822740766,0.47530872727611967
7913,11.43.-9.-3,9841,18496,16693080265488,12007939693711,0.9103364743738551,0.4752615538089647
7914,11.44.-11.0,579,1088,5565127083472,4003460027951,0.9100433032611027,0.47516723100483915
7915,11.45.-13.3,2461,4624,4174132935720,3002900069731,0.9098967400425189,0.4751200816637041
7916,11.46.-11.-1,9845,18496,1517971112304,1092074588545,0.9097501917117627,0.47507294036041275
7917,11.47.-13.2,9847,18496,16699983220272,12015260864137,0.909457139701637,0.4749786818590398
7918,11.48.-15.5,1231,2312,2087641714092,1502060132401,0.9093106360162215,0.47493156465679975
7919,11.49.-13.1,9849,18496,5567428068400,4005900418093,0.9091641472065422,0.4748844554840858
7920,11.5.15.-26,9851,18496,16704585190128,12020141644421,0.9088712142023093,0.47479026121892837
7921,11.50.-15.4,9853,18496,16706886175056,12022582034563,0.9085783406647854,0.4746960990469561
7922,11.51.-17.7,4927,9248,8354018333760,6011901114817,0.908431926188495,0.4746490299907265
7923,11.52.-15.3,9855,18496,5569729053328,4008340808235,0.9082855265698307,0.4746019689515693
7924,11.6.13.-23,154,289,47472550149,34165461988,0.9081391418057776,0.47455491592741156
7925,13.10.15.-28,4929,9248,2785439772896,2004780501653,0.9078464168294482,0.4744608339158049
7926,13.12.15.-29,9859,18496,16713789129840,12029903204989,0.9077000766111467,0.4744138049242133
7927,13.13.13.-26,9861,18496,5572030038256,4010781198377,0.9074074406992125,0.4743197709591028
7928,13.16.11.-24,9863,18496,16718391099696,12034783985273,0.907114864133438,0.4742257690042957
7929,13.17.9.-21,1233,2312,696647566340,501500174181,0.9069685980978396,0.474178780025586
7930,13.18.11.-25,9865,18496,16720692084624,12037224375415,0.9068223468897577,0.47413179904325015
7931,13.19.9.-22,9867,18496,506757365744,364838326229,0.9065298889441203,0.4740378610594364
7932,13.23.-15.18,2467,4624,4181035890504,3010221240157,0.9063836822005559,0.47399090405382877
7933,13.25.-15.17,4935,9248,2787740757824,2007220891795,0.9060913131569187,0.47389701400489354
7934,13.25.5.-18,617,1156,1045546595742,752860358807,0.9057990033512608,0.4738031558919146
7935,13.26.-13.13,4937,9248,8365523258400,6024103065527,0.9055067527595821,0.47370932969840235
7936,13.26.-17.20,9875,18496,16732197009264,12049426326125,0.9053606496614889,0.4736624285662964
7937,13.26.-9.6,2469,4624,1394445625144,1004220543433,0.9052145613578971,0.4736155354078783
7938,13.26.3.-15,581,1088,16734497994192,12051866716267,0.9050684878458104,0.4735686502210906
7939,13.27.-11.9,9879,18496,5578932993040,4018102368803,0.904776385184175,0.4734749037541769
7940,13.27.-15.16,1235,2312,2092243683948,1506940912685,0.9046303560286388,0.47342804246993864
7941,13.27.5.-19,9881,18496,16739099964048,12056747496551,0.9044843416526336,0.4733811891491057
7942,13.28.-9.5,9883,18496,16741400948976,12059187886693,0.9041923572272514,0.47328750638943845
7943,13.28.3.-16,9885,18496,5581233977968,4020542758945,0.9039004318841085,0.47319385545874854
7944,13.29.-11.8,4943,9248,8372426213184,6031424235953,0.9037544913609059,0.4731470419241396
7945,13.29.-3.-6,9887,18496,16746002918832,12064068666977,0.9036085655992998,0.47310023634062026
7946,13.29.1.-13,309,578,174449514701,125680092313,0.9034626545963044,0.47305343870614003
7947,13.30.-1.-10,9889,18496,1522573082160,1096955368829,0.9033167583489343,0.47300664901864964
7948,13.30.-5.-3,9891,18496,5583534962896,4022983149087,0.9030250101091353,0.4729130934764442
7949,13.31.-3.-7,9893,18496,16752905873616,12071389837403,0.9027333208560412,0.47281956969762273
7950,13.32.-5.-4,291,544,2792342727680,2012101672079,0.9025874983420555,0.472772819714365
7951,13.36.11.-34,9895,18496,16755206858544,12073830227545,0.9024416905658045,0.4727260776658153
7952,13.37.13.-38,1237,2312,2094544668876,1509381302827,0.9022958975243093,0.4726793435499296
7953,13.37.9.-31,4949,9248,8379329167968,6038745406379,0.9020043556336758,0.4725858991079747
7954,13.38.11.-35,2475,4624,126976964552,91514630325,0.9017128726463445,0.4724924863721593
7955,13.38.15.-42,9901,18496,16762109813328,12081151397971,0.90156715323398,0.47244579188895014
7956,13.38.7.-28,4951,9248,8381630152896,6041185796521,0.9014214485385182,0.47239910532615326
7957,13.39.13.-39,619,1156,1047847580670,755300748949,0.9011300832864141,0.47230575595363755
7958,13.39.17.-46,9905,18496,16766711783184,12086032178255,0.90098442272383,0.4722590931398424
7959,13.39.9.-32,4953,9248,2794643712608,2014542062221,0.9008387768662646,0.47221243823830533
7960,13.40.11.-36,9907,18496,16769012768112,12088472568397,0.9006931457107492,0.47216579124698976
7961,13.40.15.-43,9909,18496,5590437917680,4030304319513,0.9004019274939976,0.4720725209868807
7962,13.42.15.-44,4955,9248,8386232122752,6046066576805,0.9002563404268284,0.4720258977140173
7963,13.45.-7.-7,583,1088,1524874067088,1099395758971,0.9001107680498429,0.47197928234323605
7964,13.46.-9.-4,9913,18496,16775915722896,12095793738823,0.8998196673545678,0.47188607529978777
7965,13.47.-11.-1,4957,9248,8388533107680,6048506966947,0.8996741390303521,0.4718394836230569
7966,13.48.-9.-5,9915,18496,5592738902608,4032744709655,0.8995286253844686,0.47179289984027983
7967,13.49.-11.-2,9917,18496,16780517692752,12100674519107,0.8992376421158562,0.47169975594846664
7968,13.50.-13.1,4959,9248,2796944697536,2016982452363,0.8990921724872087,0.471653195835372
7969,13.51.-11.-3,9919,18496,16782818677680,12103114909249,0.8989467175250562,0.4716066436081142
7970,13.52.-13.0,9921,18496,5595039887536,4035185099797,0.8986558515884079,0.47151356280300033
7971,13.53.-15.3,4961,9248,763012279776,550307977021,0.8985104406080007,0.47146703422109104
7972,13.55.-15.2,2481,4624,1399047595000,1009101323717,0.8982196626082478,0.4713740006884417
7973,13.56.-17.5,9925,18496,16789721632464,12110436079675,0.8980742955829962,0.4713274957336527
7974,13.57.-15.1,4963,9248,8395436062464,6055828137373,0.8979289432035585,0.4712809986505229
7975,13.8.15.-27,9927,18496,5597340872464,4037625489939,0.8977836054669839,0.47123450943702977
7976,13.9.17.-31,73,136,2099146638732,1514262083111,0.8976382823703223,0.4711880280911515
7977,15.16.13.-27,9929,18496,16794323602320,12115316859959,0.8974929739106245,0.4711415546108667
7978,15.17.15.-31,4965,9248,2799245682464,2019422842505,0.8973476800849427,0.47109508899415525
7979,15.18.13.-28,2483,4624,4199443769928,3029744361293,0.8970571363238379,0.4710021813433735
7980,15.19.11.-25,9933,18496,509058350672,367278716371,0.8969118863825233,0.4709557393052658
7981,15.20.13.-29,4967,9248,8400038032320,6060708917657,0.8967666510634407,0.47090930512265655
7982,15.21.11.-26,621,1156,350049521866,252580379697,0.8964762242801975,0.47081646031586555
7983,15.22.9.-23,9937,18496,16803527542032,12125078420527,0.8963310328101518,0.470770049687652
7984,15.23.11.-27,4969,9248,8402339017248,6063149307799,0.8961858559505688,0.4707236469068731
7985,15.24.9.-24,2485,4624,4201744754856,3032184751435,0.8958955460510303,0.4706308648795633
7986,15.26.9.-25,9941,18496,16808129511888,12129959200811,0.8957504130051971,0.4705844856290059
7987,15.29.-13.12,4971,9248,2801546667392,2021863232647,0.8956052945580709,0.47053811421783076
7988,15.30.-11.8,9943,18496,16810430496816,12132399590953,0.8954601907067151,0.4704917506440264
7989,15.31.-13.11,585,1088,5604243827248,4044946660365,0.8951700267795725,0.4703990470004875
7990,15.31.-9.4,4973,9248,8406940987104,6068030088083,0.895024966697917,0.47035270692673364
7991,15.31.3.-17,9947,18496,16815032466672,12137280371237,0.8948799212002944,0.47030637468231207
7992,15.32.-11.7,9949,18496,16817333451600,12139720761379,0.8945898739454194,0.47021373367343433
7993,15.32.-15.14,4975,9248,8409241972032,6070470478225,0.8944448721823054,0.4701674249049645
7994,15.32.5.-21,9951,18496,5606544812176,4047387050507,0.8942998849915004,0.47012112395779904
7995,15.33.-13.10,311,578,525649529031,379480667081,0.8941549123700762,0.4700748308299331
7996,15.33.-9.3,4977,9248,2803847652320,2024303622789,0.8938650108236594,0.46998226802408294
7997,15.33.3.-18,2489,4624,4206346724712,3037065531719,0.8935751675196432,0.46988973647138615
7998,15.34.-11.6,9957,18496,5608845797104,4049827440649,0.8934302677012229,0.46984348240996504
7999,15.34.-3.-8,4979,9248,8413843941888,6075351258509,0.8932853824346295,0.46979723615582697
8000,15.34.1.-15,9959,18496,16828838376240,12151922712089,0.893140511716941,0.46975099770697204
8001,15.35.-1.-12,1245,2312,701249536196,506380954465,0.8929956555452355,0.46970476706140013
8002,15.35.-9.2,9961,18496,16831139361168,12154363102231,0.8928508139165924,0.46965854421711284
8003,15.36.-3.-9,9963,18496,5611146782032,4052267830791,0.8925611742768144,0.46956612192439934
8004,15.37.-5.-6,2491,4624,4208647709640,3039505921861,0.8924163762598422,0.4695199224719787
8005,15.38.5.-24,9965,18496,16835741331024,12159243882515,0.8922715927742584,0.469473730812854
8006,15.42.13.-40,4983,9248,255104421568,184249455721,0.8921268238171465,0.4694275469450293
8007,15.42.9.-33,623,1156,1052449550526,760181529233,0.891837329476677,0.46933520257530237
8008,15.43.-5.-9,9969,18496,5613447766960,4054708220933,0.8916926040874912,0.46928904206941247
8009,15.43.11.-37,9971,18496,16842644285808,12166565052941,0.8914031968566531,0.46919674440561676
8010,15.43.15.-44,2493,4624,1403649564856,1013982104001,0.8912585150091781,0.46915060724372754
8011,15.43.7.-30,9973,18496,16844945270736,12169005443083,0.891113847669785,0.46910447785918963
8012,15.44.13.-41,9975,18496,5615748751888,4057148611075,0.8908245565036084,0.4690122424142086
8013,15.44.9.-34,1247,2312,2106049593516,1521583253537,0.8906799326710089,0.4689661363497876
8014,15.45.11.-38,9977,18496,1531777021872,1106716929397,0.8905353233348593,0.4689200380547622
8015,15.46.13.-42,4989,9248,2808449622176,2029184403073,0.8903907284922534,0.4688739475271451
8016,15.50.-7.-9,587,1088,16851848225520,12176326613509,0.8902461481402871,0.4688278647649501
8017,15.51.-9.-6,9981,18496,5618049736816,4059589001217,0.8899570308966566,0.46873572252888274
8018,15.53.-9.-7,4991,9248,8427649851456,6089993599361,0.8898124939991867,0.46868966305104104
8019,15.54.-11.-4,156,289,175600007165,126900287384,0.8895234636384304,0.4685975673658225
8020,15.55.-13.-1,9985,18496,16858751180304,12183647783935,0.8893789701693438,0.46855153115448
8021,15.56.-11.-5,4993,9248,8429950836384,6092433989503,0.8892344911705862,0.46850550269467306
8022,15.57.-13.-2,2497,4624,383231878584,276984281117,0.8889455765724666,0.4684134690217415
8023,15.58.-15.1,9989,18496,16863353150160,12188528564219,0.8888011409673113,0.46836746380465705
8024,15.59.-13.-3,4995,9248,2810750607104,2031624793215,0.8886567198208982,0.46832146633118804
8025,17.23.13.-30,9991,18496,16865654135088,12190968954361,0.8885123131303326,0.4682754765993558
8026,17.26.11.-28,1249,2312,2108350578444,1524023643679,0.8883679208927213,0.46822949460718294
8027,17.29.9.-26,9993,18496,5622651706672,4064469781501,0.8882235431051715,0.46818352035269245
8028,17.36.-13.9,4997,9248,8434552806240,6097314769787,0.888079179764791,0.4681375538339081
8029,17.37.-11.5,9995,18496,16870256104944,12195849734645,0.8879348308686889,0.4680915950488541
8030,17.38.-9.1,147,272,1405950549784,1016422494143,0.8877904964139751,0.46804564399555576
8031,17.38.3.-20,9997,18496,16872557089872,12198290124787,0.8876461763977602,0.4679997006720388
8032,17.41.-3.-11,4999,9248,8436853791168,6099755159929,0.8875018708171557,0.46795376507632963
8033,17.47.9.-35,9999,18496,511359335600,369719106513,0.8873575796692744,0.4679078372064553
8034,17.48.11.-39,625,1156,1054750535454,762621919375,0.8872133029512294,0.46786191706044367
8035,17.49.13.-43,10001,18496,16877159059728,12203170905071,0.8870690406601349,0.4678160046363232
8036,17.56.-9.-8,5001,9248,2813051592032,2034065183357,0.8869247927931059,0.46777009993212315
8037,17.59.-11.-6,10003,18496,16879460044656,12205611295213,0.8867805593472583,0.4677242029458733
8038,17.62.-13.-4,2501,4624,4220152634280,3051707872571,0.886636340319709,0.4676783136756044
8039,3.-10.13.-17,10005,18496,5627253676528,4069350561785,0.8864921357075752,0.467632432119347
8040,3.-11.11.-13,5003,9248,8441455761024,6104635940213,0.886347945507976,0.4675865582751336
8041,3.-15.15.-18,1251,2312,703550521124,508821344607,0.8860596083348591,0.4674948337149691
8042,3.-16.17.-21,10009,18496,16886362999440,12212932465639,0.8859154613555825,0.4674489829950849
8043,3.-17.15.-17,5005,9248,767614249632,555188757305,0.885771328777323,0.46740313997937893
8044,3.-2.-15.28,10011,18496,5629554661456,4071790951927,0.8856272105972031,0.46735730466588615
8045,3.-6.9.-12,589,1088,16890964969296,12217813245923,0.8853390174198786,0.46726565713768486
8046,3.-7.11.-15,5007,9248,2815352576960,2036505573499,0.8851949424169239,0.4672198449190502
8047,3.-9.11.-14,313,578,527950513959,381921057223,0.8849068355680606,0.4671282435629028
8048,3.0.-11.20,10017,18496,5631855646384,4074231342069,0.8847628037164071,0.46708245442146806
8049,3.0.-15.27,10019,18496,16897867924080,12225134416349,0.8844747831443005,0.4669908992020759
8050,3.1.-17.30,2505,4624,1408251534712,1018862884285,0.884330794418108,0.4669451331202008
8051,3.10.9.-20,10021,18496,1536378991728,1111597709681,0.8841868200613309,0.4668993747209284
8052,3.11.11.-24,5011,9248,8450659700736,6114397500781,0.8840428600711012,0.4668536240023018
8053,3.11.7.-17,1253,2312,2112952548300,1528904423963,0.8837549831788184,0.4667621455991594
8054,3.12.9.-21,5013,9248,2817653561888,2038945963641,0.8834671637183347,0.4666706978951283
8055,3.13.11.-25,2507,4624,4227055589064,3059029042997,0.8831794016667396,0.46657928087457434
8056,3.13.15.-32,10029,18496,5636457616240,4079112122353,0.8830355421621193,0.4665335838657183
8057,3.13.7.-18,295,544,8455261670592,6119278281065,0.8828916970011359,0.46648789452187356
8058,3.14.13.-29,627,1156,32031864254,23183706349,0.8826040496986398,0.46639653882141296
8059,3.14.17.-36,10033,18496,16913974818576,12242217147343,0.88246024755141,0.4663508724608968
8060,3.14.9.-22,5017,9248,8457562655520,6121718671207,0.8823164597363821,0.46630521375759065
8061,3.15.11.-26,10035,18496,5638758601168,4081552512495,0.8821726862506994,0.4662595627095457
8062,3.15.15.-33,10037,18496,16918576788432,12247097927627,0.8818851822559479,0.46616828357144946
8063,3.16.13.-30,5019,9248,2819954546816,2041386353783,0.8817414517411698,0.4661226554775041
8064,3.17.15.-34,10039,18496,16920877773360,12249538317769,0.8815977355443195,0.46607703503103237
8065,3.18.-7.4,10041,18496,5641059586096,4083992902637,0.881310346092993,0.4659858170727299
8066,3.19.-9.7,5021,9248,8462164625376,6126599451491,0.8811666728328147,0.4659402195570103
8067,3.2.-11.19,2511,4624,1410552519640,1021303274427,0.880879369229179,0.4658490474427185
8068,3.20.-7.3,10045,18496,16927780728144,12256859488195,0.8807357388800244,0.4658034728402617
8069,3.21.-9.6,591,1088,5643360571024,4086433292779,0.8804485210728069,0.4657123465350201
8070,3.22.-11.9,157,289,529101006423,383141252294,0.8803049336090518,0.4656667948283547
8071,3.23.-9.5,10049,18496,16932382698000,12261740268479,0.8801613604347394,0.4656212507497402
8072,3.24.-11.8,10051,18496,16934683682928,12264180658621,0.8798742569430678,0.4655301854689106
8073,3.26.-11.7,2513,4624,4233958543848,3066350213423,0.8797307266200233,0.46548466426282026
8074,3.27.-13.10,5027,9248,769915234560,557629147447,0.8794437088053119,0.46539364470960526
8075,3.28.-15.13,10055,18496,16939285652784,12269061438905,0.8793002213079646,0.4653481463586093
8076,3.29.-13.9,1257,2312,705851506052,511261734749,0.8791567480801711,0.46530265562210804
8077,3.3.-13.22,10057,18496,16941586637712,12271501829047,0.8790132891190935,0.4652571724981675
8078,3.3.-9.15,10059,18496,5647962540880,4091314073063,0.8787264139857381,0.46516622908023625
8079,3.30.-15.12,10061,18496,16946188607568,12276382609331,0.8784395958852133,0.46507531608935665
8080,3.31.-17.15,5031,9248,2824556516672,2046267134067,0.8782962082151764,0.46502987099923365
8081,3.32.-15.11,10063,18496,16948489592496,12278822999473,0.8781528347948458,0.46498443351008123
8082,3.4.-11.18,37,68,1059352505310,767502699659,0.8780094756213898,0.4649390036199704
8083,5.-11.17.-23,10065,18496,513660320528,372159496655,0.8778661306919766,0.46489358132697234
8084,5.-12.15.-19,5033,9248,8475970534944,6141241792343,0.8777228000037768,0.46484816662915907
8085,5.-2.11.-17,10067,18496,16953091562352,12283703779757,0.8775794835539606,0.4648027595246035
8086,5.-4.11.-16,10069,18496,16955392547280,12286144169899,0.8772928933581654,0.4647119680875583
8087,5.-5.13.-19,5035,9248,8478271519872,6143682182485,0.8771496196065319,0.4646665837512175
8088,5.-6.11.-15,10071,18496,5652564510736,4096194853347,0.8770063600819726,0.46462120700043136
8089,5.15.9.-22,1259,2312,2119855503084,1536225594389,0.8768631147816621,0.46457583783327555
8090,5.16.11.-26,10073,18496,16959994517136,12291024950183,0.8767198837027768,0.46453047624782723
8091,5.16.7.-19,10075,18496,16962295502064,12293465340325,0.8764334641979867,0.4644397758143615
8092,5.17.9.-23,10077,18496,5654865495664,4098635243489,0.8761471015450243,0.4643491056846602
8093,5.18.11.-27,10079,18496,16966897471920,12298346120609,0.8758607957213241,0.46425846584335956
8094,5.18.7.-20,315,578,176750499629,128120482455,0.8757176641133999,0.46421315727606133
8095,5.19.17.-38,593,1088,16969198456848,12300786510751,0.8755745467043358,0.46416785627510676
8096,5.19.9.-24,5041,9248,8485174474656,6151003352911,0.8754314434913147,0.46412256283857845
8097,5.20.15.-35,2521,4624,4243162483560,3076111773991,0.8751452796421392,0.46403199865113315
8098,5.22.15.-36,10085,18496,16973800426704,12305667291035,0.8750022190003549,0.4639867278963848
8099,5.23.-7.2,10087,18496,1543281946512,1118918880107,0.8747161402683271,0.463896209055262
8100,5.24.-9.5,1261,2312,2122156488012,1538665984531,0.874573122172459,0.46385096096505957
8101,5.25.-7.1,10089,18496,5659467465520,4103516023773,0.8744301182529397,0.4638057204258795
8102,5.26.-9.4,10091,18496,16980703381488,12312988461461,0.8741441529317084,0.4637152619929367
8103,5.27.-11.7,2523,4624,1415154489496,1026184054711,0.8740011915243783,0.4636700440953517
8104,5.28.-9.3,10093,18496,16983004366416,12315428851603,0.8738582442821619,0.46362483374114355
8105,5.29.-11.6,10095,18496,5661768450448,4105956413915,0.8735723922818432,0.46353443565521985
8106,5.3.-15.26,631,1156,1061653490238,769943089801,0.8734294875181299,0.4634892479196873
8107,5.35.-15.10,297,544,257405406496,186689845863,0.8731437204495738,0.46339889505394166
8108,5.36.-17.13,10099,18496,16989907321200,12322750022029,0.8730008581391246,0.4633537299199152
8109,5.37.-15.9,2525,4624,4247764453416,3080992554275,0.8728580099741593,0.4633085723159118
8110,5.5.-11.18,10101,18496,5664069435376,4108396804057,0.8727151759518765,0.4632634222400262
8111,5.6.-17.28,5051,9248,8496679399296,6163205303621,0.8725723560694763,0.46321827969035456
8112,5.7.-11.17,1263,2312,708152490980,513702124891,0.8722867587131267,0.4631280171620367
8113,5.8.-13.20,10105,18496,16996810275984,12330071192455,0.8721439812335811,0.46308289717958545
8114,5.9.-11.16,5053,9248,8498980384224,6165645693763,0.872001217882726,0.4630377847157362
8115,7.-5.15.-22,2527,4624,4250065438344,3083432944417,0.8717157335559037,0.4629475823362406
8116,7.-6.17.-25,10109,18496,1545582931440,1121359270249,0.871573012574347,0.4629024924167937
8117,7.-7.15.-21,5055,9248,2833760456384,2056028694635,0.8714303057103019,0.46285741000834824
8118,7.0.13.-21,10111,18496,17003713230768,12337392362881,0.8712876129609755,0.4628123351090054
8119,7.1.11.-18,10113,18496,5668671405232,4113277584341,0.8710022697953123,0.46272220783003704
8120,7.10.-15.23,35,64,17008315200624,12342273143165,0.8707169830550335,0.4626321105647126
8121,7.11.-17.26,2529,4624,1417455474424,1028624444853,0.8705743608374404,0.46258707318242737
8122,7.12.-11.15,5059,9248,8505883339008,6172966864189,0.8702891586934082,0.46249702090913664
8123,7.13.-13.18,10119,18496,5670972390160,4115717974483,0.870146578761396,0.4624520060143438
8124,7.14.-11.14,1265,2312,193341677988,140322433165,0.8700040129190063,0.4624069986115957
8125,7.20.9.-24,10121,18496,17015218155408,12349594313591,0.8698614611634544,0.4623619986989995
8126,7.21.11.-28,5061,9248,2836061441312,2058469084777,0.8697189234919569,0.4623170062746643
8127,7.22.9.-25,2531,4624,4254667408200,3088313724701,0.8694338903899947,0.4622270438832132
8128,7.23.11.-29,5063,9248,8510485308864,6177847644473,0.8691489135908677,0.4621371114221234
8129,7.23.7.-22,10127,18496,17022121110192,12356915484017,0.8690064462979175,0.462092156410742
8130,7.24.17.-40,633,1156,354651491722,257461159981,0.8688639930723375,0.46204720887628586
8131,7.24.9.-26,10129,18496,17024422095120,12359355874159,0.8687215539113501,0.46200226881686807
8132,7.25.11.-30,5065,9248,8512786293792,6180288034615,0.8685791288121784,0.46195733623060226
8133,7.27.15.-38,10131,18496,515961305456,374599886797,0.8684367177720461,0.46191241111560255
8134,7.29.-9.3,149,272,28570257672,20743316207,0.8682943207881777,0.46186749346998385
8135,7.3.11.-19,10133,18496,17029024064976,12364236654443,0.8681519378577992,0.4618225832918622
8136,7.30.-7.-1,5067,9248,2838362426240,2060909474919,0.8680095689781369,0.46177768057935314
8137,7.31.-9.2,1267,2312,2129059442796,1545987154957,0.8677248733598694,0.46168789754364215
8138,7.32.-11.5,10137,18496,5677875344944,4123039144909,0.8675825466157211,0.4616430172166755
8139,7.33.-9.1,5069,9248,8517388263648,6185168814899,0.8674402339112024,0.4615981443477931
8140,7.34.-11.4,2535,4624,1419756459352,1031064834995,0.8671556506099759,0.4615084209767592
8141,7.36.-11.3,10141,18496,17038228004688,12373998215011,0.8670133800077316,0.46146357047084835
8142,7.41.-17.11,5071,9248,774517204416,562509927731,0.8668711234340436,0.461418727415503
8143,7.42.-15.7,10143,18496,5680176329872,4125479535051,0.8667288808861454,0.46137389180884547
8144,7.8.-15.24,317,578,532552483815,386801837507,0.8665866523612716,0.46132906364899784
8145,9.-1.17.-27,10145,18496,17042829974544,12378878995295,0.8664444378566577,0.461284242934084
8146,9.-2.15.-23,5073,9248,2840663411168,2063349865061,0.8663022373695393,0.46123942966222703
8147,9.0.15.-24,2537,4624,4261570362984,3095634895127,0.8660178784367396,0.4611498254401844
8148,9.13.-15.22,597,1088,5682477314800,4127919925193,0.8658757199855344,0.4611050344862492
8149,9.15.-15.21,10151,18496,17049732929328,12386200165721,0.8655914450997105,0.4610154748831837
8150,9.16.-17.24,1269,2312,710453475908,516142515033,0.8654493286595728,0.46097070623030806
8151,9.16.-9.10,10153,18496,1550184901296,1126240050533,0.8653072262176073,0.46092594500737477
8152,9.17.-11.13,10155,18496,5684778299728,4130360315335,0.8650230633171635,0.4608364448438515
8153,9.18.-13.16,2539,4624,4263871347912,3098075285269,0.8648810028531732,0.46079170589952145
8154,9.18.3.-12,5079,9248,2842964396096,2065790255203,0.864596923883881,0.4607022502763787
8155,9.19.-11.12,10159,18496,17058936869040,12395961726289,0.8644549053730717,0.46065753359382977
8156,9.19.1.-9,635,1156,1066255460094,774823870085,0.8643129008411505,0.4606128243281392
8157,9.20.-1.-6,10161,18496,5687079284656,4132800705477,0.8641709102853655,0.4605681224774406
8158,9.21.-3.-3,10163,18496,17063538838896,12400842506573,0.8638869710912019,0.4604787410135557
8159,9.26.11.-30,2541,4624,129277949480,93955020467,0.8637450224473241,0.4604340613966393
8160,9.26.3.-16,10165,18496,17065839823824,12403282896715,0.8636030877685842,0.4603893891872549
8161,9.27.13.-34,299,544,8533495158144,6202251545893,0.8634611670522343,0.46034472438353874
8162,9.27.9.-27,1271,2312,2133661412652,1550867935241,0.8631773674957198,0.4602554169856612
8163,9.28.11.-31,5085,9248,2845265381024,2068230645345,0.8628936237558165,0.46016613918811206
8164,9.28.7.-24,10171,18496,17072742778608,12410604067141,0.8627517728102335,0.4601215113848087
8165,9.29.-3.-7,2543,4624,4268473317768,3102956065553,0.8626099358105727,0.4600768909760064
8166,9.29.17.-42,10173,18496,5691681254512,4137681485761,0.8624681127540916,0.46003227795984636
8167,9.29.9.-28,5087,9248,8538097128000,6207132326177,0.86232630363805,0.45998767233447
8168,9.30.11.-32,10175,18496,1552485886224,1128680440675,0.8621845084597071,0.4599430740980195
8169,9.30.15.-39,10177,18496,17079645733392,12417925237567,0.8619009599051606,0.45985389978446894
8170,9.32.15.-40,5089,9248,8540398112928,6209572716319,0.8617592065234805,0.4598093237036562
8171,9.35.-7.-3,10179,18496,5693982239440,4140121875903,0.8616174670685458,0.45976475500434494
8172,9.36.-9.0,10181,18496,17084247703248,12422806017851,0.8613340299279704,0.4596756397428084
8173,9.37.-11.3,5091,9248,2847566365952,2070671035487,0.8611923322368593,0.45963109317687567
8174,9.38.-9.-1,599,1088,17086548688176,12425246407993,0.8610506484615538,0.4595865539850298
8175,9.39.-11.2,10185,18496,5696283224368,4142562266045,0.8607673226474286,0.45949749771619025
8176,9.40.-13.5,5093,9248,776818189344,564950317873,0.860625680603145,0.45945298063549445
8177,9.41.-11.1,10187,18496,17091150658032,12430127188277,0.8604840524637403,0.45940847092148046
8178,9.45.-15.6,10189,18496,17093451642960,12432567578419,0.8602008378886477,0.4593194735861013
8179,9.46.-17.9,5095,9248,8547301067712,6216893886745,0.8600592514475027,0.4592749859610386
8180,9.47.-15.5,10191,18496,5698584209296,4145002656187,0.8599176789003219,0.4592305056952634
8181,9.5.13.-23,637,1156,1068556445022,777264260227,0.8597761202443785,0.45918603278692854
8182,9.6.11.-20,5097,9248,2849867350880,2073111425629,0.8594930445953021,0.4590971090351949
8183,9.7.9.-17,10195,18496,17100354597744,12439888748845,0.85935152759672,0.45905265818810503
8184,9.8.11.-21,2549,4624,4275376272552,3110277235979,0.859210024478477,0.4590082146910735
8185,-2.-14.18.-25,40797,73984,68420975548544,49780298311587,0.8587502351723811,0.4588637984601547
8186,-2.4.-18.29,20405,36992,34217965368128,24898080423755,0.8582905923552158,0.4587194597926923
8187,-22.-52.-6.31,40823,73984,68450885923968,49812023383433,0.8578310959336684,0.4585751986254944
8188,-22.-58.6.13,10209,18496,17116460277920,12456971479839,0.8573717458145141,0.4584310148954383
8189,2.-4.18.-29,40849,73984,68480796299392,49843748455279,0.8569125419046187,0.45828690853947074
8190,2.14.-18.25,20431,36992,34247875743552,24929805495601,0.8564534841109365,0.4581428794946078
8191,22.52.6.-31,40875,73984,68510706674816,49875473527125,0.8559945723405092,0.4579989276979341
8192,22.58.-6.-13,5111,9248,8565707732816,6236417007881,0.8555358065004691,0.45785505308660374
8193,-3.-1.-15.26,20449,36992,34268540214160,24951769006879,0.8551830089438999,0.45774263461489684
8194,-3.-15.13.-16,10227,18496,5712374916176,4159644997039,0.8548302976395763,0.4576302623506047
8195,-3.-16.15.-19,20459,36992,34279958779952,24963970957589,0.8544776725453345,0.45751793626490384
8196,-3.-2.-13.23,1279,2312,2142854253928,1560629495809,0.854125133619042,0.45740565632899455
8197,3.1.15.-26,20469,36992,11430459115248,8325390969433,0.8537726808185963,0.4572934225141014
8198,3.15.-13.16,10237,18496,17148543314320,12491136941827,0.8534203141019264,0.4571812347914732
8199,3.16.-15.19,20479,36992,34302795911536,24988374859009,0.8530680334269923,0.45706909313238336
8200,3.2.13.-23,5121,9248,2859042099536,2082872986197,0.8527158387517845,0.4569569975081287
8201,-4.-15.10.-11,2561,4624,4289132377264,3124919576831,0.8524341449032105,0.4568667822108016
8202,-4.-17.14.-17,5123,9248,8579403210448,6251059348733,0.8521525060461153,0.45677659649475305
8203,-4.-3.-14.25,1281,2312,102149305552,74431899331,0.8518709221590322,0.45668644034525957
8204,-4.-5.-10.19,5125,9248,8581680122288,6253499738875,0.8515893932205081,0.4565963137476083
8205,4.15.-10.11,2563,4624,4291409289104,3127359966973,0.8513079192091014,0.45650621668709546
8206,4.17.-14.17,5127,9248,2861319011376,2085313376339,0.8510265001033832,0.4564161491490279
8207,4.3.14.-25,641,1156,1073136936256,782145040511,0.8507451358819378,0.45632611111872196
8208,4.5.10.-19,5129,9248,8586233945968,6258380519159,0.8504638265233613,0.45623610258150354
8209,-10.-28.-6.22,41043,73984,68702389632416,50080466299053,0.8500771156968052,0.45611228501714485
8210,-10.-34.6.4,20527,36992,34357453848544,25046944222417,0.8496905084993496,0.4559885231852256
8211,-12.-33.-6.24,41065,73984,13745485152352,10021462118123,0.8493040048754698,0.45586481704766996
8212,-12.-39.6.6,10269,18496,17184985956608,12530183184099,0.8489176047696848,0.4557411665664372
8213,-14.-38.-6.26,41087,73984,68752461891104,50134154882177,0.8485313081265585,0.45561757170352146
8214,-14.-44.6.8,20549,36992,34382489977888,25073788513979,0.8481451148906993,0.4554940324209522
8215,-16.-43.-6.28,41109,73984,68777498020448,50160999173739,0.8477590250067603,0.45537054868079385
8216,-16.-44.-8.32,1285,2312,429937600532,313590133247,0.8473730384194382,0.4552471204451451
8217,-16.-49.6.10,41131,73984,68802534149792,50187843465301,0.8469871550734756,0.45512374767614056
8218,-16.-52.8.8,20571,36992,34407526107232,25100632805541,0.8466013749136578,0.45500043033594867
8219,10.28.6.-22,41153,73984,68827570279136,50214687756863,0.8462156978848155,0.4548771683867733
8220,10.34.-6.-4,10291,18496,17210022085952,12557027475661,0.8458301239318232,0.4547539617908528
8221,12.33.6.-24,41175,73984,13770521281696,10048306409685,0.8454446529995994,0.45463081051046056
8222,12.39.-6.-6,20593,36992,34432562236576,25127477097103,0.8450592850331068,0.4545077145079041
8223,14.38.6.-26,41197,73984,68877642537824,50268376339987,0.8446740199773529,0.45438467374552577
8224,14.44.-6.-8,303,544,8611270075312,6285224810721,0.8442888577773885,0.4542616881857031
8225,16.43.6.-28,41219,73984,68902678667168,50295220631549,0.8439037983783084,0.45413875779084734
8226,16.44.8.-32,20615,36992,6891519673184,5030864277733,0.8435188417252517,0.4540158825234048
8227,16.49.-6.-10,41241,73984,68927714796512,50322064923111,0.8431339877634012,0.45389306234585614
8228,16.52.-8.-8,10313,18496,17235058215296,12583871767223,0.8427492364379837,0.45377029722071605
8229,-14.-36.-2.18,41265,73984,22985000342464,16783783201605,0.8422946625759498,0.4536247399886549
8230,-14.-38.2.12,20639,36992,34484884596800,25183606070369,0.8418402318989299,0.4534792597662717
8231,14.36.2.-18,41291,73984,68984537359808,50383074676661,0.8413859443167494,0.4533338564917291
8232,14.38.-2.-12,5163,9248,2874971063584,2099955717191,0.8409317997393192,0.45318853010325555
8233,-3.-4.7.-11,41317,73984,69013962668672,50414799748507,0.8404777980766346,0.45304095966098207
8234,-3.3.-7.10,20665,36992,34514309905664,25215331142215,0.8400239392387763,0.4528934669707717
8235,-5.-8.9.-13,41343,73984,23014425651328,16815508273451,0.8395702231359098,0.4527460519704214
8236,-5.1.-9.14,10339,18496,17264483524160,12615596839069,0.8391166496782856,0.4525987145977948
8237,-7.-13.-3.10,41369,73984,69072591239296,50478249892199,0.838663218776238,0.45245145479082355
8238,-7.-16.3.1,20691,36992,3838180465664,2805228468229,0.8382099303401864,0.4523042724875052
8239,-9.-15.-5.14,2435,4352,69101905524608,50509974964045,0.8377567842806347,0.4521571676259048
8240,-9.-20.5.-1,647,1156,1079946291676,789466210937,0.8373037805081713,0.4520101401441539
8241,3.-3.7.-10,41421,73984,23043739936640,16847233345297,0.8368509189334679,0.4518631899804511
8242,3.4.-7.11,20717,36992,34572938476288,25278781285907,0.8363981994672808,0.4517163170730607
8243,5.-1.9.-14,41447,73984,69160534095232,50573425107737,0.835945622020451,0.45156952136031475
8244,5.8.-9.13,10365,18496,5764599269824,4215773970305,0.8354931865039018,0.4514228027806109
8245,7.13.3.-10,41473,73984,69189848380544,50605150179583,0.8350408928286417,0.45127616127241305
8246,7.16.-3.-1,20743,36992,34602252761600,25310506357753,0.8345887409057623,0.4511295967742515
8247,9.15.5.-14,41499,73984,2563672691328,1875439824127,0.8341367306464391,0.4509831092247231
8248,9.20.-5.1,5189,9248,8654227476064,6331592223419,0.8336848619619301,0.4508366985624902
8249,-11.-25.-3.15,2595,4624,865535374360,633281241849,0.8334068592554358,0.45074643703477685
8250,-11.-28.3.6,5191,9248,8656480011136,6334032613561,0.8331289101088502,0.45065620463896605
8251,-13.-30.-3.17,649,1156,1082200784834,791906601079,0.8328510145015403,0.45056600136077996
8252,-13.-33.3.8,5193,9248,8658732546208,6336473003703,0.8325731724128841,0.4504758271859506
8253,-15.-35.-3.19,2597,4624,4329929406872,3168846599387,0.8322953838222713,0.45038568210021923
8254,-15.-38.3.10,5195,9248,1732197016256,1267782678769,0.8320176487091047,0.4502955660893363
8255,11.25.3.-15,1299,2312,2165527837204,1585033397229,0.8317399670527978,0.450205479139062
8256,11.28.-3.-6,5197,9248,8663237616352,6341353783987,0.8314623388327762,0.45011542123516607
8257,13.30.3.-17,2599,4624,4332181941944,3171286989529,0.8311847640284782,0.4500253923634275
8258,13.33.-3.-8,5199,9248,8665490151424,6343794174129,0.830907242619353,0.4499353925096342
8259,15.35.3.-19,325,578,108332705237,79312679615,0.8306297745848621,0.4498454216595839
8260,15.38.-3.-10,5201,9248,8667742686496,6346234564271,0.8303523599044784,0.44975547979908426
8261,-9.-14.-7.17,41617,73984,69351996664768,50780858269807,0.8300403321383358,0.44965263994918436
8262,-9.-21.7.-4,20813,36992,34681025918784,25395920012723,0.8297283718433297,0.449549837242986
8263,9.14.7.-17,41635,73984,69372107010368,50802821781085,0.8294164789902877,0.4494470716601086
8264,9.21.-7.4,10411,18496,17345540545792,12703450884181,0.8291046535500554,0.4493443431801869
8265,-18.-42.-6.27,41655,73984,69394449231584,50827225682505,0.8287236250733144,0.4492187823025252
8266,-18.-48.6.9,20833,36992,34703368140000,25420323914143,0.8283426972029821,0.4490932768019356
8267,18.42.6.-27,41677,73984,69419023328416,50854069974067,0.8279618698859444,0.4489678266413166
8268,18.48.-6.-9,5211,9248,8678913797104,6358436514981,0.8275811430691298,0.4488424317835999
8269,-1.-3.-5.10,41697,73984,23147086837888,16959491291829,0.8272697140250951,0.44873773921741983
8270,-1.-8.5.-5,20853,36992,34725605325248,25444727815563,0.8269583521935446,0.448633084242878
8271,1.3.5.-10,41715,73984,69461160787328,50900437386765,0.8266470575454735,0.448528466839456
8272,1.8.-5.5,10431,18496,5789259243680,4242618261867,0.8263358300518947,0.4484238869866509
8273,-1.-12.21.-31,163,289,1085554985853,795567186292,0.8261975282696014,0.4483771260445047
8274,-1.-13.23.-34,10433,18496,17369981816256,12730295175743,0.8260592397441286,0.4483303725511648
8275,-1.-14.21.-30,5217,9248,61599588152,45147217627,0.8259209644729356,0.4482836265048268
8276,-1.-14.25.-37,10435,18496,17372185901472,12732735565885,0.8257827024534813,0.4482368879036872
8277,-1.-15.23.-33,2609,4624,4343321986020,3183488940239,0.8256444536832267,0.448190156745943
8278,-1.-15.27.-40,10437,18496,827351904128,606436950287,0.8255062181596323,0.44814343302979137
8279,-1.-16.25.-36,307,544,8687746014648,6368198075549,0.8253679958801601,0.44809671675343066
8280,-1.-16.29.-43,10439,18496,17376594071904,12737616346169,0.8252297868422722,0.4480500079150597
8281,-1.-17.27.-39,1305,2312,724070671438,530784855885,0.8250915910434321,0.44800330651287756
8282,-1.-18.29.-42,10441,18496,17378798157120,12740056736311,0.8249534084811032,0.4479566125450842
8283,-1.10.-23.35,5221,9248,8689950099864,6370638465691,0.8248152391527509,0.44790992600988017
8284,-1.10.-27.42,10443,18496,5793667414112,4247499042151,0.8246770830558401,0.4478632469054665
8285,-1.11.-25.38,2611,4624,620789438748,455132761483,0.8245389401878369,0.44781657523004453
8286,-1.11.-29.45,10445,18496,17383206327552,12744937516595,0.8244008105462083,0.447769910981817
8287,-1.12.-27.41,5223,9248,2897384728360,2124359618611,0.8242626941284216,0.4477232541589865
8288,-1.13.-29.44,10447,18496,17385410412768,12747377906737,0.8241245909319452,0.4476766047597565
8289,-1.7.-21.33,653,1156,1086657028461,796787381363,0.823986500954248,0.44762996278233086
8290,-1.8.-23.36,10449,18496,5795871499328,4249939432293,0.8238484241927999,0.4475833282249141
8291,-1.9.-21.32,5225,9248,8694358270296,6375519245975,0.8237103606450713,0.44753670108571164
8292,-1.9.-25.39,10451,18496,2484259797600,1821751241003,0.8235723103085334,0.4474900813629291
8293,-10.-36.-10.33,2613,4624,1449243385484,1062789906841,0.8234342731806581,0.4474434690547731
8294,-10.-46.10.3,10453,18496,17392022668416,12754699077163,0.823296249258918,0.44739686415945007
8295,-11.-16.-21.42,5227,9248,8696562355512,6377959636117,0.8231582385407863,0.44735026667516786
8296,-11.-17.-19.39,615,1088,5798075584544,4252379822435,0.823020241023737,0.4473036766001345
8297,-11.-18.-17.36,1307,2312,2174416099530,1594794957797,0.8228822567052455,0.44725709393255875
8298,-11.-18.-21.43,10457,18496,17396430838848,12759579857447,0.822744285582787,0.44721051867064965
8299,-11.-19.-15.33,5229,9248,414226973368,303828572679,0.8226063276538376,0.44716395081261734
8300,-11.-19.-19.40,10459,18496,17398634924064,12762020247589,0.8224683829158744,0.447117390356672
8301,-11.-20.-13.30,2615,4624,4349934241668,3190810110665,0.8223304513663752,0.44707083730102504
8302,-11.-20.-17.37,10461,18496,5800279669760,4254820212577,0.8221925330028182,0.44702429164388746
8303,-11.-21.-15.34,5231,9248,8700970525944,6382840416401,0.8220546278226826,0.44697775338347207
8304,-11.-22.-13.31,10463,18496,17403043094496,12766901027873,0.8219167358234484,0.4469312225179912
8305,-11.-23.-11.28,327,578,362586357023,266002525478,0.8217788570025962,0.44688469904565853
8306,-11.-24.-9.25,10465,18496,2486463882816,1824191631145,0.8216409913576074,0.4468381829646879
8307,-11.-33.13.-9,5233,9248,8703174611160,6385280806543,0.8215031388859637,0.4467916742732938
8308,-11.-33.9.-2,10467,18496,5802483754976,4257260602719,0.8213652995851481,0.44674517296969135
8309,-11.-34.11.-5,2617,4624,4352138326884,3193250500807,0.8212274734526439,0.44669867905209626
8310,-11.-34.15.-12,10469,18496,17409655350144,12774222198299,0.8210896604859356,0.4466521925187247
8311,-11.-35.13.-8,5235,9248,2901792898792,2129240398895,0.820951860682508,0.44660571336779353
8312,-11.-35.17.-15,10471,18496,17411859435360,12776662588441,0.8208140740398467,0.4465592415975205
8313,-11.-36.15.-11,77,136,310945740678,228176478277,0.820676300555438,0.44651277720612315
8314,-11.-36.19.-18,10473,18496,5804687840192,4259700992861,0.8205385402267692,0.4464663201918205
8315,-11.-37.17.-14,5237,9248,8707582781592,6390161586827,0.820400793051328,0.44641987055283133
8316,-11.-37.21.-21,10475,18496,17416267605792,12781543368725,0.8202630590266023,0.4463734282873759
8317,-11.-38.19.-17,2619,4624,1451447470700,1065230296983,0.8201253381500825,0.44632699339367415
8318,-11.-39.21.-20,10477,18496,17418471691008,12783983758867,0.8199876304192579,0.4462805658699471
8319,-12.-20.12.-14,5239,9248,8709786866808,6392601976969,0.8198499358316192,0.44623414571441616
8320,-12.-40.-12.38,10479,18496,829555989344,608877340429,0.819712254384658,0.44618773292530384
8321,-12.-52.12.2,655,1156,1088861113677,799227771505,0.8195745860758663,0.4461413275008322
8322,-12.-8.-12.22,10481,18496,370699571520,272103500833,0.8194369309027368,0.44609492943922496
8323,-13.-22.-19.41,5241,9248,2903996984008,2131680789037,0.819299288862763,0.44604853873870565
8324,-13.-23.-17.38,10483,18496,17425083946656,12791304929293,0.8191616599534396,0.44600215539749877
8325,-13.-24.-15.35,2621,4624,4356546497316,3198131281091,0.8190240441722613,0.4459557794138294
8326,-13.-24.-19.42,10485,18496,5809096010624,4264581773145,0.8188864415167239,0.44590941078592283
8327,-13.-25.-17.39,5243,9248,1244885005320,913926108179,0.8187488519843237,0.44586304951200534
8328,-13.-26.-15.36,10487,18496,17429492117088,12796185709577,0.818611275572558,0.4458166955903038
8329,-13.-27.-13.33,1311,2312,726274756654,533225246027,0.8184737122789244,0.4457703490190453
8330,-13.-28.-11.30,617,1088,17431696202304,12798626099719,0.8183361621009214,0.44572400979645777
8331,-13.-29.-9.27,5245,9248,8716399122456,6399923147395,0.8181986250360488,0.4456776779207695
8332,-13.-38.9.0,10491,18496,5811300095840,4267022163287,0.8180611010818063,0.4456313533902097
8333,-13.-39.11.-3,2623,4624,4358750582532,3200571671233,0.8179235902356946,0.4455850362030079
8334,-13.-39.15.-10,10493,18496,2490872053248,1829072411429,0.8177860924952152,0.44553872635739433
8335,-13.-40.13.-6,5247,9248,2906201069224,2134121179179,0.8176486078578701,0.4454924238515997
8336,-13.-40.17.-13,10495,18496,17438308457952,12805947270145,0.817511136321162,0.4454461286838554
8337,-13.-41.15.-9,164,289,1089963156285,800447966576,0.8173736778825951,0.4453998408523932
8338,-13.-41.19.-16,10497,18496,5813504181056,4269462553429,0.8172362325396731,0.4453535603554456
8339,-13.-42.17.-12,5249,9248,8720807292888,6404803927679,0.8170988002899013,0.4453072871912456
8340,-13.-43.19.-15,10499,18496,17442716628384,12810828050429,0.8169613811307853,0.4452610213580268
8341,-15.-29.-15.37,2625,4624,207664507988,152524383875,0.8168239750598316,0.4452147628540237
8342,-15.-30.-13.34,10501,18496,17444920713600,12813268440571,0.8166865820745471,0.44516851167747096
8343,-15.-31.-15.38,5251,9248,8723011378104,6407244317821,0.8165492021724396,0.44512226782660375
8344,-15.-32.-13.35,10503,18496,5815708266272,4271902943571,0.8164118353510182,0.44507603129965806
8345,-15.-33.-11.32,1313,2312,2181028355178,1602116128223,0.8162744816077919,0.4450298020948704
8346,-15.-34.-5.22,10505,18496,17449328884032,12818149220855,0.8161371409402706,0.4449835802104779
8347,-15.-39.5.7,309,544,2908405154440,2136561569321,0.8159998133459649,0.4449373656447183
8348,-15.-43.13.-5,10507,18496,2493076138464,1831512801571,0.8158624988223864,0.4448911583958296
8349,-15.-44.11.-1,2627,4624,4363158752964,3205452451517,0.8157251973670471,0.4448449584620506
8350,-15.-44.15.-8,10509,18496,5817912351488,4274343333713,0.8155879089774596,0.44479876584162065
8351,-15.-45.13.-4,5255,9248,8727419548536,6412125098105,0.815450633651138,0.44475258053278
8352,-15.-46.15.-7,10511,18496,17455941139680,12825470391281,0.8153133713855962,0.4447064025337687
8353,-17.-35.-13.36,657,1156,363688399631,267222720549,0.8151761221783492,0.4446602318428282
8354,-17.-36.-11.33,10513,18496,17458145224896,12827910781423,0.8150388860269128,0.44461406845819995
8355,-17.-37.-13.37,5257,9248,1247089090536,916366498321,0.8149016629288031,0.44456791237812615
8356,-17.-38.-11.34,10515,18496,5820116436704,4276783723855,0.814764452881537,0.4445217636008498
8357,-17.-39.-5.24,2629,4624,4365362838180,3207892841659,0.814627255882633,0.44447562212461406
8358,-17.-40.-3.21,10517,18496,17462553395328,12832791561707,0.814490071929609,0.44442948794766307
8359,-17.-43.3.12,5259,9248,2910609239656,2139001959463,0.8143529010199846,0.4443833610682411
8360,-17.-44.5.9,10519,18496,17464757480544,12835231951849,0.8142157431512794,0.44433724148459314
8361,-17.-47.11.0,1315,2312,2183232440394,1604556518365,0.8140785983210141,0.44429112919496533
8362,-17.-48.13.-3,10521,18496,831760074560,611317730571,0.8139414665267103,0.4442450241976033
8363,-17.-49.11.1,5261,9248,8734031804184,6419446268531,0.8138043477658893,0.44419892649075426
8364,-17.-50.13.-2,619,1088,17469165650976,12840112732133,0.8136672420360747,0.4441528360726653
8365,-19.-40.-13.38,2631,4624,1455855641132,1070111077267,0.8135301493347895,0.44410675294158464
8366,-19.-41.-11.35,10525,18496,17471369736192,12842553122275,0.813393069659558,0.4440606770957605
8367,-19.-42.-13.39,5263,9248,8736235889400,6421886658673,0.813256003007905,0.4440146085334421
8368,-19.-43.-11.36,10527,18496,5824524607136,4281664504139,0.8131189493773561,0.4439685472528787
8369,-19.-45.-3.23,329,578,3319657269,2440390142,0.8129819087654374,0.44392249325232114
8370,-19.-48.3.14,10529,18496,17475777906624,12847433902559,0.8128448811696759,0.4438764465300198
8371,-19.-52.11.2,5265,9248,2912813324872,2141442349605,0.8127078665875995,0.4438304070842259
8372,-19.-53.13.-1,10531,18496,17477981991840,12849874292701,0.8125708650167365,0.4437843749131914
8373,-19.-54.11.3,2633,4624,4369771008612,3212773621943,0.812433876454616,0.4437383500151692
8374,-19.-55.13.0,10533,18496,5826728692352,4284104894281,0.8122969008987677,0.4436923323884117
8375,-2.-20.-2.13,5267,9248,8740644059832,6426767438957,0.8121599383467221,0.4436463220311728
8376,-2.-22.2.7,10535,18496,2497484308896,1836393581855,0.8120229887960104,0.4436003189417068
8377,-2.10.2.-9,1317,2312,728478841870,535665636169,0.8118860522441643,0.44355432311826837
8378,-2.12.-2.-3,10537,18496,17484594247488,12857195463127,0.811749128688717,0.4435083345591125
8379,-21.-46.-11.37,5269,9248,8742848145048,6429207829099,0.8116122181272013,0.4434623532624953
8380,-21.-47.-9.34,10539,18496,5828932777568,4286545284423,0.8114753205571514,0.44341637922667343
8381,-21.-48.-11.38,155,272,4371975093828,3215214012085,0.8113384359761019,0.44337041244990333
8382,-21.-50.-3.25,10541,18496,17489002417920,12862076243411,0.8112015643815883,0.44332445293044304
8383,-21.-52.-3.26,5271,9248,416431058584,306268962821,0.8110647057711464,0.44327850066655067
8384,-21.-53.3.16,10543,18496,17491206503136,12864516633553,0.8109278601423136,0.44323255565648445
8385,-21.-55.3.17,659,1156,1093269284109,804108551789,0.810791027492627,0.4431866178985042
8386,-21.-56.9.7,10545,18496,5831136862784,4288985674565,0.810654207819625,0.44314068739086937
8387,-21.-57.11.4,5273,9248,8747256315480,6434088609383,0.8105174011208465,0.44309476413184046
8388,-21.-59.11.5,10547,18496,17495614673568,12869397413837,0.8103806073938309,0.4430488481196785
8389,-23.-52.-9.36,2637,4624,1458059726348,1072551467409,0.8102438266361187,0.44300293935264484
8390,-23.-53.-7.33,10549,18496,2499688394112,1838833971997,0.8101070588452506,0.4429570378290017
8391,-23.-54.-9.37,5275,9248,8749460400696,6436528999525,0.8099703040187689,0.4429111435470116
8392,-23.-55.-3.27,10551,18496,5833340948000,4291426064707,0.8098335621542158,0.4428652565049378
8393,-23.-57.-3.28,1319,2312,2187640610826,1609437298649,0.8096968332491341,0.44281937670104426
8394,-23.-58.3.18,10553,18496,17502226929216,12876718584263,0.8095601173010679,0.44277350413359484
8395,-23.-60.3.19,5277,9248,2917221495304,2146323129889,0.8094234143075617,0.44272763880085464
8396,-23.-60.7.12,10555,18496,17504431014432,12879158974405,0.8092867242661607,0.44268178070108927
8397,-23.-61.9.9,2639,4624,625197609180,460013541767,0.8091500471744103,0.4426359298325648
8398,-23.-63.9.10,621,1088,5835545033216,4293866454849,0.8090133830298579,0.4425900861935473
8399,-25.-58.-7.35,5279,9248,8753868571128,6441409779809,0.8088767318300505,0.44254424978230444
8400,-25.-59.-5.32,10559,18496,17508839184864,12884039754689,0.808740093572536,0.44249842059710376
8401,-25.-60.-3.29,165,289,364790442239,268442915620,0.8086034682548631,0.44245259863621333
8402,-25.-60.-7.36,10561,18496,17511043270080,12886480144831,0.8084668558745812,0.44240678389790195
8403,-25.-61.-5.33,5281,9248,8756072656344,6443850169951,0.8083302564292402,0.44236097638043936
8404,-25.-62.-3.30,10563,18496,833964159776,613758120713,0.8081936699163913,0.4423151760820953
8405,-25.-63.3.20,2641,4624,4378587349476,3222535182511,0.8080570963335858,0.44226938300114005
8406,-25.-64.5.17,10565,18496,17515451440512,12891360925115,0.8079205356783759,0.44222359713584497
8407,-25.-65.3.21,5283,9248,2919425580520,2148763520031,0.8077839879483143,0.44217781848448157
8408,-25.-65.7.14,10567,18496,17517655525728,12893801315257,0.8076474531409547,0.44213204704532194
8409,-25.-66.5.18,1321,2312,2189844696042,1611877688791,0.8075109312538513,0.4420862828166391
8410,-25.-67.7.15,10569,18496,5839953203648,4298747235133,0.8073744222845588,0.4420405257967059
8411,-27.-64.-5.34,5285,9248,1251497260968,921247278605,0.8072379262306334,0.44199477598379644
8412,-27.-65.-3.31,10571,18496,17522063696160,12898682095541,0.807101443089631,0.44194903337618524
8413,-27.-66.-5.35,2643,4624,1460263811564,1074991857551,0.806964972859109,0.44190329797214706
8414,-27.-67.-3.32,10573,18496,17524267781376,12901122485683,0.8068285155366248,0.4418575697699575
8415,-27.-68.3.22,311,544,8762684911992,6451171340377,0.806692071119737,0.4418118487678925
8416,-27.-69.5.19,10575,18496,124301218912,91514630325,0.8065556396060045,0.44176613496422906
8417,-27.-70.3.23,661,1156,1095473369325,806548941931,0.806419220992987,0.44172042835724407
8418,-27.-71.5.20,10577,18496,2504096564544,1843714752281,0.8062828152782455,0.4416747289452153
8419,-29.-70.-3.33,5289,9248,2921629665736,2151203910173,0.806146422459341,0.4416290367264212
8420,-29.-72.-3.34,10579,18496,17530880037024,12908443656109,0.8060100425338352,0.4415833516991403
8421,-29.-73.3.24,2645,4624,4382995519908,3227415962795,0.8058736754992908,0.4415376738616525
8422,-29.-75.3.25,10581,18496,5844361374080,4303628015417,0.805737321353271,0.4414920032122375
8423,-3.-18.23.-32,5291,9248,8767093082424,6456052120661,0.8056009800933398,0.441446339749176
8424,-3.-19.21.-28,10583,18496,17535288207456,12913324436393,0.8054646517170615,0.4414006834707488
8425,-3.-19.25.-35,1323,2312,104383275298,76872289473,0.805328336222002,0.44135503437523776
8426,-3.-20.23.-31,10585,18496,17537492292672,12915764826535,0.8051920336057271,0.4413093924609252
8427,-3.-20.27.-38,5293,9248,8769297167640,6458492510803,0.8050557438658035,0.4412637577260937
8428,-3.-21.25.-34,10587,18496,5846565459296,4306068405559,0.8049194669997985,0.4412181301690264
8429,-3.-21.29.-41,2647,4624,4385199605124,3229856352937,0.8047832030052804,0.44117250978800726
8430,-3.-22.27.-37,10589,18496,17541900463104,12920645606819,0.8046469518798175,0.4411268965813211
8431,-3.-23.29.-40,5295,9248,2923833750952,2153644300315,0.8045107136209799,0.44108129054725226
8432,-3.2.-21.35,623,1088,2506300649760,1846155142423,0.8043744882263375,0.4410356916840868
8433,-3.3.-23.38,331,578,1096575411933,807769137002,0.8042382756934611,0.4409900999901104
8434,-3.4.-25.41,10593,18496,5848769544512,4308508795701,0.8041020760199222,0.44094451546360997
8435,-3.5.-23.37,5297,9248,8773705338072,6463373291087,0.8039658892032933,0.44089893810287245
8436,-3.5.-27.44,10595,18496,17548512718752,12927966777245,0.8038297152411469,0.44085336790618584
8437,-3.6.-25.40,2649,4624,1462467896780,1077432247693,0.8036935541310565,0.4408078048718383
8438,-3.6.-29.47,10597,18496,17550716803968,12930407167387,0.803557405870597,0.44076224899811867
8439,-3.7.-27.43,5299,9248,1253701346184,923687668747,0.803421270457343,0.44071670028331644
8440,-3.8.-29.46,10599,18496,5850973629728,4310949185843,0.8032851478888703,0.44067115872572127
8441,-4.4.4.-10,1325,2312,2194252866474,1616758469075,0.803149038162755,0.4406256243236238
8442,-4.8.-4.2,10601,18496,17555124974400,12935287947671,0.8030129412765743,0.44058009707531526
8443,-5.-1.-25.43,5301,9248,2926037836168,2156084690457,0.8028768572279059,0.44053457697908716
8444,-5.-10.-7.16,10603,18496,17557329059616,12937728337813,0.8027407860143279,0.4404890640332315
8445,-5.-11.-5.13,2651,4624,4389607775556,3234737133221,0.8026047276334198,0.4404435582360412
8446,-5.-16.5.-2,10605,18496,836168244992,616198510855,0.8024686820827615,0.44039805958580935
8447,-5.-17.7.-5,5303,9248,8780317593720,6470694461513,0.802332649359933,0.4403525680808298
8448,-5.-18.9.-8,10607,18496,17561737230048,12942609118097,0.8021966294625156,0.44030708371939675
8449,-5.-19.11.-11,39,68,365892484847,269663110691,0.8020606223880912,0.44026160649980534
8450,-5.-19.15.-18,10609,18496,17563941315264,12945049508239,0.8019246281342419,0.4402161364203509
8451,-5.-2.-23.40,5305,9248,8782521678936,6473134851655,0.8017886466985515,0.4401706734793296
8452,-5.-20.17.-21,10611,18496,5855381800160,4315829966127,0.8016526780786037,0.4401252176750378
8453,-5.-21.15.-17,2653,4624,627401694396,462453931909,0.801516722271983,0.4400797690057726
8454,-5.-23.23.-30,10613,18496,17568349485696,12949930288523,0.8013807792762745,0.44003432746983173
8455,-5.-24.25.-33,5307,9248,2928241921384,2158525080599,0.8012448490890643,0.4399888930655134
8456,-5.-25.23.-29,10615,18496,17570553570912,12952370678665,0.801108931707939,0.4399434657911163
8457,-5.-25.27.-36,1327,2312,2196456951690,1619198859217,0.8009730271304853,0.4398980456449397
8458,-5.-26.25.-32,10617,18496,5857585885376,4318270356269,0.8008371353542921,0.4398526326252835
8459,-5.-27.27.-35,5309,9248,8786929849368,6478015631939,0.8007012563769477,0.43980722673044814
8460,-5.-3.-17.30,10619,18496,2510708820192,1851035922707,0.8005653901960412,0.43976182795873436
8461,-5.-4.-15.27,2655,4624,1464671981996,1079872637835,0.8004295368091628,0.43971643630844387
8462,-5.-6.-15.28,10621,18496,17577165826560,12959691849091,0.8002936962139033,0.4396710517778786
8463,-5.-8.-11.22,5311,9248,187002849672,137882043023,0.8001578684078539,0.43962567436534095
8464,-5.-9.-9.19,10623,18496,5859789970592,4320710746411,0.8000220533886063,0.43958030406913445
8465,-5.0.-23.39,166,289,1098779497149,810209527144,0.799886251153754,0.43953494088756234
8466,-5.0.-27.46,625,1088,17581573996992,12964572629375,0.79975046170089,0.439489584818929
8467,-5.1.-25.42,5313,9248,418635143800,308709352963,0.7996146850276085,0.43944423586153925
8468,-5.2.-27.45,10627,18496,17583778082208,12967013019517,0.799478921131504,0.4393988940136984
8469,-7.-10.-13.26,2657,4624,4396220031204,3242058303647,0.7993431700101723,0.4393535592737123
8470,-7.-10.-17.33,10629,18496,5861994055808,4323151136553,0.7992074316612093,0.4393082316398873
8471,-7.-11.-11.23,5315,9248,8793542105016,6485336802365,0.7990717060822117,0.43926291111053023
8472,-7.-11.-15.30,10631,18496,17588186252640,12971893799801,0.7989359932707774,0.43921759768394897
8473,-7.-12.-13.27,1329,2312,732887012302,540546416453,0.7988002932245043,0.4391722913584511
8474,-7.-13.-11.24,10633,18496,2512912905408,1853476312849,0.7986646059409913,0.43912699213234524
8475,-7.-14.-9.21,5317,9248,8795746190232,6487777192507,0.7985289314178379,0.4390817000039409
8476,-7.-15.-7.18,10635,18496,5864198141024,4325591526695,0.7983932696526442,0.4390364149715474
8477,-7.-22.11.-10,2659,4624,4398424116420,3244498693789,0.798257620643011,0.4389911370334749
8478,-7.-22.7.-3,10637,18496,17594798508288,12979214970227,0.7981219843865403,0.4389458661880344
8479,-7.-23.13.-13,5319,9248,2932650091816,2163405860883,0.797986360880834,0.4389006024335371
8480,-7.-23.9.-6,10639,18496,17597002593504,12981655360369,0.7978507501234949,0.43885534576829466
8481,-7.-24.11.-9,665,1156,157125934251,115918531745,0.7977151521121268,0.4388100961906199
8482,-7.-24.15.-16,10641,18496,5866402226240,4328031916837,0.797579566844334,0.43876485369882523
8483,-7.-25.13.-12,313,544,8800154360664,6492657972791,0.7974439943177212,0.43871961829122436
8484,-7.-25.17.-19,10643,18496,17601410763936,12986536140653,0.7973084345298938,0.4386743899661313
8485,-7.-26.15.-15,2661,4624,1466876067212,1082313027977,0.7971728874784587,0.4386291687218606
8486,-7.-27.17.-18,10645,18496,17603614849152,12988976530795,0.7970373531610225,0.4385839545567273
8487,-7.-29.25.-31,5323,9248,8802358445880,6495098362933,0.7969018315751928,0.43853874746904686
8488,-7.-30.23.-27,10647,18496,838372330208,618638900997,0.7967663227185781,0.438493547457136
8489,-7.-31.25.-30,1331,2312,2200865122122,1624079639501,0.7966308265887871,0.43844835451931086
8490,-7.-4.-25.44,10649,18496,17608023019584,12993857311079,0.7964953431834297,0.4384031686538888
8491,-7.-6.-25.45,5325,9248,2934854177032,2165846251025,0.7963598725001158,0.43835798985918795
8492,-7.-7.-23.42,10651,18496,17610227104800,12996297701221,0.796224414536457,0.43831281813352635
8493,-7.-8.-17.32,2663,4624,4402832286852,3249379474073,0.7960889692900646,0.4382676534752228
8494,-7.-9.-15.29,10653,18496,5870810396672,4332912697121,0.7959535367585511,0.43822249588259693
8495,-8.-32.-8.28,5327,9248,1258109516616,928568449031,0.7958181169395293,0.4381773453539688
8496,-8.-40.8.4,10655,18496,17614635275232,13001178481505,0.7956827098306132,0.4381322018876585
8497,-9.-10.-23.43,333,578,366994527455,270883305762,0.7955473154294168,0.4380870654819873
8498,-9.-12.-19.37,10657,18496,17616839360448,13003618871647,0.7954119337335551,0.43804193613527687
8499,-9.-12.-23.44,5329,9248,8808970701528,6502419533359,0.7952765647406443,0.437996813845849
8500,-9.-13.-17.34,627,1088,5873014481888,4335353087263,0.7951412084483005,0.4379516986120267
8501,-9.-14.-15.31,2665,4624,4405036372068,3251819864215,0.7950058648541406,0.437906590432133
8502,-9.-15.-13.28,10661,18496,2517321075840,1858357093133,0.7948705339557826,0.4378614893044917
8503,-9.-15.-17.35,5331,9248,2937058262248,2168286641167,0.7947352157508446,0.4378163952274268
8504,-9.-16.-15.32,10663,18496,17623451616096,13010940042073,0.7945999102369455,0.4377713081992635
8505,-9.-17.-13.29,1333,2312,2203069207338,1626520029643,0.7944646174117056,0.4377262282183267
8506,-9.-18.-11.26,10665,18496,5875218567104,4337793477405,0.7943293372727449,0.43768115528294255
8507,-9.-19.-9.23,5333,9248,8813378871960,6507300313643,0.7941940698176847,0.4376360893914376
8508,-9.-20.-7.20,10667,18496,17627859786528,13015820822357,0.7940588150441464,0.4375910305421385
8509,-9.-27.7.-1,2667,4624,209868593204,154964774017,0.7939235729497528,0.4375459787333728
8510,-9.-28.13.-11,10669,18496,375107741952,276984281117,0.7937883435321266,0.4375009339634685
8511,-9.-28.9.-4,5335,9248,8815582957176,6509740703785,0.7936531267888914,0.43745589623075426
8512,-9.-29.11.-7,10671,18496,5877422652320,4340233867547,0.7935179227176722,0.43741086553355923
8513,-9.-29.15.-14,667,1156,1102085624973,813870112357,0.7933827313160938,0.4373658418702131
8514,-9.-30.13.-10,10673,18496,17634472042176,13023141992783,0.7932475525817818,0.4373208252390457
8515,-9.-30.17.-17,5337,9248,2939262347464,2170727031309,0.7931123865123628,0.43727581563838785
8516,-9.-31.15.-13,10675,18496,2519525161056,1860797483275,0.7929772331054639,0.43723081306657113
8517,-9.-31.19.-20,157,272,4409444542500,3256700644499,0.7928420923587125,0.43718581752192676
8518,-9.-32.17.-16,10677,18496,5879626737536,4342674257689,0.7927069642697371,0.4371408290027873
8519,-9.-33.23.-26,5339,9248,8819991127608,6514621484069,0.7925718488361672,0.43709584750748587
8520,-9.-35.23.-25,10679,18496,17641084297824,13030463163209,0.7924367460556322,0.43705087303435547
8521,1.-10.23.-35,1335,2312,735091097518,542986806595,0.7923016559257625,0.43700590558173
8522,1.-10.27.-42,10681,18496,17643288383040,13032903553351,0.7921665784441894,0.4369609451479441
8523,1.-11.25.-38,5341,9248,1260313601832,931008839173,0.7920315136085443,0.4369159917313326
8524,1.-11.29.-45,10683,18496,5881830822752,4345114647831,0.7918964614164596,0.436871045330231
8525,1.-12.27.-41,2671,4624,4411648627716,3259141034641,0.7917614218655689,0.43682610594297583
8526,1.-13.29.-44,10685,18496,17647696553472,13037784333635,0.7916263949535054,0.43678117356790286
8527,1.-7.21.-33,5343,9248,2941466432680,2173167421451,0.7914913806779037,0.4367362482033497
8528,1.-8.23.-36,10687,18496,17649900638688,13040224723777,0.7913563790363989,0.43669132984765385
8529,1.-9.21.-32,167,289,1103187667581,815090307428,0.7912213900266266,0.4366464184991537
8530,1.-9.25.-39,10689,18496,840576415424,621079291139,0.7910864136462233,0.43660151415618736
8531,1.12.-21.31,5345,9248,8826603383256,6521942654495,0.7909514498928257,0.43655661681709484
8532,1.13.-23.34,10691,18496,17654308809120,13045105504061,0.7908164987640721,0.43651172648021547
8533,1.14.-21.30,2673,4624,1471284237644,1087193808261,0.7906815602576006,0.43646684314388956
8534,1.14.-25.37,37,64,17656512894336,13047545894203,0.7905466343710502,0.43642196680645795
8535,1.15.-23.33,5347,9248,8828807468472,6524383044637,0.7904117211020607,0.4363770974662619
8536,1.15.-27.40,10695,18496,5886238993184,4349995428115,0.7902768204482723,0.4363322351216437
8537,1.16.-25.36,1337,2312,315353911110,233057258561,0.7901419324073261,0.43628737977094534
8538,1.16.-29.43,10697,18496,17660921064768,13052426674487,0.7900070569768637,0.43624253141251007
8539,1.17.-27.39,5349,9248,2943670517896,2175607811593,0.7898721941545277,0.4361976900446813
8540,1.18.-29.42,10699,18496,17663125149984,13054867064629,0.7897373439379609,0.4361528556658029
8541,10.36.10.-33,2675,4624,4416056798148,3264021814925,0.7896025063248072,0.4361080282742194
8542,10.46.-10.-3,10701,18496,5888443078400,4352435818257,0.7894676813127107,0.43606320786827624
8543,11.16.21.-42,5351,9248,8833215638904,6529263824921,0.7893328688993164,0.4360183944463185
8544,11.17.19.-39,10703,18496,2523933331488,1865678263559,0.7891980690822702,0.43597358800669256
8545,11.18.17.-36,669,1156,368096570063,272103500833,0.7890632818592178,0.4359287885477453
8546,11.18.21.-43,10705,18496,17669737405632,13062188235055,0.7889285072278069,0.4358839960678236
8547,11.19.15.-33,5353,9248,8835419724120,6531704215063,0.7887937451856849,0.43583921056527525
8548,11.19.19.-40,10707,18496,5890647163616,4354876208399,0.7886589957304999,0.4357944320384484
8549,11.20.13.-30,2677,4624,4418260883364,3266462205067,0.7885242588599011,0.435749660485692
8550,11.20.17.-37,10709,18496,17674145576064,13067069015339,0.7883895345715379,0.43570489590535527
8551,11.21.15.-34,315,544,420839229016,311149743105,0.7882548228630605,0.4356601382957881
8552,11.22.13.-31,10711,18496,17676349661280,13069509405481,0.7881201237321201,0.43561538765534086
8553,11.23.11.-28,1339,2312,2209681462986,1633841200069,0.7879854371763683,0.4355706439823642
8554,11.24.9.-25,10713,18496,5892851248832,4357316598541,0.787850763193457,0.43552590727520973
8555,11.33.-13.9,5357,9248,8839827894552,6536584995347,0.7877161017810395,0.43548117753222937
8556,11.33.-9.2,10715,18496,17680757831712,13074390185765,0.787581452936769,0.4354364547517756
8557,11.34.-11.5,2679,4624,31350815380,23183706349,0.7874468166582999,0.4353917389322013
8558,11.34.-15.12,10717,18496,2526137416704,1868118653701,0.7873121929432867,0.4353470300718601
8559,11.35.-13.8,5359,9248,8842031979768,6539025385489,0.7871775817893857,0.43530232816910597
8560,11.35.-17.15,10719,18496,5895055334048,4359756988683,0.7870429831942525,0.4352576332222935
8561,11.36.-15.11,335,578,1105391752797,817530697570,0.7869083971555441,0.43521294522977755
8562,11.36.-19.18,10721,18496,17687370087360,13081711356191,0.7867738236709179,0.43516826418991417
8563,11.37.-17.14,5361,9248,2948078688328,2180488591877,0.7866392627380322,0.43512359010105917
8564,11.37.-21.21,10723,18496,17689574172576,13084151746333,0.7865047143545456,0.43507892296156936
8565,11.38.-19.17,2681,4624,631809864828,467334712193,0.7863701785181175,0.435034262769802
8566,11.39.-21.20,10725,18496,5897259419264,4362197378825,0.7862356552264085,0.4349896095241147
8567,12.20.-12.14,5363,9248,8846440150200,6543906165773,0.7861011444770789,0.4349449632228655
8568,12.40.12.-38,631,1088,17693982343008,13089032526617,0.7859666462677904,0.43490032386441363
8569,12.52.-12.-2,1341,2312,737295182734,545427196737,0.785832160596205,0.43485569144711805
8570,12.8.12.-22,10729,18496,17696186428224,13091472916759,0.7856976874599853,0.43481106596933833
8571,13.22.19.-41,5365,9248,8848644235416,6546346555915,0.7855632268567945,0.4347664474294354
8572,13.23.17.-38,10731,18496,842780500640,623519681281,0.7854287787842971,0.4347218358257698
8573,13.24.15.-35,2683,4624,4424873139012,3273783375493,0.7852943432401577,0.43467723115670276
8574,13.24.19.-42,10733,18496,17700594598656,13096353697043,0.7851599202220414,0.43463263342059644
8575,13.25.17.-39,5367,9248,2950282773544,2182928982019,0.7850255097276144,0.43458804261581313
8576,13.26.15.-36,10735,18496,17702798683872,13098794087185,0.7848911117545433,0.4345434587407159
8577,13.27.13.-33,671,1156,1106493795405,818750892641,0.7847567263004954,0.4344988817936679
8578,13.28.11.-30,10737,18496,5901667589696,4367078159109,0.7846223533631383,0.4344543117730337
8579,13.29.9.-27,5369,9248,1264721772264,935889619457,0.7844879929401412,0.4344097486771772
8580,13.38.-9.0,10739,18496,17707206854304,13103674867469,0.784353645029173,0.4343651925044638
8581,13.39.-11.3,2685,4624,1475692408076,1092074588545,0.7842193096279039,0.434320643253259
8582,13.39.-15.10,10741,18496,17709410939520,13106115257611,0.7840849867340041,0.43427610092192853
8583,13.40.-13.6,5371,9248,8855256491064,6553667726341,0.7839506763451449,0.4342315655088396
8584,13.40.-17.13,10743,18496,5903871674912,4369518549251,0.7838163784589983,0.4341870370123588
8585,13.41.-15.9,79,136,2214089633418,1638721980353,0.7836820930732363,0.43414251543085414
8586,13.41.-19.16,10745,18496,2530545587136,1872999433985,0.7835478201855329,0.4340980007626935
8587,13.42.-17.12,5373,9248,2952486858760,2185369372161,0.7834135597935614,0.4340534930062457
8588,13.43.-19.15,10747,18496,17716023195168,13113436428037,0.7832793118949963,0.4340089921598797
8589,15.29.15.-37,2687,4624,4429281309444,3278664155777,0.7831450764875127,0.43396449822196564
8590,15.30.13.-34,10749,18496,5906075760128,4371958939393,0.7830108535687865,0.4339200111908735
8591,15.31.15.-38,5375,9248,8859664661496,6558548506625,0.782876643136494,0.43387553106497395
8592,15.32.13.-35,10751,18496,17720431365600,13118317208321,0.7827424451883118,0.4338310578426386
8593,15.33.11.-32,168,289,52742658953,39046242272,0.7826082597219185,0.43378659152223886
8594,15.34.5.-22,10753,18496,17722635450816,13120757598463,0.7824740867349919,0.4337421321021472
8595,15.39.-5.-7,5377,9248,8861868746712,6560988896767,0.782339926225211,0.4336976795807363
8596,15.43.-13.5,10755,18496,5908279845344,4374399329535,0.7822057781902556,0.43365323395637995
8597,15.44.-11.1,2689,4624,4431485394660,3281104545919,0.7820716426278059,0.4336087952274515
8598,15.44.-15.8,10757,18496,17727043621248,13125638378747,0.7819375195355426,0.4335643633923256
8599,15.45.-13.4,5379,9248,2954690943976,2187809762303,0.7818034089111477,0.43351993844937703
8600,15.46.-15.7,10759,18496,2532749672352,1875439824127,0.7816693107523034,0.43347552039698134
8601,17.35.13.-36,1345,2312,2216293718634,1641162370495,0.7815352250566923,0.4334311092335142
8602,17.36.11.-33,633,1088,5910483930560,4376839719677,0.7814011518219981,0.43338670495735243
8603,17.37.13.-37,5381,9248,8866276917144,6565869677051,0.781267091045905,0.4333423075668728
8604,17.38.11.-34,10763,18496,377311827168,279424671259,0.7811330427260976,0.43329791706045295
8605,17.39.5.-24,2691,4624,1477896493292,1094514978687,0.7809990068602612,0.43325353343647044
8606,17.40.3.-21,10765,18496,17735859962112,13135399939315,0.7808649834460827,0.43320915669330423
8607,17.43.-3.-12,5383,9248,1266925857480,938330009599,0.7807309724812481,0.43316478682933324
8608,17.44.-5.-9,10767,18496,5912688015776,4379280109819,0.7805969739634452,0.4331204238429369
8609,17.47.-11.0,673,1156,1108697880621,821191282783,0.7804629878903617,0.43307606773249546
8610,17.48.-13.3,10769,18496,17740268132544,13140280719599,0.7803290142596866,0.43303171849638933
8611,17.49.-11.-1,5385,9248,2956895029192,2190250152445,0.7801950530691091,0.43298737613299987
8612,17.50.-13.2,10771,18496,17742472217760,13142721109741,0.7800611043163188,0.4329430406407081
8613,19.40.13.-38,2693,4624,4435893565092,3285985326203,0.779927167999007,0.4328987120178968
8614,19.41.11.-35,10773,18496,844984585856,625960071423,0.7797932441148645,0.43285439026294825
8615,19.42.13.-39,5387,9248,8872889172792,6573190847477,0.7796593326615833,0.4328100753742455
8616,19.43.11.-36,10775,18496,17746880388192,13147601890025,0.779525433636856,0.4327657673501724
8617,19.45.3.-23,1347,2312,739499267950,547867586879,0.7793915470383758,0.4327214661891134
8618,19.48.-3.-14,10777,18496,17749084473408,13150042280167,0.7792576728638364,0.43267717188945265
8619,19.52.-11.-2,317,544,8875093258008,6575631237619,0.7791238111109321,0.43263288444957565
8620,19.53.-13.1,10779,18496,5917096186208,4384160890103,0.7789899617773585,0.4325886038678681
8621,19.54.-11.-3,2695,4624,634013950044,469775102335,0.778856124860811,0.43254433014271626
8622,19.55.-13.0,10781,18496,17753492643840,13154923060451,0.7787223003589862,0.4325000632725066
8623,2.-10.-2.9,5391,9248,2959099114408,2192690542587,0.7785884882695808,0.4324558032556268
8624,2.-12.2.3,10783,18496,17755696729056,13157363450593,0.7784546885902929,0.4324115500904644
8625,2.20.2.-13,337,578,1109799923229,822411477854,0.7783209013188203,0.43236730377540744
8626,2.22.-2.-7,10785,18496,5919300271424,4386601280245,0.7781871264528624,0.43232306430884526
8627,21.46.11.-37,5393,9248,8879501428440,6580512017903,0.7780533639901187,0.43227883168916675
8628,21.47.9.-34,10787,18496,2537157842784,1880320604411,0.7779196139282893,0.4322346059147618
8629,21.48.11.-38,2697,4624,1480100578508,1096955368829,0.7777858762650753,0.43219038698402074
8630,21.50.3.-25,10789,18496,17762308984704,13164684621019,0.7776521509981781,0.4321461748953345
8631,21.52.3.-26,5395,9248,8881705513656,6582952408045,0.7775184381252996,0.4321019696470945
8632,21.53.-3.-16,10791,18496,5921504356640,4389041670387,0.7773847376441427,0.4320577712376923
8633,21.55.-3.-17,1349,2312,2220701889066,1646043150779,0.7772510495524112,0.4320135796655203
8634,21.56.-9.-7,10793,18496,17766717155136,13169565401303,0.7771173738478089,0.43196939492897163
8635,21.57.-11.-4,5397,9248,423043314232,313590133247,0.7769837105280404,0.43192521702643955
8636,21.59.-11.-5,635,1088,17768921240352,13172005791445,0.7768500595908112,0.4318810459563181
8637,23.52.9.-36,2699,4624,4442505820740,3293306496629,0.7767164210338273,0.4318368817170013
8638,23.53.7.-33,10797,18496,5923708441856,4391482060529,0.7765827948547952,0.4317927243068845
8639,23.54.9.-37,5399,9248,8886113684088,6587833188329,0.776449181051422,0.43174857372436276
8640,23.55.3.-27,10799,18496,17773329410784,13176886571729,0.776315579621416,0.4317044299678323
8641,23.57.3.-28,675,1156,370300655279,274543890975,0.7761819905624856,0.4316602930356896
8642,23.58.-3.-18,10801,18496,2539361928000,1882760994553,0.7760484138723398,0.43161616292633115
8643,23.60.-3.-19,5401,9248,8888317769304,6590273578471,0.7759148495486886,0.4315720396381549
8644,23.60.-7.-12,10803,18496,5925912527072,4393922450671,0.7757812975892422,0.43152792316955874
8645,23.61.-9.-9,2701,4624,4444709905956,3295746886771,0.7756477579917117,0.4314838135189408
8646,23.63.-9.-10,10805,18496,17779941666432,13184207742155,0.7755142307538091,0.43143971068470044
8647,25.58.7.-35,5403,9248,2963507284840,2197571322871,0.7753807158732466,0.43139561466523707
8648,25.59.5.-32,10807,18496,17782145751648,13186648132297,0.7752472133477372,0.43135152545895056
8649,25.60.3.-29,1351,2312,317557996326,235497648703,0.7751137231749943,0.43130744306424157
8650,25.60.7.-36,10809,18496,5928116612288,4396362840813,0.7749802453527325,0.43126336747951094
8651,25.61.5.-33,5405,9248,189206934888,140322433165,0.7748467798786663,0.43121929870316034
8652,25.62.3.-30,10811,18496,17786553922080,13191528912581,0.7747133267505113,0.43117523673359187
8653,25.63.-3.-20,159,272,1482304663724,1099395758971,0.7745798859659839,0.43113118156920793
8654,25.64.-5.-17,10813,18496,17788758007296,13193969302723,0.774446457522801,0.4310871332084114
8655,25.65.-3.-21,5407,9248,8894930024952,6597594748897,0.7743130414186795,0.4310430916496059
8656,25.65.-7.-14,10815,18496,847188671072,628400461565,0.7741796376513378,0.4309990568911958
8657,25.66.-5.-18,169,289,1112004008445,824851867996,0.7740462462184946,0.43095502893158527
8658,25.67.-7.-15,10817,18496,17793166177728,13198850083007,0.773912867117869,0.4309110077691797
8659,27.64.5.-34,5409,9248,2965711370056,2200011713013,0.7737795003471809,0.43086699340238444
8660,27.65.3.-31,10819,18496,17795370262944,13201290473149,0.7736461459041513,0.43082298582960543
8661,27.66.5.-35,2705,4624,4449118076388,3300627667055,0.7735128037865012,0.4307789850492495
8662,27.67.3.-32,10821,18496,5932524782720,4401243621097,0.7733794739919524,0.43073499105972385
8663,27.68.-3.-22,5411,9248,1271334027912,943210789883,0.7732461565182274,0.4306910038594356
8664,27.69.-5.-19,10823,18496,17799778433376,13206171253433,0.7731128513630493,0.4306470234467931
8665,27.70.-3.-23,1353,2312,741703353166,550307977021,0.7729795585241418,0.43060304982020514
8666,27.71.-5.-20,10825,18496,17801982518592,13208611643575,0.7728462779992291,0.43055908297808043
8667,29.70.3.-33,5413,9248,8901542280600,6604915919323,0.7727130097860367,0.4305151229188288
8668,29.72.3.-34,10827,18496,5934728867936,4403684011239,0.7725797538822899,0.43047116964086035
8669,29.73.-3.-24,2707,4624,4451322161604,3303068057197,0.7724465102857151,0.43042722314258547
8670,29.75.-3.-25,637,1088,2543770098432,1887641774837,0.7723132789940391,0.4303832834224156
8671,3.-2.21.-35,5415,9248,2967915455272,2202452103155,0.7721800600049894,0.4303393504787622
8672,3.-3.23.-38,10831,18496,17808594774240,13215932814001,0.772046853316294,0.4302954243100373
8673,3.-4.25.-41,677,1156,1113106051053,826072063067,0.771913658925682,0.4302515049146536
8674,3.-5.23.-37,10833,18496,5936932953152,4406124401381,0.7717804768308827,0.43020759229102423
8675,3.-5.27.-44,5417,9248,8905950451032,6609796699607,0.7716473070296261,0.4301636864375628
8676,3.-6.25.-40,10835,18496,17813002944672,13220813594285,0.771514149519643,0.43011978735268325
8677,3.-6.29.-47,2709,4624,212072678420,157405164159,0.7713810042986645,0.43007589503480054
8678,3.-7.27.-43,10837,18496,17815207029888,13223253984427,0.7712478713644226,0.43003200948232956
8679,3.-8.29.-46,5419,9248,8908154536248,6612237089749,0.7711147507146495,0.4299881306936861
8680,3.18.-23.32,10839,18496,5939137038368,4408564791523,0.7709816423470791,0.4299442586672862
8681,3.19.-21.28,1355,2312,2227314144714,1653364321205,0.7708485462594449,0.42990039340154634
8682,3.19.-25.35,10841,18496,17819615200320,13228134764711,0.7707154624494812,0.4298565348948838
8683,3.20.-23.31,5421,9248,2970119540488,2204892493297,0.7705823909149231,0.4298126831457162
8684,3.20.-27.38,10843,18496,2545974183648,1890082164979,0.7704493316535064,0.4297688381524617
8685,3.21.-25.34,2711,4624,4455730332036,3307948837481,0.7703162846629672,0.42972499991353885
8686,3.21.-29.41,10845,18496,5941341123584,4411005181665,0.7701832499410424,0.4296811684273668
8687,3.22.-27.37,319,544,8912562706680,6617117870033,0.7700502274854699,0.429637343692365
8688,3.23.-29.40,10847,18496,17826227455968,13235455935137,0.7699172172939879,0.429593525706954
8689,4.-4.-4.10,339,578,371402697887,275764086046,0.7697842193643349,0.42954971446955403
8690,4.-8.4.-2,10849,18496,17828431541184,13237896325279,0.7696512336942506,0.42950590997858645
8691,5.-1.25.-42,5425,9248,1273538113128,945651180025,0.7695182602814749,0.4294621122324727
8692,5.-2.27.-45,10851,18496,5943545208800,4413445571807,0.7693852991237483,0.42941832122963525
8693,5.0.23.-39,2713,4624,4457934417252,3310389227623,0.7692523502188127,0.42937453696849626
8694,5.0.27.-46,10853,18496,17832839711616,13242777105563,0.7691194135644095,0.4293307594474791
8695,5.1.25.-43,5427,9248,2972323625704,2207332883439,0.7689864891582816,0.4292869886650073
8696,5.10.7.-16,10855,18496,17835043796832,13245217495705,0.7688535769981721,0.4292432246195051
8697,5.11.5.-13,1357,2312,2229518229930,1655804711347,0.7687206770818248,0.4291994673093969
8698,5.16.-5.2,10857,18496,18072186304,13422145781,0.768587789406984,0.42915571673310793
8699,5.17.-7.5,5429,9248,8919174962328,6624439040459,0.7684549139713946,0.4291119728890637
8700,5.18.-9.8,10859,18496,17839451967264,13250098275989,0.7683220507728029,0.4290682357756906
8701,5.19.-11.11,2715,4624,1486712834156,1104276539255,0.7681891998089548,0.42902450539141507
8702,5.19.-15.18,10861,18496,17841656052480,13252538666131,0.7680563610775974,0.428980781734664
8703,5.2.23.-40,5431,9248,8921379047544,6626879430601,0.7679235345764781,0.42893706480386506
8704,5.20.-17.21,639,1088,5947953379232,4418326352091,0.767790720303345,0.4288933545974466
8705,5.21.-15.17,679,1156,159330019467,118358921887,0.7676579182559472,0.428849651113837
8706,5.23.-23.30,10865,18496,17846064222912,13257419446415,0.7675251284320335,0.42880595435146535
8707,5.24.-25.33,5433,9248,2974527710920,2209773273581,0.7673923508293546,0.42876226430876124
8708,5.25.-23.29,10867,18496,17848268308128,13259859836557,0.7672595854456611,0.4287185809841548
8709,5.25.-27.36,2717,4624,4462342587684,3315270007907,0.7671268322787039,0.4286749043760763
8710,5.26.-25.32,10869,18496,5950157464448,4420766742233,0.7669940913262352,0.42863123448295715
8711,5.27.-27.35,5435,9248,8925787217976,6631760210885,0.7668613625860073,0.4285875713032289
8712,5.3.17.-30,10871,18496,2550382354080,1894962945263,0.7667286460557736,0.4285439148353233
8713,5.4.15.-27,1359,2312,743907438382,552748367163,0.7665959417332875,0.42850026507767314
8714,5.6.15.-28,10873,18496,17854880563776,13267181006983,0.7664632496163037,0.42845662202871143
8715,5.8.11.-22,5437,9248,8927991303192,6634200601027,0.7663305697025772,0.4284129856868715
8716,5.9.9.-19,10875,18496,5952361549664,4423207132375,0.7661979019898635,0.4283693560505875
8717,7.10.13.-26,2719,4624,4464546672900,3317710398049,0.7660652464759189,0.42832573311829425
8718,7.10.17.-33,10877,18496,17859288734208,13272061787267,0.7659326031585001,0.4282821168884264
8719,7.11.11.-23,5439,9248,425247399448,316030523389,0.7657999720353645,0.4282385073594194
8720,7.11.15.-30,10879,18496,17861492819424,13274502177409,0.7656673531042707,0.42819490452970954
8721,7.12.13.-27,10,17,1116412178877,829732648280,0.765534746362977,0.428151308397733
8722,7.13.11.-24,10881,18496,5954565634880,4425647522517,0.7654021518092429,0.4281077189619269
8723,7.14.9.-21,5441,9248,8932399473624,6639081381311,0.7652695694408282,0.4280641362207289
8724,7.15.7.-18,10883,18496,17865900989856,13279382957693,0.7651369992554937,0.42802056017257667
8725,7.22.-11.10,2721,4624,1488916919372,1106716929397,0.7650044412510003,0.4279769908159089
8726,7.22.-7.3,10885,18496,2552586439296,1897403335405,0.7648718954251097,0.4279334281491645
8727,7.23.-13.13,5443,9248,8934603558840,6641521771453,0.7647393617755848,0.4278898721707827
8728,7.23.-9.6,10887,18496,5956769720096,4428087912659,0.7646068403001884,0.42784632287920354
8729,7.24.-11.9,1361,2312,2233926400362,1660685491631,0.7644743309966842,0.4278027802728677
8730,7.24.-15.16,10889,18496,17872513245504,13286704128119,0.7643418338628363,0.42775924435021573
8731,7.25.-13.12,5445,9248,2978935881352,2214654053865,0.7642093488964097,0.42771571510968937
8732,7.25.-17.19,10891,18496,17874717330720,13289144518261,0.7640768760951698,0.42767219254973016
8733,7.26.-15.15,2723,4624,638422120476,474655882619,0.7639444154568826,0.42762867666878074
8734,7.27.-17.18,10893,18496,5958973805312,4430528302801,0.7638119669793154,0.4275851674652838
8735,7.29.-25.31,5447,9248,8939011729272,6646402551737,0.7636795306602351,0.4275416649376828
8736,7.30.-23.27,10895,18496,17879125501152,13294025298545,0.7635471064974096,0.42749816908442173
8737,7.31.-25.30,681,1156,372504740495,276984281117,0.7634146944886077,0.42745467990394487
8738,7.4.25.-44,641,1088,17881329586368,13296465688687,0.7632822946315985,0.427411197394697
8739,7.6.25.-45,5449,9248,8941215814488,6648842941879,0.7631499069241514,0.4273677215551233
8740,7.7.23.-42,10899,18496,851596841504,633281241849,0.7630175313640376,0.4273242523836698
8741,7.8.17.-32,2725,4624,4471158928548,3325031568475,0.7628851679490277,0.42728078987878276
8742,7.9.15.-29,10901,18496,17885737756800,13301346468971,0.7627528166768933,0.427237334038909
8743,8.32.8.-28,5451,9248,2981139966568,2217094444007,0.7626204775454068,0.42719388486249554
8744,8.40.-8.-4,10903,18496,17887941842016,13303786859113,0.7624881505523411,0.4271504423479906
8745,9.10.23.-43,1363,2312,47577244374,35385657059,0.7623558356954694,0.42710700649384215
8746,9.12.19.-37,10905,18496,5963381975744,4435409083085,0.7622235329725658,0.427063577298499
8747,9.12.23.-44,5453,9248,1277946283560,950531960309,0.7620912423814055,0.4270201547604103
8748,9.13.17.-34,10907,18496,17892350012448,13308667639397,0.7619589639197634,0.4269767388780259
8749,9.14.15.-31,2727,4624,1491121004588,1109157319539,0.7618266975854155,0.4269333296497959
8750,9.15.13.-28,10909,18496,17894554097664,13311108029539,0.7616944433761385,0.42688992707417106
8751,9.15.17.-35,5455,9248,8947828070136,6656164112305,0.7615622012897093,0.42684653114960247
8752,9.16.15.-32,10911,18496,5965586060960,4437849473227,0.7614299713239059,0.4268031418745419
8753,9.17.13.-29,341,578,1118616264093,832173038422,0.7612977534765062,0.4267597592474414
8754,9.18.11.-26,10913,18496,2556994609728,1902284115689,0.7611655477452899,0.4267163832667537
8755,9.19.9.-23,321,544,2983344051784,2219534834149,0.7610333541280363,0.4266730139309318
8756,9.20.7.-20,10915,18496,17901166353312,13318429199965,0.7609011726225254,0.4266296512384297
8757,9.27.-7.1,2729,4624,4475567098980,3329912348759,0.7607690032265383,0.4265862951877009
8758,9.28.-13.11,10917,18496,5967790146176,4440289863369,0.7606368459378563,0.42654294577720037
8759,9.28.-9.4,5459,9248,8952236240568,6661044892589,0.7605047007542614,0.42649960300538325
8760,9.29.-11.7,10919,18496,17905574523744,13323309980249,0.760372567673536,0.42645626687070476
8761,9.29.-15.14,1365,2312,106587360514,79312679615,0.7602404466934639,0.42641293737162134
8762,9.30.-13.10,10921,18496,17907778608960,13325750370391,0.7601083378118288,0.4263696145065893
8763,9.30.-17.17,5461,9248,8954440325784,6663485282731,0.759976241026415,0.42632629827406526
8764,9.31.-15.13,10923,18496,5969994231392,4442730253511,0.7598441563350078,0.4262829886725074
8765,9.31.-19.20,2731,4624,4477771184196,3332352738901,0.7597120837353926,0.42623968570037346
8766,9.32.-17.16,10925,18496,17912186779392,13330631150675,0.7595800232253557,0.4261963893561218
8767,9.33.-23.26,5463,9248,2985548137000,2221975224291,0.7594479748026843,0.42615309963821124
8768,9.35.-23.25,10927,18496,2559198694944,1904724505831,0.7593159384651659,0.42610981654510144
8769,-6.-15.0.6,10935,18496,1991466259472,1482537011265,0.7582600825652231,0.42576291512972386
8770,6.15.0.-6,10943,18496,17932001805888,13352594661953,0.7572049988426234,0.4254164376756159
8771,-2.-6.-2.6,43787,73984,71744421298752,53428681573877,0.7567106938408521,0.425252237980335
8772,-2.-8.2.0,21901,36992,35880417686976,26723492249971,0.7562165581428789,0.42508813207421936
8773,2.6.2.-6,43817,73984,71777249449152,53465287426007,0.7557225916327671,0.42492411987587403
8774,2.8.-2.0,5479,9248,8974207940544,6685448794009,0.7552287941946993,0.424760201303999
8775,-6.-2.-6.10,43837,73984,71799116727296,53489691327427,0.7550642326002412,0.4247052177654052
8776,-6.-8.6.-8,21921,36992,35902284965120,26747896151391,0.7548996897744276,0.42465024467322665
8777,-7.-10.7.-9,43847,73984,71810023133184,53501893278137,0.754735165712977,0.42459528202444663
8778,-7.-3.-7.12,10963,18496,17953869084032,13376998563373,0.7545706604116109,0.4245403298160495
8779,6.2.6.-10,43857,73984,71820929539072,53514095228847,0.7544061738660508,0.42448538804502095
8780,6.8.-6.8,21931,36992,5130455910144,3822871157443,0.7542417060720209,0.42443045670834784
8781,7.10.-7.9,43867,73984,71831835944960,53526297179557,0.7540772570252462,0.42437553580301796
8782,7.3.7.-12,1371,2312,2244915285872,1672887442341,0.7539128267214529,0.4243206253260209
8783,-10.-26.-2.14,21941,36992,35924072492096,26772300052811,0.7535840223257253,0.42420982021883363
8784,-10.-28.2.8,10973,18496,17964750205120,13389200514083,0.75325529285068,0.4240990570963938
8785,10.26.2.-14,21951,36992,35934928328384,26784502003521,0.7529266382621824,0.42398833593451735
8786,10.28.-2.-8,5489,9248,8985089061632,6697650744719,0.7525980585261212,0.42387765670903893
8787,-1.-1.-1.2,44027,73984,72005475391936,53721528390917,0.7488247605746107,0.42260626478835395
8788,-1.-2.1.-1,22071,36992,36065119145408,26930925412041,0.7450613057597403,0.4213403847362673
8789,1.1.1.-2,44257,73984,72255001189696,54002173257247,0.7413076428609019,0.42007998030273036
8790,1.2.-1.1,11093,18496,18094941022144,13535623922603,0.7375637210562538,0.4188250155589794
8791,-16.-41.-2.20,1387,2312,2262274158125,1692410563477,0.737173610177076,0.4186941800780316
8792,-16.-43.2.14,11099,18496,18101445507856,13542945093029,0.7367836047570244,0.41856340346864174
8793,16.41.2.-20,5551,9248,9052348875356,6773302839121,0.7363937047390963,0.418432685690547
8794,16.43.-2.-14,11105,18496,18107949993568,13550266263455,0.7360039100663359,0.4183020267035206
8795,-3.-11.5.-4,44429,73984,72441556311680,54212046809459,0.735711633160295,0.41820406323064496
8796,-3.-6.-5.11,1307,2176,36225656324544,27111514282549,0.7354194154549063,0.41810613279029535
8797,-5.-15.7.-6,44447,73984,72461068986496,54234010320737,0.7351272569261922,0.41800823536554177
8798,-5.-16.9.-9,5557,9248,9058853165488,6780624009547,0.73483515755019,0.4179103709394656
8799,-5.-7.-9.18,44465,73984,72480581661312,54255973832015,0.7345431173029519,0.41781253949516006
8800,-5.-8.-7.15,22237,36992,36245168999360,27133477793827,0.7342511361605435,0.4177147410157304
8801,3.11.-5.4,44483,73984,72500094336128,54277937343293,0.7339592140990465,0.41761697548429305
8802,3.6.5.-11,11123,18496,18127462668384,13572229774733,0.7336673510945556,0.4175192428839763
8803,5.15.-7.6,44501,73984,72519607010944,54299900854571,0.733375547123181,0.41742154319792046
8804,5.16.-9.9,22255,36992,36264681674176,27155441305105,0.7330838021610473,0.4173238764092768
8805,5.7.9.-18,44519,73984,72539119685760,54321864365849,0.7327921161842929,0.41722624250120877
8806,5.8.7.-15,2783,4624,4534304751448,3395802882593,0.7325004891690715,0.4171286414568914
8807,-8.-14.8.-9,44543,73984,72565079463872,54351149047553,0.7320145751046079,0.41696491037707206
8808,-8.-6.-8.15,22279,36992,36290641452288,27184725986809,0.7315288246457405,0.4168012709689352
8809,8.14.-8.9,44573,73984,72597486345280,54387754899683,0.7310432376823355,0.41663772315446135
8810,8.6.8.-15,11147,18496,18153422446496,13601514456437,0.7305578141043696,0.41647426685572064
8811,-1.-2.9.-15,44593,73984,72619037952960,54412158801103,0.7303960425339231,0.41641874921436745
8812,-1.-3.11.-18,22299,36992,36312193059968,27209129888229,0.7302342891011329,0.4163632418856863
8813,-1.7.-9.12,44603,73984,994927866944,745539188381,0.730072553801932,0.4163077448667628
8814,-1.8.-11.15,41,68,1134923163342,850475964487,0.7299108366322558,0.4162522581546842
8815,-2.-10.6.-6,44613,73984,72640430620864,54436562702523,0.7297491375880397,0.41619678174653807
8816,-2.-4.-6.12,22309,36992,36322889393920,27221331838939,0.7295874566652216,0.416141315639414
8817,-2.-5.12.-19,44623,73984,72651126954816,54448764653233,0.7294257938597398,0.4160858598304015
8818,-2.7.-12.17,11157,18496,18164118780448,13613716407147,0.729264149167535,0.41603041431659255
8819,-4.-13.14.-19,44633,73984,72661823288768,54460966603943,0.7291025225845484,0.4159749790950791
8820,-4.1.-14.23,22319,36992,36333585727872,27233533789649,0.7289409141067226,0.4159195541629549
8821,-5.-1.-13.22,44643,73984,72672519622720,54473168554653,0.7287793237300023,0.41586413951731477
8822,-5.-14.13.-17,5581,9248,9084733473712,6809908691251,0.7286177514503327,0.415808735155254
8823,-6.-18.10.-10,44653,73984,72683215956672,54485370505363,0.7284561972636612,0.4157533410738697
8824,-6.-8.-10.20,22329,36992,36344282061824,27245735740359,0.7282946611659354,0.4156979572702598
8825,-7.-10.-9.19,44663,73984,72693912290624,54497572456073,0.728133143153106,0.41564258374152346
8826,-7.-19.9.-8,11167,18496,18174815114400,13625918357857,0.727971643221123,0.415587220484761
8827,-8.-11.-10.21,44673,73984,72704608624576,54509774406783,0.7278101613659396,0.41553186749707305
8828,-8.-21.10.-9,22339,36992,36354978395776,27257937691069,0.7276486975835091,0.4154765247755628
8829,0.-10.12.-16,44683,73984,72715304958528,54521976357493,0.7274872518697867,0.41542119231733327
8830,0.-11.14.-19,2793,4624,4545040820344,3408004833303,0.727325824220729,0.41536587011948917
8831,0.-2.12.-20,2629,4352,72726001292480,54534178308203,0.7271644146322935,0.4153105581791361
8832,0.-3.14.-23,22349,36992,36365674729728,27270139641779,0.72700302310044,0.41525525649338113
8833,0.10.-12.16,44703,73984,72736697626432,54546380258913,0.7268416496211282,0.415199965059332
8834,0.11.-14.19,11177,18496,18185511448352,13638120308567,0.7266802941903209,0.4151446838740978
8835,0.2.-12.20,44713,73984,72747393960384,54558582209623,0.7265189568039808,0.41508941293478835
8836,0.3.-14.23,22359,36992,36376371063680,27282341592489,0.7263576374580724,0.4150341522385153
8837,1.-7.9.-12,44723,73984,72758090294336,54570784160333,0.7261963361485622,0.41497890178239066
8838,1.-8.11.-15,5591,9248,9095429807664,6822110641961,0.7260350528714168,0.41492366156352795
8839,1.2.-9.15,44733,73984,72768786628288,54582986111043,0.7258737876226056,0.41486843157904163
8840,1.3.-11.18,22369,36992,36387067397632,27294543543199,0.725712540398098,0.41481321182604736
8841,2.-7.12.-17,44743,73984,72779482962240,54595188061753,0.7255513111938658,0.414758002301662
8842,2.10.-6.6,11187,18496,18196207782304,13650322259277,0.7253901000058813,0.414702803003003
8843,2.4.6.-12,44753,73984,72790179296192,54607390012463,0.7252289068301192,0.4146476139271896
8844,2.5.-12.19,22379,36992,36397763731584,27306745493909,0.7250677316625544,0.4145924350713416
8845,4.-1.14.-23,44763,73984,72800875630144,54619591963173,0.7249065744991637,0.41453726643258026
8846,4.13.-14.19,1399,2312,2275194493660,1707052904329,0.7247454353359255,0.4144821080080276
8847,5.1.13.-22,44773,73984,72811571964096,54631793913883,0.7245843141688189,0.414426959794807
8848,5.14.-13.17,1317,2176,36408460065536,27318947444619,0.7244232109938251,0.4143718217900429
8849,6.18.-10.10,44783,73984,72822268298048,54643995864593,0.7242621258069257,0.4143166939908607
8850,6.8.10.-20,11197,18496,18206904116256,13662524209987,0.7241010586041049,0.41426157639438715
8851,7.10.9.-19,44793,73984,72832964632000,54656197815303,0.7239400093813472,0.4142064689977497
8852,7.19.-9.8,22399,36992,36419156399488,27331149395329,0.7237789781346384,0.4141513717980771
8853,8.11.10.-21,44803,73984,72843660965952,54668399766013,0.7236179648599668,0.4140962847924995
8854,8.21.-10.9,5601,9248,9106126141616,6834312592671,0.7234569695533206,0.4140412079781476
8855,-1.0.1.-2,11223,18496,18234674327296,13694249281833,0.7207549312286964,0.4131142535284578
8856,-1.1.-1.1,2811,4624,4564274092840,3429968344581,0.7180579441203357,0.4121901689254728
8857,1.-1.1.-1,11265,18496,18279518415424,13745497474815,0.7153659893778885,0.41126894067355546
8858,1.0.-1.2,5643,9248,9150970229744,6885560785653,0.7126790482563276,0.4103505553627013
8859,-17.-27.-1.11,22579,36992,36611228392800,27550784508109,0.712231710861048,0.41019278016801575
8860,-17.-28.1.8,11293,18496,18309287933312,13779662936803,0.711784512128973,0.4100350855303929
8861,17.27.1.-11,1329,2176,36625923340448,27567867239103,0.711337451974165,0.40987747138721065
8862,17.28.-1.-8,2825,4624,4579158851784,3447051075575,0.7108905303107665,0.4097199376759129
8863,-15.-20.-1.8,22607,36992,36640409269216,27584949970097,0.7104437470529996,0.40955425435930254
8864,-15.-21.1.5,11307,18496,18323773862080,13796745667797,0.7099971021151661,0.40938865460276175
8865,15.20.1.-8,22621,36992,36654686179104,27602032701091,0.7095505954116473,0.40922313834200263
8866,15.21.-1.-5,5657,9248,9165456158512,6902643516647,0.7091042268569043,0.40905770551280446
8867,0.-2.-4.8,2663,4352,73338842868832,55239451059241,0.7086261280397251,0.4088785206468903
8868,0.-6.4.-4,22643,36992,36677018234784,27628876992653,0.7081481876085879,0.40869943224745764
8869,0.2.4.-8,45301,73984,73369230070304,55276056911371,0.7076704054585858,0.40852044023524836
8870,0.6.-4.4,11329,18496,18346105917760,13823589959359,0.7071927814849165,0.4083415445310917
8871,-2.-4.-2.5,667,1088,18356227346896,13835791910069,0.7059198900657544,0.4078643592533392
8872,-2.-6.2.-1,11349,18496,18366348776032,13847993860779,0.7046481207301465,0.40738785743611533
8873,2.4.2.-5,11359,18496,18376470205168,13860195811489,0.7033774715015497,0.4069120375861806
8874,2.6.-2.1,11369,18496,18386591634304,13872397762199,0.7021079404086378,0.4064368982147154
8875,0.-32.0.16,22747,36992,36782237470880,27755777280037,0.7015370156845551,0.4062211465737767
8876,0.32.0.-16,5689,9248,9197822918288,6941689758919,0.7009663168059178,0.40600553336072936
8877,-12.-32.-4.20,11381,18496,18398643461408,13887040103051,0.7005859762683078,0.4058602650895852
8878,-12.-36.4.8,1423,2312,2300205135780,1736337586033,0.7002057359741963,0.40571505876558017
8879,-4.-3.14.-24,11387,18496,18404638711072,13894361273477,0.6998255958707572,0.4055699143483634
8880,-4.11.-14.18,335,544,9203818167952,6949010929345,0.6994455559052045,0.40542483179761946
8881,-8.-23.-6.20,11393,18496,18410633960736,13901682443903,0.6990656160247954,0.4052798110730689
8882,-8.-29.6.2,2849,4624,4603407896392,3476335757279,0.6986857761768276,0.4051348521344669
8883,12.32.4.-20,11399,18496,18416629210400,13909003614329,0.6983060363086412,0.4049899549416056
8884,12.36.-4.-8,5701,9248,9209813417616,6956332099771,0.6979263963676176,0.40484511945431123
8885,4.-11.14.-18,11405,18496,18422624460064,13916324784755,0.6975468563011791,0.4047003456324466
8886,4.3.-14.24,713,1156,1151601380306,869999085623,0.6971674160567909,0.4045556334359089
8887,8.23.6.-20,11411,18496,18428619709728,13923645955181,0.6967880755819581,0.40441098282463167
8888,8.29.-6.-2,5707,9248,9215808667280,6963653270197,0.6964088348242286,0.4042663937585832
8889,-4.-16.-12.28,22833,36992,857400250208,647923582701,0.6960928769944273,0.4041451691279301
8890,-4.-28.12.-8,11419,18496,970347022336,733337237671,0.6957769883459078,0.4040239873972586
8891,4.16.12.-28,22843,36992,36878162938592,27872916006853,0.6954611688483815,0.40390284854337327
8892,4.28.-12.8,21,34,576299047319,435609640347,0.6951454184715791,0.40378175254309473
8893,-16.-16.-16.32,22857,36992,36892076653088,27889998737847,0.6945772418810168,0.40356313147021117
8894,-16.-32.16.-16,11433,18496,18450507138880,13950490246743,0.6940092889673545,0.4033446493997407
8895,-16.-48.-16.48,22875,36992,36909951902432,27911962249125,0.6934415595545493,0.40312630619665313
8896,-16.-64.16.0,5721,9248,9229722381776,6980736001191,0.6928740534667666,0.4029081017260957
8897,16.16.16.-32,22893,36992,36927827151776,27933925760403,0.6923067705283782,0.40269003585339375
8898,16.32.-16.16,11451,18496,18468382388224,13972453758021,0.6917397105639644,0.40247210844404996
8899,16.48.16.-48,22911,36992,36945702401120,27955889271681,0.6911728733983113,0.4022543193637437
8900,16.64.-16.0,2865,4624,4619330003224,3495858878415,0.6906062588564116,0.40203666847833147
8901,-32.-80.0.32,22929,36992,36963461063648,27977852782959,0.6900398667634643,0.40181460524240825
8902,0.-16.32.-48,11469,18496,18486141050752,13994417269299,0.689473696944874,0.4015926821192842
8903,0.16.-32.48,22947,36992,36981103139360,27999816294237,0.6889077492262508,0.4013708989737702
8904,32.80.0.-32,5739,9248,9247481044304,7002699512469,0.6883420234334102,0.40114925567085374
8905,-3.-6.-1.4,359,578,2313094688417,1752200121956,0.6870856486776276,0.40065676791242155
8906,-3.-7.1.1,5749,9248,9257276463032,7014901463179,0.6858303670871752,0.4001649690657957
8907,3.6.1.-4,2877,4624,4631087086198,3510501219267,0.6845761767613919,0.3996738576579553
8908,3.7.-1.-1,5759,9248,9267071881760,7027103413889,0.6833230758045683,0.3991834322201533
8909,-10.-18.14.-18,23041,36992,37073157725936,28114514630911,0.6830099705575792,0.3990598623074575
8910,-10.-27.-4.18,11523,18496,18539013962416,14060307803133,0.6826969332484577,0.39893633543552814
8911,-10.-31.4.6,23051,36992,37082898123728,28126716581621,0.6823839638477273,0.3988128515814293
8912,-10.-4.-14.24,1441,2312,2317985520164,1758301097311,0.6820710623259313,0.3986894107222413
8913,-12.-12.-12.24,23061,36992,37092638521520,28138918532331,0.6817582286536322,0.39856601283506166
8914,-12.-24.12.-12,11533,18496,18548754360208,14072509753843,0.6814454628014113,0.3984426578970036
8915,-14.-37.-4.22,23071,36992,37102378919312,28151120483041,0.6811327647398691,0.3983193458851982
8916,-14.-41.4.10,5769,9248,9276812279552,7039305364599,0.6808201344396253,0.39819607677679175
8917,-2.-14.6.-4,23081,36992,37112119317104,28163322433751,0.6805075718713188,0.3980728505489476
8918,-2.-8.-6.14,679,1088,18558494758000,14084711704553,0.6801950770056078,0.39794966717884583
8919,-6.-17.-4.14,23091,36992,37121859714896,28175524384461,0.6798826498131684,0.3978265266436831
8920,-6.-18.-6.18,2887,4624,4640841239224,3522703169977,0.679570290264697,0.3977034289206717
8921,-6.-21.4.2,23101,36992,37131600112688,28187726335171,0.6792579983309085,0.3975803739870411
8922,-6.-24.6.0,11553,18496,18568235155792,14096913655263,0.6789457739825371,0.39745736182003755
8923,-6.-8.14.-22,23111,36992,37141340510480,28199928285881,0.6786336171903355,0.3973343923969228
8924,-6.6.-14.20,5779,9248,9286552677344,7051507315309,0.678321527925076,0.39721146569497556
8925,10.18.-14.18,23121,36992,37151080908272,28212130236591,0.6780095061575495,0.3970885816914908
8926,10.27.4.-18,11563,18496,18577975553584,14109115605973,0.677697551858566,0.3969657403637801
8927,10.31.-4.-6,23131,36992,37160821306064,28224332187301,0.6773856649989538,0.3968429416891713
8928,10.4.14.-24,723,1156,1161427859530,882201036333,0.6770738455495611,0.3967201856450085
8929,12.12.12.-24,23141,36992,37170561703856,28236534138011,0.6767620934812544,0.39659747220865216
8930,12.24.-12.12,11573,18496,18587715951376,14121317556683,0.6764504087649191,0.39647480135747926
8931,14.37.4.-22,23151,36992,37180302101648,28248736088721,0.6761387913714599,0.39635217306888265
8932,14.41.-4.-10,5789,9248,9296293075136,7063709266019,0.6758272412717999,0.39622958732027225
8933,2.14.-6.4,23161,36992,37190042499440,28260938039431,0.6755157584368812,0.39610704408907327
8934,2.8.6.-14,11583,18496,18597456349168,14133519507393,0.6752043428376647,0.395984543352728
8935,6.-6.14.-20,1363,2176,37199782897232,28273139990141,0.67489299444513,0.3958620850886949
8936,6.17.4.-14,2897,4624,4650581637016,3534905120687,0.6745817132302755,0.39573966927444815
8937,6.18.6.-18,23181,36992,37209523295024,28285341940851,0.6742704991641186,0.39561729588747846
8938,6.21.-4.-2,11593,18496,18607196746960,14145721458103,0.6739593522176952,0.39549496490529296
8939,6.24.-6.0,23191,36992,37219263692816,28297543891561,0.6736482723620602,0.3953726763054148
8940,6.8.-14.22,5799,9248,9306033472928,7075911216729,0.6733372595682868,0.395250430065383
8941,-2.-11.16.-23,23199,36992,178119872864,135441652881,0.6731506840696903,0.3951770025637262
8942,-2.5.-16.25,11601,18496,6204995494240,4718494339557,0.6729641326967155,0.3951035903143921
8943,2.-5.16.-25,1365,2176,37232892502304,28314626622555,0.6727776054431246,0.3950301933125337
8944,2.11.-16.23,2901,4624,4654476504896,3539785900971,0.6725911023026814,0.39495681155330636
8945,-11.-15.-7.17,46433,73984,74488143328960,56657317731743,0.6720628076313513,0.3947484991358013
8946,-11.-22.7.-4,23225,36992,37252331289792,28339030523975,0.6715347063433013,0.3945403091469149
8947,11.15.7.-17,46467,73984,74521181830208,56698804364157,0.6710067982970068,0.3943322414765827
8948,11.22.-7.4,11621,18496,18634425270208,14179886920091,0.6704790833510983,0.3941242960148751
8949,-4.-10.0.4,11631,18496,18644090428864,14192088870801,0.6692381620283421,0.3936314665360868
8950,4.10.0.-4,11641,18496,18653755587520,14204290821511,0.6679983071558057,0.39313931579469014
8951,-6.-10.6.-7,182,289,291568794161,222075502922,0.6671310423019826,0.3927860616509234
8952,-6.-4.-6.11,11655,18496,168171622208,128120482455,0.6662642984844502,0.3924331454743265
8953,6.10.-6.7,343,544,9336848651936,7114957459001,0.6653980750775271,0.3920805667695742
8954,6.4.6.-11,11669,18496,18680344542656,14238456283499,0.664532371456658,0.39172832504232863
8955,-4.-12.4.-2,23345,36992,5338183820768,4069350561785,0.6640997143711275,0.3915504162321188
8956,-4.-8.-4.10,2919,4624,1557245183560,1187249804083,0.6636671869984112,0.3913725921597114
8957,4.12.-4.2,23359,36992,37380482065504,28502536663489,0.6632347892607553,0.39119485276323
8958,4.8.4.-10,11683,18496,18693539862784,14255539014493,0.662802521080476,0.39101719798086
8959,-10.-25.0.10,5845,9248,9350062692896,7132040189995,0.6619383730816603,0.39066120565067786
8960,-14.-35.0.14,11697,18496,18706710908800,14272621745487,0.6610747423818869,0.3903055516965793
8961,10.25.0.-10,1463,2312,212651095816,162285944443,0.660211628362192,0.3899502356255546
8962,14.35.0.-14,11711,18496,2674268850688,2041386353783,0.6593490304047221,0.38959525694557123
8963,-10.-22.-6.19,23427,36992,37444466082416,28585509928317,0.6590410846542544,0.3894684922359318
8964,-10.-28.6.1,2929,4624,4681146031900,3573951362959,0.658733204621312,0.389341770493031
8965,-14.-30.-10.29,23437,36992,37453870427984,28597711879027,0.6584253902778522,0.3892150916945384
8966,-14.-32.-6.23,11721,18496,18729286300384,14301906427191,0.6581176415958496,0.38908845581813956
8967,-14.-38.6.5,23447,36992,37463274773552,28609913829737,0.6578099585472972,0.38896186284153633
8968,-14.-40.10.-1,5863,9248,9366994236584,7154003701273,0.6575023411042056,0.3888353127424455
8969,-6.-12.-6.15,23457,36992,5353239874160,4088873682921,0.6571947892386035,0.38870880549860026
8970,-6.-18.6.-3,11731,18496,18738690645952,14314108377901,0.6568873029225377,0.3885823410877488
8971,10.22.6.-19,23467,36992,37482083464688,28634317731157,0.6565798821280721,0.38845591948765584
8972,10.28.-6.-1,1467,2312,2342924102342,1790026169157,0.656272526827289,0.3883295406761015
8973,14.30.10.-29,1381,2176,37491487810256,28646519681867,0.6559652369922886,0.3882032046308815
8974,14.32.6.-23,11741,18496,18748094991520,14326310328611,0.6556580125951887,0.38807691132980693
8975,14.38.-6.-5,23487,36992,37500892155824,28658721632577,0.6553508536081252,0.38795066075070544
8976,14.40.-10.1,5873,9248,1339485511736,1023743664569,0.6550437600032514,0.38782445287141976
8977,6.12.6.-15,23497,36992,37510296501392,28670923583287,0.6547367317527387,0.38769828766980774
8978,6.18.-6.3,11751,18496,18757499337088,14338512279321,0.6544297688287763,0.38757216512374404
8979,-4.-10.4.-3,23515,36992,37527168100976,28692887094565,0.6536319707553349,0.38724228455863713
8980,-4.-6.-4.9,173,272,4692417190972,3588593703811,0.6528346136136148,0.3869126932121029
8981,4.10.-4.3,23541,36992,37551506954576,28724612166411,0.6520376969164917,0.3865833906953654
8982,4.6.4.-9,11777,18496,18781838190688,14370237351167,0.6512412201776484,0.3862543766203592
8983,-12.-17.-6.16,47121,73984,25046423347840,19165603980197,0.6508431466408275,0.38608513636107983
8984,-12.-23.6.-2,23567,36992,37575593662144,28756337238257,0.650445182911572,0.3859159696186995
8985,-13.-19.-5.15,47147,73984,75163104605056,57528537012437,0.6500473289293188,0.38574687634416344
8986,-13.-24.5.0,5895,9248,1044097526192,799227771505,0.6496495846335539,0.38557785648846166
8987,-14.-21.-4.14,47173,73984,75186939166592,57560262084283,0.649251949963814,0.3854089100026288
8988,-14.-25.4.2,23593,36992,37599428223680,28788062310103,0.6488544248596856,0.38524003683774344
8989,-15.-23.-3.13,47199,73984,25070257909376,19197329052043,0.6484570092608056,0.3850712369449292
8990,-15.-26.3.4,11803,18496,18805672752224,14401962423013,0.6480597031068597,0.3849025102753542
8991,-16.-25.-2.12,47225,73984,75234608289664,57623712227975,0.6476625063375844,0.3847338567802302
8992,-16.-27.2.6,23619,36992,12541087595072,9606595793983,0.6472654188927656,0.384565276410814
8993,12.17.6.-16,47251,73984,75258442851200,57655437299821,0.646868440712239,0.38439676911840626
8994,12.23.-6.2,1477,2312,2352198754124,1802228119867,0.6464715717358896,0.3842283348543521
8995,13.19.5.-15,2781,4352,2788232496768,2136561569321,0.6460748119036525,0.38405997357004057
8996,13.24.-5.0,23645,36992,37647097346752,28851512453795,0.6456781611555119,0.38389168521690475
8997,14.21.4.-14,47303,73984,75306111974272,57718887443513,0.6452816194315022,0.38372346974642224
8998,14.25.-4.-2,11829,18496,6276502437920,4811229164953,0.6448851866717061,0.38355532711011425
8999,15.23.3.-13,47329,73984,75329946535808,57750612515359,0.6444888628162567,0.3833872572595459
9000,15.26.-3.-4,23671,36992,37670931908288,28883237525641,0.6440926478053361,0.38321926014632623
9001,16.25.2.-12,47355,73984,25117927032448,19260779195735,0.6436965415791753,0.3830513357221086
9002,16.27.-2.-6,5921,9248,9420712297264,7224775015391,0.6433005440780549,0.3828834839385896
9003,-12.-21.-6.18,47377,73984,75373881583488,57809181878767,0.6430264556215229,0.3827660347645757
9004,-12.-27.6.0,23693,36992,37691032394432,28910081817203,0.6427524192274233,0.38264862064787486
9005,-14.-23.-8.22,47395,73984,15078049598848,11566229078009,0.6424784348759809,0.3825312415724038
9006,-14.-31.8.-2,11851,18496,2692801114272,2065790255203,0.6422045025474331,0.3824138975220904
9007,-6.-21.-12.30,2789,4352,75406614404992,57853108901323,0.6419306222220272,0.382296588480872
9008,-6.-33.12.-6,23711,36992,37707398805184,28932045328481,0.6416567938800233,0.38217931443269626
9009,12.21.6.-18,47431,73984,75422980815744,57875072412601,0.6413830175016911,0.38206207536152026
9010,12.27.-6.0,2965,4624,942889550264,723575677103,0.6411092930673127,0.38194487125131177
9011,14.23.8.-22,47449,73984,75439347226496,57897035923879,0.6408356205571814,0.3818277020860483
9012,14.31.-8.2,23729,36992,37723765215936,28954008839759,0.6405619999516006,0.38171056784971746
9013,6.21.12.-30,47467,73984,10779387662464,8274142776451,0.6402884312308863,0.3815934685263171
9014,6.33.-12.6,11869,18496,18865974210656,14482495297699,0.6400149143753646,0.3814764040998543
9015,-2.-2.2.-3,47501,73984,75486573467840,57960486067571,0.6392554173001737,0.3811503664888444
9016,-2.0.-2.3,23763,36992,37754625046528,28995495472173,0.6384963198467272,0.3808245983052764
9017,-4.-2.-4.7,47551,73984,75531926718272,58021495821121,0.6377376215947111,0.3804990992070236
9018,-4.-6.4.-5,5947,9248,9444325417936,7256500087237,0.636979322124475,0.3801738688525519
9019,2.0.2.-3,47601,73984,75577279968704,58082505574671,0.6362214210170286,0.37984890690091755
9020,2.2.-2.3,23813,36992,37799978296960,29056505225723,0.6354639178540425,0.37952421301176736
9021,4.2.4.-7,2803,4352,75622633219136,58143515328221,0.6347068122178456,0.37919978684533584
9022,4.6.-4.5,11919,18496,18911327461088,14543505051249,0.6339501036914239,0.3788756280624452
9023,-10.-19.12.-14,165,256,15130677602752,11637000392127,0.6336777857541842,0.3787573674319829
9024,-10.-7.-12.22,23847,36992,37830733091584,29097991858137,0.6334055192090005,0.3786391417444176
9025,-14.-39.-8.30,47703,73984,75669544352576,58206965471913,0.6331333040364789,0.37852095098386807
9026,-14.-47.8.6,1491,2312,337846529116,259901550123,0.6328611402172364,0.37840279513446246
9027,-16.-42.-4.24,47721,73984,75685700691392,58228928983191,0.6325890277319014,0.3782846741803388
9028,-16.-46.4.12,23865,36992,7569377886080,5823991073883,0.6323169665611126,0.3781665881056453
9029,-2.-11.4.-2,47739,73984,75701857030208,58250892494469,0.6320449566855201,0.37804853689453943
9030,-2.-7.-4.10,11937,18496,18927483799904,14565468562527,0.6317729980857851,0.3779305205311891
9031,-4.-12.-4.12,47757,73984,75718013369024,58272856005747,0.6315010907425792,0.37781253899977163
9032,-4.-13.-6.16,23883,36992,37863045769216,29141918880693,0.6312292346365856,0.3776945922844744
9033,-4.-16.4.0,47775,73984,309119060032,237938038845,0.6309574297484976,0.3775766803694941
9034,-4.-19.6.-2,5973,9248,9467780984656,7288225159083,0.6306856760590202,0.37745880323903785
9035,-8.-13.14.-20,47793,73984,75750326046656,58316783028303,0.6304139735488684,0.37734096087732216
9036,-8.-22.-4.16,23901,36992,37879202108032,29163882391971,0.6301423221987692,0.3772231532685734
9037,-8.-26.4.4,47811,73984,75766482385472,58338746539581,0.62987072198946,0.37710538039702746
9038,-8.1.-14.22,11955,18496,3788728027744,2917486414761,0.6295991729016884,0.37698764224693077
9039,0.-3.-6.12,47829,73984,75782638724288,58360710050859,0.6293276749162142,0.3768699388025385
9040,0.-9.6.-6,1407,2176,5413622635264,4169406557607,0.6290562280138067,0.3767522700481163
9041,0.3.6.-12,47847,73984,75798795063104,58382673562137,0.6287848321752469,0.37663463596793906
9042,0.9.-6.6,2991,4624,4737929577032,3649603457361,0.6285134873813267,0.376517036546292
9043,10.19.-12.14,47865,73984,15162990280384,11680927414683,0.6282421936128482,0.3763994717674694
9044,10.7.12.-22,23937,36992,37911514785664,29207809414527,0.627970950850625,0.37628194161577533
9045,14.39.8.-30,47883,73984,75831107740736,58426600584693,0.6276997590754809,0.3761644460755245
9046,14.47.-8.-6,11973,18496,18959796477536,14609395585083,0.6274286182682512,0.3760469851310399
9047,16.42.4.-24,47901,73984,10835323439936,8349794870853,0.6271575284097811,0.3759295587666552
9048,16.46.-4.-12,23955,36992,7585534224896,5845954585161,0.6268864894809276,0.37581216696671327
9049,2.11.-4.2,47919,73984,75863420418368,58470527607249,0.626615501462558,0.37569480971556707
9050,2.7.4.-10,5991,9248,9483937323472,7310188670361,0.62634456433555,0.375577486997579
9051,4.12.4.-12,47937,73984,75879576757184,58492491118527,0.626073678080793,0.375460198797121
9052,4.13.6.-16,23973,36992,37943827463296,29251736437083,0.6258028426791861,0.37534294509857474
9053,4.16.-4.0,47955,73984,15179146619200,11702890925961,0.6255320581116399,0.3752257258863315
9054,4.19.-6.2,11991,18496,2710850402336,2090194156623,0.6252613243590758,0.37510854114479236
9055,8.-1.14.-22,47973,73984,75911889434816,58536418141083,0.6249906414024251,0.37499139085836813
9056,8.13.-14.20,23991,36992,37959983802112,29273699948361,0.624720009222631,0.3748742750114787
9057,8.22.4.-16,2823,4352,75928045773632,58558381652361,0.6244494278006464,0.3747571935885541
9058,8.26.-4.-4,375,578,118650193661,91514630325,0.6241788971174357,0.3746401465740338
9059,-11.-18.-5.15,353,544,558406591272,430728860063,0.6239384679791591,0.3745359793047336
9060,-11.-23.5.0,3001,4624,4746904305184,3661805408071,0.6236980789023905,0.374431839228287
9061,-3.-5.9.-14,6003,9248,9494705169112,7324831011213,0.6234577298737816,0.3743277263337763
9062,-3.4.-9.13,1501,2312,2373900431964,1831512801571,0.6232174208799903,0.3742236406102897
9063,-7.-14.-1.7,6005,9248,1899299657320,1465454280271,0.6229771519076823,0.3741195820469214
9064,-7.-15.1.4,3003,4624,678385346096,523463685459,0.6227369229435292,0.37401555063277103
9065,-9.-16.-3.11,6007,9248,9498291404088,7329711791497,0.6224967339742089,0.3739115463569452
9066,-9.-19.3.2,751,1156,1187398495354,916366498321,0.622256584986407,0.37380756920855546
9067,11.18.5.-15,6009,9248,9500084521576,7332152181639,0.622016475966815,0.37370361917671996
9068,11.23.-5.0,3005,4624,950098108032,733337237671,0.6217764069021311,0.3735996962505626
9069,3.-4.9.-13,6011,9248,9501877639064,7334592571781,0.6215363777790602,0.37349580041921343
9070,3.5.-9.14,1503,2312,2375693549452,1833953191713,0.6212963885843142,0.37339193167180806
9071,7.14.1.-7,6013,9248,1357667250936,1048147565989,0.6210564393046113,0.37328808999748814
9072,7.15.-1.-4,3007,4624,4752283657648,3669126578497,0.6208165299266758,0.37318427538540166
9073,9.16.3.-11,6015,9248,1901092774808,1467894670413,0.62057666043724,0.3730804878247024
9074,9.19.-3.-2,188,289,594147527049,458793346696,0.6203368308230415,0.3729767273045496
9075,-8.-20.0.8,24081,36992,12680201365184,9794505834917,0.6193179995128575,0.3725330453399928
9076,8.20.0.-8,12049,18496,19027883229984,14702130410479,0.6182998871936742,0.3720898531669588
9077,-3.-5.-3.7,24113,36992,38069069698224,29422563747023,0.6174021490711868,0.37169635300473913
9078,-3.-8.3.-2,377,578,1190074154265,920027083534,0.6165049692320146,0.37130323495063405
9079,3.5.3.-7,24143,36992,38095676174736,29459169599153,0.6156083469822211,0.37091049843377083
9080,3.8.-3.2,12079,18496,19054489706496,14738736262609,0.6147122816291634,0.3705181428844419
9081,-20.-50.0.20,12083,18496,19058031804000,14743617042893,0.6142346075776547,0.37030863091277216
9082,-24.-60.0.24,711,1088,6353857967168,4916165941059,0.6137570916309242,0.3700992272103051
9083,-28.-70.0.28,12091,18496,19065115999008,14753378603461,0.6132797336843442,0.3698899316909332
9084,20.50.0.-20,12095,18496,19068658096512,14758259383745,0.6128025336333914,0.369680744268642
9085,24.60.0.-24,12099,18496,6357400064672,4921046721343,0.6123254913736466,0.36947166485751115
9086,28.70.0.-28,12103,18496,19075742291520,14768020944313,0.6118486068007929,0.36926269337171264
9087,-7.-13.9.-11,24215,36992,38159375663136,29547023644265,0.6113123000116921,0.36902475622818026
9088,-7.-4.-9.16,757,1156,1192727085726,923687668747,0.6107761925149472,0.36878695668271944
9089,7.13.-9.11,24233,36992,38175157823328,29568987155543,0.6102402841624985,0.36854929461277824
9090,7.4.9.-16,713,1088,19091524451712,14789984455591,0.6097045748064515,0.36831176989595477
9091,-3.-1.-3.5,379,578,1193602284601,924907863818,0.608871644329587,0.3679406405662992
9092,-3.-4.3.-4,12135,18496,3820749731104,2961413437317,0.6080391944621826,0.3675698440726286
9093,3.1.3.-5,6071,9248,9554930378712,7407804276041,0.6072072246499246,0.3671993799551726
9094,3.4.-3.4,12149,18496,19115972859328,14824149917579,0.6063757343394581,0.36682924775502823
9095,-2.-13.16.-22,48609,73984,76475237830784,59312462206239,0.6059898481063762,0.36665742558393466
9096,-2.3.-16.26,24311,36992,38243292112128,29664162371081,0.605604065060983,0.36648567484286587
9097,2.-3.16.-26,48635,73984,76497930617728,59344187278085,0.6052183851481077,0.36631399548607235
9098,2.13.-16.22,6081,9248,9563659626400,7420006226751,0.6048328083126236,0.3661423874678448
9099,-3.-12.7.-7,3041,4624,4782265980108,3710613210911,0.604595581469881,0.3660367477294572
9100,-3.-13.9.-10,6083,9248,9565404294032,7422446616893,0.6043583936286746,0.3659311349917417
9101,-3.-14.11.-13,1521,2312,2391569156962,1855916702991,0.6041212447761822,0.3658255492440653
9102,-3.-3.-11.20,6085,9248,9567148961664,7424887007035,0.603884134899588,0.3657199904758002
9103,-3.-4.-9.17,179,272,4784010647740,3713053601053,0.603647063986083,0.3656144586763248
9104,-3.-5.-7.14,6087,9248,9568893629296,7427327397177,0.6034100320228638,0.3655089538350224
9105,-5.-17.11.-12,761,1156,1196220745389,928568449031,0.6031730389971333,0.3654034759412834
9106,-5.-18.13.-15,6089,9248,9570638296928,7429767787319,0.6029360848961015,0.36529802498450237
9107,-5.-5.-13.24,3045,4624,4785755315372,3715493991195,0.6026991697069841,0.3651926009540807
9108,-5.-6.-11.21,6091,9248,9572382964560,7432208177461,0.6024622934170029,0.3650872038394251
9109,3.12.-7.7,1523,2312,2393313824594,1858357093133,0.6022254560133865,0.3649818336299478
9110,3.13.-9.10,6093,9248,9574127632192,7434648567603,0.6019886574833697,0.36487649031506664
9111,3.14.-11.13,3047,4624,4787499983004,3717934381337,0.6017518978141934,0.36477117388420577
9112,3.3.11.-20,6095,9248,9575872299824,7437088957745,0.6015151769931043,0.36466588432679475
9113,3.4.9.-17,381,578,1197093079205,929788644102,0.6012784950073568,0.3645606216322682
9114,3.5.7.-14,6097,9248,9577616967456,7439529347887,0.6010418518442102,0.36445538579006725
9115,5.17.-11.12,3049,4624,4789244650636,3720374771479,0.6008052474909303,0.36435017678963844
9116,5.18.-13.15,6099,9248,9579361635088,7441969738029,0.6005686819347902,0.36424499462043375
9117,5.5.13.-24,1525,2312,2395058492226,1860797483275,0.6003321551630679,0.3641398392719108
9118,5.6.11.-21,6101,9248,9581106302720,7444410128171,0.6000956671630482,0.36403471073353366
9119,-6.-24.18.-21,48817,73984,76656697574912,59566262781007,0.5998296644915034,0.3639164006810141
9120,-6.-26.22.-27,24413,36992,38332272364032,29788622268323,0.5995637108562244,0.3637981245466127
9121,-6.-4.-22.39,48835,73984,76672391881216,59588226292285,0.5992978062391356,0.36367988231534837
9122,-6.-6.-18.33,12211,18496,19170059758592,14899802011981,0.599031950622171,0.36356167397224876
9123,6.24.-18.21,48853,73984,76688086187520,59610189803563,0.5987661439872748,0.36344349950235133
9124,6.26.-22.27,24431,36992,38347966670336,29810585779601,0.5985003863164009,0.3633253588907016
9125,6.4.22.-39,48871,73984,76703780493824,59632153314841,0.5982346775915135,0.3632072521223549
9126,6.6.18.-33,3055,4624,4794476727936,3727695941905,0.597969017794587,0.363089179182375
9127,-3.-5.5.-7,2877,4352,25578921898176,19892840242513,0.5971133355110523,0.3627061839837371
9128,-3.0.-5.8,24469,36992,38380951871040,29856953192299,0.5962581604436343,0.36232354117993065
9129,-5.-11.3.-1,48967,73984,76787041789632,59749292041657,0.595403491991372,0.36194125027138
9130,-5.-2.-7.12,12249,18496,2133671662144,1660685491631,0.5945493295543717,0.3615593107594777
9131,-5.-8.-3.8,49025,73984,76837317884736,59820063355775,0.5936956725338052,0.36117772214658184
9132,-5.-9.7.-9,24527,36992,38431227966144,29927724506417,0.592842520331906,0.3607964839360127
9133,3.0.5.-8,49083,73984,25629197993280,19963611556631,0.5919898723519676,0.3604155956320524
9134,3.5.-5.7,6139,9248,9614091503424,7490777540869,0.5911377279983416,0.36003505673994085
9135,5.11.-3.1,49141,73984,76937870074944,59961605984011,0.5902860866764336,0.35965486676587355
9136,5.2.7.-12,24585,36992,12827168020416,9999498606845,0.5894349477927016,0.3592750252169999
9137,5.8.3.-8,49199,73984,76988146170048,60032377298129,0.5885843107546537,0.35889553160142135
9138,5.9.-7.9,12307,18496,19253321054400,15016940738797,0.5877341749708459,0.35851638542818665
9139,-12.-26.-8.24,49237,73984,77021026334784,60078744710827,0.5874704415548266,0.3583976783252883
9140,-12.-28.-4.18,24623,36992,38514384225984,30044863233233,0.5872067563420663,0.35827900484840447
9141,-12.-32.4.6,49255,73984,77036510569152,60100708222105,0.586943119314947,0.3581603649828484
9142,-12.-34.8.0,3079,4624,4815265792896,3756980623609,0.5866795304558617,0.35804175871394145
9143,-16.-38.-4.22,49273,73984,77051994803520,60122671733383,0.5864159897472119,0.35792318602701434
9144,-16.-42.4.10,24641,36992,38529868460352,30066826744511,0.5861524971714096,0.35780464690740615
9145,-8.-16.-8.20,49291,73984,77067479037888,60144635244661,0.5858890527108763,0.3576861413404647
9146,-8.-24.8.-4,725,1088,19268805288768,15038904250075,0.5856256563480425,0.35756766931154704
9147,12.26.8.-24,49309,73984,77082963272256,60166598755939,0.5853623080653494,0.3574492308060182
9148,12.28.4.-18,24659,36992,38545352694720,30088790255789,0.5850990078452464,0.3573308258092526
9149,12.32.-4.-6,49327,73984,77098447506624,60188562267217,0.5848357556701937,0.3572124543066329
9150,12.34.-8.0,6167,9248,9638273702976,7524943002857,0.5845725515226611,0.35709411628355114
9151,16.38.4.-22,49345,73984,77113931740992,60210525778495,0.5843093953851269,0.3569758117254073
9152,16.42.-4.-10,24677,36992,38560836929088,30110753767067,0.5840462872400802,0.3568575406176103
9153,8.16.8.-20,49363,73984,77129415975360,60232489289773,0.5837832270700187,0.35673930294557826
9154,8.24.-8.4,12343,18496,19284289523136,15060867761353,0.5835202148574504,0.3566210986947373
9155,-12.-27.-2.14,24691,36992,38572863584352,30127836498061,0.5832280352908872,0.3564891775220043
9156,-12.-29.2.8,3087,4624,1607381171768,1255580728059,0.5829359148855542,0.3563572977105514
9157,-16.-37.-2.18,1453,2176,38581432660512,30140038448771,0.5826438536174982,0.35622545924037863
9158,-16.-39.2.12,12353,18496,19292858599296,15073069712063,0.5823518514627803,0.3560936620914996
9159,-8.-17.-2.10,24711,36992,12863333912224,10050746799827,0.5820599083974765,0.355961906243941
9160,-8.-19.2.4,6179,9248,9648571568688,7539585343709,0.5817680243976767,0.3558301916777428
9161,12.27.2.-14,24721,36992,38598570812832,30164442350191,0.5814761994394859,0.3556985183729581
9162,12.29.-2.-8,12363,18496,6433809225152,5028423887591,0.5811844334990234,0.3555668863096534
9163,16.37.2.-18,24731,36992,38607139888992,30176644300901,0.5808927265524224,0.35543529546790786
9164,16.39.-2.-12,773,1156,1206607013346,943210789883,0.5806010785758314,0.3553037458278143
9165,8.17.2.-10,24741,36992,12871902988384,10062948750537,0.5803094895454133,0.35517223736947867
9166,8.19.-2.-4,12373,18496,19309996751616,15097473613483,0.5800179594373448,0.3550407700730195
9167,-6.-14.6.-5,12379,18496,19314971491200,15104794783909,0.5793185274387281,0.35471296464103824
9168,-6.-8.-6.13,12385,18496,19319946230784,15112115954335,0.5786194343669534,0.35438540243255473
9169,6.14.-6.5,12391,18496,19324920970368,15119437124761,0.577920679893709,0.35405808316853665
9170,6.8.6.-13,12397,18496,19329895709952,15126758295187,0.5772222636911604,0.35373100657039147
9171,-2.-2.6.-10,49601,73984,77330336545280,60522895716671,0.5768440960387203,0.3535534768186023
9172,-2.4.-6.8,24807,36992,38670545125376,30269379126297,0.576466027487818,0.35337601826919796
9173,-4.-6.8.-12,49627,73984,77351843956224,60554620788517,0.5760880579865264,0.35319863087800957
9174,-4.2.-8.12,365,544,9670324707712,7571310415555,0.57571018748296,0.35302131460090524
9175,-6.-12.-2.8,49653,73984,77373351367168,60586345860363,0.5753324159252726,0.352844069393791
9176,-6.-14.2.2,24833,36992,38692052536320,30301104198143,0.5749547432616601,0.35266689521261063
9177,-8.-14.-4.12,49679,73984,77394858778112,60618070932209,0.5745771694403583,0.3524897920133446
9178,-8.-18.4.0,12423,18496,19351403120896,15158483367033,0.5741996944096442,0.35231275975201143
9179,2.-4.6.-8,49705,73984,77416366189056,60649796004055,0.5738223181178347,0.3521357983846666
9180,2.2.-6.10,24859,36992,38713559947264,30332829269989,0.5734450405132876,0.3519589078674033
9181,4.-2.8.-12,49731,73984,77437873600000,60681521075901,0.5730678615444013,0.3517820881563519
9182,4.6.-8.12,3109,4624,4840539206592,3793586475739,0.5726907811596148,0.35160533920767956
9183,6.12.2.-8,49757,73984,77459381010944,60713246147747,0.5723137993074068,0.3514286609775912
9184,6.14.-2.-2,24885,36992,38735067358208,30364554341835,0.571936915936297,0.3512520534223288
9185,8.14.4.-12,49783,73984,77480888421888,60744971219593,0.5715601309948455,0.35107551649817104
9186,8.18.-4.0,12449,18496,19372910531840,15190208438879,0.5711834444316525,0.35089905016143397
9187,0.-24.16.-16,3113,4624,4843846537484,3798467256023,0.5708358210314992,0.3507357735460919
9188,0.-8.-16.32,12455,18496,19377861768032,15197529609305,0.57048828137248,0.3505725571191615
9189,0.24.-16.16,6229,9248,9690168693064,7600595097259,0.5701408254142583,0.35040940084632455
9190,0.8.16.-32,733,1088,19382813004224,15204850779731,0.5697934531165275,0.35024630469328893
9191,-5.-3.-5.9,49869,73984,77551788094592,60849907995699,0.5690700293547721,0.34990496394464976
9192,-5.-8.5.-6,24947,36992,38786162086144,30440206436237,0.5683469681642065,0.3495638846032169
9193,-7.-12.7.-8,49919,73984,77592860249984,60910917749249,0.5676242691815799,0.3492230663592965
9194,-7.-5.-7.13,6243,9248,9701674540960,7617677828253,0.5669019320441879,0.3488825089036973
9195,5.3.5.-9,49969,73984,77633932405376,60971927502799,0.56617995638987,0.34854221192772966
9196,5.8.-5.6,24997,36992,38827234241536,30501216189787,0.5654583418570092,0.34820217512320567
9197,7.12.-7.8,50019,73984,77675004560768,61032937256349,0.5647370880845309,0.34786239818243725
9198,7.5.7.-13,12511,18496,19423885159616,15265860533281,0.5640161947119021,0.347522880798235
9199,-10.-13.-8.18,2945,4352,15542551684352,12217813245923,0.5634109225325162,0.34723728280392285
9200,-10.-21.8.-6,25043,36992,38864988102528,30557345163053,0.5628059041841685,0.3469518678225316
9201,10.13.8.-18,50107,73984,77747193988352,61140314422597,0.5622011394540514,0.34666663567262385
9202,10.21.-8.6,3133,4624,4860275735728,3822871157443,0.561596628129625,0.34638158617300907
9203,-16.-32.-16.40,12535,18496,19443542884912,15295145214985,0.5612513067793773,0.3462173178915569
9204,-16.-48.16.-8,6269,9248,9722991413456,7649402900099,0.5609060680649576,0.346053109527271
9205,16.32.16.-40,12541,18496,19448422768912,15302466385411,0.5605609119468261,0.3458889610463125
9206,16.48.-16.8,196,289,151959864929,119579116958,0.5602158383854707,0.34572487241486793
9207,0.0.0.0,1575,2312,97480049188,76872289473,0.5537895692260376,0.3426433424190851
9208,0.-20.0.10,12615,18496,19508092594832,15392760820665,0.5520730966370161,0.34182071090879024
9209,0.20.0.-10,6315,9248,9760087676032,7705531873365,0.5503586638257643,0.3409995657279046
9210,-1.-1.3.-5,12637,18496,19525765447232,15419605112227,0.549559291874635,0.3406132867880834
9211,-1.2.-3.4,3161,4624,4882838885600,3857036619431,0.5487603625961804,0.34022733227211505
9212,-7.-10.-5.12,12651,18496,19536945637568,15436687843221,0.5479618755003892,0.3398417017576661
9213,-7.-15.5.-3,6329,9248,9771267866368,7722614604359,0.5471638300980631,0.33945639482315954
9214,1.-2.3.-4,745,1088,19548125827904,15453770574215,0.5463662259008156,0.3390714110477707
9215,1.1.-3.5,198,289,152763405649,120799312029,0.5455690624210693,0.3386867500114271
9216,7.10.5.-12,12679,18496,19559306018240,15470853305209,0.5447723391720549,0.33830241129480637
9217,7.15.-5.3,6343,9248,9782448056704,7739697335353,0.5439760556678087,0.33791839447933364
9218,-1.-11.15.-21,25385,36992,39140098038656,30974651877335,0.543237042883694,0.3375593015767824
9219,-1.4.-15.24,747,1088,6525067308416,5165085735543,0.5424984084611024,0.33720048701384187
9220,1.-4.15.-24,25411,36992,39160709662336,31006376949181,0.541760152012803,0.33684195045593324
9221,1.11.-15.21,1589,2312,2448188467136,1938889967819,0.5410222731521598,0.3364836915690305
9222,-7.-14.7.-7,6361,9248,9796711152972,7761660846631,0.5398878113174272,0.3359321098375631
9223,-7.-7.-7.14,3183,4624,4900334218700,3883880910993,0.538754240864758,0.3353811840870523
9224,7.14.-7.7,6371,9248,9804625721828,7773862797341,0.5376215603944776,0.33483091310788493
9225,7.7.7.-14,797,1156,1226072875782,972495471587,0.5364897685102071,0.33428129569351234
9226,0.-2.0.1,1599,2312,818695657700,650363972843,0.5319714590203468,0.33207990241609203
9227,0.2.0.-1,401,578,615007048659,489298223471,0.5274672560457586,0.3298889007352821
9228,0.-22.0.11,25689,36992,13126712151552,10448530392973,0.5260625716506288,0.32920557096950565
9229,0.22.0.-11,12857,18496,19699910897568,15688048027847,0.5246592536004758,0.32852324704808106
9230,-8.-16.8.-8,25733,36992,39414687284784,31399279762043,0.5235936440596626,0.3280018613741736
9231,-8.-8.-8.16,3219,4624,1642898032268,1309269311183,0.5225288210230007,0.32748105698576246
9232,8.16.-8.8,25771,36992,39444418264080,31445647174741,0.5214647833303416,0.32696083287741057
9233,8.8.8.-16,12895,18496,19729641876864,15734415440545,0.5204015298241023,0.32644118804607103
9234,-12.-30.0.12,759,1088,6578611408544,5248059000371,0.5195067658348731,0.3259991575249068
9235,-16.-40.0.16,12911,18496,19742026574400,15753938561681,0.5186125564371347,0.32555753956709305
9236,12.30.0.-12,12919,18496,19748218923168,15763700122249,0.5177189009438206,0.32511633357464725
9237,16.40.0.-16,12927,18496,6584803757312,5257820560939,0.5168257986691401,0.324675538950779
9238,-9.-12.-7.16,51735,73984,79038236494144,63126791998185,0.5160726734313068,0.3242983202564917
9239,-9.-19.7.-5,25881,36992,39529413950272,31579868632551,0.5153199411397877,0.3239213965883641
9240,9.12.7.-16,51789,73984,26359806435648,21064227510673,0.514567601384754,0.3235447675875683
9241,9.19.-7.5,381,544,9887501339168,7903203474867,0.5138156537570174,0.3231684328958779
9242,0.-8.0.4,12981,18496,19795539272368,15839352216651,0.5108117763576315,0.32166203536743765
9243,0.8.0.-4,813,1156,1238504741650,992018592723,0.5078141404256512,0.32016032657286314
9244,-13.-16.-3.10,26021,36992,39635945189344,31750695942491,0.5075368963406099,0.3200211658065981
9245,-13.-19.3.1,13013,18496,19819869322944,15878398458923,0.5072597055235932,0.3198820450933829
9246,-14.-18.-2.9,26031,36992,39643532102432,31762897893201,0.5069825679541355,0.3197429644152815
9247,-14.-20.2.3,6509,9248,9911831389744,7942249717139,0.5067054836117836,0.31960392375436886
9248,13.16.3.-10,26041,36992,39651119015520,31775099843911,0.5064284524760957,0.31946492309273106
9249,13.19.-3.-1,13023,18496,19827456236032,15890600409633,0.5061514745266418,0.31932596241246536
9250,14.18.2.-9,26051,36992,39658705928608,31787301794621,0.5058745497430038,0.31918704169567963
9251,14.20.-2.-3,3257,4624,4957812423144,3974175346247,0.5055976781047755,0.31904816092449323
9252,-16.-24.0.8,6517,9248,9917897739384,7952011277707,0.5049334028842811,0.3187145472491943
9253,16.24.0.-8,815,1156,248004265812,198891796573,0.504269433382239,0.3183811635230403
9254,0.-16.0.8,3265,4624,4963806526344,3983936906815,0.5020584060668858,0.3172520850438741
9255,0.16.0.-8,1635,2312,827921289408,665006313695,0.49985076211523394,0.31612557912913286
9256,0.-6.0.3,26217,36992,13260816932288,10663284725469,0.496710694918018,0.31451774005998706
9257,0.6.0.-3,13137,18496,6637446617024,5343234215909,0.49357744732687153,0.31291509500562964
9258,-5.-12.5.-4,13143,18496,6638926484592,5345674606051,0.4929186824565719,0.3125779537585932
9259,-5.-7.-5.11,13149,18496,6640406352160,5348114996193,0.4922602182548682,0.31224104149577214
9260,-7.-16.7.-6,13155,18496,6641886219728,5350555386335,0.49160205444742733,0.3119043579747812
9261,-7.-9.-7.15,13161,18496,6643366087296,5352995776477,0.49094419076029205,0.31156790295358866
9262,5.12.-5.4,13167,18496,6644845954864,5355436166619,0.4902866269198796,0.31123167619051656
9263,5.7.5.-11,13173,18496,6646325822432,5357876556761,0.4896293626529812,0.3108956774442392
9264,7.16.-7.6,13179,18496,289035030000,233057258561,0.48897239768676104,0.31055990647378295
9265,7.9.7.-15,13185,18496,6649285557568,5362757337045,0.4883157317487562,0.31022436303852574
9266,0.-4.0.2,26433,36992,1479338906752,1194570974509,0.48487313073351523,0.30846002923776006
9267,0.4.0.-2,207,289,104136946925,84193459899,0.4814387250013536,0.3067019406832345
9268,-2.-3.4.-6,53021,73984,79998409848768,64695962859491,0.4806494226095835,0.30629563507483404
9269,-2.1.-4.6,26525,36992,40009822229568,32365674258275,0.4798605518111893,0.3058896594114354
9270,-8.-11.-6.14,53079,73984,26680293023168,21588911391203,0.47907211213443585,0.3054840132752437
9271,-8.-17.6.-4,781,1088,1177384024704,952972350451,0.47828410310836017,0.3050786962491944
9272,2.-1.4.-6,53137,73984,80083348290240,64837505487727,0.4774965242627708,0.3046737079169523
9273,2.3.-4.6,26583,36992,13350763816768,10812148524131,0.4767093751282463,0.3042690478629073
9274,8.11.6.-14,53195,73984,80125817510976,64908276801845,0.47592265523613275,0.30386471567217593
9275,8.17.-6.4,6653,9248,10018381515168,8117957807363,0.4751363641185423,0.3034607109305975
9276,-4.-7.-2.6,26627,36992,40084388819232,32490134155517,0.4743234102243688,0.3030387763892675
9277,-4.-9.2.0,13321,18496,20047625788896,16254218540791,0.47351091416905283,0.30261719373598667
9278,4.7.2.-6,26657,36992,40106114336352,32526740007647,0.4726988754371941,0.30219596251275566
9279,4.9.-2.0,1667,2312,2507311068432,2034065183357,0.47188729351426206,0.30177508226239835
9280,-9.-11.-9.19,53357,73984,80243365405888,65105948403347,0.4715357497494546,0.3015927526244724
9281,-9.-20.9.-8,26685,36992,40126388310976,32560905469635,0.4711842916250004,0.30141048878205257
9282,9.11.9.-19,53383,73984,80262187838016,65137673475193,0.4708329190991837,0.30122829069807655
9283,9.20.-9.8,13349,18496,2866842823360,2326912000397,0.4704816321303185,0.3010461583355119
9284,-4.-8.0.3,13355,18496,20072234293888,16295705173205,0.46983332697820657,0.3007094318882374
9285,-6.-12.10.-13,6679,9248,10037200779536,8149682879209,0.46950928361798017,0.3005411526497044
9286,-6.-2.-10.17,13361,18496,20076568824256,16303026343631,0.46918531302470545,0.3003729293624812
9287,4.8.0.-3,13367,18496,20080903354624,16310347514057,0.46853759000833783,0.3000366505258134
9288,6.12.-10.13,6685,9248,1434505044272,1165286292805,0.46821383751996376,0.29986859491834417
9289,6.2.10.-17,13373,18496,20085237884992,16317668684483,0.46789015766797826,0.2997005951461364
9290,-2.-4.6.-9,787,1088,20089559285216,16324989854909,0.46724301574285293,0.29936382007466295
9291,-2.2.-6.9,13385,18496,4018776137088,3266462205067,0.4665961639725386,0.2990272684031678
9292,2.-2.6.-9,13391,18496,20098202085664,16339632195761,0.46594960209696246,0.29869093990028767
9293,2.4.-6.9,13397,18496,20102523485888,16346953366187,0.4653033298564005,0.29835483433499027
9294,-4.-4.0.1,13403,18496,20106831755968,16354274536613,0.4646573469914783,0.2980180093695483
9295,4.4.0.-1,13409,18496,20111140026048,16361595707039,0.4640116532431695,0.29768140728487147
9296,-3.-3.-3.6,26837,36992,40235889242176,32746375120427,0.46298989546019864,0.29714770214834774
9297,-3.-6.3.-3,3357,4624,5031187304032,4096194853347,0.46196886080312866,0.2966145550890976
9298,-5.-10.5.-5,26875,36992,40263107622336,32792742533125,0.46094854824913145,0.29608196519588764
9299,-5.-5.-5.10,791,1088,2876908343744,2343994731391,0.4599289567775475,0.2955499315595385
9300,3.3.3.-6,26913,36992,40290326002496,32839109945823,0.45891008536987987,0.29501845327292087
9301,3.6.-3.3,6733,9248,10075983798144,8215573413043,0.4578919330097878,0.29448752943094947
9302,5.10.-5.5,26951,36992,40317544382656,32885477358521,0.45687449868308083,0.29395715913057546
9303,5.5.5.-10,13485,18496,20165576786368,16454330532435,0.45585778137771304,0.2934273414707827
9304,0.-8.16.-24,6747,9248,10086003155080,8232656144037,0.4548952360017058,0.2929247067516116
9305,0.8.-16.24,13503,18496,6726145277984,5492098014571,0.4539333323939712,0.2924225672344597
9306,0.-10.0.5,13527,18496,6731781169184,5501859575139,0.4513713871420018,0.2910689615870301
9307,0.-12.0.6,797,1088,20210842208352,16532423016979,0.4490269272598676,0.2898312579841538
9308,0.-14.0.7,13569,18496,6741643978784,5518942306133,0.4468989011481114,0.28870863770254246
9309,0.-18.0.9,13585,18496,20236203718752,16576350039535,0.44519873739134164,0.2878122944380969
9310,0.-24.0.12,13595,18496,20243248582752,16588551990245,0.4441371515885564,0.28725286910840553
9311,0.-26.0.13,13603,18496,20248884473952,16598313550813,0.4432884450174878,0.2868057651067224
9312,0.-28.0.14,13609,18496,20253111392352,16605634721239,0.4426522425784454,0.28647069124693286
9313,0.-30.0.15,13613,18496,20255929337952,16610515501523,0.44222826342885413,0.286247429570571
9314,0.10.0.-5,13637,18496,20272837011552,16639800183227,0.43968700178231906,0.2849098866881558
9315,0.12.0.-6,13659,18496,6762778570784,5555548158263,0.43736143776032355,0.2836868499537614
9316,0.14.0.-7,13679,18496,20302425440352,16691048376209,0.4352505367459524,0.2825775158453671
9317,0.18.0.-9,13695,18496,6771232407584,5570190499115,0.4335640369079382,0.28169176920198113
9318,0.24.0.-12,13705,18496,20320742086752,16722773448055,0.43251097478754136,0.28113895222491947
9319,0.26.0.-13,13713,18496,6775459325984,5577511669541,0.43166907817548783,0.2806971268761875
9320,0.28.0.-14,807,1088,6776868298784,5579952059683,0.4310379779725591,0.2803660073311815
9321,0.30.0.-15,13723,18496,20333422841952,16744736959333,0.4306173978250169,0.2801453796416342
9322,-4.-4.-4.8,13733,18496,20340361551512,16756938910043,0.42956648355878535,0.2795866960403761
9323,-4.-8.4.-4,13743,18496,20347300261072,16769140860753,0.4285163342615149,0.2790286095220157
9324,4.4.4.-8,809,1088,20354238970632,16781342811463,0.4274669488203619,0.2784711190881924
9325,4.8.-4.4,13763,18496,20361177680192,16793544762173,0.4264183261249083,0.27791422374285507
9326,-8.-10.-8.17,27537,36992,40729979000992,33600511670127,0.4258419083612235,0.277607867939138
9327,-8.-18.8.-7,6887,9248,10184400660400,8403483453977,0.42526572080886915,0.2773016918025891
9328,8.10.8.-17,27559,36992,5820746611744,4803907994527,0.4246897632840336,0.276995695168313
9329,8.18.-8.7,13785,18496,20376424961408,16820389053735,0.42411403560312577,0.2766898778716229
9330,0.-4.4.-5,27581,36992,40760367672496,33654200253251,0.4235385375827739,0.2763804917907255
9331,0.0.-4.7,3449,4624,5095985677772,4208452799879,0.4229632690398252,0.276071286110675
9332,0.0.4.-7,27603,36992,40775403171856,33681044544813,0.42238822979134694,0.2757622606666362
9333,0.4.-4.5,13807,18496,20391460460768,16847233345297,0.4218134196546241,0.2754534152939828
9334,-4.-11.6.-6,55249,73984,81580181065568,67414557477679,0.42126495081090887,0.2751585490189312
9335,-4.-5.-6.12,27635,36992,40797260144032,33720090787085,0.4207166903991555,0.2748638466044265
9336,4.11.-6.6,55291,73984,81608859510560,67465805670661,0.42016863826100537,0.27456930790777423
9337,4.5.6.-12,3457,4624,5101449920816,4218214360447,0.4196207942382803,0.27427493278645243
9338,-1.-2.5.-8,3255,4352,81638871351776,67519494253785,0.4190210131973416,0.2739521396504544
9339,-1.3.-5.7,27679,36992,40827271985248,33773779370209,0.41842148140367846,0.27362954259209454
9340,1.-3.5.-7,55381,73984,81670216589216,67575623227051,0.4178221986502209,0.27330714142471135
9341,1.2.-5.8,13851,18496,20421472301984,16900921928421,0.4172231647301562,0.27298493596188894
9342,-1.-4.9.-14,27713,36992,40850436093360,33815266002623,0.416650408412978,0.27267677720531464
9343,-1.5.-9.13,6931,9248,10214481895688,8457172037101,0.416077879392358,0.2723687972256678
9344,1.-5.9.-13,27735,36992,40865419072144,33842110294185,0.41550557748796435,0.27206099586040705
9345,1.4.-9.14,13873,18496,20436455280768,16927766219983,0.41493350251967903,0.2717533729471958
9346,-2.-3.-4.8,27757,36992,40880325626160,33868954585747,0.41436165430759847,0.2714432312433614
9347,-2.-7.4.-4,3471,4624,131050450932,108597361319,0.4137900326720327,0.27113326865079607
9348,2.3.4.-8,27779,36992,40895155755408,33895798877309,0.41321863743350584,0.27082348500723785
9349,2.7.-4.4,13895,18496,20451285410016,16954610511545,0.4126474684127547,0.27051388015062894
9350,-2.-2.-2.4,55619,73984,81831234249920,67866029653949,0.4116354969219739,0.2699619980373771
9351,-2.-4.2.-2,1637,2176,40928663429888,33956808630859,0.4106242347761859,0.2694106785889496
9352,2.2.2.-4,55697,73984,81883419469632,67961204869487,0.4096136809816514,0.26885992090510347
9353,2.4.-2.2,6967,9248,10238689009936,8501099059657,0.40860383454671784,0.26830972408759246
9354,-1.-2.-3.6,27881,36992,40963407600880,34020258774551,0.4079309960788886,0.2679416181439935
9355,-1.-5.3.-3,13947,18496,20486029581008,17018060655237,0.4072584712605585,0.2675737614965145
9356,1.2.3.-6,27907,36992,40980710723152,34051983846397,0.4065862597994423,0.2672061538800447
9357,1.5.-3.3,1745,2312,2561835142768,2129240398895,0.40591436140366427,0.2668387950298657
9358,-10.-1.-16.26,6981,9248,788307933376,655244753127,0.40570768637417415,0.2667253973908905
9359,-10.-10.-10.20,3491,4624,5124332848352,4259700992861,0.4055010409479253,0.2666120233247007
9360,-10.-17.16.-22,6983,9248,10249328259520,8520622180793,0.40529442511643876,0.2664986728235966
9361,-10.-19.-4.14,873,1156,1281248852792,1065230296983,0.40508783887123884,0.26638534587988244
9362,-10.-20.10.-10,6985,9248,10250653385152,8523062570935,0.4048812822038533,0.26627204248586545
9363,-10.-22.-2.12,3493,4624,5125657973984,4262141383003,0.40467475510581413,0.2661587626338564
9364,-10.-23.4.2,411,544,10251978510784,8525502961077,0.40446825756865656,0.26604550631616963
9365,-10.-24.2.6,1747,2312,2563160268400,2131680789037,0.4042617895839194,0.2659322735251233
9366,-10.-29.-8.26,6989,9248,10253303636416,8527943351219,0.404055351143145,0.26581906425303836
9367,-10.-30.-10.30,3495,4624,5126983099616,4264581773145,0.40384894223788004,0.2657058784922402
9368,-10.-31.-12.34,6991,9248,10254628762048,8530383741361,0.4036425628596741,0.2655927162350566
9369,-10.-32.-14.38,437,578,640955707804,533225246027,0.40343621300008037,0.26547957747381945
9370,-10.-33.-16.42,6993,9248,10255953887680,8532824131503,0.4032298926506564,0.2653664622008644
9371,-10.-37.8.2,3497,4624,394485248096,328232474099,0.40302360180296254,0.26525337040852953
9372,-10.-40.10.0,6995,9248,10257279013312,8535264521645,0.40281734044856304,0.26514030208915756
9373,-10.-43.12.-2,1749,2312,2564485394032,2134121179179,0.40261110857902616,0.2650272572350938
9374,-10.-46.14.-4,6997,9248,10258604138944,8537704911787,0.40240490618592323,0.2649142358386876
9375,-10.-49.16.-6,3499,4624,5129633350880,4269462553429,0.40219873326082944,0.26480123789229165
9376,-12.-15.-10.22,6999,9248,10259929264576,8540145301929,0.4019925897953233,0.26468826338826174
9377,-12.-22.16.-20,875,1156,1282573978424,1067670687125,0.4017864757809877,0.2645753123189572
9378,-12.-23.14.-16,7001,9248,10261254390208,8542585692071,0.40158039120940825,0.2644623846767414
9379,-12.-24.-4.16,3501,4624,5130958476512,4271902943571,0.40137433607217443,0.2643494804539807
9380,-12.-25.10.-8,7003,9248,10262579515840,8545026082213,0.40116831036087985,0.2642365996430449
9381,-12.-28.4.4,103,136,2565810519664,2136561569321,0.4009623140671211,0.2641237422363069
9382,-12.-34.-8.28,7005,9248,10263904641472,8547466472355,0.40075634718249825,0.26401090822614415
9383,-12.-35.-10.32,3503,4624,5132283602144,4274343333713,0.4005504096986159,0.26389809760493677
9384,-12.-36.-12.36,7007,9248,789633059008,657685143269,0.40034450160708124,0.2637853103650678
9385,-12.-37.-14.40,219,289,320809135310,267222720549,0.40013862289950547,0.2636725464989249
9386,-12.-38.-16.44,7009,9248,10266554892736,8552347252639,0.3999327735675033,0.2635598059988986
9387,-12.-42.8.4,3505,4624,5133608727776,4276783723855,0.3997269536026933,0.2634470888573829
9388,-12.-45.10.2,7011,9248,10267880018368,8554787642781,0.3995211629966973,0.2633343950667748
9389,-12.-48.12.0,1753,2312,2567135645296,2139001959463,0.39931540174114066,0.2632217246194755
9390,-12.-51.14.-2,7013,9248,10269205144000,8557228032923,0.39910966982765284,0.26310907750788914
9391,-12.-54.16.-4,3507,4624,5134933853408,4279224113997,0.39890396724786636,0.2629964537244237
9392,-12.-6.-16.28,7015,9248,10270530269632,8559668423065,0.3986982939934172,0.2628838532614902
9393,-12.-9.-14.26,877,1156,1283899104056,1070111077267,0.3984926500559457,0.262771276111503
9394,-14.-11.-16.30,7017,9248,10271855395264,8562108813207,0.3982870354270951,0.26265872226688025
9395,-14.-14.-14.28,3509,4624,5136258979040,4281664504139,0.39808145009851226,0.2625461917200434
9396,-14.-17.-12.26,7019,9248,10273180520896,8564549203349,0.39787589406184765,0.26243368446341714
9397,-14.-20.-10.24,1755,2312,197573905456,164726334585,0.39767036730875577,0.26232120048943014
9398,-14.-27.16.-18,413,544,10274505646528,8566989593491,0.39746486983089413,0.26220873979051346
9399,-14.-28.14.-14,3511,4624,5137584104672,4284104894281,0.39725940161992374,0.26209630235910264
9400,-14.-29.-4.18,7023,9248,10275830772160,8569429983633,0.39705396266750986,0.26198388818763607
9401,-14.-29.12.-10,439,578,642280833436,535665636169,0.3968485529653207,0.26187149726855574
9402,-14.-30.10.-6,7025,9248,10277155897792,8571870373775,0.3966431725050281,0.2617591295943066
9403,-14.-32.-2.16,3513,4624,5138909230304,4286545284423,0.3964378212783075,0.261646785157338
9404,-14.-33.4.6,7027,9248,10278481023424,8574310763917,0.39623249927683823,0.26153446395010144
9405,-14.-34.2.10,1757,2312,2569785896560,2143882739747,0.3960272064923028,0.26142216596505286
9406,-14.-40.-10.34,7029,9248,10279806149056,8576751154059,0.39582194291638706,0.2613098911946512
9407,-14.-41.-12.38,3515,4624,5140234355936,4288985674565,0.3956167085407812,0.2611976396313584
9408,-14.-42.-14.42,7031,9248,10281131274688,8579191544201,0.3954115033571782,0.2610854112676407
9409,-14.-43.-16.46,879,1156,1285224229688,1072551467409,0.3952063273572747,0.2609732060959668
9410,-14.-50.10.4,7033,9248,790958184640,660125533411,0.3950011805327714,0.26086102410880957
9411,-14.-53.12.2,3517,4624,5141559481568,4291426064707,0.39479606287537194,0.26074886529864444
9412,-14.-56.14.0,7035,9248,10283781525952,8584072324485,0.39459097437678387,0.26063672965795126
9413,-14.-59.16.-2,1759,2312,2571111022192,2146323129889,0.3943859150287178,0.26052461717921266
9414,-16.-19.-14.30,7037,9248,10285106651584,8586512714627,0.39418088482288866,0.2604125278549142
9415,-16.-22.-12.28,207,272,5142884607200,4293866454849,0.3939758837510142,0.26030046167754595
9416,-16.-25.-10.26,7039,9248,10286431777216,8588953104769,0.39377091180481594,0.2601884186396001
9417,-16.-28.-8.24,220,289,160735849063,134221457810,0.3935659689760192,0.26007639873357347
9418,-16.-33.14.-12,7041,9248,10287756902848,8591393494911,0.3933610552563524,0.25996440195196535
9419,-16.-34.-4.20,3521,4624,5144209732832,4296306844991,0.39315617063754754,0.25985242828727895
9420,-16.-34.12.-8,7043,9248,10289082028480,8593833885053,0.39295131511134057,0.25974047773202014
9421,-16.-35.10.-4,1761,2312,2572436147824,2148763520031,0.3927464886694705,0.2596285502786989
9422,-16.-36.8.0,7045,9248,10290407154112,8596274275195,0.39254169130368,0.2595166459198285
9423,-16.-38.4.8,3523,4624,395810373728,330672864241,0.39233692300571504,0.259404764647925
9424,-16.-45.-10.36,7047,9248,10291732279744,8598714665337,0.3921321837673258,0.25929290645550845
9425,-16.-46.-12.40,881,1156,1286549355320,1074991857551,0.39192747358026525,0.259181071335102
9426,-16.-47.-14.44,7049,9248,10293057405376,8601155055479,0.39172279243628993,0.2590692592792323
9427,-16.-55.10.6,3525,4624,5146859984096,4301187625275,0.39151814032716054,0.2589574702804287
9428,-16.-58.12.4,7051,9248,10294382531008,8603595445621,0.3913135172446406,0.2588457043312252
9429,-16.-61.14.2,1763,2312,2573761273456,2151203910173,0.39110892318049706,0.25873396142415805
9430,-2.-1.8.-14,7053,9248,10295707656640,8606035835763,0.39090435812650126,0.25862224155176733
9431,-2.-10.-10.22,3527,4624,5148185109728,4303628015417,0.3906998220744271,0.25851054470659596
9432,-2.-11.-12.26,415,544,10297032782272,8608476225905,0.3904953150160524,0.25839887088119096
9433,-2.-12.-14.30,441,578,643605959068,538106026311,0.3902908369431582,0.2582872200681023
9434,-2.-13.-16.34,7057,9248,10298357907904,8610916616047,0.39008638784752964,0.2581755922598833
9435,-2.-17.8.-6,3529,4624,5149510235360,4306068405559,0.38988196772095474,0.2580639874490909
9436,-2.-20.10.-8,7059,9248,792283310272,662565923553,0.38967757655522506,0.2579524056282847
9437,-2.-23.12.-10,1765,2312,2575086399088,2153644300315,0.38947321434213616,0.2578408467900283
9438,-2.-26.14.-12,7061,9248,10301008159168,8615797396331,0.3892688810734866,0.2577293109268884
9439,-2.-29.16.-14,3531,4624,5150835360992,4308508795701,0.3890645767410785,0.257617798031435
9440,-2.-9.-8.18,7063,9248,10302333284800,8618237786473,0.38886030133671745,0.2575063080962417
9441,-2.0.10.-18,883,1156,1287874480952,1077432247693,0.38865605485221283,0.25739484111388494
9442,-2.1.12.-22,7065,9248,10303658410432,8620678176615,0.38845183727937715,0.257283397076945
9443,-2.10.-10.12,3533,4624,5152160486624,4310949185843,0.38824764861002636,0.25717197597800506
9444,-2.13.-12.14,7067,9248,10304983536064,8623118566757,0.38804348883598033,0.257060577809652
9445,-2.16.-14.16,1767,2312,2576411524720,2156084690457,0.387839357949062,0.25694920256447584
9446,-2.19.-16.18,7069,9248,10306308661696,8625558956899,0.3876352559410976,0.2568378502350696
9447,-2.2.14.-26,3535,4624,5153485612256,4313389575985,0.3874311828039176,0.2567265208140307
9448,-2.3.16.-30,7071,9248,10307633787328,8627999347041,0.3872271385293552,0.2566152142939584
9449,-2.7.-8.10,13,17,24779558534,20743316207,0.38702312310924736,0.25650393066745625
9450,-4.-14.-8.20,7073,9248,10308958912960,8630439737183,0.3868191365354342,0.2563926699271309
9451,-4.-15.-10.24,3537,4624,5154810737888,4315829966127,0.38661517879976,0.2562814320655923
9452,-4.-17.-14.32,7075,9248,10310284038592,8632880127325,0.3864112498940719,0.2561702170754535
9453,-4.-18.-16.36,1769,2312,2577736650352,2158525080599,0.38620734981022037,0.2560590249493316
9454,-4.-2.16.-28,7077,9248,10311609164224,8635320517467,0.38600347854006006,0.25594785567984596
9455,-4.-22.8.-4,3539,4624,5156135863520,4318270356269,0.3857996360754484,0.25583670925961965
9456,-4.-25.10.-6,7079,9248,10312934289856,8637760907609,0.3855958224082464,0.25572558568127973
9457,-4.-31.14.-10,885,1156,1289199606584,1079872637835,0.385392037530319,0.2556144849374553
9458,-4.-34.16.-12,7081,9248,10314259415488,8640201297751,0.38518828143353395,0.25550340702078
9459,-4.-4.12.-20,3541,4624,5157460989152,4320710746411,0.38498455410976273,0.25539235192389004
9460,-4.-5.10.-16,7083,9248,10315584541120,8642641687893,0.38478085555088,0.25528131963942485
9461,-4.14.-16.20,1771,2312,2579061775984,2160965470741,0.3845771857487646,0.2551703101600275
9462,-4.5.-10.14,7085,9248,793608435904,665006313695,0.384373544695298,0.2550593234783444
9463,-4.8.-12.16,3543,4624,5158786114784,4323151136553,0.3841699323823653,0.25494835958702494
9464,-6.-10.10.-14,7087,9248,10318234792384,8647522468177,0.38396634880185554,0.2548374184787218
9465,-6.-19.-8.22,443,578,644931084700,540546416453,0.38376279394566054,0.25472650014609166
9466,-6.-20.-10.26,417,544,10319559918016,8649962858319,0.3835592678056757,0.2546156045817932
9467,-6.-23.-16.38,3545,4624,5160111240416,4325591526695,0.3833557703738003,0.2545047317784898
9468,-6.-27.8.-2,7091,9248,10320885043648,8652403248461,0.3831523016419366,0.2543938817288468
9469,-6.-30.10.-4,1773,2312,2580386901616,2163405860883,0.38294886160199026,0.2542830544255339
9470,-6.-39.16.-10,7093,9248,10322210169280,8654843638603,0.3827454502458704,0.2541722498612235
9471,-6.-7.16.-26,3547,4624,5161436366048,4328031916837,0.3825420675654901,0.2540614680285911
9472,-6.-9.12.-18,7095,9248,10323535294912,8657284028745,0.38233871355276516,0.2539507089203163
9473,-6.0.-10.16,887,1156,1290524732216,1082313027977,0.38213538819961484,0.253839972529081
9474,-6.3.-12.18,7097,9248,10324860420544,8659724418887,0.38193209149796253,0.2537292588475708
9475,-6.9.-16.22,3549,4624,397135499360,333113254383,0.38172882343973424,0.25361856786847475
9476,-8.-12.16.-24,7099,9248,10326185546176,8662164809029,0.38152558401685954,0.25350789958448516
9477,-8.-14.12.-16,1775,2312,2581712027248,2165846251025,0.381322373221272,0.2533972539882973
9478,-8.-15.10.-12,7101,9248,10327510671808,8664605199171,0.38111919104490793,0.2532866310726096
9479,-8.-2.-12.20,3551,4624,5164086617312,4332912697121,0.3809160374797073,0.25317603083012413
9480,-8.-24.-8.24,7103,9248,10328835797440,8667045589313,0.3807129125176132,0.253065453253546
9481,-8.-25.-10.28,222,289,161398411879,135441652881,0.38050981615057283,0.25295489833558404
9482,-8.-26.-12.32,7105,9248,10330160923072,8669485979455,0.3803067483705362,0.25284436606894933
9483,-8.-28.-16.40,209,272,5165411742944,4335353087263,0.38010370916945657,0.2527338564463574
9484,-8.-32.8.0,7107,9248,10331486048704,8671926369597,0.37990069853929137,0.2526233694605261
9485,-8.-35.10.-2,1777,2312,2583037152880,2168286641167,0.3796977164720007,0.25251290510417673
9486,-8.-38.12.-4,7109,9248,10332811174336,8674366759739,0.3794947629595483,0.2524024633700344
9487,-8.-44.16.-8,3555,4624,5166736868576,4337793477405,0.37929183799390115,0.2522920442508269
9488,-8.-5.-10.18,7111,9248,794933561536,667446703837,0.3790889415670301,0.25218164773928536
9489,-8.4.-16.24,889,1156,1291849857848,1084753418119,0.37888607367090893,0.25207127382814404
9490,0.-12.8.-8,7113,9248,10335461425600,8679247540023,0.3786832342975147,0.2519609225101409
9491,0.-15.10.-10,3557,4624,5168061994208,4340233867547,0.3784804234388285,0.2518505937780165
9492,0.-18.12.-12,7115,9248,10336786551232,8681687930165,0.37827764108683415,0.25174028762451534
9493,0.-21.14.-14,1779,2312,2584362278512,2170727031309,0.3780748872335189,0.2516300040423845
9494,0.-4.-8.16,7117,9248,10338111676864,8684128320307,0.37787216187087397,0.2515197430243748
9495,0.-5.-10.20,3559,4624,5169387119840,4342674257689,0.37766946499089343,0.2514095045632396
9496,0.-6.-12.24,7119,9248,10339436802496,8686568710449,0.37746679658557475,0.25129928865173656
9497,0.-7.-14.28,445,578,646256210332,542986806595,0.37726415664691865,0.2511890952826257
9498,0.12.-8.8,7121,9248,10340761928128,8689009100591,0.3770615451669299,0.2510789244486703
9499,0.15.-10.10,3561,4624,5170712245472,4345114647831,0.376858962137616,0.2509687761426376
9500,0.18.-12.12,419,544,10342087053760,8691449490733,0.3766564075509877,0.25085865035729693
9501,0.21.-14.14,1781,2312,198899031088,167166724727,0.37645388139905994,0.2507485470854219
9502,0.4.8.-16,7125,9248,10343412179392,8693889880875,0.37625138367385014,0.2506384663197887
9503,0.5.10.-20,3563,4624,5172037371104,4347555037973,0.3760489143673793,0.2505284080531772
9504,0.6.12.-24,7127,9248,10344737305024,8696330271017,0.3758464734716723,0.2504183722783699
9505,0.7.14.-28,891,1156,1293174983480,1087193808261,0.37564406097875686,0.25030835898815285
9506,10.1.16.-26,7129,9248,10346062430656,8698770661159,0.3754416768806641,0.25019836817531516
9507,10.10.10.-20,3565,4624,5173362496736,4349995428115,0.3752393211694283,0.2500883998326496
9508,10.17.-16.22,7131,9248,10347387556288,8701211051301,0.37503699383708794,0.24997845395295168
9509,10.19.4.-14,1783,2312,2587012529776,2175607811593,0.374834694875684,0.2498685305290203
9510,10.20.-10.10,7133,9248,10348712681920,8703651441443,0.3746324242772608,0.2497586295536573
9511,10.22.2.-12,3567,4624,5174687622368,4352435818257,0.3744301820338668,0.24964875101966802
9512,10.23.-4.-2,7135,9248,10350037807552,8706091831585,0.37422796813755305,0.24953889491986125
9513,10.24.-2.-6,223,289,323459386574,272103500833,0.374025782580374,0.24942906124704792
9514,10.29.8.-26,7137,9248,796258687168,669887093979,0.37382362535438796,0.2493192499940435
9515,10.30.10.-30,3569,4624,5176012748000,4354876208399,0.37362149645165615,0.2492094611536659
9516,10.31.12.-34,7139,9248,10352688058816,8710972611869,0.3734193958642431,0.249099694718736
9517,10.32.14.-38,105,136,2588337655408,2178048201735,0.3732173235842167,0.2489899506820786
9518,10.33.16.-42,7141,9248,10354013184448,8713413002011,0.3730152796036486,0.24888022903652132
9519,10.37.-8.-2,3571,4624,5177337873632,4357316598541,0.3728132639146133,0.24877052977489467
9520,10.40.-10.0,7143,9248,10355338310080,8715853392153,0.37261127650918846,0.24866085289003265
9521,10.43.-12.2,893,1156,1294500109112,1089634198403,0.37240931737945593,0.24855119837477252
9522,10.46.-14.4,7145,9248,10356663435712,8718293782295,0.3722073865175,0.24844156622195454
9523,10.49.-16.6,3573,4624,5178662999264,4359756988683,0.3720054839154088,0.24833195642442213
9524,12.15.10.-22,7147,9248,10357988561344,8720734172437,0.3718036095652732,0.2482223689750223
9525,12.22.-16.20,1787,2312,2589662781040,2180488591877,0.3716017634591883,0.24811280386660475
9526,12.23.-14.16,7149,9248,10359313686976,8723174562579,0.37139994558925177,0.24800326109202236
9527,12.24.4.-16,3575,4624,398460624992,335553644525,0.3711981559475646,0.24789374064413142
9528,12.25.-10.8,7151,9248,10360638812608,8725614952721,0.3709963945262319,0.24778424251579156
9529,12.28.-4.-4,447,578,647581335964,545427196737,0.3707946613173611,0.24767476669986474
9530,12.34.8.-28,7153,9248,10361963938240,8728055342863,0.3705929563130633,0.24756531318921718
9531,12.35.10.-32,3577,4624,5181313250528,4364637768967,0.37039127950545336,0.24745588197671758
9532,12.36.12.-36,7155,9248,10363289063872,8730495733005,0.3701896308866488,0.24734647305523794
9533,12.37.14.-40,1789,2312,2590987906672,2182928982019,0.3699880104487707,0.2472370864176535
9534,12.38.16.-44,421,544,10364614189504,8732936123147,0.36978641818394326,0.24712772205684252
9535,12.42.-8.-4,3579,4624,5182638376160,4367078159109,0.36958485408429465,0.2470183799656868
9536,12.45.-10.-2,7159,9248,10365939315136,8735376513289,0.3693833181419555,0.2469090601370706
9537,12.48.-12.0,895,1156,1295825234744,1092074588545,0.36918181034905995,0.24679976256388178
9538,12.51.-14.2,7161,9248,10367264440768,8737816903431,0.36898033069774605,0.24669048723901146
9539,12.54.-16.4,3581,4624,5183963501792,4369518549251,0.3687788791801544,0.2465812341553538
9540,12.6.16.-28,7163,9248,797583812800,672327484121,0.36857745578842893,0.24647200330580593
9541,12.9.14.-26,1791,2312,2592313032304,2185369372161,0.3683760605147176,0.24636279468326838
9542,14.11.16.-30,7165,9248,10369914692032,8742697683715,0.3681746933511708,0.2462536082806446
9543,14.14.14.-28,3583,4624,5185288627424,4371958939393,0.3679733542899427,0.24614444409084119
9544,14.17.12.-26,7167,9248,10371239817664,8745138073857,0.36777204332319036,0.24603530210676824
9545,14.20.10.-24,224,289,162060974695,136661847952,0.36757076044307474,0.24592618232133864
9546,14.27.-16.18,7169,9248,10372564943296,8747578463999,0.3673695056417595,0.24581708472746805
9547,14.28.-14.14,3585,4624,5186613753056,4374399329535,0.3671682789114116,0.24570800931807654
9548,14.29.-12.10,7171,9248,10373890068928,8750018854141,0.366967080244202,0.24559895608608565
9549,14.29.4.-18,1793,2312,2593638157936,2187809762303,0.36676590963230404,0.2454899250244215
9550,14.30.-10.6,7173,9248,10375215194560,8752459244283,0.3665647670678946,0.24538091612601223
9551,14.32.2.-16,211,272,5187938878688,4376839719677,0.36636365254315423,0.24527192938379017
9552,14.33.-4.-6,7175,9248,10376540320192,8754899634425,0.36616256605026637,0.24516296479068983
9553,14.34.-2.-10,897,1156,99780796952,84193459899,0.3659615075814177,0.24505402233964912
9554,14.40.10.-34,7177,9248,10377865445824,8757340024567,0.3657604771287981,0.24494510202360956
9555,14.41.12.-38,3589,4624,5189264004320,4379280109819,0.36555947468460137,0.24483620383551483
9556,14.42.14.-42,7179,9248,10379190571456,8759780414709,0.3653585002410238,0.24472732776831288
9557,14.43.16.-46,1795,2312,2594963283568,2190250152445,0.36515755379026504,0.24461847381495416
9558,14.50.-10.-4,7181,9248,10380515697088,8762220804851,0.36495663532452866,0.24450964196839195
9559,14.53.-12.-2,3591,4624,5190589129952,4381720499961,0.3647557448360207,0.24440083222158313
9560,14.56.-14.0,7183,9248,10381840822720,8764661194993,0.3645548823169507,0.24429204456748738
9561,14.59.-16.2,449,578,648906461596,547867586879,0.36435404775953184,0.24418327899906783
9562,16.19.14.-30,7185,9248,10383165948352,8767101585135,0.3641532411559801,0.2440745355092906
9563,16.22.12.-28,3593,4624,5191914255584,4384160890103,0.36395246249851476,0.2439658140911247
9564,16.25.10.-26,7187,9248,10384491073984,8769541975277,0.3637517117793583,0.24385711473754224
9565,16.28.8.-24,1797,2312,2596288409200,2192690542587,0.36355098899073696,0.24374843744151894
9566,16.33.-14.12,7189,9248,798908938432,674767874263,0.3633502941248797,0.24363978219603286
9567,16.34.-12.8,3595,4624,5193239381216,4386601280245,0.36314962717401855,0.24353114899406594
9568,16.34.4.-20,423,544,10387141325248,8774422755561,0.36294898813038967,0.24342253782860276
9569,16.35.-10.4,899,1156,1298475486008,1096955368829,0.3627483769862315,0.24331394869263093
9570,16.36.-8.0,7193,9248,10388466450880,8776863145703,0.36254779373378626,0.24320538157914123
9571,16.38.-4.-8,3597,4624,5194564506848,4389041670387,0.362347238365299,0.24309683648112784
9572,16.45.10.-36,7195,9248,10389791576512,8779303535845,0.3621467108730186,0.2429883133915875
9573,16.46.12.-40,1799,2312,2597613534832,2195130932729,0.3619462112491967,0.24287981230352065
9574,16.47.14.-44,7197,9248,10391116702144,8781743925987,0.361745739486088,0.24277133320993055
9575,16.55.-10.-6,3599,4624,5195889632480,4391482060529,0.3615452955759513,0.24266287610382312
9576,16.58.-12.-4,7199,9248,10392441827776,8784184316129,0.36134487951104766,0.24255444097820786
9577,16.61.-14.-2,225,289,324784512206,274543890975,0.3611444912836417,0.24244602782609725
9578,2.-1.-12.22,7201,9248,10393766953408,8786624706271,0.3609441308860016,0.24233763664050686
9579,2.-10.10.-12,3601,4624,399785750624,337994034667,0.3607437983103984,0.2422292674144554
9580,2.-13.12.-14,7203,9248,10395092079040,8789065096413,0.3605434935491063,0.2421209201409645
9581,2.-16.14.-16,1801,2312,2598938660464,2197571322871,0.36034321659440277,0.2420125948130589
9582,2.-19.16.-18,7205,9248,10396417204672,8791505486555,0.36014296743856894,0.24190429142376624
9583,2.-2.-14.26,3603,4624,5198539883744,4396362840813,0.3599427460738886,0.24179600996611786
9584,2.-3.-16.30,7207,9248,10397742330304,8793945876697,0.35974255249264875,0.24168775043314725
9585,2.-7.8.-10,53,68,1299800611640,1099395758971,0.3595423866871402,0.24157951281789203
9586,2.0.-10.18,7209,9248,10399067455936,8796386266839,0.35934224864965636,0.24147129711339171
9587,2.1.-8.14,3605,4624,5199865009376,4398803230955,0.35914213837249387,0.2413631033126898
9588,2.10.10.-22,7211,9248,10400392581568,8798826656981,0.35894205584795313,0.24125493140883236
9589,2.11.12.-26,1803,2312,2600263786096,2200011713013,0.3587420010683372,0.241146781394869
9590,2.12.14.-30,7213,9248,10401717707200,8801267047123,0.3585419740259525,0.2410386532638519
9591,2.13.16.-34,3607,4624,5201190135008,4401243621097,0.35834197471310847,0.24093054700883648
9592,2.17.-8.6,7215,9248,800234064064,677208264405,0.35814200312211836,0.240822462622881
9593,2.20.-10.8,451,578,650231587228,550307977021,0.3579420592452979,0.24071440009904727
9594,2.23.-12.10,7217,9248,10404367958464,8806147827407,0.35774214307496627,0.2406063594303997
9595,2.26.-14.12,3609,4624,5202515260640,4403684011239,0.35754225460344613,0.2404983406100062
9596,2.29.-16.14,7219,9248,10405693084096,8808588217549,0.357342393823063,0.24039034363093703
9597,2.9.8.-18,1805,2312,2601588911728,2202452103155,0.35714256072614536,0.2402823684862662
9598,4.-14.16.-20,7221,9248,10407018209728,8811028607691,0.3569427553050257,0.2401744151690704
9599,4.-5.10.-14,3611,4624,5203840386272,4406124401381,0.356742977552039,0.2400664836724293
9600,4.-8.12.-16,7223,9248,10408343335360,8813468997833,0.35654322745952344,0.23995857398942597
9601,4.14.8.-20,903,1156,1301125737272,1101836149113,0.35634350501982054,0.2398506861131462
9602,4.15.10.-24,25,32,10409668460992,8815909387975,0.3561438102252753,0.239742820036679
9603,4.17.14.-32,3613,4624,5205165511904,4408564791523,0.35594414306823546,0.23963497575311632
9604,4.18.16.-36,7227,9248,10410993586624,8818349778117,0.35574450354105186,0.23952715325555304
9605,4.2.-16.28,1807,2312,200224156720,169607114869,0.3555448916360792,0.2394193525370871
9606,4.22.-8.4,7229,9248,10412318712256,8820790168259,0.35534530734567465,0.23931157359082006
9607,4.25.-10.6,3615,4624,5206490637536,4411005181665,0.3551457506621988,0.2392038164098555
9608,4.31.-14.10,7231,9248,10413643837888,8823230558401,0.35494622157801514,0.23909608098730065
9609,4.34.-16.12,226,289,162723537511,137882043023,0.35474672008549113,0.2389883673162658
9610,4.4.-12.20,7233,9248,10414968963520,8825670948543,0.35454724617699657,0.23888067538986393
9611,4.5.-10.16,3617,4624,5207815763168,4413445571807,0.35434779984490455,0.23877300520121153
9612,6.-3.12.-18,7235,9248,10416294089152,8828111338685,0.35414838108159186,0.23866535674342745
9613,6.-9.16.-22,1809,2312,2604239162992,2207332883439,0.3539489898794379,0.2385577300096342
9614,6.0.10.-16,7237,9248,10417619214784,8830551728827,0.3537496262308252,0.23845012499295692
9615,6.10.-10.14,3619,4624,5209140888800,4415885961949,0.35355029012814004,0.23834254168652402
9616,6.19.8.-22,7239,9248,10418944340416,8832992118969,0.3533509815637713,0.2382349800834666
9617,6.20.10.-26,905,1156,1302450862904,1104276539255,0.3531517005301112,0.23812744017691906
9618,6.23.16.-38,7241,9248,801559189696,679648654547,0.35295244701955486,0.23801992196001856
9619,6.27.-8.2,213,272,5210466014432,4418326352091,0.3527532210245012,0.23791242542590543
9620,6.30.-10.4,7243,9248,10421594591680,8837872899253,0.35255402253735163,0.23780495056772338
9621,6.39.-16.10,1811,2312,2605564288624,2209773273581,0.35235485155051083,0.23769749737861823
9622,6.7.-16.26,7245,9248,10422919717312,8840313289395,0.35215570805638713,0.2375900658517394
9623,6.9.-12.18,3623,4624,5211791140064,4420766742233,0.3519565920473914,0.23748265598023954
9624,8.-4.16.-24,7247,9248,10424244842944,8842753679537,0.35175750351593765,0.23737526775727358
9625,8.12.-16.24,453,578,651556712860,552748367163,0.3515584424544437,0.23726790117600022
9626,8.14.-12.16,7249,9248,10425569968576,8845194069679,0.35135940885532985,0.23716055622958063
9627,8.15.-10.12,3625,4624,5213116265696,4423207132375,0.3511604027110197,0.23705323291117902
9628,8.2.12.-20,7251,9248,10426895094208,8847634459821,0.35096142401394,0.23694593121396268
9629,8.24.8.-24,1813,2312,2606889414256,2212213663723,0.35076247275652084,0.23683865113110236
9630,8.25.10.-28,7253,9248,10428220219840,8850074849963,0.3505635489311952,0.23673139265577087
9631,8.26.12.-32,3627,4624,401110876256,340434424809,0.350364652530399,0.2366241557811445
9632,8.28.16.-40,7255,9248,10429545345472,8852515240105,0.350165783546572,0.23651694050040292
9633,8.32.-8.0,907,1156,1303775988536,1106716929397,0.34996694197215644,0.23640974680672827
9634,8.35.-10.2,7257,9248,10430870471104,8854955630247,0.3497681277995976,0.23630257469330546
9635,8.38.-12.4,3629,4624,5215766516960,4428087912659,0.34956934102134457,0.23619542415332295
9636,8.44.-16.8,427,544,10432195596736,8857396020389,0.3493705816298491,0.23608829517997207
9637,8.5.10.-18,1815,2312,2608214539888,2214654053865,0.34917184961756587,0.23598118776644683
9638,-4.-1.-6.10,14527,18496,20870330554976,17725773796417,0.34847650307701283,0.2356048429395555
9639,-4.-7.6.-8,7267,9248,10437472395424,8867157580957,0.34778149151639665,0.23522876257208591
9640,-6.-11.8.-10,14541,18496,20879559026720,17742856527411,0.34708681461312246,0.23485294637261567
9641,-6.-13.4.-2,3637,4624,5221043315648,4437849473227,0.34639247204506185,0.23447739405016815
9642,-6.-3.-8.14,14555,18496,20888787498464,17759939258405,0.3456984634905506,0.2341021053142102
9643,-6.-9.-4.10,7281,9248,10446700867168,8884240311951,0.3450047886283888,0.23372707987465272
9644,4.1.6.-10,857,1088,20898015970208,17777021989399,0.3443114471378395,0.23335231744184878
9645,4.7.-6.8,911,1156,1306414387880,1111597709681,0.343618438698628,0.23297781772659287
9646,6.11.-8.10,14583,18496,20907244441952,17794104720393,0.342925762990941,0.23260358044012056
9647,6.13.-4.2,7295,9248,10455929338912,8901323042945,0.34223341969542553,0.2322296052941073
9648,6.3.8.-14,14597,18496,20916472913696,17811187451387,0.3415414084931882,0.23185589200066728
9649,6.9.4.-10,3651,4624,5230271787392,4454932204221,0.34084972906579425,0.2314824402723529
9650,-10.-16.-6.16,14607,18496,6974351633408,5941129800699,0.34055339651039507,0.2313217952457756
9651,-10.-22.6.-2,7305,9248,2092502265088,1782704998731,0.34025712480981807,0.2311611983136153
9652,10.16.6.-16,14613,18496,20926990401536,17830710572523,0.3399609139390745,0.23100064945328197
9653,10.22.-6.2,1827,2312,290679974336,247699599413,0.33966476387319017,0.2308401486422015
9654,-2.-1.-4.7,457,578,654192539607,557629147447,0.3388753274426091,0.23040933377088793
9655,-2.-5.4.-5,1829,2312,2617420547832,2231736784859,0.3380863227519624,0.2299788615164037
9656,2.1.4.-7,915,1156,436345156206,372159496655,0.3372977493292741,0.22954873145105834
9657,2.5.-4.5,1831,2312,2618721326640,2234177175001,0.3365096067033418,0.2291189431479028
9658,-10.-10.-2.6,14649,18496,20950413238144,17874637595079,0.33641111914205896,0.22906470894544245
9659,-10.-11.0.3,7325,9248,10475527931584,8937928895075,0.3363126383037062,0.22901048010852235
9660,-10.-12.2.0,14651,18496,20951698488192,17877077985221,0.33621416418736555,0.22895625663630748
9661,-10.-13.4.-3,3663,4624,5238085278304,4469574545073,0.33611569679211944,0.22890203852796392
9662,-10.-18.-2.10,14653,18496,20952983738240,17879518375363,0.3360172361170504,0.22884782578265733
9663,-10.-19.0.7,431,544,10476813181632,8940369285217,0.3359187821612413,0.2287936183995536
9664,-10.-20.2.4,14655,18496,20954268988288,17881958765505,0.33582033492377494,0.22873941637781922
9665,-10.-9.-4.9,229,289,327420493958,279424671259,0.3357218944037348,0.2286852197166205
9666,-11.-11.-3.8,14657,18496,20955554238336,17884399155647,0.3356234606002041,0.22863102841512403
9667,-11.-12.-1.5,7329,9248,10478098431680,8942809675359,0.3355250335122663,0.22857684247249643
9668,-11.-13.1.2,14659,18496,20956839488384,17886839545789,0.3354266131390052,0.22852266188790463
9669,-11.-14.3.-1,3665,4624,5239370528352,4472014935215,0.33532819947950465,0.22846848666051617
9670,-11.-19.-3.12,14661,18496,20958124738432,17889279935931,0.3352297925328488,0.22841431678949778
9671,-11.-20.-1.9,7331,9248,10479383681728,8945250065501,0.3351313922981218,0.2283601522740171
9672,-11.-21.1.6,14663,18496,20959409988480,17891720326073,0.33503299877440834,0.22830599311324204
9673,-11.-22.3.3,1833,2312,2620006576688,2236617565143,0.33493461196079305,0.22825183930634002
9674,-12.-14.0.4,14665,18496,20960695238528,17894160716215,0.33483623185636074,0.2281976908524796
9675,-12.-20.-4.14,7333,9248,10480668931776,8947690455643,0.3347378584601965,0.2281435477508285
9676,-12.-21.-2.11,14667,18496,20961980488576,17896601106357,0.3346394917713854,0.2280894100005552
9677,-12.-22.0.8,3667,4624,5240655778400,4474455325357,0.334541131789013,0.22803527760082826
9678,-12.-23.2.5,14669,18496,20963265738624,17899041496499,0.33444277851216464,0.22798115055081644
9679,-12.-24.4.2,7335,9248,10481954181824,8950130845785,0.3343444319399265,0.2279270288496888
9680,-13.-22.-3.13,863,1088,20964550988672,17901481886641,0.3342460920713844,0.2278729124966141
9681,-13.-23.-1.10,917,1156,1310324600856,1118918880107,0.3341477589056244,0.22781880149076197
9682,-13.-24.1.7,14673,18496,20965836238720,17903922276783,0.334049432441733,0.22776469583130138
9683,-13.-25.3.4,7337,9248,10483239431872,8952571235927,0.3339511126787966,0.22771059551740258
9684,-14.-24.-2.12,14675,18496,20967121488768,17906362666925,0.33385279961590203,0.22765650054823505
9685,-14.-25.0.9,3669,4624,5241941028448,4476895715499,0.3337544932521359,0.2276024109229684
9686,-14.-26.2.6,14677,18496,20968406738816,17908803057067,0.33365619358658577,0.22754832664077354
9687,-15.-26.-1.11,7339,9248,10484524681920,8955011626069,0.3335579006183387,0.22749424770082044
9688,-15.-27.1.8,14679,18496,20969691988864,17911243447209,0.33345961434648214,0.22744017410227926
9689,-16.-28.0.10,1835,2312,2621291826736,2239057955285,0.33336133477010377,0.22738610584432142
9690,-2.-4.10.-16,14681,18496,20970977238912,17913683837351,0.33326306188829136,0.2273320429261175
9691,-2.6.-10.14,7341,9248,10485809931968,8957452016211,0.33316479570013285,0.2272779853468381
9692,-3.-12.15.-21,14683,18496,20972262488960,17916124227493,0.3330665362047168,0.22722393310565525
9693,-3.-6.11.-17,3671,4624,5243226278496,4479336105641,0.33296828340113144,0.2271698862017397
9694,-3.3.-15.24,14685,18496,20973547739008,17918564617635,0.33287003728846526,0.22711584463426354
9695,-3.5.-11.16,7343,9248,10487095182016,8959892406353,0.33277179786580713,0.22706180840239812
9696,-4.-2.0.0,14687,18496,20974832989056,17921005007777,0.332673565132246,0.22700777750531567
9697,-5.-2.-3.5,27,34,655483612940,560069537589,0.3325753390868709,0.22695375194218842
9698,-5.-3.-1.2,14689,18496,20976118239104,17923445397919,0.33247711972877114,0.22689973171218838
9699,-5.-4.1.-1,7345,9248,10488380432064,8962332796495,0.33237890705703654,0.22684571681448817
9700,-5.-5.3.-4,14691,18496,20977403489152,17925885788061,0.3322807010707566,0.2267917072482602
9701,-6.-15.12.-15,3673,4624,5244511528544,4481776495783,0.3321825017690212,0.22673770301267795
9702,-6.-3.-12.21,14693,18496,20978688739200,17928326178203,0.3320843091509204,0.22668370410691363
9703,-6.-3.-4.7,7347,9248,10489665682112,8964773186637,0.33198612321554455,0.22662971053014108
9704,-6.-4.-2.4,14695,18496,20979973989248,17930766568345,0.331887943961984,0.22657572228153344
9705,-6.-5.0.1,1837,2312,15704054352,13422145781,0.33178977138932925,0.2265217393602644
9706,-6.-6.2.-2,14697,18496,20981259239296,17933206958487,0.3316916054966715,0.2264677617655074
9707,-6.-7.4.-5,7349,9248,10490950932160,8967213576779,0.33159344628310145,0.2264137894964365
9708,-7.-16.11.-13,14699,18496,20982544489344,17935647348629,0.3314952937477104,0.2263598225522261
9709,-7.-4.-5.9,3675,4624,5245796778592,4484216885925,0.33139714788958974,0.22630586093205
9710,-7.-5.-11.20,14701,18496,20983829739392,17938087738771,0.33129900870783097,0.22625190463508266
9711,-7.-5.-3.6,7351,9248,10492236182208,8969653966921,0.3312008762015259,0.2261979536604989
9712,-7.-6.-1.3,14703,18496,20985114989440,17940528128913,0.3311027503697661,0.22614400800747383
9713,-7.-7.1.0,919,1156,1311609850904,1121359270249,0.33100463121164425,0.22609006767518172
9714,-7.-8.3.-3,865,1088,20986400239488,17942968519055,0.33090651872625243,0.2260361326627983
9715,-7.-9.5.-6,7353,9248,10493521432256,8972094357063,0.33080841291268304,0.2259822029694985
9716,-8.-10.4.-4,14707,18496,20987685489536,17945408909197,0.3307103137700288,0.22592827859445822
9717,-8.-11.6.-7,3677,4624,5247082028640,4486657276067,0.3306122212973826,0.22587435953685295
9718,-8.-12.-8.18,14709,18496,20988970739584,17947849299339,0.33051413549383724,0.22582044579585836
9719,-8.-16.0.6,7355,9248,10494806682304,8974534747205,0.3304160563584863,0.22576653737065097
9720,-8.-20.8.-6,14711,18496,20990255989632,17950289689481,0.33031798389042305,0.22571263426040647
9721,-8.-5.-6.11,1839,2312,2623862326832,2243938735569,0.3302199180887411,0.22565873646430173
9722,-8.-6.-4.8,14713,18496,20991541239680,17952730079623,0.3301218589525342,0.22560484398151284
9723,-8.-7.-2.5,7357,9248,10496091932352,8976975137347,0.33002380648089635,0.22555095681121703
9724,-8.-8.0.2,14715,18496,20992826489728,17955170469765,0.3299257606729217,0.22549707495259103
9725,-8.-9.2.-1,3679,4624,5248367278688,4489097666209,0.32982772152770423,0.22544319840481183
9726,-9.-10.1.1,14717,18496,20994111739776,17957610859907,0.3297296890443391,0.22538932716705684
9727,-9.-11.3.-2,7359,9248,10497377182400,8979415527489,0.3296316632219206,0.22533546123850345
9728,-9.-12.5.-5,14719,18496,20995396989824,17960051250049,0.3295336440595438,0.22528160061832966
9729,-9.-13.-9.20,230,289,164031559491,140322433165,0.3294356315563036,0.22522774530571268
9730,-9.-17.-1.8,14721,18496,20996682239872,17962491640191,0.32933762571129543,0.22517389529983065
9731,-9.-18.1.5,433,544,10498662432448,8981855917631,0.3292396265236146,0.22512005059986218
9732,-9.-22.9.-7,14723,18496,20997967489920,17964932030333,0.3291416339923566,0.2250662112049852
9733,-9.-7.-5.10,3681,4624,5249652528736,4491538056351,0.32904364811661757,0.22501237711437827
9734,-9.-8.-3.7,14725,18496,20999252739968,17967372420475,0.3289456688954934,0.2249585483272204
9735,-9.-9.-1.4,7363,9248,10499947682496,8984296307773,0.3288476963280802,0.22490472484268997
9736,10.10.2.-6,14727,18496,21000537990016,17969812810617,0.3287497304134744,0.2248509066599664
9737,10.11.0.-3,1841,2312,2625147576880,2246379125711,0.32865177115077243,0.22479709377822868
9738,10.12.-2.0,14729,18496,21001823240064,17972253200759,0.3285538185390709,0.22474328619665662
9739,10.13.-4.3,7365,9248,10501232932544,8986736697915,0.32845587257746717,0.22468948391442928
9740,10.18.2.-10,14731,18496,21003108490112,17974693590901,0.328357933265058,0.22463568693072683
9741,10.19.0.-7,3683,4624,5250937778784,4493978446493,0.32826000060094085,0.22458189524472874
9742,10.20.-2.-4,14733,18496,21004393740160,17977133981043,0.32816207458421304,0.22452810885561578
9743,10.9.4.-9,7367,9248,10502518182592,8989177088057,0.32806415521397225,0.2244743277625675
9744,11.11.3.-8,14735,18496,21005678990208,17979574371185,0.3279662424893164,0.22442055196476485
9745,11.12.1.-5,921,1156,1312895100952,1123799660391,0.32786833640934315,0.22436678146138847
9746,11.13.-1.-2,14737,18496,21006964240256,17982014761327,0.3277704369731512,0.2243130162516189
9747,11.14.-3.1,7369,9248,10503803432640,8991617478199,0.3276725441798388,0.22425925633463742
9748,11.19.3.-12,51,64,21008249490304,17984455151469,0.3275746580285044,0.22420550170962494
9749,11.20.1.-9,3685,4624,5252223028832,4496418836635,0.3274767785182468,0.22415175237576282
9750,11.21.-1.-6,14741,18496,21009534740352,17986895541611,0.32737890564816496,0.2240980083322329
9751,11.22.-3.-3,7371,9248,10505088682688,8994057868341,0.3272810394173579,0.22404426957821666
9752,12.14.0.-4,14743,18496,21010819990400,17989335931753,0.32718317982492484,0.22399053611289568
9753,12.20.4.-14,1843,2312,2626432826928,2248819515853,0.3270853268699656,0.22393680793545243
9754,12.21.2.-11,14745,18496,21012105240448,17991776321895,0.32698748055157967,0.22388308504506885
9755,12.22.0.-8,7373,9248,10506373932736,8996498258483,0.32688964086886685,0.22382936744092774
9756,12.23.-2.-5,14747,18496,21013390490496,17994216712037,0.32679180782092726,0.2237756551222112
9757,12.24.-4.-2,3687,4624,5253508278880,4498859226777,0.32669398140686107,0.22372194808810208
9758,13.22.3.-13,14749,18496,21014675740544,17996657102179,0.32659616162576866,0.22366824633778337
9759,13.23.1.-10,7375,9248,10507659182784,8998938648625,0.32649834847675047,0.22361454987043838
9760,13.24.-1.-7,14751,18496,21015960990592,17999097492321,0.3264005419589076,0.2235608586852501
9761,13.25.-3.-4,461,578,1424661308,1220195071,0.3263027420713408,0.22350717278140228
9762,14.24.2.-12,14753,18496,21017246240640,18001537882463,0.3262049488131513,0.223453492158078
9763,14.25.0.-9,7377,9248,10508944432832,9001379038767,0.3261071621834403,0.22339981681446155
9764,14.26.-2.-6,14755,18496,21018531490688,18003978272605,0.3260093821813094,0.2233461467497368
9765,15.26.1.-11,217,272,5254793528928,4501299616919,0.32591160880586,0.22329248196308754
9766,15.27.-1.-8,14757,18496,21019816740736,18006418662747,0.3258138420561944,0.2232388224536988
9767,16.28.0.-10,7379,9248,10510229682880,9003819428909,0.3257160819314144,0.22318516822075452
9768,2.-6.10.-14,14759,18496,21021101990784,18008859052889,0.3256183284306223,0.2231315192634395
9769,2.4.-10.16,1845,2312,2627718076976,2251259905995,0.32552058155292046,0.22307787558093858
9770,3.-3.15.-24,14761,18496,21022387240832,18011299443031,0.32542284129741145,0.22302423717243675
9771,3.-5.11.-16,7381,9248,10511514932928,9006259819051,0.3253251076631981,0.22297060403711944
9772,3.12.-15.21,14763,18496,21023672490880,18013739833173,0.32522738064938317,0.222916976174172
9773,3.6.-11.17,3691,4624,5256078778976,4503740007061,0.3251296602550702,0.22286335358277948
9774,4.2.0.0,14765,18496,21024957740928,18016180223315,0.32503194647936223,0.22280973626212833
9775,5.2.3.-5,7383,9248,10512800182976,9008700209193,0.32493423932136284,0.22275612421140373
9776,5.3.1.-2,14767,18496,21026242990976,18018620613457,0.32483653878017565,0.22270251742979227
9777,5.4.-1.1,923,1156,1314180351000,1126240050533,0.3247388448549047,0.22264891591648003
9778,5.5.-3.4,14769,18496,21027528241024,18021061003599,0.3246411575446538,0.2225953196706534
9779,6.15.-12.15,7385,9248,10514085433024,9011140599335,0.32454347684852713,0.22254172869149916
9780,6.3.12.-21,14771,18496,21028813491072,18023501393741,0.3244458027656295,0.22248814297820374
9781,6.3.4.-7,3693,4624,5257364029024,4506180397203,0.3243481352950653,0.22243456252995455
9782,6.4.2.-4,869,1088,21030098741120,18025941783883,0.32425047443593924,0.22238098734593822
9783,6.5.0.-1,7387,9248,10515370683072,9013580989477,0.32415282018735636,0.22232741742534223
9784,6.6.-2.2,14775,18496,21031383991168,18028382174025,0.32405517254842175,0.22227385276735406
9785,6.7.-4.5,1847,2312,2629003327024,2253700296137,0.3239575315182405,0.22222029337116134
9786,7.16.-11.13,14777,18496,21032669241216,18030822564167,0.32385989709591867,0.22216673923595193
9787,7.4.5.-9,7389,9248,10516655933120,9016021379619,0.3237622692805616,0.2221131903609141
9788,7.5.11.-20,14779,18496,21033954491264,18033262954309,0.3236646480712752,0.22205964674523526
9789,7.5.3.-6,3695,4624,5258649279072,4508620787345,0.32356703346716553,0.22200610838810458
9790,7.6.1.-3,14781,18496,21035239741312,18035703344451,0.3234694254673388,0.22195257528870993
9791,7.7.-1.0,7391,9248,10517941183168,9018461769761,0.3233718240709015,0.22189904744624023
9792,7.8.-3.3,14783,18496,21036524991360,18038143734593,0.32327422927695987,0.22184552485988454
9793,7.9.-5.6,231,289,328705744006,281865061401,0.3231766410846212,0.22179200752883166
9794,8.10.-4.4,14785,18496,21037810241408,18040584124735,0.32307905949299226,0.22173849545227076
9795,8.11.-6.7,7393,9248,10519226433216,9020902159903,0.3229814845011801,0.2216849886293912
9796,8.12.8.-18,14787,18496,21039095491456,18043024514877,0.3228839161082921,0.22163148705938288
9797,8.16.0.-6,3697,4624,5259934529120,4511061177487,0.3227863543134357,0.22157799074143525
9798,8.20.-8.6,14789,18496,21040380741504,18045464905019,0.32268879911571874,0.22152449967473828
9799,8.5.6.-11,435,544,10520511683264,9023342550045,0.3225912505142487,0.22147101385848186
9800,8.6.4.-8,14791,18496,21041665991552,18047905295161,0.3224937085081341,0.22141753329185657
9801,8.7.2.-5,1849,2312,2630288577072,2256140686279,0.32239617309648294,0.22136405797405237
9802,8.8.0.-2,14793,18496,21042951241600,18050345685303,0.3222986442784036,0.22131058790426053
9803,8.9.-2.1,7397,9248,10521796933312,9025782940187,0.3222011220530048,0.22125712308167114
9804,9.10.-1.-1,14795,18496,21044236491648,18052786075445,0.3221036064193951,0.22120366350547552
9805,9.11.-3.2,3699,4624,5261219779168,4513501567629,0.3220060973766837,0.22115020917486447
9806,9.12.-5.5,14797,18496,21045521741696,18055226465587,0.3219085949239793,0.2210967600890299
9807,9.13.9.-20,7399,9248,10523082183360,9028223330329,0.3218110990603916,0.22104331624716247
9808,9.17.1.-8,14799,18496,21046806991744,18057666855729,0.3217136097850301,0.22098987764845449
9809,9.18.-1.-5,925,1156,1315465601048,1128680440675,0.3216161270970044,0.2209364442920975
9810,9.22.-9.7,14801,18496,21048092241792,18060107245871,0.3215186509954242,0.2208830161772834
9811,9.7.5.-10,7401,9248,10524367433408,9030663720471,0.32142118147939963,0.22082959330320412
9812,9.8.3.-7,14803,18496,21049377491840,18062547636013,0.32132371854804076,0.22077617566905272
9813,9.9.1.-4,3701,4624,5262505029216,4515941957771,0.32122626220045825,0.22072276327402096
9814,0.-7.14.-21,3703,4624,5263789900340,4518382347913,0.32044684832904896,0.2202955487700789
9815,0.7.-14.21,3705,4624,5265074771464,4520822738055,0.31966785530748265,0.21986866915594233
9816,-10.-14.-6.15,59301,73984,84254674650368,72358787905371,0.31915686963228357,0.21958849135175493
9817,-10.-20.6.-3,29661,36992,14044692159552,12064068666977,0.3186460648781437,0.219308457549007
9818,10.14.6.-15,59343,73984,84281631264256,72410036098353,0.3181354409169935,0.21902856763143852
9819,10.20.-6.3,873,1088,21073777392800,18108915048711,0.3176249976208994,0.21874882148291952
9820,-1.-3.3.-4,59401,73984,84318833411328,72480807412471,0.31672608433432753,0.21825588015956676
9821,-1.0.-3.5,29719,36992,42171278625728,36262977315049,0.3158277307931888,0.21776338437395498
9822,1.0.3.-5,59475,73984,84366281091584,72571101847725,0.3149299363008195,0.21727133349366026
9823,1.3.-3.4,7439,9248,10548750616464,9077031133169,0.3140327001618562,0.21677972688750455
9824,-2.-8.14.-21,29761,36992,42198185685168,36314225508031,0.3137902996637996,0.216646160166635
9825,-2.6.-14.21,14883,18496,7033561484080,6053387747231,0.31354793988684454,0.2165126259573024
9826,-3.-9.13.-19,29771,36992,42204552123792,36326427458741,0.31330562081731117,0.21637912424706618
9827,-3.4.-13.20,1861,2312,2637983458944,2270783027131,0.31306334244152734,0.21624565502349152
9828,-5.-16.13.-16,29781,36992,14070306187472,12112876469817,0.3128211047458277,0.21611221827415159
9829,-5.-3.-13.23,14893,18496,21107050890864,18172365192403,0.3125789077165535,0.21597881398662472
9830,-6.-17.12.-14,29791,36992,42217285001040,36350831360161,0.3123367513400531,0.21584544214849707
9831,-6.-5.-12.22,7449,9248,3518372351696,3029744361293,0.3120946356026817,0.2157121027473605
9832,2.-6.14.-21,1753,2176,42223651439664,36363033310871,0.31185256049080123,0.21557879577081376
9833,2.8.-14.21,14903,18496,21113417329488,18184567143113,0.3116105259907808,0.21544552120646232
9834,3.-4.13.-20,29811,36992,14076672626096,12125078420527,0.31136853208899584,0.21531227904191827
9835,3.9.-13.19,3727,4624,5279150137200,4547667029617,0.311126578771829,0.21517906926479974
9836,5.16.-13.16,29821,36992,42236384316912,36387437212291,0.31088466602566983,0.2150458918627321
9837,5.3.13.-23,14913,18496,7039927922704,6065589697941,0.3106427938369146,0.2149127468233469
9838,6.17.-12.14,29831,36992,42242750755536,36399639163001,0.31040096219196645,0.21477963413428255
9839,6.5.12.-22,7459,9248,10561483493712,9101435034589,0.31015917107723534,0.21464655378318367
9840,-4.-14.8.-8,14921,18496,21124850725024,18206530654391,0.30986907522032,0.2144851111463779
9841,-4.-16.12.-14,3731,4624,754526230808,650363972843,0.3095790376838988,0.21432371535835917
9842,-4.-4.-12.22,14927,18496,21128618200224,18213851824817,0.3092890584445274,0.21416236639772865
9843,-4.-6.-8.16,7465,9248,10565250968912,9108756205015,0.3089991374787753,0.21400106424310072
9844,4.14.-8.8,14933,18496,21132385675424,18221172995243,0.30870927476322574,0.2138398088731034
9845,4.16.-12.14,1867,2312,2641783676628,2278104197557,0.3084194702744769,0.21367860026637864
9846,4.4.12.-22,14939,18496,21136153150624,18228494165669,0.30812972398914024,0.21351743840158155
9847,4.6.8.-16,7471,9248,10569018444112,9116077375441,0.307840035883842,0.21335632325738116
9848,-2.-11.12.-16,3517,4352,84565315453760,72954243100019,0.30733322162503257,0.21307417255461228
9849,-2.1.-12.20,29905,36992,42289241677312,36489933598255,0.3068265853459663,0.21279216485132132
9850,2.-1.12.-20,59831,73984,84591651255488,73005491293001,0.3063201269216836,0.2125103000334403
9851,2.11.-12.16,14963,18496,21151204789088,18257778847373,0.3058138462273563,0.2122285779870271
9852,-10.-14.-22.43,14965,18496,21152445901664,18260219237515,0.30562102411521547,0.2121204079996964
9853,-10.-16.-18.37,14967,18496,21153687014240,18262659627657,0.3054282277710974,0.2120122588135992
9854,-10.-18.-14.31,14969,18496,21154928126816,18265100017799,0.3052354571881157,0.21190413042243225
9855,-10.-20.-10.25,14971,18496,1923288112672,1660685491631,0.3050427123593868,0.21179602281989474
9856,-10.-30.10.-5,14973,18496,682497108128,589354219293,0.3048499932780304,0.21168793599968902
9857,-10.-32.14.-11,14975,18496,21158651464544,18272421188225,0.3046572999371685,0.2115798699555191
9858,-10.-34.18.-17,881,1088,1244699563360,1074991857551,0.3044646323299259,0.21147182468109246
9859,-10.-36.22.-23,14979,18496,21161133689696,18277301968509,0.30427199044943,0.21136380017011908
9860,-12.-20.-20.42,14981,18496,21162374802272,18279742358651,0.3040793742888116,0.21125579641631154
9861,-12.-22.-16.36,14983,18496,21163615914848,18282182748793,0.3038867838412037,0.21114781341338495
9862,-12.-24.-12.30,14985,18496,21164857027424,18284623138935,0.30369421909974187,0.21103985115505727
9863,-12.-36.12.-6,14987,18496,21166098140000,18287063529077,0.3035016800575652,0.2109319096350491
9864,-12.-38.16.-12,14989,18496,21167339252576,18289503919219,0.3033091667078148,0.2108239888470832
9865,-12.-40.20.-18,14991,18496,21168580365152,18291944309361,0.3031166790436349,0.2107160887848856
9866,-14.-26.-18.41,14993,18496,1924529225248,1663125881773,0.302924217058172,0.2106082094421848
9867,-14.-28.-14.35,14995,18496,21171062590304,18296825089645,0.30273178074457624,0.2105003508127117
9868,-14.-42.14.-7,14997,18496,21172303702880,18299265479787,0.3025393700959997,0.21039251289020025
9869,-14.-44.18.-13,14999,18496,21173544815456,18301705869929,0.30234698510559727,0.2102846956683865
9870,-16.-34.-12.34,15001,18496,21174785928032,18304146260071,0.30215462576652713,0.2101768991410096
9871,-16.-46.12.-2,15003,18496,21176027040608,18306586650213,0.3019622920719497,0.2100691233018113
9872,-18.-38.-14.39,15005,18496,21177268153184,18309027040355,0.3017699840150281,0.20996136814453537
9873,-18.-40.-10.33,15007,18496,21178509265760,18311467430497,0.3015777015889286,0.20985363366292908
9874,-18.-44.-2.21,15009,18496,21179750378336,18313907820639,0.30138544478681994,0.20974591985074198
9875,-18.-46.2.15,883,1088,1245940675936,1077432247693,0.3011932136018735,0.2096382267017259
9876,-18.-50.10.3,15013,18496,21182232603488,18318788600923,0.3010010080272633,0.2095305542096359
9877,-18.-52.14.-3,15015,18496,1925770337824,1665566271915,0.30080882805616677,0.20942290236822905
9878,-2.-16.22.-31,15017,18496,21184714828640,18323669381207,0.3006166736817633,0.20931527117126592
9879,-2.-18.26.-37,15019,18496,21185955941216,18326109771349,0.3004245448972351,0.20920766061250848
9880,-2.-20.30.-43,15021,18496,21187197053792,18328550161491,0.3002324416957677,0.2091000706857225
9881,-2.10.-30.47,15023,18496,21188438166368,18330990551633,0.30004036407054874,0.20899250138467554
9882,-2.6.-22.35,15025,18496,21189679278944,18333430941775,0.2998483120147686,0.2088849527031383
9883,-2.8.-26.41,15027,18496,21190920391520,18335871331917,0.29965628552162094,0.20877742463488386
9884,-20.-44.-12.38,15029,18496,21192161504096,18338311722059,0.2994642845843015,0.20866991717368763
9885,-20.-48.-4.26,15031,18496,21193402616672,18340752112201,0.29927230919600917,0.20856243031332847
9886,-20.-52.4.14,15033,18496,21194643729248,18343192502343,0.299080359349945,0.20845496404758704
9887,-20.-56.12.2,15035,18496,683738220704,591794609435,0.2988884350393136,0.20834751837024695
9888,-22.-50.-10.37,15037,18496,1927011450400,1668006662057,0.2986965362573216,0.2082400932750944
9889,-22.-54.-2.25,15039,18496,21198367066976,18350513672769,0.2985046629971784,0.20813268875591825
9890,-22.-56.2.19,15041,18496,21199608179552,18352954062911,0.29831281525209674,0.20802530480650974
9891,-22.-60.10.7,15043,18496,21200849292128,18355394453053,0.29812099301529127,0.207917941420663
9892,-24.-56.-8.36,885,1088,1247181788512,1079872637835,0.29792919627997955,0.20781059859217454
9893,-24.-58.-4.30,15047,18496,21203331517280,18360275233337,0.29773742503938233,0.20770327631484353
9894,-24.-62.4.18,15049,18496,21204572629856,18362715623479,0.29754567928672254,0.2075959745824721
9895,-24.-64.8.12,15051,18496,21205813742432,18365156013621,0.297353959015226,0.20748869338886408
9896,-26.-62.-6.35,15053,18496,21207054855008,18367596403763,0.2971622642181209,0.20738143272782697
9897,-26.-64.-2.29,15055,18496,21208295967584,18370036793905,0.296970594888639,0.2072741925931702
9898,-26.-66.2.23,15057,18496,21209537080160,18372477184047,0.29677895102001384,0.207166972978706
9899,-26.-68.6.17,15059,18496,1928252562976,1670447052199,0.2965873326054819,0.2070597738782492
9900,-28.-68.-4.34,15061,18496,21212019305312,18377357964331,0.29639573963828286,0.2069525952856173
9901,-28.-72.4.22,15063,18496,21213260417888,18379798354473,0.2962041721116585,0.20684543719462992
9902,-30.-74.-2.33,15065,18496,21214501530464,18382238744615,0.2960126300188532,0.2067382995991099
9903,-30.-76.2.27,15067,18496,21215742643040,18384679134757,0.29582111335311484,0.20663118249288223
9904,-4.-18.16.-20,15069,18496,21216983755616,18387119524899,0.2956296221076932,0.20652408586977483
9905,-4.-2.-16.28,15071,18496,21218224868192,18389559915041,0.295438156275841,0.20641700972361804
9906,-4.-22.24.-32,15073,18496,21219465980768,18392000305183,0.2952467158508136,0.2063099540482446
9907,-4.-24.28.-38,15075,18496,21220707093344,18394440695325,0.29505530082586934,0.20620291883749017
9908,-4.2.-24.40,15077,18496,21221948205920,18396881085467,0.29486391119426886,0.2060959040851929
9909,-4.4.-28.46,887,1088,1248422901088,1082313027977,0.29467254694927547,0.2059889097851933
9910,-6.-10.-10.21,15081,18496,1929493675552,1672887442341,0.2944812080841557,0.2058819359313346
9911,-6.-2.-26.45,15083,18496,21225671543648,18404202255893,0.29428989459217814,0.20577498251746273
9912,-6.-20.10.-9,15085,18496,21226912656224,18406642646035,0.29409860646661434,0.2056680495374257
9913,-6.-22.14.-15,15087,18496,21228153768800,18409083036177,0.2939073437007383,0.20556113698507514
9914,-6.-28.26.-33,15089,18496,21229394881376,18411523426319,0.29371610628782724,0.20545424485426422
9915,-6.-8.-14.27,15091,18496,21230635993952,18413963816461,0.2935248942211605,0.20534737313884913
9916,-8.-12.-16.32,15093,18496,21231877106528,18416404206603,0.2933337074940201,0.20524052183268848
9917,-8.-14.-12.26,15095,18496,21233118219104,18418844596745,0.2931425460996913,0.20513369092964354
9918,-8.-26.12.-10,15097,18496,684979333280,594234999577,0.2929514100314615,0.20502688042357808
9919,-8.-28.16.-16,15099,18496,21235600444256,18423725377029,0.29276029928262065,0.20492009030835887
9920,-8.-32.24.-28,15101,18496,21236841556832,18426165767171,0.292569213846462,0.20481332057785426
9921,-8.-8.-24.44,15103,18496,1930734788128,1675327832483,0.29237815371628095,0.20470657122593638
9922,0.-10.20.-30,15105,18496,21239323781984,18431046547455,0.2921871188853757,0.20459984224647884
9923,0.-12.24.-36,15107,18496,21240564894560,18433486937597,0.2919961093470469,0.20449313363335841
9924,0.-14.28.-42,15109,18496,21241806007136,18435927327739,0.2918051250945985,0.2043864453804543
9925,0.10.-20.30,15111,18496,21243047119712,18438367717881,0.2916141661213364,0.2042797774816486
9926,0.12.-24.36,889,1088,1249664013664,1084753418119,0.2914232324205694,0.20417312993082512
9927,0.14.-28.42,15115,18496,21245529344864,18443248498165,0.2912323239856092,0.20406650272187107
9928,10.14.22.-43,15117,18496,21246770457440,18445688888307,0.29104144080976996,0.20395989584867583
9929,10.16.18.-37,15119,18496,21248011570016,18448129278449,0.29085058288636817,0.2038533093051312
9930,10.18.14.-31,15121,18496,21249252682592,18450569668591,0.29065975020872376,0.2037467430851318
9931,10.20.10.-25,15123,18496,21250493795168,18453010058733,0.29046894277015856,0.20364019718257495
9932,10.30.-10.5,15125,18496,1931975900704,1677768222625,0.29027816056399736,0.20353367159135988
9933,10.32.-14.11,15127,18496,21252976020320,18457890839017,0.2900874035835674,0.20342716630538912
9934,10.34.-18.17,15129,18496,21254217132896,18460331229159,0.2898966718221991,0.20332068131856693
9935,10.36.-22.23,15131,18496,21255458245472,18462771619301,0.28970596527322495,0.20321421662480105
9936,12.20.20.-42,15133,18496,21256699358048,18465212009443,0.28951528392998016,0.20310777221800116
9937,12.22.16.-36,15135,18496,21257940470624,18467652399585,0.28932462778580303,0.20300134809207954
9938,12.24.12.-30,15137,18496,21259181583200,18470092789727,0.28913399683403407,0.2028949442409514
9939,12.36.-12.6,15139,18496,21260422695776,18472533179869,0.28894339106801625,0.2027885606585336
9940,12.38.-16.12,15141,18496,21261663808352,18474973570011,0.288752810481096,0.2026821973387464
9941,12.40.-20.18,15143,18496,21262904920928,18477413960153,0.2885622550666216,0.20257585427551225
9942,14.26.18.-41,15145,18496,21264146033504,18479854350295,0.28837172481794415,0.20246953146275634
9943,14.28.14.-35,891,1088,113718647840,98835800751,0.28818121972841737,0.2023632288944061
9944,14.42.-14.7,15149,18496,21266628258656,18484735130579,0.28799073979139805,0.2022569465643915
9945,14.44.-18.13,15151,18496,21267869371232,18487175520721,0.28780028500024507,0.20215068446664555
9946,16.34.12.-34,15153,18496,21269110483808,18489615910863,0.28760985534831995,0.20204444259510343
9947,16.46.-12.2,15155,18496,21270351596384,18492056301005,0.28741945082898746,0.2019382209437024
9948,18.38.14.-39,15157,18496,21271592708960,18494496691147,0.2872290714356142,0.2018320195063829
9949,18.40.10.-33,15159,18496,686220445856,596675389719,0.28703871716157,0.2017258382770875
9950,18.44.2.-21,15161,18496,21274074934112,18499377471431,0.28684838800022666,0.20161967724976174
9951,18.46.-2.-15,15163,18496,21275316046688,18501817861573,0.28665808394495945,0.2015135364183534
9952,18.50.-10.-3,15165,18496,21276557159264,18504258251715,0.2864678049891457,0.20140741577681284
9953,18.52.-14.3,15167,18496,21277798271840,18506698641857,0.28627755112616526,0.20130131531909262
9954,2.-10.30.-47,15169,18496,1934458125856,1682649002909,0.2860873223494012,0.20119523503914816
9955,2.-6.22.-35,15171,18496,21280280496992,18511579422141,0.2858971186522386,0.20108917493093756
9956,2.-8.26.-41,15173,18496,21281521609568,18514019812283,0.28570694002806524,0.2009831349884208
9957,2.16.-22.31,15175,18496,21282762722144,18516460202425,0.285516786470272,0.2008771152055611
9958,2.18.-26.37,15177,18496,21284003834720,18518900592567,0.28532665797225193,0.20077111557632396
9959,2.20.-30.43,15179,18496,21285244947296,18521340982709,0.28513655452740067,0.2006651360946769
9960,20.44.12.-38,893,1088,1252146238816,1089634198403,0.2849464761291165,0.20055917675459078
9961,20.48.4.-26,15183,18496,21287727172448,18526221762993,0.28475642277080077,0.2004532375500382
9962,20.52.-4.-14,15185,18496,21288968285024,18528662153135,0.2845663944458568,0.20034731847499485
9963,20.56.-12.-2,15187,18496,21290209397600,18531102543277,0.2843763911476907,0.20024141952343869
9964,22.50.10.-37,15189,18496,21291450510176,18533542933419,0.2841864128697116,0.20013554068934994
9965,22.54.2.-25,15191,18496,1935699238432,1685089393051,0.2839964596053307,0.2000296819667117
9966,22.56.-2.-19,15193,18496,21293932735328,18538423713703,0.2838065313479619,0.1999238433495093
9967,22.60.-10.-7,15195,18496,21295173847904,18540864103845,0.2836166280910221,0.19981802483173092
9968,24.56.8.-36,15197,18496,21296414960480,18543304493987,0.28342674982793037,0.19971222640736702
9969,24.58.4.-30,15199,18496,21297656073056,18545744884129,0.2832368965521085,0.19960644807041067
9970,24.62.-4.-18,15201,18496,21298897185632,18548185274271,0.2830470682569806,0.19950068981485689
9971,24.64.-8.-12,15203,18496,21300138298208,18550625664413,0.2828572649359743,0.19939495163470414
9972,26.62.6.-35,15205,18496,21301379410784,18553066054555,0.2826674865825187,0.19928923352395228
9973,26.64.2.-29,15207,18496,21302620523360,18555506444697,0.28247773319004604,0.19918353547660497
9974,26.66.-2.-23,15209,18496,21303861635936,18557946834839,0.2822880047519914,0.19907785748666698
9975,26.68.-6.-17,15211,18496,21305102748512,18560387224981,0.28209830126179186,0.19897219954814674
9976,28.68.4.-34,15213,18496,1936940351008,1687529783193,0.2819086227128873,0.1988665616550545
9977,28.72.-4.-22,895,1088,1253387351392,1092074588545,0.28171896909872063,0.1987609438014028
9978,30.74.2.-33,15217,18496,21308826086240,18567708395407,0.2815293404127367,0.19865534598120754
9979,30.76.-2.-27,15219,18496,21310067198816,18570148785549,0.2813397366483833,0.19854976818848646
9980,4.-2.24.-40,15221,18496,687461558432,599115779861,0.2811501577991105,0.19844421041725988
9981,4.-4.28.-46,15223,18496,21312549423968,18575029565833,0.28096060385837157,0.19833867266155059
9982,4.18.-16.20,15225,18496,21313790536544,18577469955975,0.28077107481962177,0.19823315491538387
9983,4.2.16.-28,15227,18496,21315031649120,18579910346117,0.28058157067631895,0.1981276571727878
9984,4.22.-24.32,15229,18496,21316272761696,18582350736259,0.2803920914219241,0.1980221794277922
9985,4.24.-28.38,15231,18496,21317513874272,18584791126401,0.2802026370499002,0.19791672167443009
9986,6.10.10.-21,15233,18496,21318754986848,18587231516543,0.2800132075537129,0.1978112839067368
9987,6.2.26.-45,15235,18496,1938181463584,1689970173335,0.27982380292683084,0.19770586611874974
9988,6.20.-10.9,15237,18496,21321237212000,18592112296827,0.27963442316272474,0.19760046830450914
9989,6.22.-14.15,15239,18496,21322478324576,18594552686969,0.27944506825486815,0.19749509045805794
9990,6.28.-26.33,15241,18496,21323719437152,18596993077111,0.2792557381967368,0.19738973257344108
9991,6.8.14.-27,15243,18496,21324960549728,18599433467253,0.27906643298180983,0.1972843946447061
9992,8.12.16.-32,15245,18496,21326201662304,18601873857395,0.2788771526035682,0.19717907666590292
9993,8.14.12.-26,15247,18496,21327442774880,18604314247537,0.2786878970554954,0.19707377863108463
9994,8.26.-12.10,897,1088,1254628463968,1094514978687,0.27849866633107817,0.1969685005343053
9995,8.28.-16.16,15251,18496,21329925000032,18609195027821,0.2783094604238052,0.19686324236962324
9996,8.32.-24.28,15253,18496,21331166112608,18611635417963,0.27812027932716793,0.19675800413109779
9997,8.8.24.-44,15255,18496,21332407225184,18614075808105,0.27793112303466017,0.19665278581279166
9998,-3.-2.-5.9,15263,18496,21337368033944,18623837368673,0.2771747457758961,0.1962318654054234
9999,-3.-7.5.-6,15271,18496,21342328842704,18633598929241,0.2764187648633918,0.19581126336169447
10000,3.2.5.-9,15279,18496,21347289651464,18643360489809,0.2756631798819891,0.19539097930269486
10001,3.7.-5.6,15287,18496,21352250460224,18653122050377,0.2749079904171815,0.19497101285014148
10002,-4.-5.-2.5,61179,73984,85428207956576,74650314248709,0.27417677740247587,0.1945641854654263
10003,-4.-7.2.-1,30605,36992,42723707036128,37344070147955,0.27344593480675256,0.1941576555789588
10004,-6.-11.4.-3,61241,73984,85466620187936,74725966343111,0.272715462254907,0.1937514228484109
10005,-6.-7.-4.9,7659,9248,10685728287952,9345474048789,0.2719853593724038,0.19334548693200293
10006,4.5.2.-5,61303,73984,85505032419296,74801618437513,0.2712556257852761,0.19293984748850096
10007,4.7.-2.1,30667,36992,42762119267488,37419722242357,0.27052626112012407,0.19253450417721585
10008,6.11.-4.3,61365,73984,85543444650656,74877270531915,0.26979726500411394,0.19212945665800352
10009,6.7.4.-9,15349,18496,21390662691584,18728774144779,0.2690686370649769,0.19172470459126145
10010,-6.-12.6.-6,30717,36992,42792982854656,37480731995907,0.268175981959501,0.19122511550654334
10011,-6.-6.-6.12,113,136,2675290020384,2343994731391,0.26728387883515164,0.19072597134026004
10012,6.12.-6.6,30755,36992,42816297797632,37527099408605,0.2663923270097059,0.19022727146849544
10013,6.6.6.-12,15387,18496,21413977634560,18775141557477,0.2655013258022051,0.18972901526855027
10014,-1.-3.7.-11,61567,73984,85666981187104,75123749936257,0.265056031467729,0.18947017086002269
10015,-1.-5.11.-17,30793,36992,42839025917984,37573466821303,0.26461087453295085,0.18921143975803295
10016,-1.4.-7.10,61605,73984,85689122484832,75170117348955,0.2641658549131045,0.18895282188404072
10017,-1.6.-11.16,7703,9248,10712524141712,9399162631913,0.263720972523503,0.18869431715958235
10018,-2.-5.8.-12,61643,73984,85711263782560,75216484761653,0.2632762272795371,0.18843592550626953
10019,-2.3.-8.12,30831,36992,42861167215712,37619834234001,0.2628316190966762,0.18817764684579072
10020,0.-2.8.-13,61681,73984,85733405080288,75262852174351,0.2623871478904673,0.1879194810999087
10021,0.-6.8.-11,15425,18496,21436118932288,18821508970175,0.26194281357653626,0.18766142819046333
10022,0.2.-8.13,61719,73984,85755546378016,75309219587049,0.2614986160705859,0.1874034880393689
10023,0.6.-8.11,30869,36992,42883308513440,37666201646699,0.2610545552883978,0.1871456605686158
10024,1.-4.7.-10,61757,73984,85777687675744,75355586999747,0.26061063114583066,0.18688794570026923
10025,1.-6.11.-16,3861,4624,5361797395288,4711173169131,0.26016684355882086,0.18663034335647014
10026,1.3.-7.11,3635,4352,85799828973472,75401954412445,0.25972319244338277,0.1863728534594345
10027,1.5.-11.17,30907,36992,42905449811168,37712569059397,0.25927967771560767,0.186115475931453
10028,2.-3.8.-12,61833,73984,85821970271200,75448321825143,0.25883629929166474,0.1858582106948916
10029,2.5.-8.12,15463,18496,21458260230016,18867876382873,0.2583930570877999,0.18560105767219098
10030,-4.-13.10.-12,3867,4624,5365287654730,4718494339557,0.25792663341787175,0.18532894933240662
10031,-4.-3.-10.18,15473,18496,21464041007824,18880078333583,0.2574603604940984,0.18505696557014023
10032,0.-1.6.-10,7739,9248,10733465698364,9443089654469,0.2569942382190704,0.18478510629502978
10033,0.-5.6.-8,15483,18496,21469821785632,18892280284293,0.2565282664954726,0.1845133714168047
10034,0.1.-6.10,242,289,2684089021817,2362297657456,0.2560624452260844,0.18424176084528548
10035,0.5.-6.8,15493,18496,21475602563440,18904482235003,0.25559677431377853,0.18397027449038422
10036,4.13.-10.12,7749,9248,10739246476172,9455291605179,0.25513125366152245,0.18369891226210447
10037,4.3.10.-18,15503,18496,21481383341248,18916684185713,0.25466588317237737,0.1834276740705405
10038,-1.-1.-5.9,31017,36992,6138445322672,5406684359601,0.2541541489571293,0.18312917723351652
10039,-1.-6.5.-6,7757,9248,10743866958728,9465053165747,0.25364259619329504,0.1828308303350376
10040,-3.-10.7.-8,31039,36992,42981818411120,37873634808769,0.2531312247522414,0.18253263325578323
10041,-3.-3.-7.13,15525,18496,934525412768,823631672925,0.2526200345054727,0.18223458587656585
10042,-3.-4.-5.10,31061,36992,42994519563536,37900479100331,0.25210902532462887,0.18193668807833036
10043,-3.-9.5.-5,971,1156,1343777191867,1184809413941,0.25159819708148645,0.1816389397421537
10044,1.1.5.-9,31083,36992,43007220715952,37927323391893,0.25108754964795865,0.1813413407492449
10045,1.6.-5.6,15547,18496,3072397949440,2710053252691,0.2505770828960941,0.1810438909809453
10046,3.10.-7.8,31105,36992,43019921868368,37954167683455,0.250066796698077,0.18074659031872697
10047,3.3.7.-13,7779,9248,10756568111144,9491897457309,0.24955669092622798,0.1804494386441939
10048,3.4.5.-10,1831,2176,43032623020784,37981011975017,0.24904676545300233,0.18015243583908186
10049,3.9.-5.5,15569,18496,21519486798496,18997217060399,0.24853702015099077,0.17985558178525707
10050,-7.-13.5.-4,62307,73984,86095012762144,76026694288797,0.2478190482416516,0.1794236061280738
10051,-7.-8.-5.11,31169,36992,43056039165152,38032260167999,0.24710143346063862,0.17899193091527238
10052,7.13.-5.4,62369,73984,86129143898464,76102346383199,0.24638417545284813,0.17856055581421434
10053,7.8.5.-11,975,1156,1346034522916,1189690194225,0.2456672738637058,0.17812948049277674
10054,-2.-7.8.-11,62429,73984,86161836602592,76175558087459,0.24499694634464425,0.17772083769640176
10055,-2.1.-8.13,1837,2176,43088731869280,38105471872259,0.24432693013898987,0.17731245875608942
10056,2.-1.8.-13,62487,73984,86193090874528,76246329401577,0.24365722495771702,0.17690434340002445
10057,2.7.-8.11,15629,18496,21552179502624,19070428764659,0.24298783051220174,0.17649649135678294
10058,-7.-11.-3.9,62537,73984,86219950733952,76307339155127,0.242503290418906,0.17619991762159415
10059,-7.-14.3.0,31279,36992,43115591728704,38166481625809,0.24201891300744646,0.17590348208160508
10060,7.11.3.-9,62579,73984,86242416180864,76358587348109,0.24153469816862044,0.17560718463399236
10061,7.14.-3.0,7825,9248,2156341222608,1909605286115,0.2410506457933357,0.17531102517603922
10062,-10.-10.-6.13,62609,73984,86258458150528,76395193200239,0.2408432444820824,0.1751840619948968
10063,-10.-16.6.-5,31309,36992,43131633698368,38203087477939,0.24063587298247993,0.17505712414079028
10064,-11.-12.-5.12,62627,73984,86268076642944,76417156711517,0.24042853128595962,0.1749302116056503
10065,-11.-17.5.-3,15659,18496,21568221472288,19107034616789,0.24022121938395585,0.17480332438141213
10066,-12.-14.-4.11,3685,4352,17255539027072,15287824044559,0.24001393726790746,0.17467646246001373
10067,-12.-18.4.-1,31327,36992,43141252190784,38225050989217,0.23980668492925614,0.174549625833397
10068,-16.-26.0.9,3917,4624,5393257679624,4779504093107,0.23939226954993245,0.1742960284322947
10069,-9.-15.7.-7,62681,73984,86296932120192,76483047245351,0.23918510649216254,0.17416926764171045
10070,-9.-8.-7.14,31345,36992,8630174136640,7649402900099,0.2389779731775954,0.1740425321137117
10071,0.-10.16.-23,62699,73984,86306550612608,76505010756629,0.2387708695976912,0.17391582184025817
10072,0.-6.16.-25,15677,18496,21577839964704,19128998128067,0.23856379574391434,0.1737891368133135
10073,0.10.-16.23,62717,73984,86316169105024,76526974267907,0.2383567516077329,0.17366247702484452
10074,0.6.-16.25,31363,36992,43160489175616,38268978011773,0.23814973718061805,0.17353584246682197
10075,10.10.6.-13,62735,73984,17265157519488,15309787555837,0.2379427524540454,0.17340923313121998
10076,10.16.-6.5,7843,9248,10791324605456,9569989941853,0.23773579741949347,0.17328264901001672
10077,11.12.5.-12,62753,73984,86335406089856,76570901290463,0.23752887206844517,0.17315609009519323
10078,11.17.-5.3,31381,36992,43170107668032,38290941523051,0.2373219763923864,0.17302955637873474
10079,12.14.4.-11,62771,73984,86345024582272,76592864801741,0.23711511038280722,0.17290304785262997
10080,12.18.-4.1,15695,18496,4317491691424,3830192327869,0.23690827403120135,0.17277656450887074
10081,16.26.0.-9,1847,2176,43179726160448,38312905034329,0.23649469026790132,0.17252367333637592
10082,9.15.-7.7,62807,73984,86364261567104,76636791824297,0.23628794283921256,0.17239726549164258
10083,9.8.7.-14,1963,2312,2699033462916,2395242924373,0.23608122503450768,0.17227088279725916
10084,-4.-8.8.-11,15709,18496,21594916604352,19168044370339,0.23562195815357553,0.1719885923243602
10085,-4.0.-8.13,7857,9248,3599594250896,3195690890949,0.23516283742892644,0.17170642630058772
10086,-6.-10.-2.7,15719,18496,21600214406400,19180246321049,0.23470386276756505,0.17142438463827045
10087,-6.-12.2.1,3931,4624,5400715826856,4796586824101,0.23424503407658473,0.1711424672498245
10088,-8.-12.-4.11,15729,18496,1028833914688,913926108179,0.23378635126316752,0.17086067404775188
10089,-8.-16.4.-1,7867,9248,10804080554736,9599274623557,0.23332781423458349,0.17057900494464126
10090,4.0.8.-13,15739,18496,21610810010496,19204650222469,0.23286942289819157,0.17029745985316858
10091,4.8.-8.11,246,289,225140196995,200111991644,0.23241117716143886,0.1700160386860949
10092,6.10.2.-7,15749,18496,21616107812544,19216852173179,0.23195307693186076,0.16973474135626845
10093,6.12.-2.-1,7877,9248,10809378356784,9611476574267,0.2314951221170802,0.16945356777662302
10094,8.12.4.-11,927,1088,7207135204864,6409684707963,0.23103731262480862,0.1691725178601786
10095,8.16.-4.1,3941,4624,772287661272,686969824973,0.23057964836284503,0.16889159152004127
10096,-3.-14.15.-20,15767,18496,21625638194064,19238815684457,0.2303051194778921,0.16872271726064356
10097,-3.1.-15.25,7885,9248,10813610936256,9621238134835,0.2300306428228063,0.16855388749414701
10098,3.-1.15.-25,15773,18496,21628805550960,19246136854883,0.22975621837771745,0.16838510220181463
10099,3.14.-15.20,29,34,39761744907,35385657059,0.22948184612276734,0.16821636136492082
10100,-5.-4.-3.6,15781,18496,21633025000288,19255898415451,0.2290246749553681,0.16793497907826105
10101,-5.-7.3.-3,7893,9248,10817830385584,9630999695403,0.22856764861363335,0.16765372020042774
10102,0.-4.12.-19,15791,18496,21638296542048,19268100366161,0.2281107670058345,0.16737258464491062
10103,0.-8.12.-17,3949,4624,5410233078232,4818550335379,0.22765403004033027,0.1670915723252836
10104,0.4.-12.19,15801,18496,941024699296,838274013777,0.22719743762556582,0.16681068315520708
10105,0.8.-12.17,7903,9248,1546157418192,1377600235159,0.22674098967007383,0.16652991704842493
10106,5.4.3.-6,15811,18496,21648839625568,19292504267581,0.22628468608247349,0.16624927391876723
10107,5.7.-3.3,1977,2312,2706434424556,2412325655367,0.22582852677147094,0.16596875368014818
10108,-1.-10.13.-18,63285,73984,86616940509824,77220045068235,0.22534971467280934,0.16567381803549927
10109,-1.-9.11.-15,31653,36992,43313989716928,38622834582363,0.22487106143305963,0.16537901781706113
10110,-1.2.-11.18,63327,73984,86639018357888,77271293261217,0.2243925669468452,0.1650843529254289
10111,-1.3.-13.21,15837,18496,21662514320480,19324229339427,0.22391423110889438,0.16478982326130026
10112,-3.-11.9.-11,63369,73984,86661096205952,77322541454199,0.22343605381404008,0.1644954287254749
10113,-3.-2.-9.16,31695,36992,43336067564992,38674082775345,0.22295803495721978,0.16420116921885558
10114,1.-2.11.-18,63411,73984,86683174054016,77373789647181,0.22248017443347534,0.16390704464244624
10115,1.-3.13.-21,7929,9248,10836776622256,9674926717959,0.22200247213795293,0.16361305489735337
10116,1.10.-13.18,63453,73984,86705251902080,77425037840163,0.22152492796590256,0.1633191998847852
10117,1.9.-11.15,31737,36992,43358145413056,38725330968327,0.2210475418126789,0.16302547950605165
10118,3.11.-9.11,3735,4352,86727329750144,77476286033145,0.22057031357373985,0.16273189366256435
10119,3.2.9.-16,15879,18496,21684592168544,19375477532409,0.2200932431446472,0.1624384422558358
10120,-14.-19.0.6,31767,36992,43373888547328,38761936820457,0.2196844511586614,0.1621861294114235
10121,-3.-2.-1.2,993,1156,1355581023674,1211653705503,0.21927577497230494,0.16193391539627222
10122,-3.-3.1.-1,31785,36992,43383296967808,38783900331735,0.2188672145199906,0.1616818001484751
10123,-4.-3.-2.4,15897,18496,21694000589024,19397441043687,0.21845876973618694,0.1614297836061803
10124,-4.-5.2.-2,31803,36992,43392705388288,38805863843013,0.2180504405554181,0.16117786570758996
10125,-6.-11.0.4,7953,9248,10849352399632,9704211399663,0.2176422269122637,0.16092604639096064
10126,14.19.0.-6,31821,36992,43402113808768,38827827354291,0.2172341287413593,0.16067432559460343
10127,3.2.1.-2,15915,18496,21703409009504,19419404554965,0.2168261459773955,0.16042270325688357
10128,3.3.-1.1,31839,36992,43411522229248,38849790865569,0.21641827855511836,0.1601711793162205
10129,4.3.2.-4,3981,4624,5427028304936,4857596577651,0.21601052640932933,0.15991975371108802
10130,4.5.-2.2,31857,36992,43420930649728,38871754376847,0.21560288947488515,0.1596684263800136
10131,6.11.0.-4,15933,18496,21712817429984,19441368066243,0.2151953676866975,0.1594171972615788
10132,0.-3.10.-16,63751,73984,86861169047168,77788655971321,0.21476533064678088,0.15915158955582587
10133,0.-5.14.-22,31885,36992,8687106837440,7781183967767,0.21433542175366155,0.15888609125838118
10134,0.-7.10.-14,63789,73984,86880967701632,77835023384019,0.21390564093098965,0.15862070229716585
10135,0.-9.14.-20,997,1156,1357669797326,1216534485787,0.21347598810248297,0.1583554226001661
10136,0.3.-10.16,63827,73984,86900766356096,77881390796717,0.21304646319192752,0.15809025209543598
10137,0.5.-14.22,31923,36992,43455332841664,38952287251533,0.21261706612317782,0.1578251907110957
10138,0.7.-10.14,63865,73984,17384113002112,15585551641883,0.21218779682015565,0.15756023837533173
10139,0.9.-14.20,15971,18496,21732616084448,19487735478941,0.21175865520685141,0.15729539501639742
10140,-2.-1.-8.14,1997,2312,2716901705368,2436729556787,0.21130706505670627,0.15701623053316785
10141,-2.-9.8.-10,15981,18496,21737811201440,19499937429651,0.21085561621837304,0.15673718675652404
10142,-4.-1.-14.24,31967,36992,43478219961376,39005975834657,0.21062994476350425,0.15659771010707887
10143,-4.-15.14.-18,7993,9248,10870204379968,9753019202503,0.21040430860344075,0.1564582636029788
10144,2.1.8.-14,15991,18496,21743006318432,19512139380361,0.20995314212358146,0.15617946098912688
10145,2.9.-8.10,3999,4624,5436400969232,4879560088929,0.2095021166905495,0.15590077883164316
10146,4.1.14.-24,31997,36992,43493805312352,39042581686787,0.20927665683903982,0.15576148289802252
10147,4.15.-14.18,16001,18496,21748201435424,19524341331071,0.20905123221618252,0.15562221704728413
10148,-4.-3.-6.11,64033,73984,87007571962112,78132750981343,0.2083976999262785,0.15521354805364523
10149,-4.-9.6.-7,32031,36992,43511169091264,39084068319201,0.20774446354858112,0.15480513341952343
10150,-6.-13.8.-9,64091,73984,87037104402944,78203522295461,0.20709152281523988,0.15439697289116888
10151,-6.-5.-8.15,8015,9248,2176296765584,1955972698813,0.20643887745876843,0.15398906621518751
10152,-8.-15.6.-5,64149,73984,87066636843776,78274293609579,0.20578652721204266,0.15358141313854184
10153,-8.-9.-6.13,32089,36992,43540701532096,39154839633319,0.2051344718083006,0.15317401340854916
10154,4.3.6.-11,64207,73984,7917833571328,7122278629427,0.20448271098114248,0.1527668667728807
10155,4.9.-6.7,16059,18496,21777733876256,19595112645189,0.2038312444645288,0.1523599729795618
10156,6.13.-8.9,64265,73984,17425140345088,15683167247563,0.20318007199278032,0.15195333177697098
10157,6.5.8.-15,1891,2176,2562954939584,2307388879261,0.20252919330057795,0.15154694291383852
10158,8.15.-6.5,64323,73984,87155234166272,78486607551933,0.20187860812296093,0.15114080613924752
10159,8.9.6.-13,2011,2312,2724062512084,2453812287781,0.20122831619532688,0.15073492120263152
10160,-5.-7.-1.4,16095,18496,21796005294352,19639039667745,0.20060072613563834,0.1503393616416171
10161,-5.-8.1.1,8051,9248,10899755246016,9823790516621,0.19997340896662635,0.14994403765951675
10162,5.7.1.-4,16109,18496,21803015689712,19656122398739,0.19934636445107567,0.14954894903111282
10163,5.8.-1.-1,237,272,5451630221848,4916165941059,0.19871959235208028,0.14915409553149178
10164,-1.-7.11.-16,32247,36992,14540012102576,13115876818179,0.19804835284763037,0.14871421271501106
10165,-1.-8.13.-19,16131,18496,21813515420336,19682966690301,0.19737742550405485,0.14827460496401518
10166,-1.4.-11.17,32277,36992,43634025373616,39384236306667,0.19670681003114718,0.14783527200019092
10167,-1.5.-13.20,8073,9248,1212250552960,1094514978687,0.1960365061391053,0.14739621354562432
10168,1.-4.11.-17,32307,36992,43648014439504,39420842158797,0.19536651353853035,0.14695742932279895
10169,1.-5.13.-20,16161,18496,21827504486224,19719572542431,0.19469683194042706,0.14651891905459602
10170,1.7.-11.16,32337,36992,14554001168464,13152482670309,0.19402746105620233,0.1460806824642934
10171,1.8.-13.19,1011,1156,1364656188698,1233617216781,0.19335840059766413,0.1456427192755643
10172,-2.-12.14.-19,64729,73984,87349591280576,78982006750759,0.19280108713864297,0.14527692879133533
10173,-2.2.-14.23,32377,36992,43680593242240,39506255813767,0.19224398888681998,0.14491132809231314
10174,2.-2.14.-23,64779,73984,87372781688384,79043016504309,0.19168710567605438,0.14454591701910446
10175,2.12.-14.19,953,1088,21846094223072,19768380345271,0.19113043734039742,0.1441806954125065
10176,-2.-6.10.-15,32411,36992,43696334937136,39547742446181,0.19072976909632738,0.14391693580962056
10177,-2.-7.12.-18,8105,9248,10925120357032,9889681050455,0.1903292120957749,0.14365327445915047
10178,-2.4.-10.15,32429,36992,43704627919120,39569705957459,0.1899287662769847,0.14338971130180692
10179,-2.5.-12.18,16219,18496,446007902144,403884568501,0.18952843157825294,0.14312624627834997
10180,-3.-8.11.-16,32447,36992,43712920901104,39591669468737,0.18912820793792712,0.14286287932959113
10181,-3.3.-11.17,4057,4624,5464633424012,4950331403047,0.18872809529440587,0.1425996103963921
10182,-4.-12.8.-9,32465,36992,43721213883088,39613632980015,0.18832809358613958,0.14233643941966576
10183,-4.-4.-8.15,16237,18496,21862680187040,19812307367827,0.18792820275162928,0.1420733663403745
10184,-5.-13.7.-7,32483,36992,43729506865072,39635596491293,0.18752842272942732,0.14181039109953192
10185,-5.-14.9.-10,8123,9248,10933413339016,9911644561733,0.18712875345813715,0.14154751363820137
10186,-5.-15.11.-13,32501,36992,6248257121008,5665365714653,0.18672919487641315,0.14128473389749732
10187,-5.-4.-11.20,16255,18496,21870973169024,19834270879105,0.18632974692296053,0.14102205181858413
10188,-5.-5.-9.17,32519,36992,43746092829040,39679523513849,0.18593040953653597,0.14075946734267564
10189,-5.-6.-7.14,2033,2312,2734389957502,2480656579343,0.18553118265594637,0.14049698041103698
10190,-6.-16.10.-11,32537,36992,43754385811024,39701487025127,0.18513206622004963,0.14023459096498256
10191,-6.-6.-10.19,16273,18496,21879266151008,19856234390383,0.18473306016775443,0.1399722989458771
10192,2.-4.10.-15,1915,2176,43762678793008,39723450536405,0.18433416443802006,0.1397101042951355
10193,2.-5.12.-18,8141,9248,1563100903000,1419086867573,0.18393537896985626,0.13944800695422255
10194,2.6.-10.15,32573,36992,43770971774992,39745414047683,0.18353670370232392,0.13918600686465207
10195,2.7.-12.18,16291,18496,21887559132992,19878197901661,0.18313813857453382,0.13892410396798896
10196,3.-3.11.-17,32591,36992,43779264756976,39767377558961,0.18273968352564746,0.13866229820584702
10197,3.8.-11.16,4075,4624,5472926405996,4972294914325,0.1823413384948766,0.13840058951989023
10198,4.12.-8.9,32609,36992,43787557738960,39789341070239,0.18194310342148354,0.1381389778518315
10199,4.4.8.-15,16309,18496,21895852114976,19900161412939,0.18154497824478047,0.1378774631434344
10200,5.13.-7.7,32627,36992,6256550102992,5687329225931,0.1811469629041305,0.1376160453365109
10201,5.14.-9.10,8159,9248,10949999302984,9955571584289,0.18074905733894628,0.13735472437292354
10202,5.15.-11.13,32645,36992,43804143702928,39833268092795,0.18035126148869082,0.1370935001945831
10203,5.4.11.-20,16327,18496,21904145096960,19922124924217,0.17995357529287717,0.1368323727434508
10204,5.5.9.-17,32663,36992,43812436684912,39855231604073,0.17955599869106836,0.13657134196153659
10205,5.6.7.-14,1021,1156,1369268224247,1245819167491,0.17915853162287726,0.13631040779089956
10206,6.16.-10.11,32681,36992,43820729666896,39877195115351,0.1787611740279671,0.13604957017364874
10207,6.6.10.-19,16345,18496,3130348296992,2849155490785,0.17836392584605043,0.1357888290519417
10208,0.-2.4.-6,32707,36992,43832706550016,39908920187197,0.17761386647795854,0.1352965196142573
10209,0.2.-4.6,8181,9248,3653378078512,3327471958617,0.17686419686425944,0.13480455388993978
10210,-2.-8.10.-14,65475,73984,87693432446624,79892272273725,0.17626914837535795,0.13441283753861302
10211,-2.2.-10.16,32751,36992,43852895504480,39962608770321,0.1756743452167,0.13402133786412
10212,-3.-1.-7.12,65529,73984,29239383190432,26652720935853,0.17507978718607647,0.13363005467232617
10213,-3.-8.7.-9,16389,18496,21932627033408,19997777018619,0.1744854740815281,0.13323898776934348
10214,2.-2.10.-16,65583,73984,87742866695968,80024053341393,0.17389140570134531,0.13284813696152983
10215,2.8.-10.14,32805,36992,4875290292128,4447611033795,0.17329758184406702,0.13245750205548845
10216,3.1.7.-12,3861,4352,87767583820640,80089943875227,0.1727040023084814,0.1320670828580685
10217,3.8.-7.9,513,578,685780799867,625960071423,0.1721106668936247,0.13167687917636361
10218,-9.-10.-7.15,32845,36992,43895883265024,40077307106995,0.17153953740304223,0.13130007072389047
10219,-9.-17.7.-6,16429,18496,21950897669280,20046584821459,0.17096863391990452,0.13092346210868766
10220,9.10.7.-15,32871,36992,43907707412096,40109032178841,0.17039795626541077,0.13054705315900297
10221,9.17.-7.6,8221,9248,10978404871408,10031223678691,0.16982750426097273,0.1301708437032929
10222,-3.-4.-1.3,65797,73984,87839864644160,80285175086587,0.16919149685986487,0.12974221714164136
10223,-3.-5.1.0,32913,36992,43926245158528,40160280371823,0.16855576971699823,0.12931384103246463
10224,-5.-11.7.-8,65855,73984,87865115989952,80355946400705,0.16792032258548842,0.12888571513744443
10225,-5.-4.-7.13,16471,18496,21969435415712,20097833014441,0.16728515521877713,0.12845783921858567
10226,-5.-6.-3.7,65913,73984,87890367335744,80426717714823,0.16665026737063215,0.1280302130382146
10227,-5.-9.3.-2,32971,36992,43951496504320,40231051685941,0.16601565879514563,0.1276028363589793
10228,3.4.1.-3,65971,73984,87915618681536,80497489028941,0.16538132924673407,0.12717570894384783
10229,3.5.-1.0,4125,4624,5495515272152,5033304667875,0.16474727848013834,0.1267488305561086
10230,5.11.-7.8,66029,73984,87940870027328,80568260343059,0.16411350625042198,0.1263222009593696
10231,5.4.7.-13,33029,36992,43976747850112,40301823000059,0.16348001231297116,0.12589581991755824
10232,5.6.3.-7,66087,73984,87966121373120,80639031657177,0.16284679642349476,0.12546968719491958
10233,5.9.-3.2,16529,18496,21994686761504,20168604328559,0.16221385833802254,0.12504380255601688
10234,-1.-4.5.-7,66145,73984,17598214776704,16141960594259,0.1615811978129053,0.12461326609140085
10235,-1.-5.7.-10,33087,36992,14667233453504,13457531438059,0.1609488146048148,0.12418297862984878
10236,-1.1.-5.8,66203,73984,88015727558528,80780574285413,0.16031670847074198,0.12375293993628372
10237,-1.2.-7.11,487,544,11003506799504,10101994992809,0.15968487916799717,0.12332314977594426
10238,1.-1.5.-8,66261,73984,29346793744512,26950448533177,0.15905332645420994,0.1228936079143844
10239,1.-2.7.-11,33145,36992,8805270807104,8088673125659,0.15842205008732743,0.12246431411747233
10240,1.4.-5.7,66319,73984,88065034908544,80922116913649,0.15779104982561443,0.12203526815139198
10241,1.5.-7.10,16587,18496,7339780145504,6746458547559,0.15716032542765326,0.12160646978263971
10242,-3.-6.7.-10,61,68,1376340887541,1265342288627,0.15672550368745308,0.12131013405640098
10243,-3.1.-7.11,16597,18496,22023567964800,20251577593387,0.15629081296106692,0.12101391605181483
10244,-5.-1.-9.15,8301,9248,3670946954824,3376279761457,0.15585625316956805,0.12071781569250598
10245,-5.-10.1.2,16607,18496,22027795493088,20263779544097,0.1554218242341016,0.12042183290217032
10246,-5.-10.9.-12,4153,4624,5507477314308,5067470129863,0.15498752607588373,0.1201259676045738
10247,-5.-9.-1.5,16617,18496,7344007673792,6758660498269,0.1545533586162019,0.11983021972355305
10248,-9.-13.-5.13,8311,9248,11017068392760,10141041235081,0.15411932177641405,0.11953458918301424
10249,-9.-18.5.-2,16627,18496,1695096196128,1560629495809,0.15368541547794964,0.11923907590693497
10250,3.-1.7.-11,2079,2312,918265179742,845595184203,0.15325163964230884,0.11894367981936191
10251,3.6.-7.10,16637,18496,22040478077952,20300385396227,0.15281799419106276,0.11864840084441237
10252,5.1.9.-15,8321,9248,11021295921048,10153243185791,0.15238447904585264,0.11835323890627375
10253,5.10.-1.-2,16647,18496,7348235202080,6770862448979,0.15195109412839097,0.11805819392920272
10254,5.10.-9.12,4163,4624,5511704842596,5079672080573,0.1515178393604605,0.11776326583752643
10255,5.9.1.-5,16657,18496,22048933134528,20324789297647,0.15108471466391468,0.11746845455564114
10256,9.13.5.-13,8331,9248,3675174483112,3388481712167,0.1506517199606767,0.11717376000801313
10257,9.18.-5.2,16667,18496,22053160662816,20336991248357,0.1502188551727406,0.1168791821191782
10258,-2.-6.6.-8,8337,9248,3676019735344,3390922102309,0.14961306257896073,0.11646686945833631
10259,-2.0.-6.10,16681,18496,22059076161312,20354073979351,0.14900752425280375,0.11605478512098959
10260,-3.-9.9.-12,1043,1156,196982445630,181809065579,0.14840223998091315,0.1156429289007379
10261,-3.0.-9.15,16695,18496,7354997219936,6790385570115,0.14779720955020081,0.11523130059144723
10262,2.0.6.-10,8351,9248,11033974704528,10189849037921,0.14719243274784669,0.11481989998724931
10263,2.6.-6.8,16709,18496,22070907158304,20388239441339,0.14658790936129815,0.11440872688253961
10264,3.0.9.-15,4179,4624,1839488742296,1699731733903,0.14598363917826973,0.11399778107197808
10265,3.9.-9.12,16723,18496,22076822656800,20405322172333,0.1453796219867425,0.1135870623504893
10266,0.-3.6.-9,8365,9248,11039871096832,10206931768915,0.14477585757496383,0.11317407371014059
10267,0.-5.10.-15,16737,18496,3154665961504,2917486414761,0.1441723457314468,0.11276131241402355
10268,0.3.-6.9,2093,2312,2760697658424,2553868283603,0.14356908624496972,0.11234877825758613
10269,0.5.-10.15,16751,18496,22088500804256,20439487634321,0.14296607890457586,0.11193647103653766
10270,-1.-7.7.-9,4189,4624,77783683516,71991509189,0.1425355136341555,0.11164079402387744
10271,-1.-8.9.-12,16761,18496,22092631432832,20451689585031,0.14210507682549392,0.11134523286245171
10272,-1.0.-7.12,8383,9248,11047348373560,10228895280193,0.14167476840195925,0.1110497874779861
10273,-1.1.-9.15,16771,18496,22096762061408,20463891535741,0.1412445882869884,0.11075445779627455
10274,-3.-1.-11.19,2097,2312,2762353421962,2558749063887,0.14081453640408623,0.11045924374317816
10275,-3.-12.11.-14,16781,18496,22100892689984,20476093486451,0.14038461267682648,0.11016414524462641
10276,-3.-13.13.-17,8393,9248,11051479002136,10241097230903,0.13995481702885101,0.10986916222661638
10277,-3.0.-13.22,16791,18496,22105023318560,20488295437161,0.13952514938387015,0.10957429461521213
10278,1.-1.9.-15,247,272,5526772158212,5123599103129,0.13909560966566176,0.10927954233654599
10279,1.0.7.-12,16801,18496,22109153947136,20500497387871,0.13866619779807235,0.10898490531681736
10280,1.7.-7.9,8403,9248,11055609630712,10253299181613,0.1382369137050162,0.10869038348229258
10281,1.8.-9.12,16811,18496,22113284575712,20512699338581,0.13780775731047565,0.1083959767593057
10282,3.0.13.-22,1051,1156,1382209368125,1282425019621,0.13737872853850042,0.10810168507425756
10283,3.1.11.-19,16821,18496,22117415204288,20524901289291,0.13694982731320837,0.10780750835361676
10284,3.12.-11.14,8413,9248,11059740259288,10265501132323,0.13652105355878494,0.10751344652391817
10285,3.13.-13.17,16831,18496,22121545832864,20537103240001,0.13609240719948326,0.10721949951176397
10286,-7.-15.9.-10,67349,73984,88496238504256,82178917836779,0.13555677828445917,0.1068478026731459
10287,-7.-6.-9.17,33687,36992,4917016315392,4567190150753,0.13502134815840464,0.10647628599816678
10288,7.15.-9.10,67399,73984,88516348849856,82239927590329,0.13448611667382085,0.10610494934355916
10289,7.6.9.-17,2107,2312,2766450125708,2570951014597,0.13395108368337266,0.10573379256621866
10290,-11.-16.-5.14,67441,73984,88533139812224,82291175783311,0.1335873745546141,0.10547985092020001
10291,-11.-21.5.-1,33729,36992,14756645933632,13718653183253,0.1332237570952564,0.10522599259255608
10292,-12.-18.-4.13,67475,73984,17709322278272,16466532483145,0.13286023125910246,0.1049722175383611
10293,-12.-22.4.1,16873,18496,22138336795232,20588351432983,0.13249679699999,0.10471852571272233
10294,-13.-20.-3.12,67509,73984,9840009218944,9152683227571,0.13213345427179188,0.10446491707078284
10295,-13.-23.3.3,33763,36992,44283409380032,41197446182173,0.13177020302841522,0.10421139156771977
10296,-14.-22.-2.11,67543,73984,88573554549632,82415635680553,0.13140704322380245,0.10395794915874446
10297,-14.-24.2.5,8445,9248,738169086160,686969824973,0.13104397481193072,0.10370458979910367
10298,-15.-24.-1.10,67577,73984,88587026128768,82457122312967,0.13068099774681177,0.10345131344407799
10299,-15.-25.1.7,33797,36992,44296880959168,41238932814587,0.13031811198249216,0.10319812004898207
10300,11.16.5.-14,67611,73984,29533499235968,27499536315127,0.12995531747305303,0.10294500956916544
10301,11.21.-5.1,16907,18496,22151808374368,20629838065397,0.1295926141726102,0.10269198196001224
10302,12.18.4.-13,67645,73984,17722793857408,16508019115559,0.12923000203531423,0.10243903717694039
10303,12.22.-4.-1,33831,36992,4923372504256,4586713271889,0.1288674810153498,0.10218617517540234
10304,13.20.3.-12,67679,73984,88627440866176,82581582210209,0.12850505106693655,0.10193339591088446
10305,13.23.-3.-3,4231,4624,5539636040984,5162645345401,0.12814271214432846,0.10168069933890755
10306,14.22.2.-11,67713,73984,29546970815104,27541022947541,0.127780464201814,0.10142808541502683
10307,14.24.-2.-5,33865,36992,8864764823488,8264381215883,0.12741830719371605,0.10117555409483146
10308,15.24.1.-10,67747,73984,88654384024448,82664555475037,0.1270562410743919,0.10092310533394434
10309,15.25.-1.-7,16941,18496,7388426651168,6890441565937,0.12669426579823312,0.10067073908802306
10310,-5.-5.-1.3,67781,73984,88667750567616,82706042107451,0.12633238131966568,0.1004167462947741
10311,-5.-6.1.0,33899,36992,44337190660608,41363392711829,0.12597058759315,0.10016283618551991
10312,-6.-5.-4.8,67815,73984,29560337358272,27582509579955,0.12560888457318017,0.09990900871596155
10313,-6.-9.4.-4,8479,9248,11085955353552,10346034007009,0.12524727221428514,0.09965526384183446
10314,5.5.1.-3,67849,73984,88694273582016,82789015372279,0.12488575047102773,0.09940160151890712
10315,5.6.-1.0,33933,36992,14783484055936,13801626448081,0.12452431929800502,0.0991480217029826
10316,6.5.4.-8,67883,73984,88707535089216,82830502004693,0.12416297864984811,0.09889452434989718
10317,6.9.-4.4,16975,18496,22178541460704,20712811330225,0.12380172848122228,0.09864110941552125
10318,-4.-12.12.-16,16981,18496,22180856584928,20720132500651,0.12329188218982026,0.09828185210355525
10319,-4.0.-12.20,16987,18496,22183171709152,20727453671077,0.12278221601369231,0.0979227591899766
10320,4.0.12.-20,16993,18496,22185486833376,20734774841503,0.12227272982562308,0.0975638305508509
10321,4.12.-12.16,16999,18496,22187801957600,20742096011929,0.12176342349853242,0.0972050660623773
10322,-6.-10.2.0,34011,36992,44380394362928,41500054559781,0.12121187779840484,0.09680925417904207
10323,-6.-8.-2.6,4253,4624,5548148101332,5189489636963,0.12066054287491522,0.09641363626324549
10324,6.10.-2.0,34037,36992,131720994832,123239702171,0.12010941856702556,0.09601821215757816
10325,6.8.2.-6,17025,18496,22197382853056,20773821083775,0.11955850471388298,0.09562298170481405
10326,-2.-10.10.-13,17031,18496,22199587237312,20781142254201,0.11905015550464552,0.09525789696747575
10327,-2.-2.-6.11,17037,18496,22201791621568,20788463424627,0.11854198535466125,0.09489297706415888
10328,-2.-8.6.-7,17043,18496,965391130688,904164547611,0.11803399413783208,0.09452822187159049
10329,-2.0.-10.17,17049,18496,22206200390080,20803105765479,0.11752618172819308,0.09416363126662931
10330,2.0.10.-17,17055,18496,22208404774336,20810426935905,0.11701854799991233,0.09379920512626629
10331,2.10.-10.13,17061,18496,22210609158592,20817748106331,0.11651109282729083,0.09343494332762439
10332,2.2.6.-11,17067,18496,22212813542848,20825069276757,0.11600381608476167,0.09307084574795854
10333,2.8.-6.7,17073,18496,22215017927104,20832390447183,0.11549671764689083,0.09270691226465458
10334,-1.-6.9.-13,2135,2312,555435130494,521023295317,0.11490532799282614,0.09227055063001124
10335,-1.3.-9.14,17087,18496,22219792512416,20849473178177,0.11431418066192088,0.09183441466143528
10336,1.-3.9.-14,8547,9248,11111089902536,10429007271837,0.11372327545567155,0.09139850416400175
10337,1.6.-9.13,17101,18496,22224567097728,20866555909171,0.11313261217581845,0.09096281894302903
10338,-10.-12.-6.14,34213,36992,44452745284064,41746533964123,0.11266868918856322,0.09061609706918887
10339,-10.-18.6.-4,2139,2312,2778522273292,2609997256869,0.11220491533563456,0.09026951480930868
10340,-11.-14.-5.13,34235,36992,8891993492256,8354675651137,0.11174129052118062,0.08992307206908354
10341,-11.-19.5.-2,17123,18496,22231789274944,20893400200733,0.1112778146494419,0.0895767687543003
10342,-12.-16.-4.12,34257,36992,44467189638496,41800222547247,0.11081448762475171,0.08923060477083798
10343,-12.-20.4.0,8567,9248,11117700181776,10453411173257,0.11035130935153498,0.0888845800246665
10344,-13.-18.-3.11,34279,36992,44474411815712,41827066838809,0.10988827973430863,0.0885386944218489
10345,-13.-21.3.2,17145,18496,4447802290432,4184048898459,0.10942539867768207,0.088192947868538
10346,-14.-20.-2.10,34301,36992,44481633992928,41853911130371,0.10896266608635591,0.08784734027097946
10347,-14.-22.2.4,4289,4624,5560655635192,5233416659519,0.10850008186512247,0.08750187153550965
10348,-15.-22.-1.9,2019,2176,44488856170144,41880755421933,0.10803764591886614,0.08715654156855603
10349,-15.-23.1.6,17167,18496,22246233629376,20947088783857,0.1075753581525622,0.08681135027663739
10350,10.12.6.-14,34345,36992,8899215669472,8381519942699,0.10711321847127726,0.08646629756636337
10351,10.18.-6.4,8589,9248,11124922358992,10480255464819,0.1066512267801697,0.08612138334443409
10352,11.14.5.-13,34367,36992,44503300524576,41934444005057,0.10618938298448835,0.08577660751764082
10353,11.19.-5.2,17189,18496,22253455806592,20973933075419,0.10572768698957313,0.08543196999286566
10354,12.16.4.-12,34389,36992,44510522701792,41961288296619,0.10526613870085527,0.08508747067708007
10355,12.20.-4.0,1075,1156,55642667238,52468388053,0.10480473802385622,0.0847431094773473
10356,13.18.3.-11,34411,36992,44517744879008,41988132588181,0.10434348486418821,0.08439888630081999
10357,13.21.-3.-2,17211,18496,22260677983808,21000777366981,0.10388237912755383,0.08405480105474078
10358,14.20.2.-10,34433,36992,44524967056224,42014976879743,0.10342142071974654,0.08371085364644293
10359,14.22.-2.-4,8611,9248,11132144536208,10507099756381,0.10296060954664961,0.08336704398334913
10360,15.22.1.-9,34455,36992,8906437846688,8408364234261,0.10249994551423641,0.08302337197297179
10361,15.23.-1.-6,17233,18496,22267900161024,21027621658543,0.1020394285285709,0.08267983752291373
10362,-2.-9.12.-17,34479,36992,44540005108960,42071105853009,0.10149537063448638,0.08227198328595216
10363,-2.3.-12.19,8623,9248,11136052473968,10521742097233,0.10095151783392804,0.08186432128485521
10364,2.-3.12.-19,34505,36992,44548414682784,42102830924855,0.10040786997232573,0.08145685136747953
10365,2.9.-12.17,17259,18496,22276309734848,21059346730389,0.09986442689528399,0.0810495733818566
10366,-3.-10.11.-15,69061,73984,89113157606464,84267891798331,0.09934207845301182,0.08065542968100461
10367,-3.1.-11.18,34543,36992,44560538136768,42149198337553,0.09881991906604078,0.08026146364358297
10368,-4.-1.-10.17,69111,73984,12732713562944,12046985935983,0.09829794859756955,0.07986767513481523
10369,-4.-10.8.-10,4321,4624,5571057100480,5272462901791,0.09777616691094507,0.0794740640200715
10370,-4.-11.10.-13,69161,73984,89144832274752,84389911305431,0.09725457386966303,0.07908063016487091
10371,-4.-2.-8.14,34593,36992,44576375470912,42210208091103,0.0967331693373666,0.07868737343487942
10372,3.-1.11.-18,69211,73984,89160669608896,84450921058981,0.0962119531778469,0.07829429369591019
10373,3.10.-11.15,17309,18496,1173270898368,1111597709681,0.09569092525504265,0.07790139081392347
10374,4.1.10.-17,69261,73984,89176506943040,84511930812531,0.09517008543303974,0.07750866465502636
10375,4.10.-8.10,34643,36992,6370316115008,6038745406379,0.09464943357607171,0.07711611508547304
10376,4.11.-10.13,69311,73984,89192344277184,84572940566081,0.09412896954851856,0.07672374197166328
10377,4.2.8.-14,8667,9248,11150032868032,10575430680357,0.09360869321490717,0.07633154518014329
10378,0.-4.8.-12,8671,9248,11151296049344,10580311460641,0.09294301317500171,0.07582929803908146
10379,0.-6.12.-18,8675,9248,11152559230656,10585192240925,0.0922776401476933,0.07532733939853599
10380,0.4.-8.12,8679,9248,11153822411968,10590073021209,0.09161257384992297,0.07482566897964102
10381,0.6.-12.18,8683,9248,11155085593280,10594953801493,0.0909478139990236,0.07432428650392173
10382,-1.-9.15.-22,4343,4624,5577978963548,5299307193353,0.0904494450467861,0.07393873268467738
10383,-1.6.-15.23,8689,9248,11156830260912,10602274971919,0.08995124819318301,0.07355334214289704
10384,1.-6.15.-23,2173,2312,2789425648682,2651483889283,0.08945322331939587,0.07316811476114125
10385,1.9.-15.22,8695,9248,11158574928544,10609596142345,0.08895537030672938,0.07278305042209357
10386,-3.-11.13.-18,4093,4352,89273947595328,84902393235251,0.08851988980725466,0.07243400057015988
10387,-3.2.-13.21,34801,36992,44639647881152,42464008665871,0.08808454071880881,0.07208507695157777
10388,-5.-13.11.-14,69623,73984,89284643929280,84953641428233,0.08764932296210665,0.0717362794876824
10389,-5.-2.-11.19,17411,18496,22322498024064,21244816381181,0.08721423645793422,0.07138760809987967
10390,3.-2.13.-21,69665,73984,89295340263232,85004889621215,0.08677928112714939,0.07103906270964815
10391,3.11.-13.18,34843,36992,44650344215104,42515256858853,0.08634445689068157,0.0706906432385368
10392,5.13.-11.14,69707,73984,8118730599744,7732376164927,0.08590976366953165,0.07034234960816649
10393,5.2.11.-19,2179,2312,2790980773880,2658805059709,0.0854752013847719,0.06999418174022935
10394,-1.-6.13.-20,4359,4624,5582202365680,5318830314489,0.08514419414668144,0.06972541415065862
10395,-1.-7.15.-23,8719,9248,11164645549280,10638880824049,0.08497871900273792,0.06959105782409301
10396,-1.7.-13.19,513,544,656772187360,625960071423,0.08464782564328541,0.06932240008577788
10397,-1.8.-15.22,4361,4624,5582684001520,5321270704631,0.08448240741907292,0.06918809866538239
10398,-10.-11.-4.10,2181,2312,2791462409720,2661245449851,0.08415162785992829,0.06891955070051398
10399,-10.-12.-2.7,4363,4624,5583165637360,5323711094773,0.08382092412417896,0.06865107587475575
10400,-10.-13.0.4,1091,1156,1395851613820,1331232822461,0.08349029617707164,0.06838267415358641
10401,-10.-14.2.1,4365,4624,1116729454640,1065230296983,0.0831597439838764,0.0681143455025076
10402,-10.-15.-4.12,2183,2312,2791944045560,2663685839993,0.08282926750988785,0.06784608988704519
10403,-10.-15.4.-2,4367,4624,507648082640,484417443187,0.08249886672042378,0.06757790727274877
10404,-10.-16.-2.9,273,289,349023107935,333113254383,0.0821685415808263,0.06730979762519171
10405,-10.-17.0.6,257,272,328506502640,313590133247,0.08183829205646134,0.0670417609099712
10406,-10.-18.2.3,2185,2312,558485136280,533225246027,0.08150811811271808,0.06677379709270771
10407,-10.-19.4.0,4371,4624,5585092180720,5333472655341,0.08117801971501012,0.06650590613904661
10408,-11.-13.-3.9,1093,1156,1396333249660,1333673212603,0.08084799682877418,0.06623808801465578
10409,-11.-14.-1.6,4373,4624,5585573816560,5335913045483,0.08051804941947113,0.06597034268522749
10410,-11.-15.1.3,2187,2312,2792907317240,2668566620277,0.08018817745258558,0.06570267011647696
10411,-11.-16.3.0,4375,4624,223442218096,213534137425,0.07985838089362529,0.06543507027414396
10412,-11.-17.-3.11,547,578,698287033790,667446703837,0.07952865970812233,0.06516754312399133
10413,-11.-18.-1.8,4377,4624,5586537088240,5340793825767,0.07919901386163174,0.06490008863180566
10414,-11.-19.1.5,2189,2312,253944450280,242818819129,0.07886944331973265,0.06463270676339673
10415,-11.-20.3.2,4379,4624,5587018724080,5343234215909,0.07853994804802782,0.06436539748459857
10416,-12.-15.-2.8,1095,1156,279362977100,267222720549,0.07821052801214302,0.06409816076126817
10417,-12.-16.0.5,4381,4624,5587500359920,5345674606051,0.07788118317772826,0.0638309965592866
10418,-12.-17.2.2,2191,2312,2793870588920,2673447400561,0.07755191351045637,0.06356390484455776
10419,-12.-19.-2.10,4383,4624,5587981995760,5348114996193,0.07722271897602422,0.06329688558300907
10420,-12.-20.0.7,274,289,349263925855,334333449454,0.07689359954015212,0.06302993874059218
10421,-12.-21.2.4,4385,4624,1117692726320,1070111077267,0.07656455516858338,0.06276306428328152
10422,-13.-17.-1.7,129,136,164373660280,157405164159,0.07623558582708535,0.062496262177074574
10423,-13.-18.1.4,4387,4624,5588945267440,5352995776477,0.07590669148144817,0.062229532387993294
10424,-13.-21.-1.9,1097,1156,1397296521340,1338553992887,0.07557787209748586,0.06196287488208194
10425,-13.-22.1.6,4389,4624,508129718480,486857833329,0.0752491276410358,0.061696289625408705
10426,-14.-23.0.8,2195,2312,558966772120,535665636169,0.07492045807795825,0.061429776584064844
10427,-3.-7.9.-13,4391,4624,5589908539120,5357876556761,0.07459186337413741,0.06116333572416538
10428,-3.2.-9.14,549,578,698768669630,669887093979,0.07426334349548017,0.0608969670118476
10429,-4.-10.12.-17,8785,9248,2236107906400,2143882739747,0.07409911160494041,0.060763809700456355
10430,-4.-14.12.-15,8787,9248,11181021167840,10721854088877,0.07377070390015575,0.06049754914607139
10431,-4.-2.-12.21,517,544,59794132640,57349168337,0.07344237093540484,0.0602313606547149
10432,-4.-9.10.-14,8791,9248,11181984439520,10726734869161,0.07311411267667599,0.05996524419260592
10433,-4.1.-10.16,8793,9248,11182466075360,10729175259303,0.07278592908998115,0.059699199725987265
10434,-4.2.-12.19,4397,4624,5591353446640,5365197727187,0.0726218652880316,0.05956620448044368
10435,-5.-11.11.-15,8795,9248,2236589542240,2146323129889,0.0724578201413555,0.05943322722112439
10436,-5.0.-11.18,2199,2312,2795797132280,2683208961129,0.07229379364571084,0.05930026794381543
10437,-6.-15.8.-8,4399,4624,5591835082480,5367638117329,0.0719657965905549,0.059034403318384464
10438,-6.-6.-2.5,275,289,1270926341,1220195071,0.07163787408865681,0.05876861057047449
10439,-6.-7.-8.16,4401,4624,5592316718320,5370078507471,0.07131002610613277,0.05850288966643179
10440,-6.-7.0.2,2201,2312,2796278768120,2685649351271,0.07098225260912153,0.05823724057262585
10441,-6.-8.2.-1,259,272,328988138480,316030523389,0.0706545535637856,0.057971663255449175
10442,-7.-10.3.-2,1101,1156,1398259793020,1343434773171,0.07032692893630987,0.05770615768131761
10443,-7.-11.5.-5,4405,4624,1118655998000,1074991857551,0.06999937869290279,0.057440723816669516
10444,-7.-12.-1.6,2203,2312,2796760403960,2688089741413,0.06967190279979577,0.05717536162796642
10445,-7.-13.1.3,4407,4624,5593761625840,5377399677897,0.06934450122324275,0.056910071081693124
10446,-7.-17.9.-9,551,578,699250305470,672327484121,0.06901717392952128,0.056644852144356786
10447,-7.-18.11.-12,8817,9248,11188245705440,10758459941007,0.06885353812819006,0.05651226951857991
10448,-7.-6.-5.10,8819,9248,11188727341280,10760900331149,0.06852632219553569,0.05624715793190101
10449,-7.-7.-11.21,2205,2312,559448407960,538106026311,0.06836274205579583,0.05611462896264029
10450,-7.-7.-3.7,4411,4624,508611354320,489298223471,0.0680356374084613,0.05584962465138911
10451,-7.-8.-1.4,1103,1156,1398741428860,1345875163313,0.0677086069092962,0.05558469181533424
10452,-7.-8.-9.18,4413,4624,5595206533360,5384720848323,0.06738165052469261,0.05531983042109727
10453,-7.-9.1.1,2207,2312,2797723675640,2692970521697,0.0670547682210648,0.055055040435322534
10454,-8.-10.0.3,4415,4624,1119137633840,1077432247693,0.0667279599648504,0.054790321824678155
10455,-8.-11.2.0,276,289,349745561695,336773839596,0.0664012257225098,0.05452567455585359
10456,-8.-12.4.-3,4417,4624,5596169805040,5389601628607,0.06607456546052567,0.05426109859556248
10457,-8.-13.-2.8,2209,2312,2798205311480,2695410911839,0.06574797914540415,0.05399659391054026
10458,-8.-13.6.-6,4419,4624,5596651440880,5392042018749,0.06542146674367338,0.05373216046754574
10459,-8.-14.0.5,65,68,16461447820,15862535923,0.06509502822188483,0.05346779823335936
10460,-8.-15.2.2,4421,4624,5597133076720,5394482408891,0.06476866354661258,0.05320350717478534
10461,-8.-19.10.-10,8843,9248,11194506971360,10790185012853,0.06460550889098056,0.05307138832598537
10462,-8.-7.-6.12,8845,9248,2238997721440,2158525080599,0.06427925492285809,0.05280720396863659
10463,-8.-8.-4.9,8847,9248,11195470243040,10795065793137,0.06395307471778579,0.05254309070400888
10464,-8.-9.-10.20,553,578,699731941310,674767874263,0.06379001226597178,0.052411060721115184
10465,-8.-9.-2.6,4425,4624,223923853936,215974527567,0.06346394264295661,0.052147054033481216
10466,-9.-10.-3.8,2213,2312,2799168583160,2700291692123,0.06313794669966724,0.05188311835581816
10467,-9.-11.-1.5,4427,4624,5598577984240,5401803579317,0.06281202440281304,0.051619253655064944
10468,-9.-12.1.2,1107,1156,1399704700540,1350755943597,0.06248617571912664,0.05135545989818354
10469,-9.-13.3.-1,4429,4624,5599059620080,5404243969459,0.06216040061536249,0.05109173705215867
10470,-9.-14.-3.10,2215,2312,559930043800,540546416453,0.06183469905829808,0.05082808508399731
10471,-9.-14.5.-4,4431,4624,5599541255920,5406684359601,0.061509071014733414,0.050564503960728376
10472,-9.-15.-1.7,277,289,349986379615,337994034667,0.06118351645149044,0.05030099364940409
10473,-9.-16.1.4,4433,4624,509092990160,491738613613,0.06085803533541424,0.05003755411709845
10474,-9.-17.3.1,2217,2312,2800131854840,2705172472407,0.06053262763337168,0.04977418533090854
10475,-9.-9.-5.11,4435,4624,1120100905520,1082313027977,0.06020729331225251,0.04951088725795275
10476,1.-7.13.-19,1109,1156,1400186336380,1353196333739,0.059882032338968896,0.04924765986537299
10477,1.-8.15.-22,8873,9248,11201731508960,10826790864983,0.05971942934743148,0.049116072663961896
10478,1.6.-13.20,8875,9248,448088525792,433169250205,0.059394278333909714,0.04885295123038498
10479,1.7.-15.23,2219,2312,2800613490680,2707612862549,0.059231730303667504,0.048721416990018473
10480,10.11.4.-10,4439,4624,5601467799280,5416445920169,0.05890668917558551,0.04845840144163827
10481,10.12.2.-7,555,578,140042715430,135441652881,0.05858172126321059,0.0481954564424227
10482,10.13.0.-4,4441,4624,5601949435120,5418886310311,0.05825682653356608,0.047932581959624763
10483,10.14.-2.-1,2221,2312,2801095126520,2710053252691,0.05793200495369808,0.04766977796051983
10484,10.15.-4.2,4443,4624,5602431070960,5421326700453,0.057607256490674955,0.047407044412405015
10485,10.15.4.-12,1111,1156,127333452020,123239702171,0.0572825811115868,0.04714438128259994
10486,10.16.2.-9,4445,4624,1120582541360,1084753418119,0.05695797878354659,0.04688178853844673
10487,10.17.0.-6,2223,2312,2801576762360,2712493642833,0.05663344947368881,0.04661926614730917
10488,10.18.-2.-3,4447,4624,5603394342640,5426207480737,0.05630899314917065,0.04635681407657307
10489,10.19.-4.0,278,289,350227197535,339214229738,0.05598460977717143,0.046094432293647264
10490,11.13.3.-9,4449,4624,5603875978480,5428647870879,0.05566029932489211,0.04583212076596119
10491,11.14.1.-6,2225,2312,112082335928,108597361319,0.05533606175955644,0.04556987946096802
10492,11.15.-1.-3,4451,4624,5604357614320,5431088261021,0.055011897048409586,0.04530770834614199
10493,11.16.-3.0,1113,1156,1401149608060,1358077114023,0.05468780515871929,0.04504560738897964
10494,11.17.3.-11,4453,4624,5604839250160,5433528651163,0.05436378605777535,0.0447835765569993
10495,11.18.1.-8,131,136,164855296120,159845554301,0.0540398397128891,0.044521615817741736
10496,11.19.-1.-5,4455,4624,101914925200,98835800751,0.053715966091394556,0.04425972513876961
10497,11.20.-3.-2,557,578,700695212990,679648654547,0.053392165160647063,0.04399790448766691
10498,12.15.2.-8,4457,4624,5605802521840,5438409431447,0.05306843688802443,0.043736153832040575
10499,12.16.0.-5,2229,2312,2803021669880,2719814813259,0.05274478124092644,0.04347447313951898
10500,12.17.-2.-2,4459,4624,5606284157680,5440849821589,0.0524211981867743,0.04321286237775203
10501,12.19.2.-10,1115,1156,280326248780,272103500833,0.052097687693011804,0.04295132151441211
10502,12.20.0.-7,4461,4624,5606765793520,5443290211731,0.05177424972710397,0.04268985051719325
10503,12.21.-2.-4,2231,2312,2803503305720,2722255203401,0.051450884256538196,0.042428449353811154
10504,13.17.1.-7,4463,4624,5607247429360,5445730601873,0.051127591248823746,0.042167117992003594
10505,13.18.-1.-4,279,289,350468015455,340434424809,0.050804370671491204,0.04190585639953046
10506,13.21.1.-9,4465,4624,1121545813040,1089634198403,0.050481222492093664,0.04164466454417258
10507,13.22.-1.-6,2233,2312,254907721960,247699599413,0.050158146678205326,0.04138354239373332
10508,14.23.0.-8,4467,4624,5608210701040,5450611382157,0.04983514319742268,0.04112248991603742
10509,3.-2.9.-14,1117,1156,1402112879740,1362957894307,0.049512212017363985,0.04086150707893134
10510,3.7.-9.13,4469,4624,5608692336880,5453051772299,0.04918935310566872,0.040600593850283355
10511,4.-1.10.-16,2235,2312,560893315480,545427196737,0.04886656642999877,0.040339750197983575
10512,4.-2.12.-19,8941,9248,11218107127520,10909764129811,0.048705200170573226,0.0402093544529357
10513,4.10.-12.17,263,272,329951410160,320911303673,0.048543851958037045,0.0400789760899434
10514,4.14.-12.15,559,578,701176848830,682089044689,0.04822120965748864,0.03981827149409621
10515,4.2.12.-21,4473,4624,5609655608560,5457932552583,0.04789863949608031,0.039557636378397106
10516,4.9.-10.14,2237,2312,2804948213240,2729576373827,0.047576141441559944,0.039297070710822016
10517,5.0.11.-18,8949,9248,11220033670880,10919525690379,0.04741491944431014,0.0391668139100799
10518,5.11.-11.15,4475,4624,224405489776,218414917709,0.04725371546169775,0.039036574459369956
10519,6.15.-8.8,1119,1156,1402594515580,1365398284449,0.04693136152428484,0.03877614759205997
10520,6.6.2.-5,4477,4624,510056261840,496619393897,0.046609079597134444,0.03851579007693337
10521,6.7.0.-2,2239,2312,2805429849080,2732016763969,0.04628686964808132,0.038255501882053164
10522,6.7.8.-16,4479,4624,5611100516080,5465253723009,0.045964731644981306,0.037995282975503496
10523,6.8.-2.1,280,289,70141766675,68330923976,0.04564266555571241,0.03773513332539033
10524,7.10.-3.2,4481,4624,5611582151920,5467694113151,0.045320671348173504,0.037475052899840565
10525,7.11.-5.5,2241,2312,2805911484920,2734457154111,0.044998748990285595,0.037215041667003346
10526,7.12.1.-6,4483,4624,5612063787760,5470134503293,0.04467689844999051,0.036955099595048876
10527,7.13.-1.-3,1121,1156,1403076151420,1367838674591,0.044355119695252014,0.03669522665216817
10528,7.17.-9.9,4485,4624,1122509084720,1094514978687,0.0440334126940553,0.03643542280657497
10529,7.18.-11.12,8971,9248,11225331665120,10946369981941,0.043872586091036066,0.03630554678533341
10530,7.6.5.-10,8973,9248,11225813300960,10948810372083,0.043550986660170564,0.036045846526117135
10531,7.7.11.-21,4487,4624,5613027059440,5475015283577,0.04339021382433376,0.03591602228020912
10532,7.7.3.-7,33,34,3752184410,3660585213,0.04306872189188598,0.03565642553596909
10533,7.8.1.-4,4489,4624,5613508695280,5477455673719,0.042747301585133894,0.03539689776208191
10534,7.8.9.-18,2245,2312,561374951320,547867586879,0.04242595287216957,0.03513743892686743
10535,7.9.-1.-1,4491,4624,5613990331120,5479896063861,0.04210467572110589,0.034878048998666394
10536,8.10.0.-3,1123,1156,1403557787260,1370279064733,0.04178347010007772,0.03461872794584113
10537,8.11.-2.0,4493,4624,5614471966960,5482336454003,0.04146233597724052,0.034359475736775585
10538,8.12.-4.3,2247,2312,2807356392440,2741778324537,0.04114127332077152,0.03410029233987385
10539,8.13.-6.6,4495,4624,1122990720560,1096955368829,0.040820282098869176,0.033841177723562384
10540,8.13.2.-8,281,289,350949651295,342874814951,0.04049936227975269,0.03358213185628821
10541,8.14.0.-5,4497,4624,5615435238640,5487217234287,0.04017851383166311,0.0333231547065199
10542,8.15.-2.-2,2249,2312,2807838028280,2744218714679,0.039857736722862025,0.03306424624274638
10543,8.19.-10.10,8997,9248,11231592931040,10978095053787,0.03969737491078244,0.0329348177582666
10544,8.7.6.-12,8999,9248,11232074566880,10980535443929,0.039376704751451726,0.03267601226444997
10545,8.8.4.-9,9001,9248,11232556202720,10982975834071,0.03905610585215716,0.03241727537794491
10546,8.9.10.-20,4501,4624,5616398510320,5492098014571,0.03889583311512736,0.03228793265260921
10547,8.9.2.-6,2251,2312,2808319664120,2746659104821,0.03857534104652321,0.032029298618133646
10548,9.10.3.-8,4503,4624,5616880146160,5494538404713,0.038254920158834214,0.03177073311241773
10549,9.11.1.-5,563,578,702140120510,686969824973,0.03793457042044917,0.03151223610407717
10550,9.12.-1.-2,265,272,66086609200,64670338763,0.03761429179977791,0.03125380756174875
10551,9.13.-3.1,2253,2312,2808801299960,2749099494963,0.03729408426525082,0.030995447454091024
10552,9.14.-5.4,4507,4624,5617843417840,5499419184997,0.03697394778531996,0.030737155749782766
10553,9.14.3.-10,1127,1156,1404521058940,1375159845017,0.036653882328457725,0.030478932417524
10554,9.15.1.-7,4509,4624,5618325053680,5501859575139,0.03633388786315798,0.030220777426035735
10555,9.16.-1.-4,2255,2312,51077871560,50027997911,0.036013964357935545,0.0299626907440597
10556,9.17.-3.-1,4511,4624,5618806689520,5504299965281,0.035694111781325706,0.029704672340359034
10557,9.9.5.-11,282,289,351190469215,344095010022,0.03537433010188532,0.029446722183717404
10558,-10.-13.-4.11,531,544,73455801568,71991509189,0.034894790446185826,0.029049677419515044
10559,-10.-14.-2.8,4515,4624,5619690132464,5509180745565,0.03441541013245826,0.02865278728040585
10560,-10.-15.0.5,9033,9248,11240022889952,11022022076343,0.03393618905484515,0.028256051661071032
10561,-10.-16.2.2,2259,2312,936722126248,918806888463,0.03345712710759445,0.0278594704562984
10562,-10.-17.4.-1,9039,9248,11241308140000,11029343246769,0.032978224185059454,0.027463043560980303
10563,-11.-15.-3.10,4521,4624,5620975382512,5516501915991,0.03249948018169861,0.0270667708701144
10564,-11.-16.-1.7,9045,9248,55933300448,54908778195,0.03202089499207542,0.02667065227880281
10565,-11.-17.1.4,1131,1156,1405404501884,1380040625301,0.031542468510858436,0.0262746876822532
10566,-11.-18.3.1,9051,9248,11243878640096,11043985587621,0.031064200632820452,0.025878876975777322
10567,-12.-17.-2.9,4527,4624,624695625840,613758120713,0.030586091252839405,0.025483220054791467
10568,-12.-18.0.6,9057,9248,11245163890144,11051306758047,0.030108140265897525,0.02508771681481719
10569,-12.-19.2.3,2265,2312,2811451628792,2763741835815,0.02963034756708139,0.024692367151478926
10570,-13.-19.-1.8,9063,9248,3748816380064,3686209309491,0.02915271305158177,0.024297170960506004
10571,-13.-20.1.5,4533,4624,5623545882608,5531144256843,0.028675236614693515,0.023902128137731807
10572,-14.-21.0.7,9069,9248,11247734390240,11065949098899,0.02819791815181538,0.02350723857909358
10573,-4.-6.0.2,567,578,234341187818,230616868419,0.027720757558449924,0.023112502180631597
10574,-5.-12.9.-11,9075,9248,11249019640288,11073270269325,0.027243754730203348,0.022717918838490232
10575,-5.-3.-9.16,267,272,330872419568,325792083957,0.02676690956278554,0.022323488448917118
10576,-6.-9.0.3,9081,9248,1250033876704,1231176826639,0.026290221952009262,0.02192921090826358
10577,-7.-10.-1.5,2271,2312,2812736878840,2771063006241,0.025813691793791022,0.0215350861129838
10578,-7.-11.1.2,9087,9248,11251590140384,11087912610177,0.025337318984150252,0.021141113959634306
10579,-7.-12.3.-1,4545,4624,1875372127568,1848595532565,0.024861103419209364,0.020747294344875645
10580,-7.-9.-3.8,9093,9248,11252875390432,11095233780603,0.024385044995193603,0.020353627165470612
10581,-8.-10.-4.10,1137,1156,1406689751932,1387361795727,0.023909143608430897,0.01996011231828436
10582,-8.-11.-2.7,9099,9248,3751386880160,3700851650343,0.023433399155351753,0.019566749700284818
10583,-8.-12.0.4,4551,4624,5627401632752,5553107768121,0.02295781153248909,0.019173539208541857
10584,-8.-13.2.1,9105,9248,11255445890528,11109876121455,0.022482380636478283,0.018780480740228346
10585,-8.-14.4.-2,2277,2312,312669125432,308709352963,0.02200710636405638,0.01838757419261835
10586,-9.-11.-5.12,9111,9248,11256731140576,11117197291881,0.021531988612062937,0.017994819463088518
10587,-9.-12.-3.9,4557,4624,5628686882800,5560428938547,0.02105702727743923,0.017602216449116907
10588,-9.-13.-1.6,9117,9248,3752672130208,3708172820769,0.020582222257228295,0.0172097650482831
10589,-9.-14.1.3,285,289,351833094239,347755595235,0.020107573448574778,0.01681746515826893
10590,-9.-15.3.0,9123,9248,11259301640672,11131839632733,0.01963308074872482,0.016425316676856684
10591,-9.-16.5.-3,4563,4624,1876657377616,1855916702991,0.019158744055025902,0.016033319501930487
10592,10.13.4.-11,537,544,662387464160,655244753127,0.018684563264926735,0.01564147353147543
10593,10.14.2.-8,2283,2312,2815307378936,2785705347093,0.018210538275977274,0.015249778663577998
10594,10.15.0.-5,9135,9248,1251319126752,1238497997065,0.017736668985827937,0.014858234796424594
10595,10.16.-2.-2,4569,4624,5631257382896,5575071279399,0.017262955292230455,0.0144668418283032
10596,10.17.-4.1,9141,9248,11263157390816,11153803144011,0.016789397093037076,0.014075599657602543
10597,11.15.3.-10,1143,1156,469325000660,464894322051,0.01631599428620061,0.013684508182810598
10598,11.16.1.-7,9147,9248,11264442640864,11161124314437,0.015842746769774287,0.013293567302516903
10599,11.17.-1.-4,4575,4624,5632542632944,5582392449825,0.015369654441911636,0.012902776915411071
10600,11.18.-3.-1,9153,9248,3755242630304,3722815161621,0.01489671720086634,0.012512136920281613
10601,12.17.2.-9,2289,2312,2816592628984,2793026517519,0.014423934944992108,0.012121647216018893
10602,12.18.0.-6,9159,9248,11267013140960,11175766655289,0.013951307572742556,0.011731307701611085
10603,12.19.-2.-3,4581,4624,625980875888,621079291139,0.013478834982671224,0.011341118276147444
10604,13.19.1.-8,9165,9248,11268298391008,11183087825715,0.013006517073430804,0.0109510788388165
10605,13.20.-1.-5,573,578,704308813502,699171775683,0.012534353743773976,0.010561189288905497
10606,14.21.0.-7,9171,9248,3756527880352,3730136332047,0.012062344892552644,0.010171449525801766
10607,4.6.0.-2,4587,4624,5635113133040,5597034790677,0.011590490418717944,0.009781859448991218
10608,5.12.-9.11,9177,9248,11270868891104,11197730166567,0.011118790221320141,0.00939241895805971
10609,5.3.9.-16,135,136,55252507432,54908778195,0.010647244199508478,0.00900312795269058
10610,6.9.0.-3,9183,9248,11272154141152,11205051336993,0.01017585225253106,0.008613986332667287
10611,7.10.1.-5,4593,4624,5636398383088,5604355961103,0.009704614279734715,0.008224993997871258
10612,7.11.-1.-2,9189,9248,1252604376800,1245819167491,0.009233530180565037,0.007836150848281986
10613,7.12.-3.1,1149,1156,1409260252028,1402004136579,0.008762599854565605,0.00744745678397838
10614,7.9.3.-8,9195,9248,11274724641248,11219693677845,0.008291823201378818,0.0070589117051372535
10615,8.10.4.-10,4599,4624,1879227877712,1870559043843,0.007821200120745136,0.006670515512032776
10616,8.11.2.-7,9201,9248,11276009891296,11227014848271,0.007350730512503097,0.006282268105038145
10617,8.12.0.-4,2301,2312,2819163129080,2807668858371,0.006880414276589201,0.005894169384623758
10618,8.13.-2.-1,9207,9248,3759098380448,3744778672899,0.006410251313037775,0.005506219251357923
10619,8.14.-4.2,4605,4624,5638968883184,5618998301955,0.00594024152198085,0.005118417605906944
10620,9.11.5.-12,9213,9248,11278580391392,11241657189123,0.00547038480364803,0.0047307643490342435
10621,9.12.3.-9,288,289,39163968807,39046242272,0.00500068105836653,0.0043432593816004365
10622,9.13.1.-6,9219,9248,11279865641440,11248978359549,0.004531130186560403,0.003955902604563729
10623,9.14.-1.-3,4611,4624,5640254133232,5626319472381,0.004061732088751377,0.0035686939189790356
10624,9.15.-3.0,9225,9248,3760383630496,3752099843325,0.0035924866655580897,0.0031816332259986956
10625,9.16.-5.3,2307,2312,2820448379128,2814990028797,0.003123393817696118,0.0027947204268719073
10626,-2.-10.14.-20,18461,18496,22564229658048,22526021205731,0.0027325995901828926,0.002445014468338349
10627,-2.4.-14.22,9233,9248,1611776591648,1609437298649,0.002341911191529929,0.0020954131684958626
10628,-6.-14.10.-12,18471,18496,22565514908096,22538223156441,0.0019513285644350289,0.0017459164701082767
10629,-6.-4.-10.18,4619,4624,5641539383280,5636081032949,0.00156085165164204,0.0013965243159867018
10630,2.-4.14.-22,18481,18496,22566800158144,22550425107151,0.0011704803959417694,0.0010472366489881044
10631,2.10.-14.20,9243,9248,11283721391584,11278263041253,0.0007802147401712906,0.0006980534120164425
10632,6.14.-10.12,18491,18496,22568085408192,22562627057861,0.000390054627214215,0.0003489745480215598
10633,6.4.10.-18,1,1,1,1,-0.0,0.0
