key_id,su1_numerator,minimum_margin,Nz,Ez
0,0,3,433920,0
0,0,5,614656,0
0,1,2,516096,0
0,1,3,862080,0
0,1,4,2759680,0
0,1,5,56448,0
0,2,1,131072,0
0,2,2,984064,0
0,2,3,1776000,0
0,2,4,3343872,0
0,2,5,56448,0
0,3,1,260096,0
0,3,2,483840,0
0,3,3,2329248,0
0,3,4,1078784,0
0,3,5,42336,0
0,4,1,126976,0
0,4,3,833792,0
0,4,4,65856,0
0,4,5,21952,0
0,8,1,32000,0
0,8,2,90952,0
0,8,3,3880,0
0,8,4,4240,0
0,9,-1,12288,12288
0,9,1,153600,0
0,9,2,448920,0
0,9,3,336072,0
0,9,4,23680,0
0,9,5,8480,0
0,10,-1,45056,45056
0,10,1,455936,0
0,10,2,1186592,0
0,10,3,1421520,0
0,10,4,492352,0
0,10,5,3024,0
0,11,-1,86016,86016
0,11,1,655360,0
0,11,2,2339328,0
0,11,3,3347696,0
0,11,4,1664380,0
0,11,5,33684,0
0,12,-1,118784,118784
0,12,1,632832,0
0,12,2,2771696,0
0,12,3,6137944,0
0,12,4,2637820,0
0,12,5,87228,0
0,13,-1,98304,98304
0,13,1,847872,0
0,13,2,2847152,0
0,13,3,6816528,0
0,13,4,3363776,0
0,13,5,116608,0
0,14,-1,96256,96256
0,14,1,1079680,0
0,14,2,3756136,0
0,14,3,6001710,0
0,14,4,3235366,0
0,14,5,183236,0
0,15,-2,9216,9216
0,15,-1,299392,299392
0,15,1,1192576,0
0,15,2,4856680,0
0,15,3,6932884,0
0,15,4,3207948,0
0,15,5,147448,0
0,16,-2,21504,21504
0,16,-1,311040,311040
0,16,1,1710168,0
0,16,2,5388180,0
0,16,3,8067808,0
0,16,4,4914656,0
0,16,5,296020,0
0,17,-2,6144,6144
0,17,-1,570880,570880
0,17,1,1838176,0
0,17,2,5704596,0
0,17,3,6784414,0
0,17,4,6308192,0
0,17,5,480014,0
0,18,-2,9216,9216
0,18,-1,818176,818176
0,18,1,2370144,0
0,18,2,4193652,0
0,18,3,4858858,0
0,18,4,4139779,0
0,18,5,26943,0
0,19,-2,3072,3072
0,19,-1,660480,660480
0,19,1,1866484,0
0,19,2,4000576,0
0,19,3,1636925,0
0,19,4,1456387,0
0,19,5,9868,0
0,20,-1,405504,405504
0,20,1,1513600,0
0,20,2,3537432,0
0,20,3,2033684,0
0,20,4,355007,0
0,20,5,19093,0
0,21,-2,18432,18432
0,21,-1,309248,309248
0,21,1,2152192,0
0,21,2,3431028,0
0,21,3,4576580,0
0,21,4,1281586,0
0,21,5,27414,0
0,22,-2,43008,43008
0,22,-1,583168,583168
0,22,1,2418400,0
0,22,2,5194175,0
0,22,3,5496801,0
0,22,4,2881175,0
0,22,5,29417,0
0,23,-2,59392,59392
0,23,-1,711680,711680
0,23,1,3048672,0
0,23,2,6093772,0
0,23,3,4429062,0
0,23,4,2511630,0
0,23,5,54080,0
0,24,-2,145408,145408
0,24,-1,700768,700768
0,24,1,2922720,0
0,24,2,4494436,0
0,24,3,3870268,0
0,24,4,2301965,0
0,24,5,113427,0
0,25,-2,196608,196608
0,25,-1,544768,544768
0,25,1,1880352,0
0,25,2,2430528,0
0,25,3,5335686,0
0,25,4,3286250,0
0,25,5,88368,0
0,26,-2,135168,135168
0,26,-1,221184,221184
0,26,1,1838048,0
0,26,2,2700704,0
0,26,3,5182584,0
0,26,4,2772044,0
0,26,5,28092,0
0,27,-2,86016,86016
0,27,-1,122880,122880
0,27,1,2390784,0
0,27,2,3462080,0
0,27,3,2897356,0
0,27,4,651264,0
0,27,5,23412,0
0,28,-2,36864,36864
0,28,-1,172032,172032
0,28,1,1026816,0
0,28,2,3414720,0
0,28,3,873996,0
0,28,4,168600,0
0,28,5,8604,0
0,29,-1,73728,73728
0,29,1,55296,0
0,29,2,1525440,0
0,29,3,792792,0
0,29,4,103656,0
0,29,5,4992,0
0,30,1,55296,0
0,30,2,76032,0
0,30,3,398304,0
0,30,4,59436,0
0,30,5,756,0
1,0,3,433920,0
1,0,5,614656,0
1,1,2,499712,0
1,1,3,865920,0
1,1,4,2659328,0
1,1,5,169344,0
1,2,1,131072,0
1,2,2,954304,0
1,2,3,1737600,0
1,2,4,3398784,0
1,2,5,69696,0
1,3,1,256000,0
1,3,2,469472,0
1,3,3,2257152,0
1,3,4,1189216,0
1,3,5,22464,0
1,4,1,123136,0
1,4,3,823296,0
1,4,4,79968,0
1,4,5,22176,0
1,10,1,4096,0
1,10,2,67504,0
1,10,3,82552,0
1,10,4,4312,0
1,10,5,5376,0
1,11,-1,8192,8192
1,11,1,140288,0
1,11,2,435432,0
1,11,3,472184,0
1,11,4,152426,0
1,11,5,3894,0
1,12,-2,4096,4096
1,12,-1,83968,83968
1,12,1,545280,0
1,12,2,1224760,0
1,12,3,1238356,0
1,12,4,654788,0
1,12,5,17072,0
1,13,-2,28672,28672
1,13,-1,201856,201856
1,13,1,964136,0
1,13,2,1969384,0
1,13,3,2355128,0
1,13,4,797576,0
1,13,5,7472,0
1,14,-2,77824,77824
1,14,-1,252384,252384
1,14,1,996560,0
1,14,2,2072308,0
1,14,3,2245820,0
1,14,4,635636,0
1,14,5,76460,0
1,15,-2,81920,81920
1,15,-1,285952,285952
1,15,1,774304,0
1,15,2,1547488,0
1,15,3,1344280,0
1,15,4,223932,0
1,15,5,1964,0
1,16,-2,28672,28672
1,16,-1,317312,317312
1,16,1,1204024,0
1,16,2,2339896,0
1,16,3,2395958,0
1,16,4,1413594,0
1,16,5,1024,0
1,17,-2,49152,49152
1,17,-1,550144,550144
1,17,1,2394736,0
1,17,2,6785380,0
1,17,3,12396082,0
1,17,4,6722406,0
1,17,5,1084820,0
1,18,-2,57344,57344
1,18,-1,473600,473600
1,18,1,3776976,0
1,18,2,13647064,0
1,18,3,18622176,0
1,18,4,10691492,0
1,18,5,539860,0
1,19,-2,69632,69632
1,19,-1,369664,369664
1,19,1,3897728,0
1,19,2,12794700,0
1,19,3,13908164,0
1,19,4,8394778,0
1,19,5,575062,0
1,20,-2,36864,36864
1,20,-1,442368,442368
1,20,1,2279792,0
1,20,2,6079280,0
1,20,3,10799868,0
1,20,4,4589530,0
1,20,5,217226,0
1,21,-2,16384,16384
1,21,-1,251904,251904
1,21,1,1042944,0
1,21,2,2693608,0
1,21,3,5670894,0
1,21,4,2260748,0
1,21,5,56606,0
1,22,-3,4096,4096
1,22,-2,13312,13312
1,22,-1,198656,198656
1,22,1,659392,0
1,22,2,1448068,0
1,22,3,2227416,0
1,22,4,476236,0
1,22,5,19096,0
1,23,-3,16384,16384
1,23,-2,20480,20480
1,23,-1,186368,186368
1,23,1,505360,0
1,23,2,850760,0
1,23,3,668328,0
1,23,4,45992,0
1,23,5,88,0
1,24,-3,24576,24576
1,24,-2,32768,32768
1,24,-1,110592,110592
1,24,1,442816,0
1,24,2,518560,0
1,24,3,445264,0
1,24,4,31056,0
1,25,-3,16384,16384
1,25,-2,32768,32768
1,25,-1,72704,72704
1,25,1,860448,0
1,25,2,840976,0
1,25,3,1975434,0
1,25,4,413936,0
1,25,5,14422,0
1,26,-3,4096,4096
1,26,-2,23552,23552
1,26,-1,217088,217088
1,26,1,1686912,0
1,26,2,2747856,0
1,26,3,4519754,0
1,26,4,2471684,0
1,26,5,60002,0
1,27,-1,531456,531456
1,27,1,2363136,0
1,27,2,5456884,0
1,27,3,7150921,0
1,27,4,2648787,0
1,27,5,67824,0
1,28,-1,717696,717696
1,28,1,2690176,0
1,28,2,5670844,0
1,28,3,4264957,0
1,28,4,2121792,0
1,28,5,99335,0
1,29,-1,734848,734848
1,29,1,1514112,0
1,29,2,2444976,0
1,29,3,1766908,0
1,29,4,597720,0
1,29,5,52092,0
1,30,-1,220672,220672
1,30,1,442752,0
1,30,2,556746,0
1,30,3,285858,0
1,30,4,127668,0
1,30,5,4704,0
1,31,-1,18432,18432
1,31,1,61440,0
1,31,2,88344,0
1,31,3,19182,0
1,31,4,9102,0
1,31,5,108,0
2,0,3,433920,0
2,0,5,614656,0
2,1,2,262144,0
2,1,3,1297920,0
2,1,4,2107392,0
2,1,5,526848,0
2,2,2,761856,0
2,2,3,1296000,0
2,2,4,4064256,0
2,2,5,169344,0
2,3,2,738304,0
2,3,3,432000,0
2,3,4,2999808,0
2,3,5,24192,0
2,4,2,238576,0
2,4,4,808704,0
2,4,5,1296,0
2,11,2,70656,0
2,11,3,300516,0
2,11,4,213480,0
2,11,5,5172,0
2,12,1,98304,0
2,12,2,408928,0
2,12,3,1560698,0
2,12,4,677362,0
2,12,5,7220,0
2,13,-1,24576,24576
2,13,1,278528,0
2,13,2,961676,0
2,13,3,3456244,0
2,13,4,841664,0
2,13,5,7872,0
2,14,-2,24576,24576
2,14,-1,32768,32768
2,14,1,696320,0
2,14,2,2009140,0
2,14,3,3436574,0
2,14,4,676318,0
2,14,5,5584,0
2,15,-2,81920,81920
2,15,-1,81920,81920
2,15,1,1441792,0
2,15,2,3031398,0
2,15,3,1916130,0
2,15,4,829834,0
2,15,5,22574,0
2,16,-2,98304,98304
2,16,-1,98304,98304
2,16,1,1757184,0
2,16,2,4985480,0
2,16,3,2503240,0
2,16,4,1503828,0
2,16,5,129244,0
2,17,-2,49152,49152
2,17,-1,24576,24576
2,17,1,1548288,0
2,17,2,7427328,0
2,17,3,6321908,0
2,17,4,2847588,0
2,17,5,327848,0
2,18,-2,8192,8192
2,18,1,1944064,0
2,18,2,8984804,0
2,18,3,10032056,0
2,18,4,3932608,0
2,18,5,657316,0
2,19,1,2740736,0
2,19,2,9518296,0
2,19,3,12843288,0
2,19,4,5304260,0
2,19,5,133196,0
2,20,-1,6144,6144
2,20,1,2672000,0
2,20,2,6272896,0
2,20,3,14898452,0
2,20,4,5712988,0
2,20,5,223632,0
2,21,-1,45056,45056
2,21,1,2206720,0
2,21,2,6417600,0
2,21,3,10272970,0
2,21,4,5853914,0
2,21,5,172956,0
2,22,-1,120832,120832
2,22,1,2162944,0
2,22,2,5580112,0
2,22,3,11117337,0
2,22,4,4367470,0
2,22,5,145961,0
2,23,-1,139264,139264
2,23,1,2002944,0
2,23,2,5966072,0
2,23,3,8907366,0
2,23,4,3854092,0
2,23,5,101782,0
2,24,-1,67584,67584
2,24,1,1340640,0
2,24,2,4461420,0
2,24,3,7012829,0
2,24,4,2185031,0
2,24,5,38544,0
2,25,-1,12288,12288
2,25,1,587968,0
2,25,2,2007550,0
2,25,3,4384034,0
2,25,4,1406700,0
2,25,5,55604,0
2,26,-1,2048,2048
2,26,1,138592,0
2,26,2,423547,0
2,26,3,1542786,0
2,26,4,675091,0
2,26,5,3216,0
2,27,2,24576,0
2,27,3,253440,0
2,27,4,114912,0
2,27,5,288,0
2,28,1,8192,0
2,28,2,7552,0
2,28,3,36520,0
2,28,4,13272,0
2,29,-1,3072,3072
2,29,1,65024,0
2,29,2,111104,0
2,29,3,319736,0
2,29,4,138784,0
2,29,5,17640,0
2,30,-1,22528,22528
2,30,1,208384,0
2,30,2,582624,0
2,30,3,1080384,0
2,30,4,638800,0
2,30,5,23184,0
2,31,-1,63488,63488
2,31,1,357904,0
2,31,2,1411936,0
2,31,3,1975844,0
2,31,4,1134484,0
2,31,5,37080,0
2,32,-1,90112,90112
2,32,1,361632,0
2,32,2,1731920,0
2,32,3,2141764,0
2,32,4,812244,0
2,32,5,39672,0
2,33,-1,64512,64512
2,33,1,207120,0
2,33,2,1048320,0
2,33,3,1178868,0
2,33,4,239724,0
2,33,5,13968,0
2,34,-1,18432,18432
2,34,1,51840,0
2,34,2,249264,0
2,34,3,244548,0
2,34,4,24372,0
2,34,5,1368,0
3,0,3,433920,0
3,0,5,614656,0
3,1,3,1735680,0
3,1,5,2458624,0
3,2,3,2603520,0
3,2,5,3687936,0
3,3,3,1735680,0
3,3,5,2458624,0
3,4,3,985152,0
3,4,5,849856,0
3,5,3,3714880,0
3,5,5,1528000,0
3,6,3,10227024,0
3,6,5,4125360,0
3,7,3,16970672,0
3,7,5,6294608,0
3,8,3,20145231,0
3,8,5,6167473,0
3,9,3,17473676,0
3,9,5,4087668,0
3,10,3,19501052,0
3,10,5,3239940,0
3,11,3,21946828,0
3,11,5,3153460,0
3,12,3,20992930,0
3,12,5,2862174,0
3,13,3,18878188,0
3,13,5,2486548,0
3,14,3,14192604,0
3,14,5,1601572,0
3,15,3,9631020,0
3,15,5,985812,0
3,16,3,11282788,0
3,16,5,906908,0
3,17,3,10449670,0
3,17,5,756986,0
3,18,3,6259114,0
3,18,5,425558,0
3,19,3,3408662,0
3,19,5,195818,0
3,20,3,2459724,0
3,20,5,96180,0
3,21,3,2162298,0
3,21,5,65926,0
3,22,3,1464502,0
3,22,5,42826,0
3,23,3,573066,0
3,23,5,16758,0
3,24,3,95511,0
3,24,5,2793,0
4,0,3,433920,0
4,0,5,614656,0
4,1,2,507904,0
4,1,3,864000,0
4,1,4,2709504,0
4,1,5,112896,0
4,2,1,131072,0
4,2,2,954304,0
4,2,3,1614848,0
4,2,4,3498240,0
4,2,5,92992,0
4,3,1,262144,0
4,3,2,476160,0
4,3,3,2649600,0
4,3,4,798336,0
4,3,5,8064,0
4,4,1,126976,0
4,4,3,871424,0
4,4,4,47040,0
4,4,5,3136,0
4,10,1,81920,0
4,10,2,10688,0
4,10,3,34496,0
4,10,4,3968,0
4,11,-1,7872,7872
4,11,1,251392,0
4,11,2,228072,0
4,11,3,135320,0
4,11,4,64100,0
4,11,5,1372,0
4,12,-1,32768,32768
4,12,1,311728,0
4,12,2,796228,0
4,12,3,608104,0
4,12,4,77758,0
4,12,5,8422,0
4,13,-1,46656,46656
4,13,1,492224,0
4,13,2,1807272,0
4,13,3,1791830,0
4,13,4,537042,0
4,13,5,10800,0
4,14,-1,102272,102272
4,14,1,1230208,0
4,14,2,3151716,0
4,14,3,4066872,0
4,14,4,2473552,0
4,14,5,214804,0
4,15,-1,253952,253952
4,15,1,1486400,0
4,15,2,4232044,0
4,15,3,9251126,0
4,15,4,3403382,0
4,15,5,18088,0
4,16,-1,161664,161664
4,16,1,1574528,0
4,16,2,5309920,0
4,16,3,9005830,0
4,16,4,4087266,0
4,16,5,668472,0
4,17,-1,224896,224896
4,17,1,1800384,0
4,17,2,4901664,0
4,17,3,9422960,0
4,17,4,5116110,0
4,17,5,193634,0
4,18,-1,459264,459264
4,18,1,2667376,0
4,18,2,5446808,0
4,18,3,7002472,0
4,18,4,5199164,0
4,18,5,98132,0
4,19,-2,16384,16384
4,19,-1,422080,422080
4,19,1,2684992,0
4,19,2,6624825,0
4,19,3,5005679,0
4,19,4,2529796,0
4,19,5,83284,0
4,20,-2,65536,65536
4,20,-1,486912,486912
4,20,1,2423168,0
4,20,2,6625432,0
4,20,3,4580192,0
4,20,4,1823316,0
4,20,5,18996,0
4,21,-2,81920,81920
4,21,-1,366592,366592
4,21,1,2259552,0
4,21,2,5148708,0
4,21,3,5993348,0
4,21,4,2605240,0
4,21,5,321856,0
4,22,-2,49152,49152
4,22,-1,468992,468992
4,22,1,1451456,0
4,22,2,5614992,0
4,22,3,7659584,0
4,22,4,4125028,0
4,22,5,160524,0
4,23,-2,32768,32768
4,23,-1,496640,496640
4,23,1,2196864,0
4,23,2,5344280,0
4,23,3,8604584,0
4,23,4,4238508,0
4,23,5,57876,0
4,24,-2,16384,16384
4,24,-1,448512,448512
4,24,1,1787504,0
4,24,2,4032770,0
4,24,3,6477346,0
4,24,4,3818012,0
4,24,5,589904,0
4,25,-1,224256,224256
4,25,1,1013424,0
4,25,2,2683718,0
4,25,3,4184734,0
4,25,4,2801672,0
4,25,5,102244,0
4,26,-1,100992,100992
4,26,1,486592,0
4,26,2,2185872,0
4,26,3,4519828,0
4,26,4,2407504,0
4,26,5,129612,0
4,27,-2,6144,6144
4,27,-1,131072,131072
4,27,1,824832,0
4,27,2,2478112,0
4,27,3,5548292,0
4,27,4,2109300,0
4,27,5,43368,0
4,28,-2,30720,30720
4,28,-1,251904,251904
4,28,1,1076416,0
4,28,2,2788864,0
4,28,3,2773288,0
4,28,4,1023080,0
4,28,5,51120,0
4,29,-2,43008,43008
4,29,-1,227328,227328
4,29,1,534016,0
4,29,2,1204864,0
4,29,3,696048,0
4,29,4,178320,0
4,30,-2,18432,18432
4,30,-1,73728,73728
4,30,1,55296,0
4,30,2,155136,0
4,30,3,90624,0
5,0,3,433920,0
5,0,5,614656,0
5,1,2,499712,0
5,1,3,865920,0
5,1,4,2659328,0
5,1,5,169344,0
5,2,1,131072,0
5,2,2,954304,0
5,2,3,1737600,0
5,2,4,3398784,0
5,2,5,69696,0
5,3,1,256000,0
5,3,2,469472,0
5,3,3,2257152,0
5,3,4,1189216,0
5,3,5,22464,0
5,4,1,123136,0
5,4,3,823296,0
5,4,4,79968,0
5,4,5,22176,0
5,8,2,36864,0
5,8,3,83304,0
5,8,4,72912,0
5,8,5,3528,0
5,9,1,18432,0
5,9,2,313504,0
5,9,3,351765,0
5,9,4,346794,0
5,9,5,18081,0
5,10,1,177024,0
5,10,2,601824,0
5,10,3,846779,0
5,10,4,596931,0
5,10,5,71202,0
5,11,-1,6144,6144
5,11,1,284024,0
5,11,2,613482,0
5,11,3,1205537,0
5,11,4,493689,0
5,11,5,18564,0
5,12,-1,14336,14336
5,12,1,166720,0
5,12,2,444326,0
5,12,3,1015976,0
5,12,4,374478,0
5,12,5,15780,0
5,13,-1,10240,10240
5,13,1,35936,0
5,13,2,728920,0
5,13,3,1369706,0
5,13,4,807853,0
5,13,5,62001,0
5,14,-1,14336,14336
5,14,1,346880,0
5,14,2,1912736,0
5,14,3,2901521,0
5,14,4,1741286,0
5,14,5,30057,0
5,15,-1,61440,61440
5,15,1,1091840,0
5,15,2,3241696,0
5,15,3,4607612,0
5,15,4,2285972,0
5,15,5,180240,0
5,16,-1,118784,118784
5,16,1,1434112,0
5,16,2,4344896,0
5,16,3,6035800,0
5,16,4,2526344,0
5,16,5,23520,0
5,17,-1,155648,155648
5,17,1,1217792,0
5,17,2,4187680,0
5,17,3,7182656,0
5,17,4,4034264,0
5,17,5,130248,0
5,18,-1,331392,331392
5,18,1,1731072,0
5,18,2,4657692,0
5,18,3,9224048,0
5,18,4,4743516,0
5,18,5,480408,0
5,19,-1,552192,552192
5,19,1,3351616,0
5,19,2,8171684,0
5,19,3,10248022,0
5,19,4,6016030,0
5,19,5,234152,0
5,20,-1,743936,743936
5,20,1,3846912,0
5,20,2,8719524,0
5,20,3,12900834,0
5,20,4,4982718,0
5,20,5,197820,0
5,21,-2,4096,4096
5,21,-1,541216,541216
5,21,1,2832128,0
5,21,2,7978584,0
5,21,3,9956678,0
5,21,4,5349622,0
5,21,5,76364,0
5,22,-2,20480,20480
5,22,-1,503424,503424
5,22,1,2035712,0
5,22,2,5168240,0
5,22,3,9464150,0
5,22,4,2840476,0
5,22,5,349214,0
5,23,-2,43008,43008
5,23,-1,550784,550784
5,23,1,1585696,0
5,23,2,4321517,0
5,23,3,4507619,0
5,23,4,1579202,0
5,23,5,93390,0
5,24,-2,59392,59392
5,24,-1,223488,223488
5,24,1,1032704,0
5,24,2,1764784,0
5,24,3,2154040,0
5,24,4,751044,0
5,24,5,43860,0
5,25,-2,67584,67584
5,25,-1,175104,175104
5,25,1,339712,0
5,25,2,842992,0
5,25,3,545176,0
5,25,4,285342,0
5,25,5,5082,0
5,26,-2,18432,18432
5,26,-1,103808,103808
5,26,1,445768,0
5,26,2,1119462,0
5,26,3,1130451,0
5,26,4,511615,0
5,26,5,12800,0
5,27,-2,4096,4096
5,27,-1,17920,17920
5,27,1,305600,0
5,27,2,2255904,0
5,27,3,2243668,0
5,27,4,1271630,0
5,27,5,28798,0
5,28,-2,16384,16384
5,28,-1,24576,24576
5,28,1,817664,0
5,28,2,2870736,0
5,28,3,3546654,0
5,28,4,2036382,0
5,28,5,386932,0
5,29,-2,24576,24576
5,29,-1,57344,57344
5,29,1,1075712,0
5,29,2,2319888,0
5,29,3,4074508,0
5,29,4,2417004,0
5,29,5,90744,0
5,30,-2,16384,16384
5,30,-1,65536,65536
5,30,1,530816,0
5,30,2,1758624,0
5,30,3,2709816,0
5,30,4,2195080,0
5,30,5,63776,0
5,31,-2,4096,4096
5,31,-1,36864,36864
5,31,1,265920,0
5,31,2,1042752,0
5,31,3,1368240,0
5,31,4,916552,0
5,31,5,35592,0
5,32,-1,8192,8192
5,32,1,116736,0
5,32,2,313600,0
5,32,3,408352,0
5,32,4,168512,0
5,32,5,33184,0
5,33,1,27136,0
5,33,2,46080,0
5,33,3,40160,0
5,33,4,14336,0
5,33,5,3360,0
6,0,3,433920,0
6,0,5,614656,0
6,1,3,1735680,0
6,1,5,2458624,0
6,2,3,2603520,0
6,2,5,3687936,0
6,3,3,1735680,0
6,3,5,2458624,0
6,4,3,433920,0
6,4,5,614656,0
6,10,3,122112,0
6,10,5,8960,0
6,11,3,732672,0
6,11,5,53760,0
6,12,-1,8192,8192
6,12,1,4096,0
6,12,3,2129152,0
6,12,5,152320,0
6,13,-1,65536,65536
6,13,1,32768,0
6,13,3,5712948,0
6,13,5,676812,0
6,14,-1,221184,221184
6,14,1,110592,0
6,14,3,13038304,0
6,14,5,2194720,0
6,15,-1,417792,417792
6,15,1,208896,0
6,15,3,19638080,0
6,15,5,3426496,0
6,16,-1,499712,499712
6,16,1,249856,0
6,16,3,21639424,0
6,16,5,3104512,0
6,17,-1,417792,417792
6,17,1,208896,0
6,17,3,21826392,0
6,17,5,2352296,0
6,18,-1,270336,270336
6,18,1,135168,0
6,18,3,19709064,0
6,18,5,1643384,0
6,19,-1,139264,139264
6,19,1,69632,0
6,19,3,14415232,0
6,19,5,1006208,0
6,20,-1,49152,49152
6,20,1,24576,0
6,20,3,10052760,0
6,20,5,1080168,0
6,21,-1,8192,8192
6,21,1,4096,0
6,21,3,8452388,0
6,21,5,1595100,0
6,22,-1,23040,23040
6,22,1,10176,0
6,22,3,6963128,0
6,22,5,1785480,0
6,23,-1,168960,168960
6,23,1,74624,0
6,23,3,4473456,0
6,23,5,1443344,0
6,24,-1,468480,468480
6,24,1,206912,0
6,24,3,2965608,0
6,24,5,913752,0
6,25,-1,645120,645120
6,25,1,284928,0
6,25,3,3081808,0
6,25,5,641200,0
6,26,-1,468480,468480
6,26,1,206912,0
6,26,3,6037920,0
6,26,5,1445920,0
6,27,-1,168960,168960
6,27,1,74624,0
6,27,3,12953552,0
6,27,5,3580080,0
6,28,-1,23040,23040
6,28,1,10176,0
6,28,3,17193024,0
6,28,5,4892160,0
6,29,3,12438144,0
6,29,5,3552640,0
6,30,3,4485888,0
6,30,5,1281280,0
6,31,3,611712,0
6,31,5,174720,0
7,0,3,433920,0
7,0,5,614656,0
7,1,2,516096,0
7,1,3,862080,0
7,1,4,2759680,0
7,1,5,56448,0
7,2,1,131072,0
7,2,2,984064,0
7,2,3,1776000,0
7,2,4,3343872,0
7,2,5,56448,0
7,3,1,260096,0
7,3,2,483840,0
7,3,3,2329248,0
7,3,4,1078784,0
7,3,5,42336,0
7,4,1,126976,0
7,4,3,833792,0
7,4,4,65856,0
7,4,5,21952,0
7,11,-1,2048,2048
7,11,1,10240,0
7,11,2,100448,0
7,11,3,93120,0
7,11,4,22020,0
7,11,5,1500,0
7,12,-1,8192,8192
7,12,1,71680,0
7,12,2,665408,0
7,12,3,532352,0
7,12,4,218860,0
7,12,5,10836,0
7,13,-1,18304,18304
7,13,1,281024,0
7,13,2,1603244,0
7,13,3,1873472,0
7,13,4,914980,0
7,13,5,60336,0
7,14,-1,106496,106496
7,14,1,869280,0
7,14,2,2787988,0
7,14,3,4729717,0
7,14,4,2378559,0
7,14,5,170776,0
7,15,-1,241408,241408
7,15,1,1157472,0
7,15,2,5021234,0
7,15,3,8073350,0
7,15,4,3521296,0
7,15,5,171480,0
7,16,-1,251392,251392
7,16,1,1665888,0
7,16,2,5738093,0
7,16,3,7752530,0
7,16,4,4657722,0
7,16,5,348839,0
7,17,-1,463104,463104
7,17,1,2895488,0
7,17,2,5113592,0
7,17,3,8499312,0
7,17,4,5788808,0
7,17,5,341136,0
7,18,-1,1169152,1169152
7,18,1,1974240,0
7,18,2,7072145,0
7,18,3,10320589,0
7,18,4,4810974,0
7,18,5,244708,0
7,19,-1,880896,880896
7,19,1,1907264,0
7,19,2,6476594,0
7,19,3,8508618,0
7,19,4,4181370,0
7,19,5,393034,0
7,20,-1,715776,715776
7,20,1,2095200,0
7,20,2,4009886,0
7,20,3,7449710,0
7,20,4,2979966,0
7,20,5,280342,0
7,21,-1,530432,530432
7,21,1,1318784,0
7,21,2,3484906,0
7,21,3,4666560,0
7,21,4,1980358,0
7,21,5,77584,0
7,22,-1,209920,209920
7,22,1,806464,0
7,22,2,2478896,0
7,22,3,3354976,0
7,22,4,1623710,0
7,22,5,144018,0
7,23,-1,186368,186368
7,23,1,1137536,0
7,23,2,2063616,0
7,23,3,3206582,0
7,23,4,1294114,0
7,23,5,41640,0
7,24,-1,498944,498944
7,24,1,1589248,0
7,24,2,2727732,0
7,24,3,3683038,0
7,24,4,1113350,0
7,24,5,21480,0
7,25,-1,272128,272128
7,25,1,1659136,0
7,25,2,4127080,0
7,25,3,5843650,0
7,25,4,4257002,0
7,25,5,61164,0
7,26,-1,38912,38912
7,26,1,1195008,0
7,26,2,4689644,0
7,26,3,8816484,0
7,26,4,5680860,0
7,26,5,1369812,0
7,27,-2,12288,12288
7,27,-1,92160,92160
7,27,1,999040,0
7,27,2,4025144,0
7,27,3,7191402,0
7,27,4,5679606,0
7,27,5,350440,0
7,28,-2,28672,28672
7,28,-1,172032,172032
7,28,1,978688,0
7,28,2,2555456,0
7,28,3,3415168,0
7,28,4,2175920,0
7,28,5,111248,0
7,29,-2,20480,20480
7,29,-1,122880,122880
7,29,1,374784,0
7,29,2,955880,0
7,29,3,978640,0
7,29,4,201544,0
7,30,-2,4096,4096
7,30,-1,24576,24576
7,30,1,30720,0
7,30,2,124992,0
7,30,3,77760,0
8,0,3,433920,0
8,0,5,614656,0
8,1,2,722944,0
8,1,3,433920,0
8,1,4,2989056,0
8,1,5,48384,0
8,2,1,380928,0
8,2,2,700352,0
8,2,3,3185536,0
8,2,4,1931328,0
8,2,5,93312,0
8,3,-1,65536,65536
8,3,1,365056,0
8,3,2,799232,0
8,3,3,2133888,0
8,3,4,695744,0
8,3,5,134848,0
8,4,-1,62464,62464
8,4,2,534256,0
8,4,3,42240,0
8,4,4,408176,0
8,4,5,1440,0
8,11,1,32768,0
8,11,2,103936,0
8,11,3,72800,0
8,11,4,52640,0
8,12,-2,49152,49152
8,12,-1,178176,178176
8,12,1,303104,0
8,12,2,631744,0
8,12,3,401472,0
8,12,4,271360,0
8,13,-2,98304,98304
8,13,-1,512000,512000
8,13,1,796672,0
8,13,2,1573952,0
8,13,3,1701744,0
8,13,4,513520,0
8,13,5,46688,0
8,14,-1,245760,245760
8,14,1,1781632,0
8,14,2,2854400,0
8,14,3,3664960,0
8,14,4,1597376,0
8,14,5,79488,0
8,15,-2,49152,49152
8,15,-1,310272,310272
8,15,1,1372800,0
8,15,2,5908800,0
8,15,3,5188304,0
8,15,4,3154896,0
8,15,5,268704,0
8,16,-2,106496,106496
8,16,-1,503808,503808
8,16,1,982656,0
8,16,2,3994944,0
8,16,3,7251900,0
8,16,4,3223336,0
8,16,5,255324,0
8,17,-2,317440,317440
8,17,-1,1585152,1585152
8,17,1,1864960,0
8,17,2,1859312,0
8,17,3,4047964,0
8,17,4,2216758,0
8,17,5,68734,0
8,18,-2,8192,8192
8,18,-1,1133824,1133824
8,18,1,3350272,0
8,18,2,3720064,0
8,18,3,4400724,0
8,18,4,1643156,0
8,18,5,30616,0
8,19,-2,24576,24576
8,19,-1,342016,342016
8,19,1,2262592,0
8,19,2,5857140,0
8,19,3,7694424,0
8,19,4,5506996,0
8,19,5,201280,0
8,20,-2,24576,24576
8,20,-1,473088,473088
8,20,1,2118976,0
8,20,2,8264672,0
8,20,3,14004746,0
8,20,4,5860326,0
8,20,5,383216,0
8,21,-2,109568,109568
8,21,-1,923648,923648
8,21,1,3770072,0
8,21,2,11058648,0
8,21,3,14089604,0
8,21,4,6608584,0
8,21,5,271108,0
8,22,-3,12288,12288
8,22,-2,173568,173568
8,22,-1,1458304,1458304
8,22,1,5535680,0
8,22,2,9661684,0
8,22,3,9568256,0
8,22,4,5053576,0
8,22,5,387140,0
8,23,-3,24576,24576
8,23,-2,139776,139776
8,23,-1,1109248,1109248
8,23,1,4489736,0
8,23,2,5644326,0
8,23,3,5478812,0
8,23,4,2184372,0
8,23,5,65666,0
8,24,-3,12288,12288
8,24,-2,62720,62720
8,24,-1,400640,400640
8,24,1,1487168,0
8,24,2,2739320,0
8,24,3,1903700,0
8,24,4,828772,0
8,24,5,36496,0
8,25,-2,18432,18432
8,25,-1,53632,53632
8,25,1,233216,0
8,25,2,483984,0
8,25,3,690458,0
8,25,4,181468,0
8,25,5,9978,0
8,26,1,6144,0
8,26,2,30992,0
8,26,3,121960,0
8,26,4,36696,0
8,26,5,816,0
8,27,-1,14336,14336
8,27,1,46848,0
8,27,2,269184,0
8,27,3,204892,0
8,27,4,87044,0
8,27,5,288,0
8,28,-3,2048,2048
8,28,-2,12544,12544
8,28,-1,75776,75776
8,28,1,241792,0
8,28,2,986884,0
8,28,3,884362,0
8,28,4,445570,0
8,28,5,5232,0
8,29,-3,4096,4096
8,29,-2,51712,51712
8,29,-1,287744,287744
8,29,1,700736,0
8,29,2,1664796,0
8,29,3,2576180,0
8,29,4,699288,0
8,29,5,110296,0
8,30,-4,3072,3072
8,30,-3,6144,6144
8,30,-2,93440,93440
8,30,-1,515552,515552
8,30,1,1298004,0
8,30,2,2125834,0
8,30,3,2325324,0
8,30,4,1283322,0
8,30,5,17020,0
8,31,-4,6144,6144
8,31,-3,14336,14336
8,31,-2,182112,182112
8,31,-1,387648,387648
8,31,1,1120536,0
8,31,2,1456374,0
8,31,3,1355187,0
8,31,4,796119,0
8,31,5,22728,0
8,32,-4,3072,3072
8,32,-3,16384,16384
8,32,-2,77696,77696
8,32,-1,162224,162224
8,32,1,387968,0
8,32,2,603616,0
8,32,3,604992,0
8,32,4,230844,0
8,32,5,43124,0
8,33,-3,6144,6144
8,33,-2,14336,14336
8,33,-1,38912,38912
8,33,1,89696,0
8,33,2,148704,0
8,33,3,149044,0
8,33,4,76780,0
8,33,5,672,0
8,34,-2,3072,3072
8,34,-1,4096,4096
8,34,1,13696,0
8,34,2,20272,0
8,34,3,19136,0
8,34,4,5264,0
9,0,3,433920,0
9,0,5,614656,0
9,1,2,753664,0
9,1,3,430080,0
9,1,4,3010560,0
9,2,1,389120,0
9,2,2,730112,0
9,2,3,3337664,0
9,2,4,1806336,0
9,2,5,28224,0
9,3,-1,65536,65536
9,3,1,380928,0
9,3,2,829440,0
9,3,3,2209664,0
9,3,4,577024,0
9,3,5,131712,0
9,4,-1,64512,64512
9,4,2,568320,0
9,4,3,11760,0
9,4,4,403984,0
9,11,2,390144,0
9,11,3,165888,0
9,11,4,218016,0
9,11,5,12384,0
9,12,1,73728,0
9,12,2,1202944,0
9,12,3,1710624,0
9,12,4,1102656,0
9,12,5,104352,0
9,13,-1,215040,215040
9,13,1,747648,0
9,13,2,1477614,0
9,13,3,4831506,0
9,13,4,2199616,0
9,13,5,129600,0
9,14,-2,105472,105472
9,14,-1,274944,274944
9,14,1,1462144,0
9,14,2,3510784,0
9,14,3,3875668,0
9,14,4,3349908,0
9,14,5,3992,0
9,15,-3,2048,2048
9,15,-2,67584,67584
9,15,-1,507648,507648
9,15,1,2114304,0
9,15,2,3823316,0
9,15,3,4424108,0
9,15,4,1383226,0
9,15,5,162374,0
9,16,-3,4096,4096
9,16,-2,71680,71680
9,16,-1,548352,548352
9,16,1,1646624,0
9,16,2,5907168,0
9,16,3,4417844,0
9,16,4,1695044,0
9,16,5,159880,0
9,17,-3,2048,2048
9,17,-2,86016,86016
9,17,-1,659632,659632
9,17,1,3128320,0
9,17,2,6563134,0
9,17,3,7787946,0
9,17,4,2542072,0
9,17,5,38512,0
9,18,-2,180224,180224
9,18,-1,1228864,1228864
9,18,1,3740932,0
9,18,2,7264312,0
9,18,3,9660055,0
9,18,4,3271899,0
9,18,5,179986,0
9,19,-3,73728,73728
9,19,-2,348160,348160
9,19,-1,874816,874816
9,19,1,3278560,0
9,19,2,8259552,0
9,19,3,7776502,0
9,19,4,3890066,0
9,19,5,238456,0
9,20,-3,28672,28672
9,20,-2,142848,142848
9,20,-1,474752,474752
9,20,1,2707520,0
9,20,2,6580528,0
9,20,3,8973902,0
9,20,4,2338156,0
9,20,5,85590,0
9,21,-3,8192,8192
9,21,-2,87040,87040
9,21,-1,339264,339264
9,21,1,1928256,0
9,21,2,4970708,0
9,21,3,5900384,0
9,21,4,1792568,0
9,21,5,46868,0
9,22,-3,8192,8192
9,22,-2,57600,57600
9,22,-1,336128,336128
9,22,1,1388528,0
9,22,2,2597800,0
9,22,3,2550982,0
9,22,4,1417932,0
9,22,5,31446,0
9,23,-3,8192,8192
9,23,-2,55808,55808
9,23,-1,229248,229248
9,23,1,755616,0
9,23,2,1670800,0
9,23,3,2367610,0
9,23,4,1371426,0
9,23,5,62132,0
9,24,-3,4096,4096
9,24,-2,35072,35072
9,24,-1,200704,200704
9,24,1,991680,0
9,24,2,2206432,0
9,24,3,4021550,0
9,24,4,2323665,0
9,24,5,112737,0
9,25,-2,14336,14336
9,25,-1,499904,499904
9,25,1,1354384,0
9,25,2,4177474,0
9,25,3,7080808,0
9,25,4,2873083,0
9,25,5,318475,0
9,26,-2,30720,30720
9,26,-1,588416,588416
9,26,1,1938144,0
9,26,2,6177458,0
9,26,3,6579489,0
9,26,4,5070413,0
9,26,5,160896,0
9,27,-2,11520,11520
9,27,-1,374592,374592
9,27,1,2073536,0
9,27,2,3926032,0
9,27,3,7577792,0
9,27,4,3007760,0
9,27,5,166432,0
9,28,-1,49152,49152
9,28,1,1052032,0
9,28,2,2519936,0
9,28,3,3451248,0
9,28,4,1403824,0
9,28,5,174560,0
9,29,1,98304,0
9,29,2,956120,0
9,29,3,767664,0
9,29,4,484888,0
9,29,5,52320,0
9,30,2,49152,0
9,30,3,160768,0
9,30,4,47040,0
9,30,5,5184,0
10,0,3,433920,0
10,0,5,614656,0
10,1,2,499712,0
10,1,3,865920,0
10,1,4,2659328,0
10,1,5,169344,0
10,2,1,131072,0
10,2,2,954304,0
10,2,3,1737600,0
10,2,4,3398784,0
10,2,5,69696,0
10,3,1,256000,0
10,3,2,469472,0
10,3,3,2257152,0
10,3,4,1189216,0
10,3,5,22464,0
10,4,1,123136,0
10,4,3,823296,0
10,4,4,79968,0
10,4,5,22176,0
10,8,-1,65536,65536
10,8,1,192512,0
10,8,2,104448,0
10,8,3,161792,0
10,9,-1,262144,262144
10,9,1,897024,0
10,9,2,1252736,0
10,9,3,1330176,0
10,9,4,452224,0
10,10,-1,196608,196608
10,10,1,1811968,0
10,10,2,4240800,0
10,10,3,4467584,0
10,10,4,2357600,0
10,10,5,32640,0
10,11,1,1499136,0
10,11,2,6489648,0
10,11,3,8002240,0
10,11,4,4608536,0
10,11,5,371960,0
10,12,1,884736,0
10,12,2,4809760,0
10,12,3,8671072,0
10,12,4,3731952,0
10,12,5,252560,0
10,13,1,589824,0
10,13,2,2315776,0
10,13,3,3773824,0
10,13,4,1642848,0
10,13,5,66336,0
10,14,1,147456,0
10,14,2,678912,0
10,14,3,472896,0
10,14,4,271704,0
10,14,5,1896,0
10,15,-1,16384,16384
10,15,1,47872,0
10,15,2,58592,0
10,15,3,248608,0
10,15,4,21760,0
10,16,-1,174592,174592
10,16,1,285056,0
10,16,2,754944,0
10,16,3,1629080,0
10,16,4,386808,0
10,16,5,46320,0
10,17,-3,18432,18432
10,17,-2,26624,26624
10,17,-1,500736,500736
10,17,1,1165952,0
10,17,2,3020240,0
10,17,3,4594720,0
10,17,4,1668272,0
10,17,5,15072,0
10,18,-3,59392,59392
10,18,-2,145408,145408
10,18,-1,825856,825856
10,18,1,2805568,0
10,18,2,5792592,0
10,18,3,6668488,0
10,18,4,3902852,0
10,18,5,116004,0
10,19,-3,63488,63488
10,19,-2,296960,296960
10,19,-1,976896,976896
10,19,1,3959744,0
10,19,2,6979008,0
10,19,3,8564192,0
10,19,4,3113824,0
10,19,5,32064,0
10,20,-3,22528,22528
10,20,-2,264192,264192
10,20,-1,769024,769024
10,20,1,3181120,0
10,20,2,6644520,0
10,20,3,6347068,0
10,20,4,2593572,0
10,20,5,100920,0
10,21,-2,86016,86016
10,21,-1,350720,350720
10,21,1,1274304,0
10,21,2,4060572,0
10,21,3,4256784,0
10,21,4,1699204,0
10,21,5,68880,0
10,22,-1,98304,98304
10,22,1,211456,0
10,22,2,1996008,0
10,22,3,2501192,0
10,22,4,1043124,0
10,22,5,48156,0
10,23,-1,6144,6144
10,23,1,312064,0
10,23,2,1766232,0
10,23,3,1907496,0
10,23,4,1378496,0
10,23,5,69056,0
10,24,-1,393216,393216
10,24,1,1347456,0
10,24,2,3712936,0
10,24,3,2244204,0
10,24,4,1309936,0
10,24,5,36220,0
10,25,-3,8192,8192
10,25,-2,155648,155648
10,25,-1,1745408,1745408
10,25,1,3209024,0
10,25,2,4035292,0
10,25,3,3762474,0
10,25,4,1051992,0
10,25,5,56674,0
10,26,-3,40960,40960
10,26,-2,677120,677120
10,26,-1,2122240,2122240
10,26,1,3914240,0
10,26,2,3440784,0
10,26,3,3754906,0
10,26,4,1306804,0
10,26,5,12834,0
10,27,-3,57088,57088
10,27,-2,740608,740608
10,27,-1,1058688,1058688
10,27,1,2895232,0
10,27,2,3670314,0
10,27,3,2192976,0
10,27,4,1291138,0
10,27,5,87044,0
10,28,-3,23808,23808
10,28,-2,416768,416768
10,28,-1,624064,624064
10,28,1,1600296,0
10,28,2,2658392,0
10,28,3,1586448,0
10,28,4,832030,0
10,28,5,24210,0
10,29,-2,279648,279648
10,29,-1,381184,381184
10,29,1,600672,0
10,29,2,1476288,0
10,29,3,1334932,0
10,29,4,662436,0
10,29,5,16200,0
10,30,-2,56320,56320
10,30,-1,89216,89216
10,30,1,564144,0
10,30,2,1168263,0
10,30,3,1231885,0
10,30,4,422800,0
10,30,5,6316,0
10,31,-3,2048,2048
10,31,-2,136448,136448
10,31,-1,242816,242816
10,31,1,515248,0
10,31,2,1340958,0
10,31,3,943635,0
10,31,4,89969,0
10,31,5,5678,0
10,32,-4,1024,1024
10,32,-3,17408,17408
10,32,-2,130176,130176
10,32,-1,327744,327744
10,32,1,1101616,0
10,32,2,1781910,0
10,32,3,472999,0
10,32,4,124070,0
10,32,5,7981,0
10,33,-4,5120,5120
10,33,-3,56320,56320
10,33,-2,258688,258688
10,33,-1,510400,510400
10,33,1,1514720,0
10,33,2,1548348,0
10,33,3,592400,0
10,33,4,133293,0
10,33,5,999,0
10,34,-4,7168,7168
10,34,-3,68608,68608
10,34,-2,199616,199616
10,34,-1,503808,503808
10,34,1,684016,0
10,34,2,1257600,0
10,34,3,502794,0
10,34,4,52866,0
10,34,5,324,0
10,35,-4,3072,3072
10,35,-3,3072,3072
10,35,-2,126528,126528
10,35,-1,126720,126720
10,35,1,168528,0
10,35,2,466416,0
10,35,3,77040,0
10,35,4,11664,0
11,0,3,433920,0
11,0,5,614656,0
11,1,2,738304,0
11,1,3,432000,0
11,1,4,2999808,0
11,1,5,24192,0
11,2,1,393216,0
11,2,2,714240,0
11,2,3,3974400,0
11,2,4,1197504,0
11,2,5,12096,0
11,3,-1,65536,65536
11,3,1,380928,0
11,3,2,893696,0
11,3,3,2648960,0
11,3,4,159264,0
11,3,5,45920,0
11,4,-1,65536,65536
11,4,2,767040,0
11,4,3,162000,0
11,4,4,53568,0
11,4,5,432,0
11,6,3,97044,0
11,6,4,180,0
11,6,5,1080,0
11,7,2,301056,0
11,7,3,197248,0
11,7,4,124288,0
11,8,1,61440,0
11,8,2,335872,0
11,8,3,861744,0
11,8,4,214784,0
11,8,5,720,0
11,9,-1,104448,104448
11,9,1,122880,0
11,9,2,523680,0
11,9,3,1212344,0
11,9,4,227706,0
11,9,5,4398,0
11,10,-1,51200,51200
11,10,1,603520,0
11,10,2,1150704,0
11,10,3,1408658,0
11,10,4,503708,0
11,10,5,17762,0
11,11,-1,79872,79872
11,11,1,852480,0
11,11,2,1457084,0
11,11,3,1751412,0
11,11,4,1416184,0
11,11,5,13528,0
11,12,-2,49152,49152
11,12,-1,221184,221184
11,12,1,535296,0
11,12,2,1035696,0
11,12,3,2281504,0
11,12,4,889368,0
11,12,5,132376,0
11,13,-2,147456,147456
11,13,-1,151552,151552
11,13,1,440960,0
11,13,2,1031056,0
11,13,3,1093036,0
11,13,4,547390,0
11,13,5,29190,0
11,14,-2,94208,94208
11,14,-1,222720,222720
11,14,1,275568,0
11,14,2,756376,0
11,14,3,1056708,0
11,14,4,245676,0
11,14,5,2952,0
11,15,-2,98304,98304
11,15,-1,208384,208384
11,15,1,354048,0
11,15,2,1311890,0
11,15,3,1291234,0
11,15,4,654092,0
11,15,5,46976,0
11,16,-2,40960,40960
11,16,-1,501248,501248
11,16,1,1234048,0
11,16,2,1993496,0
11,16,3,3817440,0
11,16,4,1347704,0
11,16,5,109072,0
11,17,-2,40960,40960
11,17,-1,434176,434176
11,17,1,2195776,0
11,17,2,4982168,0
11,17,3,5473243,0
11,17,4,2702865,0
11,17,5,63292,0
11,18,-2,65536,65536
11,18,-1,456448,456448
11,18,1,2909632,0
11,18,2,6079862,0
11,18,3,7405330,0
11,18,4,2550120,0
11,18,5,193872,0
11,19,-2,65536,65536
11,19,-1,513536,513536
11,19,1,3529288,0
11,19,2,7086386,0
11,19,3,5975524,0
11,19,4,3025884,0
11,19,5,120006,0
11,20,-2,218112,218112
11,20,-1,600960,600960
11,20,1,4131888,0
11,20,2,8721170,0
11,20,3,6575264,0
11,20,4,2680818,0
11,20,5,140460,0
11,21,-3,512,512
11,21,-2,317440,317440
11,21,-1,990080,990080
11,21,1,3324912,0
11,21,2,11471896,0
11,21,3,8272387,0
11,21,4,4645347,0
11,21,5,337554,0
11,22,-2,297984,297984
11,22,-1,936448,936448
11,22,1,3352848,0
11,22,2,7496276,0
11,22,3,10751850,0
11,22,4,5007906,0
11,22,5,75024,0
11,23,-3,1536,1536
11,23,-2,264192,264192
11,23,-1,1038144,1038144
11,23,1,3436080,0
11,23,2,5001552,0
11,23,3,6414445,0
11,23,4,805524,0
11,23,5,12351,0
11,24,-2,95232,95232
11,24,-1,875520,875520
11,24,1,2246656,0
11,24,2,4941600,0
11,24,3,1606980,0
11,24,4,716460,0
11,24,5,3312,0
11,25,-2,187392,187392
11,25,-1,415232,415232
11,25,1,3044928,0
11,25,2,2194416,0
11,25,3,3456004,0
11,25,4,1646860,0
11,25,5,32448,0
11,26,-2,73728,73728
11,26,-1,204800,204800
11,26,1,2020896,0
11,26,2,3714304,0
11,26,3,5153176,0
11,26,4,2586180,0
11,26,5,271620,0
11,27,-1,447488,447488
11,27,1,1739264,0
11,27,2,4948360,0
11,27,3,4006554,0
11,27,4,2602670,0
11,27,5,83760,0
11,28,-2,24576,24576
11,28,-1,331776,331776
11,28,1,1588864,0
11,28,2,2217408,0
11,28,3,3237412,0
11,28,4,718976,0
11,28,5,7452,0
11,29,-2,49152,49152
11,29,-1,239616,239616
11,29,1,439296,0
11,29,2,1054436,0
11,29,3,791820,0
11,29,4,112656,0
11,30,-2,24576,24576
11,30,-1,49152,49152
11,30,1,73728,0
11,30,2,199680,0
11,30,3,46080,0
12,0,3,433920,0
12,0,5,614656,0
12,1,2,753664,0
12,1,3,430080,0
12,1,4,3010560,0
12,2,1,389120,0
12,2,2,730112,0
12,2,3,3337664,0
12,2,4,1806336,0
12,2,5,28224,0
12,3,-1,65536,65536
12,3,1,380928,0
12,3,2,829440,0
12,3,3,2209664,0
12,3,4,577024,0
12,3,5,131712,0
12,4,-1,64512,64512
12,4,2,568320,0
12,4,3,11760,0
12,4,4,403984,0
12,12,1,24576,0
12,12,2,19968,0
12,12,3,57408,0
12,12,4,29120,0
12,13,-1,73152,73152
12,13,1,109568,0
12,13,2,453088,0
12,13,3,464696,0
12,13,4,39368,0
12,13,5,7008,0
12,14,-2,75776,75776
12,14,-1,251200,251200
12,14,1,1193160,0
12,14,2,2166292,0
12,14,3,1114202,0
12,14,4,507258,0
12,14,5,528,0
12,15,-3,22528,22528
12,15,-2,239936,239936
12,15,-1,802304,802304
12,15,1,2951206,0
12,15,2,4704458,0
12,15,3,3826224,0
12,15,4,1673808,0
12,15,5,131920,0
12,16,-4,8192,8192
12,16,-3,55296,55296
12,16,-2,350080,350080
12,16,-1,2062496,2062496
12,16,1,3299256,0
12,16,2,7210310,0
12,16,3,8707214,0
12,16,4,1455828,0
12,16,5,18304,0
12,17,-4,43008,43008
12,17,-3,136192,136192
12,17,-2,572160,572160
12,17,-1,2145744,2145744
12,17,1,4959320,0
12,17,2,7052720,0
12,17,3,12388252,0
12,17,4,2412652,0
12,17,5,10528,0
12,18,-4,30720,30720
12,18,-3,253952,253952
12,18,-2,471360,471360
12,18,-1,1212336,1212336
12,18,1,4846256,0
12,18,2,6248436,0
12,18,3,9563964,0
12,18,4,8119350,0
12,18,5,55546,0
12,19,-3,109568,109568
12,19,-2,506880,506880
12,19,-1,1212928,1212928
12,19,1,1736524,0
12,19,2,6615705,0
12,19,3,5860577,0
12,19,4,3457906,0
12,19,5,422856,0
12,20,-3,8192,8192
12,20,-2,183296,183296
12,20,-1,801048,801048
12,20,1,1835325,0
12,20,2,2804979,0
12,20,3,3429098,0
12,20,4,1107310,0
12,20,5,21600,0
12,21,-4,4096,4096
12,21,-3,16384,16384
12,21,-2,151552,151552
12,21,-1,724224,724224
12,21,1,2274176,0
12,21,2,3451536,0
12,21,3,3767484,0
12,21,4,795016,0
12,21,5,22188,0
12,22,-4,8192,8192
12,22,-3,16384,16384
12,22,-2,473088,473088
12,22,-1,1119232,1119232
12,22,1,2553792,0
12,22,2,4653552,0
12,22,3,3996448,0
12,22,4,2242148,0
12,22,5,10444,0
12,23,-4,4096,4096
12,23,-3,27648,27648
12,23,-2,331904,331904
12,23,-1,2394496,2394496
12,23,1,3605424,0
12,23,2,4569410,0
12,23,3,5813066,0
12,23,4,1100352,0
12,23,5,77700,0
12,24,-3,81920,81920
12,24,-2,292864,292864
12,24,-1,1745920,1745920
12,24,1,5616000,0
12,24,2,7273808,0
12,24,3,4068026,0
12,24,4,1839594,0
12,24,5,20620,0
12,25,-4,21504,21504
12,25,-3,115712,115712
12,25,-2,480512,480512
12,25,-1,1264096,1264096
12,25,1,4026928,0
12,25,2,8236756,0
12,25,3,5992354,0
12,25,4,1411378,0
12,25,5,44872,0
12,26,-4,43008,43008
12,26,-3,96256,96256
12,26,-2,372992,372992
12,26,-1,1196800,1196800
12,26,1,3058384,0
12,26,2,6594968,0
12,26,3,4193696,0
12,26,4,654020,0
12,26,5,10036,0
12,27,-4,21504,21504
12,27,-3,45056,45056
12,27,-2,193536,193536
12,27,-1,728448,728448
12,27,1,2661088,0
12,27,2,2968832,0
12,27,3,1576416,0
12,27,4,348832,0
12,27,5,8736,0
12,28,-3,9216,9216
12,28,-2,63104,63104
12,28,-1,358656,358656
12,28,1,1069276,0
12,28,2,1411252,0
12,28,3,535978,0
12,28,4,224190,0
12,28,5,31112,0
12,29,-2,18432,18432
12,29,-1,282208,282208
12,29,1,419560,0
12,29,2,369640,0
12,29,3,256768,0
12,29,4,62416,0
12,30,-3,9216,9216
12,30,-2,27648,27648
12,30,-1,87552,87552
12,30,1,89568,0
12,30,2,56736,0
12,30,3,24192,0
13,0,3,433920,0
13,0,5,614656,0
13,1,3,1735680,0
13,1,5,2458624,0
13,2,3,2603520,0
13,2,5,3687936,0
13,3,3,1735680,0
13,3,5,2458624,0
13,4,3,433920,0
13,4,5,614656,0
13,9,3,128552,0
13,9,5,2520,0
13,10,3,899864,0
13,10,5,17640,0
13,11,3,2699592,0
13,11,5,52920,0
13,12,-1,12288,12288
13,12,1,6144,0
13,12,3,5566984,0
13,12,5,280056,0
13,13,-1,53248,53248
13,13,1,26624,0
13,13,3,10233944,0
13,13,5,991144,0
13,14,-1,135168,135168
13,14,1,67584,0
13,14,3,16860536,0
13,14,5,2105992,0
13,15,-1,299008,299008
13,15,1,149504,0
13,15,3,24111128,0
13,15,5,3653608,0
13,16,-1,528384,528384
13,16,1,264192,0
13,16,3,24801544,0
13,16,5,4191992,0
13,17,-1,684032,684032
13,17,1,342016,0
13,17,3,17702320,0
13,17,5,2865744,0
13,18,-1,659456,659456
13,18,1,329728,0
13,18,3,13003520,0
13,18,5,1768704,0
13,19,-1,471040,471040
13,19,1,235520,0
13,19,3,12108412,0
13,19,5,1242500,0
13,20,-1,229376,229376
13,20,1,114688,0
13,20,3,14426696,0
13,20,5,957880,0
13,21,-1,69632,69632
13,21,1,34816,0
13,21,3,18147416,0
13,21,5,1048488,0
13,22,-1,36864,36864
13,22,1,18432,0
13,22,3,17887576,0
13,22,5,964264,0
13,23,-1,86016,86016
13,23,1,43008,0
13,23,3,14441628,0
13,23,5,732004,0
13,24,-1,176128,176128
13,24,1,88064,0
13,24,3,10140624,0
13,24,5,441392,0
13,25,-1,274432,274432
13,25,1,137216,0
13,25,3,7917388,0
13,25,5,223412,0
13,26,-1,282624,282624
13,26,1,141312,0
13,26,3,6820008,0
13,26,5,128856,0
13,27,-1,159744,159744
13,27,1,79872,0
13,27,3,4122408,0
13,27,5,61656,0
13,28,-1,36864,36864
13,28,1,18432,0
13,28,3,1398600,0
13,28,5,20664,0
13,29,3,193164,0
13,29,5,3444,0
14,0,3,433920,0
14,0,5,614656,0
14,1,2,738304,0
14,1,3,432000,0
14,1,4,2999808,0
14,1,5,24192,0
14,2,1,417792,0
14,2,2,729600,0
14,2,3,3999184,0
14,2,4,1198320,0
14,2,5,12096,0
14,3,-1,65536,65536
14,3,1,413184,0
14,3,2,1109680,0
14,3,3,2690560,0
14,3,4,196696,0
14,3,5,46328,0
14,4,-2,73728,73728
14,4,-1,65536,65536
14,4,1,242816,0
14,4,2,945188,0
14,4,3,469456,0
14,4,4,97922,0
14,4,5,5898,0
14,5,-2,73728,73728
14,5,-1,383360,383360
14,5,1,181440,0
14,5,2,649276,0
14,5,3,225026,0
14,5,4,124484,0
14,5,5,1086,0
14,6,-2,73728,73728
14,6,-1,462336,462336
14,6,1,753988,0
14,6,2,558380,0
14,6,3,397060,0
14,6,4,47616,0
14,6,5,652,0
14,7,-3,18432,18432
14,7,-2,147456,147456
14,7,-1,230784,230784
14,7,1,740400,0
14,7,2,703206,0
14,7,3,162922,0
14,7,4,28416,0
14,8,-3,36864,36864
14,8,-2,73728,73728
14,8,-1,135168,135168
14,8,1,407040,0
14,8,2,234240,0
14,8,3,96000,0
14,9,-3,18432,18432
14,9,-1,65280,65280
14,9,1,63360,0
14,9,2,23040,0
14,9,3,26496,0
14,10,1,6144,0
14,10,2,42624,0
14,10,3,6192,0
14,10,4,43344,0
14,11,-2,16384,16384
14,11,-1,32768,32768
14,11,1,49152,0
14,11,2,194208,0
14,11,3,308280,0
14,11,4,149224,0
14,11,5,3648,0
14,12,-2,16384,16384
14,12,-1,98304,98304
14,12,1,159168,0
14,12,2,596040,0
14,12,3,906040,0
14,12,4,338546,0
14,12,5,15438,0
14,13,-2,18432,18432
14,13,-1,73728,73728
14,13,1,562880,0
14,13,2,1328058,0
14,13,3,916736,0
14,13,4,570483,0
14,13,5,35859,0
14,14,-2,6144,6144
14,14,-1,279424,279424
14,14,1,799872,0
14,14,2,1548519,0
14,14,3,2098777,0
14,14,4,300496,0
14,14,5,78576,0
14,15,-2,61440,61440
14,15,-1,436224,436224
14,15,1,852688,0
14,15,2,2647880,0
14,15,3,1665282,0
14,15,4,1603166,0
14,15,5,7816,0
14,16,-2,190464,190464
14,16,-1,375616,375616
14,16,1,1886112,0
14,16,2,2139350,0
14,16,3,3839780,0
14,16,4,1230136,0
14,16,5,70638,0
14,17,-2,159744,159744
14,17,-1,978432,978432
14,17,1,2629504,0
14,17,2,6282580,0
14,17,3,3711728,0
14,17,4,1758040,0
14,17,5,44772,0
14,18,-3,16384,16384
14,18,-2,210944,210944
14,18,-1,1440000,1440000
14,18,1,4549664,0
14,18,2,9323202,0
14,18,3,9374280,0
14,18,4,2229724,0
14,18,5,151546,0
14,19,-3,32768,32768
14,19,-2,417792,417792
14,19,-1,1684736,1684736
14,19,1,5190816,0
14,19,2,11275408,0
14,19,3,14063780,0
14,19,4,5114232,0
14,19,5,264116,0
14,20,-3,24576,24576
14,20,-2,645120,645120
14,20,-1,2304512,2304512
14,20,1,4516256,0
14,20,2,10503336,0
14,20,3,13534354,0
14,20,4,5487934,0
14,20,5,142824,0
14,21,-4,12288,12288
14,21,-3,81920,81920
14,21,-2,542720,542720
14,21,-1,2143232,2143232
14,21,1,5885440,0
14,21,2,7845232,0
14,21,3,6563664,0
14,21,4,3105248,0
14,21,5,34656,0
14,22,-4,24576,24576
14,22,-3,98304,98304
14,22,-2,492544,492544
14,22,-1,2178560,2178560
14,22,1,5412078,0
14,22,2,5187122,0
14,22,3,3110720,0
14,22,4,467040,0
14,22,5,2880,0
14,23,-4,12288,12288
14,23,-3,142336,142336
14,23,-2,532480,532480
14,23,-1,2142848,2142848
14,23,1,2935264,0
14,23,2,3667700,0
14,23,3,1212380,0
14,23,4,560820,0
14,23,5,540,0
14,24,-3,102400,102400
14,24,-2,500480,500480
14,24,-1,660064,660064
14,24,1,1879504,0
14,24,2,1004280,0
14,24,3,1019468,0
14,24,4,130988,0
14,24,5,11232,0
14,25,-2,52224,52224
14,25,-1,150528,150528
14,25,1,441648,0
14,25,2,826052,0
14,25,3,341100,0
14,25,4,285600,0
14,26,-3,5120,5120
14,26,-2,7168,7168
14,26,-1,104448,104448
14,26,1,384576,0
14,26,2,263896,0
14,26,3,230808,0
14,26,4,52560,0
14,27,-2,6144,6144
14,27,-1,142976,142976
14,27,1,63264,0
14,27,2,53280,0
14,27,3,62016,0
14,28,-1,180224,180224
14,28,1,477952,0
14,28,2,278472,0
14,28,3,209904,0
14,28,4,33084,0
14,28,5,12,0
14,29,-3,4096,4096
14,29,-2,4096,4096
14,29,-1,188416,188416
14,29,1,1220352,0
14,29,2,1752512,0
14,29,3,825392,0
14,29,4,328640,0
14,29,5,1872,0
14,30,-3,12288,12288
14,30,-2,32256,32256
14,30,-1,293376,293376
14,30,1,1550848,0
14,30,2,3128672,0
14,30,3,2942744,0
14,30,4,473368,0
14,30,5,86128,0
14,31,-3,2048,2048
14,31,-2,63488,63488
14,31,-1,335872,335872
14,31,1,1570368,0
14,31,2,3287824,0
14,31,3,3104512,0
14,31,4,1433116,0
14,31,5,33172,0
14,32,-3,4096,4096
14,32,-2,22528,22528
14,32,-1,301312,301312
14,32,1,890880,0
14,32,2,2233536,0
14,32,3,2246240,0
14,32,4,865120,0
14,32,5,120960,0
14,33,-3,2048,2048
14,33,-2,18432,18432
14,33,-1,73728,73728
14,33,1,546816,0
14,33,2,810816,0
14,33,3,794720,0
14,33,4,243784,0
14,33,5,24,0
14,34,-2,6144,6144
14,34,-1,6144,6144
14,34,1,147456,0
14,34,2,145920,0
14,34,3,77016,0
14,34,4,9528,0
14,34,5,1008,0
15,0,3,433920,0
15,0,5,614656,0
15,1,2,262144,0
15,1,3,1297920,0
15,1,4,2107392,0
15,1,5,526848,0
15,2,2,761856,0
15,2,3,1296000,0
15,2,4,4064256,0
15,2,5,169344,0
15,3,2,738304,0
15,3,3,432000,0
15,3,4,2999808,0
15,3,5,24192,0
15,4,2,238576,0
15,4,4,808704,0
15,4,5,1296,0
15,9,1,65536,0
15,9,2,59392,0
15,9,3,195648,0
15,9,4,203712,0
15,10,1,196608,0
15,10,2,388352,0
15,10,3,987296,0
15,10,4,1049184,0
15,11,1,675840,0
15,11,2,1203584,0
15,11,3,2372288,0
15,11,4,1679424,0
15,11,5,753536,0
15,12,1,2125824,0
15,12,2,2939680,0
15,12,3,5226864,0
15,12,4,3946192,0
15,12,5,310432,0
15,13,-1,12288,12288
15,13,1,3488768,0
15,13,2,5310080,0
15,13,3,8459040,0
15,13,4,5745072,0
15,13,5,250032,0
15,14,-1,53248,53248
15,14,1,3610368,0
15,14,2,6382928,0
15,14,3,8177904,0
15,14,4,5410976,0
15,14,5,285216,0
15,15,-1,90112,90112
15,15,1,3346944,0
15,15,2,5318016,0
15,15,3,6605296,0
15,15,4,3578656,0
15,15,5,131952,0
15,16,-1,73728,73728
15,16,1,2715776,0
15,16,2,4577640,0
15,16,3,5034768,0
15,16,4,2145416,0
15,16,5,67200,0
15,17,-1,28672,28672
15,17,1,1522048,0
15,17,2,3329244,0
15,17,3,2944152,0
15,17,4,1292640,0
15,17,5,58284,0
15,18,-1,10240,10240
15,18,1,864280,0
15,18,2,1593368,0
15,18,3,2313352,0
15,18,4,600092,0
15,18,5,90924,0
15,19,-1,36864,36864
15,19,1,1658816,0
15,19,2,1866126,0
15,19,3,3361190,0
15,19,4,996688,0
15,19,5,10172,0
15,20,-1,87360,87360
15,20,1,3682156,0
15,20,2,4160277,0
15,20,3,3982923,0
15,20,4,1385924,0
15,20,5,70704,0
15,21,-1,116992,116992
15,21,1,7238420,0
15,21,2,5498982,0
15,21,3,3777210,0
15,21,4,1983152,0
15,21,5,30236,0
15,22,-3,1536,1536
15,22,-2,512,512
15,22,-1,137280,137280
15,22,1,8006504,0
15,22,2,6021923,0
15,22,3,5136430,0
15,22,4,2186479,0
15,22,5,70680,0
15,23,-3,9216,9216
15,23,-2,3072,3072
15,23,-1,205760,205760
15,23,1,4317016,0
15,23,2,6801994,0
15,23,3,4103059,0
15,23,4,1882892,0
15,23,5,306175,0
15,24,-3,21504,21504
15,24,-2,7168,7168
15,24,-1,285824,285824
15,24,1,1992448,0
15,24,2,5315560,0
15,24,3,3745722,0
15,24,4,1970377,0
15,24,5,96277,0
15,25,-3,26112,26112
15,25,-2,8704,8704
15,25,-1,323392,323392
15,25,1,1802800,0
15,25,2,5401960,0
15,25,3,4415876,0
15,25,4,2018864,0
15,25,5,158068,0
15,26,-3,19968,19968
15,26,-2,6656,6656
15,26,-1,428032,428032
15,26,1,1901088,0
15,26,2,5531512,0
15,26,3,3879000,0
15,26,4,1538746,0
15,26,5,97110,0
15,27,-3,12288,12288
15,27,-2,4096,4096
15,27,-1,488960,488960
15,27,1,1515512,0
15,27,2,3635472,0
15,27,3,1944537,0
15,27,4,697843,0
15,27,5,24364,0
15,28,-3,6144,6144
15,28,-2,2048,2048
15,28,-1,282624,282624
15,28,1,711168,0
15,28,2,1218152,0
15,28,3,515396,0
15,28,4,148052,0
15,29,-3,1536,1536
15,29,-2,512,512
15,29,-1,55296,55296
15,29,1,135744,0
15,29,2,168472,0
15,29,3,44014,0
15,29,4,20410,0
16,0,3,433920,0
16,0,5,614656,0
16,1,2,499712,0
16,1,3,865920,0
16,1,4,2659328,0
16,1,5,169344,0
16,2,1,131072,0
16,2,2,954304,0
16,2,3,1737600,0
16,2,4,3398784,0
16,2,5,69696,0
16,3,1,256000,0
16,3,2,469472,0
16,3,3,2257152,0
16,3,4,1189216,0
16,3,5,22464,0
16,4,1,123136,0
16,4,3,823296,0
16,4,4,79968,0
16,4,5,22176,0
16,8,1,73728,0
16,8,3,294204,0
16,8,4,25284,0
16,9,-1,61440,61440
16,9,1,294912,0
16,9,2,342784,0
16,9,3,1146514,0
16,9,4,251034,0
16,9,5,468,0
16,10,-2,12288,12288
16,10,-1,245760,245760
16,10,1,564480,0
16,10,2,1179248,0
16,10,3,1744706,0
16,10,4,840390,0
16,10,5,648,0
16,11,-2,49152,49152
16,11,-1,380928,380928
16,11,1,604672,0
16,11,2,1566044,0
16,11,3,2211160,0
16,11,4,430480,0
16,11,5,444,0
16,12,-2,73728,73728
16,12,-1,274432,274432
16,12,1,426624,0
16,12,2,1271536,0
16,12,3,1314076,0
16,12,4,305084,0
16,12,5,4536,0
16,13,-2,49152,49152
16,13,-1,81920,81920
16,13,1,491888,0
16,13,2,1148152,0
16,13,3,991570,0
16,13,4,1154946,0
16,13,5,211140,0
16,14,-2,12288,12288
16,14,-1,53248,53248
16,14,1,1030816,0
16,14,2,2159442,0
16,14,3,2888302,0
16,14,4,2900432,0
16,14,5,523728,0
16,15,-2,24576,24576
16,15,-1,212480,212480
16,15,1,1950412,0
16,15,2,3860612,0
16,15,3,6660676,0
16,15,4,3474832,0
16,15,5,102108,0
16,16,-3,12288,12288
16,16,-2,75776,75776
16,16,-1,485376,485376
16,16,1,2210368,0
16,16,2,5824940,0
16,16,3,7744050,0
16,16,4,2786494,0
16,16,5,95524,0
16,17,-3,28672,28672
16,17,-2,81920,81920
16,17,-1,587264,587264
16,17,1,1882672,0
16,17,2,4921196,0
16,17,3,6222298,0
16,17,4,3831832,0
16,17,5,73330,0
16,18,-3,8192,8192
16,18,-2,102912,102912
16,18,-1,439296,439296
16,18,1,1513552,0
16,18,2,3190866,0
16,18,3,5195094,0
16,18,4,2791458,0
16,18,5,62438,0
16,19,-3,12288,12288
16,19,-2,78848,78848
16,19,-1,351744,351744
16,19,1,1093152,0
16,19,2,2254614,0
16,19,3,2590038,0
16,19,4,2441022,0
16,19,5,189494,0
16,20,-3,4096,4096
16,20,-2,52736,52736
16,20,-1,200960,200960
16,20,1,952240,0
16,20,2,1939754,0
16,20,3,2754676,0
16,20,4,1820953,0
16,20,5,73369,0
16,21,-2,69120,69120
16,21,-1,406336,406336
16,21,1,1555332,0
16,21,2,3078788,0
16,21,3,3632705,0
16,21,4,2443357,0
16,21,5,512538,0
16,22,-2,4096,4096
16,22,-1,997632,997632
16,22,1,2116192,0
16,22,2,5491788,0
16,22,3,6987639,0
16,22,4,3552963,0
16,22,5,51738,0
16,23,-2,42496,42496
16,23,-1,1279264,1279264
16,23,1,3568312,0
16,23,2,7177688,0
16,23,3,10526085,0
16,23,4,3793587,0
16,23,5,89112,0
16,24,-2,57344,57344
16,24,-1,1083520,1083520
16,24,1,4031088,0
16,24,2,7798230,0
16,24,3,8424734,0
16,24,4,5149848,0
16,24,5,30084,0
16,25,-2,114688,114688
16,25,-1,802688,802688
16,25,1,2946576,0
16,25,2,5990008,0
16,25,3,5253886,0
16,25,4,2406774,0
16,25,5,16260,0
16,26,-2,86016,86016
16,26,-1,680576,680576
16,26,1,1913504,0
16,26,2,4068038,0
16,26,3,4189862,0
16,26,4,1312332,0
16,26,5,70440,0
16,27,-2,36864,36864
16,27,-1,704512,704512
16,27,1,1531008,0
16,27,2,2703972,0
16,27,3,3362692,0
16,27,4,1143024,0
16,27,5,86184,0
16,28,-1,374784,374784
16,28,1,1539744,0
16,28,2,1637880,0
16,28,3,4145568,0
16,28,4,1322880,0
16,28,5,23112,0
16,29,-1,49152,49152
16,29,1,832032,0
16,29,2,894816,0
16,29,3,2169048,0
16,29,4,1157688,0
16,29,5,9072,0
16,30,1,122112,0
16,30,2,343368,0
16,30,3,349272,0
16,30,4,359604,0
16,30,5,5292,0
17,0,3,433920,0
17,0,5,614656,0
17,1,2,262144,0
17,1,3,1297920,0
17,1,4,2107392,0
17,1,5,526848,0
17,2,2,761856,0
17,2,3,1296000,0
17,2,4,4064256,0
17,2,5,169344,0
17,3,2,738304,0
17,3,3,432000,0
17,3,4,2999808,0
17,3,5,24192,0
17,4,2,238576,0
17,4,4,808704,0
17,4,5,1296,0
17,9,2,6144,0
17,9,3,22592,0
17,9,4,2208,0
17,9,5,1824,0
17,10,1,98304,0
17,10,2,105728,0
17,10,3,673184,0
17,10,4,228256,0
17,10,5,8640,0
17,11,1,438272,0
17,11,2,781952,0
17,11,3,3116604,0
17,11,4,1977316,0
17,11,5,108384,0
17,12,1,862208,0
17,12,2,2531456,0
17,12,3,6394016,0
17,12,4,6304736,0
17,12,5,160512,0
17,13,-1,16384,16384
17,13,1,1128448,0
17,13,2,4296000,0
17,13,3,9226870,0
17,13,4,8205254,0
17,13,5,261252,0
17,14,-1,114688,114688
17,14,1,1243136,0
17,14,2,4736192,0
17,14,3,10775344,0
17,14,4,5277848,0
17,14,5,266104,0
17,15,-1,278528,278528
17,15,1,1337344,0
17,15,2,4317248,0
17,15,3,9402256,0
17,15,4,3839148,0
17,15,5,93060,0
17,16,-1,294912,294912
17,16,1,1419008,0
17,16,2,3502208,0
17,16,3,9018208,0
17,16,4,3155004,0
17,16,5,43236,0
17,17,-1,192512,192512
17,17,1,1492480,0
17,17,2,2882614,0
17,17,3,8757730,0
17,17,4,3358536,0
17,17,5,60576,0
17,18,-1,143360,143360
17,18,1,1924864,0
17,18,2,3382416,0
17,18,3,8623152,0
17,18,4,3659616,0
17,18,5,485600,0
17,19,-1,106496,106496
17,19,1,2550016,0
17,19,2,4818822,0
17,19,3,9602984,0
17,19,4,3964136,0
17,19,5,125674,0
17,20,-1,90112,90112
17,20,1,2550272,0
17,20,2,5916704,0
17,20,3,10708580,0
17,20,4,4323700,0
17,20,5,69128,0
17,21,-1,61440,61440
17,21,1,1855744,0
17,21,2,5297602,0
17,21,3,10757978,0
17,21,4,3953606,0
17,21,5,28190,0
17,22,-1,12288,12288
17,22,1,999424,0
17,22,2,3510800,0
17,22,3,6388600,0
17,22,4,2630732,0
17,22,5,24108,0
17,23,-1,6144,6144
17,23,1,363008,0
17,23,2,1499640,0
17,23,3,1838482,0
17,23,4,898446,0
17,23,5,14568,0
17,24,-1,46656,46656
17,24,1,141440,0
17,24,2,562784,0
17,24,3,388852,0
17,24,4,137296,0
17,24,5,924,0
17,25,-1,133632,133632
17,25,1,274992,0
17,25,2,834397,0
17,25,3,678047,0
17,25,4,127662,0
17,25,5,15654,0
17,26,-1,212256,212256
17,26,1,981776,0
17,26,2,1400859,0
17,26,3,1229359,0
17,26,4,372150,0
17,26,5,30672,0
17,27,-1,237888,237888
17,27,1,2219048,0
17,27,2,1975666,0
17,27,3,1534017,0
17,27,4,593247,0
17,27,5,26502,0
17,28,-1,279648,279648
17,28,1,2604048,0
17,28,2,1878714,0
17,28,3,1477197,0
17,28,4,532869,0
17,28,5,10500,0
17,29,-1,263424,263424
17,29,1,1532016,0
17,29,2,991854,0
17,29,3,727743,0
17,29,4,317523,0
17,29,5,1296,0
17,30,-1,102528,102528
17,30,1,364032,0
17,30,2,203742,0
17,30,3,179667,0
17,30,4,34767,0
18,0,3,433920,0
18,0,5,614656,0
18,1,2,499712,0
18,1,3,865920,0
18,1,4,2659328,0
18,1,5,169344,0
18,2,1,131072,0
18,2,2,954304,0
18,2,3,1737600,0
18,2,4,3398784,0
18,2,5,69696,0
18,3,1,256000,0
18,3,2,469472,0
18,3,3,2257152,0
18,3,4,1189216,0
18,3,5,22464,0
18,4,1,123136,0
18,4,3,823296,0
18,4,4,79968,0
18,4,5,22176,0
18,13,1,98304,0
18,13,2,49152,0
18,13,3,399360,0
18,13,4,239616,0
18,14,-1,8192,8192
18,14,1,270336,0
18,14,2,582656,0
18,14,3,3110624,0
18,14,4,1628064,0
18,14,5,298368,0
18,15,-1,16384,16384
18,15,1,245760,0
18,15,2,2279936,0
18,15,3,8587040,0
18,15,4,4945952,0
18,15,5,112320,0
18,16,-1,86016,86016
18,16,1,1042048,0
18,16,2,4528440,0
18,16,3,8783118,0
18,16,4,7734138,0
18,16,5,75712,0
18,17,-2,16384,16384
18,17,-1,311296,311296
18,17,1,2663488,0
18,17,2,6769158,0
18,17,3,9375760,0
18,17,4,2766290,0
18,17,5,84952,0
18,18,-2,81920,81920
18,18,-1,430080,430080
18,18,1,2785952,0
18,18,2,9940268,0
18,18,3,6350880,0
18,18,4,2789140,0
18,18,5,67840,0
18,19,-2,163840,163840
18,19,-1,335872,335872
18,19,1,3513568,0
18,19,2,7325932,0
18,19,3,6004247,0
18,19,4,3736609,0
18,19,5,317436,0
18,20,-2,245760,245760
18,20,-1,544768,544768
18,20,1,2280832,0
18,20,2,6037480,0
18,20,3,6266546,0
18,20,4,4796734,0
18,20,5,176808,0
18,21,-2,294912,294912
18,21,-1,888832,888832
18,21,1,1594656,0
18,21,2,6394560,0
18,21,3,7989931,0
18,21,4,6192066,0
18,21,5,500147,0
18,22,-2,196608,196608
18,22,-1,815104,815104
18,22,1,2104512,0
18,22,2,6426626,0
18,22,3,10610823,0
18,22,4,5727679,0
18,22,5,398584,0
18,23,-2,49152,49152
18,23,-1,571008,571008
18,23,1,2190192,0
18,23,2,7325344,0
18,23,3,7786945,0
18,23,4,4570351,0
18,23,5,215232,0
18,24,-1,342016,342016
18,24,1,2182904,0
18,24,2,4825208,0
18,24,3,5862186,0
18,24,4,2519354,0
18,24,5,95276,0
18,25,-1,114688,114688
18,25,1,1286264,0
18,25,2,2495295,0
18,25,3,3400748,0
18,25,4,1776249,0
18,25,5,36260,0
18,26,-1,6144,6144
18,26,1,380064,0
18,26,2,1361088,0
18,26,3,1401245,0
18,26,4,845339,0
18,26,5,36584,0
18,27,-1,18432,18432
18,27,1,146384,0
18,27,2,483176,0
18,27,3,960062,0
18,27,4,284708,0
18,27,5,7782,0
18,28,-1,20480,20480
18,28,1,182464,0
18,28,2,704344,0
18,28,3,1100364,0
18,28,4,512305,0
18,28,5,68715,0
18,29,-1,94208,94208
18,29,1,318976,0
18,29,2,1113376,0
18,29,3,2057380,0
18,29,4,744534,0
18,29,5,29670,0
18,30,-1,133632,133632
18,30,1,477376,0
18,30,2,1269500,0
18,30,3,2081636,0
18,30,4,941020,0
18,30,5,12036,0
18,31,-1,69632,69632
18,31,1,367616,0
18,31,2,975184,0
18,31,3,1330560,0
18,31,4,585832,0
18,31,5,13512,0
18,32,-1,8192,8192
18,32,1,122368,0
18,32,2,438048,0
18,32,3,519532,0
18,32,4,144480,0
18,32,5,12564,0
18,33,1,12288,0
18,33,2,70752,0
18,33,3,85272,0
18,33,4,23760,0
18,33,5,4536,0
19,0,3,433920,0
19,0,5,614656,0
19,1,2,753664,0
19,1,3,430080,0
19,1,4,3010560,0
19,2,1,389120,0
19,2,2,730112,0
19,2,3,3337664,0
19,2,4,1806336,0
19,2,5,28224,0
19,3,-1,65536,65536
19,3,1,380928,0
19,3,2,829440,0
19,3,3,2209664,0
19,3,4,577024,0
19,3,5,131712,0
19,4,-1,64512,64512
19,4,2,568320,0
19,4,3,11760,0
19,4,4,403984,0
19,6,-1,12288,12288
19,6,1,3456,0
19,6,2,32128,0
19,6,3,16544,0
19,6,4,1120,0
19,7,-2,24576,24576
19,7,-1,31488,31488
19,7,1,95744,0
19,7,2,143732,0
19,7,3,66076,0
19,7,4,31248,0
19,7,5,352,0
19,8,-3,12288,12288
19,8,-2,52608,52608
19,8,-1,107392,107392
19,8,1,284336,0
19,8,2,390960,0
19,8,3,414568,0
19,8,4,178854,0
19,8,5,786,0
19,9,-3,24576,24576
19,9,-2,56064,56064
19,9,-1,201216,201216
19,9,1,376192,0
19,9,2,1044092,0
19,9,3,1217944,0
19,9,4,212376,0
19,9,5,144340,0
19,10,-3,12288,12288
19,10,-2,53248,53248
19,10,-1,304416,304416
19,10,1,765456,0
19,10,2,2220232,0
19,10,3,2108568,0
19,10,4,812230,0
19,10,5,15018,0
19,11,-2,24576,24576
19,11,-1,321792,321792
19,11,1,2060576,0
19,11,2,2199296,0
19,11,3,4168696,0
19,11,4,515908,0
19,11,5,15268,0
19,12,-1,795648,795648
19,12,1,787200,0
19,12,2,4650608,0
19,12,3,2176914,0
19,12,4,1647322,0
19,12,5,67620,0
19,13,-2,147456,147456
19,13,-1,89856,89856
19,13,1,2885696,0
19,13,2,1452876,0
19,13,3,4175324,0
19,13,4,1297392,0
19,13,5,43944,0
19,14,-1,1821760,1821760
19,14,1,266816,0
19,14,2,3614534,0
19,14,3,1554624,0
19,14,4,1047628,0
19,14,5,50478,0
19,15,-2,442368,442368
19,15,-1,214016,214016
19,15,1,1438456,0
19,15,2,1568566,0
19,15,3,1370760,0
19,15,4,556718,0
19,15,5,12444,0
19,16,-2,38400,38400
19,16,-1,232912,232912
19,16,1,1416108,0
19,16,2,1330858,0
19,16,3,2918434,0
19,16,4,622512,0
19,16,5,27144,0
19,17,-3,43008,43008
19,17,-2,73088,73088
19,17,-1,671936,671936
19,17,1,1556464,0
19,17,2,3246264,0
19,17,3,2108894,0
19,17,4,1368482,0
19,17,5,8600,0
19,18,-3,98304,98304
19,18,-2,383120,383120
19,18,-1,805648,805648
19,18,1,2593024,0
19,18,2,2671828,0
19,18,3,2432003,0
19,18,4,545305,0
19,18,5,6256,0
19,19,-4,21504,21504
19,19,-3,138240,138240
19,19,-2,376192,376192
19,19,-1,1270704,1270704
19,19,1,2212804,0
19,19,2,3790980,0
19,19,3,4116508,0
19,19,4,967564,0
19,19,5,48864,0
19,20,-4,21504,21504
19,20,-3,30144,30144
19,20,-2,329920,329920
19,20,-1,998080,998080
19,20,1,2506912,0
19,20,2,6355700,0
19,20,3,8734060,0
19,20,4,3297848,0
19,20,5,73608,0
19,21,-2,89600,89600
19,21,-1,916144,916144
19,21,1,4257072,0
19,21,2,8628444,0
19,21,3,10744828,0
19,21,4,3562304,0
19,21,5,80392,0
19,22,-2,150912,150912
19,22,-1,884864,884864
19,22,1,3381440,0
19,22,2,8864864,0
19,22,3,7805212,0
19,22,4,2422684,0
19,22,5,148520,0
19,23,-2,110592,110592
19,23,-1,808096,808096
19,23,1,2530304,0
19,23,2,4834024,0
19,23,3,5174320,0
19,23,4,1508056,0
19,23,5,42352,0
19,24,-3,7168,7168
19,24,-2,101888,101888
19,24,-1,588576,588576
19,24,1,1818912,0
19,24,2,2982454,0
19,24,3,4104098,0
19,24,4,1257296,0
19,24,5,18584,0
19,25,-3,14336,14336
19,25,-2,53504,53504
19,25,-1,389792,389792
19,25,1,1221312,0
19,25,2,2469728,0
19,25,3,3636432,0
19,25,4,2734684,0
19,25,5,97044,0
19,26,-3,7168,7168
19,26,-2,8320,8320
19,26,-1,120704,120704
19,26,1,837840,0
19,26,2,1898588,0
19,26,3,2842244,0
19,26,4,2756460,0
19,26,5,507108,0
19,27,-1,122880,122880
19,27,1,750080,0
19,27,2,1999040,0
19,27,3,2469744,0
19,27,4,2018456,0
19,27,5,241976,0
19,28,-1,294912,294912
19,28,1,992768,0
19,28,2,3780288,0
19,28,3,3206792,0
19,28,4,2496072,0
19,28,5,108144,0
19,29,-1,269568,269568
19,29,1,1787904,0
19,29,2,3495872,0
19,29,3,4409936,0
19,29,4,2289576,0
19,29,5,198984,0
19,30,-1,215040,215040
19,30,1,954624,0
19,30,2,2257920,0
19,30,3,2202480,0
19,30,4,827232,0
19,30,5,227376,0
19,31,1,92160,0
19,31,2,506880,0
19,31,3,312192,0
19,31,4,252000,0
19,31,5,16416,0
20,0,3,433920,0
20,0,5,614656,0
20,1,2,738304,0
20,1,3,432000,0
20,1,4,2999808,0
20,1,5,24192,0
20,2,1,393216,0
20,2,2,714240,0
20,2,3,3974400,0
20,2,4,1197504,0
20,2,5,12096,0
20,3,-1,65536,65536
20,3,1,380928,0
20,3,2,893696,0
20,3,3,2648960,0
20,3,4,159264,0
20,3,5,45920,0
20,4,-1,65536,65536
20,4,2,767040,0
20,4,3,162000,0
20,4,4,53568,0
20,4,5,432,0
20,7,2,12288,0
20,7,3,7838,0
20,7,4,10668,0
20,7,5,1974,0
20,8,2,46272,0
20,8,3,83056,0
20,8,4,57086,0
20,8,5,10194,0
20,9,-1,36864,36864
20,9,1,19776,0
20,9,2,153180,0
20,9,3,201474,0
20,9,4,140091,0
20,9,5,5671,0
20,10,-1,103680,103680
20,10,1,231872,0
20,10,2,363072,0
20,10,3,369568,0
20,10,4,78512,0
20,10,5,176,0
20,11,-2,34816,34816
20,11,-1,108288,108288
20,11,1,578304,0
20,11,2,845532,0
20,11,3,220100,0
20,11,4,15008,0
20,11,5,192,0
20,12,-3,20480,20480
20,12,-2,69632,69632
20,12,-1,199936,199936
20,12,1,992448,0
20,12,2,573936,0
20,12,3,70606,0
20,12,4,6274,0
20,13,-4,12288,12288
20,13,-3,40960,40960
20,13,-2,182272,182272
20,13,-1,435968,435968
20,13,1,642368,0
20,13,2,340032,0
20,13,3,16024,0
20,13,4,1256,0
20,14,-5,6144,6144
20,14,-4,24576,24576
20,14,-3,69632,69632
20,14,-2,331776,331776
20,14,-1,643072,643072
20,14,1,470208,0
20,14,2,1040344,0
20,14,3,592744,0
20,15,-5,12288,12288
20,15,-4,12288,12288
20,15,-3,98304,98304
20,15,-2,221184,221184
20,15,-1,835584,835584
20,15,1,1900480,0
20,15,2,3139584,0
20,15,3,3364390,0
20,15,4,737818,0
20,16,-5,6144,6144
20,16,-3,49152,49152
20,16,-2,118784,118784
20,16,-1,1000320,1000320
20,16,1,4406592,0
20,16,2,6054064,0
20,16,3,8110878,0
20,16,4,3326530,0
20,16,5,94512,0
20,17,-3,16384,16384
20,17,-2,331776,331776
20,17,-1,1615872,1615872
20,17,1,3893104,0
20,17,2,11069826,0
20,17,3,9524586,0
20,17,4,6013740,0
20,17,5,401016,0
20,18,-3,60416,60416
20,18,-2,451584,451584
20,18,-1,2177536,2177536
20,18,1,5211456,0
20,18,2,9314380,0
20,18,3,10803776,0
20,18,4,3865724,0
20,18,5,96696,0
20,19,-3,71680,71680
20,19,-2,277504,277504
20,19,-1,3095424,3095424
20,19,1,5915744,0
20,19,2,6642282,0
20,19,3,5735900,0
20,19,4,1975910,0
20,19,5,42356,0
20,20,-3,53248,53248
20,20,-2,391168,391168
20,20,-1,1860096,1860096
20,20,1,3883648,0
20,20,2,5846792,0
20,20,3,2691972,0
20,20,4,960808,0
20,20,5,40908,0
20,21,-3,35840,35840
20,21,-2,566272,566272
20,21,-1,2276096,2276096
20,21,1,4976544,0
20,21,2,5858920,0
20,21,3,3944008,0
20,21,4,747674,0
20,21,5,43030,0
20,22,-3,147456,147456
20,22,-2,307200,307200
20,22,-1,1229488,1229488
20,22,1,3799582,0
20,22,2,5259672,0
20,22,3,5512630,0
20,22,4,776324,0
20,22,5,7008,0
20,23,-3,6144,6144
20,23,-2,663424,663424
20,23,-1,1762944,1762944
20,23,1,2378480,0
20,23,2,3441052,0
20,23,3,3119866,0
20,23,4,524130,0
20,23,5,31512,0
20,24,-4,3072,3072
20,24,-3,76800,76800
20,24,-2,313856,313856
20,24,-1,1484640,1484640
20,24,1,3317024,0
20,24,2,2572728,0
20,24,3,1158480,0
20,24,4,673568,0
20,24,5,33624,0
20,25,-5,1024,1024
20,25,-4,9216,9216
20,25,-3,83968,83968
20,25,-2,478976,478976
20,25,-1,953664,953664
20,25,1,2622800,0
20,25,2,1333580,0
20,25,3,1640532,0
20,25,4,408152,0
20,25,5,4728,0
20,26,-5,2048,2048
20,26,-4,9216,9216
20,26,-3,74752,74752
20,26,-2,286720,286720
20,26,-1,916096,916096
20,26,1,628400,0
20,26,2,2017608,0
20,26,3,1004316,0
20,26,4,37236,0
20,26,5,4344,0
20,27,-5,1024,1024
20,27,-4,3072,3072
20,27,-3,40960,40960
20,27,-2,274432,274432
20,27,-1,304000,304000
20,27,1,1624960,0
20,27,2,1793820,0
20,27,3,1434192,0
20,27,4,159636,0
20,28,-3,36864,36864
20,28,-2,135168,135168
20,28,-1,426240,426240
20,28,1,2115456,0
20,28,2,2852176,0
20,28,3,2236676,0
20,28,4,891260,0
20,28,5,22448,0
20,29,-2,221184,221184
20,29,-1,705024,705024
20,29,1,1305080,0
20,29,2,4216824,0
20,29,3,2521100,0
20,29,4,710860,0
20,29,5,150328,0
20,30,-2,110592,110592
20,30,-1,655360,655360
20,30,1,1139456,0
20,30,2,1730104,0
20,30,3,2362248,0
20,30,4,682520,0
20,30,5,4392,0
20,31,-1,241664,241664
20,31,1,584704,0
20,31,2,739456,0
20,31,3,736204,0
20,31,4,185460,0
20,31,5,2880,0
20,32,1,130560,0
20,32,2,190512,0
20,32,3,62616,0
20,32,4,9528,0
21,0,3,433920,0
21,0,5,614656,0
21,1,2,738304,0
21,1,3,432000,0
21,1,4,2999808,0
21,1,5,24192,0
21,2,1,393216,0
21,2,2,714240,0
21,2,3,3974400,0
21,2,4,1197504,0
21,2,5,12096,0
21,3,-1,65536,65536
21,3,1,380928,0
21,3,2,893696,0
21,3,3,2648960,0
21,3,4,159264,0
21,3,5,45920,0
21,4,-1,65536,65536
21,4,2,767040,0
21,4,3,162000,0
21,4,4,53568,0
21,4,5,432,0
21,6,1,47104,0
21,6,2,166144,0
21,6,3,29696,0
21,6,4,19200,0
21,7,-1,24576,24576
21,7,1,475136,0
21,7,2,624960,0
21,7,3,548800,0
21,7,4,161536,0
21,8,-1,49152,49152
21,8,1,839680,0
21,8,2,2048128,0
21,8,3,1459664,0
21,8,4,827056,0
21,8,5,19200,0
21,9,-2,163840,163840
21,9,-1,106496,106496
21,9,1,933888,0
21,9,2,2285696,0
21,9,3,3342080,0
21,9,4,1181888,0
21,9,5,112576,0
21,10,-2,163840,163840
21,10,-1,819200,819200
21,10,1,294912,0
21,10,2,2430208,0
21,10,3,2842912,0
21,10,4,1255392,0
21,10,5,57856,0
21,11,-1,661504,661504
21,11,1,1558016,0
21,11,2,1268784,0
21,11,3,1820216,0
21,11,4,552968,0
21,11,5,3984,0
21,12,-1,198656,198656
21,12,1,1610560,0
21,12,2,1757680,0
21,12,3,1560549,0
21,12,4,529773,0
21,12,5,44414,0
21,13,-1,321536,321536
21,13,1,1143200,0
21,13,2,2177431,0
21,13,3,4104081,0
21,13,4,2101864,0
21,13,5,80592,0
21,14,-2,2048,2048
21,14,-1,399104,399104
21,14,1,1351816,0
21,14,2,3658716,0
21,14,3,7849450,0
21,14,4,4819866,0
21,14,5,39704,0
21,15,-2,46080,46080
21,15,-1,344064,344064
21,15,1,1837008,0
21,15,2,6988484,0
21,15,3,11702090,0
21,15,4,3460032,0
21,15,5,427618,0
21,16,-3,2560,2560
21,16,-2,28160,28160
21,16,-1,377024,377024
21,16,1,2840928,0
21,16,2,9442739,0
21,16,3,7360610,0
21,16,4,4081022,0
21,16,5,148045,0
21,17,-3,5120,5120
21,17,-2,25600,25600
21,17,-1,489344,489344
21,17,1,3165952,0
21,17,2,5671418,0
21,17,3,5402230,0
21,17,4,2912582,0
21,17,5,186314,0
21,18,-3,2560,2560
21,18,-2,22016,22016
21,18,-1,422080,422080
21,18,1,1790296,0
21,18,2,2428350,0
21,18,3,4429478,0
21,18,4,1832960,0
21,18,5,115076,0
21,19,-2,5120,5120
21,19,-1,254976,254976
21,19,1,536704,0
21,19,2,2114850,0
21,19,3,2964202,0
21,19,4,850584,0
21,19,5,23772,0
21,20,-1,160256,160256
21,20,1,778752,0
21,20,2,1758763,0
21,20,3,2025419,0
21,20,4,468054,0
21,20,5,18868,0
21,21,-3,8192,8192
21,21,-2,4096,4096
21,21,-1,91136,91136
21,21,1,1008704,0
21,21,2,2015400,0
21,21,3,2176684,0
21,21,4,1030232,0
21,21,5,22548,0
21,22,-3,24576,24576
21,22,-2,45056,45056
21,22,-1,138240,138240
21,22,1,798208,0
21,22,2,3054480,0
21,22,3,3405984,0
21,22,4,2183896,0
21,22,5,114424,0
21,23,-2,119808,119808
21,23,-1,289344,289344
21,23,1,1153696,0
21,23,2,3749568,0
21,23,3,5218700,0
21,23,4,3042624,0
21,23,5,188820,0
21,24,-3,12288,12288
21,24,-2,67584,67584
21,24,-1,469888,469888
21,24,1,1827296,0
21,24,2,3502168,0
21,24,3,6260112,0
21,24,4,2984072,0
21,24,5,15408,0
21,25,-3,24576,24576
21,25,-2,126976,126976
21,25,-1,501760,501760
21,25,1,1617920,0
21,25,2,3902772,0
21,25,3,4991748,0
21,25,4,1361976,0
21,25,5,55184,0
21,26,-3,16384,16384
21,26,-2,157696,157696
21,26,-1,489728,489728
21,26,1,1298624,0
21,26,2,3306504,0
21,26,3,3234292,0
21,26,4,1064932,0
21,26,5,131168,0
21,27,-3,8192,8192
21,27,-2,81920,81920
21,27,-1,419840,419840
21,27,1,1424800,0
21,27,2,2293768,0
21,27,3,3061160,0
21,27,4,2204480,0
21,27,5,8560,0
21,28,-3,8192,8192
21,28,-2,63488,63488
21,28,-1,377632,377632
21,28,1,1475712,0
21,28,2,2891548,0
21,28,3,3534876,0
21,28,4,1222948,0
21,28,5,124932,0
21,29,-3,20480,20480
21,29,-2,81920,81920
21,29,-1,504320,504320
21,29,1,1710336,0
21,29,2,2713960,0
21,29,3,1783144,0
21,29,4,494560,0
21,29,5,96848,0
21,30,-3,14336,14336
21,30,-2,129024,129024
21,30,-1,642304,642304
21,30,1,1095232,0
21,30,2,1141104,0
21,30,3,462108,0
21,30,4,185812,0
21,30,5,96,0
21,31,-3,12288,12288
21,31,-2,141824,141824
21,31,-1,308736,308736
21,31,1,293824,0
21,31,2,190032,0
21,31,3,87296,0
21,31,4,14576,0
21,32,-3,6144,6144
21,32,-2,57344,57344
21,32,-1,23808,23808
21,32,1,19456,0
21,32,2,22752,0
21,32,3,1568,0
22,0,3,433920,0
22,0,5,614656,0
22,1,2,262144,0
22,1,3,1297920,0
22,1,4,2107392,0
22,1,5,526848,0
22,2,2,761856,0
22,2,3,1296000,0
22,2,4,4064256,0
22,2,5,169344,0
22,3,2,738304,0
22,3,3,432000,0
22,3,4,2999808,0
22,3,5,24192,0
22,4,2,238576,0
22,4,4,808704,0
22,4,5,1296,0
22,9,2,98304,0
22,9,3,115232,0
22,9,5,48608,0
22,10,2,630784,0
22,10,3,585024,0
22,10,4,288736,0
22,10,5,68320,0
22,11,-1,4096,4096
22,11,1,28672,0
22,11,2,1665792,0
22,11,3,1774896,0
22,11,4,1094832,0
22,11,5,150304,0
22,12,-1,16384,16384
22,12,1,114688,0
22,12,2,2509056,0
22,12,3,3910624,0
22,12,4,3231008,0
22,12,5,179712,0
22,13,-1,36864,36864
22,13,1,290304,0
22,13,2,2787776,0
22,13,3,6034160,0
22,13,4,6686752,0
22,13,5,154928,0
22,14,-1,77824,77824
22,14,1,685056,0
22,14,2,3192704,0
22,14,3,8210576,0
22,14,4,7118368,0
22,14,5,114128,0
22,15,-1,139264,139264
22,15,1,1187840,0
22,15,2,4531456,0
22,15,3,9273880,0
22,15,4,3138448,0
22,15,5,79192,0
22,16,-1,159744,159744
22,16,1,1506560,0
22,16,2,5470424,0
22,16,3,5696416,0
22,16,4,1032648,0
22,16,5,27840,0
22,17,-1,135168,135168
22,17,1,1514064,0
22,17,2,4004760,0
22,17,3,2500968,0
22,17,4,426068,0
22,17,5,4188,0
22,18,-1,178688,178688
22,18,1,1160944,0
22,18,2,2621340,0
22,18,3,1948348,0
22,18,4,446820,0
22,18,5,852,0
22,19,-1,284672,284672
22,19,1,1473936,0
22,19,2,2782876,0
22,19,3,2753132,0
22,19,4,1604488,0
22,19,5,13792,0
22,20,-1,334848,334848
22,20,1,2296464,0
22,20,2,3832932,0
22,20,3,5038548,0
22,20,4,3626400,0
22,20,5,140696,0
22,21,-1,339968,339968
22,21,1,2653344,0
22,21,2,6262612,0
22,21,3,7747090,0
22,21,4,4352682,0
22,21,5,238416,0
22,22,-1,420352,420352
22,22,1,2947328,0
22,22,2,7657368,0
22,22,3,7347023,0
22,22,4,3131477,0
22,22,5,287172,0
22,23,-2,10240,10240
22,23,-1,814080,814080
22,23,1,3659744,0
22,23,2,6580892,0
22,23,3,5062975,0
22,23,4,2211833,0
22,23,5,174156,0
22,24,-2,61440,61440
22,24,-1,1428224,1428224
22,24,1,3957600,0
22,24,2,5140412,0
22,24,3,4532348,0
22,24,4,1876984,0
22,24,5,75120,0
22,25,-2,152832,152832
22,25,-1,1387104,1387104
22,25,1,3437984,0
22,25,2,4689052,0
22,25,3,4230463,0
22,25,4,2203589,0
22,25,5,119136,0
22,26,-2,201728,201728
22,26,-1,889856,889856
22,26,1,1728757,0
22,26,2,4744813,0
22,26,3,5566473,0
22,26,4,3196933,0
22,26,5,153744,0
22,27,-2,148992,148992
22,27,-1,325792,325792
22,27,1,791048,0
22,27,2,2756764,0
22,27,3,3614607,0
22,27,4,2319421,0
22,27,5,103152,0
22,28,-2,58368,58368
22,28,-1,68864,68864
22,28,1,341360,0
22,28,2,1055248,0
22,28,3,1936871,0
22,28,4,1303101,0
22,28,5,118620,0
22,29,-2,9472,9472
22,29,-1,11392,11392
22,29,1,74448,0
22,29,2,386064,0
22,29,3,645244,0
22,29,4,423348,0
22,29,5,22896,0
22,30,2,57600,0
22,30,3,80364,0
22,30,4,58644,0
23,0,3,433920,0
23,0,5,614656,0
23,1,2,753664,0
23,1,3,430080,0
23,1,4,3010560,0
23,2,1,389120,0
23,2,2,730112,0
23,2,3,3337664,0
23,2,4,1806336,0
23,2,5,28224,0
23,3,-1,65536,65536
23,3,1,380928,0
23,3,2,829440,0
23,3,3,2209664,0
23,3,4,577024,0
23,3,5,131712,0
23,4,-1,64512,64512
23,4,2,568320,0
23,4,3,11760,0
23,4,4,403984,0
23,10,2,774144,0
23,10,3,639744,0
23,10,4,146016,0
23,10,5,12960,0
23,11,1,1032192,0
23,11,2,1547520,0
23,11,3,4732032,0
23,11,4,991616,0
23,11,5,85248,0
23,12,-2,24576,24576
23,12,-1,307200,307200
23,12,1,907968,0
23,12,2,5111616,0
23,12,3,5981152,0
23,12,4,4622096,0
23,12,5,19216,0
23,13,-2,344064,344064
23,13,-1,323072,323072
23,13,1,1816608,0
23,13,2,4774588,0
23,13,3,8126352,0
23,13,4,3430596,0
23,13,5,124624,0
23,14,-3,147456,147456
23,14,-2,122880,122880
23,14,-1,1356928,1356928
23,14,1,2439424,0
23,14,2,5178636,0
23,14,3,6995870,0
23,14,4,1685966,0
23,14,5,160776,0
23,15,-3,49152,49152
23,15,-2,368640,368640
23,15,-1,702464,702464
23,15,1,3288448,0
23,15,2,6104176,0
23,15,3,6136964,0
23,15,4,2305430,0
23,15,5,50166,0
23,16,-2,294912,294912
23,16,-1,1019776,1019776
23,16,1,2146048,0
23,16,2,5510720,0
23,16,3,6089114,0
23,16,4,1758749,0
23,16,5,88969,0
23,17,-3,40960,40960
23,17,-2,413696,413696
23,17,-1,1419136,1419136
23,17,1,3087504,0
23,17,2,5308140,0
23,17,3,3540412,0
23,17,4,1431444,0
23,17,5,28596,0
23,18,-3,61440,61440
23,18,-2,364544,364544
23,18,-1,2195264,2195264
23,18,1,4883878,0
23,18,2,5823698,0
23,18,3,6763808,0
23,18,4,2208264,0
23,18,5,46880,0
23,19,-3,8192,8192
23,19,-2,422400,422400
23,19,-1,1677472,1677472
23,19,1,4929120,0
23,19,2,9570484,0
23,19,3,9775480,0
23,19,4,3191708,0
23,19,5,47416,0
23,20,-3,57344,57344
23,20,-2,259072,259072
23,20,-1,973184,973184
23,20,1,3566884,0
23,20,2,8691556,0
23,20,3,7319564,0
23,20,4,3447016,0
23,20,5,130308,0
23,21,-3,20480,20480
23,21,-2,184320,184320
23,21,-1,1736192,1736192
23,21,1,3644832,0
23,21,2,4987892,0
23,21,3,6704144,0
23,21,4,1639596,0
23,21,5,87984,0
23,22,-4,4096,4096
23,22,-3,29696,29696
23,22,-2,225280,225280
23,22,-1,1382656,1382656
23,22,1,2587936,0
23,22,2,3772388,0
23,22,3,2699152,0
23,22,4,1331808,0
23,22,5,25612,0
23,23,-4,12288,12288
23,23,-3,15360,15360
23,23,-2,120064,120064
23,23,-1,873856,873856
23,23,1,1561280,0
23,23,2,2062572,0
23,23,3,1641496,0
23,23,4,318232,0
23,23,5,13988,0
23,24,-2,49152,49152
23,24,-1,382976,382976
23,24,1,804096,0
23,24,2,1284152,0
23,24,3,943500,0
23,24,4,263614,0
23,24,5,8062,0
23,25,-2,98304,98304
23,25,-1,176640,176640
23,25,1,713392,0
23,25,2,739878,0
23,25,3,1035348,0
23,25,4,197365,0
23,25,5,53729,0
23,26,-2,147456,147456
23,26,-1,314112,314112
23,26,1,934288,0
23,26,2,1579776,0
23,26,3,648868,0
23,26,4,820542,0
23,26,5,11406,0
23,27,-2,73728,73728
23,27,-1,434560,434560
23,27,1,639872,0
23,27,2,1820048,0
23,27,3,1966226,0
23,27,4,631713,0
23,27,5,4413,0
23,28,-1,190080,190080
23,28,1,374400,0
23,28,2,949976,0
23,28,3,1608152,0
23,28,4,832596,0
23,28,5,42492,0
23,29,1,116736,0
23,29,2,247996,0
23,29,3,520854,0
23,29,4,519162,0
23,29,5,37044,0
23,30,2,30816,0
23,30,3,83892,0
23,30,4,49140,0
23,30,5,32760,0
24,0,3,433920,0
24,0,5,614656,0
24,1,2,738304,0
24,1,3,432000,0
24,1,4,2999808,0
24,1,5,24192,0
24,2,1,393216,0
24,2,2,714240,0
24,2,3,3974400,0
24,2,4,1197504,0
24,2,5,12096,0
24,3,-1,65536,65536
24,3,1,380928,0
24,3,2,893696,0
24,3,3,2648960,0
24,3,4,159264,0
24,3,5,45920,0
24,4,-1,65536,65536
24,4,2,767040,0
24,4,3,162000,0
24,4,4,53568,0
24,4,5,432,0
24,13,1,96768,0
24,13,3,688032,0
24,13,5,1632,0
24,14,-2,73728,73728
24,14,-1,90112,90112
24,14,1,1053696,0
24,14,2,2258368,0
24,14,3,1417152,0
24,14,4,1005184,0
24,15,-2,24576,24576
24,15,-1,450560,450560
24,15,1,1284096,0
24,15,2,6598080,0
24,15,3,6339296,0
24,15,4,1748752,0
24,15,5,4176,0
24,16,-2,55296,55296
24,16,-1,455800,455800
24,16,1,3449824,0
24,16,2,8330372,0
24,16,3,8804051,0
24,16,4,1989385,0
24,16,5,82248,0
24,17,-3,12288,12288
24,17,-2,158760,158760
24,17,-1,1028992,1028992
24,17,1,6016088,0
24,17,2,8865212,0
24,17,3,5267512,0
24,17,4,3051916,0
24,17,5,208000,0
24,18,-3,24576,24576
24,18,-2,302464,302464
24,18,-1,2410464,2410464
24,18,1,5576608,0
24,18,2,7976275,0
24,18,3,8408874,0
24,18,4,2089051,0
24,18,5,81448,0
24,19,-5,6144,6144
24,19,-4,20480,20480
24,19,-3,245760,245760
24,19,-2,627200,627200
24,19,-1,2189664,2189664
24,19,1,6570859,0
24,19,2,8421906,0
24,19,3,5617069,0
24,19,4,2266692,0
24,19,5,84786,0
24,20,-5,8192,8192
24,20,-4,34816,34816
24,20,-3,157440,157440
24,20,-2,1047488,1047488
24,20,-1,1224104,1224104
24,20,1,6373730,0
24,20,2,6697600,0
24,20,3,4717076,0
24,20,4,1077148,0
24,20,5,289286,0
24,21,-4,63488,63488
24,21,-3,199744,199744
24,21,-2,1024384,1024384
24,21,-1,3067424,3067424
24,21,1,2048718,0
24,21,2,5509519,0
24,21,3,4260103,0
24,21,4,1040370,0
24,21,5,22218,0
24,22,-5,18432,18432
24,22,-4,20480,20480
24,22,-3,304832,304832
24,22,-2,490368,490368
24,22,-1,889424,889424
24,22,1,2644360,0
24,22,2,3028488,0
24,22,3,6053861,0
24,22,4,1448027,0
24,22,5,11168,0
24,23,-3,25600,25600
24,23,-2,173856,173856
24,23,-1,627584,627584
24,23,1,2526312,0
24,23,2,4441332,0
24,23,3,4502982,0
24,23,4,2144622,0
24,23,5,41168,0
24,24,-3,2048,2048
24,24,-2,209984,209984
24,24,-1,538872,538872
24,24,1,2079840,0
24,24,2,5032426,0
24,24,3,4115934,0
24,24,4,1989494,0
24,24,5,56106,0
24,25,-3,5120,5120
24,25,-2,424960,424960
24,25,-1,750464,750464
24,25,1,1524288,0
24,25,2,3132096,0
24,25,3,5069040,0
24,25,4,1433496,0
24,25,5,79608,0
24,26,-4,32768,32768
24,26,-3,22528,22528
24,26,-2,317952,317952
24,26,-1,1071488,1071488
24,26,1,1677120,0
24,26,2,2284684,0
24,26,3,2210224,0
24,26,4,1390782,0
24,26,5,3654,0
24,27,-4,65536,65536
24,27,-3,84992,84992
24,27,-2,280576,280576
24,27,-1,667776,667776
24,27,1,1697224,0
24,27,2,1506651,0
24,27,3,1089628,0
24,27,4,189201,0
24,27,5,21744,0
24,28,-4,32768,32768
24,28,-3,120832,120832
24,28,-2,290816,290816
24,28,-1,678016,678016
24,28,1,1016400,0
24,28,2,1268997,0
24,28,3,587500,0
24,28,4,165079,0
24,28,5,1128,0
24,29,-3,52224,52224
24,29,-2,184320,184320
24,29,-1,566912,566912
24,29,1,1110560,0
24,29,2,1365712,0
24,29,3,1108232,0
24,29,4,264708,0
24,29,5,388,0
24,30,-2,40960,40960
24,30,-1,456192,456192
24,30,1,1087776,0
24,30,2,1464712,0
24,30,3,1457432,0
24,30,4,396488,0
24,30,5,11640,0
24,31,-2,30720,30720
24,31,-1,277760,277760
24,31,1,748544,0
24,31,2,1059144,0
24,31,3,902168,0
24,31,4,311664,0
24,31,5,12336,0
24,32,-2,36864,36864
24,32,-1,134400,134400
24,32,1,254848,0
24,32,2,415780,0
24,32,3,353180,0
24,32,4,50112,0
24,33,-2,18432,18432
24,33,-1,18432,18432
24,33,1,46080,0
24,33,2,79488,0
24,33,3,34176,0
25,0,3,433920,0
25,0,5,614656,0
25,1,2,516096,0
25,1,3,862080,0
25,1,4,2759680,0
25,1,5,56448,0
25,2,1,131072,0
25,2,2,984064,0
25,2,3,1776000,0
25,2,4,3343872,0
25,2,5,56448,0
25,3,1,260096,0
25,3,2,483840,0
25,3,3,2329248,0
25,3,4,1078784,0
25,3,5,42336,0
25,4,1,126976,0
25,4,3,833792,0
25,4,4,65856,0
25,4,5,21952,0
25,8,2,7808,0
25,8,3,23904,0
25,8,4,33824,0
25,9,1,16384,0
25,9,2,81664,0
25,9,3,230896,0
25,9,4,151664,0
25,9,5,43680,0
25,10,-2,3072,3072
25,10,-1,5120,5120
25,10,1,125696,0
25,10,2,374138,0
25,10,3,773796,0
25,10,4,540370,0
25,10,5,12816,0
25,11,-2,12288,12288
25,11,-1,39936,39936
25,11,1,375968,0
25,11,2,881392,0
25,11,3,1428352,0
25,11,4,946116,0
25,11,5,51500,0
25,12,-2,18432,18432
25,12,-1,93184,93184
25,12,1,739376,0
25,12,2,1305200,0
25,12,3,1831012,0
25,12,4,985528,0
25,12,5,8004,0
25,13,-2,24576,24576
25,13,-1,211712,211712
25,13,1,1163568,0
25,13,2,1791822,0
25,13,3,1471934,0
25,13,4,920722,0
25,13,5,51762,0
25,14,-2,52224,52224
25,14,-1,324800,324800
25,14,1,1137818,0
25,14,2,2705338,0
25,14,3,2149115,0
25,14,4,803121,0
25,14,5,102080,0
25,15,-2,82944,82944
25,15,-1,266240,266240
25,15,1,1077472,0
25,15,2,3039324,0
25,15,3,3616340,0
25,15,4,1600680,0
25,15,5,81864,0
25,16,-2,70656,70656
25,16,-1,287616,287616
25,16,1,1802160,0
25,16,2,3567056,0
25,16,3,5269440,0
25,16,4,2071024,0
25,16,5,104784,0
25,17,-2,18432,18432
25,17,-1,581120,581120
25,17,1,2964064,0
25,17,2,5735000,0
25,17,3,7162052,0
25,17,4,2983716,0
25,17,5,85344,0
25,18,-2,9216,9216
25,18,-1,645376,645376
25,18,1,3446112,0
25,18,2,7723916,0
25,18,3,10922572,0
25,18,4,3606048,0
25,18,5,188840,0
25,19,-2,3072,3072
25,19,-1,426144,426144
25,19,1,2650816,0
25,19,2,8550776,0
25,19,3,12051324,0
25,19,4,5171572,0
25,19,5,375352,0
25,20,-1,271616,271616
25,20,1,1683456,0
25,20,2,5756800,0
25,20,3,13772480,0
25,20,4,5599232,0
25,20,5,441536,0
25,21,-1,250880,250880
25,21,1,1261248,0
25,21,2,5248416,0
25,21,3,10314896,0
25,21,4,4986544,0
25,21,5,89184,0
25,22,-1,233472,233472
25,22,1,1285120,0
25,22,2,2834816,0
25,22,3,7677000,0
25,22,4,1352392,0
25,22,5,215920,0
25,23,-1,177152,177152
25,23,1,1052288,0
25,23,2,1942178,0
25,23,3,2731090,0
25,23,4,576262,0
25,23,5,9094,0
25,24,-1,116736,116736
25,24,1,670816,0
25,24,2,1669072,0
25,24,3,1605536,0
25,24,4,582824,0
25,24,5,40840,0
25,25,-1,144384,144384
25,25,1,569856,0
25,25,2,2027544,0
25,25,3,2681098,0
25,25,4,1344685,0
25,25,5,48177,0
25,26,-1,227328,227328
25,26,1,718560,0
25,26,2,2983888,0
25,26,3,3922154,0
25,26,4,2019084,0
25,26,5,254298,0
25,27,-1,219136,219136
25,27,1,718080,0
25,27,2,3375196,0
25,27,3,6657183,0
25,27,4,3005331,0
25,27,5,246386,0
25,28,-2,8192,8192
25,28,-1,193536,193536
25,28,1,1352320,0
25,28,2,3210248,0
25,28,3,6415672,0
25,28,4,2913008,0
25,28,5,30032,0
25,29,-2,32768,32768
25,29,-1,462848,462848
25,29,1,1004288,0
25,29,2,2345376,0
25,29,3,3027600,0
25,29,4,332404,0
25,29,5,3676,0
25,30,-2,49152,49152
25,30,-1,114688,114688
25,30,1,529744,0
25,30,2,627468,0
25,30,3,497280,0
25,30,4,15900,0
25,30,5,776,0
25,31,-2,32768,32768
25,31,-1,48128,48128
25,31,1,222592,0
25,31,2,186064,0
25,31,3,33600,0
25,31,4,1136,0
25,32,-2,8192,8192
25,32,-1,7424,7424
25,32,1,35040,0
25,32,2,14816,0
25,32,3,32,0
25,32,4,32,0
26,0,3,433920,0
26,0,5,614656,0
26,1,2,516096,0
26,1,3,862080,0
26,1,4,2759680,0
26,1,5,56448,0
26,2,1,131072,0
26,2,2,984064,0
26,2,3,1776000,0
26,2,4,3343872,0
26,2,5,56448,0
26,3,1,260096,0
26,3,2,483840,0
26,3,3,2329248,0
26,3,4,1078784,0
26,3,5,42336,0
26,4,1,126976,0
26,4,3,833792,0
26,4,4,65856,0
26,4,5,21952,0
26,11,1,4096,0
26,11,2,12032,0
26,11,3,12867,0
26,11,4,3773,0
26,12,-1,12288,12288
26,12,1,37888,0
26,12,2,266668,0
26,12,3,91240,0
26,12,4,47544,0
26,12,5,3124,0
26,13,-2,4096,4096
26,13,-1,61440,61440
26,13,1,199848,0
26,13,2,1170358,0
26,13,3,934602,0
26,13,4,329115,0
26,13,5,20285,0
26,14,-2,16384,16384
26,14,-1,175104,175104
26,14,1,863488,0
26,14,2,3173218,0
26,14,3,2147354,0
26,14,4,939780,0
26,14,5,57472,0
26,15,-2,49152,49152
26,15,-1,677120,677120
26,15,1,2341152,0
26,15,2,4729116,0
26,15,3,4428056,0
26,15,4,889577,0
26,15,5,25795,0
26,16,-2,153600,153600
26,16,-1,1355136,1355136
26,16,1,3206424,0
26,16,2,6342284,0
26,16,3,7055748,0
26,16,4,1137560,0
26,16,5,180672,0
26,17,-2,186368,186368
26,17,-1,1544960,1544960
26,17,1,3324592,0
26,17,2,8232752,0
26,17,3,9294142,0
26,17,4,2710538,0
26,17,5,167384,0
26,18,-2,114688,114688
26,18,-1,710912,710912
26,18,1,3660576,0
26,18,2,10136912,0
26,18,3,10170868,0
26,18,4,5990968,0
26,18,5,246372,0
26,19,-2,14336,14336
26,19,-1,492800,492800
26,19,1,3747920,0
26,19,2,6068272,0
26,19,3,12930988,0
26,19,4,6515140,0
26,19,5,344336,0
26,20,-2,2048,2048
26,20,-1,868656,868656
26,20,1,1930640,0
26,20,2,3923474,0
26,20,3,6147131,0
26,20,4,2379015,0
26,20,5,248300,0
26,21,-1,698976,698976
26,21,1,1873376,0
26,21,2,1919036,0
26,21,3,4914592,0
26,21,4,930386,0
26,21,5,18322,0
26,22,-1,254080,254080
26,22,1,1841264,0
26,22,2,2140704,0
26,22,3,1831620,0
26,22,4,463036,0
26,22,5,22896,0
26,23,-1,163584,163584
26,23,1,1582208,0
26,23,2,3209160,0
26,23,3,3307788,0
26,23,4,772010,0
26,23,5,9218,0
26,24,-1,184320,184320
26,24,1,1114400,0
26,24,2,4469580,0
26,24,3,9437060,0
26,24,4,3013712,0
26,24,5,196544,0
26,25,-1,222976,222976
26,25,1,933824,0
26,25,2,6242220,0
26,25,3,12917280,0
26,25,4,3722870,0
26,25,5,274686,0
26,26,-1,317440,317440
26,26,1,1719552,0
26,26,2,7540820,0
26,26,3,5994772,0
26,26,4,3457292,0
26,26,5,41100,0
26,27,-2,5120,5120
26,27,-1,318464,318464
26,27,1,2091296,0
26,27,2,3580472,0
26,27,3,3014952,0
26,27,4,1167704,0
26,27,5,12840,0
26,28,-2,15360,15360
26,28,-1,101376,101376
26,28,1,852384,0
26,28,2,2047968,0
26,28,3,1303344,0
26,28,4,960714,0
26,28,5,27270,0
26,29,-2,15360,15360
26,29,-1,113664,113664
26,29,1,455040,0
26,29,2,554532,0
26,29,3,1060812,0
26,29,4,354480,0
26,29,5,2016,0
26,30,-2,46080,46080
26,30,-1,64512,64512
26,30,1,127872,0
26,30,2,207360,0
26,30,3,134784,0
26,30,4,9216,0
27,0,3,433920,0
27,0,5,614656,0
27,1,2,722944,0
27,1,3,433920,0
27,1,4,2989056,0
27,1,5,48384,0
27,2,1,380928,0
27,2,2,700352,0
27,2,3,3185536,0
27,2,4,1931328,0
27,2,5,93312,0
27,3,-1,65536,65536
27,3,1,365056,0
27,3,2,799232,0
27,3,3,2133888,0
27,3,4,695744,0
27,3,5,134848,0
27,4,-1,62464,62464
27,4,2,827632,0
27,4,3,54720,0
27,4,4,483440,0
27,4,5,13536,0
27,5,1,73728,0
27,5,2,577152,0
27,5,3,1033280,0
27,5,4,356184,0
27,5,5,56808,0
27,6,1,235008,0
27,6,2,456224,0
27,6,3,2386880,0
27,6,4,1436832,0
27,6,5,72576,0
27,7,-1,24576,24576
27,7,1,148960,0
27,7,2,980832,0
27,7,3,1660736,0
27,7,4,2426048,0
27,7,5,1728,0
27,8,-1,15616,15616
27,8,1,159232,0
27,8,2,732064,0
27,8,3,1679792,0
27,8,4,676944,0
27,8,5,13152,0
27,9,-1,16384,16384
27,9,1,113920,0
27,9,2,451392,0
27,9,3,398744,0
27,9,4,64560,0
27,9,5,3576,0
27,10,-1,8192,8192
27,10,1,45568,0
27,10,2,63152,0
27,10,3,8172,0
27,10,4,5988,0
27,12,1,11776,0
27,12,2,26432,0
27,12,3,9412,0
27,12,4,17916,0
27,13,-1,5888,5888
27,13,1,56192,0
27,13,2,94546,0
27,13,3,92270,0
27,13,4,78784,0
27,14,-1,24576,24576
27,14,1,261264,0
27,14,2,274448,0
27,14,3,466736,0
27,14,4,366506,0
27,14,5,48262,0
27,15,-1,39744,39744
27,15,1,228480,0
27,15,2,1587778,0
27,15,3,1782719,0
27,15,4,1183367,0
27,15,5,158648,0
27,16,-1,81920,81920
27,16,1,531456,0
27,16,2,2410752,0
27,16,3,5218894,0
27,16,4,2540346,0
27,16,5,292216,0
27,17,-1,114752,114752
27,17,1,1174208,0
27,17,2,3670326,0
27,17,3,6280156,0
27,17,4,5006972,0
27,17,5,72050,0
27,18,-1,118784,118784
27,18,1,1427936,0
27,18,2,4854656,0
27,18,3,8702272,0
27,18,4,2794910,0
27,18,5,189378,0
27,19,-2,28672,28672
27,19,-1,173568,173568
27,19,1,1267712,0
27,19,2,6413984,0
27,19,3,7955509,0
27,19,4,3706531,0
27,19,5,245896,0
27,20,-2,57344,57344
27,20,-1,258048,258048
27,20,1,1859904,0
27,20,2,5694208,0
27,20,3,10988734,0
27,20,4,6805960,0
27,20,5,255290,0
27,21,-2,33792,33792
27,21,-1,380672,380672
27,21,1,1926816,0
27,21,2,7412128,0
27,21,3,13839902,0
27,21,4,8624172,0
27,21,5,124534,0
27,22,-2,22528,22528
27,22,-1,419712,419712
27,22,1,2654896,0
27,22,2,7565648,0
27,22,3,13576396,0
27,22,4,7612340,0
27,22,5,326656,0
27,23,-2,44032,44032
27,23,-1,630848,630848
27,23,1,2279376,0
27,23,2,7858431,0
27,23,3,9724725,0
27,23,4,5096482,0
27,23,5,416666,0
27,24,-2,84736,84736
27,24,-1,479488,479488
27,24,1,1966928,0
27,24,2,5007128,0
27,24,3,7003840,0
27,24,4,3984248,0
27,24,5,85856,0
27,25,-2,46080,46080
27,25,-1,287808,287808
27,25,1,1050112,0
27,25,2,2927697,0
27,25,3,5065513,0
27,25,4,3091370,0
27,25,5,278172,0
27,26,-2,49152,49152
27,26,-1,265856,265856
27,26,1,957984,0
27,26,2,2584748,0
27,26,3,2408545,0
27,26,4,1691235,0
27,26,5,234480,0
27,27,-2,26624,26624
27,27,-1,264192,264192
27,27,1,1096192,0
27,27,2,1140504,0
27,27,3,1409648,0
27,27,4,541064,0
27,27,5,10992,0
27,28,-2,16384,16384
27,28,-1,352896,352896
27,28,1,409344,0
27,28,2,532608,0
27,28,3,536056,0
27,28,4,20272,0
27,28,5,216,0
27,29,-2,49152,49152
27,29,-1,73728,73728
27,29,1,85248,0
27,29,2,185088,0
28,0,3,433920,0
28,0,5,614656,0
28,1,2,738304,0
28,1,3,432000,0
28,1,4,2999808,0
28,1,5,24192,0
28,2,1,393216,0
28,2,2,714240,0
28,2,3,3974400,0
28,2,4,1197504,0
28,2,5,12096,0
28,3,-1,65536,65536
28,3,1,380928,0
28,3,2,893696,0
28,3,3,2648960,0
28,3,4,159264,0
28,3,5,45920,0
28,4,-1,65536,65536
28,4,2,767040,0
28,4,3,162000,0
28,4,4,53568,0
28,4,5,432,0
28,10,1,27136,0
28,10,3,37728,0
28,10,4,672,0
28,11,-1,57344,57344
28,11,1,106496,0
28,11,2,1028256,0
28,11,3,253760,0
28,11,4,125904,0
28,11,5,1104,0
28,12,-2,4096,4096
28,12,-1,65536,65536
28,12,1,710368,0
28,12,2,3176576,0
28,12,3,3500936,0
28,12,4,641724,0
28,12,5,27228,0
28,13,-2,8192,8192
28,13,-1,309504,309504
28,13,1,1683968,0
28,13,2,5178136,0
28,13,3,9525624,0
28,13,4,2913452,0
28,13,5,107460,0
28,14,-2,81920,81920
28,14,-1,724992,724992
28,14,1,2135840,0
28,14,2,7651928,0
28,14,3,10760220,0
28,14,4,6262064,0
28,14,5,104764,0
28,15,-2,59392,59392
28,15,-1,809216,809216
28,15,1,4108672,0
28,15,2,5857072,0
28,15,3,10125440,0
28,15,4,5164052,0
28,15,5,221628,0
28,16,-2,32768,32768
28,16,-1,777984,777984
28,16,1,3951904,0
28,16,2,7864528,0
28,16,3,6243500,0
28,16,4,3119812,0
28,16,5,390048,0
28,17,-2,57344,57344
28,17,-1,783360,783360
28,17,1,3858176,0
28,17,2,6382716,0
28,17,3,5834131,0
28,17,4,3080501,0
28,17,5,90556,0
28,18,-2,118784,118784
28,18,-1,1059584,1059584
28,18,1,3458512,0
28,18,2,5486166,0
28,18,3,7032948,0
28,18,4,1851018,0
28,18,5,31196,0
28,19,-3,48128,48128
28,19,-2,265728,265728
28,19,-1,1154688,1154688
28,19,1,3899632,0
28,19,2,4710479,0
28,19,3,7680511,0
28,19,4,1291276,0
28,19,5,53302,0
28,20,-3,96256,96256
28,20,-2,230400,230400
28,20,-1,1304576,1304576
28,20,1,2489520,0
28,20,2,5572092,0
28,20,3,4106466,0
28,20,4,571328,0
28,20,5,14514,0
28,21,-3,48128,48128
28,21,-2,93696,93696
28,21,-1,653312,653312
28,21,1,1124864,0
28,21,2,2874694,0
28,21,3,1620490,0
28,21,4,365770,0
28,21,5,2022,0
28,22,-2,36864,36864
28,22,-1,141312,141312
28,22,1,777456,0
28,22,2,1126816,0
28,22,3,1198696,0
28,22,4,673548,0
28,22,5,10236,0
28,23,-1,171264,171264
28,23,1,487584,0
28,23,2,1657048,0
28,23,3,2138608,0
28,23,4,776220,0
28,23,5,110460,0
28,24,-2,27648,27648
28,24,-1,296960,296960
28,24,1,790544,0
28,24,2,2177368,0
28,24,3,2574414,0
28,24,4,1478078,0
28,24,5,60556,0
28,25,-2,20480,20480
28,25,-1,808960,808960
28,25,1,1278464,0
28,25,2,3008272,0
28,25,3,3534792,0
28,25,4,519744,0
28,25,5,4328,0
28,26,-2,78848,78848
28,26,-1,368640,368640
28,26,1,3068800,0
28,26,2,2950736,0
28,26,3,3923020,0
28,26,4,1185756,0
28,26,5,24072,0
28,27,-1,378880,378880
28,27,1,1652576,0
28,27,2,5199048,0
28,27,3,4382316,0
28,27,4,1870992,0
28,27,5,82140,0
28,28,-1,178176,178176
28,28,1,1358592,0
28,28,2,3302912,0
28,28,3,3792192,0
28,28,4,2037408,0
28,28,5,78624,0
28,29,-1,199680,199680
28,29,1,543744,0
28,29,2,1230720,0
28,29,3,1838190,0
28,29,4,313410,0
28,29,5,3024,0
28,30,-1,86016,86016
28,30,1,61440,0
28,30,2,129024,0
28,30,3,105576,0
28,30,4,11160,0
29,0,3,433920,0
29,0,5,614656,0
29,1,2,939904,0
29,1,4,3244032,0
29,1,5,10368,0
29,2,1,742400,0
29,2,3,4989952,0
29,2,4,460992,0
29,2,5,98112,0
29,3,-1,256000,256000
29,3,2,2580992,0
29,3,3,430080,0
29,3,4,925216,0
29,3,5,2016,0
29,4,-2,32768,32768
29,4,1,432128,0
29,4,2,92160,0
29,4,3,462848,0
29,4,4,27104,0
29,4,5,1568,0
29,5,1,46848,0
29,5,3,344856,0
29,5,4,720,0
29,5,5,792,0
29,6,-1,24576,24576
29,6,2,813512,0
29,6,3,294006,0
29,6,4,965058,0
29,7,1,335040,0
29,7,2,373920,0
29,7,3,2573944,0
29,7,4,451206,0
29,7,5,460194,0
29,8,-1,115712,115712
29,8,1,180480,0
29,8,2,1426210,0
29,8,3,822180,0
29,8,4,1778202,0
29,8,5,2592,0
29,9,-2,43520,43520
29,9,-1,35712,35712
29,9,1,720032,0
29,9,2,395532,0
29,9,3,1629162,0
29,9,4,178810,0
29,9,5,11888,0
29,10,-3,4096,4096
29,10,-2,8192,8192
29,10,-1,282320,282320
29,10,1,170112,0
29,10,2,1186882,0
29,10,3,285782,0
29,10,4,28514,0
29,10,5,182,0
29,11,-2,64000,64000
29,11,-1,111104,111104
29,11,1,505780,0
29,11,2,1004660,0
29,11,3,71148,0
29,11,4,76252,0
29,11,5,2064,0
29,12,-3,8192,8192
29,12,-2,8192,8192
29,12,-1,95008,95008
29,12,1,729184,0
29,12,2,139524,0
29,12,3,2546620,0
29,12,4,160072,0
29,12,5,48760,0
29,13,-3,16384,16384
29,13,-2,8192,8192
29,13,-1,145408,145408
29,13,1,312320,0
29,13,2,2476696,0
29,13,3,834860,0
29,13,4,3479076,0
29,13,5,1560,0
29,14,-2,141312,141312
29,14,-1,109056,109056
29,14,1,874368,0
29,14,2,1852480,0
29,14,3,5672544,0
29,14,4,794600,0
29,14,5,844792,0
29,15,-3,28672,28672
29,15,-2,33792,33792
29,15,-1,584928,584928
29,15,1,1103392,0
29,15,2,3732440,0
29,15,3,3607492,0
29,15,4,2747036,0
29,15,5,24264,0
29,16,-2,171520,171520
29,16,-1,428672,428672
29,16,1,2370448,0
29,16,2,4074608,0
29,16,3,3784272,0
29,16,4,1845604,0
29,16,5,38860,0
29,17,-4,4096,4096
29,17,-3,24576,24576
29,17,-2,59904,59904
29,17,-1,976192,976192
29,17,1,2462656,0
29,17,2,3323040,0
29,17,3,6909462,0
29,17,4,1001522,0
29,17,5,49688,0
29,18,-3,16384,16384
29,18,-2,275456,275456
29,18,-1,753408,753408
29,18,1,1506112,0
29,18,2,7071304,0
29,18,3,2496768,0
29,18,4,6678464,0
29,18,5,43704,0
29,19,-3,36864,36864
29,19,-2,129216,129216
29,19,-1,387552,387552
29,19,1,2785664,0
29,19,2,1505344,0
29,19,3,11936204,0
29,19,4,2097300,0
29,19,5,1765696,0
29,20,-3,16384,16384
29,20,-2,59392,59392
29,20,-1,550400,550400
29,20,1,608152,0
29,20,2,6646360,0
29,20,3,2169267,0
29,20,4,7334285,0
29,20,5,48336,0
29,21,-4,4096,4096
29,21,-3,7168,7168
29,21,-2,78848,78848
29,21,-1,247936,247936
29,21,1,2486064,0
29,21,2,2409052,0
29,21,3,8352778,0
29,21,4,1095358,0
29,21,5,260908,0
29,22,-2,84480,84480
29,22,-1,838144,838144
29,22,1,1767032,0
29,22,2,7425388,0
29,22,3,5774203,0
29,22,4,3683065,0
29,22,5,88488,0
29,23,-3,33792,33792
29,23,-2,128000,128000
29,23,-1,768928,768928
29,23,1,3584488,0
29,23,2,6672796,0
29,23,3,11266408,0
29,23,4,4579188,0
29,23,5,425984,0
29,24,-3,3072,3072
29,24,-2,206848,206848
29,24,-1,787104,787104
29,24,1,3120764,0
29,24,2,8155568,0
29,24,3,9715780,0
29,24,4,5133161,0
29,24,5,468359,0
29,25,-3,14336,14336
29,25,-2,79104,79104
29,25,-1,634976,634976
29,25,1,2107072,0
29,25,2,5535324,0
29,25,3,5820858,0
29,25,4,3647200,0
29,25,5,52458,0
29,26,-3,6144,6144
29,26,-2,47104,47104
29,26,-1,198912,198912
29,26,1,1064264,0
29,26,2,1582896,0
29,26,3,2827480,0
29,26,4,1287440,0
29,26,5,30880,0
29,27,-1,61440,61440
29,27,1,119808,0
29,27,2,470328,0
29,27,3,603072,0
29,27,4,252680,0
29,28,1,16384,0
29,28,2,28160,0
29,28,3,72108,0
29,28,4,14420,0
30,0,3,433920,0
30,0,5,614656,0
30,1,2,738304,0
30,1,3,432000,0
30,1,4,2999808,0
30,1,5,24192,0
30,2,1,393216,0
30,2,2,714240,0
30,2,3,3974400,0
30,2,4,1197504,0
30,2,5,12096,0
30,3,-1,65536,65536
30,3,1,380928,0
30,3,2,893696,0
30,3,3,2648960,0
30,3,4,159264,0
30,3,5,45920,0
30,4,-1,65536,65536
30,4,2,767040,0
30,4,3,162000,0
30,4,4,53568,0
30,4,5,432,0
30,10,-2,16384,16384
30,10,-1,8192,8192
30,10,1,56192,0
30,10,2,124288,0
30,10,3,204736,0
30,10,4,48960,0
30,11,-3,8192,8192
30,11,-2,36864,36864
30,11,-1,172032,172032
30,11,1,343472,0
30,11,2,1144624,0
30,11,3,1112056,0
30,11,4,515416,0
30,11,5,9680,0
30,12,-3,16384,16384
30,12,-2,143360,143360
30,12,-1,357120,357120
30,12,1,1401856,0
30,12,2,3233232,0
30,12,3,4202232,0
30,12,4,1209710,0
30,12,5,184010,0
30,13,-3,45056,45056
30,13,-2,131072,131072
30,13,-1,774656,774656
30,13,1,2408704,0
30,13,2,7177672,0
30,13,3,5791112,0
30,13,4,3277162,0
30,13,5,120902,0
30,14,-3,12288,12288
30,14,-2,217088,217088
30,14,-1,737280,737280
30,14,1,4234816,0
30,14,2,6221800,0
30,14,3,8666390,0
30,14,4,2977698,0
30,14,5,66848,0
30,15,-2,110592,110592
30,15,-1,1268736,1268736
30,15,1,2963184,0
30,15,2,6152612,0
30,15,3,6884572,0
30,15,4,2325034,0
30,15,5,21606,0
30,16,-2,274432,274432
30,16,-1,984832,984832
30,16,1,2067040,0
30,16,2,3738448,0
30,16,3,5475216,0
30,16,4,569282,0
30,16,5,63486,0
30,17,-3,73728,73728
30,17,-2,282624,282624
30,17,-1,536960,536960
30,17,1,1412672,0
30,17,2,3023020,0
30,17,3,813786,0
30,17,4,340790,0
30,17,5,4484,0
30,18,-3,24576,24576
30,18,-2,163840,163840
30,18,-1,155264,155264
30,18,1,1578160,0
30,18,2,451020,0
30,18,3,237628,0
30,18,4,9412,0
30,18,5,1540,0
30,19,-2,36864,36864
30,19,-1,311392,311392
30,19,1,601632,0
30,19,2,293350,0
30,19,3,29430,0
30,19,4,5284,0
30,20,-2,36864,36864
30,20,-1,236064,236064
30,20,1,286586,0
30,20,2,728182,0
30,20,3,128463,0
30,20,4,57645,0
30,20,5,756,0
30,21,-2,98304,98304
30,21,-1,131072,131072
30,21,1,1494208,0
30,21,2,623560,0
30,21,3,1042064,0
30,21,4,244706,0
30,21,5,3334,0
30,22,-2,204800,204800
30,22,-1,720128,720128
30,22,1,1575296,0
30,22,2,4018446,0
30,22,3,2208154,0
30,22,4,704528,0
30,22,5,5832,0
30,23,-2,6144,6144
30,23,-1,995328,995328
30,23,1,3259768,0
30,23,2,7411494,0
30,23,3,7037054,0
30,23,4,1746054,0
30,23,5,24158,0
30,24,-2,64832,64832
30,24,-1,1139008,1139008
30,24,1,5889472,0
30,24,2,11217020,0
30,24,3,12998165,0
30,24,4,5344993,0
30,24,5,210510,0
30,25,-3,3072,3072
30,25,-2,149504,149504
30,25,-1,1113856,1113856
30,25,1,4567704,0
30,25,2,14698392,0
30,25,3,15163800,0
30,25,4,7318338,0
30,25,5,402934,0
30,26,-4,1536,1536
30,26,-3,6656,6656
30,26,-2,81408,81408
30,26,-1,1034528,1034528
30,26,1,3786640,0
30,26,2,7891032,0
30,26,3,9321548,0
30,26,4,4175204,0
30,26,5,276296,0
30,27,-4,3072,3072
30,27,-3,7168,7168
30,27,-2,75776,75776
30,27,-1,490816,490816
30,27,1,1251168,0
30,27,2,1961576,0
30,27,3,3039624,0
30,27,4,638220,0
30,27,5,3684,0
30,28,-4,1536,1536
30,28,-3,14848,14848
30,28,-2,88576,88576
30,28,-1,178688,178688
30,28,1,274612,0
30,28,2,501388,0
30,28,3,215519,0
30,28,4,35553,0
30,29,-3,19456,19456
30,29,-2,41984,41984
30,29,-1,70144,70144
30,29,1,50816,0
30,29,2,67936,0
30,29,3,11808,0
30,30,-3,8192,8192
30,30,-2,4864,4864
30,30,-1,7808,7808
30,30,1,5952,0
30,30,2,5952,0
31,0,3,433920,0
31,0,5,614656,0
31,1,2,753664,0
31,1,3,430080,0
31,1,4,3010560,0
31,2,1,389120,0
31,2,2,730112,0
31,2,3,3337664,0
31,2,4,1806336,0
31,2,5,28224,0
31,3,-1,65536,65536
31,3,1,380928,0
31,3,2,829440,0
31,3,3,2209664,0
31,3,4,577024,0
31,3,5,131712,0
31,4,-1,64512,64512
31,4,2,568320,0
31,4,3,11760,0
31,4,4,403984,0
31,5,1,6144,0
31,5,2,15168,0
31,5,3,7520,0
31,5,4,3936,0
31,6,-1,12288,12288
31,6,1,42624,0
31,6,2,75728,0
31,6,3,108298,0
31,6,4,18550,0
31,6,5,4656,0
31,7,-2,6144,6144
31,7,-1,39744,39744
31,7,1,129440,0
31,7,2,327264,0
31,7,3,248220,0
31,7,4,131293,0
31,7,5,2631,0
31,8,-2,12288,12288
31,8,-1,60416,60416
31,8,1,291600,0
31,8,2,549880,0
31,8,3,520788,0
31,8,4,225876,0
31,8,5,10320,0
31,9,-2,4096,4096
31,9,-1,125184,125184
31,9,1,394880,0
31,9,2,684587,0
31,9,3,699245,0
31,9,4,263077,0
31,9,5,24387,0
31,10,-3,2048,2048
31,10,-2,32448,32448
31,10,-1,113280,113280
31,10,1,618728,0
31,10,2,995834,0
31,10,3,734462,0
31,10,4,414224,0
31,10,5,5328,0
31,11,-3,4096,4096
31,11,-2,43136,43136
31,11,-1,200800,200800
31,11,1,456000,0
31,11,2,1397132,0
31,11,3,1368572,0
31,11,4,588452,0
31,11,5,168884,0
31,12,-3,2048,2048
31,12,-2,37952,37952
31,12,-1,329280,329280
31,12,1,644760,0
31,12,2,1067784,0
31,12,3,1826201,0
31,12,4,1104751,0
31,12,5,66264,0
31,13,-2,36864,36864
31,13,-1,278656,278656
31,13,1,1346176,0
31,13,2,1686864,0
31,13,3,1818448,0
31,13,4,728604,0
31,13,5,2628,0
31,14,-2,28672,28672
31,14,-1,295424,295424
31,14,1,1305088,0
31,14,2,3826456,0
31,14,3,2955018,0
31,14,4,381320,0
31,14,5,22614,0
31,15,-2,77056,77056
31,15,-1,281088,281088
31,15,1,1344352,0
31,15,2,3516216,0
31,15,3,5424122,0
31,15,4,1830852,0
31,15,5,43690,0
31,16,-3,12288,12288
31,16,-2,42240,42240
31,16,-1,323008,323008
31,16,1,1106496,0
31,16,2,3288712,0
31,16,3,5205932,0
31,16,4,3310074,0
31,16,5,211666,0
31,17,-3,4096,4096
31,17,-2,15360,15360
31,17,-1,257408,257408
31,17,1,1418784,0
31,17,2,2741486,0
31,17,3,4030610,0
31,17,4,2817876,0
31,17,5,183180,0
31,18,-2,34816,34816
31,18,-1,176640,176640
31,18,1,644416,0
31,18,2,3722530,0
31,18,3,3710474,0
31,18,4,1294848,0
31,18,5,82836,0
31,19,-2,8192,8192
31,19,-1,82176,82176
31,19,1,698816,0
31,19,2,2527968,0
31,19,3,5790204,0
31,19,4,1996052,0
31,19,5,136016,0
31,20,-2,30720,30720
31,20,-1,315648,315648
31,20,1,929856,0
31,20,2,3537280,0
31,20,3,6119755,0
31,20,4,3734952,0
31,20,5,77389,0
31,21,-3,2048,2048
31,21,-2,126976,126976
31,21,-1,695168,695168
31,21,1,2418560,0
31,21,2,4518604,0
31,21,3,6475252,0
31,21,4,2892626,0
31,21,5,73966,0
31,22,-3,8192,8192
31,22,-2,141312,141312
31,22,-1,1176640,1176640
31,22,1,4710000,0
31,22,2,7583056,0
31,22,3,6364486,0
31,22,4,1730770,0
31,22,5,240104,0
31,23,-3,60416,60416
31,23,-2,475872,475872
31,23,-1,1639344,1639344
31,23,1,3463440,0
31,23,2,10234572,0
31,23,3,6827088,0
31,23,4,2897096,0
31,23,5,59516,0
31,24,-3,122368,122368
31,24,-2,279552,279552
31,24,-1,1534496,1534496
31,24,1,6607088,0
31,24,2,4135488,0
31,24,3,9406688,0
31,24,4,4157090,0
31,24,5,495918,0
31,25,-5,2048,2048
31,25,-4,12288,12288
31,25,-3,60928,60928
31,25,-2,1031680,1031680
31,25,-1,1253184,1253184
31,25,1,1467552,0
31,25,2,8571904,0
31,25,3,8272682,0
31,25,4,4837198,0
31,25,5,606632,0
31,26,-5,6144,6144
31,26,-4,36864,36864
31,26,-3,33024,33024
31,26,-2,98304,98304
31,26,-1,998912,998912
31,26,1,4288416,0
31,26,2,3998288,0
31,26,3,4592708,0
31,26,4,2466324,0
31,26,5,159928,0
31,27,-2,12288,12288
31,27,-1,134656,134656
31,27,1,608320,0
31,27,2,1741928,0
31,27,3,2991168,0
31,27,4,1808952,0
31,27,5,42720,0
31,28,-2,6144,6144
31,28,-1,30464,30464
31,28,1,268544,0
31,28,2,775904,0
31,28,3,1497420,0
31,28,4,1036796,0
31,28,5,54744,0
31,29,-1,12288,12288
31,29,1,24064,0
31,29,2,254144,0
31,29,3,392472,0
31,29,4,344232,0
31,29,5,21376,0
31,30,1,6144,0
31,30,2,5888,0
31,30,3,73140,0
31,30,4,42180,0
31,30,5,3720,0
32,0,3,433920,0
32,0,5,614656,0
32,1,2,262144,0
32,1,3,1297920,0
32,1,4,2107392,0
32,1,5,526848,0
32,2,2,761856,0
32,2,3,1296000,0
32,2,4,4064256,0
32,2,5,169344,0
32,3,2,738304,0
32,3,3,432000,0
32,3,4,2999808,0
32,3,5,24192,0
32,4,2,312304,0
32,4,3,211968,0
32,4,4,865824,0
32,4,5,51696,0
32,5,2,724992,0
32,5,3,939584,0
32,5,4,730272,0
32,5,5,95520,0
32,6,-1,81920,81920
32,6,1,172032,0
32,6,2,2322944,0
32,6,3,1950712,0
32,6,4,2181912,0
32,6,5,106224,0
32,7,-1,327680,327680
32,7,1,745472,0
32,7,2,3498944,0
32,7,3,2989328,0
32,7,4,2706048,0
32,7,5,87216,0
32,8,-1,491520,491520
32,8,1,1250816,0
32,8,2,3103584,0
32,8,3,3347332,0
32,8,4,1485306,0
32,8,5,53538,0
32,9,-1,327680,327680
32,9,1,1031680,0
32,9,2,2380352,0
32,9,3,2355896,0
32,9,4,481960,0
32,9,5,41568,0
32,10,-1,81920,81920
32,10,1,485888,0
32,10,2,2086672,0
32,10,3,1217464,0
32,10,4,308275,0
32,10,5,14085,0
32,11,-2,12288,12288
32,11,1,296448,0
32,11,2,1455136,0
32,11,3,614324,0
32,11,4,371592,0
32,11,5,2724,0
32,12,-2,49152,49152
32,12,1,507648,0
32,12,2,644952,0
32,12,3,587700,0
32,12,4,269604,0
32,12,5,5328,0
32,13,-2,98304,98304
32,13,-1,12288,12288
32,13,1,696704,0
32,13,2,346200,0
32,13,3,787324,0
32,13,4,352940,0
32,14,-2,184320,184320
32,14,-1,73728,73728
32,14,1,711776,0
32,14,2,779056,0
32,14,3,1843156,0
32,14,4,1374300,0
32,14,5,440384,0
32,15,-2,208896,208896
32,15,-1,200704,200704
32,15,1,694176,0
32,15,2,2339488,0
32,15,3,4508780,0
32,15,4,4538660,0
32,15,5,747568,0
32,16,-2,122880,122880
32,16,-1,327680,327680
32,16,1,693048,0
32,16,2,4779656,0
32,16,3,7264700,0
32,16,4,7678692,0
32,16,5,498080,0
32,17,-2,73728,73728
32,17,-1,348160,348160
32,17,1,855584,0
32,17,2,6444896,0
32,17,3,7911208,0
32,17,4,7055712,0
32,17,5,182776,0
32,18,-2,36864,36864
32,18,-1,249856,249856
32,18,1,1009800,0
32,18,2,6345864,0
32,18,3,6063056,0
32,18,4,3890776,0
32,18,5,131272,0
32,19,-1,233472,233472
32,19,1,1145600,0
32,19,2,5499648,0
32,19,3,3906944,0
32,19,4,1859648,0
32,19,5,134208,0
32,20,-1,393216,393216
32,20,1,1316352,0
32,20,2,4905528,0
32,20,3,3258560,0
32,20,4,1389380,0
32,20,5,74692,0
32,21,-2,12288,12288
32,21,-1,551808,551808
32,21,1,1227392,0
32,21,2,4009664,0
32,21,3,3282028,0
32,21,4,1171732,0
32,21,5,34240,0
32,22,-2,65536,65536
32,22,-1,737536,737536
32,22,1,1614080,0
32,22,2,2577674,0
32,22,3,2753078,0
32,22,4,877512,0
32,22,5,25336,0
32,23,-2,106496,106496
32,23,-1,772992,772992
32,23,1,1972352,0
32,23,2,1796812,0
32,23,3,1862832,0
32,23,4,621380,0
32,23,5,10560,0
32,24,-2,65536,65536
32,24,-1,552960,552960
32,24,1,1276928,0
32,24,2,1050048,0
32,24,3,1150536,0
32,24,4,291640,0
32,24,5,3264,0
32,25,-2,12288,12288
32,25,-1,221184,221184
32,25,1,356352,0
32,25,2,351426,0
32,25,3,434306,0
32,25,4,66236,0
32,26,-1,36864,36864
32,26,1,52480,0
32,26,2,106224,0
32,26,3,186696,0
32,26,4,76488,0
32,27,-1,12288,12288
32,27,1,119488,0
32,27,2,553672,0
32,27,3,941032,0
32,27,4,599056,0
32,27,5,2688,0
32,28,-1,102400,102400
32,28,1,376960,0
32,28,2,2255360,0
32,28,3,3170392,0
32,28,4,1931960,0
32,28,5,158320,0
32,29,-1,356352,356352
32,29,1,691648,0
32,29,2,4979720,0
32,29,3,6006832,0
32,29,4,3473712,0
32,29,5,351448,0
32,30,-1,675840,675840
32,30,1,870400,0
32,30,2,6551168,0
32,30,3,6872224,0
32,30,4,3763832,0
32,30,5,271976,0
32,31,-1,757760,757760
32,31,1,790784,0
32,31,2,5240832,0
32,31,3,4814044,0
32,31,4,2322772,0
32,31,5,98512,0
32,32,-1,503808,503808
32,32,1,485376,0
32,32,2,2460864,0
32,32,3,1953112,0
32,32,4,734984,0
32,32,5,22240,0
32,33,-1,184320,184320
32,33,1,172032,0
32,33,2,601280,0
32,33,3,386836,0
32,33,4,95236,0
32,33,5,2088,0
32,34,-1,28672,28672
32,34,1,25600,0
32,34,2,53680,0
32,34,3,20600,0
32,34,4,2520,0
33,0,3,433920,0
33,0,5,614656,0
33,1,2,516096,0
33,1,3,862080,0
33,1,4,2759680,0
33,1,5,56448,0
33,2,1,131072,0
33,2,2,984064,0
33,2,3,1776000,0
33,2,4,3343872,0
33,2,5,56448,0
33,3,1,260096,0
33,3,2,483840,0
33,3,3,2329248,0
33,3,4,1078784,0
33,3,5,42336,0
33,4,1,126976,0
33,4,3,833792,0
33,4,4,65856,0
33,4,5,21952,0
33,5,3,256096,0
33,5,5,6048,0
33,6,2,563200,0
33,6,3,1083776,0
33,6,4,187072,0
33,6,5,960,0
33,7,-1,4096,4096
33,7,1,208496,0
33,7,2,1698672,0
33,7,3,2256712,0
33,7,4,1380856,0
33,7,5,21728,0
33,8,-1,8192,8192
33,8,1,580608,0
33,8,2,2427328,0
33,8,3,4682816,0
33,8,4,1576736,0
33,8,5,30432,0
33,9,-1,12288,12288
33,9,1,785472,0
33,9,2,2139248,0
33,9,3,4730588,0
33,9,4,1951644,0
33,9,5,145624,0
33,10,-1,28672,28672
33,10,1,338432,0
33,10,2,2207888,0
33,10,3,2662712,0
33,10,4,1532208,0
33,10,5,13064,0
33,11,-1,4096,4096
33,11,1,618496,0
33,11,2,842368,0
33,11,3,3884888,0
33,11,4,814824,0
33,11,5,61248,0
33,12,-2,2048,2048
33,12,-1,70912,70912
33,12,1,704960,0
33,12,2,2504288,0
33,12,3,6169392,0
33,12,4,2266384,0
33,12,5,12960,0
33,13,-2,8192,8192
33,13,-1,102400,102400
33,13,1,847872,0
33,13,2,6402016,0
33,13,3,6219528,0
33,13,4,1219176,0
33,13,5,339632,0
33,14,-2,12288,12288
33,14,-1,293504,293504
33,14,1,1859104,0
33,14,2,8184156,0
33,14,3,17031950,0
33,14,4,5506656,0
33,14,5,76950,0
33,15,-2,8192,8192
33,15,-1,215552,215552
33,15,1,1228096,0
33,15,2,6367926,0
33,15,3,9021018,0
33,15,4,3766414,0
33,15,5,167714,0
33,16,-2,2048,2048
33,16,-1,656000,656000
33,16,1,786560,0
33,16,2,5061800,0
33,16,3,11132256,0
33,16,4,2542106,0
33,16,5,790750,0
33,17,-2,3072,3072
33,17,-1,639744,639744
33,17,1,1454512,0
33,17,2,3340478,0
33,17,3,6574694,0
33,17,4,2518064,0
33,17,5,18428,0
33,18,-2,6144,6144
33,18,-1,513280,513280
33,18,1,2094912,0
33,18,2,1857502,0
33,18,3,4251226,0
33,18,4,1521816,0
33,18,5,11504,0
33,19,-2,16384,16384
33,19,-1,334080,334080
33,19,1,2345600,0
33,19,2,3353820,0
33,19,3,2916342,0
33,19,4,950614,0
33,19,5,11864,0
33,20,-2,47104,47104
33,20,-1,308736,308736
33,20,1,2560128,0
33,20,2,4360704,0
33,20,3,3066084,0
33,20,4,685148,0
33,20,5,14912,0
33,21,-3,8192,8192
33,21,-2,117760,117760
33,21,-1,399360,399360
33,21,1,2662912,0
33,21,2,4312644,0
33,21,3,4013256,0
33,21,4,1301236,0
33,21,5,62464,0
33,22,-3,32768,32768
33,22,-2,258048,258048
33,22,-1,589568,589568
33,22,1,2741952,0
33,22,2,5340536,0
33,22,3,3740470,0
33,22,4,1938066,0
33,22,5,5888,0
33,23,-3,49152,49152
33,23,-2,374784,374784
33,23,-1,814720,814720
33,23,1,2621040,0
33,23,2,5811604,0
33,23,3,3589824,0
33,23,4,1611274,0
33,23,5,102578,0
33,24,-3,33792,33792
33,24,-2,316416,316416
33,24,-1,970112,970112
33,24,1,2211184,0
33,24,2,4609456,0
33,24,3,3373040,0
33,24,4,813764,0
33,24,5,25772,0
33,25,-3,13312,13312
33,25,-2,150528,150528
33,25,-1,889856,889856
33,25,1,1497120,0
33,25,2,2733624,0
33,25,3,1573208,0
33,25,4,177644,0
33,25,5,9828,0
33,26,-3,7168,7168
33,26,-2,44032,44032
33,26,-1,465408,465408
33,26,1,586352,0
33,26,2,946160,0
33,26,3,253424,0
33,26,4,23360,0
33,26,5,624,0
33,27,-3,3072,3072
33,27,-2,9216,9216
33,27,-1,88064,88064
33,27,1,118016,0
33,27,2,52544,0
33,27,3,54752,0
33,27,4,2016,0
34,0,3,433920,0
34,0,5,614656,0
34,1,2,499712,0
34,1,3,865920,0
34,1,4,2659328,0
34,1,5,169344,0
34,2,1,131072,0
34,2,2,954304,0
34,2,3,1737600,0
34,2,4,3398784,0
34,2,5,69696,0
34,3,1,256000,0
34,3,2,469472,0
34,3,3,2257152,0
34,3,4,1189216,0
34,3,5,22464,0
34,4,1,123136,0
34,4,3,823296,0
34,4,4,79968,0
34,4,5,22176,0
34,6,1,8192,0
34,6,2,4096,0
34,6,3,35776,0
34,6,4,17472,0
34,7,-1,16384,16384
34,7,1,40960,0
34,7,2,107904,0
34,7,3,242544,0
34,7,4,95552,0
34,7,5,20944,0
34,8,-2,8192,8192
34,8,-1,69632,69632
34,8,1,154848,0
34,8,2,580576,0
34,8,3,683144,0
34,8,4,265880,0
34,8,5,7200,0
34,9,-2,32768,32768
34,9,-1,131072,131072
34,9,1,465920,0
34,9,2,1156864,0
34,9,3,1041624,0
34,9,4,506408,0
34,9,5,7680,0
34,10,-2,49152,49152
34,10,-1,204800,204800
34,10,1,765568,0
34,10,2,1491808,0
34,10,3,1174928,0
34,10,4,310552,0
34,10,5,888,0
34,11,-2,57344,57344
34,11,-1,385024,385024
34,11,1,743552,0
34,11,2,1342736,0
34,11,3,937920,0
34,11,4,203440,0
34,12,-2,122880,122880
34,12,-1,552960,552960
34,12,1,764416,0
34,12,2,1512472,0
34,12,3,1142376,0
34,12,4,164736,0
34,13,-2,212992,212992
34,13,-1,575744,575744
34,13,1,1218688,0
34,13,2,2211022,0
34,13,3,2497086,0
34,13,4,655224,0
34,13,5,34812,0
34,14,-2,196608,196608
34,14,-1,522240,522240
34,14,1,1955200,0
34,14,2,3037032,0
34,14,3,3983803,0
34,14,4,1616237,0
34,14,5,190448,0
34,15,-2,98304,98304
34,15,-1,452160,452160
34,15,1,2484168,0
34,15,2,3358864,0
34,15,3,4869587,0
34,15,4,1489461,0
34,15,5,26976,0
34,16,-2,45056,45056
34,16,-1,357944,357944
34,16,1,2362816,0
34,16,2,3045232,0
34,16,3,3756146,0
34,16,4,1011206,0
34,16,5,5664,0
34,17,-2,41984,41984
34,17,-1,344512,344512
34,17,1,1980320,0
34,17,2,2347960,0
34,17,3,3218782,0
34,17,4,169868,0
34,17,5,88574,0
34,18,-2,83968,83968
34,18,-1,448896,448896
34,18,1,1884344,0
34,18,2,2586984,0
34,18,3,2318091,0
34,18,4,231387,0
34,18,5,15738,0
34,19,-3,12288,12288
34,19,-2,146432,146432
34,19,-1,862976,862976
34,19,1,2523366,0
34,19,2,3174812,0
34,19,3,3425515,0
34,19,4,657231,0
34,19,5,10820,0
34,20,-3,28672,28672
34,20,-2,116224,116224
34,20,-1,1089152,1089152
34,20,1,3093186,0
34,20,2,6041706,0
34,20,3,8014668,0
34,20,4,2453546,0
34,20,5,36062,0
34,21,-3,20480,20480
34,21,-2,36864,36864
34,21,-1,819712,819712
34,21,1,3365556,0
34,21,2,9873724,0
34,21,3,12030734,0
34,21,4,4935122,0
34,21,5,440624,0
34,22,-3,4096,4096
34,22,-2,4096,4096
34,22,-1,497280,497280
34,22,1,3596480,0
34,22,2,10214348,0
34,22,3,13531254,0
34,22,4,5426166,0
34,22,5,149640,0
34,23,-1,611072,611072
34,23,1,3729568,0
34,23,2,9396752,0
34,23,3,11149440,0
34,23,4,3954388,0
34,23,5,158460,0
34,24,-1,868928,868928
34,24,1,3160416,0
34,24,2,7978844,0
34,24,3,8042100,0
34,24,4,3161120,0
34,24,5,86640,0
34,25,-3,6144,6144
34,25,-2,17408,17408
34,25,-1,736640,736640
34,25,1,2471344,0
34,25,2,4991194,0
34,25,3,5994700,0
34,25,4,1150722,0
34,25,5,65576,0
34,26,-4,2048,2048
34,26,-3,27648,27648
34,26,-2,73728,73728
34,26,-1,474880,474880
34,26,1,1424832,0
34,26,2,2792880,0
34,26,3,2148484,0
34,26,4,398924,0
34,26,5,29376,0
34,27,-4,8192,8192
34,27,-3,49152,49152
34,27,-2,120832,120832
34,27,-1,319488,319488
34,27,1,610432,0
34,27,2,1188620,0
34,27,3,529314,0
34,27,4,24786,0
34,28,-4,12288,12288
34,28,-3,43008,43008
34,28,-2,94208,94208
34,28,-1,174080,174080
34,28,1,319232,0
34,28,2,365084,0
34,28,3,73444,0
34,29,-4,8192,8192
34,29,-3,18432,18432
34,29,-2,33792,33792
34,29,-1,69632,69632
34,29,1,96640,0
34,29,2,68224,0
34,30,-4,2048,2048
34,30,-3,3072,3072
34,30,-2,4096,4096
34,30,-1,13312,13312
34,30,1,10240,0
35,0,3,433920,0
35,0,5,614656,0
35,1,3,1735680,0
35,1,5,2458624,0
35,2,3,2603520,0
35,2,5,3687936,0
35,3,3,1735680,0
35,3,5,2458624,0
35,4,3,433920,0
35,4,5,614656,0
35,5,3,63870,0
35,5,5,1666,0
35,6,3,447090,0
35,6,5,11662,0
35,7,3,1277400,0
35,7,5,33320,0
35,8,3,1979970,0
35,8,5,51646,0
35,9,3,2947572,0
35,9,5,198156,0
35,10,3,6154806,0
35,10,5,726474,0
35,11,3,8789000,0
35,11,5,1172472,0
35,12,3,7310438,0
35,12,5,1012634,0
35,13,3,4824134,0
35,13,5,680890,0
35,14,3,3423608,0
35,14,5,443016,0
35,15,3,3852048,0
35,15,5,407792,0
35,16,3,7978789,0
35,16,5,966875,0
35,17,3,13235060,0
35,17,5,2100364,0
35,18,3,17180596,0
35,18,5,3659852,0
35,19,3,21252588,0
35,19,5,5355028,0
35,20,3,17345702,0
35,20,5,5460826,0
35,21,3,15239964,0
35,21,5,4027620,0
35,22,3,11241924,0
35,22,5,2127420,0
35,23,3,12106284,0
35,23,5,1656276,0
35,24,3,12543773,0
35,24,5,1841379,0
35,25,3,9191768,0
35,25,5,1490600,0
35,26,3,4191000,0
35,26,5,724200,0
35,27,3,1053784,0
35,27,5,191400,0
35,28,3,222144,0
35,28,5,40000,0
35,29,3,1118720,0
35,29,5,192000,0
35,30,3,4363008,0
35,30,5,748800,0
35,31,3,8502272,0
35,31,5,1459200,0
35,32,3,8837888,0
35,32,5,1516800,0
35,33,3,4698624,0
35,33,5,806400,0
35,34,3,1006848,0
35,34,5,172800,0
36,0,3,433920,0
36,0,5,614656,0
36,1,2,262144,0
36,1,3,1297920,0
36,1,4,2107392,0
36,1,5,526848,0
36,2,2,761856,0
36,2,3,1296000,0
36,2,4,4064256,0
36,2,5,169344,0
36,3,2,738304,0
36,3,3,432000,0
36,3,4,2999808,0
36,3,5,24192,0
36,4,2,238576,0
36,4,4,808704,0
36,4,5,1296,0
36,7,1,4096,0
36,7,3,57856,0
36,7,4,3584,0
36,8,1,24576,0
36,8,2,15616,0
36,8,3,359456,0
36,8,4,124276,0
36,8,5,364,0
36,9,1,64640,0
36,9,2,101208,0
36,9,3,992619,0
36,9,4,573445,0
36,9,5,4792,0
36,10,1,206208,0
36,10,2,284144,0
36,10,3,1955798,0
36,10,4,1084674,0
36,10,5,8120,0
36,11,1,658432,0
36,11,2,639424,0
36,11,3,3273567,0
36,11,4,1488085,0
36,11,5,100876,0
36,12,1,1260096,0
36,12,2,1486752,0
36,12,3,4265495,0
36,12,4,2869069,0
36,12,5,211132,0
36,13,1,1460064,0
36,13,2,2557640,0
36,13,3,4569252,0
36,13,4,4359934,0
36,13,5,193078,0
36,14,1,1163584,0
36,14,2,2853112,0
36,14,3,4572953,0
36,14,4,3910715,0
36,14,5,410228,0
36,15,1,718160,0
36,15,2,2522540,0
36,15,3,4418866,0
36,15,4,3461248,0
36,15,5,184146,0
36,16,1,402112,0
36,16,2,2483424,0
36,16,3,4486826,0
36,16,4,2745800,0
36,16,5,39918,0
36,17,1,232160,0
36,17,2,2253184,0
36,17,3,4492266,0
36,17,4,1842260,0
36,17,5,27490,0
36,18,1,204800,0
36,18,2,1778656,0
36,18,3,5097068,0
36,18,4,1386678,0
36,18,5,52478,0
36,19,1,491520,0
36,19,2,1888768,0
36,19,3,6378232,0
36,19,4,2170358,0
36,19,5,48402,0
36,20,1,811008,0
36,20,2,2244704,0
36,20,3,8091616,0
36,20,4,3611388,0
36,20,5,52420,0
36,21,1,712704,0
36,21,2,2888736,0
36,21,3,8952776,0
36,21,4,4249000,0
36,21,5,105072,0
36,22,1,479232,0
36,22,2,3795104,0
36,22,3,7901692,0
36,22,4,3763606,0
36,22,5,116686,0
36,23,1,435968,0
36,23,2,4853168,0
36,23,3,5942616,0
36,23,4,3031444,0
36,23,5,121956,0
36,24,1,394624,0
36,24,2,5696570,0
36,24,3,5908698,0
36,24,4,2730920,0
36,24,5,440772,0
36,25,1,301824,0
36,25,2,6418018,0
36,25,3,7926558,0
36,25,4,3132780,0
36,25,5,996884,0
36,26,1,272384,0
36,26,2,7361246,0
36,26,3,11169214,0
36,26,4,5340660,0
36,26,5,72048,0
36,27,1,217600,0
36,27,2,3037398,0
36,27,3,13699667,0
36,27,4,5054675,0
36,27,5,240132,0
36,28,1,91776,0
36,28,2,1342488,0
36,28,3,3903513,0
36,28,4,4177872,0
36,28,5,19839,0
36,29,1,12288,0
36,29,2,151632,0
36,29,3,476346,0
36,29,4,573012,0
36,29,5,64674,0
36,30,2,36288,0
36,30,3,73404,0
36,30,4,172035,0
36,30,5,13185,0
37,0,3,433920,0
37,0,5,614656,0
37,1,2,722944,0
37,1,3,433920,0
37,1,4,2989056,0
37,1,5,48384,0
37,2,1,380928,0
37,2,2,700352,0
37,2,3,3185536,0
37,2,4,1931328,0
37,2,5,93312,0
37,3,-1,65536,65536
37,3,1,365056,0
37,3,2,799232,0
37,3,3,2133888,0
37,3,4,695744,0
37,3,5,134848,0
37,4,-1,62464,62464
37,4,2,534256,0
37,4,3,42240,0
37,4,4,408176,0
37,4,5,1440,0
37,10,-2,16384,16384
37,10,1,233600,0
37,10,2,4480,0
37,10,3,6928,0
37,10,4,752,0
37,11,-2,16384,16384
37,11,-1,187904,187904
37,11,1,409088,0
37,11,2,643248,0
37,11,3,37840,0
37,11,4,14752,0
37,11,5,1504,0
37,12,-1,267264,267264
37,12,1,1307904,0
37,12,2,1288384,0
37,12,3,709472,0
37,12,4,96992,0
37,13,-2,24576,24576
37,13,-1,622592,622592
37,13,1,1892432,0
37,13,2,3867088,0
37,13,3,2365848,0
37,13,4,677268,0
37,13,5,20148,0
37,14,-2,98304,98304
37,14,-1,773376,773376
37,14,1,2321984,0
37,14,2,6380884,0
37,14,3,5311028,0
37,14,4,1986640,0
37,14,5,36072,0
37,15,-4,3584,3584
37,15,-3,7296,7296
37,15,-2,86784,86784
37,15,-1,554368,554368
37,15,1,3779232,0
37,15,2,5067636,0
37,15,3,6614804,0
37,15,4,2093008,0
37,15,5,77832,0
37,16,-4,7168,7168
37,16,-3,37120,37120
37,16,-2,243712,243712
37,16,-1,1009504,1009504
37,16,1,2874528,0
37,16,2,4971256,0
37,16,3,4091710,0
37,16,4,1246680,0
37,16,5,67314,0
37,17,-4,3584,3584
37,17,-3,96768,96768
37,17,-2,371520,371520
37,17,-1,1048832,1048832
37,17,1,2798208,0
37,17,2,3384236,0
37,17,3,3581128,0
37,17,4,1285124,0
37,17,5,46280,0
37,18,-3,77824,77824
37,18,-2,389888,389888
37,18,-1,868632,868632
37,18,1,2330618,0
37,18,2,3772686,0
37,18,3,4985382,0
37,18,4,1385944,0
37,18,5,49890,0
37,19,-2,292864,292864
37,19,-1,589936,589936
37,19,1,2478352,0
37,19,2,5649608,0
37,19,3,5321512,0
37,19,4,2943898,0
37,19,5,25334,0
37,20,-2,148288,148288
37,20,-1,908960,908960
37,20,1,2705616,0
37,20,2,6466791,0
37,20,3,7543407,0
37,20,4,2325778,0
37,20,5,250088,0
37,21,-2,188416,188416
37,21,-1,1067520,1067520
37,21,1,3551168,0
37,21,2,6212080,0
37,21,3,6982673,0
37,21,4,2935063,0
37,21,5,67368,0
37,22,-3,12288,12288
37,22,-2,265472,265472
37,22,-1,1492992,1492992
37,22,1,3531840,0
37,22,2,5820944,0
37,22,3,5611944,0
37,22,4,3682928,0
37,22,5,192664,0
37,23,-3,2048,2048
37,23,-2,376832,376832
37,23,-1,1638400,1638400
37,23,1,2957024,0
37,23,2,4932176,0
37,23,3,7438666,0
37,23,4,2646006,0
37,23,5,718224,0
37,24,-3,40960,40960
37,24,-2,302080,302080
37,24,-1,1218560,1218560
37,24,1,2278128,0
37,24,2,6380731,0
37,24,3,5308973,0
37,24,4,4459640,0
37,24,5,97712,0
37,25,-3,2048,2048
37,25,-2,210944,210944
37,25,-1,846720,846720
37,25,1,2716128,0
37,25,2,3785536,0
37,25,3,6471832,0
37,25,4,2028002,0
37,25,5,27878,0
37,26,-2,102400,102400
37,26,-1,558592,558592
37,26,1,1830384,0
37,26,2,3025526,0
37,26,3,3380810,0
37,26,4,1185552,0
37,26,5,74816,0
37,27,-2,18432,18432
37,27,-1,284672,284672
37,27,1,726784,0
37,27,2,2313348,0
37,27,3,2065110,0
37,27,4,1027718,0
37,27,5,52000,0
37,28,-1,110592,110592
37,28,1,614176,0
37,28,2,1207536,0
37,28,3,1985650,0
37,28,4,847068,0
37,28,5,19106,0
37,29,-1,49152,49152
37,29,1,266784,0
37,29,2,909708,0
37,29,3,1149924,0
37,29,4,176052,0
37,29,5,4284,0
37,30,-1,54144,54144
37,30,1,16128,0
37,30,2,372096,0
37,30,3,132336,0
37,30,4,14940,0
37,30,5,180,0
38,0,3,433920,0
38,0,5,614656,0
38,1,2,499712,0
38,1,3,865920,0
38,1,4,2659328,0
38,1,5,169344,0
38,2,1,131072,0
38,2,2,954304,0
38,2,3,1737600,0
38,2,4,3398784,0
38,2,5,69696,0
38,3,1,256000,0
38,3,2,469472,0
38,3,3,2257152,0
38,3,4,1189216,0
38,3,5,22464,0
38,4,1,123136,0
38,4,3,823296,0
38,4,4,79968,0
38,4,5,22176,0
38,6,-2,16384,16384
38,6,-1,8192,8192
38,6,1,24576,0
38,6,2,81920,0
38,7,-2,49152,49152
38,7,-1,57344,57344
38,7,1,176128,0
38,7,2,270336,0
38,7,3,102400,0
38,8,-2,49152,49152
38,8,-1,162816,162816
38,8,1,449536,0
38,8,2,659056,0
38,8,3,308096,0
38,8,4,75280,0
38,9,-2,16384,16384
38,9,-1,232448,232448
38,9,1,688768,0
38,9,2,1050176,0
38,9,3,1218672,0
38,9,4,428576,0
38,9,5,34992,0
38,10,-1,167936,167936
38,10,1,864512,0
38,10,2,1918144,0
38,10,3,3086056,0
38,10,4,1824632,0
38,10,5,35808,0
38,11,-1,182016,182016
38,11,1,1487360,0
38,11,2,3688544,0
38,11,3,6602592,0
38,11,4,3460336,0
38,11,5,143952,0
38,12,-2,18432,18432
38,12,-1,646656,646656
38,12,1,2048328,0
38,12,2,5035640,0
38,12,3,10617047,0
38,12,4,4699971,0
38,12,5,690726,0
38,13,-2,259584,259584
38,13,-1,1062912,1062912
38,13,1,2728256,0
38,13,2,6321520,0
38,13,3,10306304,0
38,13,4,5330496,0
38,13,5,172560,0
38,14,-2,565760,565760
38,14,-1,1416288,1416288
38,14,1,3577856,0
38,14,2,6853048,0
38,14,3,5108416,0
38,14,4,4086058,0
38,14,5,117758,0
38,15,-2,401408,401408
38,15,-1,1649664,1649664
38,15,1,2952320,0
38,15,2,5689288,0
38,15,3,2827102,0
38,15,4,1048322,0
38,15,5,13656,0
38,16,-2,83968,83968
38,16,-1,1013760,1013760
38,16,1,1281648,0
38,16,2,3476616,0
38,16,3,1587824,0
38,16,4,100584,0
38,16,5,25008,0
38,17,-1,251904,251904
38,17,1,709376,0
38,17,2,1379528,0
38,17,3,997896,0
38,17,4,167456,0
38,17,5,16,0
38,18,-1,194560,194560
38,18,1,967808,0
38,18,2,1350856,0
38,18,3,1831272,0
38,18,4,302168,0
38,18,5,6392,0
38,19,-2,12288,12288
38,19,-1,468992,468992
38,19,1,1692416,0
38,19,2,3580224,0
38,19,3,2189160,0
38,19,4,843288,0
38,19,5,60992,0
38,20,-2,40960,40960
38,20,-1,616960,616960
38,20,1,2121856,0
38,20,2,4778700,0
38,20,3,3164800,0
38,20,4,1584512,0
38,20,5,78516,0
38,21,-2,45056,45056
38,21,-1,510208,510208
38,21,1,2410752,0
38,21,2,4516496,0
38,21,3,4008700,0
38,21,4,1730172,0
38,21,5,16888,0
38,22,-2,126208,126208
38,22,-1,564480,564480
38,22,1,2299520,0
38,22,2,3590140,0
38,22,3,4150836,0
38,22,4,1976152,0
38,22,5,39416,0
38,23,-2,172032,172032
38,23,-1,739328,739328
38,23,1,2583552,0
38,23,2,4761848,0
38,23,3,2507722,0
38,23,4,1613358,0
38,23,5,8464,0
38,24,-2,528384,528384
38,24,-1,2067200,2067200
38,24,1,2879224,0
38,24,2,6348328,0
38,24,3,2579447,0
38,24,4,754777,0
38,24,5,46992,0
38,25,-2,172032,172032
38,25,-1,1895424,1895424
38,25,1,4550528,0
38,25,2,8824250,0
38,25,3,2721582,0
38,25,4,934084,0
38,25,5,38612,0
38,26,-2,663552,663552
38,26,-1,1969408,1969408
38,26,1,3800256,0
38,26,2,5205548,0
38,26,3,2823009,0
38,26,4,842586,0
38,26,5,31065,0
38,27,-2,73728,73728
38,27,-1,530432,530432
38,27,1,1918640,0
38,27,2,2771752,0
38,27,3,1821840,0
38,27,4,469630,0
38,27,5,16154,0
38,28,-1,208128,208128
38,28,1,720992,0
38,28,2,983806,0
38,28,3,655792,0
38,28,4,115628,0
38,28,5,2630,0
38,29,-1,17408,17408
38,29,1,155136,0
38,29,2,195232,0
38,29,3,75072,0
38,29,4,15904,0
38,30,-1,2048,2048
38,30,1,13696,0
38,30,2,14784,0
38,30,3,2240,0
39,0,3,433920,0
39,0,5,614656,0
39,1,2,507904,0
39,1,3,864000,0
39,1,4,2709504,0
39,1,5,112896,0
39,2,1,131072,0
39,2,2,954304,0
39,2,3,1614848,0
39,2,4,3498240,0
39,2,5,92992,0
39,3,1,262144,0
39,3,2,476160,0
39,3,3,2649600,0
39,3,4,798336,0
39,3,5,8064,0
39,4,1,126976,0
39,4,3,871424,0
39,4,4,47040,0
39,4,5,3136,0
39,9,1,49152,0
39,9,2,211776,0
39,9,3,502992,0
39,9,4,18768,0
39,9,5,3744,0
39,10,-1,24576,24576
39,10,1,357376,0
39,10,2,1302976,0
39,10,3,1628756,0
39,10,4,932716,0
39,10,5,13440,0
39,11,-1,278528,278528
39,11,1,1176448,0
39,11,2,2857296,0
39,11,3,3582096,0
39,11,4,1759616,0
39,11,5,45344,0
39,12,-2,53248,53248
39,12,-1,740992,740992
39,12,1,1941808,0
39,12,2,3183460,0
39,12,3,4661636,0
39,12,4,1713844,0
39,12,5,222388,0
39,13,-3,8192,8192
39,13,-2,126976,126976
39,13,-1,878848,878848
39,13,1,2035712,0
39,13,2,3696344,0
39,13,3,3731576,0
39,13,4,1056458,0
39,13,5,230,0
39,14,-3,49152,49152
39,14,-2,106496,106496
39,14,-1,718848,718848
39,14,1,1767056,0
39,14,2,3453356,0
39,14,3,3252939,0
39,14,4,795876,0
39,14,5,47125,0
39,15,-5,4096,4096
39,15,-3,139264,139264
39,15,-2,147456,147456
39,15,-1,689792,689792
39,15,1,1867808,0
39,15,2,3159516,0
39,15,3,2777680,0
39,15,4,638508,0
39,15,5,13064,0
39,16,-5,8192,8192
39,16,-3,188416,188416
39,16,-2,293888,293888
39,16,-1,885440,885440
39,16,1,2470912,0
39,16,2,2493053,0
39,16,3,1528251,0
39,16,4,750008,0
39,16,5,32592,0
39,17,-5,16384,16384
39,17,-3,163840,163840
39,17,-2,366592,366592
39,17,-1,1184128,1184128
39,17,1,2317920,0
39,17,2,2667000,0
39,17,3,1337736,0
39,17,4,399748,0
39,17,5,33564,0
39,18,-5,24576,24576
39,18,-3,126976,126976
39,18,-2,306176,306176
39,18,-1,1119936,1119936
39,18,1,2075892,0
39,18,2,2965324,0
39,18,3,1664560,0
39,18,4,264604,0
39,18,5,4404,0
39,19,-5,12288,12288
39,19,-3,57344,57344
39,19,-2,192384,192384
39,19,-1,850944,850944
39,19,1,2329408,0
39,19,2,4221372,0
39,19,3,3141350,0
39,19,4,816648,0
39,19,5,141974,0
39,20,-3,16384,16384
39,20,-2,147456,147456
39,20,-1,777472,777472
39,20,1,2293472,0
39,20,2,6362971,0
39,20,3,9587949,0
39,20,4,4299728,0
39,20,5,74760,0
39,21,-3,24576,24576
39,21,-2,180096,180096
39,21,-1,876800,876800
39,21,1,2470728,0
39,21,2,7917276,0
39,21,3,15739030,0
39,21,4,7410394,0
39,21,5,279020,0
39,22,-3,12288,12288
39,22,-2,186368,186368
39,22,-1,843776,843776
39,22,1,2388176,0
39,22,2,7457196,0
39,22,3,12687770,0
39,22,4,5920278,0
39,22,5,323028,0
39,23,-2,151552,151552
39,23,-1,449024,449024
39,23,1,1426720,0
39,23,2,4606000,0
39,23,3,5299500,0
39,23,4,1993092,0
39,23,5,512,0
39,24,-2,49152,49152
39,24,-1,189696,189696
39,24,1,686080,0
39,24,2,1487456,0
39,24,3,1165040,0
39,24,4,434440,0
39,24,5,18600,0
39,25,-1,311296,311296
39,25,1,707584,0
39,25,2,960592,0
39,25,3,797168,0
39,25,4,221696,0
39,25,5,16320,0
39,26,-1,475136,475136
39,26,1,1862016,0
39,26,2,1372224,0
39,26,3,1380388,0
39,26,4,544652,0
39,26,5,1680,0
39,27,-1,295168,295168
39,27,1,3474816,0
39,27,2,2673920,0
39,27,3,1552080,0
39,27,4,824880,0
39,27,5,26496,0
39,28,-1,270336,270336
39,28,1,2088448,0
39,28,2,4840296,0
39,28,3,1706184,0
39,28,4,633576,0
39,28,5,160488,0
39,29,-1,504832,504832
39,29,1,1472768,0
39,29,2,3467120,0
39,29,3,1628576,0
39,29,4,578208,0
39,29,5,16208,0
39,30,-1,594944,594944
39,30,1,1560320,0
39,30,2,1950208,0
39,30,3,1713956,0
39,30,4,323388,0
39,30,5,17568,0
39,31,-1,434176,434176
39,31,1,1281024,0
39,31,2,1728584,0
39,31,3,1386856,0
39,31,4,326400,0
39,31,5,20304,0
39,32,-1,122880,122880
39,32,1,749568,0
39,32,2,1054848,0
39,32,3,638472,0
39,32,4,186744,0
39,33,1,258048,0
39,33,2,206208,0
39,33,3,80208,0
39,33,4,45360,0
40,0,3,433920,0
40,0,5,614656,0
40,1,2,262144,0
40,1,3,1297920,0
40,1,4,2107392,0
40,1,5,526848,0
40,2,2,761856,0
40,2,3,1296000,0
40,2,4,4064256,0
40,2,5,169344,0
40,3,2,738304,0
40,3,3,432000,0
40,3,4,2999808,0
40,3,5,24192,0
40,4,2,238576,0
40,4,4,808704,0
40,4,5,1296,0
40,9,1,8192,0
40,9,2,24122,0
40,9,3,4492,0
40,9,4,28730,0
40,10,1,16384,0
40,10,2,92880,0
40,10,3,42380,0
40,10,4,83980,0
40,10,5,26520,0
40,11,-1,81920,81920
40,11,1,57344,0
40,11,2,247862,0
40,11,3,193402,0
40,11,4,165360,0
40,11,5,106080,0
40,12,-1,409600,409600
40,12,1,110592,0
40,12,2,627158,0
40,12,3,681072,0
40,12,4,583948,0
40,12,5,12462,0
40,13,-2,55296,55296
40,13,-1,839744,839744
40,13,1,276736,0
40,13,2,1286320,0
40,13,3,1410830,0
40,13,4,794922,0
40,13,5,54744,0
40,14,-2,147456,147456
40,14,-1,1010624,1010624
40,14,1,622272,0
40,14,2,3312680,0
40,14,3,2340262,0
40,14,4,1126608,0
40,14,5,25314,0
40,15,-2,135168,135168
40,15,-1,863296,863296
40,15,1,909952,0
40,15,2,5372608,0
40,15,3,3678998,0
40,15,4,1341780,0
40,15,5,18966,0
40,16,-2,49152,49152
40,16,-1,589376,589376
40,16,1,1227072,0
40,16,2,6338244,0
40,16,3,3872556,0
40,16,4,1483175,0
40,16,5,39145,0
40,17,-2,6144,6144
40,17,-1,415104,415104
40,17,1,1856448,0
40,17,2,6410600,0
40,17,3,5720014,0
40,17,4,2115286,0
40,17,5,24244,0
40,18,-1,460032,460032
40,18,1,2459648,0
40,18,2,8157980,0
40,18,3,7487164,0
40,18,4,3035185,0
40,18,5,92407,0
40,19,-1,564224,564224
40,19,1,3086496,0
40,19,2,8781780,0
40,19,3,8617546,0
40,19,4,3137804,0
40,19,5,126006,0
40,20,-2,4096,4096
40,20,-1,474624,474624
40,20,1,3275872,0
40,20,2,7096240,0
40,20,3,10159360,0
40,20,4,3872360,0
40,20,5,119432,0
40,21,-2,24576,24576
40,21,-1,277504,277504
40,21,1,2201504,0
40,21,2,7437700,0
40,21,3,12402310,0
40,21,4,5966510,0
40,21,5,230824,0
40,22,-2,61440,61440
40,22,-1,162560,162560
40,22,1,1731360,0
40,22,2,7720530,0
40,22,3,12737598,0
40,22,4,7167992,0
40,22,5,171864,0
40,23,-2,81920,81920
40,23,-1,104448,104448
40,23,1,1505664,0
40,23,2,5070428,0
40,23,3,9209852,0
40,23,4,4295048,0
40,23,5,114336,0
40,24,-2,61440,61440
40,24,-1,62464,62464
40,24,1,862080,0
40,24,2,1760036,0
40,24,3,3648948,0
40,24,4,1192920,0
40,24,5,79824,0
40,25,-2,24576,24576
40,25,-1,30720,30720
40,25,1,337920,0
40,25,2,293544,0
40,25,3,695176,0
40,25,4,288880,0
40,25,5,33120,0
40,26,-2,4096,4096
40,26,-1,7680,7680
40,26,1,298496,0
40,26,2,346976,0
40,26,3,1086416,0
40,26,4,1205456,0
40,27,-1,43008,43008
40,27,1,608256,0
40,27,2,1280184,0
40,27,3,3731588,0
40,27,4,2279940,0
40,27,5,52416,0
40,28,-1,229376,229376
40,28,1,725056,0
40,28,2,3103924,0
40,28,3,5381508,0
40,28,4,1473008,0
40,28,5,97176,0
40,29,-1,370432,370432
40,29,1,402912,0
40,29,2,3755380,0
40,29,3,2783784,0
40,29,4,627324,0
40,29,5,55560,0
40,30,-1,221696,221696
40,30,1,91744,0
40,30,2,1854316,0
40,30,3,562100,0
40,30,4,143240,0
40,30,5,10488,0
40,31,-1,40704,40704
40,31,1,6144,0
40,31,2,299244,0
40,31,3,34788,0
40,31,4,11568,0
40,31,5,768,0
41,0,3,433920,0
41,0,5,614656,0
41,1,3,1735680,0
41,1,5,2458624,0
41,2,3,2603520,0
41,2,5,3687936,0
41,3,3,1735680,0
41,3,5,2458624,0
41,4,3,433920,0
41,4,5,614656,0
41,8,3,152384,0
41,8,5,109760,0
41,9,3,914304,0
41,9,5,658560,0
41,10,3,2590528,0
41,10,5,1865920,0
41,11,3,5333440,0
41,11,5,3841600,0
41,12,3,8631216,0
41,12,5,6114384,0
41,13,3,10923504,0
41,13,5,7098896,0
41,14,3,12831232,0
41,14,5,6829568,0
41,15,3,15030192,0
41,15,5,6662224,0
41,16,3,15369168,0
41,16,5,6257712,0
41,17,3,15051088,0
41,17,5,5920432,0
41,18,3,15632704,0
41,18,5,6059712,0
41,19,3,16234288,0
41,19,5,6047952,0
41,20,3,15715920,0
41,20,5,5583280,0
41,21,3,12424512,0
41,21,5,4156096,0
41,22,3,8265760,0
41,22,5,2482144,0
41,23,3,5321664,0
41,23,5,1494080,0
41,24,3,3656064,0
41,24,5,1029760,0
41,25,3,3206272,0
41,25,5,856960,0
41,26,3,3363856,0
41,26,5,797680,0
41,27,3,3182304,0
41,27,5,684320,0
41,28,3,1987504,0
41,28,5,404560,0
41,29,3,657472,0
41,29,5,128960,0
41,30,3,82704,0
41,30,5,15600,0
42,0,3,433920,0
42,0,5,614656,0
42,1,2,499712,0
42,1,3,865920,0
42,1,4,2659328,0
42,1,5,169344,0
42,2,1,131072,0
42,2,2,954304,0
42,2,3,1737600,0
42,2,4,3398784,0
42,2,5,69696,0
42,3,1,256000,0
42,3,2,469472,0
42,3,3,2257152,0
42,3,4,1189216,0
42,3,5,22464,0
42,4,1,123136,0
42,4,3,823296,0
42,4,4,79968,0
42,4,5,22176,0
42,10,1,8192,0
42,10,2,46648,0
42,10,3,712,0
42,10,4,9984,0
42,11,-2,8192,8192
42,11,-1,23680,23680
42,11,1,76608,0
42,11,2,163928,0
42,11,3,35304,0
42,11,4,19968,0
42,12,-2,40960,40960
42,12,-1,148736,148736
42,12,1,286784,0
42,12,2,613312,0
42,12,3,181344,0
42,12,4,105120,0
42,13,-2,49152,49152
42,13,-1,451712,451712
42,13,1,855920,0
42,13,2,1280520,0
42,13,3,1213704,0
42,13,4,212224,0
42,14,-2,81920,81920
42,14,-1,576000,576000
42,14,1,1381088,0
42,14,2,2709076,0
42,14,3,2174828,0
42,14,4,996152,0
42,14,5,10792,0
42,15,-2,12288,12288
42,15,-1,700416,700416
42,15,1,1783056,0
42,15,2,3450312,0
42,15,3,4813046,0
42,15,4,1392440,0
42,15,5,38138,0
42,16,-3,2048,2048
42,16,-2,90112,90112
42,16,-1,368640,368640
42,16,1,1648096,0
42,16,2,5326128,0
42,16,3,6489856,0
42,16,4,3096154,0
42,16,5,214934,0
42,17,-3,8192,8192
42,17,-2,24576,24576
42,17,-1,282624,282624
42,17,1,1680982,0
42,17,2,6270705,0
42,17,3,10815529,0
42,17,4,4079652,0
42,17,5,332396,0
42,18,-3,12288,12288
42,18,-2,16384,16384
42,18,-1,271616,271616
42,18,1,2811424,0
42,18,2,9791159,0
42,18,3,12858895,0
42,18,4,4082516,0
42,18,5,138438,0
42,19,-3,9728,9728
42,19,-2,4608,4608
42,19,-1,363392,363392
42,19,1,4805632,0
42,19,2,13753588,0
42,19,3,10304772,0
42,19,4,2925444,0
42,19,5,174852,0
42,20,-3,6656,6656
42,20,-2,29184,29184
42,20,-1,305536,305536
42,20,1,5427328,0
42,20,2,9725020,0
42,20,3,9265276,0
42,20,4,2200554,0
42,20,5,205118,0
42,21,-3,4608,4608
42,21,-2,68096,68096
42,21,-1,208384,208384
42,21,1,2837248,0
42,21,2,5379816,0
42,21,3,6721590,0
42,21,4,3130234,0
42,21,5,32872,0
42,22,-3,13824,13824
42,22,-2,54784,54784
42,22,-1,165376,165376
42,22,1,1089984,0
42,22,2,3297864,0
42,22,3,4846590,0
42,22,4,2045174,0
42,22,5,119044,0
42,23,-2,35840,35840
42,23,-1,29184,29184
42,23,1,1051616,0
42,23,2,2674640,0
42,23,3,2689336,0
42,23,4,1180624,0
42,23,5,104776,0
42,24,-1,46592,46592
42,24,1,1080160,0
42,24,2,1892992,0
42,24,3,1932736,0
42,24,4,825132,0
42,24,5,87860,0
42,25,-3,8192,8192
42,25,-2,16384,16384
42,25,-1,131072,131072
42,25,1,903424,0
42,25,2,1638400,0
42,25,3,2603104,0
42,25,4,1014832,0
42,25,5,41584,0
42,26,-3,32768,32768
42,26,-2,83968,83968
42,26,-1,198656,198656
42,26,1,727168,0
42,26,2,1784384,0
42,26,3,3475276,0
42,26,4,2017916,0
42,26,5,68472,0
42,27,-3,40960,40960
42,27,-2,160256,160256
42,27,-1,283008,283008
42,27,1,880304,0
42,27,2,2472340,0
42,27,3,2893536,0
42,27,4,2113856,0
42,27,5,199708,0
42,28,-3,24576,24576
42,28,-2,167424,167424
42,28,-1,462592,462592
42,28,1,1134368,0
42,28,2,2603606,0
42,28,3,2795796,0
42,28,4,1104316,0
42,28,5,30394,0
42,29,-3,16384,16384
42,29,-2,134144,134144
42,29,-1,560768,560768
42,29,1,1289984,0
42,29,2,2281994,0
42,29,3,2862982,0
42,29,4,779880,0
42,29,5,3720,0
42,30,-3,8192,8192
42,30,-2,110080,110080
42,30,-1,463968,463968
42,30,1,1244640,0
42,30,2,2270564,0
42,30,3,1989314,0
42,30,4,526366,0
42,30,5,6012,0
42,31,-2,124416,124416
42,31,-1,242488,242488
42,31,1,865176,0
42,31,2,1560710,0
42,31,3,788458,0
42,31,4,145172,0
42,31,5,9132,0
42,32,-2,70656,70656
42,32,-1,58112,58112
42,32,1,428248,0
42,32,2,547092,0
42,32,3,110808,0
42,32,4,25984,0
42,32,5,4284,0
42,33,-2,21120,21120
42,33,-1,14592,14592
42,33,1,87936,0
42,33,2,68550,0
42,33,3,2352,0
42,33,4,2058,0
43,0,3,433920,0
43,0,5,614656,0
43,1,2,262144,0
43,1,3,1297920,0
43,1,4,2107392,0
43,1,5,526848,0
43,2,2,761856,0
43,2,3,1296000,0
43,2,4,4064256,0
43,2,5,169344,0
43,3,2,738304,0
43,3,3,432000,0
43,3,4,2999808,0
43,3,5,24192,0
43,4,2,238576,0
43,4,4,808704,0
43,4,5,1296,0
43,6,1,147456,0
43,6,2,124416,0
43,6,3,15168,0
43,6,4,106176,0
43,7,1,638976,0
43,7,2,930176,0
43,7,3,273552,0
43,7,4,647664,0
43,8,1,949248,0
43,8,2,2471104,0
43,8,3,1075712,0
43,8,4,1244928,0
43,8,5,157248,0
43,9,1,819200,0
43,9,2,3001536,0
43,9,3,1854096,0
43,9,4,1353264,0
43,9,5,180864,0
43,10,-1,36864,36864
43,10,1,830464,0
43,10,2,2379248,0
43,10,3,2048512,0
43,10,4,1469894,0
43,10,5,116298,0
43,11,-1,122880,122880
43,11,1,757408,0
43,11,2,2172650,0
43,11,3,2098218,0
43,11,4,1536069,0
43,11,5,62983,0
43,12,-1,147456,147456
43,12,1,629216,0
43,12,2,2060680,0
43,12,3,2960672,0
43,12,4,797814,0
43,12,5,23298,0
43,13,-1,73728,73728
43,13,1,771712,0
43,13,2,2610238,0
43,13,3,4011438,0
43,13,4,1591596,0
43,13,5,50792,0
43,14,-1,12288,12288
43,14,1,1043712,0
43,14,2,2963816,0
43,14,3,5576204,0
43,14,4,2530864,0
43,14,5,62812,0
43,15,1,1922816,0
43,15,2,2632368,0
43,15,3,7216812,0
43,15,4,3162348,0
43,15,5,73400,0
43,16,1,2336272,0
43,16,2,2868640,0
43,16,3,9128252,0
43,16,4,3292244,0
43,16,5,69312,0
43,17,1,2006432,0
43,17,2,2479744,0
43,17,3,9069968,0
43,17,4,2727064,0
43,17,5,35256,0
43,18,1,1737104,0
43,18,2,2214016,0
43,18,3,6326390,0
43,18,4,2277738,0
43,18,5,27664,0
43,19,1,921600,0
43,19,2,2068336,0
43,19,3,4394478,0
43,19,4,1313436,0
43,19,5,18438,0
43,20,-1,47104,47104
43,20,1,220544,0
43,20,2,1821048,0
43,20,3,3935674,0
43,20,4,746708,0
43,20,5,11898,0
43,21,-1,139264,139264
43,21,1,251904,0
43,21,2,2198894,0
43,21,3,3224578,0
43,21,4,424094,0
43,21,5,19954,0
43,22,-1,206848,206848
43,22,1,380160,0
43,22,2,2171586,0
43,22,3,2487034,0
43,22,4,544724,0
43,22,5,9584,0
43,23,-1,196608,196608
43,23,1,629248,0
43,23,2,1531964,0
43,23,3,2896342,0
43,23,4,858148,0
43,23,5,15306,0
43,24,-1,149504,149504
43,24,1,934912,0
43,24,2,1446308,0
43,24,3,2848918,0
43,24,4,1260042,0
43,24,5,12220,0
43,25,-1,122880,122880
43,25,1,972288,0
43,25,2,1259880,0
43,25,3,2693194,0
43,25,4,987960,0
43,25,5,25878,0
43,26,-1,55296,55296
43,26,1,513792,0
43,26,2,1387968,0
43,26,3,1859422,0
43,26,4,979280,0
43,26,5,21138,0
43,27,1,389120,0
43,27,2,2675400,0
43,27,3,3440746,0
43,27,4,2702772,0
43,27,5,130842,0
43,28,-1,20480,20480
43,28,1,831488,0
43,28,2,5321024,0
43,28,3,7191152,0
43,28,4,5179712,0
43,28,5,658192,0
43,29,-1,143360,143360
43,29,1,1405696,0
43,29,2,6995344,0
43,29,3,8386176,0
43,29,4,6381552,0
43,29,5,608512,0
43,30,-1,367104,367104
43,30,1,1682112,0
43,30,2,5880468,0
43,30,3,5575892,0
43,30,4,4427760,0
43,30,5,351208,0
43,31,-1,442880,442880
43,31,1,1211520,0
43,31,2,2846064,0
43,31,3,2094712,0
43,31,4,1673368,0
43,31,5,54528,0
43,32,-1,255488,255488
43,32,1,447680,0
43,32,2,655480,0
43,32,3,445976,0
43,32,4,226992,0
43,33,-1,56832,56832
43,33,1,61440,0
43,33,2,44016,0
43,33,3,34320,0
44,0,3,433920,0
44,0,5,614656,0
44,1,2,738304,0
44,1,3,432000,0
44,1,4,2999808,0
44,1,5,24192,0
44,2,1,393216,0
44,2,2,714240,0
44,2,3,3974400,0
44,2,4,1197504,0
44,2,5,12096,0
44,3,-1,65536,65536
44,3,1,380928,0
44,3,2,893696,0
44,3,3,2648960,0
44,3,4,159264,0
44,3,5,45920,0
44,4,-1,65536,65536
44,4,2,767040,0
44,4,3,162000,0
44,4,4,53568,0
44,4,5,432,0
44,7,1,4096,0
44,7,2,45440,0
44,7,3,11200,0
44,7,4,4800,0
44,8,-2,4096,4096
44,8,-1,34944,34944
44,8,1,119424,0
44,8,2,146688,0
44,8,3,111520,0
44,8,4,41920,0
44,8,5,160,0
44,9,-2,81920,81920
44,9,-1,294656,294656
44,9,1,334592,0
44,9,2,446012,0
44,9,3,393228,0
44,9,4,83928,0
44,9,5,4064,0
44,10,-3,36864,36864
44,10,-2,229376,229376
44,10,-1,594432,594432
44,10,1,1223472,0
44,10,2,1108848,0
44,10,3,617140,0
44,10,4,186780,0
44,10,5,784,0
44,11,-3,122880,122880
44,11,-2,212992,212992
44,11,-1,1275408,1275408
44,11,1,1854372,0
44,11,2,1755548,0
44,11,3,1270344,0
44,11,4,123806,0
44,11,5,3786,0
44,12,-4,24576,24576
44,12,-3,28672,28672
44,12,-2,746496,746496
44,12,-1,653440,653440
44,12,1,2443304,0
44,12,2,2264362,0
44,12,3,825068,0
44,12,4,353082,0
44,12,5,1032,0
44,13,-3,237568,237568
44,13,-2,413696,413696
44,13,-1,1278560,1278560
44,13,1,1568352,0
44,13,2,1336230,0
44,13,3,977510,0
44,13,4,212788,0
44,13,5,4608,0
44,14,-4,73728,73728
44,14,-3,98304,98304
44,14,-2,570880,570880
44,14,-1,903296,903296
44,14,1,3493792,0
44,14,2,1882652,0
44,14,3,764308,0
44,14,4,337724,0
44,14,5,1780,0
44,15,-3,162816,162816
44,15,-2,272256,272256
44,15,-1,1920880,1920880
44,15,1,2536544,0
44,15,2,1624620,0
44,15,3,890524,0
44,15,4,128472,0
44,15,5,528,0
44,16,-4,7680,7680
44,16,-3,30976,30976
44,16,-2,483776,483776
44,16,-1,1052904,1052904
44,16,1,3564432,0
44,16,2,1323920,0
44,16,3,8343620,0
44,16,4,1313002,0
44,16,5,1546,0
44,17,-5,6144,6144
44,17,-4,21504,21504
44,17,-3,97280,97280
44,17,-2,322560,322560
44,17,-1,2193600,2193600
44,17,1,1161088,0
44,17,2,6769004,0
44,17,3,4573414,0
44,17,4,637218,0
44,17,5,12364,0
44,18,-5,12800,12800
44,18,-4,35328,35328
44,18,-3,138240,138240
44,18,-2,546304,546304
44,18,-1,647744,647744
44,18,1,2465936,0
44,18,2,3166038,0
44,18,3,1599518,0
44,18,4,548652,0
44,18,5,14480,0
44,19,-5,7168,7168
44,19,-4,36864,36864
44,19,-3,77824,77824
44,19,-2,230400,230400
44,19,-1,685056,685056
44,19,1,2162640,0
44,19,2,2428730,0
44,19,3,1644416,0
44,19,4,486558,0
44,19,5,6360,0
44,20,-5,512,512
44,20,-4,15360,15360
44,20,-3,25088,25088
44,20,-2,134144,134144
44,20,-1,997376,997376
44,20,1,2530648,0
44,20,2,5129340,0
44,20,3,3534012,0
44,20,4,523616,0
44,20,5,20496,0
44,21,-3,24576,24576
44,21,-2,55296,55296
44,21,-1,851840,851840
44,21,1,4419200,0
44,21,2,6402076,0
44,21,3,7444442,0
44,21,4,1938474,0
44,21,5,64992,0
44,22,-3,61440,61440
44,22,-2,350976,350976
44,22,-1,1156608,1156608
44,22,1,3690976,0
44,22,2,9991278,0
44,22,3,8338948,0
44,22,4,4116112,0
44,22,5,15390,0
44,23,-3,167936,167936
44,23,-2,931328,931328
44,23,-1,2009600,2009600
44,23,1,4949376,0
44,23,2,9363496,0
44,23,3,9384990,0
44,23,4,3258474,0
44,23,5,114128,0
44,24,-4,10240,10240
44,24,-3,243712,243712
44,24,-2,1002752,1002752
44,24,-1,3072256,3072256
44,24,1,5935584,0
44,24,2,7301808,0
44,24,3,6998468,0
44,24,4,2073010,0
44,24,5,100858,0
44,25,-4,20480,20480
44,25,-3,52736,52736
44,25,-2,890880,890880
44,25,-1,2052096,2052096
44,25,1,4239168,0
44,25,2,5795008,0
44,25,3,3306434,0
44,25,4,698558,0
44,25,5,16768,0
44,26,-4,10240,10240
44,26,-3,47104,47104
44,26,-2,193280,193280
44,26,-1,1230336,1230336
44,26,1,1978376,0
44,26,2,2354120,0
44,26,3,932384,0
44,26,4,133680,0
44,26,5,1760,0
44,27,-3,45056,45056
44,27,-2,96768,96768
44,27,-1,522472,522472
44,27,1,775632,0
44,27,2,421944,0
44,27,3,224568,0
44,27,4,10712,0
44,28,-4,12288,12288
44,28,-3,73728,73728
44,28,-2,198912,198912
44,28,-1,537408,537408
44,28,1,620208,0
44,28,2,729716,0
44,28,3,447756,0
44,28,4,66960,0
44,29,-4,28672,28672
44,29,-3,93184,93184
44,29,-2,430592,430592
44,29,-1,689904,689904
44,29,1,1261296,0
44,29,2,1474080,0
44,29,3,802656,0
44,29,4,186960,0
44,29,5,13392,0
44,30,-4,8192,8192
44,30,-3,126976,126976
44,30,-2,256256,256256
44,30,-1,887744,887744
44,30,1,1305984,0
44,30,2,1893864,0
44,30,3,624024,0
44,30,4,74304,0
44,31,-3,24576,24576
44,31,-2,201600,201600
44,31,-1,301536,301536
44,31,1,1396896,0
44,31,2,615936,0
44,31,3,189720,0
44,31,4,22248,0
44,32,-2,18432,18432
44,32,-1,304704,304704
44,32,1,120672,0
44,32,2,124164,0
44,32,3,21852,0
45,0,3,433920,0
45,0,5,614656,0
45,1,2,499712,0
45,1,3,865920,0
45,1,4,2659328,0
45,1,5,169344,0
45,2,1,131072,0
45,2,2,954304,0
45,2,3,1737600,0
45,2,4,3398784,0
45,2,5,69696,0
45,3,1,256000,0
45,3,2,469472,0
45,3,3,2257152,0
45,3,4,1189216,0
45,3,5,22464,0
45,4,1,123136,0
45,4,3,823296,0
45,4,4,79968,0
45,4,5,22176,0
45,7,1,73984,0
45,7,2,80512,0
45,7,4,107648,0
45,8,-1,40960,40960
45,8,1,279232,0
45,8,2,426176,0
45,8,3,447680,0
45,8,4,378816,0
45,9,-1,121344,121344
45,9,1,457344,0
45,9,2,1029808,0
45,9,3,1525284,0
45,9,4,470132,0
45,9,5,262712,0
45,10,-1,112640,112640
45,10,1,793344,0
45,10,2,1844908,0
45,10,3,1576224,0
45,10,4,1128143,0
45,10,5,49765,0
45,11,-1,489984,489984
45,11,1,1428224,0
45,11,2,1423604,0
45,11,3,1406940,0
45,11,4,938063,0
45,11,5,14817,0
45,12,-2,294912,294912
45,12,-1,976640,976640
45,12,1,1066880,0
45,12,2,925957,0
45,12,3,1210467,0
45,12,4,433400,0
45,12,5,6944,0
45,13,-3,73728,73728
45,13,-2,479232,479232
45,13,-1,632704,632704
45,13,1,305096,0
45,13,2,754572,0
45,13,3,581836,0
45,13,4,270280,0
45,13,5,48280,0
45,14,-3,98304,98304
45,14,-2,249856,249856
45,14,-1,481712,481712
45,14,1,253692,0
45,14,2,540608,0
45,14,3,720576,0
45,14,4,120908,0
45,14,5,24712,0
45,15,-3,24576,24576
45,15,-2,178944,178944
45,15,-1,962432,962432
45,15,1,982400,0
45,15,2,735424,0
45,15,3,1480798,0
45,15,4,154626,0
45,15,5,2784,0
45,16,-3,4096,4096
45,16,-2,220416,220416
45,16,-1,2209024,2209024
45,16,1,2638336,0
45,16,2,1589088,0
45,16,3,2016460,0
45,16,4,562088,0
45,16,5,1068,0
45,17,-3,20480,20480
45,17,-2,242560,242560
45,17,-1,2642624,2642624
45,17,1,4580840,0
45,17,2,3033976,0
45,17,3,2928436,0
45,17,4,1096212,0
45,17,5,3864,0
45,18,-3,24576,24576
45,18,-2,251264,251264
45,18,-1,1556224,1556224
45,18,1,3844320,0
45,18,2,4473128,0
45,18,3,3082792,0
45,18,4,1110656,0
45,18,5,271568,0
45,19,-3,4096,4096
45,19,-2,137888,137888
45,19,-1,1176480,1176480
45,19,1,1728032,0
45,19,2,4240848,0
45,19,3,2679512,0
45,19,4,1724920,0
45,19,5,104704,0
45,20,-3,12288,12288
45,20,-2,85504,85504
45,20,-1,1373664,1373664
45,20,1,2445152,0
45,20,2,3049736,0
45,20,3,4411072,0
45,20,4,1720124,0
45,20,5,9660,0
45,21,-3,49152,49152
45,21,-2,96256,96256
45,21,-1,2298688,2298688
45,21,1,3878056,0
45,21,2,5015976,0
45,21,3,6983628,0
45,21,4,2807908,0
45,21,5,104000,0
45,22,-3,98304,98304
45,22,-2,135168,135168
45,22,-1,2953728,2953728
45,22,1,6451360,0
45,22,2,8453608,0
45,22,3,9599114,0
45,22,4,5890958,0
45,22,5,496480,0
45,23,-3,187392,187392
45,23,-2,307200,307200
45,23,-1,2571840,2571840
45,23,1,7785512,0
45,23,2,11067124,0
45,23,3,10999380,0
45,23,4,5317008,0
45,23,5,1282752,0
45,24,-3,276480,276480
45,24,-2,589824,589824
45,24,-1,1537536,1537536
45,24,1,6127072,0
45,24,2,8148608,0
45,24,3,8452606,0
45,24,4,4785578,0
45,24,5,196088,0
45,25,-3,138240,138240
45,25,-2,516864,516864
45,25,-1,783488,783488
45,25,1,3190752,0
45,25,2,3063472,0
45,25,3,6045968,0
45,25,4,2220380,0
45,25,5,31620,0
45,26,-2,223744,223744
45,26,-1,458240,458240
45,26,1,1059328,0
45,26,2,2189579,0
45,26,3,2250641,0
45,26,4,1048100,0
45,26,5,12096,0
45,27,-2,58112,58112
45,27,-1,242048,242048
45,27,1,703744,0
45,27,2,1103100,0
45,27,3,1334676,0
45,27,4,405000,0
45,27,5,19944,0
45,28,-2,1024,1024
45,28,-1,40704,40704
45,28,1,463168,0
45,28,2,1197568,0
45,28,3,596388,0
45,28,4,335106,0
45,28,5,20250,0
45,29,-1,73728,73728
45,29,1,533376,0
45,29,2,406260,0
45,29,3,197148,0
45,29,4,165744,0
45,30,-1,110592,110592
45,30,1,85248,0
45,30,2,25920,0
45,30,3,73152,0
46,0,3,433920,0
46,0,5,614656,0
46,1,3,1735680,0
46,1,5,2458624,0
46,2,3,2603520,0
46,2,5,3687936,0
46,3,3,1735680,0
46,3,5,2458624,0
46,4,3,433920,0
46,4,5,614656,0
46,8,3,61616,0
46,8,5,3920,0
46,9,3,369696,0
46,9,5,23520,0
46,10,3,1108528,0
46,10,5,71120,0
46,11,3,2830416,0
46,11,5,184240,0
46,12,3,5657192,0
46,12,5,372120,0
46,13,3,7924384,0
46,13,5,529760,0
46,14,3,10095360,0
46,14,5,718080,0
46,15,3,13025280,0
46,15,5,1064960,0
46,16,3,14086496,0
46,16,5,1380000,0
46,17,3,13923264,0
46,17,5,1739840,0
46,18,3,14466320,0
46,18,5,2245360,0
46,19,3,13518733,0
46,19,5,2308211,0
46,20,3,10814000,0
46,20,5,1834448,0
46,21,3,8690684,0
46,21,5,1401860,0
46,22,3,9241621,0
46,22,5,1735659,0
46,23,3,15019499,0
46,23,5,3887637,0
46,24,3,24822885,0
46,24,5,7125915,0
46,25,3,27085585,0
46,25,5,7615727,0
46,26,3,15548903,0
46,26,5,4144665,0
46,27,3,3770860,0
46,27,5,882196,0
46,28,3,287415,0
46,28,5,7497,0
46,29,3,31935,0
46,29,5,833,0
47,0,3,433920,0
47,0,5,614656,0
47,1,2,939904,0
47,1,4,3244032,0
47,1,5,10368,0
47,2,1,742400,0
47,2,3,4989952,0
47,2,4,460992,0
47,2,5,98112,0
47,3,-1,256000,256000
47,3,2,2580992,0
47,3,3,430080,0
47,3,4,925216,0
47,3,5,2016,0
47,4,-2,32768,32768
47,4,1,432128,0
47,4,2,92160,0
47,4,3,462848,0
47,4,4,27104,0
47,4,5,1568,0
47,9,-3,8192,8192
47,9,-1,98304,98304
47,9,1,3072,0
47,9,2,15488,0
47,9,3,6016,0
47,10,-4,4096,4096
47,10,-2,102400,102400
47,10,-1,38400,38400
47,10,1,628208,0
47,10,2,26618,0
47,10,3,115094,0
47,10,4,2688,0
47,11,-3,24576,24576
47,11,-2,40960,40960
47,11,-1,540672,540672
47,11,1,272988,0
47,11,2,1767700,0
47,11,3,87760,0
47,11,4,115790,0
47,11,5,370,0
47,12,-3,8192,8192
47,12,-2,122880,122880
47,12,-1,318976,318976
47,12,1,1930520,0
47,12,2,721400,0
47,12,3,1975482,0
47,12,4,94030,0
47,12,5,5864,0
47,13,-3,49152,49152
47,13,-2,106496,106496
47,13,-1,589056,589056
47,13,1,1020416,0
47,13,2,2984652,0
47,13,3,890328,0
47,13,4,1096580,0
47,13,5,13528,0
47,14,-4,4096,4096
47,14,-3,8192,8192
47,14,-2,271360,271360
47,14,-1,579584,579584
47,14,1,1454784,0
47,14,2,2518960,0
47,14,3,3403290,0
47,14,4,1008006,0
47,14,5,188912,0
47,15,-3,20480,20480
47,15,-2,112640,112640
47,15,-1,816640,816640
47,15,1,2151704,0
47,15,2,4697474,0
47,15,3,4847478,0
47,15,4,2337518,0
47,15,5,23810,0
47,16,-2,79872,79872
47,16,-1,679424,679424
47,16,1,3524768,0
47,16,2,4994394,0
47,16,3,6244510,0
47,16,4,2426112,0
47,16,5,40552,0
47,17,-3,77824,77824
47,17,-2,156672,156672
47,17,-1,1938560,1938560
47,17,1,2578816,0
47,17,2,4482840,0
47,17,3,4461064,0
47,17,4,1202620,0
47,17,5,76580,0
47,18,-4,2048,2048
47,18,-3,62464,62464
47,18,-2,739584,739584
47,18,-1,960640,960640
47,18,1,3575488,0
47,18,2,3401936,0
47,18,3,2224240,0
47,18,4,334588,0
47,18,5,3972,0
47,19,-4,49152,49152
47,19,-3,88064,88064
47,19,-2,402944,402944
47,19,-1,1557888,1557888
47,19,1,1945856,0
47,19,2,5994336,0
47,19,3,1557156,0
47,19,4,875968,0
47,19,5,46012,0
47,20,-5,9216,9216
47,20,-4,3072,3072
47,20,-3,328704,328704
47,20,-2,394496,394496
47,20,-1,797184,797184
47,20,1,6015168,0
47,20,2,3151464,0
47,20,3,7238734,0
47,20,4,1587649,0
47,20,5,4041,0
47,21,-4,38912,38912
47,21,-3,34816,34816
47,21,-2,706560,706560
47,21,-1,2286592,2286592
47,21,1,3301824,0
47,21,2,10392098,0
47,21,3,5554360,0
47,21,4,4028262,0
47,21,5,2048,0
47,22,-4,2048,2048
47,22,-3,81920,81920
47,22,-2,780288,780288
47,22,-1,2400752,2400752
47,22,1,4324292,0
47,22,2,8547768,0
47,22,3,8280576,0
47,22,4,1857364,0
47,22,5,37696,0
47,23,-3,334336,334336
47,23,-2,1114368,1114368
47,23,-1,1492936,1492936
47,23,1,5781493,0
47,23,2,6101989,0
47,23,3,4345152,0
47,23,4,1144942,0
47,23,5,33712,0
47,24,-5,2048,2048
47,24,-4,77824,77824
47,24,-3,174080,174080
47,24,-2,428544,428544
47,24,-1,3082240,3082240
47,24,1,3600552,0
47,24,2,4193728,0
47,24,3,1862712,0
47,24,4,487584,0
47,24,5,17088,0
47,25,-5,21504,21504
47,25,-4,22528,22528
47,25,-3,132608,132608
47,25,-2,835456,835456
47,25,-1,961408,961408
47,25,1,4531456,0
47,25,2,3171178,0
47,25,3,1572406,0
47,25,4,296976,0
47,25,5,21584,0
47,26,-3,51200,51200
47,26,-2,271360,271360
47,26,-1,1078368,1078368
47,26,1,1306768,0
47,26,2,7744704,0
47,26,3,2701700,0
47,26,4,375996,0
47,26,5,35856,0
47,27,-3,24576,24576
47,27,-2,133632,133632
47,27,-1,673536,673536
47,27,1,1932234,0
47,27,2,2079468,0
47,27,3,7054578,0
47,27,4,1660386,0
47,27,5,7542,0
47,28,-4,12288,12288
47,28,-2,129024,129024
47,28,-1,304128,304128
47,28,1,817152,0
47,28,2,2065380,0
47,28,3,2802252,0
47,28,4,1520856,0
47,28,5,16632,0
47,29,-3,27648,27648
47,29,-2,9216,9216
47,29,-1,165888,165888
47,29,1,435456,0
47,29,2,553608,0
47,29,3,434664,0
47,29,4,135810,0
47,29,5,7182,0
48,0,3,433920,0
48,0,5,614656,0
48,1,2,753664,0
48,1,3,430080,0
48,1,4,3010560,0
48,2,1,389120,0
48,2,2,730112,0
48,2,3,3337664,0
48,2,4,1806336,0
48,2,5,28224,0
48,3,-1,65536,65536
48,3,1,380928,0
48,3,2,829440,0
48,3,3,2209664,0
48,3,4,577024,0
48,3,5,131712,0
48,4,-1,64512,64512
48,4,2,568320,0
48,4,3,11760,0
48,4,4,403984,0
48,6,-1,45568,45568
48,6,1,15744,0
48,6,2,2474,0
48,6,3,1750,0
48,7,-2,81920,81920
48,7,-1,24576,24576
48,7,1,125536,0
48,7,2,26944,0
48,7,3,3168,0
48,8,-1,286720,286720
48,8,1,18432,0
48,8,2,265832,0
48,8,3,79840,0
48,8,4,1428,0
48,8,5,3108,0
48,9,-4,40960,40960
48,9,-2,278528,278528
48,9,-1,38144,38144
48,9,1,702976,0
48,9,2,272576,0
48,9,3,306036,0
48,9,4,64716,0
48,10,-3,81920,81920
48,10,-1,557056,557056
48,10,1,113152,0
48,10,2,1134480,0
48,10,3,471066,0
48,10,4,159990,0
48,10,5,5472,0
48,11,-4,122880,122880
48,11,-2,221184,221184
48,11,-1,188928,188928
48,11,1,927744,0
48,11,2,1090440,0
48,11,3,842763,0
48,11,4,172067,0
48,11,5,5706,0
48,12,-3,245760,245760
48,12,-1,707584,707584
48,12,1,384384,0
48,12,2,2534768,0
48,12,3,1028264,0
48,12,4,102310,0
48,12,5,10434,0
48,13,-3,36864,36864
48,13,-2,368640,368640
48,13,-1,420480,420480
48,13,1,483900,0
48,13,2,849636,0
48,13,3,711584,0
48,13,4,176320,0
48,14,-3,73728,73728
48,14,-1,1578432,1578432
48,14,1,829872,0
48,14,2,1936852,0
48,14,3,981856,0
48,14,4,394836,0
48,14,5,135432,0
48,15,1,1042432,0
48,15,2,1468512,0
48,15,3,2053312,0
48,15,4,2218252,0
48,15,5,468,0
48,16,-3,36864,36864
48,16,-1,658944,658944
48,16,1,1759808,0
48,16,2,2703496,0
48,16,3,6734432,0
48,16,4,2889540,0
48,16,5,60820,0
48,17,-3,16384,16384
48,17,-2,81920,81920
48,17,-1,701440,701440
48,17,1,1961776,0
48,17,2,7531248,0
48,17,3,5160084,0
48,17,4,5928110,0
48,17,5,16542,0
48,18,-3,57344,57344
48,18,-2,276480,276480
48,18,-1,737280,737280
48,18,1,3273904,0
48,18,2,5568964,0
48,18,3,10124440,0
48,18,4,2942150,0
48,18,5,350254,0
48,19,-4,12288,12288
48,19,-3,73728,73728
48,19,-2,470016,470016
48,19,-1,1452064,1452064
48,19,1,3541200,0
48,19,2,7650272,0
48,19,3,6404680,0
48,19,4,4224808,0
48,19,5,91584,0
48,20,-4,24576,24576
48,20,-3,98304,98304
48,20,-2,1238016,1238016
48,20,-1,2620736,2620736
48,20,1,5541696,0
48,20,2,8633808,0
48,20,3,8234008,0
48,20,4,2377320,0
48,20,5,67376,0
48,21,-4,29696,29696
48,21,-3,295552,295552
48,21,-2,1366400,1366400
48,21,-1,4902592,4902592
48,21,1,6527076,0
48,21,2,11090068,0
48,21,3,7418882,0
48,21,4,958326,0
48,21,5,15568,0
48,22,-5,8192,8192
48,22,-4,47104,47104
48,22,-3,483328,483328
48,22,-2,1287936,1287936
48,22,-1,3007008,3007008
48,22,1,8771312,0
48,22,2,7038488,0
48,22,3,6277168,0
48,22,4,1407776,0
48,22,5,16008,0
48,23,-5,10240,10240
48,23,-4,76800,76800
48,23,-3,323584,323584
48,23,-2,1094656,1094656
48,23,-1,2403696,2403696
48,23,1,3828246,0
48,23,2,6057686,0
48,23,3,3850356,0
48,23,4,631984,0
48,23,5,7296,0
48,24,-5,4096,4096
48,24,-4,79360,79360
48,24,-3,348160,348160
48,24,-2,724736,724736
48,24,-1,1317288,1317288
48,24,1,2160960,0
48,24,2,2393856,0
48,24,3,1047704,0
48,24,4,137568,0
48,24,5,11040,0
48,25,-5,2048,2048
48,25,-4,37888,37888
48,25,-3,195584,195584
48,25,-2,409344,409344
48,25,-1,835264,835264
48,25,1,1060256,0
48,25,2,1322968,0
48,25,3,300152,0
48,25,4,30800,0
48,26,-4,5632,5632
48,26,-3,94208,94208
48,26,-2,501504,501504
48,26,-1,694528,694528
48,26,1,1533496,0
48,26,2,1677064,0
48,26,3,938014,0
48,26,4,86228,0
48,26,5,7118,0
48,27,-4,6144,6144
48,27,-3,37888,37888
48,27,-2,278400,278400
48,27,-1,819120,819120
48,27,1,1353513,0
48,27,2,2614951,0
48,27,3,999312,0
48,27,4,312108,0
48,27,5,1092,0
48,28,-4,12288,12288
48,28,-3,33792,33792
48,28,-2,45088,45088
48,28,-1,498096,498096
48,28,1,1119424,0
48,28,2,1472096,0
48,28,3,1130064,0
48,28,4,107744,0
48,28,5,5088,0
48,29,-4,6144,6144
48,29,-3,9216,9216
48,29,-2,19200,19200
48,29,-1,118192,118192
48,29,1,525008,0
48,29,2,476768,0
48,29,3,317064,0
48,29,4,68468,0
48,29,5,36,0
48,30,-1,33792,33792
48,30,1,47616,0
48,30,2,79776,0
48,30,3,34992,0
48,30,4,432,0
49,0,3,433920,0
49,0,5,614656,0
49,1,2,262144,0
49,1,3,1297920,0
49,1,4,2107392,0
49,1,5,526848,0
49,2,2,761856,0
49,2,3,1296000,0
49,2,4,4064256,0
49,2,5,169344,0
49,3,2,738304,0
49,3,3,432000,0
49,3,4,2999808,0
49,3,5,24192,0
49,4,2,238576,0
49,4,4,808704,0
49,4,5,1296,0
49,6,2,32768,0
49,6,3,198800,0
49,6,4,22400,0
49,6,5,8176,0
49,7,1,32768,0
49,7,2,299008,0
49,7,3,1052112,0
49,7,4,404288,0
49,7,5,46832,0
49,8,1,212992,0
49,8,2,1113344,0
49,8,3,3555632,0
49,8,4,1606424,0
49,8,5,65208,0
49,9,1,491520,0
49,9,2,2649088,0
49,9,3,8247696,0
49,9,4,3308784,0
49,9,5,245120,0
49,10,-1,12288,12288
49,10,1,831488,0
49,10,2,4399712,0
49,10,3,12032112,0
49,10,4,5493916,0
49,10,5,102548,0
49,11,-1,24576,24576
49,11,1,1628160,0
49,11,2,4831232,0
49,11,3,12269512,0
49,11,4,5399432,0
49,11,5,95408,0
49,12,-1,86016,86016
49,12,1,2396800,0
49,12,2,3958736,0
49,12,3,8743564,0
49,12,4,3342512,0
49,12,5,19060,0
49,13,-1,172032,172032
49,13,1,2047232,0
49,13,2,2369984,0
49,13,3,4627112,0
49,13,4,1282920,0
49,13,5,19248,0
49,14,-2,12288,12288
49,14,-1,356352,356352
49,14,1,1928704,0
49,14,2,2563120,0
49,14,3,2914284,0
49,14,4,1231816,0
49,14,5,4636,0
49,15,-2,86016,86016
49,15,-1,663552,663552
49,15,1,2751232,0
49,15,2,4176004,0
49,15,3,5631640,0
49,15,4,2594204,0
49,15,5,55368,0
49,16,-2,258048,258048
49,16,-1,798720,798720
49,16,1,4322432,0
49,16,2,6140052,0
49,16,3,7692424,0
49,16,4,2733387,0
49,16,5,107801,0
49,17,-2,430080,430080
49,17,-1,786432,786432
49,17,1,6705408,0
49,17,2,4838424,0
49,17,3,9348168,0
49,17,4,2338834,0
49,17,5,63118,0
49,18,-2,393216,393216
49,18,-1,661504,661504
49,18,1,7448576,0
49,18,2,4382832,0
49,18,3,7756898,0
49,18,4,2218232,0
49,18,5,10806,0
49,19,-2,208896,208896
49,19,-1,792320,792320
49,19,1,5901056,0
49,19,2,3777536,0
49,19,3,4956038,0
49,19,4,845390,0
49,19,5,1068,0
49,20,-2,110592,110592
49,20,-1,516864,516864
49,20,1,3838464,0
49,20,2,2125136,0
49,20,3,2800152,0
49,20,4,537496,0
49,21,-2,61440,61440
49,21,-1,321024,321024
49,21,1,1819648,0
49,21,2,1391744,0
49,21,3,1750472,0
49,21,4,247012,0
49,21,5,11988,0
49,22,-3,3072,3072
49,22,-2,13312,13312
49,22,-1,272128,272128
49,22,1,625040,0
49,22,2,1536480,0
49,22,3,1512004,0
49,22,4,309926,0
49,22,5,20646,0
49,23,-3,18432,18432
49,23,-2,6144,6144
49,23,-1,379136,379136
49,23,1,644016,0
49,23,2,2266242,0
49,23,3,1800580,0
49,23,4,446134,0
49,23,5,9876,0
49,24,-3,36864,36864
49,24,-2,12288,12288
49,24,-1,565248,565248
49,24,1,1178448,0
49,24,2,2409868,0
49,24,3,2105738,0
49,24,4,374232,0
49,24,5,1986,0
49,25,-3,30720,30720
49,25,-2,10240,10240
49,25,-1,519168,519168
49,25,1,1232608,0
49,25,2,1788818,0
49,25,3,1824598,0
49,25,4,164174,0
49,25,5,234,0
49,26,-3,9216,9216
49,26,-2,3072,3072
49,26,-1,270336,270336
49,26,1,609600,0
49,26,2,1141944,0
49,26,3,673842,0
49,26,4,44502,0
49,27,-1,64512,64512
49,27,1,106128,0
49,27,2,369144,0
49,27,3,41724,0
49,27,4,8316,0
50,0,3,433920,0
50,0,5,614656,0
50,1,2,753664,0
50,1,3,430080,0
50,1,4,3010560,0
50,2,1,389120,0
50,2,2,730112,0
50,2,3,3337664,0
50,2,4,1806336,0
50,2,5,28224,0
50,3,-1,65536,65536
50,3,1,380928,0
50,3,2,829440,0
50,3,3,2209664,0
50,3,4,577024,0
50,3,5,131712,0
50,4,-1,64512,64512
50,4,2,568320,0
50,4,3,11760,0
50,4,4,403984,0
50,6,1,16384,0
50,6,2,130176,0
50,6,3,68992,0
50,6,4,46592,0
50,7,-1,8192,8192
50,7,1,120128,0
50,7,2,461504,0
50,7,3,312640,0
50,7,4,87840,0
50,7,5,58272,0
50,8,-1,27520,27520
50,8,1,393856,0
50,8,2,700280,0
50,8,3,732568,0
50,8,4,491968,0
50,8,5,13104,0
50,9,-1,90112,90112
50,9,1,505312,0
50,9,2,547424,0
50,9,3,2165072,0
50,9,4,865780,0
50,9,5,20604,0
50,10,-1,116352,116352
50,10,1,82816,0
50,10,2,1815124,0
50,10,3,1918428,0
50,10,4,1030868,0
50,10,5,17148,0
50,11,1,433152,0
50,11,2,1040928,0
50,11,3,1395312,0
50,11,4,235812,0
50,11,5,40524,0
50,12,-1,12288,12288
50,12,1,268800,0
50,12,2,360048,0
50,12,3,166484,0
50,12,4,109758,0
50,12,5,126,0
50,13,1,98304,0
50,13,2,313088,0
50,13,3,101472,0
50,13,4,9584,0
50,13,5,1840,0
50,14,-3,12288,12288
50,14,-2,28800,28800
50,14,1,448128,0
50,14,2,800960,0
50,14,3,477584,0
50,14,4,163752,0
50,14,5,1800,0
50,15,-3,24576,24576
50,15,-2,104192,104192
50,15,-1,220608,220608
50,15,1,718592,0
50,15,2,1621824,0
50,15,3,2141216,0
50,15,4,1019344,0
50,15,5,15120,0
50,16,-3,12288,12288
50,16,-2,143744,143744
50,16,-1,581632,581632
50,16,1,1120992,0
50,16,2,3251536,0
50,16,3,5048816,0
50,16,4,2008968,0
50,16,5,21720,0
50,17,-3,32768,32768
50,17,-2,101888,101888
50,17,-1,539776,539776
50,17,1,2815872,0
50,17,2,5170984,0
50,17,3,7029524,0
50,17,4,4050580,0
50,17,5,17712,0
50,18,-3,65536,65536
50,18,-2,207744,207744
50,18,-1,919808,919808
50,18,1,3298720,0
50,18,2,6589160,0
50,18,3,8783648,0
50,18,4,5126477,0
50,18,5,1059467,0
50,19,-3,49152,49152
50,19,-2,479360,479360
50,19,-1,1867200,1867200
50,19,1,3441792,0
50,19,2,9295602,0
50,19,3,5661956,0
50,19,4,5200678,0
50,19,5,579108,0
50,20,-3,49152,49152
50,20,-2,788352,788352
50,20,-1,2821696,2821696
50,20,1,6525160,0
50,20,2,4359188,0
50,20,3,6703660,0
50,20,4,2080544,0
50,20,5,3064,0
50,21,-4,20480,20480
50,21,-3,77824,77824
50,21,-2,721920,721920
50,21,-1,3217816,3217816
50,21,1,5289728,0
50,21,2,10541626,0
50,21,3,4802080,0
50,21,4,1831116,0
50,21,5,72258,0
50,22,-4,12288,12288
50,22,-3,158976,158976
50,22,-2,880848,880848
50,22,-1,1755536,1755536
50,22,1,6257676,0
50,22,2,6738896,0
50,22,3,5631994,0
50,22,4,1838182,0
50,22,5,89188,0
50,23,-4,86016,86016
50,23,-3,145280,145280
50,23,-2,555120,555120
50,23,-1,1548464,1548464
50,23,1,2954544,0
50,23,2,4496416,0
50,23,3,5145028,0
50,23,4,1890040,0
50,23,5,152916,0
50,24,-5,512,512
50,24,-4,33344,33344
50,24,-3,107072,107072
50,24,-2,285952,285952
50,24,-1,814832,814832
50,24,1,1927276,0
50,24,2,3629884,0
50,24,3,3585978,0
50,24,4,2583582,0
50,24,5,7696,0
50,25,-5,1024,1024
50,25,-4,45056,45056
50,25,-3,158464,158464
50,25,-2,327936,327936
50,25,-1,612416,612416
50,25,1,1219264,0
50,25,2,2279584,0
50,25,3,3472440,0
50,25,4,1311872,0
50,25,5,336808,0
50,26,-5,512,512
50,26,-4,24320,24320
50,26,-3,158464,158464
50,26,-2,394880,394880
50,26,-1,806016,806016
50,26,1,1165184,0
50,26,2,1230752,0
50,26,3,1495736,0
50,26,4,1113572,0
50,26,5,324,0
50,27,-4,4096,4096
50,27,-3,67584,67584
50,27,-2,339200,339200
50,27,-1,578304,578304
50,27,1,1288064,0
50,27,2,978080,0
50,27,3,861054,0
50,27,4,140110,0
50,27,5,3348,0
50,28,-4,2048,2048
50,28,-3,14336,14336
50,28,-2,174080,174080
50,28,-1,413568,413568
50,28,1,901584,0
50,28,2,1098884,0
50,28,3,907316,0
50,28,4,339352,0
50,28,5,15456,0
50,29,-3,22528,22528
50,29,-2,91904,91904
50,29,-1,372608,372608
50,29,1,830420,0
50,29,2,1452684,0
50,29,3,1157148,0
50,29,4,672664,0
50,29,5,53100,0
50,30,-4,3072,3072
50,30,-3,27136,27136
50,30,-2,121728,121728
50,30,-1,333664,333664
50,30,1,968864,0
50,30,2,1183100,0
50,30,3,1653012,0
50,30,4,589584,0
50,30,5,35040,0
50,31,-4,9216,9216
50,31,-3,9216,9216
50,31,-2,111104,111104
50,31,-1,265536,265536
50,31,1,552928,0
50,31,2,1123472,0
50,31,3,774680,0
50,31,4,480020,0
50,31,5,16164,0
50,32,-3,18432,18432
50,32,-2,9216,9216
50,32,-1,140800,140800
50,32,1,256000,0
50,32,2,327888,0
50,32,3,397880,0
50,32,4,89688,0
50,32,5,5280,0
50,33,-2,9216,9216
50,33,-1,3072,3072
50,33,1,56832,0
50,33,2,89664,0
50,33,3,33144,0
50,33,4,4284,0
50,33,5,396,0
51,0,3,433920,0
51,0,5,614656,0
51,1,2,262144,0
51,1,3,1297920,0
51,1,4,2107392,0
51,1,5,526848,0
51,2,2,761856,0
51,2,3,1296000,0
51,2,4,4064256,0
51,2,5,169344,0
51,3,2,738304,0
51,3,3,432000,0
51,3,4,2999808,0
51,3,5,24192,0
51,4,2,238576,0
51,4,4,808704,0
51,4,5,1296,0
51,7,-1,16384,16384
51,7,1,14848,0
51,7,3,99840,0
51,8,-2,8192,8192
51,8,-1,53248,53248
51,8,1,46336,0
51,8,2,85760,0
51,8,3,329148,0
51,8,4,1604,0
51,9,-2,24576,24576
51,9,-1,110592,110592
51,9,1,155424,0
51,9,2,246912,0
51,9,3,635692,0
51,9,4,71256,0
51,9,5,732,0
51,10,-2,49152,49152
51,10,-1,188416,188416
51,10,1,410368,0
51,10,2,477916,0
51,10,3,1103144,0
51,10,4,125684,0
51,10,5,4616,0
51,11,-2,81920,81920
51,11,-1,188416,188416
51,11,1,669920,0
51,11,2,758974,0
51,11,3,1291616,0
51,11,4,217342,0
51,11,5,3076,0
51,12,-2,77824,77824
51,12,-1,86016,86016
51,12,1,889216,0
51,12,2,759708,0
51,12,3,1222504,0
51,12,4,305124,0
51,12,5,1944,0
51,13,-2,32768,32768
51,13,-1,12288,12288
51,13,1,1167232,0
51,13,2,796200,0
51,13,3,1266782,0
51,13,4,286394,0
51,13,5,42816,0
51,14,-2,28672,28672
51,14,1,2027200,0
51,14,2,1695472,0
51,14,3,1810586,0
51,14,4,452886,0
51,14,5,211104,0
51,15,-2,49152,49152
51,15,1,2392576,0
51,15,2,3312592,0
51,15,3,3248260,0
51,15,4,1415116,0
51,15,5,264672,0
51,16,-2,61440,61440
51,16,-1,16384,16384
51,16,1,1690816,0
51,16,2,4488480,0
51,16,3,5643364,0
51,16,4,3857196,0
51,16,5,429712,0
51,17,-2,73728,73728
51,17,-1,65536,65536
51,17,1,1326592,0
51,17,2,5269248,0
51,17,3,8386624,0
51,17,4,6948520,0
51,17,5,343064,0
51,18,-2,36864,36864
51,18,-1,188416,188416
51,18,1,1296768,0
51,18,2,5891528,0
51,18,3,8852540,0
51,18,4,6868376,0
51,18,5,130788,0
51,19,-1,393216,393216
51,19,1,1275136,0
51,19,2,5657148,0
51,19,3,7647042,0
51,19,4,3976836,0
51,19,5,56062,0
51,20,-1,614400,614400
51,20,1,1778560,0
51,20,2,5313900,0
51,20,3,6929716,0
51,20,4,1836592,0
51,20,5,41904,0
51,21,-1,724992,724992
51,21,1,2450688,0
51,21,2,5722716,0
51,21,3,6568922,0
51,21,4,1644372,0
51,21,5,58742,0
51,22,-1,684032,684032
51,22,1,3099264,0
51,22,2,6774592,0
51,22,3,6919072,0
51,22,4,2125496,0
51,22,5,123880,0
51,23,-2,14336,14336
51,23,-1,610304,610304
51,23,1,3959552,0
51,23,2,7760680,0
51,23,3,8254124,0
51,23,4,2283466,0
51,23,5,87906,0
51,24,-2,83968,83968
51,24,-1,565248,565248
51,24,1,4293568,0
51,24,2,7658884,0
51,24,3,7839700,0
51,24,4,2898920,0
51,24,5,56064,0
51,25,-2,204800,204800
51,25,-1,536576,536576
51,25,1,3321040,0
51,25,2,6227438,0
51,25,3,5427696,0
51,25,4,2255630,0
51,25,5,16452,0
51,26,-2,282624,282624
51,26,-1,397312,397312
51,26,1,2147184,0
51,26,2,3887647,0
51,26,3,2913581,0
51,26,4,914596,0
51,26,5,8352,0
51,27,-2,227328,227328
51,27,-1,159744,159744
51,27,1,1431024,0
51,27,2,2200297,0
51,27,3,1760895,0
51,27,4,410082,0
51,27,5,69318,0
51,28,-2,92160,92160
51,28,-1,24576,24576
51,28,1,681360,0
51,28,2,1238968,0
51,28,3,1261426,0
51,28,4,437062,0
51,29,-2,12288,12288
51,29,1,168576,0
51,29,2,321460,0
51,29,3,585840,0
51,29,4,55962,0
51,29,5,2754,0
52,0,3,433920,0
52,0,5,614656,0
52,1,3,1735680,0
52,1,5,2458624,0
52,2,3,2603520,0
52,2,5,3687936,0
52,3,3,1735680,0
52,3,5,2458624,0
52,4,3,433920,0
52,4,5,614656,0
52,8,3,441088,0
52,8,5,83200,0
52,9,3,3087616,0
52,9,5,582400,0
52,10,3,8821760,0
52,10,5,1664000,0
52,11,3,13673728,0
52,11,5,2579200,0
52,12,3,13232640,0
52,12,5,2496000,0
52,13,3,9262848,0
52,13,5,1747200,0
52,14,3,5423288,0
52,14,5,999240,0
52,15,3,3101440,0
52,15,5,437504,0
52,16,3,3944084,0
52,16,5,250220,0
52,17,3,9877012,0
52,17,5,608748,0
52,18,-1,8192,8192
52,18,1,4096,0
52,18,3,19264476,0
52,18,5,1236004,0
52,19,-1,80896,80896
52,19,1,39552,0
52,19,3,24409732,0
52,19,5,1487612,0
52,20,-1,336896,336896
52,20,1,162176,0
52,20,3,20507160,0
52,20,5,1079400,0
52,21,-1,793600,793600
52,21,1,380032,0
52,21,3,14285144,0
52,21,5,499240,0
52,22,-1,1340416,1340416
52,22,1,648064,0
52,22,3,10936468,0
52,22,5,182252,0
52,23,-1,1889280,1889280
52,23,1,941952,0
52,23,3,8770868,0
52,23,5,63308,0
52,24,-1,2149376,2149376
52,24,1,1127552,0
52,24,3,7238700,0
52,24,5,35668,0
52,25,-1,1876992,1876992
52,25,1,1046912,0
52,25,3,6265436,0
52,25,5,116772,0
52,26,-1,1383424,1383424
52,26,1,798336,0
52,26,3,7272576,0
52,26,5,441600,0
52,27,-1,909312,909312
52,27,1,512000,0
52,27,3,9052416,0
52,27,5,864000,0
52,28,-1,417792,417792
52,28,1,225280,0
52,28,3,6705792,0
52,28,5,777600,0
52,29,-1,86016,86016
52,29,1,45056,0
52,29,3,2033678,0
52,29,5,260082,0
52,30,3,318860,0
52,30,5,8820,0
52,31,3,1243554,0
52,31,5,34398,0
52,32,3,2423336,0
52,32,5,67032,0
52,33,3,2518994,0
52,33,5,69678,0
52,34,3,1339212,0
52,34,5,37044,0
52,35,3,286974,0
52,35,5,7938,0
53,0,3,433920,0
53,0,5,614656,0
53,1,2,262144,0
53,1,3,1297920,0
53,1,4,2107392,0
53,1,5,526848,0
53,2,2,761856,0
53,2,3,1296000,0
53,2,4,4064256,0
53,2,5,169344,0
53,3,2,738304,0
53,3,3,432000,0
53,3,4,2999808,0
53,3,5,24192,0
53,4,2,238576,0
53,4,4,808704,0
53,4,5,1296,0
53,8,3,189120,0
53,8,4,66976,0
53,8,5,6048,0
53,9,2,65536,0
53,9,3,1265696,0
53,9,4,624848,0
53,9,5,141072,0
53,10,2,357376,0
53,10,3,3189744,0
53,10,4,2904624,0
53,10,5,101856,0
53,11,2,774144,0
53,11,3,4355720,0
53,11,4,5158376,0
53,11,5,197520,0
53,12,2,833536,0
53,12,3,4172600,0
53,12,4,4099416,0
53,12,5,69488,0
53,13,2,446464,0
53,13,3,2537268,0
53,13,4,1154988,0
53,13,5,55584,0
53,14,2,95232,0
53,14,3,583380,0
53,14,4,97308,0
53,14,5,10512,0
53,15,2,2048,0
53,15,3,23960,0
53,15,4,6240,0
53,15,5,520,0
53,16,2,475664,0
53,16,3,2664234,0
53,16,4,3731098,0
53,16,5,43052,0
53,17,2,3351234,0
53,17,3,6883220,0
53,17,4,7014328,0
53,17,5,282098,0
53,18,2,6404256,0
53,18,3,13266840,0
53,18,4,12660076,0
53,18,5,1321564,0
53,19,2,7530194,0
53,19,3,19194721,0
53,19,4,19067017,0
53,19,5,1688900,0
53,20,2,6082928,0
53,20,3,17938133,0
53,20,4,16987325,0
53,20,5,1098494,0
53,21,2,3303558,0
53,21,3,10327543,0
53,21,4,9721855,0
53,21,5,207236,0
53,22,2,1265568,0
53,22,3,3889067,0
53,22,4,4217181,0
53,22,5,98136,0
53,23,2,397510,0
53,23,3,1434650,0
53,23,4,1212368,0
53,23,5,35664,0
53,24,2,91024,0
53,24,3,499528,0
53,24,4,302896,0
53,24,5,24056,0
53,25,2,175616,0
53,25,3,1235780,0
53,25,4,1271032,0
53,25,5,4548,0
53,26,2,1142784,0
53,26,3,3635928,0
53,26,4,4553172,0
53,26,5,105300,0
53,27,2,2491776,0
53,27,3,4454892,0
53,27,4,6332472,0
53,27,5,876636,0
53,28,2,1610388,0
53,28,3,1702620,0
53,28,4,3581820,0
53,28,5,183060,0
54,0,3,433920,0
54,0,5,614656,0
54,1,2,753664,0
54,1,3,430080,0
54,1,4,3010560,0
54,2,-1,183296,183296
54,2,1,389120,0
54,2,2,781312,0
54,2,3,3365312,0
54,2,4,1806336,0
54,2,5,28224,0
54,3,-2,24576,24576
54,3,-1,312832,312832
54,3,1,1043968,0
54,3,2,955464,0
54,3,3,2428344,0
54,3,4,608128,0
54,3,5,131712,0
54,4,-2,49152,49152
54,4,-1,162816,162816
54,4,1,1291264,0
54,4,2,1850368,0
54,4,3,545568,0
54,4,4,552096,0
54,4,5,5184,0
54,5,-2,24576,24576
54,5,-1,319488,319488
54,5,1,1231152,0
54,5,2,3184600,0
54,5,3,1379036,0
54,5,4,501800,0
54,5,5,11252,0
54,6,-1,602112,602112
54,6,1,1621248,0
54,6,2,3048384,0
54,6,3,3673880,0
54,6,4,824744,0
54,6,5,27264,0
54,7,-2,36864,36864
54,7,-1,565248,565248
54,7,1,1511040,0
54,7,2,4651712,0
54,7,3,2041968,0
54,7,4,1211600,0
54,7,5,74112,0
54,8,-3,18432,18432
54,8,-2,12288,12288
54,8,-1,524288,524288
54,8,1,2741760,0
54,8,2,1714976,0
54,8,3,1999064,0
54,8,4,739368,0
54,8,5,15840,0
54,9,-3,36864,36864
54,9,-2,43008,43008
54,9,-1,565248,565248
54,9,1,1374848,0
54,9,2,2515976,0
54,9,3,1289776,0
54,9,4,410856,0
54,9,5,54880,0
54,10,-3,18432,18432
54,10,-2,86016,86016
54,10,-1,146560,146560
54,10,1,1131216,0
54,10,2,3518236,0
54,10,3,2997494,0
54,10,4,651674,0
54,10,5,2820,0
54,11,-2,44672,44672
54,11,-1,225536,225536
54,11,1,1380432,0
54,11,2,2550336,0
54,11,3,5561740,0
54,11,4,1891312,0
54,11,5,142452,0
54,12,-2,28672,28672
54,12,-1,95104,95104
54,12,1,1150976,0
54,12,2,4071760,0
54,12,3,3485630,0
54,12,4,3372518,0
54,12,5,83340,0
54,13,-2,337664,337664
54,13,-1,31488,31488
54,13,1,839744,0
54,13,2,2439568,0
54,13,3,4808790,0
54,13,4,2286922,0
54,13,5,167568,0
54,14,-3,6144,6144
54,14,-2,244544,244544
54,14,-1,1287744,1287744
54,14,1,571328,0
54,14,2,2397176,0
54,14,3,2609472,0
54,14,4,1210248,0
54,14,5,225792,0
54,15,-2,165504,165504
54,15,-1,742784,742784
54,15,1,1801760,0
54,15,2,1393160,0
54,15,3,1183864,0
54,15,4,807728,0
54,15,5,48,0
54,16,-3,18432,18432
54,16,-1,439040,439040
54,16,1,828160,0
54,16,2,1345168,0
54,16,3,1086100,0
54,16,4,87500,0
54,16,5,29456,0
54,17,-2,130112,130112
54,17,-1,34624,34624
54,17,1,682656,0
54,17,2,975208,0
54,17,3,475208,0
54,17,4,290864,0
54,18,-2,4096,4096
54,18,-1,337024,337024
54,18,1,177584,0
54,18,2,1151280,0
54,18,3,795868,0
54,18,4,48010,0
54,18,5,9274,0
54,19,-2,2048,2048
54,19,-1,48256,48256
54,19,1,528824,0
54,19,2,530408,0
54,19,3,1190518,0
54,19,4,217174,0
54,19,5,5908,0
54,20,-1,33536,33536
54,20,1,138752,0
54,20,2,731312,0
54,20,3,990200,0
54,20,4,872688,0
54,20,5,18792,0
54,21,-1,24576,24576
54,21,1,161744,0
54,21,2,1031864,0
54,21,3,1585780,0
54,21,4,692176,0
54,21,5,141108,0
54,22,-1,151552,151552
54,22,1,990272,0
54,22,2,1639760,0
54,22,3,1013154,0
54,22,4,1054302,0
54,22,5,624,0
54,23,-2,86016,86016
54,23,-1,715440,715440
54,23,1,1581936,0
54,23,2,924000,0
54,23,3,1808020,0
54,23,4,92462,0
54,23,5,2238,0
54,24,-3,12288,12288
54,24,-2,278016,278016
54,24,-1,880128,880128
54,24,1,449920,0
54,24,2,1723008,0
54,24,3,1063252,0
54,24,4,495376,0
54,24,5,13212,0
54,25,-3,36864,36864
54,25,-2,207360,207360
54,25,-1,102912,102912
54,25,1,951552,0
54,25,2,1490368,0
54,25,3,2160804,0
54,25,4,1272930,0
54,25,5,68666,0
54,26,-3,9216,9216
54,26,-2,36864,36864
54,26,-1,220160,220160
54,26,1,1123584,0
54,26,2,2975812,0
54,26,3,2936102,0
54,26,4,1490786,0
54,26,5,120372,0
54,27,-3,3072,3072
54,27,-2,73728,73728
54,27,-1,592640,592640
54,27,1,1633456,0
54,27,2,3036872,0
54,27,3,3126554,0
54,27,4,642790,0
54,27,5,392,0
54,28,-2,100352,100352
54,28,-1,589312,589312
54,28,1,1767488,0
54,28,2,2641476,0
54,28,3,2063316,0
54,28,4,438444,0
54,28,5,1788,0
54,29,-2,62208,62208
54,29,-1,263872,263872
54,29,1,1715136,0
54,29,2,2521384,0
54,29,3,3207316,0
54,29,4,2428812,0
54,29,5,155960,0
54,30,-1,352384,352384
54,30,1,1486368,0
54,30,2,4877572,0
54,30,3,6169456,0
54,30,4,4418396,0
54,30,5,521616,0
54,31,-2,69632,69632
54,31,-1,776192,776192
54,31,1,3197536,0
54,31,2,6380848,0
54,31,3,6952864,0
54,31,4,4007592,0
54,31,5,438824,0
54,32,-3,18432,18432
54,32,-2,250880,250880
54,32,-1,1349984,1349984
54,32,1,3689984,0
54,32,2,5957916,0
54,32,3,4922512,0
54,32,4,1432308,0
54,32,5,7168,0
54,33,-4,3072,3072
54,33,-3,44032,44032
54,33,-2,314624,314624
54,33,-1,1222912,1222912
54,33,1,2712564,0
54,33,2,3070830,0
54,33,3,1975774,0
54,33,4,543696,0
54,33,5,8432,0
54,34,-4,6144,6144
54,34,-3,38912,38912
54,34,-2,209152,209152
54,34,-1,593472,593472
54,34,1,919600,0
54,34,2,1406512,0
54,34,3,753004,0
54,34,4,191490,0
54,34,5,10482,0
54,35,-4,3072,3072
54,35,-3,19456,19456
54,35,-2,61440,61440
54,35,-1,194752,194752
54,35,1,280000,0
54,35,2,443584,0
54,35,3,189468,0
54,35,4,50880,0
54,35,5,2532,0
54,36,-3,6144,6144
54,36,-2,6144,6144
54,36,-1,73728,73728
54,36,1,73728,0
54,36,2,19410,0
54,36,3,15606,0
54,36,4,1848,0
55,0,3,433920,0
55,0,5,614656,0
55,1,2,738304,0
55,1,3,432000,0
55,1,4,2999808,0
55,1,5,24192,0
55,2,-3,12288,12288
55,2,-1,24576,24576
55,2,1,417792,0
55,2,2,714240,0
55,2,3,3978496,0
55,2,4,1197504,0
55,2,5,12096,0
55,3,-4,6144,6144
55,3,-2,67584,67584
55,3,-1,77824,77824
55,3,1,491520,0
55,3,2,1012608,0
55,3,3,2655168,0
55,3,4,165216,0
55,3,5,45920,0
55,4,-3,61440,61440
55,4,-1,286720,286720
55,4,1,173974,0
55,4,2,1034930,0
55,4,3,280390,0
55,4,4,62274,0
55,4,5,816,0
55,5,-4,18432,18432
55,5,-2,239616,239616
55,5,-1,336000,336000
55,5,1,583072,0
55,5,2,238090,0
55,5,3,179162,0
55,5,4,42109,0
55,5,5,1919,0
55,6,-3,73728,73728
55,6,-2,236160,236160
55,6,-1,970560,970560
55,6,1,468096,0
55,6,2,394748,0
55,6,3,114428,0
55,6,4,35764,0
55,6,5,276,0
55,7,-3,55296,55296
55,7,-2,536640,536640
55,7,-1,441072,441072
55,7,1,630228,0
55,7,2,269852,0
55,7,3,85700,0
55,7,4,12450,0
55,7,5,378,0
55,8,-3,110592,110592
55,8,-2,233472,233472
55,8,-1,229344,229344
55,8,1,232080,0
55,8,2,152112,0
55,8,3,25440,0
55,9,-3,55296,55296
55,9,-2,6144,6144
55,9,-1,67584,67584
55,9,1,37632,0
55,9,2,20424,0
55,9,3,9528,0
55,10,1,6144,0
55,10,2,46032,0
55,10,3,15792,0
55,10,4,30336,0
55,11,1,82688,0
55,11,2,205680,0
55,11,3,341572,0
55,11,4,118540,0
55,11,5,5184,0
55,12,-1,53248,53248
55,12,1,175360,0
55,12,2,555648,0
55,12,3,880279,0
55,12,4,454242,0
55,12,5,11143,0
55,13,-2,49152,49152
55,13,-1,88064,88064
55,13,1,338496,0
55,13,2,1051244,0
55,13,3,1306380,0
55,13,4,659530,0
55,13,5,13310,0
55,14,-2,73728,73728
55,14,-1,265024,265024
55,14,1,638560,0
55,14,2,1512080,0
55,14,3,1830978,0
55,14,4,768230,0
55,14,5,23208,0
55,15,-2,18432,18432
55,15,-1,253952,253952
55,15,1,1334800,0
55,15,2,2215528,0
55,15,3,2351554,0
55,15,4,1009194,0
55,15,5,91036,0
55,16,-2,30720,30720
55,16,-1,967424,967424
55,16,1,1719520,0
55,16,2,3070600,0
55,16,3,3004296,0
55,16,4,848406,0
55,16,5,91130,0
55,17,-2,353280,353280
55,17,-1,1325544,1325544
55,17,1,4298744,0
55,17,2,5352100,0
55,17,3,2987906,0
55,17,4,1237110,0
55,17,5,10116,0
55,18,-3,73728,73728
55,18,-2,534528,534528
55,18,-1,1785216,1785216
55,18,1,5970800,0
55,18,2,8744824,0
55,18,3,8069054,0
55,18,4,2012686,0
55,18,5,104908,0
55,19,-3,102400,102400
55,19,-2,566272,566272
55,19,-1,2032640,2032640
55,19,1,5851200,0
55,19,2,11545498,0
55,19,3,11286958,0
55,19,4,6513092,0
55,19,5,145588,0
55,20,-3,86016,86016
55,20,-2,787456,787456
55,20,-1,2133632,2133632
55,20,1,5151090,0
55,20,2,10323424,0
55,20,3,12868590,0
55,20,4,5604316,0
55,20,5,204388,0
55,21,-4,12288,12288
55,21,-3,45056,45056
55,21,-2,820736,820736
55,21,-1,2516464,2516464
55,21,1,5368498,0
55,21,2,8695652,0
55,21,3,6154578,0
55,21,4,2376536,0
55,21,5,224592,0
55,22,-4,51200,51200
55,22,-3,215040,215040
55,22,-2,909312,909312
55,22,-1,2459872,2459872
55,22,1,5431664,0
55,22,2,4621612,0
55,22,3,2973564,0
55,22,4,301624,0
55,22,5,9936,0
55,23,-4,43008,43008
55,23,-3,256000,256000
55,23,-2,724480,724480
55,23,-1,1837568,1837568
55,23,1,3335952,0
55,23,2,3346966,0
55,23,3,1388062,0
55,23,4,274404,0
55,23,5,216,0
55,24,-3,98304,98304
55,24,-2,401152,401152
55,24,-1,799552,799552
55,24,1,1846200,0
55,24,2,1069116,0
55,24,3,997690,0
55,24,4,96366,0
55,24,5,36,0
55,25,-2,61440,61440
55,25,-1,183744,183744
55,25,1,381360,0
55,25,2,525950,0
55,25,3,643680,0
55,25,4,300930,0
55,25,5,48,0
55,26,-3,8192,8192
55,26,-2,77824,77824
55,26,-1,125184,125184
55,26,1,204736,0
55,26,2,388464,0
55,26,3,218880,0
55,26,4,17268,0
55,26,5,8028,0
55,27,-3,24576,24576
55,27,-2,36864,36864
55,27,-1,36864,36864
55,27,1,124416,0
55,27,2,91566,0
55,27,3,5812,0
55,27,4,7582,0
55,28,-2,49152,49152
55,28,-1,147456,147456
55,28,1,321024,0
55,28,2,464896,0
55,28,3,170720,0
55,28,4,26400,0
55,29,-2,24576,24576
55,29,-1,363008,363008
55,29,1,1063552,0
55,29,2,1625104,0
55,29,3,972840,0
55,29,4,269304,0
55,29,5,6992,0
55,30,-2,49152,49152
55,30,-1,436736,436736
55,30,1,1882048,0
55,30,2,2678080,0
55,30,3,2784624,0
55,30,4,589608,0
55,30,5,99432,0
55,31,-3,24576,24576
55,31,-2,172032,172032
55,31,-1,659456,659456
55,31,1,1239552,0
55,31,2,3741400,0
55,31,3,2527080,0
55,31,4,1433376,0
55,31,5,32928,0
55,32,-3,73728,73728
55,32,-2,122880,122880
55,32,-1,489472,489472
55,32,1,1449984,0
55,32,2,1350896,0
55,32,3,2324496,0
55,32,4,811056,0
55,32,5,62160,0
55,33,-2,147456,147456
55,33,-1,192512,192512
55,33,1,474112,0
55,33,2,897408,0
55,33,3,586544,0
55,33,4,191040,0
55,33,5,1296,0
55,34,-1,73728,73728
55,34,1,133632,0
55,34,2,58992,0
55,34,3,120168,0
55,34,4,6696,0
56,0,3,433920,0
56,0,5,614656,0
56,1,2,968704,0
56,1,4,3225600,0
56,2,1,765952,0
56,2,3,5124096,0
56,2,4,310464,0
56,2,5,90944,0
56,3,-1,260096,260096
56,3,2,2692320,0
56,3,3,325920,0
56,3,4,913376,0
56,3,5,2592,0
56,4,-2,32768,32768
56,4,1,447488,0
56,4,2,80640,0
56,4,3,462592,0
56,4,4,23520,0
56,4,5,1568,0
56,5,-1,8192,8192
56,5,1,46080,0
56,5,3,76800,0
56,6,-2,4096,4096
56,6,-1,40960,40960
56,6,1,51968,0
56,6,2,565248,0
56,6,3,59584,0
56,6,4,195648,0
56,7,-2,16384,16384
56,7,-1,24576,24576
56,7,1,524928,0
56,7,2,228584,0
56,7,3,1670632,0
56,7,4,75248,0
56,7,5,81088,0
56,8,-3,4096,4096
56,8,-1,214784,214784
56,8,1,190592,0
56,8,2,1900128,0
56,8,3,340880,0
56,8,4,1410704,0
56,8,5,2048,0
56,9,-2,40960,40960
56,9,-1,64512,64512
56,9,1,895104,0
56,9,2,412960,0
56,9,3,2243072,0
56,9,4,174448,0
56,9,5,101104,0
56,10,-2,16384,16384
56,10,-1,334592,334592
56,10,1,292544,0
56,10,2,1566392,0
56,10,3,350260,0
56,10,4,449012,0
56,10,5,5472,0
56,11,-2,265216,265216
56,11,-1,211200,211200
56,11,1,1254624,0
56,11,2,1153728,0
56,11,3,502588,0
56,11,4,142564,0
56,11,5,9024,0
56,12,-3,200192,200192
56,12,-2,57344,57344
56,12,-1,1435400,1435400
56,12,1,1218712,0
56,12,2,1456336,0
56,12,3,2513912,0
56,12,4,164560,0
56,12,5,64200,0
56,13,-4,57344,57344
56,13,-2,1090096,1090096
56,13,-1,442544,442544
56,13,1,2602244,0
56,13,2,3365284,0
56,13,3,1501500,0
56,13,4,3261172,0
56,13,5,584,0
56,14,-5,2048,2048
56,14,-3,354752,354752
56,14,-2,34944,34944
56,14,-1,2245048,2245048
56,14,1,1376840,0
56,14,2,2622832,0
56,14,3,6512542,0
56,14,4,667422,0
56,14,5,863636,0
56,15,-4,44416,44416
56,15,-3,4096,4096
56,15,-2,855328,855328
56,15,-1,194304,194304
56,15,1,2456700,0
56,15,2,3983680,0
56,15,3,1112320,0
56,15,4,3266880,0
56,15,5,9828,0
56,16,-5,6144,6144
56,16,-3,156352,156352
56,16,-2,31424,31424
56,16,-1,1308872,1308872
56,16,1,1350824,0
56,16,2,1391530,0
56,16,3,2534092,0
56,16,4,335810,0
56,16,5,28376,0
56,17,-4,24576,24576
56,17,-2,233552,233552
56,17,-1,425744,425744
56,17,1,2640364,0
56,17,2,958902,0
56,17,3,824632,0
56,17,4,133574,0
56,17,5,1536,0
56,18,-3,33792,33792
56,18,-2,97280,97280
56,18,-1,624680,624680
56,18,1,1054072,0
56,18,2,6923966,0
56,18,3,429984,0
56,18,4,462806,0
56,18,5,7212,0
56,19,-3,16384,16384
56,19,-2,92160,92160
56,19,-1,820992,820992
56,19,1,3690016,0
56,19,2,2930144,0
56,19,3,11935990,0
56,19,4,321246,0
56,19,5,247084,0
56,20,-4,4096,4096
56,20,-3,36864,36864
56,20,-2,424832,424832
56,20,-1,998016,998016
56,20,1,3450208,0
56,20,2,11777872,0
56,20,3,3969372,0
56,20,4,9705484,0
56,20,5,9192,0
56,21,-4,16384,16384
56,21,-3,171008,171008
56,21,-2,270848,270848
56,21,-1,2418112,2418112
56,21,1,4760096,0
56,21,2,6149940,0
56,21,3,15959636,0
56,21,4,1795144,0
56,21,5,1390672,0
56,22,-5,4096,4096
56,22,-4,28672,28672
56,22,-3,63488,63488
56,22,-2,1003264,1003264
56,22,-1,1579136,1579136
56,22,1,5328640,0
56,22,2,9582480,0
56,22,3,4656800,0
56,22,4,5251872,0
56,22,5,59440,0
56,23,-4,8192,8192
56,23,-3,183296,183296
56,23,-2,464640,464640
56,23,-1,2176512,2176512
56,23,1,4742496,0
56,23,2,5876904,0
56,23,3,5616784,0
56,23,4,1767464,0
56,23,5,36928,0
56,24,-4,8192,8192
56,24,-3,64512,64512
56,24,-2,378368,378368
56,24,-1,2117312,2117312
56,24,1,2658848,0
56,24,2,4924768,0
56,24,3,4868080,0
56,24,4,762392,0
56,24,5,241080,0
56,25,-3,21504,21504
56,25,-2,545792,545792
56,25,-1,557568,557568
56,25,1,3027712,0
56,25,2,3004168,0
56,25,3,1893864,0
56,25,4,1789752,0
56,25,5,5848,0
56,26,-4,1024,1024
56,26,-3,55296,55296
56,26,-2,48128,48128
56,26,-1,940032,940032
56,26,1,834176,0
56,26,2,1518772,0
56,26,3,1490008,0
56,26,4,210772,0
56,26,5,46368,0
56,27,-3,2048,2048
56,27,-2,110592,110592
56,27,-1,89088,89088
56,27,1,505600,0
56,27,2,455136,0
56,27,3,136160,0
56,27,4,110400,0
56,28,-2,1024,1024
56,28,-1,58624,58624
56,28,1,42496,0
56,28,2,30464,0
56,28,3,31232,0
57,0,3,433920,0
57,0,5,614656,0
57,1,2,738560,0
57,1,3,448352,0
57,1,4,3090080,0
57,1,5,48384,0
57,2,1,419968,0
57,2,2,770912,0
57,2,3,3719648,0
57,2,4,2194424,0
57,2,5,104008,0
57,3,-1,81152,81152
57,3,1,478976,0
57,3,2,1289180,0
57,3,3,3373868,0
57,3,4,1448540,0
57,3,5,144028,0
57,4,-2,15616,15616
57,4,-1,103424,103424
57,4,1,286080,0
57,4,2,1400656,0
57,4,3,1443772,0
57,4,4,1936634,0
57,4,5,56698,0
57,5,-3,7808,7808
57,5,-2,32768,32768
57,5,-1,163904,163904
57,5,1,458576,0
57,5,2,809342,0
57,5,3,1646264,0
57,5,4,1503726,0
57,5,5,96204,0
57,6,-3,16384,16384
57,6,-2,54016,54016
57,6,-1,298624,298624
57,6,1,747768,0
57,6,2,804612,0
57,6,3,1845940,0
57,6,4,873512,0
57,6,5,208808,0
57,7,-3,8192,8192
57,7,-2,54912,54912
57,7,-1,253312,253312
57,7,1,1198496,0
57,7,2,2939592,0
57,7,3,812860,0
57,7,4,1278058,0
57,7,5,8178,0
57,8,-2,32768,32768
57,8,-1,149408,149408
57,8,1,1806272,0
57,8,2,3991640,0
57,8,3,4178648,0
57,8,4,357692,0
57,8,5,231476,0
57,9,-3,8192,8192
57,9,-2,7424,7424
57,9,-1,558720,558720
57,9,1,973904,0
57,9,2,7042248,0
57,9,3,5005510,0
57,9,4,1267202,0
57,9,5,13472,0
57,10,-2,104960,104960
57,10,-1,98304,98304
57,10,1,3246272,0
57,10,2,1678488,0
57,10,3,14534088,0
57,10,4,1695096,0
57,10,5,204136,0
57,11,-3,24576,24576
57,11,-2,49152,49152
57,11,-1,646656,646656
57,11,1,606616,0
57,11,2,6018336,0
57,11,3,5481536,0
57,11,4,11837082,0
57,11,5,43118,0
57,12,-2,137472,137472
57,12,-1,125760,125760
57,12,1,2673152,0
57,12,2,1610248,0
57,12,3,10408570,0
57,12,4,2457610,0
57,12,5,937268,0
57,13,-2,32768,32768
57,13,-1,213504,213504
57,13,1,1840064,0
57,13,2,6567208,0
57,13,3,2352778,0
57,13,4,3213406,0
57,13,5,1584,0
57,14,-2,8192,8192
57,14,-1,118784,118784
57,14,1,3219712,0
57,14,2,3267136,0
57,14,3,5501412,0
57,14,4,816675,0
57,14,5,175289,0
57,15,-1,16384,16384
57,15,1,1680384,0
57,15,2,4302308,0
57,15,3,4461865,0
57,15,4,1792875,0
57,15,5,1416,0
57,16,-1,518656,518656
57,16,1,1526016,0
57,16,2,4539128,0
57,16,3,5588152,0
57,16,4,1683224,0
57,16,5,38456,0
57,17,-2,147456,147456
57,17,-1,436736,436736
57,17,1,2604192,0
57,17,2,5829900,0
57,17,3,4717966,0
57,17,4,2275648,0
57,17,5,109958,0
57,18,-2,49152,49152
57,18,-1,1320576,1320576
57,18,1,2004432,0
57,18,2,6054710,0
57,18,3,5524370,0
57,18,4,1501052,0
57,18,5,60780,0
57,19,-1,1241088,1241088
57,19,1,2719232,0
57,19,2,3640236,0
57,19,3,4522992,0
57,19,4,1369880,0
57,19,5,6988,0
57,20,-1,516096,516096
57,20,1,2481152,0
57,20,2,2432524,0
57,20,3,2215924,0
57,20,4,763248,0
57,20,5,45200,0
57,21,-2,81920,81920
57,21,-1,71808,71808
57,21,1,1180416,0
57,21,2,1637488,0
57,21,3,894992,0
57,21,4,290880,0
57,21,5,4032,0
57,22,-3,3072,3072
57,22,-2,176000,176000
57,22,-1,538624,538624
57,22,1,579712,0
57,22,2,1230384,0
57,22,3,443842,0
57,22,4,140036,0
57,22,5,1290,0
57,23,-3,9216,9216
57,23,-2,37632,37632
57,23,-1,1002496,1002496
57,23,1,1788496,0
57,23,2,1057036,0
57,23,3,891050,0
57,23,4,127846,0
57,23,5,1428,0
57,24,-3,21504,21504
57,24,-2,195584,195584
57,24,-1,545536,545536
57,24,1,2182576,0
57,24,2,2098688,0
57,24,3,771008,0
57,24,4,310605,0
57,24,5,2115,0
57,25,-3,67584,67584
57,25,-2,188416,188416
57,25,-1,842112,842112
57,25,1,1325088,0
57,25,2,1769200,0
57,25,3,843544,0
57,25,4,131752,0
57,25,5,9648,0
57,26,-3,70656,70656
57,26,-2,246784,246784
57,26,-1,500288,500288
57,26,1,1160544,0
57,26,2,954368,0
57,26,3,371008,0
57,26,4,69488,0
57,26,5,1968,0
57,27,-3,24576,24576
57,27,-2,212992,212992
57,27,-1,268288,268288
57,27,1,622656,0
57,27,2,382784,0
57,27,3,232016,0
57,27,4,26124,0
57,27,5,36,0
57,28,-2,36864,36864
57,28,-1,215040,215040
57,28,1,96896,0
57,28,2,209760,0
57,28,3,62532,0
57,28,4,1260,0
57,28,5,240,0
57,29,1,74496,0
57,29,2,21072,0
57,29,3,2304,0
57,29,4,432,0
58,0,3,433920,0
58,0,5,614656,0
58,1,2,507904,0
58,1,3,864000,0
58,1,4,2709504,0
58,1,5,112896,0
58,2,1,131072,0
58,2,2,954304,0
58,2,3,1614848,0
58,2,4,3498240,0
58,2,5,92992,0
58,3,1,262144,0
58,3,2,476160,0
58,3,3,2649600,0
58,3,4,798336,0
58,3,5,8064,0
58,4,1,126976,0
58,4,3,871424,0
58,4,4,47040,0
58,4,5,3136,0
58,8,-1,8192,8192
58,8,1,73728,0
58,8,2,378688,0
58,8,3,157120,0
58,8,4,37632,0
58,9,-1,16384,16384
58,9,1,362496,0
58,9,2,1798272,0
58,9,3,914800,0
58,9,4,240656,0
58,9,5,75264,0
58,10,-1,64768,64768
58,10,1,1238272,0
58,10,2,3519904,0
58,10,3,2229496,0
58,10,4,1638312,0
58,10,5,25536,0
58,11,-1,188416,188416
58,11,1,2019328,0
58,11,2,4812704,0
58,11,3,6857908,0
58,11,4,3358840,0
58,11,5,260916,0
58,12,-2,36864,36864
58,12,-1,193536,193536
58,12,1,2530808,0
58,12,2,6926022,0
58,12,3,9184076,0
58,12,4,6784042,0
58,12,5,362444,0
58,13,-2,135168,135168
58,13,-1,398848,398848
58,13,1,3696064,0
58,13,2,7178528,0
58,13,3,9775642,0
58,13,4,4318894,0
58,13,5,121432,0
58,14,-2,258048,258048
58,14,-1,589824,589824
58,14,1,2720128,0
58,14,2,7982032,0
58,14,3,5659908,0
58,14,4,1494368,0
58,14,5,137292,0
58,15,-2,335872,335872
58,15,-1,866304,866304
58,15,1,1370880,0
58,15,2,6415864,0
58,15,3,2645180,0
58,15,4,609612,0
58,15,5,77056,0
58,16,-2,270336,270336
58,16,-1,734208,734208
58,16,1,1278544,0
58,16,2,3153370,0
58,16,3,1169442,0
58,16,4,327444,0
58,16,5,13472,0
58,17,-2,114688,114688
58,17,-1,442240,442240
58,17,1,1022976,0
58,17,2,2997124,0
58,17,3,2307824,0
58,17,4,651744,0
58,17,5,65580,0
58,18,-2,28672,28672
58,18,-1,332416,332416
58,18,1,1583936,0
58,18,2,4127472,0
58,18,3,4628708,0
58,18,4,1592652,0
58,18,5,26912,0
58,19,-2,20480,20480
58,19,-1,357632,357632
58,19,1,1786840,0
58,19,2,4107424,0
58,19,3,6215896,0
58,19,4,2877440,0
58,19,5,100784,0
58,20,-2,24576,24576
58,20,-1,352768,352768
58,20,1,1288000,0
58,20,2,3729590,0
58,20,3,6924488,0
58,20,4,5099660,0
58,20,5,505014,0
58,21,-2,25600,25600
58,21,-1,332288,332288
58,21,1,1415584,0
58,21,2,3614764,0
58,21,3,7134104,0
58,21,4,3989284,0
58,21,5,68984,0
58,22,-2,46080,46080
58,22,-1,673984,673984
58,22,1,1077472,0
58,22,2,3612504,0
58,22,3,4290932,0
58,22,4,3362792,0
58,22,5,141740,0
58,23,-2,82944,82944
58,23,-1,901888,901888
58,23,1,1955840,0
58,23,2,2510244,0
58,23,3,4557174,0
58,23,4,1766742,0
58,23,5,349328,0
58,24,-3,512,512
58,24,-2,87552,87552
58,24,-1,924176,924176
58,24,1,2505976,0
58,24,2,3661648,0
58,24,3,3213896,0
58,24,4,1318157,0
58,24,5,19027,0
58,25,-3,2048,2048
58,25,-2,52224,52224
58,25,-1,522368,522368
58,25,1,2257888,0
58,25,2,3709632,0
58,25,3,3234762,0
58,25,4,762958,0
58,25,5,9416,0
58,26,-3,3072,3072
58,26,-2,21120,21120
58,26,-1,207680,207680
58,26,1,1277822,0
58,26,2,2903754,0
58,26,3,2789472,0
58,26,4,754132,0
58,26,5,38340,0
58,27,-3,2048,2048
58,27,-2,12288,12288
58,27,-1,134400,134400
58,27,1,729664,0
58,27,2,1578534,0
58,27,3,1490042,0
58,27,4,499332,0
58,27,5,10140,0
58,28,-3,512,512
58,28,-2,8704,8704
58,28,-1,103424,103424
58,28,1,308016,0
58,28,2,586130,0
58,28,3,315806,0
58,28,4,151968,0
58,29,-2,3072,3072
58,29,-1,36864,36864
58,29,1,33792,0
58,29,2,67584,0
58,29,3,55296,0
59,0,3,433920,0
59,0,5,614656,0
59,1,2,516096,0
59,1,3,862080,0
59,1,4,2759680,0
59,1,5,56448,0
59,2,1,131072,0
59,2,2,984064,0
59,2,3,1776000,0
59,2,4,3343872,0
59,2,5,56448,0
59,3,1,260096,0
59,3,2,483840,0
59,3,3,2329248,0
59,3,4,1078784,0
59,3,5,42336,0
59,4,1,126976,0
59,4,3,833792,0
59,4,4,65856,0
59,4,5,21952,0
59,8,-1,36864,36864
59,8,1,63936,0
59,8,3,194112,0
59,9,-1,40704,40704
59,9,1,270720,0
59,9,2,245544,0
59,9,3,429912,0
59,9,4,389376,0
59,10,-1,70912,70912
59,10,1,262656,0
59,10,2,1107003,0
59,10,3,760099,0
59,10,4,758025,0
59,10,5,23193,0
59,11,-1,51200,51200
59,11,1,372416,0
59,11,2,794846,0
59,11,3,2147817,0
59,11,4,784299,0
59,11,5,43726,0
59,12,-1,107776,107776
59,12,1,454400,0
59,12,2,1394424,0
59,12,3,1458712,0
59,12,4,1900568,0
59,12,5,25304,0
59,13,-1,49152,49152
59,13,1,1003584,0
59,13,2,2310080,0
59,13,3,3615256,0
59,13,4,1147744,0
59,13,5,648,0
59,14,-1,20480,20480
59,14,1,1149824,0
59,14,2,4171800,0
59,14,3,2904496,0
59,14,4,3387848,0
59,14,5,63728,0
59,15,-2,4096,4096
59,15,-1,28032,28032
59,15,1,1357376,0
59,15,2,4007280,0
59,15,3,4117328,0
59,15,4,3106040,0
59,15,5,421512,0
59,16,-2,16384,16384
59,16,-1,83456,83456
59,16,1,1297344,0
59,16,2,3166178,0
59,16,3,4568342,0
59,16,4,2546176,0
59,16,5,249672,0
59,17,-2,16384,16384
59,17,-1,304640,304640
59,17,1,1087232,0
59,17,2,2946912,0
59,17,3,4533916,0
59,17,4,1965472,0
59,17,5,89956,0
59,18,-2,8192,8192
59,18,-1,489280,489280
59,18,1,1645984,0
59,18,2,3136060,0
59,18,3,6634042,0
59,18,4,2262902,0
59,18,5,110388,0
59,19,-2,16384,16384
59,19,-1,451584,451584
59,19,1,2541760,0
59,19,2,5898916,0
59,19,3,9915990,0
59,19,4,4333186,0
59,19,5,238532,0
59,20,-1,220672,220672
59,20,1,2888336,0
59,20,2,7985403,0
59,20,3,11384789,0
59,20,4,7389466,0
59,20,5,310662,0
59,21,-2,4096,4096
59,21,-1,303104,303104
59,21,1,1987200,0
59,21,2,6401416,0
59,21,3,12472032,0
59,21,4,6620502,0
59,21,5,293826,0
59,22,-1,45056,45056
59,22,1,1241856,0
59,22,2,5117280,0
59,22,3,9783617,0
59,22,4,6097747,0
59,22,5,389900,0
59,23,-2,6144,6144
59,23,1,1086592,0
59,23,2,3737377,0
59,23,3,6769089,0
59,23,4,4761158,0
59,23,5,384088,0
59,24,-2,30720,30720
59,24,-1,12288,12288
59,24,1,964032,0
59,24,2,2226936,0
59,24,3,3467052,0
59,24,4,1916196,0
59,24,5,33528,0
59,25,-2,43008,43008
59,25,-1,71424,71424
59,25,1,469552,0
59,25,2,913040,0
59,25,3,935466,0
59,25,4,267492,0
59,25,5,19762,0
59,26,-2,18432,18432
59,26,-1,135936,135936
59,26,1,306704,0
59,26,2,381241,0
59,26,3,170557,0
59,26,4,31953,0
59,26,5,3753,0
59,27,-1,109056,109056
59,27,1,353920,0
59,27,2,594368,0
59,27,3,364296,0
59,27,4,52776,0
59,27,5,144,0
59,28,-1,36864,36864
59,28,1,346752,0
59,28,2,1337768,0
59,28,3,1625368,0
59,28,4,407696,0
59,28,5,13872,0
59,29,1,321536,0
59,29,2,1999328,0
59,29,3,3985072,0
59,29,4,1029416,0
59,29,5,4680,0
59,30,-2,2048,2048
59,30,-1,12288,12288
59,30,1,408320,0
59,30,2,2882816,0
59,30,3,4386936,0
59,30,4,1387960,0
59,30,5,94672,0
59,31,-2,8192,8192
59,31,-1,49152,49152
59,31,1,669184,0
59,31,2,2983936,0
59,31,3,2594400,0
59,31,4,984256,0
59,31,5,50912,0
59,32,-2,12288,12288
59,32,-1,73728,73728
59,32,1,729184,0
59,32,2,1585936,0
59,32,3,837028,0
59,32,4,411180,0
59,32,5,20672,0
59,33,-2,8192,8192
59,33,-1,49152,49152
59,33,1,393472,0
59,33,2,339552,0
59,33,3,190184,0
59,33,4,68024,0
59,34,-2,2048,2048
59,34,-1,12288,12288
59,34,1,78976,0
59,34,2,10432,0
59,34,3,25984,0
59,34,4,1344,0
60,0,3,433920,0
60,0,5,614656,0
60,1,2,738304,0
60,1,3,432000,0
60,1,4,2999808,0
60,1,5,24192,0
60,2,1,393216,0
60,2,2,714240,0
60,2,3,3974400,0
60,2,4,1197504,0
60,2,5,12096,0
60,3,-1,65536,65536
60,3,1,380928,0
60,3,2,893696,0
60,3,3,2648960,0
60,3,4,159264,0
60,3,5,45920,0
60,4,-1,65536,65536
60,4,2,767040,0
60,4,3,162000,0
60,4,4,53568,0
60,4,5,432,0
60,8,1,98304,0
60,8,2,1114112,0
60,8,3,1297568,0
60,8,4,892200,0
60,8,5,5688,0
60,9,-1,49152,49152
60,9,1,1100800,0
60,9,2,3656640,0
60,9,3,6024332,0
60,9,4,3777724,0
60,9,5,71416,0
60,10,-1,393216,393216
60,10,1,1871872,0
60,10,2,7153928,0
60,10,3,12133384,0
60,10,4,4796308,0
60,10,5,389980,0
60,11,-2,73728,73728
60,11,-1,212992,212992
60,11,1,2718464,0
60,11,2,7649856,0
60,11,3,11326964,0
60,11,4,5084416,0
60,11,5,458700,0
60,12,-2,24576,24576
60,12,-1,270336,270336
60,12,1,1313536,0
60,12,2,5598808,0
60,12,3,7104848,0
60,12,4,3683156,0
60,12,5,92676,0
60,13,-1,106496,106496
60,13,1,601696,0
60,13,2,2071032,0
60,13,3,3631352,0
60,13,4,1397152,0
60,13,5,56592,0
60,14,-1,16384,16384
60,14,1,193792,0
60,14,2,879124,0
60,14,3,721298,0
60,14,4,545376,0
60,14,5,36090,0
60,15,1,180224,0
60,15,2,339080,0
60,15,3,278188,0
60,15,4,251084,0
60,16,-1,36864,36864
60,16,1,176128,0
60,16,2,192512,0
60,16,3,1037144,0
60,16,4,162768,0
60,16,5,216,0
60,17,-1,29952,29952
60,17,1,94368,0
60,17,2,996900,0
60,17,3,1214443,0
60,17,4,377997,0
60,17,5,6084,0
60,18,-2,2048,2048
60,18,-1,59392,59392
60,18,1,527074,0
60,18,2,1000422,0
60,18,3,939082,0
60,18,4,278762,0
60,18,5,11268,0
60,19,-2,10240,10240
60,19,-1,69248,69248
60,19,1,552800,0
60,19,2,940143,0
60,19,3,744628,0
60,19,4,193755,0
60,19,5,12322,0
60,20,-2,8192,8192
60,20,-1,100352,100352
60,20,1,499672,0
60,20,2,1261080,0
60,20,3,1150103,0
60,20,4,649744,0
60,20,5,873,0
60,21,-2,8192,8192
60,21,-1,153088,153088
60,21,1,809344,0
60,21,2,1714287,0
60,21,3,3108317,0
60,21,4,1667980,0
60,21,5,42664,0
60,22,-2,20480,20480
60,22,-1,294912,294912
60,22,1,847624,0
60,22,2,3490612,0
60,22,3,5251894,0
60,22,4,2410398,0
60,22,5,103152,0
60,23,-3,2048,2048
60,23,-2,47104,47104
60,23,-1,153856,153856
60,23,1,1672784,0
60,23,2,4983158,0
60,23,3,4744078,0
60,23,4,2577306,0
60,23,5,139282,0
60,24,-3,4096,4096
60,24,-2,20480,20480
60,24,-1,329728,329728
60,24,1,1951936,0
60,24,2,3414096,0
60,24,3,5574160,0
60,24,4,1598454,0
60,24,5,115946,0
60,25,-3,2048,2048
60,25,-2,38912,38912
60,25,-1,383744,383744
60,25,1,1196752,0
60,25,2,3664378,0
60,25,3,3129568,0
60,25,4,1858418,0
60,25,5,15332,0
60,26,-2,55296,55296
60,26,-1,269824,269824
60,26,1,1107072,0
60,26,2,1802776,0
60,26,3,2990324,0
60,26,4,631340,0
60,26,5,24648,0
60,27,-2,18432,18432
60,27,-1,183936,183936
60,27,1,465728,0
60,27,2,1709438,0
60,27,3,874998,0
60,27,4,349356,0
60,27,5,2592,0
60,28,-1,36864,36864
60,28,1,517120,0
60,28,2,568704,0
60,28,3,280504,0
60,28,4,103488,0
60,28,5,648,0
60,29,1,556032,0
60,29,2,1367800,0
60,29,3,819224,0
60,29,4,305392,0
60,29,5,31744,0
60,30,-1,172032,172032
60,30,1,1445888,0
60,30,2,4043136,0
60,30,3,4742832,0
60,30,4,1593824,0
60,30,5,60912,0
60,31,-2,49152,49152
60,31,-1,589824,589824
60,31,1,3850752,0
60,31,2,5207808,0
60,31,3,9957840,0
60,31,4,3685080,0
60,31,5,252504,0
60,32,-2,147456,147456
60,32,-1,626688,626688
60,32,1,1778688,0
60,32,2,7965792,0
60,32,3,6637536,0
60,32,4,4013568,0
60,32,5,63936,0
60,33,-1,331776,331776
60,33,1,1411776,0
60,33,2,2099520,0
60,33,3,2191104,0
60,33,4,1043712,0
61,0,3,433920,0
61,0,5,614656,0
61,1,2,499712,0
61,1,3,865920,0
61,1,4,2659328,0
61,1,5,169344,0
61,2,1,131072,0
61,2,2,954304,0
61,2,3,1737600,0
61,2,4,3398784,0
61,2,5,69696,0
61,3,1,256000,0
61,3,2,469472,0
61,3,3,2257152,0
61,3,4,1189216,0
61,3,5,22464,0
61,4,1,123136,0
61,4,3,823296,0
61,4,4,79968,0
61,4,5,22176,0
61,10,1,24576,0
61,10,2,20576,0
61,10,3,17078,0
61,10,4,3306,0
61,11,1,49152,0
61,11,2,179584,0
61,11,3,198264,0
61,11,4,155468,0
61,11,5,7356,0
61,12,-1,45056,45056
61,12,1,189952,0
61,12,2,612800,0
61,12,3,788968,0
61,12,4,766232,0
61,12,5,87360,0
61,13,-1,155648,155648
61,13,1,631040,0
61,13,2,1887344,0
61,13,3,2694012,0
61,13,4,1616808,0
61,13,5,93036,0
61,14,-1,220160,220160
61,14,1,1133760,0
61,14,2,4355072,0
61,14,3,5990872,0
61,14,4,3174538,0
61,14,5,133342,0
61,15,-1,303104,303104
61,15,1,1838720,0
61,15,2,6606208,0
61,15,3,10893292,0
61,15,4,4521648,0
61,15,5,216420,0
61,16,-1,294912,294912
61,16,1,2221280,0
61,16,2,6968076,0
61,16,3,12758402,0
61,16,4,6674518,0
61,16,5,311868,0
61,17,-1,258560,258560
61,17,1,1835912,0
61,17,2,6394136,0
61,17,3,12906514,0
61,17,4,5911078,0
61,17,5,218920,0
61,18,-1,316416,316416
61,18,1,1807072,0
61,18,2,6932082,0
61,18,3,10564586,0
61,18,4,3863844,0
61,18,5,174496,0
61,19,-1,473088,473088
61,19,1,3023232,0
61,19,2,5724464,0
61,19,3,6592537,0
61,19,4,2081728,0
61,19,5,160119,0
61,20,-1,690688,690688
61,20,1,2230016,0
61,20,2,3481722,0
61,20,3,3328174,0
61,20,4,1381122,0
61,20,5,29398,0
61,21,-1,497152,497152
61,21,1,962176,0
61,21,2,1585836,0
61,21,3,2494536,0
61,21,4,775962,0
61,21,5,8562,0
61,22,-1,206848,206848
61,22,1,347808,0
61,22,2,1181064,0
61,22,3,2106438,0
61,22,4,641326,0
61,22,5,38500,0
61,23,-1,30208,30208
61,23,1,233984,0
61,23,2,710314,0
61,23,3,2248190,0
61,23,4,541196,0
61,23,5,4428,0
61,24,1,159232,0
61,24,2,761104,0
61,24,3,1079356,0
61,24,4,206761,0
61,24,5,21771,0
61,25,-1,2048,2048
61,25,1,175104,0
61,25,2,965208,0
61,25,3,790132,0
61,25,4,236820,0
61,25,5,58912,0
61,26,-1,51200,51200
61,26,1,364912,0
61,26,2,1744112,0
61,26,3,2295600,0
61,26,4,1305084,0
61,26,5,39028,0
61,27,-1,142680,142680
61,27,1,815200,0
61,27,2,2262284,0
61,27,3,5736040,0
61,27,4,3258168,0
61,27,5,139164,0
61,28,-1,154560,154560
61,28,1,1022992,0
61,28,2,4923640,0
61,28,3,8136287,0
61,28,4,4888549,0
61,28,5,567540,0
61,29,-1,407296,407296
61,29,1,1686480,0
61,29,2,4259328,0
61,29,3,10492730,0
61,29,4,3679980,0
61,29,5,19722,0
61,30,-1,22528,22528
61,30,1,1826496,0
61,30,2,3720732,0
61,30,3,4327340,0
61,30,4,1937154,0
61,30,5,60534,0
61,31,-1,4096,4096
61,31,1,513152,0
61,31,2,1148936,0
61,31,3,1032786,0
61,31,4,273936,0
61,31,5,8982,0
61,32,1,6144,0
61,32,2,26808,0
61,32,3,17310,0
61,32,4,47394,0
61,32,5,648,0
62,0,3,433920,0
62,0,5,614656,0
62,1,2,939904,0
62,1,4,3244032,0
62,1,5,10368,0
62,2,1,742400,0
62,2,3,4989952,0
62,2,4,460992,0
62,2,5,98112,0
62,3,-1,256000,256000
62,3,2,2580992,0
62,3,3,430080,0
62,3,4,925216,0
62,3,5,2016,0
62,4,-2,32768,32768
62,4,1,432128,0
62,4,2,92160,0
62,4,3,462848,0
62,4,4,27104,0
62,4,5,1568,0
62,9,-3,16384,16384
62,9,-1,196608,196608
62,9,2,35264,0
62,9,3,13888,0
62,10,-2,131072,131072
62,10,1,1590272,0
62,10,2,55552,0
62,10,3,227184,0
62,10,4,93072,0
62,11,-1,448512,448512
62,11,1,173312,0
62,11,2,5052288,0
62,11,3,735336,0
62,11,4,361624,0
62,11,5,44672,0
62,12,-2,16384,16384
62,12,-1,261120,261120
62,12,1,1238784,0
62,12,2,3295896,0
62,12,3,6451160,0
62,12,4,889984,0
62,12,5,36368,0
62,13,-2,229376,229376
62,13,-1,390144,390144
62,13,1,3673280,0
62,13,2,2886848,0
62,13,3,4970672,0
62,13,4,2527248,0
62,13,5,2496,0
62,14,-3,114688,114688
62,14,-2,300544,300544
62,14,-1,2719744,2719744
62,14,1,2633216,0
62,14,2,5870912,0
62,14,3,2598576,0
62,14,4,859736,0
62,14,5,41400,0
62,15,-3,172032,172032
62,15,-2,1584128,1584128
62,15,-1,1667072,1667072
62,15,1,5278464,0
62,15,2,3975360,0
62,15,3,2457328,0
62,15,4,771856,0
62,15,5,19008,0
62,16,-4,49152,49152
62,16,-3,237568,237568
62,16,-2,968704,968704
62,16,-1,3270656,3270656
62,16,1,4237568,0
62,16,2,4938752,0
62,16,3,2513170,0
62,16,4,754894,0
62,16,5,3360,0
62,17,-5,12288,12288
62,17,-4,126976,126976
62,17,-3,270336,270336
62,17,-2,768000,768000
62,17,-1,2816640,2816640
62,17,1,4002944,0
62,17,2,5226952,0
62,17,3,2733648,0
62,17,4,188952,0
62,17,5,40656,0
62,18,-4,49152,49152
62,18,-3,313344,313344
62,18,-2,887808,887808
62,18,-1,1129216,1129216
62,18,1,4745248,0
62,18,2,4069024,0
62,18,3,582208,0
62,18,4,478848,0
62,18,5,384,0
62,19,-4,24576,24576
62,19,-3,128000,128000
62,19,-2,232448,232448
62,19,-1,1790720,1790720
62,19,1,2160832,0
62,19,2,1680886,0
62,19,3,4369886,0
62,19,4,408748,0
62,19,5,17344,0
62,20,-2,335872,335872
62,20,-1,601856,601856
62,20,1,2254560,0
62,20,2,5959872,0
62,20,3,3263432,0
62,20,4,2929128,0
62,20,5,23472,0
62,21,-2,262144,262144
62,21,-1,2073856,2073856
62,21,1,3669584,0
62,21,2,5202450,0
62,21,3,5593546,0
62,21,4,1165268,0
62,21,5,88320,0
62,22,-3,30720,30720
62,22,-2,579584,579584
62,22,-1,1810496,1810496
62,22,1,5015984,0
62,22,2,5008634,0
62,22,3,3641078,0
62,22,4,1181700,0
62,22,5,540,0
62,23,-4,16384,16384
62,23,-3,120832,120832
62,23,-2,310336,310336
62,23,-1,919792,919792
62,23,1,2701792,0
62,23,2,6165784,0
62,23,3,4580892,0
62,23,4,1373076,0
62,23,5,96808,0
62,24,-5,6144,6144
62,24,-4,29696,29696
62,24,-3,160768,160768
62,24,-2,458752,458752
62,24,-1,1358760,1358760
62,24,1,2165624,0
62,24,2,4153588,0
62,24,3,3797380,0
62,24,4,1789424,0
62,24,5,6264,0
62,25,-5,4608,4608
62,25,-4,65536,65536
62,25,-3,179712,179712
62,25,-2,735232,735232
62,25,-1,1345200,1345200
62,25,1,3132349,0
62,25,2,2579655,0
62,25,3,2825604,0
62,25,4,668760,0
62,25,5,30448,0
62,26,-4,43008,43008
62,26,-3,189440,189440
62,26,-2,430080,430080
62,26,-1,1352512,1352512
62,26,1,1881136,0
62,26,2,2535246,0
62,26,3,1273680,0
62,26,4,548198,0
62,26,5,4236,0
62,27,-3,72192,72192
62,27,-2,331072,331072
62,27,-1,680640,680640
62,27,1,1468288,0
62,27,2,1593520,0
62,27,3,829096,0
62,27,4,195816,0
62,27,5,6720,0
62,28,-4,27648,27648
62,28,-3,46080,46080
62,28,-2,129024,129024
62,28,-1,962624,962624
62,28,1,1425376,0
62,28,2,1773184,0
62,28,3,1204346,0
62,28,4,148990,0
62,28,5,17128,0
62,29,-3,147456,147456
62,29,-2,378880,378880
62,29,-1,498176,498176
62,29,1,2111568,0
62,29,2,2299384,0
62,29,3,1162492,0
62,29,4,445184,0
62,29,5,1980,0
62,30,-4,9216,9216
62,30,-3,43008,43008
62,30,-2,291456,291456
62,30,-1,904064,904064
62,30,1,1008416,0
62,30,2,1868840,0
62,30,3,1491200,0
62,30,4,160364,0
62,30,5,23372,0
62,31,-3,27648,27648
62,31,-2,119808,119808
62,31,-1,288192,288192
62,31,1,821352,0
62,31,2,971800,0
62,31,3,503244,0
62,31,4,184176,0
62,31,5,132,0
62,32,-2,36864,36864
62,32,-1,140800,140800
62,32,1,148448,0
62,32,2,274488,0
62,32,3,187524,0
62,32,4,30308,0
62,32,5,768,0
62,33,-1,9216,9216
62,33,1,37248,0
62,33,2,33984,0
62,33,3,12564,0
62,33,4,5292,0
63,0,3,433920,0
63,0,5,614656,0
63,1,2,262144,0
63,1,3,1297920,0
63,1,4,2107392,0
63,1,5,526848,0
63,2,2,761856,0
63,2,3,1296000,0
63,2,4,4064256,0
63,2,5,169344,0
63,3,2,738304,0
63,3,3,432000,0
63,3,4,2999808,0
63,3,5,24192,0
63,4,2,238576,0
63,4,4,808704,0
63,4,5,1296,0
63,10,1,69632,0
63,10,2,87808,0
63,10,3,120016,0
63,10,4,82992,0
63,11,1,356352,0
63,11,2,650208,0
63,11,3,921860,0
63,11,4,739580,0
63,11,5,51744,0
63,12,1,776192,0
63,12,2,1933056,0
63,12,3,2997208,0
63,12,4,2800560,0
63,12,5,242040,0
63,13,-1,12288,12288
63,13,1,1092096,0
63,13,2,3270736,0
63,13,3,5671906,0
63,13,4,5798030,0
63,13,5,244032,0
63,14,-1,49152,49152
63,14,1,1283072,0
63,14,2,3852326,0
63,14,3,7970648,0
63,14,4,6497230,0
63,14,5,467124,0
63,15,-1,245760,245760
63,15,1,1597824,0
63,15,2,3966442,0
63,15,3,10534032,0
63,15,4,5417926,0
63,15,5,192576,0
63,16,-1,577536,577536
63,16,1,1995536,0
63,16,2,4719518,0
63,16,3,13102085,0
63,16,4,4492597,0
63,16,5,114712,0
63,17,-1,569344,569344
63,17,1,2315984,0
63,17,2,5548722,0
63,17,3,13338390,0
63,17,4,5549048,0
63,17,5,39792,0
63,18,-1,253952,253952
63,18,1,2155296,0
63,18,2,5631652,0
63,18,3,12142317,0
63,18,4,5298199,0
63,18,5,175928,0
63,19,-1,90112,90112
63,19,1,1321360,0
63,19,2,4478784,0
63,19,3,9719282,0
63,19,4,4233526,0
63,19,5,112648,0
63,20,-1,36864,36864
63,20,1,621360,0
63,20,2,3142836,0
63,20,3,7658588,0
63,20,4,3003708,0
63,20,5,216708,0
63,21,1,751616,0
63,21,2,2940488,0
63,21,3,6107608,0
63,21,4,2974788,0
63,21,5,267164,0
63,22,1,1398784,0
63,22,2,3436306,0
63,22,3,4989214,0
63,22,4,2822164,0
63,22,5,133052,0
63,23,-1,4096,4096
63,23,1,1838592,0
63,23,2,2810895,0
63,23,3,5165071,0
63,23,4,1629142,0
63,23,5,21004,0
63,24,-1,24576,24576
63,24,1,1456128,0
63,24,2,2117770,0
63,24,3,4004429,0
63,24,4,1043553,0
63,24,5,4296,0
63,25,-1,53248,53248
63,25,1,659968,0
63,25,2,1754934,0
63,25,3,1719545,0
63,25,4,527405,0
63,25,5,3492,0
63,26,-1,73728,73728
63,26,1,293376,0
63,26,2,985660,0
63,26,3,555423,0
63,26,4,188041,0
63,26,5,924,0
63,27,-1,102400,102400
63,27,1,531456,0
63,27,2,1058715,0
63,27,3,843184,0
63,27,4,216565,0
63,27,5,192,0
63,28,-1,98304,98304
63,28,1,809984,0
63,28,2,2398824,0
63,28,3,1325228,0
63,28,4,346020,0
63,28,5,2376,0
63,29,-1,36864,36864
63,29,1,820224,0
63,29,2,2886776,0
63,29,3,1169960,0
63,29,4,250032,0
63,29,5,13488,0
63,30,1,635904,0
63,30,2,1534224,0
63,30,3,470676,0
63,30,4,90972,0
63,30,5,20736,0
63,31,1,221184,0
63,31,2,304416,0
63,31,3,42408,0
63,31,4,21816,0
64,0,3,433920,0
64,0,5,614656,0
64,1,2,753664,0
64,1,3,430080,0
64,1,4,3010560,0
64,2,1,389120,0
64,2,2,730112,0
64,2,3,3337664,0
64,2,4,1806336,0
64,2,5,28224,0
64,3,-1,65536,65536
64,3,1,380928,0
64,3,2,829440,0
64,3,3,2209664,0
64,3,4,577024,0
64,3,5,131712,0
64,4,-1,64512,64512
64,4,2,568320,0
64,4,3,11760,0
64,4,4,403984,0
64,8,1,24576,0
64,8,2,25600,0
64,8,3,9024,0
64,8,4,6336,0
64,9,1,32256,0
64,9,2,146560,0
64,9,3,129084,0
64,9,4,16388,0
64,9,5,3392,0
64,10,1,24576,0
64,10,2,315192,0
64,10,3,365660,0
64,10,4,145092,0
64,10,5,1448,0
64,11,1,229568,0
64,11,2,450000,0
64,11,3,768278,0
64,11,4,175470,0
64,11,5,15084,0
64,12,-1,151552,151552
64,12,1,570682,0
64,12,2,900748,0
64,12,3,441906,0
64,12,4,293832,0
64,12,5,576,0
64,13,-2,73728,73728
64,13,-1,423936,423936
64,13,1,673664,0
64,13,2,636712,0
64,13,3,495720,0
64,13,4,54096,0
64,13,5,1440,0
64,14,-2,147456,147456
64,14,-1,505344,505344
64,14,1,772480,0
64,14,2,865712,0
64,14,3,227258,0
64,14,4,70422,0
64,15,-2,350208,350208
64,15,-1,905088,905088
64,15,1,2135840,0
64,15,2,2600374,0
64,15,3,1204704,0
64,15,4,242122,0
64,16,-2,36864,36864
64,16,-1,1018880,1018880
64,16,1,3669504,0
64,16,2,6281696,0
64,16,3,5386136,0
64,16,4,1398576,0
64,16,5,99672,0
64,17,-2,43008,43008
64,17,-1,272384,272384
64,17,1,5238912,0
64,17,2,10714868,0
64,17,3,9760848,0
64,17,4,3934684,0
64,17,5,149088,0
64,18,-2,6144,6144
64,18,-1,1064192,1064192
64,18,1,3605072,0
64,18,2,12132180,0
64,18,3,12813296,0
64,18,4,3587124,0
64,18,5,280888,0
64,19,-2,208896,208896
64,19,-1,1139712,1139712
64,19,1,4915880,0
64,19,2,8360176,0
64,19,3,5864496,0
64,19,4,2341830,0
64,19,5,73842,0
64,20,-3,12288,12288
64,20,-2,176128,176128
64,20,-1,1606080,1606080
64,20,1,4492116,0
64,20,2,4195171,0
64,20,3,3198273,0
64,20,4,986568,0
64,20,5,13440,0
64,21,-3,61440,61440
64,21,-2,339968,339968
64,21,-1,1949440,1949440
64,21,1,3379200,0
64,21,2,4348040,0
64,21,3,3979374,0
64,21,4,1805788,0
64,21,5,29230,0
64,22,-3,24576,24576
64,22,-2,630272,630272
64,22,-1,1156992,1156992
64,22,1,3244224,0
64,22,2,5262224,0
64,22,3,5091020,0
64,22,4,2572540,0
64,22,5,7784,0
64,23,-3,16384,16384
64,23,-2,204800,204800
64,23,-1,1615616,1615616
64,23,1,2760768,0
64,23,2,6099388,0
64,23,3,5584748,0
64,23,4,1664518,0
64,23,5,338322,0
64,24,-3,147456,147456
64,24,-2,226944,226944
64,24,-1,1162624,1162624
64,24,1,3636144,0
64,24,2,3623508,0
64,24,3,5816004,0
64,24,4,2140936,0
64,24,5,23600,0
64,25,-3,65536,65536
64,25,-2,364544,364544
64,25,-1,733760,733760
64,25,1,2295404,0
64,25,2,4206964,0
64,25,3,3690168,0
64,25,4,2002744,0
64,25,5,75760,0
64,26,-3,32768,32768
64,26,-2,186368,186368
64,26,-1,517376,517376
64,26,1,1841472,0
64,26,2,3668272,0
64,26,3,3128898,0
64,26,4,1264974,0
64,26,5,107776,0
64,27,-3,20480,20480
64,27,-2,159744,159744
64,27,-1,414336,414336
64,27,1,1757440,0
64,27,2,3087824,0
64,27,3,3314008,0
64,27,4,845872,0
64,27,5,34088,0
64,28,-3,8192,8192
64,28,-2,90112,90112
64,28,-1,448512,448512
64,28,1,1181824,0
64,28,2,2719456,0
64,28,3,2340480,0
64,28,4,532976,0
64,28,5,18480,0
64,29,-3,4096,4096
64,29,-2,20480,20480
64,29,-1,216064,216064
64,29,1,648448,0
64,29,2,1497176,0
64,29,3,1090392,0
64,29,4,182396,0
64,29,5,10964,0
64,30,-2,8192,8192
64,30,-1,16384,16384
64,30,1,241664,0
64,30,2,365760,0
64,30,3,343136,0
64,30,4,71520,0
64,30,5,1920,0
64,31,-1,4096,4096
64,31,1,4096,0
64,31,2,62976,0
64,31,3,53184,0
64,31,4,6720,0
65,0,3,433920,0
65,0,5,614656,0
65,1,2,738304,0
65,1,3,432000,0
65,1,4,2999808,0
65,1,5,24192,0
65,2,1,393216,0
65,2,2,714240,0
65,2,3,3974400,0
65,2,4,1197504,0
65,2,5,12096,0
65,3,-1,65536,65536
65,3,1,380928,0
65,3,2,893696,0
65,3,3,2648960,0
65,3,4,159264,0
65,3,5,45920,0
65,4,-1,65536,65536
65,4,2,767040,0
65,4,3,162000,0
65,4,4,53568,0
65,4,5,432,0
65,9,-2,8192,8192
65,9,1,65536,0
65,9,2,49408,0
65,9,3,2976,0
65,9,4,4960,0
65,10,-2,16384,16384
65,10,-1,49152,49152
65,10,1,145920,0
65,10,2,532992,0
65,10,3,286400,0
65,10,4,17512,0
65,10,5,216,0
65,11,-1,139264,139264
65,11,1,186368,0
65,11,2,1639648,0
65,11,3,1699280,0
65,11,4,192304,0
65,11,5,9760,0
65,12,-2,16384,16384
65,12,-1,65536,65536
65,12,1,1031716,0
65,12,2,2368404,0
65,12,3,4392936,0
65,12,4,1658064,0
65,12,5,35216,0
65,13,-2,24576,24576
65,13,-1,608256,608256
65,13,1,2058672,0
65,13,2,4443638,0
65,13,3,7040380,0
65,13,4,4239604,0
65,13,5,131562,0
65,14,-2,49152,49152
65,14,-1,1449984,1449984
65,14,1,3219712,0
65,14,2,7084856,0
65,14,3,10813608,0
65,14,4,3684136,0
65,14,5,764920,0
65,15,-3,90112,90112
65,15,-2,192512,192512
65,15,-1,1206784,1206784
65,15,1,4659472,0
65,15,2,8418708,0
65,15,3,7773032,0
65,15,4,4948728,0
65,15,5,39164,0
65,16,-3,180224,180224
65,16,-2,425984,425984
65,16,-1,965888,965888
65,16,1,4362776,0
65,16,2,5478844,0
65,16,3,6695549,0
65,16,4,1700035,0
65,16,5,48108,0
65,17,-3,73728,73728
65,17,-2,491520,491520
65,17,-1,1231872,1231872
65,17,1,2088752,0
65,17,2,4572212,0
65,17,3,3467554,0
65,17,4,446439,0
65,17,5,14227,0
65,18,-3,16384,16384
65,18,-2,348160,348160
65,18,-1,690176,690176
65,18,1,1660992,0
65,18,2,2704872,0
65,18,3,1874664,0
65,18,4,595864,0
65,18,5,38744,0
65,19,-2,147456,147456
65,19,-1,283136,283136
65,19,1,1205664,0
65,19,2,1609712,0
65,19,3,2062196,0
65,19,4,635556,0
65,19,5,216664,0
65,20,-2,8192,8192
65,20,-1,200704,200704
65,20,1,739984,0
65,20,2,1841672,0
65,20,3,1587168,0
65,20,4,1268142,0
65,20,5,23002,0
65,21,-2,4096,4096
65,21,-1,202752,202752
65,21,1,881344,0
65,21,2,2361280,0
65,21,3,3061370,0
65,21,4,888827,0
65,21,5,38667,0
65,22,-2,61440,61440
65,22,-1,188416,188416
65,22,1,2042752,0
65,22,2,2978660,0
65,22,3,5251618,0
65,22,4,1933282,0
65,22,5,257816,0
65,23,-2,53248,53248
65,23,-1,568320,568320
65,23,1,2215200,0
65,23,2,7410056,0
65,23,3,5785906,0
65,23,4,3664662,0
65,23,5,94480,0
65,24,-2,49152,49152
65,24,-1,444416,444416
65,24,1,3917664,0
65,24,2,8127000,0
65,24,3,8630754,0
65,24,4,3012360,0
65,24,5,558494,0
65,25,-1,1026048,1026048
65,25,1,3497600,0
65,25,2,7288480,0
65,25,3,7095284,0
65,25,4,3165704,0
65,25,5,45284,0
65,26,-2,77824,77824
65,26,-1,610304,610304
65,26,1,2558164,0
65,26,2,4065756,0
65,26,3,5050296,0
65,26,4,1517578,0
65,26,5,13710,0
65,27,-2,67584,67584
65,27,-1,518912,518912
65,27,1,750928,0
65,27,2,1699264,0
65,27,3,2695944,0
65,27,4,727288,0
65,27,5,28144,0
65,28,-2,172032,172032
65,28,-1,466176,466176
65,28,1,407296,0
65,28,2,832392,0
65,28,3,648040,0
65,28,4,223444,0
65,28,5,3132,0
65,29,-2,129024,129024
65,29,-1,263424,263424
65,29,1,810624,0
65,29,2,196272,0
65,29,3,173520,0
65,30,-1,184320,184320
65,30,1,239148,0
65,30,2,117900,0
65,30,3,43272,0
65,30,4,5184,0
66,0,3,433920,0
66,0,5,614656,0
66,1,2,738304,0
66,1,3,432000,0
66,1,4,2999808,0
66,1,5,24192,0
66,2,1,393216,0
66,2,2,714240,0
66,2,3,3974400,0
66,2,4,1197504,0
66,2,5,12096,0
66,3,-1,65536,65536
66,3,1,380928,0
66,3,2,893696,0
66,3,3,2648960,0
66,3,4,159264,0
66,3,5,45920,0
66,4,-1,65536,65536
66,4,2,767040,0
66,4,3,162000,0
66,4,4,53568,0
66,4,5,432,0
66,10,-3,4096,4096
66,10,-2,3712,3712
66,10,-1,53760,53760
66,10,1,3408,0
66,10,2,200,0
66,10,3,360,0
66,11,-4,2048,2048
66,11,-3,20480,20480
66,11,-2,40064,40064
66,11,-1,299592,299592
66,11,1,83920,0
66,11,2,87476,0
66,11,3,56244,0
66,12,-4,10240,10240
66,12,-3,11904,11904
66,12,-2,165888,165888
66,12,-1,246016,246016
66,12,1,869820,0
66,12,2,453192,0
66,12,3,341498,0
66,12,4,129666,0
66,13,-4,4096,4096
66,13,-3,12288,12288
66,13,-2,135104,135104
66,13,-1,674688,674688
66,13,1,997898,0
66,13,2,2029457,0
66,13,3,870381,0
66,13,4,417372,0
66,13,5,36060,0
66,14,-3,12288,12288
66,14,-2,183744,183744
66,14,-1,533856,533856
66,14,1,1965856,0
66,14,2,1799685,0
66,14,3,2749417,0
66,14,4,813458,0
66,14,5,68160,0
66,15,-3,24576,24576
66,15,-2,165312,165312
66,15,-1,523008,523008
66,15,1,1367304,0
66,15,2,3686512,0
66,15,3,3617769,0
66,15,4,1505311,0
66,15,5,54720,0
66,16,-3,12288,12288
66,16,-2,49152,49152
66,16,-1,402944,402944
66,16,1,1396583,0
66,16,2,5084683,0
66,16,3,5828570,0
66,16,4,2558730,0
66,16,5,133546,0
66,17,-2,208896,208896
66,17,-1,483328,483328
66,17,1,3114624,0
66,17,2,5867836,0
66,17,3,7084008,0
66,17,4,2695132,0
66,17,5,10368,0
66,18,-3,24576,24576
66,18,-2,65536,65536
66,18,-1,1661440,1661440
66,18,1,5021632,0
66,18,2,7794880,0
66,18,3,6993432,0
66,18,4,1965928,0
66,19,-3,49152,49152
66,19,-2,430080,430080
66,19,-1,1459712,1459712
66,19,1,5887680,0
66,19,2,10174544,0
66,19,3,4678956,0
66,19,4,2381508,0
66,19,5,71424,0
66,20,-3,24576,24576
66,20,-2,344064,344064
66,20,-1,1020928,1020928
66,20,1,5300416,0
66,20,2,4642324,0
66,20,3,3800946,0
66,20,4,908698,0
66,20,5,145440,0
66,21,-4,36864,36864
66,21,-3,36864,36864
66,21,-2,763904,763904
66,21,-1,1640704,1640704
66,21,1,3430596,0
66,21,2,4091892,0
66,21,3,2963584,0
66,21,4,787800,0
66,21,5,43120,0
66,22,-4,12288,12288
66,22,-3,12288,12288
66,22,-2,338944,338944
66,22,-1,1488512,1488512
66,22,1,3587008,0
66,22,2,6458784,0
66,22,3,4337410,0
66,22,4,2146472,0
66,22,5,66678,0
66,23,-3,25088,25088
66,23,-2,345088,345088
66,23,-1,1483776,1483776
66,23,1,4880256,0
66,23,2,6539960,0
66,23,3,8200104,0
66,23,4,2545144,0
66,23,5,196136,0
66,24,-3,162816,162816
66,24,-2,520192,520192
66,24,-1,1951104,1951104
66,24,1,4809920,0
66,24,2,8671168,0
66,24,3,5601170,0
66,24,4,3879606,0
66,24,5,61368,0
66,25,-3,135680,135680
66,25,-2,618496,618496
66,25,-1,2273664,2273664
66,25,1,4373984,0
66,25,2,6024276,0
66,25,3,6913444,0
66,25,4,1069086,0
66,25,5,185482,0
66,26,-3,63488,63488
66,26,-2,464384,464384
66,26,-1,1358464,1358464
66,26,1,3213600,0
66,26,2,4712480,0
66,26,3,3094693,0
66,26,4,749873,0
66,26,5,7274,0
66,27,-3,4096,4096
66,27,-2,210944,210944
66,27,-1,790080,790080
66,27,1,1813664,0
66,27,2,1984204,0
66,27,3,951188,0
66,27,4,78528,0
66,28,-3,8192,8192
66,28,-2,61440,61440
66,28,-1,317184,317184
66,28,1,548768,0
66,28,2,421408,0
66,28,3,43600,0
66,28,4,8432,0
66,29,-3,4096,4096
66,29,-2,20480,20480
66,29,-1,57344,57344
66,29,1,43328,0
66,29,2,3744,0
66,29,3,2080,0
67,0,3,433920,0
67,0,5,614656,0
67,1,2,753664,0
67,1,3,430080,0
67,1,4,3010560,0
67,2,1,389120,0
67,2,2,730112,0
67,2,3,3337664,0
67,2,4,1806336,0
67,2,5,28224,0
67,3,-1,65536,65536
67,3,1,380928,0
67,3,2,829440,0
67,3,3,2209664,0
67,3,4,577024,0
67,3,5,131712,0
67,4,-1,64512,64512
67,4,2,568320,0
67,4,3,11760,0
67,4,4,403984,0
67,5,-1,16384,16384
67,5,1,93184,0
67,5,2,9216,0
67,5,3,143360,0
67,6,-2,8192,8192
67,6,-1,65280,65280
67,6,1,207360,0
67,6,2,703872,0
67,6,3,481936,0
67,6,4,106224,0
67,7,-2,8192,8192
67,7,-1,114944,114944
67,7,1,658544,0
67,7,2,1556840,0
67,7,3,1162600,0
67,7,4,160832,0
67,7,5,8064,0
67,8,-2,24576,24576
67,8,-1,252928,252928
67,8,1,1312256,0
67,8,2,1862692,0
67,8,3,780788,0
67,8,4,218536,0
67,8,5,4672,0
67,9,-3,16384,16384
67,9,-2,73728,73728
67,9,-1,557056,557056
67,9,1,1070592,0
67,9,2,1139972,0
67,9,3,494062,0
67,9,4,54182,0
67,9,5,1896,0
67,10,-4,4096,4096
67,10,-3,32768,32768
67,10,-2,126976,126976
67,10,-1,484864,484864
67,10,1,808096,0
67,10,2,526664,0
67,10,3,99902,0
67,10,4,13786,0
67,11,-4,8192,8192
67,11,-3,16384,16384
67,11,-2,149248,149248
67,11,-1,439904,439904
67,11,1,414028,0
67,11,2,287744,0
67,11,3,26300,0
67,11,4,1688,0
67,12,-4,4096,4096
67,12,-3,4096,4096
67,12,-2,120192,120192
67,12,-1,346496,346496
67,12,1,564462,0
67,12,2,318540,0
67,12,3,933798,0
67,12,4,2044,0
67,12,5,36,0
67,13,-3,8192,8192
67,13,-2,8192,8192
67,13,-1,277504,277504
67,13,1,1110016,0
67,13,2,1458616,0
67,13,3,1849741,0
67,13,4,1054379,0
67,13,5,528,0
67,14,-5,2048,2048
67,14,-3,20480,20480
67,14,-2,33024,33024
67,14,-1,175872,175872
67,14,1,1386000,0
67,14,2,3176176,0
67,14,3,3470920,0
67,14,4,1264094,0
67,14,5,39642,0
67,15,-5,4096,4096
67,15,-4,4096,4096
67,15,-3,44544,44544
67,15,-2,142208,142208
67,15,-1,858544,858544
67,15,1,1984144,0
67,15,2,4291695,0
67,15,3,2928515,0
67,15,4,941022,0
67,15,5,40560,0
67,16,-4,8192,8192
67,16,-3,56704,56704
67,16,-2,359624,359624
67,16,-1,1326872,1326872
67,16,1,2525544,0
67,16,2,2331848,0
67,16,3,2935270,0
67,16,4,469740,0
67,16,5,78750,0
67,17,-5,2048,2048
67,17,-4,8192,8192
67,17,-3,133888,133888
67,17,-2,344512,344512
67,17,-1,1054416,1054416
67,17,1,1451120,0
67,17,2,2657490,0
67,17,3,2821878,0
67,17,4,1752168,0
67,17,5,30672,0
67,18,-4,20480,20480
67,18,-3,51200,51200
67,18,-2,295936,295936
67,18,-1,546752,546752
67,18,1,1393120,0
67,18,2,3647808,0
67,18,3,3062940,0
67,18,4,703362,0
67,18,5,43266,0
67,19,-4,8192,8192
67,19,-3,10752,10752
67,19,-2,164864,164864
67,19,-1,409792,409792
67,19,1,1671184,0
67,19,2,2902376,0
67,19,3,3692185,0
67,19,4,1523631,0
67,19,5,37248,0
67,20,-3,8192,8192
67,20,-2,217088,217088
67,20,-1,581312,581312
67,20,1,1751168,0
67,20,2,4485176,0
67,20,3,7765614,0
67,20,4,3352090,0
67,20,5,91136,0
67,21,-3,40960,40960
67,21,-2,380928,380928
67,21,-1,1534048,1534048
67,21,1,2879920,0
67,21,2,7131176,0
67,21,3,11040596,0
67,21,4,3190532,0
67,21,5,180080,0
67,22,-2,495872,495872
67,22,-1,2201536,2201536
67,22,1,5572240,0
67,22,2,10820484,0
67,22,3,7186044,0
67,22,4,2994569,0
67,22,5,89383,0
67,23,-4,24576,24576
67,23,-3,208896,208896
67,23,-2,439552,439552
67,23,-1,2743648,2743648
67,23,1,7862504,0
67,23,2,8283144,0
67,23,3,7119248,0
67,23,4,1846628,0
67,23,5,45500,0
67,24,-4,49152,49152
67,24,-3,245760,245760
67,24,-2,1198080,1198080
67,24,-1,3209536,3209536
67,24,1,5665160,0
67,24,2,8294688,0
67,24,3,5365936,0
67,24,4,2421802,0
67,24,5,26430,0
67,25,-4,61440,61440
67,25,-3,273408,273408
67,25,-2,921600,921600
67,25,-1,2473984,2473984
67,25,1,4331856,0
67,25,2,4219640,0
67,25,3,6088938,0
67,25,4,2274942,0
67,25,5,129104,0
67,26,-4,110592,110592
67,26,-3,365568,365568
67,26,-2,635904,635904
67,26,-1,1310720,1310720
67,26,1,1713680,0
67,26,2,2455636,0
67,26,3,2639496,0
67,26,4,1902484,0
67,26,5,72576,0
67,27,-3,221184,221184
67,27,-2,755712,755712
67,27,-1,525120,525120
67,27,1,615408,0
67,27,2,638928,0
67,27,3,643968,0
67,27,4,335232,0
67,28,-3,36864,36864
67,28,-2,140544,140544
67,28,-1,298464,298464
67,28,1,169794,0
67,28,2,29502,0
67,28,3,12960,0
68,0,3,433920,0
68,0,5,614656,0
68,1,2,507904,0
68,1,3,864000,0
68,1,4,2709504,0
68,1,5,112896,0
68,2,1,131072,0
68,2,2,954304,0
68,2,3,1614848,0
68,2,4,3498240,0
68,2,5,92992,0
68,3,1,262144,0
68,3,2,476160,0
68,3,3,2649600,0
68,3,4,798336,0
68,3,5,8064,0
68,4,1,126976,0
68,4,3,871424,0
68,4,4,47040,0
68,4,5,3136,0
68,7,1,245760,0
68,7,2,109824,0
68,7,3,15120,0
68,7,4,22512,0
68,8,1,372224,0
68,8,2,732336,0
68,8,3,120976,0
68,8,4,75584,0
68,8,5,9600,0
68,9,-1,442368,442368
68,9,1,330752,0
68,9,2,1185536,0
68,9,3,333024,0
68,9,4,50608,0
68,9,5,17008,0
68,10,-1,606208,606208
68,10,1,1135104,0
68,10,2,1901472,0
68,10,3,819232,0
68,10,4,256576,0
68,11,-1,180224,180224
68,11,1,1851392,0
68,11,2,464640,0
68,11,3,1933632,0
68,11,4,419776,0
68,12,-1,70656,70656
68,12,1,495360,0
68,12,2,1653344,0
68,12,3,1116228,0
68,12,4,824744,0
68,12,5,33972,0
68,13,-1,237568,237568
68,13,1,934560,0
68,13,2,2187552,0
68,13,3,1717844,0
68,13,4,633116,0
68,13,5,56528,0
68,14,-1,204288,204288
68,14,1,1907840,0
68,14,2,3338048,0
68,14,3,1163824,0
68,14,4,516952,0
68,14,5,12472,0
68,15,-2,147456,147456
68,15,-1,484608,484608
68,15,1,2240288,0
68,15,2,3209824,0
68,15,3,1326716,0
68,15,4,256780,0
68,15,5,2040,0
68,16,-2,589824,589824
68,16,-1,1097728,1097728
68,16,1,2052576,0
68,16,2,3503836,0
68,16,3,1927112,0
68,16,4,548900,0
68,16,5,12120,0
68,17,-2,801792,801792
68,17,-1,1099264,1099264
68,17,1,2521664,0
68,17,2,5353200,0
68,17,3,4135270,0
68,17,4,2426576,0
68,17,5,79002,0
68,18,-2,635904,635904
68,18,-1,1215232,1215232
68,18,1,2926208,0
68,18,2,6935256,0
68,18,3,7957242,0
68,18,4,3917360,0
68,18,5,169598,0
68,19,-2,494592,494592
68,19,-1,1288192,1288192
68,19,1,4147800,0
68,19,2,7933846,0
68,19,3,8900072,0
68,19,4,3850260,0
68,19,5,812054,0
68,20,-3,12288,12288
68,20,-2,263168,263168
68,20,-1,1339904,1339904
68,20,1,4759424,0
68,20,2,8153056,0
68,20,3,7070448,0
68,20,4,3027998,0
68,20,5,113554,0
68,21,-4,6144,6144
68,21,-3,38912,38912
68,21,-2,198656,198656
68,21,-1,1387200,1387200
68,21,1,4586200,0
68,21,2,6129074,0
68,21,3,5137490,0
68,21,4,1846052,0
68,21,5,36160,0
68,22,-4,18432,18432
68,22,-3,43008,43008
68,22,-2,325632,325632
68,22,-1,1672256,1672256
68,22,1,3720352,0
68,22,2,5610336,0
68,22,3,5580388,0
68,22,4,1534708,0
68,22,5,8808,0
68,23,-4,18432,18432
68,23,-3,18432,18432
68,23,-2,229376,229376
68,23,-1,2053120,2053120
68,23,1,2902336,0
68,23,2,6939712,0
68,23,3,6007436,0
68,23,4,1479304,0
68,23,5,176492,0
68,24,-4,6144,6144
68,24,-3,2048,2048
68,24,-2,57344,57344
68,24,-1,1943744,1943744
68,24,1,4352832,0
68,24,2,5337176,0
68,24,3,3894464,0
68,24,4,1483028,0
68,24,5,28116,0
68,25,-2,4096,4096
68,25,-1,1205760,1205760
68,25,1,4850976,0
68,25,2,2835256,0
68,25,3,2485092,0
68,25,4,1069732,0
68,25,5,928,0
68,26,-2,16384,16384
68,26,-1,490368,490368
68,26,1,3246464,0
68,26,2,3487840,0
68,26,3,1582080,0
68,26,4,1073984,0
68,26,5,129888,0
68,27,-2,24576,24576
68,27,-1,178176,178176
68,27,1,1612528,0
68,27,2,3115746,0
68,27,3,2104950,0
68,27,4,817688,0
68,27,5,10656,0
68,28,-2,16384,16384
68,28,-1,90624,90624
68,28,1,636928,0
68,28,2,1513238,0
68,28,3,1419906,0
68,28,4,701964,0
68,28,5,11868,0
68,29,-2,4096,4096
68,29,-1,36864,36864
68,29,1,131200,0
68,29,2,500128,0
68,29,3,626984,0
68,29,4,141908,0
68,29,5,612,0
68,30,-1,9216,9216
68,30,1,3072,0
68,30,2,86400,0
68,30,3,92670,0
68,30,4,4116,0
68,30,5,1134,0
69,0,3,433920,0
69,0,5,614656,0
69,1,2,738304,0
69,1,3,432000,0
69,1,4,2999808,0
69,1,5,24192,0
69,2,1,393216,0
69,2,2,714240,0
69,2,3,3974400,0
69,2,4,1197504,0
69,2,5,12096,0
69,3,-1,65536,65536
69,3,1,380928,0
69,3,2,893696,0
69,3,3,2648960,0
69,3,4,159264,0
69,3,5,45920,0
69,4,-1,65536,65536
69,4,2,767040,0
69,4,3,162000,0
69,4,4,53568,0
69,4,5,432,0
69,8,2,15616,0
69,8,3,48772,0
69,8,4,832,0
69,8,5,316,0
69,9,1,8192,0
69,9,2,190208,0
69,9,3,235080,0
69,9,4,90592,0
69,9,5,216,0
69,10,-1,16384,16384
69,10,1,48512,0
69,10,2,497744,0
69,10,3,860078,0
69,10,4,343458,0
69,10,5,3296,0
69,11,-2,6144,6144
69,11,-1,111872,111872
69,11,1,172384,0
69,11,2,897809,0
69,11,3,1617033,0
69,11,4,631280,0
69,11,5,36886,0
69,12,-2,37888,37888
69,12,-1,295296,295296
69,12,1,770580,0
69,12,2,1347932,0
69,12,3,1452912,0
69,12,4,966578,0
69,12,5,44014,0
69,13,-2,47104,47104
69,13,-1,577280,577280
69,13,1,1414808,0
69,13,2,1562060,0
69,13,3,1851682,0
69,13,4,802816,0
69,13,5,35706,0
69,14,-3,24576,24576
69,14,-2,103424,103424
69,14,-1,404608,404608
69,14,1,1714014,0
69,14,2,1947478,0
69,14,3,2463282,0
69,14,4,1182454,0
69,14,5,155556,0
69,15,-3,57344,57344
69,15,-2,198656,198656
69,15,-1,312576,312576
69,15,1,1223448,0
69,15,2,2662968,0
69,15,3,2977872,0
69,15,4,1386656,0
69,15,5,27840,0
69,16,-3,40960,40960
69,16,-2,167936,167936
69,16,-1,394496,394496
69,16,1,1727216,0
69,16,2,3123096,0
69,16,3,3219114,0
69,16,4,928330,0
69,16,5,32644,0
69,17,-3,3072,3072
69,17,-2,266240,266240
69,17,-1,567296,567296
69,17,1,2396704,0
69,17,2,4474404,0
69,17,3,2029380,0
69,17,4,1731704,0
69,18,-3,8192,8192
69,18,-2,59392,59392
69,18,-1,1508352,1508352
69,18,1,3714176,0
69,18,2,5158072,0
69,18,3,5116632,0
69,18,4,416912,0
69,18,5,74592,0
69,19,-3,9216,9216
69,19,-2,110592,110592
69,19,-1,1388544,1388544
69,19,1,3434112,0
69,19,2,10574016,0
69,19,3,5649424,0
69,19,4,2020880,0
69,19,5,12960,0
69,20,-1,163840,163840
69,20,1,6968064,0
69,20,2,8317144,0
69,20,3,8032432,0
69,20,4,3027260,0
69,20,5,164412,0
69,21,-2,16384,16384
69,21,-1,57344,57344
69,21,1,2950144,0
69,21,2,7862736,0
69,21,3,10503516,0
69,21,4,4082460,0
69,21,5,283064,0
69,22,-2,32768,32768
69,22,-1,172032,172032
69,22,1,1236608,0
69,22,2,6648160,0
69,22,3,6732836,0
69,22,4,6793918,0
69,22,5,43326,0
69,23,-2,16384,16384
69,23,-1,405504,405504
69,23,1,1588480,0
69,23,2,3691968,0
69,23,3,8759604,0
69,23,4,2402144,0
69,23,5,273580,0
69,24,-2,40960,40960
69,24,-1,624640,624640
69,24,1,1434752,0
69,24,2,5650370,0
69,24,3,5586327,0
69,24,4,4209896,0
69,24,5,115007,0
69,25,-2,20480,20480
69,25,-1,346880,346880
69,25,1,2661760,0
69,25,2,5113788,0
69,25,3,7825235,0
69,25,4,3293595,0
69,25,5,104150,0
69,26,-2,30720,30720
69,26,-1,406784,406784
69,26,1,2510944,0
69,26,2,5731651,0
69,26,3,5356795,0
69,26,4,1951466,0
69,26,5,35192,0
69,27,-3,4096,4096
69,27,-2,71680,71680
69,27,-1,570880,570880
69,27,1,1899404,0
69,27,2,3238087,0
69,27,3,2755245,0
69,27,4,496344,0
69,27,5,41000,0
69,28,-3,9216,9216
69,28,-2,80896,80896
69,28,-1,377344,377344
69,28,1,829632,0
69,28,2,1218466,0
69,28,3,694314,0
69,28,4,98356,0
69,28,5,1344,0
69,29,-3,6144,6144
69,29,-2,34816,34816
69,29,-1,118784,118784
69,29,1,211840,0
69,29,2,261504,0
69,29,3,40104,0
69,29,4,14720,0
69,29,5,216,0
69,30,-3,1024,1024
69,30,-2,3072,3072
69,30,-1,19456,19456
69,30,1,34816,0
69,30,2,3584,0
69,30,3,2996,0
69,30,4,588,0
70,0,3,433920,0
70,0,5,614656,0
70,1,2,262144,0
70,1,3,1297920,0
70,1,4,2107392,0
70,1,5,526848,0
70,2,2,761856,0
70,2,3,1296000,0
70,2,4,4064256,0
70,2,5,169344,0
70,3,2,738304,0
70,3,3,432000,0
70,3,4,2999808,0
70,3,5,24192,0
70,4,2,238576,0
70,4,4,808704,0
70,4,5,1296,0
70,7,-1,6144,6144
70,7,2,12288,0
70,7,3,13616,0
70,7,4,720,0
70,8,-1,36864,36864
70,8,2,95488,0
70,8,3,61304,0
70,8,4,2896,0
70,8,5,56,0
70,9,-1,86016,86016
70,9,1,20096,0
70,9,2,266368,0
70,9,3,149720,0
70,9,4,34280,0
70,9,5,576,0
70,10,-1,104448,104448
70,10,1,85376,0
70,10,2,579136,0
70,10,3,497090,0
70,10,4,265190,0
70,10,5,8856,0
70,11,-1,79872,79872
70,11,1,190384,0
70,11,2,1367808,0
70,11,3,1009654,0
70,11,4,405368,0
70,11,5,59874,0
70,12,-1,49152,49152
70,12,1,760976,0
70,12,2,1920136,0
70,12,3,1666639,0
70,12,4,638841,0
70,12,5,43296,0
70,13,-1,24576,24576
70,13,1,1415264,0
70,13,2,2586060,0
70,13,3,2816786,0
70,13,4,1285530,0
70,13,5,96552,0
70,14,-1,14336,14336
70,14,1,1606400,0
70,14,2,3174724,0
70,14,3,3093004,0
70,14,4,1892232,0
70,14,5,148008,0
70,15,-1,49152,49152
70,15,1,1230592,0
70,15,2,2351470,0
70,15,3,2259650,0
70,15,4,1595632,0
70,15,5,115680,0
70,16,-1,122880,122880
70,16,1,686608,0
70,16,2,1513504,0
70,16,3,2171069,0
70,16,4,798179,0
70,16,5,48944,0
70,17,-1,163840,163840
70,17,1,795648,0
70,17,2,1623416,0
70,17,3,2688996,0
70,17,4,748848,0
70,17,5,8564,0
70,18,-1,122880,122880
70,18,1,1116672,0
70,18,2,2137264,0
70,18,3,4777970,0
70,18,4,1395934,0
70,18,5,17536,0
70,19,-1,49152,49152
70,19,1,1575936,0
70,19,2,3101616,0
70,19,3,9597864,0
70,19,4,4102920,0
70,19,5,53664,0
70,20,-1,8192,8192
70,20,1,2711296,0
70,20,2,5435544,0
70,20,3,13961104,0
70,20,4,8775892,0
70,20,5,172036,0
70,21,1,4547584,0
70,21,2,7334128,0
70,21,3,15911044,0
70,21,4,9142060,0
70,21,5,158560,0
70,22,1,5372416,0
70,22,2,6747024,0
70,22,3,14598406,0
70,22,4,5899570,0
70,22,5,379960,0
70,23,-1,4608,4608
70,23,1,4340736,0
70,23,2,5825880,0
70,23,3,10524384,0
70,23,4,4964012,0
70,23,5,292636,0
70,24,-1,32256,32256
70,24,1,2992128,0
70,24,2,4111968,0
70,24,3,6786332,0
70,24,4,4155012,0
70,24,5,75776,0
70,25,-1,82432,82432
70,25,1,1291264,0
70,25,2,2472736,0
70,25,3,3969786,0
70,25,4,2583158,0
70,25,5,119152,0
70,26,-1,107520,107520
70,26,1,313024,0
70,26,2,1559008,0
70,26,3,3545862,0
70,26,4,1362954,0
70,26,5,91216,0
70,27,-1,112128,112128
70,27,1,325568,0
70,27,2,1795808,0
70,27,3,3016946,0
70,27,4,762666,0
70,27,5,16196,0
70,28,-1,114176,114176
70,28,1,271680,0
70,28,2,1926560,0
70,28,3,1749082,0
70,28,4,370798,0
70,28,5,24152,0
70,29,-1,75264,75264
70,29,1,105024,0
70,29,2,1243936,0
70,29,3,573852,0
70,29,4,119408,0
70,29,5,12436,0
70,30,-1,24576,24576
70,30,1,8192,0
70,30,2,405504,0
70,30,3,59648,0
70,30,4,24280,0
70,30,5,2088,0
70,31,-1,4096,4096
70,31,2,56896,0
70,31,3,1664,0
70,31,4,2772,0
70,31,5,108,0
71,0,3,433920,0
71,0,5,614656,0
71,1,2,499712,0
71,1,3,865920,0
71,1,4,2659328,0
71,1,5,169344,0
71,2,1,131072,0
71,2,2,954304,0
71,2,3,1737600,0
71,2,4,3398784,0
71,2,5,69696,0
71,3,1,256000,0
71,3,2,469472,0
71,3,3,2257152,0
71,3,4,1189216,0
71,3,5,22464,0
71,4,1,123136,0
71,4,3,823296,0
71,4,4,79968,0
71,4,5,22176,0
71,8,1,28672,0
71,8,2,8192,0
71,8,3,132168,0
71,8,4,27540,0
71,8,5,36,0
71,9,1,98304,0
71,9,2,187264,0
71,9,3,778252,0
71,9,4,342980,0
71,9,5,34992,0
71,10,1,173056,0
71,10,2,647552,0
71,10,3,1726896,0
71,10,4,1836666,0
71,10,5,6742,0
71,11,1,290816,0
71,11,2,1272768,0
71,11,3,3244576,0
71,11,4,3059748,0
71,11,5,193020,0
71,12,1,413184,0
71,12,2,2107412,0
71,12,3,4936904,0
71,12,4,3482822,0
71,12,5,397406,0
71,13,-1,12288,12288
71,13,1,614640,0
71,13,2,2332696,0
71,13,3,5976620,0
71,13,4,4645056,0
71,13,5,115724,0
71,14,-1,49152,49152
71,14,1,767680,0
71,14,2,2739248,0
71,14,3,5096584,0
71,14,4,5037232,0
71,14,5,531416,0
71,15,-1,110592,110592
71,15,1,1131648,0
71,15,2,2991048,0
71,15,3,4771528,0
71,15,4,3787828,0
71,15,5,117948,0
71,16,-1,135168,135168
71,16,1,1173152,0
71,16,2,3194932,0
71,16,3,3032190,0
71,16,4,2845734,0
71,16,5,235656,0
71,17,-1,73728,73728
71,17,1,1010560,0
71,17,2,2967080,0
71,17,3,2976692,0
71,17,4,1739800,0
71,17,5,79500,0
71,18,-1,12288,12288
71,18,1,1022112,0
71,18,2,3448160,0
71,18,3,3662768,0
71,18,4,2110352,0
71,18,5,164544,0
71,19,1,1043792,0
71,19,2,4427752,0
71,19,3,6102588,0
71,19,4,4253596,0
71,19,5,163056,0
71,20,-1,8192,8192
71,20,1,532256,0
71,20,2,4215164,0
71,20,3,7711966,0
71,20,4,6603038,0
71,20,5,524648,0
71,21,-1,40960,40960
71,21,1,346608,0
71,21,2,2496224,0
71,21,3,6970040,0
71,21,4,6441852,0
71,21,5,448764,0
71,22,-1,57344,57344
71,22,1,288960,0
71,22,2,2378808,0
71,22,3,6298166,0
71,22,4,2845394,0
71,22,5,91648,0
71,23,-1,24576,24576
71,23,1,473664,0
71,23,2,2710608,0
71,23,3,3666528,0
71,23,4,1300030,0
71,23,5,49362,0
71,24,1,784128,0
71,24,2,1447008,0
71,24,3,2541348,0
71,24,4,1770364,0
71,24,5,43520,0
71,25,1,413952,0
71,25,2,1853664,0
71,25,3,5810721,0
71,25,4,2262559,0
71,25,5,177632,0
71,26,1,920352,0
71,26,2,2789056,0
71,26,3,8855382,0
71,26,4,3928982,0
71,26,5,54068,0
71,27,1,2124800,0
71,27,2,3257832,0
71,27,3,5464630,0
71,27,4,6158614,0
71,27,5,66252,0
71,28,1,2628672,0
71,28,2,4036256,0
71,28,3,2959350,0
71,28,4,2736466,0
71,28,5,25560,0
71,29,1,1085440,0
71,29,2,4444400,0
71,29,3,1266672,0
71,29,4,812732,0
71,29,5,25700,0
71,30,1,73216,0
71,30,2,2608122,0
71,30,3,1159310,0
71,30,4,608763,0
71,30,5,39805,0
71,31,1,41984,0
71,31,2,731916,0
71,31,3,1496439,0
71,31,4,624499,0
71,31,5,21514,0
71,32,-2,1536,1536
71,32,-1,1024,1024
71,32,1,95616,0
71,32,2,426718,0
71,32,3,1102611,0
71,32,4,783049,0
71,32,5,47046,0
71,33,-2,7680,7680
71,33,-1,5120,5120
71,33,1,146560,0
71,33,2,386460,0
71,33,3,581880,0
71,33,4,524124,0
71,33,5,19344,0
71,34,-2,10752,10752
71,34,-1,7168,7168
71,34,1,100400,0
71,34,2,208416,0
71,34,3,167852,0
71,34,4,126708,0
71,34,5,1296,0
71,35,-2,4608,4608
71,35,-1,3072,3072
71,35,1,26640,0
71,35,2,40380,0
71,35,3,16692,0
71,35,4,6912,0
72,0,3,433920,0
72,0,5,614656,0
72,1,2,499712,0
72,1,3,865920,0
72,1,4,2659328,0
72,1,5,169344,0
72,2,1,131072,0
72,2,2,954304,0
72,2,3,1737600,0
72,2,4,3398784,0
72,2,5,69696,0
72,3,1,256000,0
72,3,2,469472,0
72,3,3,2257152,0
72,3,4,1189216,0
72,3,5,22464,0
72,4,1,123136,0
72,4,3,823296,0
72,4,4,79968,0
72,4,5,22176,0
72,10,-2,27136,27136
72,10,-1,18016,18016
72,10,1,16880,0
72,10,2,28080,0
72,10,3,45344,0
72,10,4,58772,0
72,10,5,2380,0
72,11,-3,12288,12288
72,11,-2,115760,115760
72,11,-1,148808,148808
72,11,1,150648,0
72,11,2,174472,0
72,11,3,225398,0
72,11,4,265090,0
72,11,5,21648,0
72,12,-3,49152,49152
72,12,-2,220928,220928
72,12,-1,498848,498848
72,12,1,560434,0
72,12,2,1010092,0
72,12,3,743672,0
72,12,4,410186,0
72,12,5,45632,0
72,13,-3,73728,73728
72,13,-2,437376,437376
72,13,-1,858208,858208
72,13,1,2089722,0
72,13,2,2418584,0
72,13,3,1645506,0
72,13,4,542726,0
72,13,5,27846,0
72,14,-3,49152,49152
72,14,-2,736256,736256
72,14,-1,1215872,1215872
72,14,1,3797396,0
72,14,2,3531746,0
72,14,3,1994954,0
72,14,4,973238,0
72,14,5,22154,0
72,15,-4,73728,73728
72,15,-3,20480,20480
72,15,-2,782336,782336
72,15,-1,1639264,1639264
72,15,1,3349554,0
72,15,2,3539805,0
72,15,3,2608377,0
72,15,4,1349827,0
72,15,5,169813,0
72,16,-4,221184,221184
72,16,-3,8192,8192
72,16,-2,662544,662544
72,16,-1,1705856,1705856
72,16,1,2346944,0
72,16,2,3243248,0
72,16,3,4403738,0
72,16,4,2178838,0
72,16,5,138896,0
72,17,-4,221184,221184
72,17,-3,20736,20736
72,17,-2,500480,500480
72,17,-1,1338112,1338112
72,17,1,2426592,0
72,17,2,4520120,0
72,17,3,6607996,0
72,17,4,2253114,0
72,17,5,35762,0
72,18,-4,73728,73728
72,18,-3,20736,20736
72,18,-2,256064,256064
72,18,-1,898240,898240
72,18,1,3249696,0
72,18,2,6146736,0
72,18,3,8501432,0
72,18,4,1911260,0
72,18,5,77468,0
72,19,-2,90112,90112
72,19,-1,523264,523264
72,19,1,2802752,0
72,19,2,9253340,0
72,19,3,8148096,0
72,19,4,4066640,0
72,19,5,379924,0
72,20,-2,126976,126976
72,20,-1,604800,604800
72,20,1,2381144,0
72,20,2,6636184,0
72,20,3,11567860,0
72,20,4,4197060,0
72,20,5,405464,0
72,21,-3,8192,8192
72,21,-2,279808,279808
72,21,-1,462720,462720
72,21,1,2660672,0
72,21,2,5790544,0
72,21,3,7432380,0
72,21,4,4180564,0
72,21,5,91104,0
72,22,-3,43648,43648
72,22,-2,296192,296192
72,22,-1,434944,434944
72,22,1,2387552,0
72,22,2,6343560,0
72,22,3,4666260,0
72,22,4,1666898,0
72,22,5,118962,0
72,23,-3,60672,60672
72,23,-2,207360,207360
72,23,-1,669056,669056
72,23,1,3010320,0
72,23,2,3900740,0
72,23,3,2524136,0
72,23,4,1007860,0
72,23,5,88656,0
72,24,-3,23552,23552
72,24,-2,209152,209152
72,24,-1,596096,596096
72,24,1,2369856,0
72,24,2,1492214,0
72,24,3,1256340,0
72,24,4,409782,0
72,25,-3,33408,33408
72,25,-2,66304,66304
72,25,-1,462336,462336
72,25,1,1300624,0
72,25,2,1353702,0
72,25,3,792820,0
72,25,4,181270,0
72,25,5,3840,0
72,26,-3,6144,6144
72,26,-2,70656,70656
72,26,-1,225024,225024
72,26,1,1102588,0
72,26,2,1934560,0
72,26,3,1634012,0
72,26,4,532072,0
72,26,5,65504,0
72,27,-3,3072,3072
72,27,-2,9216,9216
72,27,-1,110080,110080
72,27,1,951730,0
72,27,2,2730398,0
72,27,3,3008772,0
72,27,4,1231752,0
72,27,5,15908,0
72,28,-1,71680,71680
72,28,1,1594752,0
72,28,2,3300000,0
72,28,3,3999768,0
72,28,4,974148,0
72,28,5,21124,0
72,29,-1,301056,301056
72,29,1,3775616,0
72,29,2,4098960,0
72,29,3,3000094,0
72,29,4,452742,0
72,29,5,36940,0
72,30,-1,403456,403456
72,30,1,4309376,0
72,30,2,3418560,0
72,30,3,1430808,0
72,30,4,391800,0
72,30,5,7472,0
72,31,-1,169984,169984
72,31,1,1743360,0
72,31,2,1255680,0
72,31,3,277458,0
72,31,4,157998,0
73,0,3,433920,0
73,0,5,614656,0
73,1,2,262144,0
73,1,3,1297920,0
73,1,4,2107392,0
73,1,5,526848,0
73,2,2,761856,0
73,2,3,1296000,0
73,2,4,4064256,0
73,2,5,169344,0
73,3,2,738304,0
73,3,3,432000,0
73,3,4,2999808,0
73,3,5,24192,0
73,4,2,238576,0
73,4,4,808704,0
73,4,5,1296,0
73,7,1,49152,0
73,7,2,32768,0
73,7,3,18432,0
73,7,4,30720,0
73,8,1,368640,0
73,8,2,410112,0
73,8,3,283828,0
73,8,4,182604,0
73,9,1,768000,0
73,9,2,1376992,0
73,9,3,1005126,0
73,9,4,388826,0
73,10,-2,221184,221184
73,10,1,1658112,0
73,10,2,2655744,0
73,10,3,1605826,0
73,10,4,463870,0
73,10,5,14400,0
73,11,-2,294912,294912
73,11,1,2251776,0
73,11,2,2773072,0
73,11,3,1708534,0
73,11,4,479162,0
73,11,5,94720,0
73,12,-2,737280,737280
73,12,1,2753664,0
73,12,2,2382688,0
73,12,3,1893838,0
73,12,4,548722,0
73,12,5,6880,0
73,13,-2,884736,884736
73,13,1,2748448,0
73,13,2,2297312,0
73,13,3,1726976,0
73,13,4,302880,0
73,13,5,35040,0
73,14,-2,221184,221184
73,14,1,1961408,0
73,14,2,1786240,0
73,14,3,3069152,0
73,14,4,361248,0
73,14,5,6336,0
73,15,1,1537940,0
73,15,2,3041372,0
73,15,3,6541272,0
73,15,4,1326024,0
73,15,5,5232,0
73,16,1,1443136,0
73,16,2,4281736,0
73,16,3,8074346,0
73,16,4,4049902,0
73,16,5,107744,0
73,17,-1,147456,147456
73,17,1,924160,0
73,17,2,4970168,0
73,17,3,8661683,0
73,17,4,5995229,0
73,17,5,76216,0
73,18,-2,73728,73728
73,18,-1,651264,651264
73,18,1,813600,0
73,18,2,6161185,0
73,18,3,9456529,0
73,18,4,4623678,0
73,18,5,371184,0
73,19,-2,319488,319488
73,19,-1,716800,716800
73,19,1,1098976,0
73,19,2,6311130,0
73,19,3,7463062,0
73,19,4,3106524,0
73,19,5,120532,0
73,20,-2,331776,331776
73,20,-1,417792,417792
73,20,1,1678272,0
73,20,2,4010488,0
73,20,3,3840184,0
73,20,4,1612578,0
73,20,5,36462,0
73,21,-2,159744,159744
73,21,-1,661248,661248
73,21,1,2703584,0
73,21,2,2002212,0
73,21,3,2022193,0
73,21,4,496881,0
73,21,5,15066,0
73,22,-2,208896,208896
73,22,-1,1195008,1195008
73,22,1,4620864,0
73,22,2,2145647,0
73,22,3,2688373,0
73,22,4,411292,0
73,22,5,2112,0
73,23,-2,221184,221184
73,23,-1,1237760,1237760
73,23,1,5180608,0
73,23,2,3506002,0
73,23,3,4480022,0
73,23,4,1415898,0
73,23,5,14846,0
73,24,-2,135168,135168
73,24,-1,681216,681216
73,24,1,3671296,0
73,24,2,4233464,0
73,24,3,4743454,0
73,24,4,3022802,0
73,24,5,27672,0
73,25,-2,86016,86016
73,25,-1,298496,298496
73,25,1,1915904,0
73,25,2,3303648,0
73,25,3,3719060,0
73,25,4,2669740,0
73,25,5,65760,0
73,26,-2,36864,36864
73,26,-1,116480,116480
73,26,1,617728,0
73,26,2,1550784,0
73,26,3,2035272,0
73,26,4,1089752,0
73,26,5,58144,0
73,27,-1,30720,30720
73,27,1,38400,0
73,27,2,428480,0
73,27,3,651432,0
73,27,4,200104,0
73,27,5,27120,0
73,28,-1,228544,228544
73,28,1,163200,0
73,28,2,391456,0
73,28,3,510400,0
73,28,4,6400,0
73,28,5,10720,0
73,29,-1,637312,637312
73,29,1,711808,0
73,29,2,1232640,0
73,29,3,1673536,0
73,29,4,70080,0
73,30,-1,880832,880832
73,30,1,1518720,0
73,30,2,2379008,0
73,30,3,3206176,0
73,30,4,534944,0
73,31,-1,659456,659456
73,31,1,1719168,0
73,31,2,2751840,0
73,31,3,3672784,0
73,31,4,1020672,0
73,31,5,6480,0
73,32,-1,279552,279552
73,32,1,1008640,0
73,32,2,1937504,0
73,32,3,2636808,0
73,32,4,819288,0
73,32,5,2880,0
73,33,-1,73728,73728
73,33,1,258048,0
73,33,2,776096,0
73,33,3,1091984,0
73,33,4,279520,0
73,33,5,10992,0
73,34,-1,12288,12288
73,34,1,12288,0
73,34,2,136800,0
73,34,3,196056,0
73,34,4,30888,0
73,34,5,4896,0
74,0,3,433920,0
74,0,5,614656,0
74,1,2,722944,0
74,1,3,433920,0
74,1,4,2989056,0
74,1,5,48384,0
74,2,1,380928,0
74,2,2,700352,0
74,2,3,3185536,0
74,2,4,1931328,0
74,2,5,93312,0
74,3,-1,65536,65536
74,3,1,365056,0
74,3,2,799232,0
74,3,3,2133888,0
74,3,4,695744,0
74,3,5,134848,0
74,4,-1,62464,62464
74,4,2,534256,0
74,4,3,42240,0
74,4,4,408176,0
74,4,5,1440,0
74,6,1,30048,0
74,6,2,58272,0
74,6,3,10688,0
74,6,4,32064,0
74,7,-1,44544,44544
74,7,1,88160,0
74,7,2,239980,0
74,7,3,383404,0
74,7,4,97288,0
74,7,5,64128,0
74,8,-2,40960,40960
74,8,-1,123392,123392
74,8,1,257472,0
74,8,2,561952,0
74,8,3,920696,0
74,8,4,765512,0
74,8,5,16992,0
74,9,-4,12288,12288
74,9,-3,61952,61952
74,9,-2,100608,100608
74,9,-1,314432,314432
74,9,1,584768,0
74,9,2,1004064,0
74,9,3,1968796,0
74,9,4,583636,0
74,9,5,22512,0
74,10,-4,24576,24576
74,10,-3,179968,179968
74,10,-2,332800,332800
74,10,-1,588544,588544
74,10,1,1038432,0
74,10,2,2106400,0
74,10,3,1400412,0
74,10,4,423194,0
74,10,5,522,0
74,11,-4,12288,12288
74,11,-3,173056,173056
74,11,-2,636160,636160
74,11,-1,696704,696704
74,11,1,1912896,0
74,11,2,2157264,0
74,11,3,976404,0
74,11,4,438980,0
74,11,5,8600,0
74,12,-3,73472,73472
74,12,-2,417792,417792
74,12,-1,1218432,1218432
74,12,1,1515056,0
74,12,2,1843512,0
74,12,3,1522620,0
74,12,4,338644,0
74,12,5,17288,0
74,13,-3,9216,9216
74,13,-2,209536,209536
74,13,-1,825216,825216
74,13,1,1132672,0
74,13,2,1353352,0
74,13,3,1646074,0
74,13,4,553926,0
74,13,5,37176,0
74,14,-3,4096,4096
74,14,-2,156160,156160
74,14,-1,197408,197408
74,14,1,937696,0
74,14,2,1561680,0
74,14,3,1621208,0
74,14,4,843736,0
74,14,5,51968,0
74,15,-4,15488,15488
74,15,-2,61952,61952
74,15,-1,256320,256320
74,15,1,385584,0
74,15,2,2307676,0
74,15,3,2790376,0
74,15,4,1568352,0
74,15,5,85356,0
74,16,-4,45056,45056
74,16,-3,30080,30080
74,16,-2,184176,184176
74,16,-1,229728,229728
74,16,1,849728,0
74,16,2,1912992,0
74,16,3,4919856,0
74,16,4,2303428,0
74,16,5,141788,0
74,17,-3,96512,96512
74,17,-2,91008,91008
74,17,-1,650720,650720
74,17,1,992224,0
74,17,2,3032636,0
74,17,3,3880908,0
74,17,4,3729178,0
74,17,5,240798,0
74,18,-4,4096,4096
74,18,-3,16384,16384
74,18,-2,406272,406272
74,18,-1,1102704,1102704
74,18,1,2965310,0
74,18,2,4319542,0
74,18,3,5725284,0
74,18,4,2597732,0
74,18,5,360788,0
74,19,-3,17408,17408
74,19,-2,532480,532480
74,19,-1,1603408,1603408
74,19,1,5716432,0
74,19,2,8160316,0
74,19,3,6371136,0
74,19,4,3811808,0
74,19,5,198020,0
74,20,-2,125952,125952
74,20,-1,2901344,2901344
74,20,1,3705472,0
74,20,2,7452240,0
74,20,3,7325030,0
74,20,4,3647338,0
74,20,5,336128,0
74,21,-2,227328,227328
74,21,-1,842880,842880
74,21,1,3524000,0
74,21,2,3874000,0
74,21,3,5312284,0
74,21,4,2967334,0
74,21,5,94926,0
74,22,-3,16384,16384
74,22,-2,211200,211200
74,22,-1,475392,475392
74,22,1,1228288,0
74,22,2,2415264,0
74,22,3,2893800,0
74,22,4,986680,0
74,22,5,30528,0
74,23,-3,49152,49152
74,23,-2,84480,84480
74,23,-1,147552,147552
74,23,1,732320,0
74,23,2,2320584,0
74,23,3,1520184,0
74,23,4,658728,0
74,23,5,24792,0
74,24,-1,134656,134656
74,24,1,552128,0
74,24,2,3325344,0
74,24,3,3449580,0
74,24,4,1319652,0
74,24,5,131536,0
74,25,-2,116480,116480
74,25,-1,362816,362816
74,25,1,1677120,0
74,25,2,3396098,0
74,25,3,8884602,0
74,25,4,3424308,0
74,25,5,95440,0
74,26,-2,233472,233472
74,26,-1,706432,706432
74,26,1,2199728,0
74,26,2,5812784,0
74,26,3,7301704,0
74,26,4,5081016,0
74,26,5,160672,0
74,27,-2,125888,125888
74,27,-1,962240,962240
74,27,1,2271728,0
74,27,2,5050520,0
74,27,3,5444298,0
74,27,4,1695449,0
74,27,5,112981,0
74,28,-2,20480,20480
74,28,-1,808192,808192
74,28,1,1688544,0
74,28,2,2173456,0
74,28,3,1579324,0
74,28,4,509516,0
74,28,5,36232,0
74,29,-2,9600,9600
74,29,-1,362112,362112
74,29,1,316352,0
74,29,2,496460,0
74,29,3,343255,0
74,29,4,194091,0
74,29,5,14834,0
74,30,-2,4608,4608
74,30,-1,28928,28928
74,30,1,123776,0
74,30,2,177669,0
74,30,3,149732,0
74,30,4,95084,0
74,30,5,10027,0
74,31,-3,11264,11264
74,31,-2,19712,19712
74,31,-1,173352,173352
74,31,1,347247,0
74,31,2,283991,0
74,31,3,318070,0
74,31,4,155626,0
74,31,5,1458,0
74,32,-5,4608,4608
74,32,-4,1536,1536
74,32,-3,61504,61504
74,32,-2,108040,108040
74,32,-1,442464,442464
74,32,1,515712,0
74,32,2,675702,0
74,32,3,528942,0
74,32,4,151032,0
74,32,5,828,0
74,33,-5,9216,9216
74,33,-4,18432,18432
74,33,-3,111488,111488
74,33,-2,277488,277488
74,33,-1,356488,356488
74,33,1,657128,0
74,33,2,816054,0
74,33,3,290850,0
74,33,4,35148,0
74,33,5,16380,0
74,34,-5,4608,4608
74,34,-4,36096,36096
74,34,-3,75456,75456
74,34,-2,221280,221280
74,34,-1,287664,287664
74,34,1,449136,0
74,34,2,236322,0
74,34,3,46542,0
74,34,4,19152,0
74,35,-4,9216,9216
74,35,-3,45504,45504
74,35,-2,81216,81216
74,35,-1,82656,82656
74,35,1,54000,0
74,35,2,16812,0
74,35,3,5508,0
75,0,3,433920,0
75,0,5,614656,0
75,1,2,507904,0
75,1,3,864000,0
75,1,4,2709504,0
75,1,5,112896,0
75,2,1,131072,0
75,2,2,954304,0
75,2,3,1614848,0
75,2,4,3498240,0
75,2,5,92992,0
75,3,1,262144,0
75,3,2,476160,0
75,3,3,2649600,0
75,3,4,798336,0
75,3,5,8064,0
75,4,1,126976,0
75,4,3,871424,0
75,4,4,47040,0
75,4,5,3136,0
75,7,-1,7744,7744
75,7,1,8256,0
75,7,2,9810,0
75,7,3,6958,0
75,8,-1,28672,28672
75,8,1,44752,0
75,8,2,73540,0
75,8,3,46096,0
75,8,4,3548,0
75,9,-1,52224,52224
75,9,1,145540,0
75,9,2,187152,0
75,9,3,156710,0
75,9,4,44864,0
75,9,5,3334,0
75,10,-1,61440,61440
75,10,1,292528,0
75,10,2,582276,0
75,10,3,452222,0
75,10,4,380694,0
75,10,5,312,0
75,11,-1,52736,52736
75,11,1,400384,0
75,11,2,1641968,0
75,11,3,2227270,0
75,11,4,1244810,0
75,11,5,68928,0
75,12,-1,40960,40960
75,12,1,622080,0
75,12,2,3208176,0
75,12,3,5602678,0
75,12,4,3012946,0
75,12,5,816968,0
75,13,-1,57344,57344
75,13,1,1212288,0
75,13,2,5402414,0
75,13,3,8656130,0
75,13,4,5534184,0
75,13,5,109160,0
75,14,-1,163840,163840
75,14,1,1722368,0
75,14,2,6119872,0
75,14,3,8349262,0
75,14,4,6131026,0
75,14,5,516768,0
75,15,-1,239616,239616
75,15,1,1658880,0
75,15,2,5505368,0
75,15,3,9439096,0
75,15,4,2893360,0
75,15,5,22784,0
75,16,-1,163840,163840
75,16,1,1367552,0
75,16,2,4781460,0
75,16,3,6889248,0
75,16,4,3262324,0
75,16,5,181720,0
75,17,-1,59392,59392
75,17,1,1228288,0
75,17,2,5042288,0
75,17,3,7257060,0
75,17,4,2872444,0
75,17,5,383280,0
75,18,-1,51200,51200
75,18,1,1216256,0
75,18,2,4921888,0
75,18,3,8294538,0
75,18,4,4076998,0
75,18,5,116880,0
75,19,-2,4096,4096
75,19,-1,110592,110592
75,19,1,865792,0
75,19,2,5305672,0
75,19,3,7021108,0
75,19,4,4599896,0
75,19,5,377388,0
75,20,-2,16384,16384
75,20,-1,129024,129024
75,20,1,823296,0
75,20,2,4113408,0
75,20,3,6938754,0
75,20,4,2090138,0
75,20,5,44772,0
75,21,-2,24576,24576
75,21,-1,112384,112384
75,21,1,806784,0
75,21,2,2860832,0
75,21,3,4205240,0
75,21,4,1682680,0
75,21,5,39600,0
75,22,-2,16384,16384
75,22,-1,118784,118784
75,22,1,608000,0
75,22,2,2425912,0
75,22,3,3375436,0
75,22,4,2553548,0
75,22,5,404656,0
75,23,-2,4096,4096
75,23,-1,141120,141120
75,23,1,766784,0
75,23,2,3022352,0
75,23,3,4674944,0
75,23,4,3737584,0
75,23,5,104960,0
75,24,-1,171136,171136
75,24,1,1454720,0
75,24,2,3345328,0
75,24,3,5263504,0
75,24,4,2756072,0
75,24,5,640728,0
75,25,-1,210944,210944
75,25,1,1702656,0
75,25,2,3669052,0
75,25,3,4146652,0
75,25,4,1936620,0
75,25,5,65020,0
75,26,-1,231936,231936
75,26,1,1240832,0
75,26,2,3287780,0
75,26,3,3021122,0
75,26,4,1516718,0
75,26,5,73260,0
75,27,-1,174080,174080
75,27,1,744704,0
75,27,2,2165350,0
75,27,3,3046072,0
75,27,4,1287046,0
75,27,5,53852,0
75,28,-2,6144,6144
75,28,-1,76800,76800
75,28,1,464512,0
75,28,2,1296376,0
75,28,3,2033100,0
75,28,4,988368,0
75,28,5,115436,0
75,29,-2,14336,14336
75,29,-1,36864,36864
75,29,1,219392,0
75,29,2,613976,0
75,29,3,892480,0
75,29,4,479912,0
75,29,5,4032,0
75,30,-2,10240,10240
75,30,-1,20480,20480
75,30,1,51200,0
75,30,2,183296,0
75,30,3,236404,0
75,30,4,88204,0
75,31,-2,2048,2048
75,31,-1,4096,4096
75,31,1,4096,0
75,31,2,22464,0
75,31,3,29472,0
75,31,4,3360,0
76,0,3,433920,0
76,0,5,614656,0
76,1,2,939904,0
76,1,4,3244032,0
76,1,5,10368,0
76,2,1,742400,0
76,2,3,4989952,0
76,2,4,460992,0
76,2,5,98112,0
76,3,-1,256000,256000
76,3,2,2580992,0
76,3,3,430080,0
76,3,4,925216,0
76,3,5,2016,0
76,4,-2,32768,32768
76,4,1,432128,0
76,4,2,92160,0
76,4,3,462848,0
76,4,4,27104,0
76,4,5,1568,0
76,8,1,319488,0
76,8,2,126976,0
76,8,3,27424,0
76,8,4,50400,0
76,9,-1,196608,196608
76,9,1,131072,0
76,9,2,1505320,0
76,9,3,667608,0
76,9,4,52032,0
76,9,5,68800,0
76,10,1,1308160,0
76,10,2,2645504,0
76,10,3,1937280,0
76,10,4,905120,0
76,10,5,19680,0
76,11,-2,24576,24576
76,11,-1,473088,473088
76,11,1,3066880,0
76,11,2,2437600,0
76,11,3,5511664,0
76,11,4,1947080,0
76,11,5,39528,0
76,12,-3,8192,8192
76,12,-2,196608,196608
76,12,-1,1878016,1878016
76,12,1,1006848,0
76,12,2,7892320,0
76,12,3,6891008,0
76,12,4,2029872,0
76,12,5,347760,0
76,13,-3,32768,32768
76,13,-2,442368,442368
76,13,-1,385024,385024
76,13,1,4980736,0
76,13,2,8225864,0
76,13,3,4603544,0
76,13,4,2497080,0
76,13,5,744,0
76,14,-2,65536,65536
76,14,-1,1400576,1400576
76,14,1,4943104,0
76,14,2,3511992,0
76,14,3,7139144,0
76,14,4,109380,0
76,14,5,700,0
76,15,-3,8192,8192
76,15,-2,114688,114688
76,15,-1,2896384,2896384
76,15,1,1222400,0
76,15,2,9650982,0
76,15,3,447686,0
76,15,4,252908,0
76,15,5,21288,0
76,16,-2,1056768,1056768
76,16,-1,285696,285696
76,16,1,8966112,0
76,16,2,460408,0
76,16,3,467008,0
76,16,4,331112,0
76,17,-3,503808,503808
76,17,-2,159744,159744
76,17,-1,3819008,3819008
76,17,1,406656,0
76,17,2,791114,0
76,17,3,742926,0
76,17,4,97288,0
76,17,5,288,0
76,18,-4,135168,135168
76,18,-3,36864,36864
76,18,-2,1097728,1097728
76,18,-1,219136,219136
76,18,1,622430,0
76,18,2,2160106,0
76,18,3,960826,0
76,18,4,784606,0
76,18,5,45216,0
76,19,-3,221184,221184
76,19,-2,132544,132544
76,19,-1,808792,808792
76,19,1,1795784,0
76,19,2,2232312,0
76,19,3,4170739,0
76,19,4,1669045,0
76,19,5,77952,0
76,20,-4,36864,36864
76,20,-3,36864,36864
76,20,-2,331776,331776
76,20,-1,1593472,1593472
76,20,1,3228288,0
76,20,2,4090516,0
76,20,3,4162336,0
76,20,4,2472516,0
76,20,5,70920,0
76,21,-4,21504,21504
76,21,-3,193536,193536
76,21,-2,616448,616448
76,21,-1,1296384,1296384
76,21,1,3854756,0
76,21,2,6425169,0
76,21,3,4624499,0
76,21,4,1339160,0
76,21,5,11392,0
76,22,-3,92160,92160
76,22,-2,337920,337920
76,22,-1,1553312,1553312
76,22,1,2724880,0
76,22,2,6268328,0
76,22,3,4190484,0
76,22,4,2168836,0
76,22,5,63888,0
76,23,-2,448352,448352
76,23,-1,702352,702352
76,23,1,4026512,0
76,23,2,3130736,0
76,23,3,3781522,0
76,23,4,1165494,0
76,23,5,16072,0
76,24,-3,57344,57344
76,24,-2,155648,155648
76,24,-1,1404256,1404256
76,24,1,1570496,0
76,24,2,4086448,0
76,24,3,2977848,0
76,24,4,1229970,0
76,24,5,52326,0
76,25,-4,9216,9216
76,25,-3,60416,60416
76,25,-2,222080,222080
76,25,-1,686336,686336
76,25,1,2531900,0
76,25,2,3694420,0
76,25,3,4062140,0
76,25,4,1066848,0
76,25,5,52948,0
76,26,-4,8192,8192
76,26,-3,107264,107264
76,26,-2,491008,491008
76,26,-1,1321600,1321600
76,26,1,1930140,0
76,26,2,2929712,0
76,26,3,2573080,0
76,26,4,824800,0
76,26,5,5052,0
76,27,-4,55296,55296
76,27,-3,142208,142208
76,27,-2,324608,324608
76,27,-1,989248,989248
76,27,1,1277904,0
76,27,2,1412180,0
76,27,3,1200252,0
76,27,4,859112,0
76,27,5,63416,0
76,28,-5,11264,11264
76,28,-4,31744,31744
76,28,-3,47104,47104
76,28,-2,209920,209920
76,28,-1,465408,465408
76,28,1,829648,0
76,28,2,1508548,0
76,28,3,869632,0
76,28,4,378022,0
76,28,5,6854,0
76,29,-4,4096,4096
76,29,-3,72704,72704
76,29,-2,137216,137216
76,29,-1,489472,489472
76,29,1,953632,0
76,29,2,985404,0
76,29,3,1120002,0
76,29,4,198106,0
76,29,5,4296,0
76,30,-3,1024,1024
76,30,-2,139200,139200
76,30,-1,300272,300272
76,30,1,859248,0
76,30,2,1142332,0
76,30,3,657236,0
76,30,4,207060,0
76,30,5,3196,0
76,31,-3,5632,5632
76,31,-2,19456,19456
76,31,-1,221312,221312
76,31,1,370496,0
76,31,2,678872,0
76,31,3,486672,0
76,31,4,79984,0
76,31,5,5352,0
76,32,-4,512,512
76,32,-3,512,512
76,32,-2,20992,20992
76,32,-1,39424,39424
76,32,1,191360,0
76,32,2,226790,0
76,32,3,123566,0
76,32,4,19190,0
76,32,5,246,0
76,33,-2,1536,1536
76,33,-1,27072,27072
76,33,1,25728,0
76,33,2,37488,0
76,33,3,6162,0
76,33,4,264,0
76,33,5,54,0
77,0,3,433920,0
77,0,5,614656,0
77,1,2,516096,0
77,1,3,862080,0
77,1,4,2759680,0
77,1,5,56448,0
77,2,1,131072,0
77,2,2,984064,0
77,2,3,1776000,0
77,2,4,3343872,0
77,2,5,56448,0
77,3,1,260096,0
77,3,2,483840,0
77,3,3,2329248,0
77,3,4,1078784,0
77,3,5,42336,0
77,4,1,126976,0
77,4,2,113664,0
77,4,3,844736,0
77,4,4,69776,0
77,4,5,24496,0
77,5,2,448256,0
77,5,3,403840,0
77,5,4,50652,0
77,5,5,14756,0
77,6,2,628736,0
77,6,3,1688064,0
77,6,4,433056,0
77,6,5,2656,0
77,7,2,446336,0
77,7,3,2437760,0
77,7,4,1660416,0
77,7,5,43008,0
77,8,2,537600,0
77,8,3,2942080,0
77,8,4,1104800,0
77,8,5,3040,0
77,9,2,724992,0
77,9,3,1508992,0
77,9,4,457984,0
77,9,5,60544,0
77,10,2,520192,0
77,10,3,286912,0
77,10,4,101904,0
77,10,5,8496,0
77,11,2,110080,0
77,11,3,2816,0
77,11,4,18080,0
77,11,5,96,0
77,12,1,24576,0
77,12,2,242640,0
77,12,3,59280,0
77,12,4,66720,0
77,13,1,29440,0
77,13,2,609240,0
77,13,3,699037,0
77,13,4,398987,0
77,14,1,131072,0
77,14,2,1157082,0
77,14,3,1719792,0
77,14,4,1864826,0
77,14,5,42428,0
77,15,1,182464,0
77,15,2,1821200,0
77,15,3,4915033,0
77,15,4,3694731,0
77,15,5,494924,0
77,16,1,481920,0
77,16,2,2538612,0
77,16,3,6489812,0
77,16,4,6069914,0
77,16,5,246686,0
77,17,-1,4608,4608
77,17,1,731360,0
77,17,2,2920428,0
77,17,3,5552154,0
77,17,4,4236294,0
77,17,5,88340,0
77,18,-1,18432,18432
77,18,1,679280,0
77,18,2,2724234,0
77,18,3,4182974,0
77,18,4,1852242,0
77,18,5,143862,0
77,19,-1,22720,22720
77,19,1,653488,0
77,19,2,3229184,0
77,19,3,4758370,0
77,19,4,2521986,0
77,19,5,414124,0
77,20,-1,13184,13184
77,20,1,849488,0
77,20,2,4279248,0
77,20,3,8515300,0
77,20,4,5282555,0
77,20,5,131201,0
77,21,-1,9216,9216
77,21,1,932048,0
77,21,2,5524696,0
77,21,3,11252133,0
77,21,4,8077585,0
77,21,5,779170,0
77,22,-1,4800,4800
77,22,1,852256,0
77,22,2,6000168,0
77,22,3,12139515,0
77,22,4,9116488,0
77,22,5,460469,0
77,23,-1,69632,69632
77,23,1,1243520,0
77,23,2,5654884,0
77,23,3,11087344,0
77,23,4,6322652,0
77,23,5,296272,0
77,24,-1,263168,263168
77,24,1,2059656,0
77,24,2,5121864,0
77,24,3,9349660,0
77,24,4,3578140,0
77,24,5,238584,0
77,25,-1,373760,373760
77,25,1,1773856,0
77,25,2,3820688,0
77,25,3,9094922,0
77,25,4,3618490,0
77,25,5,290956,0
77,26,-1,246272,246272
77,26,1,954832,0
77,26,2,2519244,0
77,26,3,6317648,0
77,26,4,4385428,0
77,26,5,289408,0
77,27,-1,115712,115712
77,27,1,685312,0
77,27,2,2050416,0
77,27,3,3312308,0
77,27,4,1791268,0
77,27,5,105912,0
77,28,-1,86016,86016
77,28,1,835392,0
77,28,2,1248936,0
77,28,3,1092108,0
77,28,4,441348,0
77,28,5,31752,0
77,29,-1,36864,36864
77,29,1,566784,0
77,29,2,346752,0
77,29,3,155232,0
77,29,4,74016,0
78,0,3,433920,0
78,0,5,614656,0
78,1,2,507904,0
78,1,3,864000,0
78,1,4,2709504,0
78,1,5,112896,0
78,2,1,131072,0
78,2,2,954304,0
78,2,3,1614848,0
78,2,4,3498240,0
78,2,5,92992,0
78,3,1,262144,0
78,3,2,476160,0
78,3,3,2649600,0
78,3,4,798336,0
78,3,5,8064,0
78,4,1,126976,0
78,4,3,871424,0
78,4,4,47040,0
78,4,5,3136,0
78,8,-2,6144,6144
78,8,1,12288,0
78,8,2,12480,0
78,8,3,1464,0
78,8,4,392,0
78,9,-2,12288,12288
78,9,-1,24576,24576
78,9,1,24576,0
78,9,2,83712,0
78,9,3,48296,0
78,9,4,2744,0
78,9,5,416,0
78,10,-2,24576,24576
78,10,-1,73728,73728
78,10,1,85248,0
78,10,2,535728,0
78,10,3,205520,0
78,10,4,25348,0
78,10,5,124,0
78,11,-2,49152,49152
78,11,-1,106496,106496
78,11,1,542208,0
78,11,2,455312,0
78,11,3,1197411,0
78,11,4,104921,0
78,11,5,2100,0
78,12,-2,22528,22528
78,12,-1,245760,245760
78,12,1,476224,0
78,12,2,2697400,0
78,12,3,1030914,0
78,12,4,458360,0
78,12,5,16782,0
78,13,-2,36864,36864
78,13,-1,114688,114688
78,13,1,1869376,0
78,13,2,2634968,0
78,13,3,3233216,0
78,13,4,517276,0
78,13,5,14988,0
78,14,-2,12288,12288
78,14,-1,106496,106496
78,14,1,1453696,0
78,14,2,4860136,0
78,14,3,2451582,0
78,14,4,1500338,0
78,14,5,68456,0
78,15,-2,73728,73728
78,15,-1,65536,65536
78,15,1,1390688,0
78,15,2,3400016,0
78,15,3,5470290,0
78,15,4,1335010,0
78,15,5,159516,0
78,16,-2,24576,24576
78,16,-1,170752,170752
78,16,1,623088,0
78,16,2,2751392,0
78,16,3,4822808,0
78,16,4,4508392,0
78,16,5,271728,0
78,17,-2,221184,221184
78,17,-1,87552,87552
78,17,1,1011516,0
78,17,2,3047996,0
78,17,3,4518246,0
78,17,4,3505602,0
78,17,5,354656,0
78,18,-2,102400,102400
78,18,-1,606208,606208
78,18,1,1138592,0
78,18,2,5022864,0
78,18,3,5316108,0
78,18,4,2152044,0
78,18,5,79704,0
78,19,-2,98304,98304
78,19,-1,821760,821760
78,19,1,2735488,0
78,19,2,6906992,0
78,19,3,7791684,0
78,19,4,2053312,0
78,19,5,170764,0
78,20,-2,122880,122880
78,20,-1,1284992,1284992
78,20,1,4412208,0
78,20,2,8841736,0
78,20,3,11475242,0
78,20,4,3998426,0
78,20,5,11076,0
78,21,-2,81152,81152
78,21,-1,1338624,1338624
78,21,1,5399040,0
78,21,2,8017239,0
78,21,3,11687221,0
78,21,4,6584604,0
78,21,5,282712,0
78,22,-2,89600,89600
78,22,-1,1120640,1120640
78,22,1,3792124,0
78,22,2,7849856,0
78,22,3,8868140,0
78,22,4,3369704,0
78,22,5,141296,0
78,23,-2,142848,142848
78,23,-1,910720,910720
78,23,1,2341408,0
78,23,2,3578514,0
78,23,3,6958276,0
78,23,4,1389640,0
78,23,5,145090,0
78,24,-2,121856,121856
78,24,-1,484352,484352
78,24,1,1180312,0
78,24,2,2242655,0
78,24,3,3269869,0
78,24,4,765528,0
78,24,5,29124,0
78,25,-2,55808,55808
78,25,-1,236736,236736
78,25,1,503720,0
78,25,2,965148,0
78,25,3,1093870,0
78,25,4,250910,0
78,25,5,6768,0
78,26,-2,66048,66048
78,26,-1,199040,199040
78,26,1,338112,0
78,26,2,417312,0
78,26,3,286912,0
78,26,4,134206,0
78,26,5,162,0
78,27,-2,18432,18432
78,27,-1,139776,139776
78,27,1,340944,0
78,27,2,530096,0
78,27,3,618708,0
78,27,4,300468,0
78,27,5,17656,0
78,28,-1,13824,13824
78,28,1,308544,0
78,28,2,895464,0
78,28,3,2166890,0
78,28,4,1054750,0
78,28,5,180816,0
78,29,-2,12288,12288
78,29,-1,30720,30720
78,29,1,652288,0
78,29,2,1648448,0
78,29,3,3672848,0
78,29,4,2498160,0
78,29,5,4928,0
78,30,-2,49152,49152
78,30,-1,122880,122880
78,30,1,1020992,0
78,30,2,2631728,0
78,30,3,2982240,0
78,30,4,2911328,0
78,30,5,112080,0
78,31,-2,73728,73728
78,31,-1,184320,184320
78,31,1,896256,0
78,31,2,2387872,0
78,31,3,2371760,0
78,31,4,755536,0
78,31,5,15200,0
78,32,-2,49152,49152
78,32,-1,122880,122880
78,32,1,462592,0
78,32,2,1031584,0
78,32,3,633984,0
78,32,4,189456,0
78,32,5,720,0
78,33,-2,12288,12288
78,33,-1,30720,30720
78,33,1,133632,0
78,33,2,150144,0
78,33,3,57696,0
78,33,4,8736,0
79,0,3,433920,0
79,0,5,614656,0
79,1,2,507904,0
79,1,3,864000,0
79,1,4,2709504,0
79,1,5,112896,0
79,2,1,131072,0
79,2,2,954304,0
79,2,3,1614848,0
79,2,4,3498240,0
79,2,5,92992,0
79,3,1,262144,0
79,3,2,476160,0
79,3,3,2649600,0
79,3,4,798336,0
79,3,5,8064,0
79,4,1,126976,0
79,4,3,871424,0
79,4,4,47040,0
79,4,5,3136,0
79,7,2,49152,0
79,7,3,73968,0
79,7,4,4592,0
79,7,5,3360,0
79,8,2,217088,0
79,8,3,453632,0
79,8,4,114848,0
79,8,5,864,0
79,9,1,221184,0
79,9,2,366592,0
79,9,3,1070352,0
79,9,4,546224,0
79,9,5,23872,0
79,10,-2,4096,4096
79,10,-1,36864,36864
79,10,1,909244,0
79,10,2,1000900,0
79,10,3,1791840,0
79,10,4,883120,0
79,10,5,26992,0
79,11,-2,16384,16384
79,11,-1,171008,171008
79,11,1,1544504,0
79,11,2,2856648,0
79,11,3,2358608,0
79,11,4,1152368,0
79,11,5,26944,0
79,12,-2,48768,48768
79,12,-1,529216,529216
79,12,1,2067520,0
79,12,2,4398208,0
79,12,3,3252656,0
79,12,4,1447584,0
79,12,5,314672,0
79,13,-2,122880,122880
79,13,-1,990368,990368
79,13,1,3067136,0
79,13,2,5213368,0
79,13,3,4404412,0
79,13,4,2293646,0
79,13,5,62814,0
79,14,-2,190592,190592
79,14,-1,1382944,1382944
79,14,1,3983904,0
79,14,2,6053652,0
79,14,3,4848921,0
79,14,4,1998083,0
79,14,5,55824,0
79,15,-3,12288,12288
79,15,-2,200704,200704
79,15,-1,1486848,1486848
79,15,1,3702616,0
79,15,2,5649920,0
79,15,3,3862276,0
79,15,4,826986,0
79,15,5,52538,0
79,16,-3,28672,28672
79,16,-2,143360,143360
79,16,-1,1101376,1101376
79,16,1,2880400,0
79,16,2,3660950,0
79,16,3,1999742,0
79,16,4,764268,0
79,16,5,5296,0
79,17,-3,20480,20480
79,17,-2,55296,55296
79,17,-1,629248,629248
79,17,1,1768448,0
79,17,2,2532292,0
79,17,3,1864086,0
79,17,4,719376,0
79,17,5,12950,0
79,18,-3,4096,4096
79,18,-2,16384,16384
79,18,-1,327680,327680
79,18,1,1156144,0
79,18,2,2328504,0
79,18,3,2398330,0
79,18,4,476238,0
79,18,5,10064,0
79,19,-3,4096,4096
79,19,-2,51200,51200
79,19,-1,282752,282752
79,19,1,1456072,0
79,19,2,2911096,0
79,19,3,2447300,0
79,19,4,980748,0
79,19,5,58736,0
79,20,-3,20480,20480
79,20,-2,98816,98816
79,20,-1,688784,688784
79,20,1,2428544,0
79,20,2,4874136,0
79,20,3,4181392,0
79,20,4,602416,0
79,20,5,48792,0
79,21,-3,34816,34816
79,21,-2,153216,153216
79,21,-1,1056414,1056414
79,21,1,3506770,0
79,21,2,6937246,0
79,21,3,3801210,0
79,21,4,1482300,0
79,21,5,34620,0
79,22,-3,30336,30336
79,22,-2,254720,254720
79,22,-1,1202144,1202144
79,22,1,3959164,0
79,22,2,5655818,0
79,22,3,2735120,0
79,22,4,1085146,0
79,22,5,19760,0
79,23,-3,18432,18432
79,23,-2,305920,305920
79,23,-1,813616,813616
79,23,1,3137992,0
79,23,2,3536292,0
79,23,3,1769872,0
79,23,4,344020,0
79,23,5,35328,0
79,24,-3,6144,6144
79,24,-2,86016,86016
79,24,-1,546304,546304
79,24,1,2195616,0
79,24,2,3812884,0
79,24,3,3078984,0
79,24,4,417584,0
79,24,5,14548,0
79,25,-1,376832,376832
79,25,1,1603712,0
79,25,2,5060144,0
79,25,3,7044480,0
79,25,4,1344896,0
79,25,5,36432,0
79,26,-1,179200,179200
79,26,1,1121792,0
79,26,2,5219808,0
79,26,3,7788292,0
79,26,4,4172944,0
79,26,5,195724,0
79,27,-1,65536,65536
79,27,1,721152,0
79,27,2,3735248,0
79,27,3,7538112,0
79,27,4,4151632,0
79,27,5,106784,0
79,28,-1,16384,16384
79,28,1,666752,0
79,28,2,2538752,0
79,28,3,5368908,0
79,28,4,3125988,0
79,28,5,472912,0
79,29,1,445440,0
79,29,2,2320640,0
79,29,3,3126668,0
79,29,4,2352244,0
79,29,5,12544,0
79,30,1,246400,0
79,30,2,1262664,0
79,30,3,1079076,0
79,30,4,956808,0
79,30,5,59532,0
79,31,1,36864,0
79,31,2,239904,0
79,31,3,200664,0
79,31,4,112392,0
80,0,3,433920,0
80,0,5,614656,0
80,1,2,738304,0
80,1,3,432000,0
80,1,4,2999808,0
80,1,5,24192,0
80,2,1,393216,0
80,2,2,714240,0
80,2,3,3974400,0
80,2,4,1197504,0
80,2,5,12096,0
80,3,-1,65536,65536
80,3,1,380928,0
80,3,2,893696,0
80,3,3,2648960,0
80,3,4,159264,0
80,3,5,45920,0
80,4,-1,65536,65536
80,4,2,767040,0
80,4,3,162000,0
80,4,4,53568,0
80,4,5,432,0
80,10,-1,16384,16384
80,10,1,15872,0
80,10,2,265216,0
80,10,3,6660,0
80,10,4,23548,0
80,11,-1,32768,32768
80,11,1,72704,0
80,11,2,762880,0
80,11,3,415264,0
80,11,4,19856,0
80,11,5,7248,0
80,12,-2,49152,49152
80,12,-1,425984,425984
80,12,1,171008,0
80,12,2,1673664,0
80,12,3,1302480,0
80,12,4,309872,0
80,13,-2,122880,122880
80,13,-1,654336,654336
80,13,1,2252800,0
80,13,2,2204160,0
80,13,3,4208712,0
80,13,4,2043032,0
80,13,5,48416,0
80,14,-3,12288,12288
80,14,-2,106496,106496
80,14,-1,1644800,1644800
80,14,1,2372352,0
80,14,2,6977212,0
80,14,3,9314016,0
80,14,4,2864868,0
80,14,5,432000,0
80,15,-3,28672,28672
80,15,-2,73728,73728
80,15,-1,630784,630784
80,15,1,6827904,0
80,15,2,10582616,0
80,15,3,10243768,0
80,15,4,3146064,0
80,15,5,251424,0
80,16,-3,24576,24576
80,16,-2,65536,65536
80,16,-1,1825280,1825280
80,16,1,5058048,0
80,16,2,12093760,0
80,16,3,7221624,0
80,16,4,1751312,0
80,16,5,74808,0
80,17,-2,81920,81920
80,17,-1,1175680,1175680
80,17,1,4752316,0
80,17,2,6377398,0
80,17,3,4465168,0
80,17,4,666744,0
80,17,5,44422,0
80,18,-3,6144,6144
80,18,-2,44032,44032
80,18,-1,1042240,1042240
80,18,1,901360,0
80,18,2,7001604,0
80,18,3,4735576,0
80,18,4,911422,0
80,18,5,4918,0
80,19,-3,12288,12288
80,19,-2,103808,103808
80,19,-1,312576,312576
80,19,1,1640208,0
80,19,2,3058486,0
80,19,3,9626244,0
80,19,4,2832612,0
80,19,5,108498,0
80,20,-3,8192,8192
80,20,-2,117248,117248
80,20,-1,629376,629376
80,20,1,1427904,0
80,20,2,3540120,0
80,20,3,3582384,0
80,20,4,3774260,0
80,20,5,60484,0
80,21,-3,10240,10240
80,21,-2,144384,144384
80,21,-1,864192,864192
80,21,1,2123814,0
80,21,2,3680710,0
80,21,3,3205790,0
80,21,4,920298,0
80,21,5,27852,0
80,22,-4,9728,9728
80,22,-3,16896,16896
80,22,-2,144896,144896
80,22,-1,855424,855424
80,22,1,1717134,0
80,22,2,3167897,0
80,22,3,2713789,0
80,22,4,436686,0
80,22,5,14286,0
80,23,-4,19456,19456
80,23,-3,50176,50176
80,23,-2,112640,112640
80,23,-1,601216,601216
80,23,1,1721056,0
80,23,2,3153177,0
80,23,3,3595747,0
80,23,4,1101458,0
80,23,5,32530,0
80,24,-4,9728,9728
80,24,-3,70144,70144
80,24,-2,169728,169728
80,24,-1,620416,620416
80,24,1,1987360,0
80,24,2,3930479,0
80,24,3,4802473,0
80,24,4,1881968,0
80,24,5,60888,0
80,25,-3,66560,66560
80,25,-2,277504,277504
80,25,-1,917888,917888
80,25,1,2041728,0
80,25,2,4202528,0
80,25,3,4249950,0
80,25,4,1378678,0
80,25,5,70668,0
80,26,-3,67584,67584
80,26,-2,321024,321024
80,26,-1,1138432,1138432
80,26,1,3181504,0
80,26,2,3054148,0
80,26,3,1799134,0
80,26,4,771510,0
80,26,5,21352,0
80,27,-3,33792,33792
80,27,-2,306176,306176
80,27,-1,1313152,1313152
80,27,1,2672360,0
80,27,2,2519800,0
80,27,3,1271647,0
80,27,4,351185,0
80,27,5,18800,0
80,28,-3,24576,24576
80,28,-2,274944,274944
80,28,-1,788480,788480
80,28,1,1519872,0
80,28,2,2084480,0
80,28,3,1582416,0
80,28,4,395676,0
80,28,5,14228,0
80,29,-3,73728,73728
80,29,-2,135168,135168
80,29,-1,171264,171264
80,29,1,776064,0
80,29,2,1424240,0
80,29,3,881604,0
80,29,4,258912,0
80,29,5,14572,0
80,30,-1,147456,147456
80,30,1,379392,0
80,30,2,270016,0
80,30,3,339376,0
80,30,4,95840,0
80,30,5,13104,0
80,31,-1,73728,73728
80,31,1,36864,0
80,31,2,26064,0
80,31,3,30720,0
80,31,4,29232,0
81,0,3,433920,0
81,0,5,614656,0
81,1,2,968704,0
81,1,4,3225600,0
81,2,1,765952,0
81,2,3,5124096,0
81,2,4,310464,0
81,2,5,90944,0
81,3,-1,260096,260096
81,3,2,2692320,0
81,3,3,325920,0
81,3,4,913376,0
81,3,5,2592,0
81,4,-2,32768,32768
81,4,1,447488,0
81,4,2,80640,0
81,4,3,462592,0
81,4,4,23520,0
81,4,5,1568,0
81,10,1,168448,0
81,10,2,129304,0
81,10,3,120304,0
81,10,4,40696,0
81,11,-1,49152,49152
81,11,1,561152,0
81,11,2,1214640,0
81,11,3,501552,0
81,11,4,416032,0
81,11,5,9984,0
81,12,-2,36864,36864
81,12,-1,712704,712704
81,12,1,789120,0
81,12,2,2356416,0
81,12,3,3074832,0
81,12,4,261168,0
81,12,5,240000,0
81,13,-2,450560,450560
81,13,-1,422912,422912
81,13,1,2680704,0
81,13,2,3498752,0
81,13,3,2415296,0
81,13,4,2262720,0
81,14,-3,258048,258048
81,14,-2,190464,190464
81,14,-1,1554176,1554176
81,14,1,2230464,0
81,14,2,3477388,0
81,14,3,4316788,0
81,14,4,102624,0
81,14,5,125280,0
81,15,-5,4096,4096
81,15,-4,177152,177152
81,15,-3,130048,130048
81,15,-2,707584,707584
81,15,-1,1630816,1630816
81,15,1,2332366,0
81,15,2,4690226,0
81,15,3,797304,0
81,15,4,343848,0
81,16,-5,78336,78336
81,16,-4,56832,56832
81,16,-3,374784,374784
81,16,-2,826880,826880
81,16,-1,1061568,1061568
81,16,1,3633792,0
81,16,2,2072913,0
81,16,3,1071811,0
81,16,4,456477,0
81,16,5,399,0
81,17,-5,4096,4096
81,17,-4,152576,152576
81,17,-3,142000,142000
81,17,-2,334720,334720
81,17,-1,1602240,1602240
81,17,1,1364456,0
81,17,2,3703988,0
81,17,3,4341790,0
81,17,4,913410,0
81,17,5,89172,0
81,18,-4,17280,17280
81,18,-3,91648,91648
81,18,-2,258672,258672
81,18,-1,249320,249320
81,18,1,2327588,0
81,18,2,4989115,0
81,18,3,4398013,0
81,18,4,2183264,0
81,18,5,1324,0
81,19,-3,30976,30976
81,19,-2,40192,40192
81,19,-1,1164324,1164324
81,19,1,6444296,0
81,19,2,3744440,0
81,19,3,4873898,0
81,19,4,1867846,0
81,19,5,118572,0
81,20,-3,107520,107520
81,20,-2,330032,330032
81,20,-1,2119776,2119776
81,20,1,3604770,0
81,20,2,15238696,0
81,20,3,4037077,0
81,20,4,5061313,0
81,20,5,106128,0
81,21,-4,37888,37888
81,21,-3,102400,102400
81,21,-2,646144,646144
81,21,-1,2841280,2841280
81,21,1,6953312,0
81,21,2,9305760,0
81,21,3,11543848,0
81,21,4,1371104,0
81,21,5,97336,0
81,22,-5,4096,4096
81,22,-4,2048,2048
81,22,-3,274688,274688
81,22,-2,1166336,1166336
81,22,-1,1928544,1928544
81,22,1,6729568,0
81,22,2,7551404,0
81,22,3,3192023,0
81,22,4,1230093,0
81,22,5,6832,0
81,23,-4,51200,51200
81,23,-3,163840,163840
81,23,-2,640640,640640
81,23,-1,2211168,2211168
81,23,1,3326498,0
81,23,2,3530920,0
81,23,3,2617932,0
81,23,4,530570,0
81,23,5,34432,0
81,24,-4,6144,6144
81,24,-3,123392,123392
81,24,-2,373760,373760
81,24,-1,1080576,1080576
81,24,1,2568207,0
81,24,2,2869825,0
81,24,3,2685888,0
81,24,4,821176,0
81,24,5,87864,0
81,25,-4,3072,3072
81,25,-3,52992,52992
81,25,-2,182400,182400
81,25,-1,1172480,1172480
81,25,1,1443936,0
81,25,2,3954304,0
81,25,3,2254296,0
81,25,4,1683896,0
81,25,5,66064,0
81,26,-4,9216,9216
81,26,-3,9216,9216
81,26,-2,242304,242304
81,26,-1,309936,309936
81,26,1,2561232,0
81,26,2,1652800,0
81,26,3,3244476,0
81,26,4,1095228,0
81,26,5,83400,0
81,27,-2,123136,123136
81,27,-1,778336,778336
81,27,1,729328,0
81,27,2,2627632,0
81,27,3,1506272,0
81,27,4,719528,0
81,27,5,3832,0
81,28,-4,27648,27648
81,28,-3,70656,70656
81,28,-2,87040,87040
81,28,-1,688000,688000
81,28,1,1478016,0
81,28,2,1356512,0
81,28,3,1546280,0
81,28,4,182180,0
81,28,5,3156,0
81,29,-3,135168,135168
81,29,-2,399360,399360
81,29,-1,382464,382464
81,29,1,1434368,0
81,29,2,1909440,0
81,29,3,595224,0
81,29,4,190248,0
81,30,-4,16384,16384
81,30,-3,45056,45056
81,30,-2,233472,233472
81,30,-1,752512,752512
81,30,1,737696,0
81,30,2,921960,0
81,30,3,626328,0
81,30,4,8928,0
81,31,-5,4096,4096
81,31,-4,7168,7168
81,31,-3,22528,22528
81,31,-2,130048,130048
81,31,-1,235008,235008
81,31,1,410400,0
81,31,2,389472,0
81,31,3,46464,0
81,32,-4,3072,3072
81,32,-3,21504,21504
81,32,-2,21504,21504
81,32,-1,36864,36864
81,32,1,92160,0
81,32,2,21504,0
82,0,3,433920,0
82,0,5,614656,0
82,1,2,516096,0
82,1,3,862080,0
82,1,4,2759680,0
82,1,5,56448,0
82,2,1,131072,0
82,2,2,984064,0
82,2,3,1776000,0
82,2,4,3343872,0
82,2,5,56448,0
82,3,1,260096,0
82,3,2,483840,0
82,3,3,2329248,0
82,3,4,1078784,0
82,3,5,42336,0
82,4,1,126976,0
82,4,3,833792,0
82,4,4,65856,0
82,4,5,21952,0
82,6,2,75776,0
82,6,3,63336,0
82,6,4,66080,0
82,6,5,56952,0
82,7,1,16384,0
82,7,2,72960,0
82,7,3,31064,0
82,7,4,133420,0
82,7,5,8316,0
82,8,1,238080,0
82,8,2,356784,0
82,8,3,1263168,0
82,8,4,501264,0
82,9,-1,73728,73728
82,9,1,186624,0
82,9,2,719028,0
82,9,3,1074894,0
82,9,4,571458,0
82,9,5,61244,0
82,10,-1,147456,147456
82,10,1,1257984,0
82,10,2,2272032,0
82,10,3,3190455,0
82,10,4,1182608,0
82,10,5,10393,0
82,11,-1,638976,638976
82,11,1,1050880,0
82,11,2,3762492,0
82,11,3,3283632,0
82,11,4,1290012,0
82,11,5,1016,0
82,12,-1,596736,596736
82,12,1,2733856,0
82,12,2,5516610,0
82,12,3,3533265,0
82,12,4,1141402,0
82,12,5,44083,0
82,13,-2,20480,20480
82,13,-1,1400320,1400320
82,13,1,2195648,0
82,13,2,7003152,0
82,13,3,4937584,0
82,13,4,1692684,0
82,13,5,51636,0
82,14,-2,45056,45056
82,14,-1,711424,711424
82,14,1,2139136,0
82,14,2,3722785,0
82,14,3,5763513,0
82,14,4,2361514,0
82,14,5,2172,0
82,15,-2,89088,89088
82,15,-1,988160,988160
82,15,1,3038208,0
82,15,2,5129064,0
82,15,3,6677568,0
82,15,4,1068474,0
82,15,5,114334,0
82,16,-2,102400,102400
82,16,-1,1254400,1254400
82,16,1,3507584,0
82,16,2,5544000,0
82,16,3,3766307,0
82,16,4,1018125,0
82,16,5,11536,0
82,17,-2,130048,130048
82,17,-1,1411840,1411840
82,17,1,2914368,0
82,17,2,4066448,0
82,17,3,3092880,0
82,17,4,505632,0
82,17,5,2944,0
82,18,-2,132096,132096
82,18,-1,1171456,1171456
82,18,1,1867744,0
82,18,2,3340416,0
82,18,3,2215884,0
82,18,4,173532,0
82,18,5,11768,0
82,19,-2,79872,79872
82,19,-1,480768,480768
82,19,1,1274368,0
82,19,2,2696156,0
82,19,3,1925316,0
82,19,4,485808,0
82,19,5,4528,0
82,20,-2,7168,7168
82,20,-1,203520,203520
82,20,1,1027648,0
82,20,2,1905840,0
82,20,3,2690528,0
82,20,4,711234,0
82,20,5,40430,0
82,21,-3,4096,4096
82,21,-2,8192,8192
82,21,-1,159744,159744
82,21,1,864768,0
82,21,2,1720730,0
82,21,3,2516102,0
82,21,4,995836,0
82,21,5,54756,0
82,22,-3,16384,16384
82,22,-2,40960,40960
82,22,-1,297984,297984
82,22,1,972416,0
82,22,2,1689641,0
82,22,3,2017065,0
82,22,4,1063214,0
82,22,5,29952,0
82,23,-3,24576,24576
82,23,-2,81920,81920
82,23,-1,519168,519168
82,23,1,1230896,0
82,23,2,1676724,0
82,23,3,1624818,0
82,23,4,825608,0
82,23,5,12834,0
82,24,-3,16384,16384
82,24,-2,88064,88064
82,24,-1,617216,617216
82,24,1,1238160,0
82,24,2,1680440,0
82,24,3,1567982,0
82,24,4,371667,0
82,24,5,23415,0
82,25,-3,4096,4096
82,25,-2,71680,71680
82,25,-1,418816,418816
82,25,1,1023872,0
82,25,2,1755820,0
82,25,3,1078696,0
82,25,4,393434,0
82,25,5,4946,0
82,26,-2,51200,51200
82,26,-1,298752,298752
82,26,1,923008,0
82,26,2,1862256,0
82,26,3,1391128,0
82,26,4,458610,0
82,26,5,28550,0
82,27,-2,34816,34816
82,27,-1,391808,391808
82,27,1,1612928,0
82,27,2,2654662,0
82,27,3,3781242,0
82,27,4,1382356,0
82,27,5,5356,0
82,28,-2,65536,65536
82,28,-1,454400,454400
82,28,1,2586944,0
82,28,2,4699240,0
82,28,3,6724844,0
82,28,4,3789580,0
82,28,5,95072,0
82,29,-2,99328,99328
82,29,-1,479888,479888
82,29,1,2631360,0
82,29,2,6242974,0
82,29,3,7631554,0
82,29,4,5482440,0
82,29,5,370056,0
82,30,-2,69632,69632
82,30,-1,411904,411904
82,30,1,1659712,0
82,30,2,5091160,0
82,30,3,6512500,0
82,30,4,3863040,0
82,30,5,742132,0
82,31,-2,22528,22528
82,31,-1,215680,215680
82,31,1,755760,0
82,31,2,2286154,0
82,31,3,3720018,0
82,31,4,1925412,0
82,31,5,249488,0
82,32,-2,4096,4096
82,32,-1,57344,57344
82,32,1,231584,0
82,32,2,528312,0
82,32,3,1216480,0
82,32,4,521076,0
82,32,5,62548,0
82,33,-2,1024,1024
82,33,-1,6144,6144
82,33,1,29280,0
82,33,2,69504,0
82,33,3,180632,0
82,33,4,40328,0
82,33,5,768,0
83,0,3,433920,0
83,0,5,614656,0
83,1,2,507904,0
83,1,3,864000,0
83,1,4,2709504,0
83,1,5,112896,0
83,2,1,131072,0
83,2,2,954304,0
83,2,3,1614848,0
83,2,4,3498240,0
83,2,5,92992,0
83,3,1,262144,0
83,3,2,476160,0
83,3,3,2649600,0
83,3,4,798336,0
83,3,5,8064,0
83,4,1,126976,0
83,4,3,871424,0
83,4,4,47040,0
83,4,5,3136,0
83,12,2,36864,0
83,12,3,36894,0
83,12,4,121986,0
83,12,5,864,0
83,13,1,130560,0
83,13,2,408032,0
83,13,3,704900,0
83,13,4,377556,0
83,13,5,17352,0
83,14,-2,46080,46080
83,14,-1,175104,175104
83,14,1,950784,0
83,14,2,1709800,0
83,14,3,2064404,0
83,14,4,651392,0
83,14,5,38532,0
83,15,-2,184320,184320
83,15,-1,758528,758528
83,15,1,2336320,0
83,15,2,4035764,0
83,15,3,2910992,0
83,15,4,838792,0
83,15,5,10868,0
83,16,-2,238592,238592
83,16,-1,1091968,1091968
83,16,1,3102848,0
83,16,2,5459768,0
83,16,3,3876328,0
83,16,4,991440,0
83,16,5,50192,0
83,17,-3,4096,4096
83,17,-2,214016,214016
83,17,-1,1102016,1102016
83,17,1,3058320,0
83,17,2,6125210,0
83,17,3,5730238,0
83,17,4,1346040,0
83,17,5,82016,0
83,18,-3,24576,24576
83,18,-2,370688,370688
83,18,-1,1287040,1287040
83,18,1,4069544,0
83,18,2,9172008,0
83,18,3,7909954,0
83,18,4,1749902,0
83,18,5,25056,0
83,19,-3,63488,63488
83,19,-2,490496,490496
83,19,-1,1570688,1570688
83,19,1,5413120,0
83,19,2,10861808,0
83,19,3,8871428,0
83,19,4,4438670,0
83,19,5,173566,0
83,20,-3,65536,65536
83,20,-2,333824,333824
83,20,-1,1511680,1511680
83,20,1,4830768,0
83,20,2,10488096,0
83,20,3,12699786,0
83,20,4,5869774,0
83,20,5,147032,0
83,21,-3,24576,24576
83,21,-2,225280,225280
83,21,-1,1205568,1205568
83,21,1,4107776,0
83,21,2,8966504,0
83,21,3,24666020,0
83,21,4,8271460,0
83,21,5,603472,0
83,22,-3,40960,40960
83,22,-2,100352,100352
83,22,-1,732928,732928
83,22,1,2833888,0
83,22,2,10453488,0
83,22,3,12733372,0
83,22,4,5485272,0
83,22,5,158364,0
83,23,-3,6144,6144
83,23,-2,8192,8192
83,23,-1,396288,396288
83,23,1,904672,0
83,23,2,4114024,0
83,23,3,3321728,0
83,23,4,967224,0
83,23,5,13824,0
83,24,-1,96256,96256
83,24,1,129792,0
83,24,2,510160,0
83,24,3,318432,0
83,24,4,18640,0
83,24,5,8064,0
83,30,2,29696,0
83,30,3,34314,0
83,30,4,778,0
83,30,5,748,0
83,31,1,108160,0
83,31,2,200012,0
83,31,3,359032,0
83,31,4,52594,0
83,31,5,1098,0
83,32,-2,18432,18432
83,32,-1,45056,45056
83,32,1,575200,0
83,32,2,910164,0
83,32,3,973498,0
83,32,4,480714,0
83,32,5,11592,0
83,33,-2,92160,92160
83,33,-1,233472,233472
83,33,1,984048,0
83,33,2,2027136,0
83,33,3,1751586,0
83,33,4,805950,0
83,33,5,3888,0
83,34,-2,129024,129024
83,34,-1,324864,324864
83,34,1,672912,0
83,34,2,2160882,0
83,34,3,1611702,0
83,34,4,409032,0
83,35,-2,55296,55296
83,35,-1,110592,110592
83,35,1,297216,0
83,35,2,744660,0
83,35,3,526716,0
83,35,4,34992,0
84,0,3,433920,0
84,0,5,614656,0
84,1,2,507904,0
84,1,3,864000,0
84,1,4,2709504,0
84,1,5,112896,0
84,2,1,131072,0
84,2,2,954304,0
84,2,3,1614848,0
84,2,4,3498240,0
84,2,5,92992,0
84,3,1,262144,0
84,3,2,476160,0
84,3,3,2649600,0
84,3,4,798336,0
84,3,5,8064,0
84,4,1,126976,0
84,4,3,871424,0
84,4,4,47040,0
84,4,5,3136,0
84,6,-1,6144,6144
84,6,1,20480,0
84,6,2,3456,0
84,6,3,2688,0
84,7,-1,24576,24576
84,7,1,136448,0
84,7,2,73472,0
84,7,3,19200,0
84,7,4,8448,0
84,8,-1,49152,49152
84,8,1,322560,0
84,8,2,353090,0
84,8,3,108798,0
84,8,4,18336,0
84,8,5,32,0
84,9,-1,92160,92160
84,9,1,390464,0
84,9,2,981756,0
84,9,3,654476,0
84,9,4,159278,0
84,9,5,15626,0
84,10,-1,133248,133248
84,10,1,629692,0
84,10,2,2144370,0
84,10,3,1523282,0
84,10,4,1481808,0
84,10,5,18608,0
84,11,-2,18432,18432
84,11,-1,206720,206720
84,11,1,1119248,0
84,11,2,2490456,0
84,11,3,3912720,0
84,11,4,2099074,0
84,11,5,114822,0
84,12,-2,73728,73728
84,12,-1,502400,502400
84,12,1,1209616,0
84,12,2,1940538,0
84,12,3,4138834,0
84,12,4,1787240,0
84,12,5,210812,0
84,13,-2,92160,92160
84,13,-1,520576,520576
84,13,1,1754752,0
84,13,2,1688288,0
84,13,3,1712364,0
84,13,4,957094,0
84,13,5,24974,0
84,14,-2,55296,55296
84,14,-1,522240,522240
84,14,1,1559936,0
84,14,2,1168816,0
84,14,3,650700,0
84,14,4,301508,0
84,14,5,1344,0
84,15,-2,36864,36864
84,15,-1,630784,630784
84,15,1,889856,0
84,15,2,1305344,0
84,15,3,1334832,0
84,15,4,192080,0
84,15,5,1152,0
84,16,-2,18432,18432
84,16,-1,522752,522752
84,16,1,1054208,0
84,16,2,2742448,0
84,16,3,2969168,0
84,16,4,1327456,0
84,16,5,49056,0
84,17,-1,499712,499712
84,17,1,2570624,0
84,17,2,4329008,0
84,17,3,4911584,0
84,17,4,3180640,0
84,17,5,40464,0
84,18,-1,715264,715264
84,18,1,2653184,0
84,18,2,7714144,0
84,18,3,6960184,0
84,18,4,2312314,0
84,18,5,714734,0
84,19,-1,571904,571904
84,19,1,3532032,0
84,19,2,8974016,0
84,19,3,6683444,0
84,19,4,3310792,0
84,19,5,160324,0
84,20,-2,36864,36864
84,20,-1,906112,906112
84,20,1,3933200,0
84,20,2,6202088,0
84,20,3,10399118,0
84,20,4,2193011,0
84,20,5,53639,0
84,21,-2,43008,43008
84,21,-1,958208,958208
84,21,1,3910784,0
84,21,2,6940288,0
84,21,3,7189200,0
84,21,4,3826942,0
84,21,5,167474,0
84,22,-2,135168,135168
84,22,-1,1553920,1553920
84,22,1,2325888,0
84,22,2,6110908,0
84,22,3,7565292,0
84,22,4,3853380,0
84,22,5,213396,0
84,23,-3,12288,12288
84,23,-2,168960,168960
84,23,-1,941568,941568
84,23,1,1608608,0
84,23,2,5372824,0
84,23,3,8119664,0
84,23,4,3166028,0
84,23,5,41484,0
84,24,-3,28672,28672
84,24,-2,74752,74752
84,24,-1,389632,389632
84,24,1,1615712,0
84,24,2,4790816,0
84,24,3,3441668,0
84,24,4,1865308,0
84,24,5,114208,0
84,25,-3,20480,20480
84,25,-2,41984,41984
84,25,-1,288768,288768
84,25,1,696640,0
84,25,2,1606528,0
84,25,3,1297520,0
84,25,4,209616,0
84,26,-3,4096,4096
84,26,-2,7168,7168
84,26,-1,68608,68608
84,26,1,104944,0
84,26,2,198288,0
84,26,3,173952,0
84,27,1,78080,0
84,27,2,26232,0
84,27,3,24552,0
84,27,4,2208,0
84,28,-1,18432,18432
84,28,1,382720,0
84,28,2,518612,0
84,28,3,191860,0
84,28,4,63368,0
84,28,5,4656,0
84,29,-1,122880,122880
84,29,1,1018112,0
84,29,2,1869088,0
84,29,3,1006264,0
84,29,4,304304,0
84,29,5,4728,0
84,30,-1,349440,349440
84,30,1,1380608,0
84,30,2,3358204,0
84,30,3,2564924,0
84,30,4,770984,0
84,30,5,95520,0
84,31,-1,428032,428032
84,31,1,1399552,0
84,31,2,3297288,0
84,31,3,3498744,0
84,31,4,1123480,0
84,31,5,83304,0
84,32,-1,216320,216320
84,32,1,1127424,0
84,32,2,2012768,0
84,32,3,2423160,0
84,32,4,844748,0
84,32,5,60252,0
84,33,-1,71680,71680
84,33,1,489216,0
84,33,2,748608,0
84,33,3,776920,0
84,33,4,399968,0
84,33,5,3976,0
84,34,-1,30720,30720
84,34,1,43008,0
84,34,2,156288,0
84,34,3,139344,0
84,34,4,22920,0
84,34,5,936,0
85,0,3,433920,0
85,0,5,614656,0
85,1,2,738304,0
85,1,3,432000,0
85,1,4,2999808,0
85,1,5,24192,0
85,2,1,393216,0
85,2,2,714240,0
85,2,3,3974400,0
85,2,4,1197504,0
85,2,5,12096,0
85,3,-1,65536,65536
85,3,1,380928,0
85,3,2,893696,0
85,3,3,2648960,0
85,3,4,159264,0
85,3,5,45920,0
85,4,-1,65536,65536
85,4,2,767040,0
85,4,3,162000,0
85,4,4,53568,0
85,4,5,432,0
85,10,-1,4096,4096
85,10,2,54080,0
85,10,3,7116,0
85,10,4,216,0
85,10,5,28,0
85,11,-2,8192,8192
85,11,-1,8192,8192
85,11,1,168192,0
85,11,2,454720,0
85,11,3,371204,0
85,11,4,165980,0
85,11,5,3168,0
85,12,-3,4096,4096
85,12,-2,16384,16384
85,12,-1,61440,61440
85,12,1,348672,0
85,12,2,1584424,0
85,12,3,1966106,0
85,12,4,1236934,0
85,12,5,24824,0
85,13,-3,8192,8192
85,13,-2,45056,45056
85,13,-1,328576,328576
85,13,1,821136,0
85,13,2,2038384,0
85,13,3,5673474,0
85,13,4,2172530,0
85,13,5,250380,0
85,14,-2,172032,172032
85,14,-1,459104,459104
85,14,1,1418496,0
85,14,2,4074460,0
85,14,3,5337474,0
85,14,4,2707838,0
85,14,5,51908,0
85,15,-3,4096,4096
85,15,-2,127488,127488
85,15,-1,594880,594880
85,15,1,2105616,0
85,15,2,3651996,0
85,15,3,3290658,0
85,15,4,1379970,0
85,15,5,51952,0
85,16,-3,40960,40960
85,16,-2,37376,37376
85,16,-1,854016,854016
85,16,1,1952576,0
85,16,2,3609700,0
85,16,3,1971364,0
85,16,4,468872,0
85,16,5,43568,0
85,17,-4,16384,16384
85,17,-3,12288,12288
85,17,-2,323584,323584
85,17,-1,745840,745840
85,17,1,3377640,0
85,17,2,4985858,0
85,17,3,4602536,0
85,17,4,1324180,0
85,17,5,12650,0
85,18,-5,8192,8192
85,18,-4,4096,4096
85,18,-3,143360,143360
85,18,-2,245760,245760
85,18,-1,1078016,1078016
85,18,1,3501688,0
85,18,2,7226638,0
85,18,3,7809946,0
85,18,4,2970276,0
85,18,5,146236,0
85,19,-4,49152,49152
85,19,-3,36864,36864
85,19,-2,289792,289792
85,19,-1,1814672,1814672
85,19,1,3149352,0
85,19,2,5659044,0
85,19,3,8854678,0
85,19,4,1998592,0
85,19,5,102414,0
85,20,-5,24576,24576
85,20,-4,16384,16384
85,20,-3,67584,67584
85,20,-2,421504,421504
85,20,-1,1264736,1264736
85,20,1,2950584,0
85,20,2,4568900,0
85,20,3,5082067,0
85,20,4,1889235,0
85,20,5,126,0
85,21,-4,11264,11264
85,21,-3,53248,53248
85,21,-2,300288,300288
85,21,-1,945216,945216
85,21,1,2298324,0
85,21,2,3919390,0
85,21,3,3615986,0
85,21,4,1610464,0
85,21,5,25340,0
85,22,-4,10240,10240
85,22,-3,28672,28672
85,22,-2,291584,291584
85,22,-1,1110448,1110448
85,22,1,2638504,0
85,22,2,4004568,0
85,22,3,4145338,0
85,22,4,1627625,0
85,22,5,36653,0
85,23,-3,22528,22528
85,23,-2,225024,225024
85,23,-1,1475008,1475008
85,23,1,2663136,0
85,23,2,5999914,0
85,23,3,6051587,0
85,23,4,1225677,0
85,23,5,97382,0
85,24,-5,1024,1024
85,24,-4,5120,5120
85,24,-3,6144,6144
85,24,-2,119808,119808
85,24,-1,1297920,1297920
85,24,1,3836469,0
85,24,2,8004299,0
85,24,3,5081072,0
85,24,4,1541551,0
85,24,5,95073,0
85,25,-4,2048,2048
85,25,-3,28672,28672
85,25,-2,34816,34816
85,25,-1,949632,949632
85,25,1,5624174,0
85,25,2,4605656,0
85,25,3,7619886,0
85,25,4,1847820,0
85,25,5,62208,0
85,26,-5,3072,3072
85,26,-4,6144,6144
85,26,-3,7168,7168
85,26,-2,91136,91136
85,26,-1,402368,402368
85,26,1,3286065,0
85,26,2,7289760,0
85,26,3,4514727,0
85,26,4,3555096,0
85,26,5,46512,0
85,27,-4,6144,6144
85,27,-3,12288,12288
85,27,-2,24576,24576
85,27,-1,150144,150144
85,27,1,975040,0
85,27,2,4728474,0
85,27,3,5023754,0
85,27,4,1470476,0
85,27,5,257552,0
85,28,-3,3072,3072
85,28,-2,11520,11520
85,28,-1,88512,88512
85,28,1,126528,0
85,28,2,1882560,0
85,28,3,2014464,0
85,28,4,687264,0
85,28,5,2976,0
85,29,-1,36864,36864
85,29,1,12288,0
85,29,2,307200,0
85,29,3,372480,0
85,29,4,57600,0
86,0,3,433920,0
86,0,5,614656,0
86,1,2,499712,0
86,1,3,865920,0
86,1,4,2659328,0
86,1,5,169344,0
86,2,1,131072,0
86,2,2,954304,0
86,2,3,1737600,0
86,2,4,3398784,0
86,2,5,69696,0
86,3,1,256000,0
86,3,2,469472,0
86,3,3,2257152,0
86,3,4,1189216,0
86,3,5,22464,0
86,4,1,123136,0
86,4,3,823296,0
86,4,4,79968,0
86,4,5,22176,0
86,8,2,64704,0
86,8,3,28044,0
86,8,4,876,0
86,8,5,4680,0
86,9,2,123904,0
86,9,3,75311,0
86,9,4,28451,0
86,9,5,1710,0
86,10,-2,8192,8192
86,10,-1,225280,225280
86,10,1,218496,0
86,10,2,170236,0
86,10,3,169076,0
86,10,4,27066,0
86,10,5,854,0
86,11,-2,32768,32768
86,11,-1,475136,475136
86,11,1,509696,0
86,11,2,485504,0
86,11,3,464180,0
86,11,4,96986,0
86,11,5,114,0
86,12,-2,49152,49152
86,12,-1,883456,883456
86,12,1,873696,0
86,12,2,906288,0
86,12,3,1269832,0
86,12,4,1041416,0
86,12,5,120736,0
86,13,-2,32768,32768
86,13,-1,1259008,1259008
86,13,1,1427648,0
86,13,2,1773720,0
86,13,3,3347402,0
86,13,4,3949918,0
86,13,5,38784,0
86,14,-2,8192,8192
86,14,-1,789248,789248
86,14,1,2085472,0
86,14,2,3479912,0
86,14,3,6142588,0
86,14,4,5730940,0
86,14,5,998464,0
86,15,-1,491520,491520
86,15,1,2573440,0
86,15,2,6333384,0
86,15,3,7953788,0
86,15,4,5771516,0
86,15,5,633152,0
86,16,-2,65536,65536
86,16,-1,755712,755712
86,16,1,3086080,0
86,16,2,8159900,0
86,16,3,8072556,0
86,16,4,4994788,0
86,16,5,358932,0
86,17,-2,303104,303104
86,17,-1,831648,831648
86,17,1,3253344,0
86,17,2,7694320,0
86,17,3,8372964,0
86,17,4,4468640,0
86,17,5,503948,0
86,18,-2,477696,477696
86,18,-1,858880,858880
86,18,1,3587808,0
86,18,2,6827344,0
86,18,3,7556708,0
86,18,4,4594376,0
86,18,5,83364,0
86,19,-3,49152,49152
86,19,-2,612352,612352
86,19,-1,1586432,1586432
86,19,1,4438336,0
86,19,2,6068400,0
86,19,3,5474560,0
86,19,4,2961412,0
86,19,5,239628,0
86,20,-3,147456,147456
86,20,-2,954368,954368
86,20,-1,2915328,2915328
86,20,1,4274784,0
86,20,2,4301476,0
86,20,3,3483492,0
86,20,4,830464,0
86,20,5,33688,0
86,21,-3,159744,159744
86,21,-2,881664,881664
86,21,-1,2833472,2833472
86,21,1,2949788,0
86,21,2,1984168,0
86,21,3,1354198,0
86,21,4,486566,0
86,22,-3,110592,110592
86,22,-2,451200,451200
86,22,-1,1230144,1230144
86,22,1,1785504,0
86,22,2,1533984,0
86,22,3,1728372,0
86,22,4,889260,0
86,22,5,36960,0
86,23,-3,86016,86016
86,23,-2,331008,331008
86,23,-1,430336,430336
86,23,1,1382976,0
86,23,2,3396904,0
86,23,3,3342624,0
86,23,4,1565244,0
86,23,5,48956,0
86,24,-3,36864,36864
86,24,-2,244864,244864
86,24,-1,550000,550000
86,24,1,1694208,0
86,24,2,4732136,0
86,24,3,3656246,0
86,24,4,1780352,0
86,24,5,183154,0
86,25,-2,183296,183296
86,25,-1,846336,846336
86,25,1,2261376,0
86,25,2,3258992,0
86,25,3,2408460,0
86,25,4,1147130,0
86,25,5,150794,0
86,26,-2,320512,320512
86,26,-1,763392,763392
86,26,1,1510144,0
86,26,2,1095008,0
86,26,3,1178840,0
86,26,4,659241,0
86,26,5,10655,0
86,27,-2,225280,225280
86,27,-1,284672,284672
86,27,1,417792,0
86,27,2,734656,0
86,27,3,1195820,0
86,27,4,565872,0
86,27,5,16548,0
86,28,-2,45056,45056
86,28,-1,36864,36864
86,28,1,152576,0
86,28,2,1083224,0
86,28,3,1901516,0
86,28,4,1064144,0
86,28,5,107532,0
86,29,-1,4096,4096
86,29,1,302528,0
86,29,2,1344400,0
86,29,3,2083808,0
86,29,4,1143936,0
86,29,5,36432,0
86,30,-1,20480,20480
86,30,1,454400,0
86,30,2,1185568,0
86,30,3,1057288,0
86,30,4,606096,0
86,30,5,18504,0
86,31,-1,28672,28672
86,31,1,347904,0
86,31,2,434432,0
86,31,3,329968,0
86,31,4,104208,0
86,32,-1,12288,12288
86,32,1,97152,0
86,32,2,47232,0
86,32,3,39936,0
87,0,3,433920,0
87,0,5,614656,0
87,1,2,507904,0
87,1,3,864000,0
87,1,4,2709504,0
87,1,5,112896,0
87,2,1,131072,0
87,2,2,954304,0
87,2,3,1614848,0
87,2,4,3498240,0
87,2,5,92992,0
87,3,1,262144,0
87,3,2,476160,0
87,3,3,2649600,0
87,3,4,798336,0
87,3,5,8064,0
87,4,1,126976,0
87,4,3,871424,0
87,4,4,47040,0
87,4,5,3136,0
87,8,1,442368,0
87,8,2,144384,0
87,8,3,81744,0
87,8,4,117936,0
87,9,-1,376832,376832
87,9,1,1468928,0
87,9,2,638392,0
87,9,3,740392,0
87,9,4,305760,0
87,9,5,8640,0
87,10,-2,73728,73728
87,10,-1,1114112,1114112
87,10,1,1835520,0
87,10,2,1592224,0
87,10,3,1094728,0
87,10,4,508424,0
87,10,5,72720,0
87,11,-2,221184,221184
87,11,-1,1253376,1253376
87,11,1,1246752,0
87,11,2,2093672,0
87,11,3,1046760,0
87,11,4,287696,0
87,11,5,10944,0
87,12,-2,221184,221184
87,12,-1,393216,393216
87,12,1,2026624,0
87,12,2,1289824,0
87,12,3,1263848,0
87,12,4,298744,0
87,12,5,11584,0
87,13,-2,86016,86016
87,13,-1,528384,528384
87,13,1,1510912,0
87,13,2,2665600,0
87,13,3,1392792,0
87,13,4,361724,0
87,13,5,8172,0
87,14,-2,24576,24576
87,14,-1,84928,84928
87,14,1,3382176,0
87,14,2,3198044,0
87,14,3,2352585,0
87,14,4,865271,0
87,14,5,53892,0
87,15,-3,12288,12288
87,15,-2,36864,36864
87,15,-1,1075200,1075200
87,15,1,1449408,0
87,15,2,5795984,0
87,15,3,3598648,0
87,15,4,1020134,0
87,15,5,118674,0
87,16,-3,49152,49152
87,16,-2,165888,165888
87,16,-1,1097216,1097216
87,16,1,3661056,0
87,16,2,4000088,0
87,16,3,3434115,0
87,16,4,1256317,0
87,16,5,33192,0
87,17,-3,61440,61440
87,17,-2,258048,258048
87,17,-1,1525888,1525888
87,17,1,2518208,0
87,17,2,3957654,0
87,17,3,3322570,0
87,17,4,860752,0
87,17,5,12816,0
87,18,-3,49152,49152
87,18,-2,387072,387072
87,18,-1,796312,796312
87,18,1,2350136,0
87,18,2,3429901,0
87,18,3,1356779,0
87,18,4,247228,0
87,18,5,34172,0
87,19,-3,86016,86016
87,19,-2,313344,313344
87,19,-1,573568,573568
87,19,1,1645296,0
87,19,2,3024258,0
87,19,3,1579836,0
87,19,4,180242,0
87,19,5,35776,0
87,20,-2,114688,114688
87,20,-1,272024,272024
87,20,1,1248952,0
87,20,2,2709492,0
87,20,3,4004652,0
87,20,4,1126096,0
87,20,5,26816,0
87,21,-3,36864,36864
87,21,-2,223232,223232
87,21,-1,437120,437120
87,21,1,3566128,0
87,21,2,4866958,0
87,21,3,6025453,0
87,21,4,3824997,0
87,21,5,188528,0
87,22,-3,8192,8192
87,22,-2,200704,200704
87,22,-1,650208,650208
87,22,1,5406016,0
87,22,2,8764870,0
87,22,3,8803774,0
87,22,4,4262044,0
87,22,5,84672,0
87,23,-3,32768,32768
87,23,-2,160768,160768
87,23,-1,745088,745088
87,23,1,5107904,0
87,23,2,12234028,0
87,23,3,9243536,0
87,23,4,3704820,0
87,23,5,261136,0
87,24,-3,49152,49152
87,24,-2,80384,80384
87,24,-1,823552,823552
87,24,1,4224440,0
87,24,2,10094800,0
87,24,3,7329688,0
87,24,4,2004720,0
87,24,5,428016,0
87,25,-3,32768,32768
87,25,-2,16384,16384
87,25,-1,791552,791552
87,25,1,3524704,0
87,25,2,4767680,0
87,25,3,4041832,0
87,25,4,1243272,0
87,25,5,32496,0
87,26,-3,8192,8192
87,26,-1,679936,679936
87,26,1,2169600,0
87,26,2,2397888,0
87,26,3,1441840,0
87,26,4,350096,0
87,26,5,30336,0
87,27,-1,409600,409600
87,27,1,1213440,0
87,27,2,1445440,0
87,27,3,545804,0
87,27,4,118676,0
87,27,5,2592,0
87,28,-1,339968,339968
87,28,1,798720,0
87,28,2,762224,0
87,28,3,309016,0
87,28,4,69440,0
87,28,5,14392,0
87,29,-1,293632,293632
87,29,1,603344,0
87,29,2,911744,0
87,29,3,560628,0
87,29,4,178100,0
87,29,5,8456,0
87,30,-2,8192,8192
87,30,-1,268960,268960
87,30,1,790368,0
87,30,2,1540624,0
87,30,3,1274612,0
87,30,4,374260,0
87,30,5,2824,0
87,31,-3,4096,4096
87,31,-2,40960,40960
87,31,-1,271104,271104
87,31,1,985024,0
87,31,2,1519920,0
87,31,3,1754060,0
87,31,4,336816,0
87,31,5,3220,0
87,32,-3,20480,20480
87,32,-2,57344,57344
87,32,-1,241408,241408
87,32,1,802048,0
87,32,2,1382208,0
87,32,3,798324,0
87,32,4,39844,0
87,32,5,680,0
87,33,-3,28672,28672
87,33,-2,24576,24576
87,33,-1,225280,225280
87,33,1,375808,0
87,33,2,533760,0
87,33,3,31248,0
87,33,4,25840,0
87,34,-3,12288,12288
87,34,-1,86016,86016
87,34,1,86016,0
87,34,2,1536,0
87,34,3,5664,0
87,34,4,5088,0
88,0,3,433920,0
88,0,5,614656,0
88,1,2,262144,0
88,1,3,1297920,0
88,1,4,2107392,0
88,1,5,526848,0
88,2,2,761856,0
88,2,3,1296000,0
88,2,4,4064256,0
88,2,5,169344,0
88,3,2,738304,0
88,3,3,432000,0
88,3,4,2999808,0
88,3,5,24192,0
88,4,2,238576,0
88,4,4,808704,0
88,4,5,1296,0
88,7,2,24576,0
88,7,3,104816,0
88,7,5,1680,0
88,8,2,143616,0
88,8,3,733432,0
88,8,4,38860,0
88,8,5,1596,0
88,9,2,386048,0
88,9,3,2033720,0
88,9,4,319644,0
88,9,5,13100,0
88,10,2,630528,0
88,10,3,2841764,0
88,10,4,1105436,0
88,10,5,9792,0
88,11,2,718848,0
88,11,3,2386088,0
88,11,4,1683140,0
88,11,5,28820,0
88,12,2,754432,0
88,12,3,1806508,0
88,12,4,1290362,0
88,12,5,15322,0
88,13,1,24576,0
88,13,2,899872,0
88,13,3,1935284,0
88,13,4,813253,0
88,13,5,29799,0
88,14,1,209920,0
88,14,2,1257008,0
88,14,3,3375576,0
88,14,4,924858,0
88,14,5,32574,0
88,15,1,606208,0
88,15,2,2273336,0
88,15,3,4415394,0
88,15,4,1222365,0
88,15,5,35145,0
88,16,1,1346048,0
88,16,2,3296504,0
88,16,3,4121172,0
88,16,4,1843056,0
88,16,5,173892,0
88,17,1,1732096,0
88,17,2,3531780,0
88,17,3,4927620,0
88,17,4,3168852,0
88,17,5,172836,0
88,18,1,1278464,0
88,18,2,3221120,0
88,18,3,6086900,0
88,18,4,3877564,0
88,18,5,183248,0
88,19,1,473600,0
88,19,2,3029632,0
88,19,3,6472620,0
88,19,4,3777404,0
88,19,5,140376,0
88,20,-1,24576,24576
88,20,1,370688,0
88,20,2,3069304,0
88,20,3,7167652,0
88,20,4,3688552,0
88,20,5,129916,0
88,21,-1,57344,57344
88,21,1,1175552,0
88,21,2,3420992,0
88,21,3,10708320,0
88,21,4,5751408,0
88,21,5,120048,0
88,22,-1,114688,114688
88,22,1,2064640,0
88,22,2,4399528,0
88,22,3,15765480,0
88,22,4,10226492,0
88,22,5,131636,0
88,23,-1,180224,180224
88,23,1,1926400,0
88,23,2,5871152,0
88,23,3,15328172,0
88,23,4,11484408,0
88,23,5,468012,0
88,24,-1,122880,122880
88,24,1,1369856,0
88,24,2,4029884,0
88,24,3,11192200,0
88,24,4,8733700,0
88,24,5,110520,0
88,25,-1,24576,24576
88,25,1,1258240,0
88,25,2,1667982,0
88,25,3,6666218,0
88,25,4,4149896,0
88,25,5,618240,0
88,26,1,1214464,0
88,26,2,708920,0
88,26,3,3848716,0
88,26,4,1925232,0
88,26,5,134220,0
88,27,1,704448,0
88,27,2,513808,0
88,27,3,2295520,0
88,27,4,974139,0
88,27,5,1301,0
88,28,1,206528,0
88,28,2,591808,0
88,28,3,1556854,0
88,28,4,556981,0
88,28,5,4181,0
88,29,1,63040,0
88,29,2,604536,0
88,29,3,1218998,0
88,29,4,565781,0
88,29,5,5245,0
88,30,1,51008,0
88,30,2,409160,0
88,30,3,866270,0
88,30,4,336979,0
88,30,5,7751,0
88,31,1,26624,0
88,31,2,148112,0
88,31,3,363646,0
88,31,4,83041,0
88,31,5,1169,0
88,32,1,6144,0
88,32,2,22344,0
88,32,3,64104,0
88,32,4,3969,0
88,32,5,1743,0
89,0,3,433920,0
89,0,5,614656,0
89,1,2,753664,0
89,1,3,430080,0
89,1,4,3010560,0
89,2,1,389120,0
89,2,2,730112,0
89,2,3,3337664,0
89,2,4,1806336,0
89,2,5,28224,0
89,3,-1,65536,65536
89,3,1,380928,0
89,3,2,829440,0
89,3,3,2209664,0
89,3,4,577024,0
89,3,5,131712,0
89,4,-1,64512,64512
89,4,2,568320,0
89,4,3,11760,0
89,4,4,403984,0
89,6,2,148608,0
89,6,3,74256,0
89,6,4,91728,0
89,6,5,78624,0
89,7,1,61440,0
89,7,2,306096,0
89,7,3,402896,0
89,7,4,434520,0
89,7,5,105768,0
89,8,-1,276480,276480
89,8,1,461568,0
89,8,2,384512,0
89,8,3,1062742,0
89,8,4,544638,0
89,8,5,22572,0
89,9,-2,73728,73728
89,9,-1,968976,968976
89,9,1,760752,0
89,9,2,1269256,0
89,9,3,1457780,0
89,9,4,186060,0
89,9,5,2040,0
89,10,-2,562176,562176
89,10,-1,418432,418432
89,10,1,1444016,0
89,10,2,1573636,0
89,10,3,616346,0
89,10,4,366130,0
89,11,-3,110592,110592
89,11,-2,211456,211456
89,11,-1,451264,451264
89,11,1,735856,0
89,11,2,797280,0
89,11,3,494344,0
89,11,4,115560,0
89,12,-3,94208,94208
89,12,-2,68352,68352
89,12,-1,256336,256336
89,12,1,624080,0
89,12,2,613026,0
89,12,3,360206,0
89,12,4,127092,0
89,12,5,84924,0
89,13,-4,4096,4096
89,13,-3,116736,116736
89,13,-2,208896,208896
89,13,-1,319488,319488
89,13,1,970400,0
89,13,2,1355448,0
89,13,3,756637,0
89,13,4,785923,0
89,13,5,37128,0
89,14,-4,8192,8192
89,14,-3,92160,92160
89,14,-2,367872,367872
89,14,-1,697088,697088
89,14,1,1110304,0
89,14,2,2270918,0
89,14,3,2115624,0
89,14,4,1102724,0
89,14,5,1134,0
89,15,-4,4096,4096
89,15,-3,38912,38912
89,15,-2,249856,249856
89,15,-1,762880,762880
89,15,1,2134216,0
89,15,2,1952126,0
89,15,3,4759179,0
89,15,4,353751,0
89,15,5,1368,0
89,16,-3,55296,55296
89,16,-2,65536,65536
89,16,-1,618368,618368
89,16,1,1638312,0
89,16,2,2953960,0
89,16,3,2911374,0
89,16,4,2403092,0
89,16,5,3662,0
89,17,-3,4096,4096
89,17,-2,259584,259584
89,17,-1,222848,222848
89,17,1,1438267,0
89,17,2,2378751,0
89,17,3,1959318,0
89,17,4,2677760,0
89,17,5,5040,0
89,18,-3,10240,10240
89,18,-2,77824,77824
89,18,-1,1194256,1194256
89,18,1,1212222,0
89,18,2,2708496,0
89,18,3,2232529,0
89,18,4,1745820,0
89,18,5,26421,0
89,19,-3,68480,68480
89,19,-2,386048,386048
89,19,-1,1172992,1172992
89,19,1,2459504,0
89,19,2,4663114,0
89,19,3,3480396,0
89,19,4,1380800,0
89,19,5,20154,0
89,20,-4,25600,25600
89,20,-3,140288,140288
89,20,-2,491712,491712
89,20,-1,1214144,1214144
89,20,1,4246722,0
89,20,2,6889537,0
89,20,3,6769754,0
89,20,4,994251,0
89,20,5,35672,0
89,21,-4,51200,51200
89,21,-3,61312,61312
89,21,-2,439808,439808
89,21,-1,1953936,1953936
89,21,1,3644640,0
89,21,2,8767420,0
89,21,3,9548534,0
89,21,4,2235582,0
89,21,5,36256,0
89,22,-4,4096,4096
89,22,-3,95104,95104
89,22,-2,694528,694528
89,22,-1,1123072,1123072
89,22,1,4965520,0
89,22,2,8146544,0
89,22,3,9003816,0
89,22,4,4028500,0
89,22,5,53764,0
89,23,-4,37888,37888
89,23,-3,112640,112640
89,23,-2,260480,260480
89,23,-1,2466400,2466400
89,23,1,3685988,0
89,23,2,8631276,0
89,23,3,9665146,0
89,23,4,3752712,0
89,23,5,157774,0
89,24,-5,8192,8192
89,24,-4,36864,36864
89,24,-3,116736,116736
89,24,-2,608000,608000
89,24,-1,1757440,1757440
89,24,1,5123405,0
89,24,2,7260669,0
89,24,3,7825149,0
89,24,4,3325581,0
89,24,5,86828,0
89,25,-5,16384,16384
89,25,-4,36864,36864
89,25,-3,161792,161792
89,25,-2,988672,988672
89,25,-1,2247008,2247008
89,25,1,3761544,0
89,25,2,5014724,0
89,25,3,4356560,0
89,25,4,979402,0
89,25,5,66234,0
89,26,-5,8192,8192
89,26,-4,28672,28672
89,26,-3,159744,159744
89,26,-2,814336,814336
89,26,-1,1646208,1646208
89,26,1,2992192,0
89,26,2,3498544,0
89,26,3,2541008,0
89,26,4,886864,0
89,26,5,7152,0
89,27,-4,12288,12288
89,27,-3,144384,144384
89,27,-2,211584,211584
89,27,-1,523200,523200
89,27,1,1111808,0
89,27,2,1061136,0
89,27,3,1144960,0
89,27,4,896760,0
89,27,5,5688,0
89,28,-1,12288,12288
89,28,1,82944,0
89,28,2,316208,0
89,28,3,748080,0
89,28,4,66776,0
89,28,5,18888,0
89,29,1,6144,0
89,29,2,159552,0
89,29,3,17712,0
89,29,4,13200,0
90,0,3,433920,0
90,0,5,614656,0
90,1,2,262144,0
90,1,3,1297920,0
90,1,4,2107392,0
90,1,5,526848,0
90,2,2,761856,0
90,2,3,1296000,0
90,2,4,4064256,0
90,2,5,169344,0
90,3,2,738304,0
90,3,3,432000,0
90,3,4,2999808,0
90,3,5,24192,0
90,4,2,238576,0
90,4,4,808704,0
90,4,5,1296,0
90,7,3,231424,0
90,7,4,30720,0
90,8,2,106496,0
90,8,3,1471232,0
90,8,4,255552,0
90,8,5,1728,0
90,9,2,737280,0
90,9,3,3721984,0
90,9,4,756720,0
90,9,5,26896,0
90,10,1,245760,0
90,10,2,2128384,0
90,10,3,4975104,0
90,10,4,1547984,0
90,10,5,15664,0
90,11,-1,8192,8192
90,11,1,1163264,0
90,11,2,3639168,0
90,11,3,5052972,0
90,11,4,3086536,0
90,11,5,25996,0
90,12,-1,45056,45056
90,12,1,2152448,0
90,12,2,4534952,0
90,12,3,7034142,0
90,12,4,4554976,0
90,12,5,126810,0
90,13,-1,124224,124224
90,13,1,2502400,0
90,13,2,4854212,0
90,13,3,9051084,0
90,13,4,4089828,0
90,13,5,448076,0
90,14,-1,188672,188672
90,14,1,3542528,0
90,14,2,4625610,0
90,14,3,9718490,0
90,14,4,3342054,0
90,14,5,307830,0
90,15,-1,238976,238976
90,15,1,4273568,0
90,15,2,4174506,0
90,15,3,9652514,0
90,15,4,3211976,0
90,15,5,42572,0
90,16,-1,238848,238848
90,16,1,4204768,0
90,16,2,3439526,0
90,16,3,6773167,0
90,16,4,2873891,0
90,16,5,197288,0
90,17,-1,219456,219456
90,17,1,3978368,0
90,17,2,3256056,0
90,17,3,4915421,0
90,17,4,2176339,0
90,17,5,36120,0
90,18,-1,230400,230400
90,18,1,3609812,0
90,18,2,2896308,0
90,18,3,3786179,0
90,18,4,1851637,0
90,18,5,44736,0
90,19,-1,112128,112128
90,19,1,2041696,0
90,19,2,2586116,0
90,19,3,3967967,0
90,19,4,1830693,0
90,19,5,12696,0
90,20,1,1303264,0
90,20,2,4067744,0
90,20,3,4596464,0
90,20,4,1937158,0
90,20,5,121226,0
90,21,1,978528,0
90,21,2,5289136,0
90,21,3,5916412,0
90,21,4,2230888,0
90,21,5,166796,0
90,22,-1,1024,1024
90,22,1,949376,0
90,22,2,4369824,0
90,22,3,8307816,0
90,22,4,3383264,0
90,22,5,191896,0
90,23,-1,6144,6144
90,23,1,566016,0
90,23,2,3436912,0
90,23,3,7017412,0
90,23,4,7109784,0
90,23,5,181044,0
90,24,-1,15360,15360
90,24,1,264960,0
90,24,2,2417296,0
90,24,3,5386624,0
90,24,4,5056688,0
90,24,5,195648,0
90,25,-1,20480,20480
90,25,1,121344,0
90,25,2,1361440,0
90,25,3,2795368,0
90,25,4,1674604,0
90,25,5,154380,0
90,26,-1,15360,15360
90,26,1,49792,0
90,26,2,576672,0
90,26,3,1066226,0
90,26,4,408302,0
90,26,5,13568,0
90,27,-1,6144,6144
90,27,1,18432,0
90,27,2,174176,0
90,27,3,266988,0
90,27,4,56300,0
90,27,5,2248,0
90,28,-1,1024,1024
90,28,1,3072,0
90,28,2,26368,0
90,28,3,31976,0
90,28,4,2972,0
90,28,5,124,0
91,0,3,433920,0
91,0,5,614656,0
91,1,2,738304,0
91,1,3,432000,0
91,1,4,2999808,0
91,1,5,24192,0
91,2,1,393216,0
91,2,2,714240,0
91,2,3,3974400,0
91,2,4,1197504,0
91,2,5,12096,0
91,3,-1,65536,65536
91,3,1,380928,0
91,3,2,893696,0
91,3,3,2648960,0
91,3,4,159264,0
91,3,5,45920,0
91,4,-1,65536,65536
91,4,2,767040,0
91,4,3,162000,0
91,4,4,53568,0
91,4,5,432,0
91,8,-1,32768,32768
91,8,1,16384,0
91,8,2,59392,0
91,8,3,153600,0
91,9,-1,65536,65536
91,9,1,258048,0
91,9,2,660224,0
91,9,3,826944,0
91,9,4,286400,0
91,10,-1,16384,16384
91,10,1,638976,0
91,10,2,1893376,0
91,10,3,2822352,0
91,10,4,1438448,0
91,10,5,6208,0
91,11,-1,163840,163840
91,11,1,489472,0
91,11,2,3057584,0
91,11,3,5760752,0
91,11,4,2412592,0
91,11,5,174384,0
91,12,-1,335872,335872
91,12,1,1347840,0
91,12,2,3544704,0
91,12,3,4740488,0
91,12,4,4008840,0
91,12,5,46960,0
91,13,-1,647168,647168
91,13,1,2356736,0
91,13,2,3315424,0
91,13,3,6044848,0
91,13,4,1378800,0
91,13,5,19584,0
91,14,-3,32768,32768
91,14,-2,16384,16384
91,14,-1,647168,647168
91,14,1,2565632,0
91,14,2,4713312,0
91,14,3,5044156,0
91,14,4,990388,0
91,14,5,14896,0
91,15,-3,65536,65536
91,15,-2,98304,98304
91,15,-1,303104,303104
91,15,1,2846720,0
91,15,2,4577856,0
91,15,3,3766064,0
91,15,4,2613248,0
91,15,5,16016,0
91,16,-3,32768,32768
91,16,-2,147456,147456
91,16,-1,356352,356352
91,16,1,1637376,0
91,16,2,3900512,0
91,16,3,4657164,0
91,16,4,2791868,0
91,16,5,42456,0
91,17,-2,65536,65536
91,17,-1,131072,131072
91,17,1,957824,0
91,17,2,3790720,0
91,17,3,5495868,0
91,17,4,3203412,0
91,17,5,249200,0
91,18,-1,185344,185344
91,18,1,1104896,0
91,18,2,3539872,0
91,18,3,8541400,0
91,18,4,3780546,0
91,18,5,280518,0
91,19,-2,36864,36864
91,19,-1,274432,274432
91,19,1,1574144,0
91,19,2,5928661,0
91,19,3,8369131,0
91,19,4,5210921,0
91,19,5,134423,0
91,20,-2,12288,12288
91,20,-1,494592,494592
91,20,1,2017536,0
91,20,2,5882760,0
91,20,3,9608190,0
91,20,4,2490504,0
91,20,5,137970,0
91,21,-2,1024,1024
91,21,-1,499712,499712
91,21,1,2082176,0
91,21,2,6330872,0
91,21,3,7549264,0
91,21,4,1640680,0
91,21,5,82512,0
91,22,-2,6144,6144
91,22,-1,345088,345088
91,22,1,2214272,0
91,22,2,4988405,0
91,22,3,5389477,0
91,22,4,3692696,0
91,22,5,42830,0
91,23,-2,1024,1024
91,23,-1,342784,342784
91,23,1,2020696,0
91,23,2,3079205,0
91,23,3,5075428,0
91,23,4,1460744,0
91,23,5,111511,0
91,24,-2,21504,21504
91,24,-1,180992,180992
91,24,1,957056,0
91,24,2,2709756,0
91,24,3,4044392,0
91,24,4,2277314,0
91,24,5,98138,0
91,25,-2,20992,20992
91,25,-1,217600,217600
91,25,1,888832,0
91,25,2,2344323,0
91,25,3,5393529,0
91,25,4,2714338,0
91,25,5,53026,0
91,26,-2,14336,14336
91,26,-1,124928,124928
91,26,1,642160,0
91,26,2,2702034,0
91,26,3,4241433,0
91,26,4,1712717,0
91,26,5,130648,0
91,27,-1,52352,52352
91,27,1,560528,0
91,27,2,1954892,0
91,27,3,1845784,0
91,27,4,1119534,0
91,27,5,37470,0
91,28,-2,2560,2560
91,28,-1,46592,46592
91,28,1,360384,0
91,28,2,650914,0
91,28,3,1027584,0
91,28,4,316920,0
91,28,5,19878,0
91,29,-2,9216,9216
91,29,-1,33792,33792
91,29,1,131112,0
91,29,2,228080,0
91,29,3,244800,0
91,29,4,71592,0
91,29,5,2304,0
91,30,-2,3072,3072
91,30,-1,9216,9216
91,30,1,15360,0
91,30,2,41016,0
91,30,3,26760,0
91,30,4,2880,0
92,0,3,433920,0
92,0,5,614656,0
92,1,2,507904,0
92,1,3,864000,0
92,1,4,2709504,0
92,1,5,112896,0
92,2,1,131072,0
92,2,2,954304,0
92,2,3,1614848,0
92,2,4,3498240,0
92,2,5,92992,0
92,3,1,262144,0
92,3,2,476160,0
92,3,3,2649600,0
92,3,4,798336,0
92,3,5,8064,0
92,4,1,126976,0
92,4,3,871424,0
92,4,4,47040,0
92,4,5,3136,0
92,6,2,113664,0
92,6,3,81396,0
92,6,4,172452,0
92,6,5,25704,0
92,7,1,36864,0
92,7,2,467520,0
92,7,3,528908,0
92,7,4,976932,0
92,7,5,86928,0
92,8,-1,24576,24576
92,8,1,162560,0
92,8,2,657344,0
92,8,3,1731458,0
92,8,4,1311438,0
92,8,5,44784,0
92,9,-1,147456,147456
92,9,1,306176,0
92,9,2,1326528,0
92,9,3,1821364,0
92,9,4,825316,0
92,9,5,29608,0
92,10,-1,188416,188416
92,10,1,1192448,0
92,10,2,2547584,0
92,10,3,1786108,0
92,10,4,699812,0
92,10,5,8160,0
92,11,-1,139264,139264
92,11,1,1567616,0
92,11,2,2407948,0
92,11,3,2403174,0
92,11,4,1074478,0
92,11,5,140768,0
92,12,-2,147456,147456
92,12,-1,417792,417792
92,12,1,880384,0
92,12,2,2143616,0
92,12,3,1971424,0
92,12,4,1323648,0
92,12,5,62496,0
92,13,-2,196608,196608
92,13,-1,499712,499712
92,13,1,859520,0
92,13,2,2143648,0
92,13,3,2278536,0
92,13,4,653176,0
92,13,5,53472,0
92,14,-2,49152,49152
92,14,-1,212992,212992
92,14,1,1334016,0
92,14,2,3063808,0
92,14,3,1977952,0
92,14,4,928544,0
92,14,5,35712,0
92,15,-1,131072,131072
92,15,1,946176,0
92,15,2,4876736,0
92,15,3,7692916,0
92,15,4,974156,0
92,15,5,124544,0
92,16,-1,90112,90112
92,16,1,869376,0
92,16,2,5299664,0
92,16,3,10961420,0
92,16,4,5327904,0
92,16,5,61444,0
92,17,-1,24576,24576
92,17,1,2022528,0
92,17,2,5091584,0
92,17,3,8371076,0
92,17,4,4993592,0
92,17,5,337092,0
92,18,-1,23552,23552
92,18,1,1451312,0
92,18,2,6240284,0
92,18,3,5941440,0
92,18,4,2681862,0
92,18,5,242158,0
92,19,-2,18432,18432
92,19,-1,77824,77824
92,19,1,1666264,0
92,19,2,5671170,0
92,19,3,6297608,0
92,19,4,2391886,0
92,19,5,293584,0
92,20,-2,6144,6144
92,20,-1,315904,315904
92,20,1,1937864,0
92,20,2,5964384,0
92,20,3,6825992,0
92,20,4,3011976,0
92,20,5,58440,0
92,21,-2,73728,73728
92,21,-1,443072,443072
92,21,1,2221168,0
92,21,2,5645676,0
92,21,3,6269175,0
92,21,4,2930181,0
92,21,5,275560,0
92,22,-2,60480,60480
92,22,-1,870352,870352
92,22,1,2136728,0
92,22,2,4471940,0
92,22,3,4407714,0
92,22,4,1492754,0
92,22,5,27680,0
92,23,-2,145408,145408
92,23,-1,690352,690352
92,23,1,2384608,0
92,23,2,3223252,0
92,23,3,2129783,0
92,23,4,643913,0
92,23,5,56028,0
92,24,-2,142592,142592
92,24,-1,607808,607808
92,24,1,1813712,0
92,24,2,3618168,0
92,24,3,2408472,0
92,24,4,777164,0
92,24,5,36500,0
92,25,-2,79872,79872
92,25,-1,688640,688640
92,25,1,1690176,0
92,25,2,3854536,0
92,25,3,4151276,0
92,25,4,1737128,0
92,25,5,86372,0
92,26,-3,24576,24576
92,26,-2,73728,73728
92,26,-1,693504,693504
92,26,1,1644896,0
92,26,2,3486946,0
92,26,3,5262800,0
92,26,4,1751964,0
92,26,5,70482,0
92,27,-3,122880,122880
92,27,-2,172032,172032
92,27,-1,672384,672384
92,27,1,1969568,0
92,27,2,3015804,0
92,27,3,3901292,0
92,27,4,948668,0
92,27,5,10812,0
92,28,-3,172032,172032
92,28,-2,215040,215040
92,28,-1,436224,436224
92,28,1,2161792,0
92,28,2,2073778,0
92,28,3,1484432,0
92,28,4,594240,0
92,28,5,5886,0
92,29,-3,73728,73728
92,29,-2,92160,92160
92,29,-1,187392,187392
92,29,1,851456,0
92,29,2,774832,0
92,29,3,467002,0
92,29,4,173250,0
92,29,5,1620,0
92,30,-1,15360,15360
92,30,1,21504,0
92,30,2,70344,0
92,30,3,73362,0
92,30,4,15876,0
92,30,5,162,0
93,0,3,433920,0
93,0,5,614656,0
93,1,2,507904,0
93,1,3,864000,0
93,1,4,2709504,0
93,1,5,112896,0
93,2,1,131072,0
93,2,2,954304,0
93,2,3,1614848,0
93,2,4,3498240,0
93,2,5,92992,0
93,3,1,262144,0
93,3,2,476160,0
93,3,3,2649600,0
93,3,4,798336,0
93,3,5,8064,0
93,4,1,126976,0
93,4,3,871424,0
93,4,4,47040,0
93,4,5,3136,0
93,9,2,108544,0
93,9,3,133248,0
93,9,4,3072,0
93,9,5,17280,0
93,10,2,507904,0
93,10,3,769792,0
93,10,4,284224,0
93,10,5,10944,0
93,11,1,458752,0
93,11,2,948224,0
93,11,3,2260672,0
93,11,4,1516768,0
93,11,5,58464,0
93,12,-1,49152,49152
93,12,1,1925120,0
93,12,2,2593664,0
93,12,3,4595344,0
93,12,4,2607568,0
93,12,5,418848,0
93,13,-1,147456,147456
93,13,1,3092992,0
93,13,2,6727584,0
93,13,3,7477088,0
93,13,4,3629424,0
93,13,5,159120,0
93,14,-1,438272,438272
93,14,1,3414528,0
93,14,2,9982760,0
93,14,3,8737492,0
93,14,4,4799892,0
93,14,5,283248,0
93,15,-1,913408,913408
93,15,1,3401600,0
93,15,2,8055984,0
93,15,3,10200348,0
93,15,4,2595814,0
93,15,5,522958,0
93,16,-1,823296,823296
93,16,1,3149568,0
93,16,2,5950350,0
93,16,3,4305458,0
93,16,4,1891848,0
93,16,5,34104,0
93,17,-1,671232,671232
93,17,1,1930112,0
93,17,2,1867184,0
93,17,3,1823024,0
93,17,4,629824,0
93,17,5,25440,0
93,18,-1,299008,299008
93,18,1,640960,0
93,18,2,1026320,0
93,18,3,2004708,0
93,18,4,1070778,0
93,18,5,4498,0
93,19,-2,6144,6144
93,19,-1,26240,26240
93,19,1,737280,0
93,19,2,3346396,0
93,19,3,3740724,0
93,19,4,2268860,0
93,19,5,97972,0
93,20,-2,30720,30720
93,20,-1,177152,177152
93,20,1,1494976,0
93,20,2,5767968,0
93,20,3,5674158,0
93,20,4,1995778,0
93,20,5,63600,0
93,21,-2,61440,61440
93,21,-1,623616,623616
93,21,1,2816376,0
93,21,2,6069596,0
93,21,3,4914222,0
93,21,4,2272562,0
93,21,5,150476,0
93,22,-2,139264,139264
93,22,-1,1001472,1001472
93,22,1,2439136,0
93,22,2,6549756,0
93,22,3,5106776,0
93,22,4,2014854,0
93,22,5,17478,0
93,23,-2,239616,239616
93,23,-1,1115392,1115392
93,23,1,3642912,0
93,23,2,5326192,0
93,23,3,4691488,0
93,23,4,1445848,0
93,23,5,20856,0
93,24,-2,159744,159744
93,24,-1,1161984,1161984
93,24,1,3483840,0
93,24,2,4992578,0
93,24,3,3849684,0
93,24,4,423888,0
93,24,5,18522,0
93,25,-2,68608,68608
93,25,-1,862848,862848
93,25,1,2761312,0
93,25,2,4255500,0
93,25,3,2331196,0
93,25,4,748492,0
93,25,5,14860,0
93,26,-2,63488,63488
93,26,-1,761088,761088
93,26,1,2321536,0
93,26,2,4141466,0
93,26,3,2552990,0
93,26,4,1146181,0
93,26,5,121603,0
93,27,-4,4096,4096
93,27,-3,6144,6144
93,27,-2,147456,147456
93,27,-1,515136,515136
93,27,1,1680384,0
93,27,2,2776992,0
93,27,3,2960848,0
93,27,4,900538,0
93,27,5,19606,0
93,28,-4,16384,16384
93,28,-3,24576,24576
93,28,-2,221184,221184
93,28,-1,366080,366080
93,28,1,1063616,0
93,28,2,1475704,0
93,28,3,1823274,0
93,28,4,534540,0
93,28,5,12434,0
93,29,-4,24576,24576
93,29,-3,36864,36864
93,29,-2,167936,167936
93,29,-1,230272,230272
93,29,1,461600,0
93,29,2,668060,0
93,29,3,395568,0
93,29,4,208420,0
93,29,5,2160,0
93,30,-4,16384,16384
93,30,-3,24576,24576
93,30,-2,61440,61440
93,30,-1,94208,94208
93,30,1,145536,0
93,30,2,139840,0
93,30,3,36032,0
93,30,4,6272,0
93,31,-4,4096,4096
93,31,-3,6144,6144
93,31,-2,8192,8192
93,31,-1,18432,18432
93,31,1,19584,0
93,31,2,7008,0
93,31,3,1600,0
93,31,4,480,0
94,0,3,433920,0
94,0,5,614656,0
94,1,2,738304,0
94,1,3,432000,0
94,1,4,2999808,0
94,1,5,24192,0
94,2,1,393216,0
94,2,2,714240,0
94,2,3,3974400,0
94,2,4,1197504,0
94,2,5,12096,0
94,3,-1,65536,65536
94,3,1,380928,0
94,3,2,893696,0
94,3,3,2648960,0
94,3,4,159264,0
94,3,5,45920,0
94,4,-1,65536,65536
94,4,2,767040,0
94,4,3,162000,0
94,4,4,53568,0
94,4,5,432,0
94,5,1,12288,0
94,5,2,49248,0
94,5,3,1824,0
94,5,4,2176,0
94,6,-1,24576,24576
94,6,2,139776,0
94,6,3,90528,0
94,6,4,5212,0
94,6,5,2052,0
94,7,-2,12288,12288
94,7,-1,159744,159744
94,7,1,80640,0
94,7,2,236208,0
94,7,3,187440,0
94,7,4,44576,0
94,8,-1,98304,98304
94,8,1,604416,0
94,8,2,485984,0
94,8,3,539132,0
94,8,4,40772,0
94,8,5,864,0
94,9,-2,36864,36864
94,9,-1,479232,479232
94,9,1,403968,0
94,9,2,755368,0
94,9,3,901360,0
94,9,4,110184,0
94,10,-2,36864,36864
94,10,-1,86016,86016
94,10,1,2188416,0
94,10,2,746496,0
94,10,3,500746,0
94,10,4,105682,0
94,10,5,5796,0
94,11,-2,73728,73728
94,11,-1,221184,221184
94,11,1,1136384,0
94,11,2,1869216,0
94,11,3,578600,0
94,11,4,101304,0
94,11,5,17280,0
94,12,-2,49152,49152
94,12,-1,479232,479232
94,12,1,471168,0
94,12,2,1213216,0
94,12,3,555500,0
94,12,4,115316,0
94,13,-2,24576,24576
94,13,-1,49152,49152
94,13,1,1269760,0
94,13,2,1376448,0
94,13,3,733624,0
94,13,4,272560,0
94,13,5,9432,0
94,14,-1,430080,430080
94,14,1,1324032,0
94,14,2,2463128,0
94,14,3,2951540,0
94,14,4,354168,0
94,14,5,13692,0
94,15,-2,12288,12288
94,15,-1,1060864,1060864
94,15,1,1368896,0
94,15,2,4695660,0
94,15,3,4673040,0
94,15,4,1479484,0
94,15,5,13576,0
94,16,-3,4096,4096
94,16,-2,182272,182272
94,16,-1,536320,536320
94,16,1,3358464,0
94,16,2,3625096,0
94,16,3,6673040,0
94,16,4,1950544,0
94,16,5,54168,0
94,17,-3,8192,8192
94,17,-2,147456,147456
94,17,-1,1128448,1128448
94,17,1,1986240,0
94,17,2,5199284,0
94,17,3,3645308,0
94,17,4,2614492,0
94,17,5,212788,0
94,18,-3,4096,4096
94,18,-2,43008,43008
94,18,-1,641024,641024
94,18,1,2257760,0
94,18,2,4654052,0
94,18,3,4993580,0
94,18,4,2520498,0
94,18,5,254174,0
94,19,-2,86016,86016
94,19,-1,450560,450560
94,19,1,2741696,0
94,19,2,3594110,0
94,19,3,6855518,0
94,19,4,2250948,0
94,19,5,44704,0
94,20,-3,4096,4096
94,20,-2,54528,54528
94,20,-1,725504,725504
94,20,1,1649024,0
94,20,2,6329788,0
94,20,3,3687765,0
94,20,4,907303,0
94,20,5,44104,0
94,21,-3,22528,22528
94,21,-2,120192,120192
94,21,-1,816384,816384
94,21,1,2934912,0
94,21,2,4280648,0
94,21,3,3516254,0
94,21,4,1167900,0
94,21,5,19006,0
94,22,-3,53248,53248
94,22,-2,227072,227072
94,22,-1,1166272,1166272
94,22,1,3923872,0
94,22,2,5257488,0
94,22,3,5649656,0
94,22,4,3012648,0
94,22,5,141168,0
94,23,-5,5120,5120
94,23,-4,11264,11264
94,23,-3,88064,88064
94,23,-2,358912,358912
94,23,-1,1684304,1684304
94,23,1,3641000,0
94,23,2,8110486,0
94,23,3,9646185,0
94,23,4,4260761,0
94,23,5,702064,0
94,24,-5,10240,10240
94,24,-4,32768,32768
94,24,-3,79616,79616
94,24,-2,578560,578560
94,24,-1,1246528,1246528
94,24,1,4596572,0
94,24,2,7098306,0
94,24,3,9497635,0
94,24,4,6612987,0
94,24,5,98436,0
94,25,-5,5120,5120
94,25,-4,52224,52224
94,25,-3,92544,92544
94,25,-2,520832,520832
94,25,-1,1365376,1365376
94,25,1,3206024,0
94,25,2,6738551,0
94,25,3,7427371,0
94,25,4,2642478,0
94,25,5,35112,0
94,26,-4,51200,51200
94,26,-3,129792,129792
94,26,-2,326688,326688
94,26,-1,1451136,1451136
94,26,1,2700512,0
94,26,2,4371912,0
94,26,3,3234695,0
94,26,4,627145,0
94,26,5,83048,0
94,27,-4,20480,20480
94,27,-3,116608,116608
94,27,-2,197264,197264
94,27,-1,859696,859696
94,27,1,1779136,0
94,27,2,1917936,0
94,27,3,1227654,0
94,27,4,398200,0
94,27,5,3858,0
94,28,-3,40960,40960
94,28,-2,98304,98304
94,28,-1,174080,174080
94,28,1,797760,0
94,28,2,659680,0
94,28,3,412868,0
94,28,4,108164,0
94,28,5,1944,0
94,29,-2,20480,20480
94,29,-1,70144,70144
94,29,1,118016,0
94,29,2,99516,0
94,29,3,29792,0
94,29,4,22500,0
95,0,3,433920,0
95,0,5,614656,0
95,1,2,516096,0
95,1,3,862080,0
95,1,4,2759680,0
95,1,5,56448,0
95,2,1,131072,0
95,2,2,984064,0
95,2,3,1776000,0
95,2,4,3343872,0
95,2,5,56448,0
95,3,1,260096,0
95,3,2,483840,0
95,3,3,2329248,0
95,3,4,1078784,0
95,3,5,42336,0
95,4,1,126976,0
95,4,3,833792,0
95,4,4,65856,0
95,4,5,21952,0
95,8,-1,98304,98304
95,8,1,82944,0
95,8,2,12800,0
95,8,3,68096,0
95,9,-1,393216,393216
95,9,1,373760,0
95,9,2,257152,0
95,9,3,286592,0
95,10,-2,49152,49152
95,10,-1,303104,303104
95,10,1,1176576,0
95,10,2,820304,0
95,10,3,747952,0
95,10,4,114176,0
95,11,-2,49152,49152
95,11,-1,581632,581632
95,11,1,1444352,0
95,11,2,2200704,0
95,11,3,1796336,0
95,11,4,350352,0
95,12,-2,147456,147456
95,12,-1,829440,829440
95,12,1,1982080,0
95,12,2,2646496,0
95,12,3,3223216,0
95,12,4,670504,0
95,12,5,3528,0
95,13,-2,147456,147456
95,13,-1,854528,854528
95,13,1,2247808,0
95,13,2,3038272,0
95,13,3,2554952,0
95,13,4,892776,0
95,13,5,29072,0
95,14,-3,4096,4096
95,14,-2,2048,2048
95,14,-1,751616,751616
95,14,1,1868160,0
95,14,2,3306276,0
95,14,3,2492344,0
95,14,4,679180,0
95,14,5,38552,0
95,15,-3,16384,16384
95,15,-2,24576,24576
95,15,-1,610304,610304
95,15,1,2180976,0
95,15,2,3182880,0
95,15,3,2589334,0
95,15,4,1079500,0
95,15,5,80910,0
95,16,-3,24576,24576
95,16,-2,95232,95232
95,16,-1,808680,808680
95,16,1,3060156,0
95,16,2,3564792,0
95,16,3,3266309,0
95,16,4,1554526,0
95,16,5,44801,0
95,17,-3,16384,16384
95,17,-2,165888,165888
95,17,-1,1277568,1277568
95,17,1,2806178,0
95,17,2,5274438,0
95,17,3,5070730,0
95,17,4,1344530,0
95,17,5,100604,0
95,18,-3,8192,8192
95,18,-2,242688,242688
95,18,-1,1309416,1309416
95,18,1,3564916,0
95,18,2,8179485,0
95,18,3,4333992,0
95,18,4,1311547,0
95,18,5,87972,0
95,19,-3,16384,16384
95,19,-2,241664,241664
95,19,-1,1028352,1028352
95,19,1,5928080,0
95,19,2,7005150,0
95,19,3,3608247,0
95,19,4,1202515,0
95,19,5,7816,0
95,20,-3,24576,24576
95,20,-2,636928,636928
95,20,-1,1188352,1188352
95,20,1,2015264,0
95,20,2,3200424,0
95,20,3,1403604,0
95,20,4,471626,0
95,20,5,4890,0
95,21,-3,16384,16384
95,21,-2,1579008,1579008
95,21,-1,1972096,1972096
95,21,1,442208,0
95,21,2,1458450,0
95,21,3,671811,0
95,21,4,112887,0
95,21,5,5844,0
95,22,-3,4096,4096
95,22,-2,475136,475136
95,22,-1,612480,612480
95,22,1,285888,0
95,22,2,1230801,0
95,22,3,756797,0
95,22,4,105250,0
95,22,5,2960,0
95,23,-2,6144,6144
95,23,-1,59392,59392
95,23,1,584896,0
95,23,2,3755808,0
95,23,3,3605140,0
95,23,4,1129179,0
95,23,5,67249,0
95,24,-1,73216,73216
95,24,1,1479536,0
95,24,2,7792304,0
95,24,3,8983042,0
95,24,4,5550844,0
95,24,5,500450,0
95,25,-2,61440,61440
95,25,-1,535552,535552
95,25,1,3060672,0
95,25,2,8530792,0
95,25,3,13836438,0
95,25,4,7982157,0
95,25,5,497653,0
95,26,-3,24576,24576
95,26,-2,237568,237568
95,26,-1,1139968,1139968
95,26,1,3816128,0
95,26,2,7469784,0
95,26,3,10343816,0
95,26,4,4659592,0
95,26,5,292440,0
95,27,-3,81920,81920
95,27,-2,225280,225280
95,27,-1,1187072,1187072
95,27,1,2963648,0
95,27,2,3709696,0
95,27,3,5041768,0
95,27,4,926016,0
95,27,5,20376,0
95,28,-3,24576,24576
95,28,-2,212992,212992
95,28,-1,548864,548864
95,28,1,1120480,0
95,28,2,2175640,0
95,28,3,889856,0
95,28,4,204648,0
95,28,5,288,0
95,29,-2,49152,49152
95,29,-1,201728,201728
95,29,1,301024,0
95,29,2,605472,0
95,29,3,281776,0
95,29,4,2640,0
95,30,-1,24576,24576
95,30,1,67200,0
95,30,2,59100,0
95,30,3,45732,0
96,0,3,433920,0
96,0,5,614656,0
96,1,2,738304,0
96,1,3,432000,0
96,1,4,2999808,0
96,1,5,24192,0
96,2,1,393216,0
96,2,2,714240,0
96,2,3,3974400,0
96,2,4,1197504,0
96,2,5,12096,0
96,3,-1,65536,65536
96,3,1,380928,0
96,3,2,893696,0
96,3,3,2648960,0
96,3,4,159264,0
96,3,5,45920,0
96,4,-1,65536,65536
96,4,2,767040,0
96,4,3,162000,0
96,4,4,53568,0
96,4,5,432,0
96,8,-2,24576,24576
96,8,1,337920,0
96,8,2,26208,0
96,8,3,4032,0
96,8,4,480,0
96,9,-2,49152,49152
96,9,-1,170112,170112
96,9,1,376832,0
96,9,2,375552,0
96,9,3,75968,0
96,9,4,960,0
96,10,-2,71424,71424
96,10,-1,18944,18944
96,10,1,2117376,0
96,10,2,236048,0
96,10,3,1038340,0
96,10,4,187884,0
96,11,-3,8192,8192
96,11,-2,6144,6144
96,11,-1,684288,684288
96,11,1,800384,0
96,11,2,4447212,0
96,11,3,1018724,0
96,11,4,463096,0
96,11,5,10296,0
96,12,-3,12288,12288
96,12,-2,159744,159744
96,12,-1,444160,444160
96,12,1,3862232,0
96,12,2,1590992,0
96,12,3,4758240,0
96,12,4,357744,0
96,12,5,381704,0
96,13,-4,6144,6144
96,13,-3,49152,49152
96,13,-2,176128,176128
96,13,-1,1212352,1212352
96,13,1,1997680,0
96,13,2,4131582,0
96,13,3,1897038,0
96,13,4,6188544,0
96,13,5,4484,0
96,14,-4,12288,12288
96,14,-3,14336,14336
96,14,-2,642752,642752
96,14,-1,836160,836160
96,14,1,3417344,0
96,14,2,2093872,0
96,14,3,6691554,0
96,14,4,524910,0
96,14,5,151936,0
96,15,-3,151552,151552
96,15,-2,738688,738688
96,15,-1,1397888,1397888
96,15,1,1924192,0
96,15,2,4687816,0
96,15,3,1837676,0
96,15,4,1254142,0
96,15,5,1134,0
96,16,-4,6144,6144
96,16,-3,221184,221184
96,16,-2,506880,506880
96,16,-1,616832,616832
96,16,1,3900368,0
96,16,2,3690160,0
96,16,3,4118146,0
96,16,4,1656694,0
96,16,5,193032,0
96,17,-3,124928,124928
96,17,-2,24576,24576
96,17,-1,1170816,1170816
96,17,1,4676992,0
96,17,2,4443761,0
96,17,3,4989267,0
96,17,4,2151756,0
96,17,5,178160,0
96,18,-3,24576,24576
96,18,-2,189952,189952
96,18,-1,1638016,1638016
96,18,1,3870176,0
96,18,2,3418704,0
96,18,3,4360864,0
96,18,4,1210544,0
96,19,-4,20480,20480
96,19,-3,104448,104448
96,19,-2,436224,436224
96,19,-1,1375808,1375808
96,19,1,2001468,0
96,19,2,4622196,0
96,19,3,1520444,0
96,19,4,355964,0
96,19,5,15960,0
96,20,-5,4096,4096
96,20,-4,47104,47104
96,20,-3,147456,147456
96,20,-2,346880,346880
96,20,-1,1244400,1244400
96,20,1,2097496,0
96,20,2,3700396,0
96,20,3,2294576,0
96,20,4,265612,0
96,20,5,75600,0
96,21,-5,8192,8192
96,21,-4,32768,32768
96,21,-3,79872,79872
96,21,-2,261120,261120
96,21,-1,639744,639744
96,21,1,2077120,0
96,21,2,2925056,0
96,21,3,3816800,0
96,21,4,1030768,0
96,21,5,7536,0
96,22,-5,4096,4096
96,22,-4,6144,6144
96,22,-3,12288,12288
96,22,-2,93696,93696
96,22,-1,285184,285184
96,22,1,1259520,0
96,22,2,2930752,0
96,22,3,3284552,0
96,22,4,750896,0
96,22,5,23624,0
96,23,-2,4096,4096
96,23,-1,458752,458752
96,23,1,1157888,0
96,23,2,1955008,0
96,23,3,1216904,0
96,23,4,304760,0
96,23,5,14400,0
96,24,-2,12288,12288
96,24,-1,210944,210944
96,24,1,2612288,0
96,24,2,2028352,0
96,24,3,903816,0
96,24,4,486576,0
96,24,5,4424,0
96,25,-2,73728,73728
96,25,-1,655104,655104
96,25,1,2318976,0
96,25,2,6787812,0
96,25,3,3385612,0
96,25,4,880272,0
96,25,5,119808,0
96,26,-3,16384,16384
96,26,-2,225280,225280
96,26,-1,1406976,1406976
96,26,1,3594592,0
96,26,2,6947195,0
96,26,3,7654693,0
96,26,4,1850112,0
96,26,5,29952,0
96,27,-3,32768,32768
96,27,-2,335872,335872
96,27,-1,1445888,1445888
96,27,1,3791936,0
96,27,2,6155008,0
96,27,3,6515068,0
96,27,4,2089076,0
96,27,5,16080,0
96,28,-3,22528,22528
96,28,-2,296960,296960
96,28,-1,952448,952448
96,28,1,2892688,0
96,28,2,4014572,0
96,28,3,3601740,0
96,28,4,936348,0
96,28,5,95004,0
96,29,-4,12288,12288
96,29,-3,55296,55296
96,29,-2,328736,328736
96,29,-1,1020992,1020992
96,29,1,2003440,0
96,29,2,2476822,0
96,29,3,1109488,0
96,29,4,331524,0
96,29,5,1446,0
96,30,-5,6144,6144
96,30,-4,43008,43008
96,30,-3,242688,242688
96,30,-2,493824,493824
96,30,-1,1469888,1469888
96,30,1,1658160,0
96,30,2,991952,0
96,30,3,339588,0
96,30,4,29304,0
96,30,5,1092,0
96,31,-5,27648,27648
96,31,-4,70656,70656
96,31,-3,348672,348672
96,31,-2,844672,844672
96,31,-1,833920,833920
96,31,1,858480,0
96,31,2,303566,0
96,31,3,53714,0
96,31,4,1008,0
96,32,-5,18432,18432
96,32,-4,116736,116736
96,32,-3,241408,241408
96,32,-2,344832,344832
96,32,-1,337616,337616
96,32,1,124516,0
96,32,2,51564,0
96,32,3,10080,0
96,33,-5,9216,9216
96,33,-4,39936,39936
96,33,-3,62592,62592
96,33,-2,46848,46848
96,33,-1,24576,24576
96,33,1,10368,0
96,33,2,3072,0
97,0,3,433920,0
97,0,5,614656,0
97,1,2,753664,0
97,1,3,430080,0
97,1,4,3010560,0
97,2,1,389120,0
97,2,2,730112,0
97,2,3,3337664,0
97,2,4,1806336,0
97,2,5,28224,0
97,3,-1,65536,65536
97,3,1,380928,0
97,3,2,829440,0
97,3,3,2209664,0
97,3,4,577024,0
97,3,5,131712,0
97,4,-1,64512,64512
97,4,2,568320,0
97,4,3,11760,0
97,4,4,403984,0
97,6,2,176512,0
97,6,3,17136,0
97,6,4,68496,0
97,7,1,203264,0
97,7,2,39536,0
97,7,3,700052,0
97,7,4,80188,0
97,7,5,25536,0
97,8,-1,122880,122880
97,8,1,188188,0
97,8,2,1280248,0
97,8,3,410756,0
97,8,4,353254,0
97,8,5,3970,0
97,9,-2,139264,139264
97,9,-1,245760,245760
97,9,1,1989888,0
97,9,2,873336,0
97,9,3,889764,0
97,9,4,115412,0
97,9,5,6416,0
97,10,-3,114688,114688
97,10,-2,230528,230528
97,10,-1,1681024,1681024
97,10,1,1678192,0
97,10,2,1205100,0
97,10,3,514352,0
97,10,4,81120,0
97,10,5,20,0
97,11,-4,24576,24576
97,11,-3,135168,135168
97,11,-2,595456,595456
97,11,-1,1634400,1634400
97,11,1,994816,0
97,11,2,1195984,0
97,11,3,279960,0
97,11,4,54552,0
97,11,5,288,0
97,12,-5,8192,8192
97,12,-4,48640,48640
97,12,-3,27136,27136
97,12,-2,575360,575360
97,12,-1,590208,590208
97,12,1,1343648,0
97,12,2,916816,0
97,12,3,556748,0
97,12,4,127556,0
97,13,-5,16384,16384
97,13,-4,83968,83968
97,13,-3,152064,152064
97,13,-2,214272,214272
97,13,-1,710656,710656
97,13,1,973696,0
97,13,2,1412468,0
97,13,3,897440,0
97,13,4,307284,0
97,13,5,15896,0
97,14,-4,90112,90112
97,14,-3,259072,259072
97,14,-2,517856,517856
97,14,-1,733792,733792
97,14,1,1688000,0
97,14,2,1224860,0
97,14,3,1657484,0
97,14,4,491872,0
97,14,5,21624,0
97,15,-5,8192,8192
97,15,-4,14208,14208
97,15,-3,195712,195712
97,15,-2,581120,581120
97,15,-1,1188416,1188416
97,15,1,2047056,0
97,15,2,3231828,0
97,15,3,1520192,0
97,15,4,1260832,0
97,15,5,44988,0
97,16,-4,54272,54272
97,16,-3,59904,59904
97,16,-2,530688,530688
97,16,-1,1181888,1181888
97,16,1,2693344,0
97,16,2,3839392,0
97,16,3,3641552,0
97,16,4,1447784,0
97,16,5,51592,0
97,17,-4,12288,12288
97,17,-3,135680,135680
97,17,-2,217600,217600
97,17,-1,1267808,1267808
97,17,1,2444464,0
97,17,2,4248612,0
97,17,3,3949924,0
97,17,4,1461592,0
97,17,5,24592,0
97,18,-3,24576,24576
97,18,-2,291840,291840
97,18,-1,798720,798720
97,18,1,2035840,0
97,18,2,3999344,0
97,18,3,4164272,0
97,18,4,1040016,0
97,18,5,31696,0
97,19,-3,67584,67584
97,19,-2,84992,84992
97,19,-1,896576,896576
97,19,1,1319296,0
97,19,2,4008520,0
97,19,3,4688864,0
97,19,4,2198348,0
97,19,5,39628,0
97,20,-3,86016,86016
97,20,-2,116736,116736
97,20,-1,660480,660480
97,20,1,1742912,0
97,20,2,3603136,0
97,20,3,5412824,0
97,20,4,1958656,0
97,20,5,181800,0
97,21,-3,67584,67584
97,21,-2,105984,105984
97,21,-1,1049984,1049984
97,21,1,1964480,0
97,21,2,5843220,0
97,21,3,5824956,0
97,21,4,2913720,0
97,21,5,55864,0
97,22,-3,49152,49152
97,22,-2,186368,186368
97,22,-1,1597760,1597760
97,22,1,4051904,0
97,22,2,5274472,0
97,22,3,6341392,0
97,22,4,2760732,0
97,22,5,87148,0
97,23,-3,79872,79872
97,23,-2,787456,787456
97,23,-1,2314496,2314496
97,23,1,3686560,0
97,23,2,7936352,0
97,23,3,6036476,0
97,23,4,2406436,0
97,23,5,410848,0
97,24,-3,165888,165888
97,24,-2,815104,815104
97,24,-1,1159424,1159424
97,24,1,4002240,0
97,24,2,6974008,0
97,24,3,6771380,0
97,24,4,5124432,0
97,24,5,186116,0
97,25,-3,4096,4096
97,25,-2,141824,141824
97,25,-1,1091584,1091584
97,25,1,3855344,0
97,25,2,5203336,0
97,25,3,9895804,0
97,25,4,2969020,0
97,25,5,169808,0
97,26,-3,14336,14336
97,26,-2,241024,241024
97,26,-1,1214096,1214096
97,26,1,2948336,0
97,26,2,5790128,0
97,26,3,3782392,0
97,26,4,1531622,0
97,26,5,10098,0
97,27,-3,27392,27392
97,27,-2,171008,171008
97,27,-1,905616,905616
97,27,1,1792800,0
97,27,2,1874052,0
97,27,3,1161956,0
97,27,4,63720,0
97,28,-4,12288,12288
97,28,-3,75136,75136
97,28,-2,182528,182528
97,28,-1,469920,469920
97,28,1,638480,0
97,28,2,511716,0
97,28,3,74852,0
97,28,4,1160,0
97,29,-4,36864,36864
97,29,-3,52224,52224
97,29,-2,349816,349816
97,29,-1,261608,261608
97,29,1,612112,0
97,29,2,458606,0
97,29,3,324571,0
97,29,4,32163,0
97,29,5,1956,0
97,30,-3,153600,153600
97,30,-2,83200,83200
97,30,-1,598784,598784
97,30,1,363696,0
97,30,2,683492,0
97,30,3,406856,0
97,30,4,157946,0
97,30,5,10026,0
97,31,-3,4608,4608
97,31,-2,208512,208512
97,31,-1,105728,105728
97,31,1,462248,0
97,31,2,380504,0
97,31,3,353578,0
97,31,4,143558,0
97,31,5,12432,0
97,32,-2,9216,9216
97,32,-1,102144,102144
97,32,1,118912,0
97,32,2,191918,0
97,32,3,157340,0
97,32,4,42762,0
97,32,5,300,0
97,33,-1,3072,3072
97,33,1,30696,0
97,33,2,43476,0
97,33,3,18945,0
97,33,4,2115,0
98,0,3,433920,0
98,0,5,614656,0
98,1,2,507904,0
98,1,3,864000,0
98,1,4,2709504,0
98,1,5,112896,0
98,2,1,131072,0
98,2,2,954304,0
98,2,3,1614848,0
98,2,4,3498240,0
98,2,5,92992,0
98,3,1,262144,0
98,3,2,476160,0
98,3,3,2649600,0
98,3,4,798336,0
98,3,5,8064,0
98,4,1,126976,0
98,4,3,871424,0
98,4,4,47040,0
98,4,5,3136,0
98,8,3,108032,0
98,8,4,22320,0
98,8,5,720,0
98,9,2,71168,0
98,9,3,343936,0
98,9,4,230080,0
98,9,5,10176,0
98,10,1,16384,0
98,10,2,385024,0
98,10,3,738288,0
98,10,4,413856,0
98,10,5,19312,0
98,11,-1,4096,4096
98,11,1,190464,0
98,11,2,1104684,0
98,11,3,1296964,0
98,11,4,390608,0
98,11,5,27840,0
98,12,-2,4096,4096
98,12,-1,19584,19584
98,12,1,587280,0
98,12,2,1838610,0
98,12,3,1236462,0
98,12,4,666488,0
98,12,5,38392,0
98,13,-2,57344,57344
98,13,-1,162432,162432
98,13,1,758158,0
98,13,2,1478512,0
98,13,3,1623666,0
98,13,4,288228,0
98,13,5,22572,0
98,14,-2,183168,183168
98,14,-1,425984,425984
98,14,1,625776,0
98,14,2,2075990,0
98,14,3,698508,0
98,14,4,348222,0
98,14,5,33264,0
98,15,-2,225280,225280
98,15,-1,578816,578816
98,15,1,1128192,0
98,15,2,2504604,0
98,15,3,1992458,0
98,15,4,611386,0
98,15,5,4384,0
98,16,-2,135168,135168
98,16,-1,539904,539904
98,16,1,1452704,0
98,16,2,4004922,0
98,16,3,2888110,0
98,16,4,1073678,0
98,16,5,30826,0
98,17,-2,223232,223232
98,17,-1,720256,720256
98,17,1,2255328,0
98,17,2,5713738,0
98,17,3,4362442,0
98,17,4,1516392,0
98,17,5,52516,0
98,18,-2,98304,98304
98,18,-1,758784,758784
98,18,1,1715024,0
98,18,2,7164184,0
98,18,3,7897246,0
98,18,4,2237548,0
98,18,5,117390,0
98,19,-3,18432,18432
98,19,-2,124928,124928
98,19,-1,885712,885712
98,19,1,2760440,0
98,19,2,5931376,0
98,19,3,6812410,0
98,19,4,4239493,0
98,19,5,362569,0
98,20,-3,49152,49152
98,20,-2,98304,98304
98,20,-1,733168,733168
98,20,1,2834792,0
98,20,2,8432021,0
98,20,3,9137043,0
98,20,4,4372596,0
98,20,5,33036,0
98,21,-3,61440,61440
98,21,-2,203520,203520
98,21,-1,1237224,1237224
98,21,1,4474928,0
98,21,2,10150142,0
98,21,3,13364954,0
98,21,4,4575268,0
98,21,5,175084,0
98,22,-3,51200,51200
98,22,-2,278784,278784
98,22,-1,1380352,1380352
98,22,1,5071784,0
98,22,2,10958370,0
98,22,3,14333014,0
98,22,4,4728016,0
98,22,5,291856,0
98,23,-3,28672,28672
98,23,-2,228864,228864
98,23,-1,1528192,1528192
98,23,1,4532384,0
98,23,2,8913809,0
98,23,3,8833531,0
98,23,4,3787643,0
98,23,5,327385,0
98,24,-3,14336,14336
98,24,-2,136704,136704
98,24,-1,1194880,1194880
98,24,1,2442944,0
98,24,2,4371712,0
98,24,3,3550896,0
98,24,4,1506600,0
98,24,5,52968,0
98,25,-3,6144,6144
98,25,-2,51200,51200
98,25,-1,506112,506112
98,25,1,896672,0
98,25,2,1036616,0
98,25,3,1106176,0
98,25,4,260212,0
98,25,5,3492,0
98,26,-2,12288,12288
98,26,-1,133632,133632
98,26,1,395456,0
98,26,2,428344,0
98,26,3,318016,0
98,26,4,88496,0
98,26,5,24,0
98,27,-3,3072,3072
98,27,-2,1024,1024
98,27,-1,143104,143104
98,27,1,426136,0
98,27,2,904616,0
98,27,3,623584,0
98,27,4,192224,0
98,28,-3,15360,15360
98,28,-2,11264,11264
98,28,-1,211968,211968
98,28,1,633472,0
98,28,2,1569300,0
98,28,3,1319820,0
98,28,4,452160,0
98,28,5,46496,0
98,29,-3,21504,21504
98,29,-2,37888,37888
98,29,-1,217088,217088
98,29,1,754048,0
98,29,2,1359968,0
98,29,3,1960304,0
98,29,4,547552,0
98,29,5,16848,0
98,30,-3,9216,9216
98,30,-2,46080,46080
98,30,-1,106496,106496
98,30,1,556288,0
98,30,2,1024128,0
98,30,3,1122632,0
98,30,4,459740,0
98,30,5,17756,0
98,31,-2,18432,18432
98,31,-1,27648,27648
98,31,1,183808,0
98,31,2,515840,0
98,31,3,403784,0
98,31,4,92900,0
98,31,5,2772,0
98,32,-1,9216,9216
98,32,1,3072,0
98,32,2,120000,0
98,32,3,60480,0
98,32,4,3516,0
98,32,5,324,0
99,0,3,433920,0
99,0,5,614656,0
99,1,2,753664,0
99,1,3,430080,0
99,1,4,3010560,0
99,2,1,389120,0
99,2,2,730112,0
99,2,3,3337664,0
99,2,4,1806336,0
99,2,5,28224,0
99,3,-1,65536,65536
99,3,1,380928,0
99,3,2,829440,0
99,3,3,2209664,0
99,3,4,577024,0
99,3,5,131712,0
99,4,-1,64512,64512
99,4,2,568320,0
99,4,3,11760,0
99,4,4,403984,0
99,5,2,4096,0
99,5,3,23296,0
99,5,4,38144,0
99,6,1,2048,0
99,6,2,11648,0
99,6,3,168744,0
99,6,4,9548,0
99,6,5,4620,0
99,7,-1,12288,12288
99,7,1,69888,0
99,7,2,288416,0
99,7,3,93456,0
99,7,4,59268,0
99,7,5,972,0
99,8,-2,6144,6144
99,8,-1,34944,34944
99,8,1,431472,0
99,8,2,196288,0
99,8,3,480516,0
99,8,4,30639,0
99,8,5,65181,0
99,9,-1,219840,219840
99,9,1,198936,0
99,9,2,1747368,0
99,9,3,295736,0
99,9,4,158228,0
99,9,5,1332,0
99,10,-2,153600,153600
99,10,-1,36864,36864
99,10,1,1166976,0
99,10,2,297984,0
99,10,3,5661024,0
99,10,4,332355,0
99,10,5,18909,0
99,11,-2,118784,118784
99,11,-1,198528,198528
99,11,1,219904,0
99,11,2,3212056,0
99,11,3,2170170,0
99,11,4,4824796,0
99,11,5,3666,0
99,12,-1,32768,32768
99,12,1,675840,0
99,12,2,948736,0
99,12,3,5457616,0
99,12,4,614560,0
99,12,5,855696,0
99,13,-1,73728,73728
99,13,1,815104,0
99,13,2,1697568,0
99,13,3,1557208,0
99,13,4,1820168,0
99,14,-1,172032,172032
99,14,1,663168,0
99,14,2,750592,0
99,14,3,1162096,0
99,14,4,417848,0
99,14,5,45528,0
99,15,-1,139264,139264
99,15,1,605696,0
99,15,2,540496,0
99,15,3,486460,0
99,15,4,128448,0
99,15,5,180,0
99,16,-2,8192,8192
99,16,-1,88576,88576
99,16,1,985312,0
99,16,2,1896688,0
99,16,3,1144904,0
99,16,4,285724,0
99,16,5,14284,0
99,17,-2,29952,29952
99,17,-1,119680,119680
99,17,1,1173440,0
99,17,2,4399252,0
99,17,3,4692022,0
99,17,4,1807994,0
99,17,5,98428,0
99,18,-2,43008,43008
99,18,-1,300736,300736
99,18,1,1311712,0
99,18,2,5464592,0
99,18,3,11587384,0
99,18,4,4610994,0
99,18,5,340070,0
99,19,-2,82944,82944
99,19,-1,785024,785024
99,19,1,2172696,0
99,19,2,8587516,0
99,19,3,11989452,0
99,19,4,8228954,0
99,19,5,331590,0
99,20,-3,3072,3072
99,20,-2,76160,76160
99,20,-1,1166848,1166848
99,20,1,5184304,0
99,20,2,6930100,0
99,20,3,12925432,0
99,20,4,4356908,0
99,20,5,224632,0
99,21,-3,6144,6144
99,21,-2,71424,71424
99,21,-1,1221920,1221920
99,21,1,3767456,0
99,21,2,9713000,0
99,21,3,6689038,0
99,21,4,3663440,0
99,21,5,33402,0
99,22,-3,7168,7168
99,22,-2,100096,100096
99,22,-1,619008,619008
99,22,1,2967764,0
99,22,2,4022340,0
99,22,3,4946870,0
99,22,4,1490406,0
99,22,5,2124,0
99,23,-3,8192,8192
99,23,-2,79872,79872
99,23,-1,526144,526144
99,23,1,1355388,0
99,23,2,2589372,0
99,23,3,3681008,0
99,23,4,1951878,0
99,23,5,31762,0
99,24,-3,4096,4096
99,24,-2,107520,107520
99,24,-1,241408,241408
99,24,1,1062080,0
99,24,2,2418476,0
99,24,3,4015912,0
99,24,4,2979380,0
99,24,5,279480,0
99,25,-2,24576,24576
99,25,-1,219136,219136
99,25,1,580864,0
99,25,2,1912512,0
99,25,3,2645052,0
99,25,4,2515940,0
99,25,5,97312,0
99,26,-1,49152,49152
99,26,1,263936,0
99,26,2,451872,0
99,26,3,1400816,0
99,26,4,677944,0
99,26,5,39864,0
99,27,1,24576,0
99,27,2,73152,0
99,27,3,101196,0
99,27,4,186516,0
99,27,5,7776,0
99,28,2,37888,0
99,28,3,78564,0
99,28,4,14472,0
99,28,5,148,0
99,29,1,81920,0
99,29,2,283328,0
99,29,3,480460,0
99,29,4,324836,0
99,29,5,9104,0
99,30,-2,18432,18432
99,30,-1,61696,61696
99,30,1,312736,0
99,30,2,1067736,0
99,30,3,1911232,0
99,30,4,825812,0
99,30,5,127732,0
99,31,-2,43008,43008
99,31,-1,285440,285440
99,31,1,835744,0
99,31,2,2290608,0
99,31,3,3001728,0
99,31,4,1940500,0
99,31,5,122652,0
99,32,-3,12288,12288
99,32,-2,51712,51712
99,32,-1,546752,546752
99,32,1,1335904,0
99,32,2,2309464,0
99,32,3,3480928,0
99,32,4,1931904,0
99,32,5,161448,0
99,33,-3,36864,36864
99,33,-2,116736,116736
99,33,-1,235520,235520
99,33,1,1122112,0
99,33,2,1993504,0
99,33,3,1986612,0
99,33,4,1094620,0
99,33,5,98704,0
99,34,-2,73728,73728
99,34,-1,196608,196608
99,34,1,303616,0
99,34,2,730824,0
99,34,3,815272,0
99,34,4,356700,0
99,34,5,13620,0
99,35,-1,36864,36864
99,35,1,86016,0
99,35,2,104064,0
99,35,3,118224,0
99,35,4,47472,0
99,35,5,576,0
100,0,3,433920,0
100,0,5,614656,0
100,1,2,262144,0
100,1,3,1297920,0
100,1,4,2107392,0
100,1,5,526848,0
100,2,2,761856,0
100,2,3,1296000,0
100,2,4,4064256,0
100,2,5,169344,0
100,3,2,738304,0
100,3,3,432000,0
100,3,4,2999808,0
100,3,5,24192,0
100,4,2,238576,0
100,4,4,808704,0
100,4,5,1296,0
100,9,1,32768,0
100,9,2,16384,0
100,9,3,189888,0
100,9,4,23104,0
100,10,1,196608,0
100,10,2,365312,0
100,10,3,1301120,0
100,10,4,223232,0
100,10,5,10880,0
100,11,1,393216,0
100,11,2,1764544,0
100,11,3,3248864,0
100,11,4,823248,0
100,11,5,61584,0
100,12,1,327680,0
100,12,2,3407616,0
100,12,3,3910448,0
100,12,4,1500720,0
100,12,5,28576,0
100,13,1,98304,0
100,13,2,3178432,0
100,13,3,3162948,0
100,13,4,1257348,0
100,13,5,36216,0
100,14,1,73728,0
100,14,2,2316160,0
100,14,3,2592836,0
100,14,4,852316,0
100,14,5,128736,0
100,15,-1,24576,24576
100,15,1,327680,0
100,15,2,2815996,0
100,15,3,2698572,0
100,15,4,1351072,0
100,15,5,56600,0
100,16,-2,6144,6144
100,16,-1,129536,129536
100,16,1,1440128,0
100,16,2,4050046,0
100,16,3,4374758,0
100,16,4,1877452,0
100,16,5,82256,0
100,17,-2,43008,43008
100,17,-1,415744,415744
100,17,1,4307328,0
100,17,2,5464820,0
100,17,3,6772568,0
100,17,4,2846278,0
100,17,5,40430,0
100,18,-2,110592,110592
100,18,-1,974976,974976
100,18,1,7279136,0
100,18,2,6268114,0
100,18,3,8884730,0
100,18,4,3342592,0
100,18,5,75156,0
100,19,-2,135168,135168
100,19,-1,1519232,1519232
100,19,1,7176160,0
100,19,2,6561920,0
100,19,3,10513710,0
100,19,4,3071630,0
100,19,5,54628,0
100,20,-2,79872,79872
100,20,-1,1509760,1509760
100,20,1,4446848,0
100,20,2,6376220,0
100,20,3,9106994,0
100,20,4,3946726,0
100,20,5,27084,0
100,21,-2,18432,18432
100,21,-1,984960,984960
100,21,1,2066272,0
100,21,2,4732148,0
100,21,3,6501992,0
100,21,4,2599115,0
100,21,5,38137,0
100,22,-1,454144,454144
100,22,1,921408,0
100,22,2,2300660,0
100,22,3,3293384,0
100,22,4,936256,0
100,22,5,56772,0
100,23,-1,151040,151040
100,23,1,494848,0
100,23,2,766210,0
100,23,3,1452168,0
100,23,4,863105,0
100,23,5,8181,0
100,24,-1,27136,27136
100,24,1,269024,0
100,24,2,343502,0
100,24,3,1162656,0
100,24,4,448070,0
100,24,5,76140,0
100,25,1,505344,0
100,25,2,104304,0
100,25,3,672066,0
100,25,4,94542,0
100,26,1,1312768,0
100,26,2,918992,0
100,26,3,4140434,0
100,26,4,1059374,0
100,26,5,6768,0
100,27,1,1386496,0
100,27,2,3875552,0
100,27,3,8892624,0
100,27,4,5207672,0
100,27,5,36312,0
100,28,1,671744,0
100,28,2,6403008,0
100,28,3,8930040,0
100,28,4,8505272,0
100,28,5,131472,0
100,29,1,98304,0
100,29,2,3840960,0
100,29,3,5126880,0
100,29,4,3866568,0
100,29,5,436632,0
100,30,2,786816,0
100,30,3,959616,0
100,30,4,305424,0
100,30,5,307440,0
101,0,3,433920,0
101,0,5,614656,0
101,1,2,939904,0
101,1,4,3244032,0
101,1,5,10368,0
101,2,1,742400,0
101,2,3,4989952,0
101,2,4,460992,0
101,2,5,98112,0
101,3,-1,256000,256000
101,3,2,2580992,0
101,3,3,430080,0
101,3,4,925216,0
101,3,5,2016,0
101,4,-2,32768,32768
101,4,1,432128,0
101,4,2,92160,0
101,4,3,462848,0
101,4,4,27104,0
101,4,5,1568,0
101,10,-1,32768,32768
101,10,1,96256,0
101,10,3,133120,0
101,11,-2,81920,81920
101,11,-1,90112,90112
101,11,1,141312,0
101,11,2,999604,0
101,11,3,187212,0
101,11,4,334848,0
101,12,-3,65536,65536
101,12,-2,81920,81920
101,12,-1,790528,790528
101,12,1,1215872,0
101,12,2,823168,0
101,12,3,2592552,0
101,12,4,317208,0
101,12,5,142528,0
101,13,-4,16384,16384
101,13,-3,24576,24576
101,13,-2,360448,360448
101,13,-1,784640,784640
101,13,1,3762432,0
101,13,2,4876256,0
101,13,3,1966080,0
101,13,4,2102816,0
101,14,-3,65536,65536
101,14,-2,204800,204800
101,14,-1,1368064,1368064
101,14,1,3295232,0
101,14,2,8486432,0
101,14,3,8953584,0
101,14,4,1305376,0
101,14,5,176080,0
101,15,-2,174080,174080
101,15,-1,784384,784384
101,15,1,3340544,0
101,15,2,8268432,0
101,15,3,8973904,0
101,15,4,5942616,0
101,15,5,41160,0
101,16,-2,24576,24576
101,16,-1,393216,393216
101,16,1,2381184,0
101,16,2,4421312,0
101,16,3,8222104,0
101,16,4,3253824,0
101,16,5,440296,0
101,17,-1,521216,521216
101,17,1,729600,0
101,17,2,2114996,0
101,17,3,2204164,0
101,17,4,1696984,0
101,17,5,7536,0
101,18,-2,86016,86016
101,18,-1,105984,105984
101,18,1,401096,0
101,18,2,508336,0
101,18,3,995726,0
101,18,4,424340,0
101,18,5,1638,0
101,19,-2,69376,69376
101,19,-1,211440,211440
101,19,1,484608,0
101,19,2,1178888,0
101,19,3,1031778,0
101,19,4,993796,0
101,19,5,126114,0
101,20,-3,54528,54528
101,20,-2,112768,112768
101,20,-1,557104,557104
101,20,1,1293952,0
101,20,2,1555680,0
101,20,3,1998553,0
101,20,4,1204559,0
101,20,5,5832,0
101,21,-4,30720,30720
101,21,-3,59136,59136
101,21,-2,461408,461408
101,21,-1,828448,828448
101,21,1,2089408,0
101,21,2,2979012,0
101,21,3,3359972,0
101,21,4,1218366,0
101,21,5,16346,0
101,22,-5,6144,6144
101,22,-4,31616,31616
101,22,-3,308544,308544
101,22,-2,465280,465280
101,22,-1,1970640,1970640
101,22,1,2608752,0
101,22,2,4518896,0
101,22,3,5570823,0
101,22,4,1976977,0
101,22,5,73208,0
101,23,-5,4096,4096
101,23,-4,56448,56448
101,23,-3,197504,197504
101,23,-2,1364896,1364896
101,23,-1,1582032,1582032
101,23,1,4896140,0
101,23,2,7336084,0
101,23,3,3977885,0
101,23,4,1710947,0
101,23,5,140400,0
101,24,-5,11264,11264
101,24,-4,63872,63872
101,24,-3,488000,488000
101,24,-2,631808,631808
101,24,-1,3209920,3209920
101,24,1,4763904,0
101,24,2,6467568,0
101,24,3,4396170,0
101,24,4,694490,0
101,24,5,80684,0
101,25,-5,4096,4096
101,25,-4,33024,33024
101,25,-3,164352,164352
101,25,-2,1477888,1477888
101,25,-1,1855744,1855744
101,25,1,4797792,0
101,25,2,5144108,0
101,25,3,4425524,0
101,25,4,1321456,0
101,25,5,10832,0
101,26,-4,339968,339968
101,26,-3,328768,328768
101,26,-2,1049600,1049600
101,26,-1,2764312,2764312
101,26,1,2960296,0
101,26,2,5778796,0
101,26,3,4277112,0
101,26,4,1225740,0
101,26,5,84240,0
101,27,-4,21504,21504
101,27,-3,683008,683008
101,27,-2,694400,694400
101,27,-1,2483552,2483552
101,27,1,4049856,0
101,27,2,3972664,0
101,27,3,3051296,0
101,27,4,1117120,0
101,27,5,48456,0
101,28,-3,86016,86016
101,28,-2,890880,890880
101,28,-1,1155072,1155072
101,28,1,1737232,0
101,28,2,2221628,0
101,28,3,2173110,0
101,28,4,510654,0
101,28,5,72768,0
101,29,-2,138624,138624
101,29,-1,112128,112128
101,29,1,735696,0
101,29,2,813856,0
101,29,3,954984,0
101,29,4,580328,0
101,29,5,6720,0
101,30,-1,105216,105216
101,30,1,101376,0
101,30,2,430188,0
101,30,3,445260,0
101,30,4,151828,0
101,30,5,11316,0
101,31,1,50256,0
101,31,2,71904,0
101,31,3,60546,0
101,31,4,13398,0
101,31,5,504,0
102,0,3,433920,0
102,0,5,614656,0
102,1,2,738304,0
102,1,3,432000,0
102,1,4,2999808,0
102,1,5,24192,0
102,2,1,393216,0
102,2,2,714240,0
102,2,3,3974400,0
102,2,4,1197504,0
102,2,5,12096,0
102,3,-1,65536,65536
102,3,1,380928,0
102,3,2,893696,0
102,3,3,2648960,0
102,3,4,159264,0
102,3,5,45920,0
102,4,-1,65536,65536
102,4,2,767040,0
102,4,3,162000,0
102,4,4,53568,0
102,4,5,432,0
102,9,-1,8192,8192
102,9,1,15360,0
102,9,2,72192,0
102,9,3,32384,0
102,9,4,2944,0
102,10,-1,49152,49152
102,10,1,140288,0
102,10,2,331520,0
102,10,3,436864,0
102,10,4,89312,0
102,10,5,1440,0
102,11,-3,8192,8192
102,11,-2,28672,28672
102,11,-1,102400,102400
102,11,1,623616,0
102,11,2,1037440,0
102,11,3,1432144,0
102,11,4,405760,0
102,11,5,31792,0
102,12,-3,16384,16384
102,12,-2,98304,98304
102,12,-1,337408,337408
102,12,1,1301440,0
102,12,2,2525824,0
102,12,3,2023756,0
102,12,4,1312392,0
102,12,5,52204,0
102,13,-2,192512,192512
102,13,-1,769536,769536
102,13,1,1823744,0
102,13,2,3624392,0
102,13,3,3488132,0
102,13,4,1254828,0
102,13,5,184584,0
102,14,-3,81920,81920
102,14,-2,278528,278528
102,14,-1,721792,721792
102,14,1,2288352,0
102,14,2,3892664,0
102,14,3,3971312,0
102,14,4,1549682,0
102,14,5,28038,0
102,15,-3,147456,147456
102,15,-2,401408,401408
102,15,-1,1028352,1028352
102,15,1,2175104,0
102,15,2,2944500,0
102,15,3,3579852,0
102,15,4,878612,0
102,15,5,51372,0
102,16,-3,49152,49152
102,16,-2,581632,581632
102,16,-1,830912,830912
102,16,1,2042496,0
102,16,2,3385000,0
102,16,3,1285712,0
102,16,4,457496,0
102,16,5,18352,0
102,17,-4,8192,8192
102,17,-3,24576,24576
102,17,-2,235520,235520
102,17,-1,537600,537600
102,17,1,1826552,0
102,17,2,1460702,0
102,17,3,1781716,0
102,17,4,339672,0
102,17,5,11390,0
102,18,-4,16384,16384
102,18,-3,2048,2048
102,18,-2,364544,364544
102,18,-1,588672,588672
102,18,1,928928,0
102,18,2,1894984,0
102,18,3,1422710,0
102,18,4,376702,0
102,18,5,41124,0
102,19,-4,8192,8192
102,19,-2,106496,106496
102,19,-1,1007104,1007104
102,19,1,2091520,0
102,19,2,3176224,0
102,19,3,3074570,0
102,19,4,1241428,0
102,19,5,42370,0
102,20,-3,18432,18432
102,20,-2,189440,189440
102,20,-1,1531520,1531520
102,20,1,4415602,0
102,20,2,4030686,0
102,20,3,6397116,0
102,20,4,1371530,0
102,20,5,68074,0
102,21,-3,61440,61440
102,21,-2,324608,324608
102,21,-1,2448448,2448448
102,21,1,6114784,0
102,21,2,9608654,0
102,21,3,6634910,0
102,21,4,3689092,0
102,21,5,19440,0
102,22,-4,3072,3072
102,22,-3,70656,70656
102,22,-2,771840,771840
102,22,-1,2116608,2116608
102,22,1,8195808,0
102,22,2,9235724,0
102,22,3,10575376,0
102,22,4,4020726,0
102,22,5,104718,0
102,23,-3,24576,24576
102,23,-2,1102592,1102592
102,23,-1,2540384,2540384
102,23,1,4009696,0
102,23,2,12656346,0
102,23,3,8192446,0
102,23,4,4998414,0
102,23,5,95514,0
102,24,-4,9216,9216
102,24,-3,64512,64512
102,24,-2,612352,612352
102,24,-1,564864,564864
102,24,1,4500800,0
102,24,2,6382556,0
102,24,3,7880452,0
102,24,4,1924628,0
102,24,5,80716,0
102,25,-2,49152,49152
102,25,-1,512000,512000
102,25,1,1580608,0
102,25,2,4381632,0
102,25,3,5120784,0
102,25,4,942440,0
102,25,5,61832,0
102,26,-2,32768,32768
102,26,-1,253952,253952
102,26,1,1334464,0
102,26,2,2744192,0
102,26,3,3478904,0
102,26,4,2130756,0
102,26,5,51972,0
102,27,-2,16384,16384
102,27,-1,184320,184320
102,27,1,785408,0
102,27,2,1820376,0
102,27,3,2781232,0
102,27,4,1697768,0
102,27,5,54544,0
102,28,-2,8192,8192
102,28,-1,67584,67584
102,28,1,427520,0
102,28,2,1042820,0
102,28,3,1403636,0
102,28,4,704696,0
102,28,5,15568,0
102,29,-1,20480,20480
102,29,1,94912,0
102,29,2,435664,0
102,29,3,355128,0
102,29,4,135840,0
102,29,5,6552,0
102,30,-1,2048,2048
102,30,1,13824,0
102,30,2,51764,0
102,30,3,58556,0
102,30,4,4880,0
103,0,3,433920,0
103,0,5,614656,0
103,1,2,499712,0
103,1,3,865920,0
103,1,4,2659328,0
103,1,5,169344,0
103,2,1,131072,0
103,2,2,954304,0
103,2,3,1737600,0
103,2,4,3398784,0
103,2,5,69696,0
103,3,1,256000,0
103,3,2,469472,0
103,3,3,2257152,0
103,3,4,1189216,0
103,3,5,22464,0
103,4,1,123136,0
103,4,3,823296,0
103,4,4,79968,0
103,4,5,22176,0
103,11,-1,4096,4096
103,11,2,145184,0
103,11,3,55912,0
103,11,4,46328,0
103,11,5,10624,0
103,12,-1,8192,8192
103,12,1,92160,0
103,12,2,746952,0
103,12,3,478568,0
103,12,4,398250,0
103,12,5,45350,0
103,13,-1,36864,36864
103,13,1,364800,0
103,13,2,1511832,0
103,13,3,1855594,0
103,13,4,1094506,0
103,13,5,51604,0
103,14,-1,79296,79296
103,14,1,706112,0
103,14,2,2354792,0
103,14,3,3677866,0
103,14,4,1788380,0
103,14,5,240914,0
103,15,-1,128832,128832
103,15,1,1262704,0
103,15,2,4266778,0
103,15,3,6099242,0
103,15,4,2863159,0
103,15,5,59349,0
103,16,-2,24576,24576
103,16,-1,206848,206848
103,16,1,1754452,0
103,16,2,6125672,0
103,16,3,9820856,0
103,16,4,4214854,0
103,16,5,69446,0
103,17,-2,122880,122880
103,17,-1,337920,337920
103,17,1,1430912,0
103,17,2,7034344,0
103,17,3,10743210,0
103,17,4,5776547,0
103,17,5,178763,0
103,18,-2,172032,172032
103,18,-1,425984,425984
103,18,1,1402432,0
103,18,2,5705776,0
103,18,3,8145468,0
103,18,4,5537384,0
103,18,5,565484,0
103,19,-2,73728,73728
103,19,-1,240640,240640
103,19,1,2071104,0
103,19,2,5111880,0
103,19,3,5629980,0
103,19,4,4157312,0
103,19,5,147932,0
103,20,-2,32768,32768
103,20,-1,196608,196608
103,20,1,1882240,0
103,20,2,5161776,0
103,20,3,4914474,0
103,20,4,1982344,0
103,20,5,18334,0
103,21,-2,163840,163840
103,21,-1,499712,499712
103,21,1,963168,0
103,21,2,4519424,0
103,21,3,4052862,0
103,21,4,1299829,0
103,21,5,101037,0
103,22,-2,229376,229376
103,22,-1,539648,539648
103,22,1,653920,0
103,22,2,4143696,0
103,22,3,5999918,0
103,22,4,3487040,0
103,22,5,117986,0
103,23,-2,102400,102400
103,23,-1,373760,373760
103,23,1,1106880,0
103,23,2,4354272,0
103,23,3,9584110,0
103,23,4,4806160,0
103,23,5,316258,0
103,24,-2,8192,8192
103,24,-1,374784,374784
103,24,1,1636992,0
103,24,2,5416493,0
103,24,3,8452314,0
103,24,4,3982514,0
103,24,5,215495,0
103,25,-2,16384,16384
103,25,-1,538496,538496
103,25,1,2083232,0
103,25,2,4342418,0
103,25,3,6592330,0
103,25,4,2398152,0
103,25,5,150844,0
103,26,-2,24576,24576
103,26,-1,458496,458496
103,26,1,1934976,0
103,26,2,3294304,0
103,26,3,4718335,0
103,26,4,2573785,0
103,26,5,69960,0
103,27,-2,12288,12288
103,27,-1,266240,266240
103,27,1,1479232,0
103,27,2,2851560,0
103,27,3,3554748,0
103,27,4,2375356,0
103,27,5,77408,0
103,28,-1,103424,103424
103,28,1,873728,0
103,28,2,2111796,0
103,28,3,2674288,0
103,28,4,1242468,0
103,28,5,268792,0
103,29,-1,18432,18432
103,29,1,418560,0
103,29,2,1316992,0
103,29,3,1267014,0
103,29,4,698354,0
103,29,5,16200,0
103,30,1,176128,0
103,30,2,508320,0
103,30,3,386264,0
103,30,4,173392,0
103,30,5,1080,0
103,31,1,48000,0
103,31,2,62976,0
103,31,3,83520,0
103,31,4,2016,0
103,31,5,96,0
104,0,3,433920,0
104,0,5,614656,0
104,1,2,507904,0
104,1,3,864000,0
104,1,4,2709504,0
104,1,5,112896,0
104,2,1,131072,0
104,2,2,954304,0
104,2,3,1614848,0
104,2,4,3498240,0
104,2,5,92992,0
104,3,1,262144,0
104,3,2,476160,0
104,3,3,2649600,0
104,3,4,798336,0
104,3,5,8064,0
104,4,1,126976,0
104,4,3,871424,0
104,4,4,47040,0
104,4,5,3136,0
104,12,-1,147456,147456
104,12,1,38400,0
104,12,2,398016,0
104,12,3,196752,0
104,12,4,4608,0
104,12,5,1200,0
104,13,-1,430080,430080
104,13,1,500736,0
104,13,2,1311712,0
104,13,3,1493280,0
104,13,4,158112,0
104,13,5,5472,0
104,14,-2,12288,12288
104,14,-1,417792,417792
104,14,1,2003456,0
104,14,2,2990728,0
104,14,3,3947920,0
104,14,4,1453680,0
104,14,5,20344,0
104,15,-2,49152,49152
104,15,-1,604928,604928
104,15,1,3408128,0
104,15,2,7046384,0
104,15,3,8579276,0
104,15,4,3038612,0
104,15,5,47280,0
104,16,-2,159744,159744
104,16,-1,691328,691328
104,16,1,4684336,0
104,16,2,10926000,0
104,16,3,12175862,0
104,16,4,5973058,0
104,16,5,353128,0
104,17,-2,249856,249856
104,17,-1,1063168,1063168
104,17,1,3730096,0
104,17,2,9759886,0
104,17,3,15685148,0
104,17,4,7443268,0
104,17,5,767586,0
104,18,-3,8192,8192
104,18,-2,110592,110592
104,18,-1,681984,681984
104,18,1,3156848,0
104,18,2,8702686,0
104,18,3,12620166,0
104,18,4,5541096,0
104,18,5,78660,0
104,19,-3,32768,32768
104,19,-2,208896,208896
104,19,-1,759552,759552
104,19,1,2888176,0
104,19,2,5586558,0
104,19,3,6611342,0
104,19,4,2121266,0
104,19,5,43218,0
104,20,-3,26624,26624
104,20,-2,180224,180224
104,20,-1,946176,946176
104,20,1,2007840,0
104,20,2,2851270,0
104,20,3,3601262,0
104,20,4,609948,0
104,20,5,272,0
104,21,-3,32768,32768
104,21,-2,119296,119296
104,21,-1,1078016,1078016
104,21,1,2162288,0
104,21,2,2150070,0
104,21,3,1922176,0
104,21,4,358414,0
104,21,5,8524,0
104,22,-3,110592,110592
104,22,-2,235520,235520
104,22,-1,857216,857216
104,22,1,2596000,0
104,22,2,2890864,0
104,22,3,1689266,0
104,22,4,390682,0
104,22,5,44452,0
104,23,-3,81920,81920
104,23,-2,199680,199680
104,23,-1,796352,796352
104,23,1,2500480,0
104,23,2,4221360,0
104,23,3,2286692,0
104,23,4,750300,0
104,23,5,9424,0
104,24,-3,2048,2048
104,24,-2,86016,86016
104,24,-1,646464,646464
104,24,1,2355200,0
104,24,2,4316184,0
104,24,3,2770000,0
104,24,4,618996,0
104,24,5,51300,0
104,25,-2,184832,184832
104,25,-1,476416,476416
104,25,1,2018112,0
104,25,2,3838201,0
104,25,3,3111411,0
104,25,4,616063,0
104,25,5,11349,0
104,26,-2,258048,258048
104,26,-1,697088,697088
104,26,1,1774016,0
104,26,2,3405360,0
104,26,3,3705578,0
104,26,4,1313118,0
104,26,5,20680,0
104,27,-2,172032,172032
104,27,-1,811008,811008
104,27,1,1483008,0
104,27,2,3661384,0
104,27,3,3582656,0
104,27,4,1056376,0
104,27,5,14208,0
104,28,-2,43008,43008
104,28,-1,448512,448512
104,28,1,1213440,0
104,28,2,2272496,0
104,28,3,2114480,0
104,28,4,729440,0
104,28,5,59904,0
104,29,-1,86016,86016
104,29,1,657408,0
104,29,2,869376,0
104,29,3,646336,0
104,29,4,187552,0
104,29,5,43680,0
104,30,1,148992,0
104,30,2,148416,0
104,30,3,28896,0
104,30,4,66156,0
104,30,5,756,0
105,0,3,433920,0
105,0,5,614656,0
105,1,2,499712,0
105,1,3,865920,0
105,1,4,2659328,0
105,1,5,169344,0
105,2,1,131072,0
105,2,2,954304,0
105,2,3,1737600,0
105,2,4,3398784,0
105,2,5,69696,0
105,3,1,256000,0
105,3,2,469472,0
105,3,3,2257152,0
105,3,4,1189216,0
105,3,5,22464,0
105,4,1,123136,0
105,4,3,823296,0
105,4,4,79968,0
105,4,5,22176,0
105,10,2,49152,0
105,10,3,52800,0
105,10,4,28568,0
105,10,5,552,0
105,11,1,118016,0
105,11,2,152128,0
105,11,3,154452,0
105,11,4,68612,0
105,11,5,31080,0
105,12,1,512000,0
105,12,2,588288,0
105,12,3,460168,0
105,12,4,385160,0
105,12,5,20464,0
105,13,-1,36864,36864
105,13,1,859136,0
105,13,2,1549760,0
105,13,3,1375444,0
105,13,4,745432,0
105,13,5,20884,0
105,14,-1,131072,131072
105,14,1,1104576,0
105,14,2,2752232,0
105,14,3,2636260,0
105,14,4,1160388,0
105,14,5,79792,0
105,15,-1,229376,229376
105,15,1,1420032,0
105,15,2,3113404,0
105,15,3,4725440,0
105,15,4,2803196,0
105,15,5,225928,0
105,16,-1,451584,451584
105,16,1,1755744,0
105,16,2,3676864,0
105,16,3,7229792,0
105,16,4,4105302,0
105,16,5,82218,0
105,17,-1,404736,404736
105,17,1,1623104,0
105,17,2,6745752,0
105,17,3,9150117,0
105,17,4,4766551,0
105,17,5,149036,0
105,18,-2,1536,1536
105,18,-1,315776,315776
105,18,1,2330912,0
105,18,2,8351308,0
105,18,3,10884128,0
105,18,4,5299280,0
105,18,5,342180,0
105,19,-2,7680,7680
105,19,-1,486208,486208
105,19,1,3183168,0
105,19,2,6150736,0
105,19,3,11525504,0
105,19,4,6617269,0
105,19,5,472059,0
105,20,-2,18944,18944
105,20,-1,282240,282240
105,20,1,1421200,0
105,20,2,8227230,0
105,20,3,5270382,0
105,20,4,3184620,0
105,20,5,76536,0
105,21,-2,25088,25088
105,21,-1,198336,198336
105,21,1,1713536,0
105,21,2,6361717,0
105,21,3,7942679,0
105,21,4,1798004,0
105,21,5,179648,0
105,22,-2,16384,16384
105,22,-1,80256,80256
105,22,1,360784,0
105,22,2,3014656,0
105,22,3,2079020,0
105,22,4,1171188,0
105,22,5,27920,0
105,23,-2,5120,5120
105,23,-1,105472,105472
105,23,1,322216,0
105,23,2,717988,0
105,23,3,1891768,0
105,23,4,790054,0
105,23,5,34006,0
105,24,-2,5120,5120
105,24,-1,130816,130816
105,24,1,724336,0
105,24,2,1909788,0
105,24,3,4493670,0
105,24,4,2499644,0
105,24,5,132562,0
105,25,-2,7168,7168
105,25,-1,96768,96768
105,25,1,1374912,0
105,25,2,4034172,0
105,25,3,8503526,0
105,25,4,6093757,0
105,25,5,107553,0
105,26,-2,3072,3072
105,26,-1,66560,66560
105,26,1,1464000,0
105,26,2,5332680,0
105,26,3,10422288,0
105,26,4,7292148,0
105,26,5,519540,0
105,27,-1,27648,27648
105,27,1,919920,0
105,27,2,4714112,0
105,27,3,7234976,0
105,27,4,4500196,0
105,27,5,428940,0
105,28,1,420864,0
105,28,2,2336320,0
105,28,3,2163800,0
105,28,4,1476536,0
105,28,5,221616,0
105,29,1,122880,0
105,29,2,388896,0
105,29,3,246534,0
105,29,4,224730,0
106,0,3,433920,0
106,0,5,614656,0
106,1,2,738304,0
106,1,3,432000,0
106,1,4,2999808,0
106,1,5,24192,0
106,2,1,393216,0
106,2,2,714240,0
106,2,3,3974400,0
106,2,4,1197504,0
106,2,5,12096,0
106,3,-1,65536,65536
106,3,1,380928,0
106,3,2,893696,0
106,3,3,2648960,0
106,3,4,159264,0
106,3,5,45920,0
106,4,-1,65536,65536
106,4,2,767040,0
106,4,3,162000,0
106,4,4,53568,0
106,4,5,432,0
106,11,2,89592,0
106,11,3,84366,0
106,11,4,20760,0
106,11,5,1890,0
106,12,1,163328,0
106,12,2,162288,0
106,12,3,578364,0
106,12,4,332636,0
106,12,5,8568,0
106,13,-2,8192,8192
106,13,-1,145920,145920
106,13,1,376320,0
106,13,2,682976,0
106,13,3,1275376,0
106,13,4,731920,0
106,13,5,121632,0
106,14,-2,53248,53248
106,14,-1,547328,547328
106,14,1,729168,0
106,14,2,2092272,0
106,14,3,1680884,0
106,14,4,1082166,0
106,14,5,40854,0
106,15,-3,16384,16384
106,15,-2,323584,323584
106,15,-1,901632,901632
106,15,1,3574560,0
106,15,2,3499907,0
106,15,3,3222169,0
106,15,4,1289768,0
106,15,5,17052,0
106,16,-4,24576,24576
106,16,-3,86016,86016
106,16,-2,649216,649216
106,16,-1,2346752,2346752
106,16,1,6502526,0
106,16,2,7584390,0
106,16,3,6083800,0
106,16,4,1368248,0
106,16,5,61548,0
106,17,-4,24576,24576
106,17,-3,241664,241664
106,17,-2,1933312,1933312
106,17,-1,3986944,3986944
106,17,1,6190880,0
106,17,2,12820042,0
106,17,3,6333352,0
106,17,4,2288360,0
106,17,5,128518,0
106,18,-3,425984,425984
106,18,-2,2157056,2157056
106,18,-1,4600576,4600576
106,18,1,7774624,0
106,18,2,7497060,0
106,18,3,6878218,0
106,18,4,1853998,0
106,18,5,204228,0
106,19,-3,147456,147456
106,19,-2,1824768,1824768
106,19,-1,4750272,4750272
106,19,1,4287836,0
106,19,2,4123222,0
106,19,3,2960572,0
106,19,4,1332806,0
106,19,5,37260,0
106,20,-3,131072,131072
106,20,-2,651264,651264
106,20,-1,2227008,2227008
106,20,1,2603360,0
106,20,2,1918962,0
106,20,3,1786770,0
106,20,4,345354,0
106,20,5,35538,0
106,21,-3,36864,36864
106,21,-2,297472,297472
106,21,-1,519680,519680
106,21,1,1671840,0
106,21,2,2458694,0
106,21,3,2884362,0
106,21,4,973000,0
106,21,5,5448,0
106,22,-3,20480,20480
106,22,-2,124928,124928
106,22,-1,696832,696832
106,22,1,1472864,0
106,22,2,3823184,0
106,22,3,4530000,0
106,22,4,2838880,0
106,22,5,124320,0
106,23,-5,6144,6144
106,23,-3,45056,45056
106,23,-2,118784,118784
106,23,-1,866304,866304
106,23,1,2630912,0
106,23,2,3780000,0
106,23,3,6562056,0
106,23,4,2543352,0
106,23,5,650592,0
106,24,-5,12288,12288
106,24,-4,21504,21504
106,24,-3,50176,50176
106,24,-2,263680,263680
106,24,-1,856768,856768
106,24,1,2992896,0
106,24,2,5147496,0
106,24,3,4714004,0
106,24,4,3810508,0
106,24,5,54776,0
106,25,-5,6144,6144
106,25,-4,43008,43008
106,25,-3,102400,102400
106,25,-2,380160,380160
106,25,-1,1062848,1062848
106,25,1,2645856,0
106,25,2,5495560,0
106,25,3,5364076,0
106,25,4,2729004,0
106,25,5,29504,0
106,26,-4,37888,37888
106,26,-3,170112,170112
106,26,-2,445056,445056
106,26,-1,1128528,1128528
106,26,1,3003936,0
106,26,2,4984856,0
106,26,3,4397820,0
106,26,4,1523380,0
106,26,5,4296,0
106,27,-4,32768,32768
106,27,-3,112320,112320
106,27,-2,404352,404352
106,27,-1,1190080,1190080
106,27,1,2666400,0
106,27,2,3277480,0
106,27,3,2291632,0
106,27,4,477150,0
106,27,5,810,0
106,28,-4,16384,16384
106,28,-3,36352,36352
106,28,-2,208960,208960
106,28,-1,933568,933568
106,28,1,1175592,0
106,28,2,1632172,0
106,28,3,873916,0
106,28,4,132258,0
106,28,5,4302,0
106,29,-2,86016,86016
106,29,-1,185280,185280
106,29,1,537216,0
106,29,2,475344,0
106,29,3,275532,0
106,29,4,108756,0
106,29,5,3024,0
106,30,-1,9216,9216
106,30,1,87696,0
106,30,2,131184,0
106,30,3,62064,0
106,30,4,4752,0
107,0,3,433920,0
107,0,5,614656,0
107,1,3,1735680,0
107,1,5,2458624,0
107,2,3,2603520,0
107,2,5,3687936,0
107,3,3,1735680,0
107,3,5,2458624,0
107,4,3,433920,0
107,4,5,614656,0
107,6,3,65116,0
107,6,5,420,0
107,7,3,455812,0
107,7,5,2940,0
107,8,3,1237204,0
107,8,5,7980,0
107,9,3,1758132,0
107,9,5,11340,0
107,10,3,1693016,0
107,10,5,10920,0
107,11,3,1796904,0
107,11,5,169176,0
107,12,3,3649316,0
107,12,5,1134812,0
107,13,3,9145212,0
107,13,5,3437700,0
107,14,3,16920244,0
107,14,5,5886284,0
107,15,3,21975068,0
107,15,5,6270948,0
107,16,3,22278696,0
107,16,5,4591064,0
107,17,3,20787432,0
107,17,5,3198744,0
107,18,3,20057864,0
107,18,5,3272952,0
107,19,3,18694296,0
107,19,5,3587944,0
107,20,3,14169272,0
107,20,5,2870088,0
107,21,3,7500864,0
107,21,5,1477568,0
107,22,3,2535536,0
107,22,5,479120,0
107,23,3,1588744,0
107,23,5,377336,0
107,24,3,4384800,0
107,24,5,1120224,0
107,25,3,8769600,0
107,25,5,2240448,0
107,26,3,10962000,0
107,26,5,2800560,0
107,27,3,8769600,0
107,27,5,2240448,0
107,28,3,4384800,0
107,28,5,1120224,0
107,29,3,1252800,0
107,29,5,320064,0
107,30,3,156600,0
107,30,5,40008,0
108,0,3,433920,0
108,0,5,614656,0
108,1,2,753664,0
108,1,3,430080,0
108,1,4,3010560,0
108,2,1,389120,0
108,2,2,730112,0
108,2,3,3337664,0
108,2,4,1806336,0
108,2,5,28224,0
108,3,-1,65536,65536
108,3,1,380928,0
108,3,2,829440,0
108,3,3,2209664,0
108,3,4,577024,0
108,3,5,131712,0
108,4,-1,64512,64512
108,4,2,568320,0
108,4,3,11760,0
108,4,4,403984,0
108,9,1,29696,0
108,9,2,19776,0
108,9,3,10456,0
108,9,4,5608,0
108,10,-1,71680,71680
108,10,1,112608,0
108,10,2,145148,0
108,10,3,83812,0
108,10,4,45504,0
108,11,-2,54272,54272
108,11,-1,186624,186624
108,11,1,395680,0
108,11,2,438416,0
108,11,3,311828,0
108,11,4,108924,0
108,11,5,11584,0
108,12,-3,12288,12288
108,12,-2,118272,118272
108,12,-1,361072,361072
108,12,1,861728,0
108,12,2,989008,0
108,12,3,769512,0
108,12,4,202920,0
108,12,5,27536,0
108,13,-3,24576,24576
108,13,-2,126976,126976
108,13,-1,561344,561344
108,13,1,1318928,0
108,13,2,2264472,0
108,13,3,1204936,0
108,13,4,454588,0
108,13,5,7956,0
108,14,-3,12288,12288
108,14,-2,112640,112640
108,14,-1,621312,621312
108,14,1,1836416,0
108,14,2,3366330,0
108,14,3,2326726,0
108,14,4,687648,0
108,14,5,15072,0
108,15,-2,57344,57344
108,15,-1,581632,581632
108,15,1,2314624,0
108,15,2,3451104,0
108,15,3,4396772,0
108,15,4,853716,0
108,15,5,10216,0
108,16,-2,81920,81920
108,16,-1,692224,692224
108,16,1,1827536,0
108,16,2,4910046,0
108,16,3,4424386,0
108,16,4,2192688,0
108,16,5,26976,0
108,17,-3,53248,53248
108,17,-2,241664,241664
108,17,-1,588096,588096
108,17,1,3263104,0
108,17,2,4814680,0
108,17,3,5946858,0
108,17,4,2628006,0
108,17,5,27992,0
108,18,-4,12288,12288
108,18,-3,45056,45056
108,18,-2,143360,143360
108,18,-1,1190912,1190912
108,18,1,2684816,0
108,18,2,8024878,0
108,18,3,7059118,0
108,18,4,2470092,0
108,18,5,258504,0
108,19,-3,126976,126976
108,19,-2,348160,348160
108,19,-1,1194240,1194240
108,19,1,5552800,0
108,19,2,8638136,0
108,19,3,11522118,0
108,19,4,3275578,0
108,19,5,78376,0
108,20,-4,36864,36864
108,20,-3,55296,55296
108,20,-2,181760,181760
108,20,-1,1730432,1730432
108,20,1,4114048,0
108,20,2,5382528,0
108,20,3,8830994,0
108,20,4,1552246,0
108,20,5,70392,0
108,21,-3,36864,36864
108,21,-2,602112,602112
108,21,-1,3511936,3511936
108,21,1,7135216,0
108,21,2,11380018,0
108,21,3,7905390,0
108,21,4,348106,0
108,21,5,13350,0
108,22,-4,4096,4096
108,22,-3,2048,2048
108,22,-2,1115136,1115136
108,22,-1,2193280,2193280
108,22,1,3375072,0
108,22,2,3723908,0
108,22,3,997952,0
108,22,4,345716,0
108,22,5,6504,0
108,23,-4,8192,8192
108,23,-3,72448,72448
108,23,-2,66048,66048
108,23,-1,315904,315904
108,23,1,516864,0
108,23,2,854080,0
108,23,3,2086816,0
108,23,4,1182456,0
108,23,5,9000,0
108,24,-4,4096,4096
108,24,-3,143360,143360
108,24,-2,240640,240640
108,24,-1,211520,211520
108,24,1,814426,0
108,24,2,1990974,0
108,24,3,2124540,0
108,24,4,769092,0
108,24,5,58344,0
108,25,-3,24576,24576
108,25,-2,140288,140288
108,25,-1,378496,378496
108,25,1,1070832,0
108,25,2,3017480,0
108,25,3,1865554,0
108,25,4,830874,0
108,25,5,11932,0
108,26,-4,2048,2048
108,26,-3,2560,2560
108,26,-2,132096,132096
108,26,-1,1174272,1174272
108,26,1,2755952,0
108,26,2,4207962,0
108,26,3,4436386,0
108,26,4,1128351,0
108,26,5,54005,0
108,27,-4,4096,4096
108,27,-3,31744,31744
108,27,-2,152064,152064
108,27,-1,1268090,1268090
108,27,1,2805166,0
108,27,2,4443756,0
108,27,3,5402860,0
108,27,4,1340292,0
108,27,5,83964,0
108,28,-3,139776,139776
108,28,-2,228352,228352
108,28,-1,795776,795776
108,28,1,2923530,0
108,28,2,4114582,0
108,28,3,2798310,0
108,28,4,1496983,0
108,28,5,20067,0
108,29,-4,2048,2048
108,29,-3,231424,231424
108,29,-2,389888,389888
108,29,-1,577280,577280
108,29,1,1237456,0
108,29,2,2097692,0
108,29,3,1605830,0
108,29,4,396286,0
108,29,5,15696,0
108,30,-3,6144,6144
108,30,-2,474112,474112
108,30,-1,310016,310016
108,30,1,624904,0
108,30,2,538014,0
108,30,3,641418,0
108,30,4,59350,0
108,30,5,250,0
108,31,-1,91136,91136
108,31,1,264832,0
108,31,2,219456,0
108,31,3,125380,0
108,31,4,19876,0
108,31,5,216,0
109,0,3,433920,0
109,0,5,614656,0
109,1,2,262144,0
109,1,3,1297920,0
109,1,4,2107392,0
109,1,5,526848,0
109,2,2,761856,0
109,2,3,1296000,0
109,2,4,4064256,0
109,2,5,169344,0
109,3,2,738304,0
109,3,3,432000,0
109,3,4,2999808,0
109,3,5,24192,0
109,4,2,238576,0
109,4,4,808704,0
109,4,5,1296,0
109,5,-1,12288,12288
109,5,1,8192,0
109,5,3,12288,0
109,6,-1,73728,73728
109,6,1,73728,0
109,6,2,20736,0
109,6,3,75136,0
109,6,4,18816,0
109,7,-1,172032,172032
109,7,1,264320,0
109,7,2,139456,0
109,7,3,214232,0
109,7,4,94542,0
109,7,5,154,0
109,8,-1,208896,208896
109,8,1,506240,0
109,8,2,381344,0
109,8,3,391324,0
109,8,4,180412,0
109,8,5,2952,0
109,9,-1,159744,159744
109,9,1,621104,0
109,9,2,554992,0
109,9,3,477856,0
109,9,4,173152,0
109,9,5,12000,0
109,10,-1,98304,98304
109,10,1,602656,0
109,10,2,496256,0
109,10,3,416754,0
109,10,4,116886,0
109,10,5,5848,0
109,11,-1,49152,49152
109,11,1,518048,0
109,11,2,412700,0
109,11,3,281084,0
109,11,4,67520,0
109,11,5,14984,0
109,12,-1,12288,12288
109,12,1,391194,0
109,12,2,432684,0
109,12,3,412398,0
109,12,4,82784,0
109,12,5,12140,0
109,13,1,252820,0
109,13,2,923808,0
109,13,3,954352,0
109,13,4,154020,0
109,13,5,8760,0
109,14,1,492048,0
109,14,2,1659230,0
109,14,3,2834356,0
109,14,4,541348,0
109,14,5,10810,0
109,15,1,932352,0
109,15,2,2896808,0
109,15,3,7098668,0
109,15,4,2548516,0
109,15,5,24072,0
109,16,-1,24576,24576
109,16,1,1453568,0
109,16,2,5240612,0
109,16,3,10663044,0
109,16,4,6429898,0
109,16,5,174478,0
109,17,-1,106496,106496
109,17,1,2192384,0
109,17,2,6111640,0
109,17,3,11563396,0
109,17,4,8175564,0
109,17,5,162072,0
109,18,-1,180224,180224
109,18,1,2338304,0
109,18,2,5441032,0
109,18,3,10681368,0
109,18,4,5123584,0
109,18,5,319968,0
109,19,-1,184320,184320
109,19,1,2357504,0
109,19,2,4967282,0
109,19,3,8520456,0
109,19,4,2755838,0
109,19,5,252808,0
109,20,-2,18432,18432
109,20,-1,217088,217088
109,20,1,3111744,0
109,20,2,5430143,0
109,20,3,7345355,0
109,20,4,1956146,0
109,20,5,41796,0
109,21,-2,88064,88064
109,21,-1,278528,278528
109,21,1,3926336,0
109,21,2,5746118,0
109,21,3,7075976,0
109,21,4,1627376,0
109,21,5,33666,0
109,22,-2,176128,176128
109,22,-1,221184,221184
109,22,1,3880384,0
109,22,2,4490790,0
109,22,3,5989753,0
109,22,4,2484301,0
109,22,5,26196,0
109,23,-2,192512,192512
109,23,-1,90112,90112
109,23,1,2941376,0
109,23,2,2170636,0
109,23,3,4591832,0
109,23,4,1799640,0
109,23,5,43140,0
109,24,-2,190464,190464
109,24,-1,40960,40960
109,24,1,2578688,0
109,24,2,1937707,0
109,24,3,1936970,0
109,24,4,531499,0
109,24,5,25440,0
109,25,-2,178176,178176
109,25,-1,73728,73728
109,25,1,2833696,0
109,25,2,3800822,0
109,25,3,1874506,0
109,25,4,544316,0
109,25,5,33636,0
109,26,-2,73728,73728
109,26,-1,90112,90112
109,26,1,2119232,0
109,26,2,5439230,0
109,26,3,4942562,0
109,26,4,1153424,0
109,26,5,140880,0
109,27,-1,53248,53248
109,27,1,1157664,0
109,27,2,4749728,0
109,27,3,6731494,0
109,27,4,2017286,0
109,27,5,36180,0
109,28,-1,12288,12288
109,28,1,640512,0
109,28,2,2541212,0
109,28,3,4964836,0
109,28,4,1829130,0
109,28,5,39030,0
109,29,1,219392,0
109,29,2,773672,0
109,29,3,1923132,0
109,29,4,812768,0
109,29,5,6588,0
109,30,1,36864,0
109,30,2,109344,0
109,30,3,354786,0
109,30,4,88830,0
110,0,3,433920,0
110,0,5,614656,0
110,1,2,516096,0
110,1,3,862080,0
110,1,4,2759680,0
110,1,5,56448,0
110,2,1,131072,0
110,2,2,984064,0
110,2,3,1776000,0
110,2,4,3343872,0
110,2,5,56448,0
110,3,1,260096,0
110,3,2,483840,0
110,3,3,2329248,0
110,3,4,1078784,0
110,3,5,42336,0
110,4,1,126976,0
110,4,3,833792,0
110,4,4,65856,0
110,4,5,21952,0
110,8,1,8192,0
110,8,2,94528,0
110,8,3,164860,0
110,8,4,60100,0
110,9,1,32768,0
110,9,2,505920,0
110,9,3,648368,0
110,9,4,303998,0
110,9,5,16274,0
110,10,1,253952,0
110,10,2,872448,0
110,10,3,2922890,0
110,10,4,856174,0
110,10,5,9736,0
110,11,1,170368,0
110,11,2,1348192,0
110,11,3,4433120,0
110,11,4,2819134,0
110,11,5,76546,0
110,12,1,1026112,0
110,12,2,1422472,0
110,12,3,5044654,0
110,12,4,3097562,0
110,12,5,91568,0
110,13,-1,16384,16384
110,13,1,964080,0
110,13,2,3198240,0
110,13,3,3764912,0
110,13,4,2661778,0
110,13,5,208046,0
110,14,-2,16384,16384
110,14,-1,98304,98304
110,14,1,827912,0
110,14,2,2708344,0
110,14,3,2949902,0
110,14,4,1703746,0
110,14,5,313392,0
110,15,-2,65536,65536
110,15,-1,212992,212992
110,15,1,514816,0
110,15,2,2362542,0
110,15,3,4185566,0
110,15,4,1405984,0
110,15,5,67156,0
110,16,-2,98304,98304
110,16,-1,239616,239616
110,16,1,225248,0
110,16,2,2342186,0
110,16,3,7980630,0
110,16,4,4540018,0
110,16,5,106030,0
110,17,-2,65536,65536
110,17,-1,249856,249856
110,17,1,210432,0
110,17,2,2844592,0
110,17,3,9687755,0
110,17,4,8710195,0
110,17,5,218962,0
110,18,-2,16384,16384
110,18,-1,272384,272384
110,18,1,615944,0
110,18,2,4237144,0
110,18,3,11187547,0
110,18,4,6246227,0
110,18,5,99826,0
110,19,-1,169984,169984
110,19,1,1276096,0
110,19,2,5004050,0
110,19,3,7992609,0
110,19,4,5292941,0
110,19,5,318336,0
110,20,-1,57344,57344
110,20,1,1273728,0
110,20,2,4358392,0
110,20,3,7978910,0
110,20,4,4226018,0
110,20,5,259080,0
110,21,-1,43008,43008
110,21,1,873728,0
110,21,2,3971872,0
110,21,3,7386702,0
110,21,4,5494873,0
110,21,5,448825,0
110,22,-1,45056,45056
110,22,1,550432,0
110,22,2,2722220,0
110,22,3,8672836,0
110,22,4,4547743,0
110,22,5,140625,0
110,23,-1,12288,12288
110,23,1,348448,0
110,23,2,2360862,0
110,23,3,5217098,0
110,23,4,3276378,0
110,23,5,89886,0
110,24,-1,8192,8192
110,24,1,427760,0
110,24,2,1758856,0
110,24,3,3456426,0
110,24,4,1541358,0
110,24,5,16368,0
110,25,-1,30720,30720
110,25,1,1056000,0
110,25,2,2329256,0
110,25,3,3237084,0
110,25,4,1872680,0
110,25,5,26708,0
110,26,-1,47104,47104
110,26,1,1348640,0
110,26,2,4057888,0
110,26,3,4330930,0
110,26,4,2679698,0
110,26,5,249724,0
110,27,-1,34816,34816
110,27,1,742240,0
110,27,2,3766576,0
110,27,3,4450640,0
110,27,4,3886848,0
110,27,5,488224,0
110,28,-1,10240,10240
110,28,1,184608,0
110,28,2,1828976,0
110,28,3,3463430,0
110,28,4,2455934,0
110,28,5,183276,0
110,29,1,89856,0
110,29,2,468576,0
110,29,3,1332768,0
110,29,4,454128,0
110,29,5,13968,0
110,30,1,36864,0
110,30,2,63360,0
110,30,3,45312,0
110,30,4,45024,0
110,30,5,6048,0
111,0,3,433920,0
111,0,5,614656,0
111,1,3,1735680,0
111,1,5,2458624,0
111,2,3,2603520,0
111,2,5,3687936,0
111,3,3,1735680,0
111,3,5,2458624,0
111,4,3,433920,0
111,4,5,614656,0
111,6,3,61056,0
111,6,5,4480,0
111,7,3,488448,0
111,7,5,35840,0
111,8,3,1648512,0
111,8,5,120960,0
111,9,3,3113856,0
111,9,5,228480,0
111,10,3,4569792,0
111,10,5,476480,0
111,11,3,6054272,0
111,11,5,958080,0
111,12,3,8667456,0
111,12,5,1883840,0
111,13,3,13938624,0
111,13,5,3690560,0
111,14,3,16297248,0
111,14,5,4805344,0
111,15,3,15797728,0
111,15,5,5239328,0
111,16,3,16281781,0
111,16,5,5115723,0
111,17,3,16131682,0
111,17,5,3594654,0
111,18,3,16894878,0
111,18,5,2831458,0
111,19,3,14079817,0
111,19,5,2074807,0
111,20,3,7390900,0
111,20,5,801100,0
111,21,3,3888031,0
111,21,5,404577,0
111,22,3,6323104,0
111,22,5,754784,0
111,23,3,12820786,0
111,23,5,1531598,0
111,24,3,16772848,0
111,24,5,1904912,0
111,25,3,14646273,0
111,25,5,1508351,0
111,26,3,9346596,0
111,26,5,811484,0
111,27,3,4740131,0
111,27,5,338909,0
111,28,3,1874829,0
111,28,5,124019,0
111,29,3,490688,0
111,29,5,33600,0
111,30,3,61336,0
111,30,5,4200,0
112,0,3,433920,0
112,0,5,614656,0
112,1,2,499712,0
112,1,3,865920,0
112,1,4,2659328,0
112,1,5,169344,0
112,2,1,131072,0
112,2,2,954304,0
112,2,3,1737600,0
112,2,4,3398784,0
112,2,5,69696,0
112,3,1,256000,0
112,3,2,469472,0
112,3,3,2257152,0
112,3,4,1189216,0
112,3,5,22464,0
112,4,1,123136,0
112,4,3,823296,0
112,4,4,79968,0
112,4,5,22176,0
112,6,2,98304,0
112,6,3,193024,0
112,6,4,229312,0
112,6,5,3648,0
112,7,1,65536,0
112,7,2,911360,0
112,7,3,1564944,0
112,7,4,1339536,0
112,7,5,50784,0
112,8,-1,30976,30976
112,8,1,284160,0
112,8,2,2881536,0
112,8,3,5042196,0
112,8,4,2966588,0
112,8,5,197808,0
112,9,-2,12288,12288
112,9,-1,347776,347776
112,9,1,719488,0
112,9,2,4305482,0
112,9,3,8354146,0
112,9,4,3552028,0
112,9,5,403512,0
112,10,-2,40960,40960
112,10,-1,1193472,1193472
112,10,1,2524608,0
112,10,2,5493532,0
112,10,3,8297752,0
112,10,4,3344988,0
112,10,5,76208,0
112,11,-3,8192,8192
112,11,-2,81920,81920
112,11,-1,1873872,1873872
112,11,1,4588720,0
112,11,2,5960948,0
112,11,3,8498146,0
112,11,4,2145404,0
112,11,5,42542,0
112,12,-3,16384,16384
112,12,-2,141312,141312
112,12,-1,1994240,1994240
112,12,1,4315392,0
112,12,2,6518824,0
112,12,3,5418340,0
112,12,4,2239340,0
112,12,5,98312,0
112,13,-3,32768,32768
112,13,-2,143360,143360
112,13,-1,1520096,1520096
112,13,1,3635392,0
112,13,2,5904768,0
112,13,3,4640656,0
112,13,4,1557218,0
112,13,5,129390,0
112,14,-3,49152,49152
112,14,-2,61440,61440
112,14,-1,1191936,1191936
112,14,1,4044288,0
112,14,2,4879248,0
112,14,3,4766316,0
112,14,4,2814440,0
112,14,5,18972,0
112,15,-3,24576,24576
112,15,-2,12288,12288
112,15,-1,1123840,1123840
112,15,1,2119152,0
112,15,2,4685366,0
112,15,3,6244322,0
112,15,4,1857560,0
112,15,5,54752,0
112,16,-2,18432,18432
112,16,-1,173568,173568
112,16,1,1833056,0
112,16,2,5518160,0
112,16,3,5059612,0
112,16,4,2275636,0
112,16,5,63744,0
112,17,-2,32768,32768
112,17,-1,271360,271360
112,17,1,1622352,0
112,17,2,4631984,0
112,17,3,6364736,0
112,17,4,2914268,0
112,17,5,87780,0
112,18,-2,32768,32768
112,18,-1,277504,277504
112,18,1,1520256,0
112,18,2,3630906,0
112,18,3,5904408,0
112,18,4,2767545,0
112,18,5,350069,0
112,19,-2,36864,36864
112,19,-1,394752,394752
112,19,1,1327984,0
112,19,2,3418616,0
112,19,3,4590858,0
112,19,4,2278942,0
112,19,5,207216,0
112,20,-2,49152,49152
112,20,-1,484480,484480
112,20,1,1896960,0
112,20,2,2550072,0
112,20,3,3341128,0
112,20,4,1720708,0
112,20,5,246652,0
112,21,-2,30720,30720
112,21,-1,651840,651840
112,21,1,1450624,0
112,21,2,2102350,0
112,21,3,2455297,0
112,21,4,905689,0
112,21,5,5656,0
112,22,-2,30720,30720
112,22,-1,485376,485376
112,22,1,627696,0
112,22,2,2126826,0
112,22,3,1961660,0
112,22,4,596760,0
112,22,5,36434,0
112,23,-2,43008,43008
112,23,-1,221184,221184
112,23,1,981477,0
112,23,2,2622943,0
112,23,3,1484048,0
112,23,4,1595884,0
112,23,5,63808,0
112,24,-2,18432,18432
112,24,-1,122880,122880
112,24,1,605184,0
112,24,2,2059770,0
112,24,3,3354844,0
112,24,4,1674630,0
112,24,5,61348,0
112,25,-1,36864,36864
112,25,1,238272,0
112,25,2,722304,0
112,25,3,2396052,0
112,25,4,1110504,0
112,25,5,17988,0
112,26,1,55296,0
112,26,2,89856,0
112,26,3,565218,0
112,26,4,173475,0
112,26,5,891,0
113,0,3,433920,0
113,0,5,614656,0
113,1,2,738304,0
113,1,3,432000,0
113,1,4,2999808,0
113,1,5,24192,0
113,2,1,393216,0
113,2,2,714240,0
113,2,3,3974400,0
113,2,4,1197504,0
113,2,5,12096,0
113,3,-1,65536,65536
113,3,1,380928,0
113,3,2,893696,0
113,3,3,2648960,0
113,3,4,159264,0
113,3,5,45920,0
113,4,-1,65536,65536
113,4,2,767040,0
113,4,3,162000,0
113,4,4,53568,0
113,4,5,432,0
113,9,-1,32768,32768
113,9,2,472320,0
113,9,3,11904,0
113,9,4,5856,0
113,9,5,1440,0
113,10,-2,32768,32768
113,10,-1,65536,65536
113,10,1,726016,0
113,10,2,1059072,0
113,10,3,1208816,0
113,10,4,41304,0
113,10,5,12216,0
113,11,-3,8192,8192
113,11,-2,65536,65536
113,11,-1,292864,292864
113,11,1,1334368,0
113,11,2,2727776,0
113,11,3,2549732,0
113,11,4,881724,0
113,11,5,4128,0
113,12,-3,16384,16384
113,12,-2,65536,65536
113,12,-1,513536,513536
113,12,1,1380416,0
113,12,2,3521544,0
113,12,3,3807488,0
113,12,4,1170304,0
113,12,5,43320,0
113,13,-3,8192,8192
113,13,-2,94208,94208
113,13,-1,514304,514304
113,13,1,1350560,0
113,13,2,2925292,0
113,13,3,2963260,0
113,13,4,530248,0
113,13,5,68080,0
113,14,-3,49152,49152
113,14,-2,221184,221184
113,14,-1,593024,593024
113,14,1,1943904,0
113,14,2,2338318,0
113,14,3,939538,0
113,14,4,496760,0
113,14,5,4488,0
113,15,-3,102400,102400
113,15,-2,355328,355328
113,15,-1,970752,970752
113,15,1,2459056,0
113,15,2,3206066,0
113,15,3,1905142,0
113,15,4,337480,0
113,15,5,2656,0
113,16,-4,24576,24576
113,16,-3,20480,20480
113,16,-2,538624,538624
113,16,-1,1502720,1502720
113,16,1,1982444,0
113,16,2,4007052,0
113,16,3,2967714,0
113,16,4,888876,0
113,16,5,27834,0
113,17,-4,8192,8192
113,17,-3,149504,149504
113,17,-2,263168,263168
113,17,-1,1559944,1559944
113,17,1,4289604,0
113,17,2,2609914,0
113,17,3,2903438,0
113,17,4,750216,0
113,17,5,16164,0
113,18,-3,36864,36864
113,18,-2,506240,506240
113,18,-1,1542880,1542880
113,18,1,3779240,0
113,18,2,5873808,0
113,18,3,2568266,0
113,18,4,698958,0
113,18,5,1488,0
113,19,-3,81920,81920
113,19,-2,380928,380928
113,19,-1,1651296,1651296
113,19,1,3210528,0
113,19,2,5837696,0
113,19,3,3983084,0
113,19,4,1298444,0
113,19,5,103944,0
113,20,-4,2048,2048
113,20,-3,102400,102400
113,20,-2,413184,413184
113,20,-1,1320960,1320960
113,20,1,3942138,0
113,20,2,4886862,0
113,20,3,8546574,0
113,20,4,1700858,0
113,20,5,122032,0
113,21,-4,4096,4096
113,21,-3,55296,55296
113,21,-2,311296,311296
113,21,-1,1243136,1243136
113,21,1,2746240,0
113,21,2,8993364,0
113,21,3,13362800,0
113,21,4,10851004,0
113,21,5,17664,0
113,22,-4,2048,2048
113,22,-3,16384,16384
113,22,-2,141184,141184
113,22,-1,675328,675328
113,22,1,2679142,0
113,22,2,8671818,0
113,22,3,13787464,0
113,22,4,2471707,0
113,22,5,128621,0
113,23,-3,8192,8192
113,23,-2,34816,34816
113,23,-1,215584,215584
113,23,1,1902696,0
113,23,2,3786072,0
113,23,3,3333372,0
113,23,4,480804,0
113,23,5,3328,0
113,24,-2,16128,16128
113,24,-1,65344,65344
113,24,1,379112,0
113,24,2,1363148,0
113,24,3,666890,0
113,24,4,245202,0
113,24,5,16688,0
113,25,-2,34816,34816
113,25,-1,158848,158848
113,25,1,334592,0
113,25,2,1392448,0
113,25,3,1340640,0
113,25,4,664736,0
113,25,5,6080,0
113,26,-3,4096,4096
113,26,-2,86016,86016
113,26,-1,416768,416768
113,26,1,798144,0
113,26,2,2099232,0
113,26,3,3056216,0
113,26,4,880520,0
113,26,5,31808,0
113,27,-4,2048,2048
113,27,-3,14336,14336
113,27,-2,124160,124160
113,27,-1,578624,578624
113,27,1,1828928,0
113,27,2,2479808,0
113,27,3,3403824,0
113,27,4,685296,0
113,27,5,58016,0
113,28,-4,4096,4096
113,28,-3,20480,20480
113,28,-2,172032,172032
113,28,-1,776256,776256
113,28,1,1926848,0
113,28,2,2920800,0
113,28,3,1222368,0
113,28,4,478400,0
113,28,5,15360,0
113,29,-4,2048,2048
113,29,-3,20480,20480
113,29,-2,281600,281600
113,29,-1,1142784,1142784
113,29,1,1804976,0
113,29,2,1654374,0
113,29,3,510688,0
113,29,4,84298,0
113,29,5,3776,0
113,30,-3,16384,16384
113,30,-2,215552,215552
113,30,-1,1044992,1044992
113,30,1,1702910,0
113,30,2,2216706,0
113,30,3,1469742,0
113,30,4,279234,0
113,30,5,1296,0
113,31,-3,6144,6144
113,31,-2,58368,58368
113,31,-1,271104,271104
113,31,1,996064,0
113,31,2,2347212,0
113,31,3,1988422,0
113,31,4,1357830,0
113,31,5,183816,0
113,32,1,276480,0
113,32,2,507600,0
113,32,3,602100,0
113,32,4,379404,0
113,32,5,3888,0
114,0,3,433920,0
114,0,5,614656,0
114,1,3,1735680,0
114,1,5,2458624,0
114,2,3,2603520,0
114,2,5,3687936,0
114,3,3,1735680,0
114,3,5,2458624,0
114,4,3,433920,0
114,4,5,614656,0
114,8,3,342864,0
114,8,5,246960,0
114,9,3,1600032,0
114,9,5,1152480,0
114,10,-1,16384,16384
114,10,1,8192,0
114,10,3,3116080,0
114,10,5,2167760,0
114,11,-1,56832,56832
114,11,1,28096,0
114,11,3,3236352,0
114,11,5,2085440,0
114,12,-1,208896,208896
114,12,1,101888,0
114,12,3,2616752,0
114,12,5,1070160,0
114,13,-1,526336,526336
114,13,1,254208,0
114,13,3,3008288,0
114,13,5,274400,0
114,14,-1,872448,872448
114,14,1,418304,0
114,14,3,4213952,0
114,14,5,65856,0
114,15,-1,1078272,1078272
114,15,1,516736,0
114,15,3,5580064,0
114,15,5,230496,0
114,16,-1,872448,872448
114,16,1,418304,0
114,16,3,5806944,0
114,16,5,701088,0
114,17,-1,362496,362496
114,17,1,172288,0
114,17,3,6544304,0
114,17,5,1702736,0
114,18,-1,61440,61440
114,18,1,28160,0
114,18,3,13341744,0
114,18,5,3739088,0
114,19,-1,7680,7680
114,19,1,3520,0
114,19,3,24819184,0
114,19,5,6200912,0
114,20,3,30831956,0
114,20,5,6654636,0
114,21,3,25415860,0
114,21,5,4271948,0
114,22,3,14666660,0
114,22,5,1520732,0
114,23,3,7825532,0
114,23,5,300932,0
114,24,3,6435296,0
114,24,5,118304,0
114,25,3,7864284,0
114,25,5,196644,0
114,26,3,10992840,0
114,26,5,410424,0
114,27,3,12945780,0
114,27,5,620172,0
114,28,3,10006108,0
114,28,5,545188,0
114,29,3,5444384,0
114,29,5,322784,0
114,30,3,3021956,0
114,30,5,189308,0
114,31,3,1109088,0
114,31,5,70560,0
115,0,3,433920,0
115,0,5,614656,0
115,1,2,516096,0
115,1,3,862080,0
115,1,4,2759680,0
115,1,5,56448,0
115,2,1,131072,0
115,2,2,984064,0
115,2,3,1776000,0
115,2,4,3343872,0
115,2,5,56448,0
115,3,1,260096,0
115,3,2,483840,0
115,3,3,2329248,0
115,3,4,1078784,0
115,3,5,42336,0
115,4,1,126976,0
115,4,3,833792,0
115,4,4,65856,0
115,4,5,21952,0
115,8,1,8192,0
115,8,2,71680,0
115,8,3,44304,0
115,8,4,6896,0
115,9,1,31232,0
115,9,2,261056,0
115,9,3,77944,0
115,9,4,16328,0
115,9,5,6656,0
115,10,-2,49152,49152
115,10,-1,24576,24576
115,10,1,492480,0
115,10,2,478880,0
115,10,3,420044,0
115,10,4,102052,0
115,10,5,5680,0
115,11,-2,65536,65536
115,11,-1,370560,370560
115,11,1,1063808,0
115,11,2,1627072,0
115,11,3,1245208,0
115,11,4,206396,0
115,11,5,8940,0
115,12,-2,16384,16384
115,12,-1,587248,587248
115,12,1,2112176,0
115,12,2,2354232,0
115,12,3,2292832,0
115,12,4,889120,0
115,12,5,5544,0
115,13,-1,611328,611328
115,13,1,2454048,0
115,13,2,2395452,0
115,13,3,2884808,0
115,13,4,1664348,0
115,13,5,82560,0
115,14,-1,739840,739840
115,14,1,1098560,0
115,14,2,2539912,0
115,14,3,2312216,0
115,14,4,1450672,0
115,14,5,116336,0
115,15,-2,2048,2048
115,15,-1,454656,454656
115,15,1,281728,0
115,15,2,2069588,0
115,15,3,1525681,0
115,15,4,1420367,0
115,15,5,45868,0
115,16,-2,8192,8192
115,16,-1,222080,222080
115,16,1,380864,0
115,16,2,2150944,0
115,16,3,1819668,0
115,16,4,1279934,0
115,16,5,3790,0
115,17,-3,8192,8192
115,17,-2,30720,30720
115,17,-1,682176,682176
115,17,1,867504,0
115,17,2,4991866,0
115,17,3,2075251,0
115,17,4,480850,0
115,17,5,5713,0
115,18,-2,36864,36864
115,18,-1,903296,903296
115,18,1,1633440,0
115,18,2,6972120,0
115,18,3,3616950,0
115,18,4,605912,0
115,18,5,26746,0
115,19,-3,49152,49152
115,19,-2,124928,124928
115,19,-1,911360,911360
115,19,1,2709024,0
115,19,2,7419995,0
115,19,3,4945109,0
115,19,4,2413595,0
115,19,5,71829,0
115,20,-2,36864,36864
115,20,-1,969024,969024
115,20,1,2684160,0
115,20,2,8629486,0
115,20,3,10231742,0
115,20,4,3724315,0
115,20,5,69881,0
115,21,-3,73728,73728
115,21,-2,153600,153600
115,21,-1,676512,676512
115,21,1,3651608,0
115,21,2,9270586,0
115,21,3,13121523,0
115,21,4,4763883,0
115,21,5,270128,0
115,22,-1,566856,566856
115,22,1,3516776,0
115,22,2,9049512,0
115,22,3,12126734,0
115,22,4,5977462,0
115,22,5,252708,0
115,23,-1,494080,494080
115,23,1,2488112,0
115,23,2,7494948,0
115,23,3,10897578,0
115,23,4,5387536,0
115,23,5,107506,0
115,24,-2,8192,8192
115,24,-1,472064,472064
115,24,1,1545984,0
115,24,2,5864384,0
115,24,3,8463892,0
115,24,4,2375436,0
115,24,5,308256,0
115,25,-2,40960,40960
115,25,-1,519680,519680
115,25,1,1390144,0
115,25,2,4492416,0
115,25,3,3206156,0
115,25,4,1316272,0
115,25,5,11652,0
115,26,-2,57344,57344
115,26,-1,430080,430080
115,26,1,1447936,0
115,26,2,2153792,0
115,26,3,2041212,0
115,26,4,712276,0
115,26,5,38640,0
115,27,-2,24576,24576
115,27,-1,184320,184320
115,27,1,1270272,0
115,27,2,1747424,0
115,27,3,2163396,0
115,27,4,464200,0
115,27,5,44052,0
115,28,-1,98304,98304
115,28,1,964096,0
115,28,2,1624368,0
115,28,3,947916,0
115,28,4,319994,0
115,28,5,43018,0
115,29,-1,204800,204800
115,29,1,417536,0
115,29,2,469168,0
115,29,3,221200,0
115,29,4,128080,0
115,29,5,1008,0
115,30,-1,61440,61440
115,30,1,61440,0
115,30,2,19200,0
115,30,3,43704,0
115,30,4,10824,0
116,0,3,433920,0
116,0,5,614656,0
116,1,2,738304,0
116,1,3,432000,0
116,1,4,2999808,0
116,1,5,24192,0
116,2,1,393216,0
116,2,2,714240,0
116,2,3,3974400,0
116,2,4,1197504,0
116,2,5,12096,0
116,3,-1,65536,65536
116,3,1,380928,0
116,3,2,893696,0
116,3,3,2648960,0
116,3,4,159264,0
116,3,5,45920,0
116,4,-1,65536,65536
116,4,2,767040,0
116,4,3,162000,0
116,4,4,53568,0
116,4,5,432,0
116,9,1,55296,0
116,9,2,133056,0
116,9,3,86940,0
116,9,4,18432,0
116,9,5,1188,0
116,10,-1,184320,184320
116,10,1,70464,0
116,10,2,774756,0
116,10,3,441348,0
116,10,4,93381,0
116,10,5,8595,0
116,11,-1,208896,208896
116,11,1,898816,0
116,11,2,1259544,0
116,11,3,980334,0
116,11,4,245982,0
116,11,5,10908,0
116,12,-3,55296,55296
116,12,-2,12288,12288
116,12,-1,228608,228608
116,12,1,1636032,0
116,12,2,1192416,0
116,12,3,1793956,0
116,12,4,412008,0
116,12,5,10580,0
116,13,-3,18432,18432
116,13,-2,193024,193024
116,13,-1,502784,502784
116,13,1,753024,0
116,13,2,2210142,0
116,13,3,1279415,0
116,13,4,1159083,0
116,13,5,11712,0
116,14,-3,12288,12288
116,14,-2,189184,189184
116,14,-1,445312,445312
116,14,1,1134752,0
116,14,2,1213116,0
116,14,3,2803268,0
116,14,4,705364,0
116,14,5,50316,0
116,15,-3,24576,24576
116,15,-2,155648,155648
116,15,-1,364000,364000
116,15,1,773504,0
116,15,2,2480636,0
116,15,3,1889608,0
116,15,4,1509576,0
116,15,5,11412,0
116,16,-3,12288,12288
116,16,-2,135168,135168
116,16,-1,308224,308224
116,16,1,1497632,0
116,16,2,1877160,0
116,16,3,2689544,0
116,16,4,974448,0
116,16,5,9408,0
116,17,-3,24576,24576
116,17,-2,233472,233472
116,17,-1,819456,819456
116,17,1,1353232,0
116,17,2,3214311,0
116,17,3,2288237,0
116,17,4,671272,0
116,17,5,13428,0
116,18,-3,81920,81920
116,18,-2,581632,581632
116,18,-1,1839104,1839104
116,18,1,2671040,0
116,18,2,3533592,0
116,18,3,3992562,0
116,18,4,1314074,0
116,18,5,10780,0
116,19,-3,73728,73728
116,19,-2,888832,888832
116,19,-1,2324992,2324992
116,19,1,5149888,0
116,19,2,6571985,0
116,19,3,5697931,0
116,19,4,3335724,0
116,19,5,139704,0
116,20,-3,49152,49152
116,20,-2,471040,471040
116,20,-1,2719744,2719744
116,20,1,6453312,0
116,20,2,9191504,0
116,20,3,10312904,0
116,20,4,3221776,0
116,20,5,545176,0
116,21,-3,53248,53248
116,21,-2,333824,333824
116,21,-1,2158080,2158080
116,21,1,6267808,0
116,21,2,10829916,0
116,21,3,9999808,0
116,21,4,7250120,0
116,21,5,69500,0
116,22,-3,47104,47104
116,22,-2,571392,571392
116,22,-1,1854464,1854464
116,22,1,4543488,0
116,22,2,10095500,0
116,22,3,11167730,0
116,22,4,4423880,0
116,22,5,1440698,0
116,23,-3,73728,73728
116,23,-2,395264,395264
116,23,-1,1447552,1447552
116,23,1,3732704,0
116,23,2,5911801,0
116,23,3,6304455,0
116,23,4,3417586,0
116,23,5,16110,0
116,24,-3,30720,30720
116,24,-2,190464,190464
116,24,-1,814080,814080
116,24,1,1714736,0
116,24,2,2514136,0
116,24,3,2579192,0
116,24,4,279968,0
116,24,5,3168,0
116,25,-2,90112,90112
116,25,-1,526080,526080
116,25,1,720416,0
116,25,2,1673624,0
116,25,3,1604376,0
116,25,4,593124,0
116,25,5,2380,0
116,26,-2,65536,65536
116,26,-1,398080,398080
116,26,1,1493408,0
116,26,2,1969356,0
116,26,3,3300980,0
116,26,4,1282496,0
116,26,5,9824,0
116,27,-2,8192,8192
116,27,-1,437760,437760
116,27,1,1418176,0
116,27,2,3132624,0
116,27,3,2619812,0
116,27,4,2165772,0
116,27,5,48064,0
116,28,-2,43008,43008
116,28,-1,396544,396544
116,28,1,1018212,0
116,28,2,1642120,0
116,28,3,2581388,0
116,28,4,950144,0
116,28,5,53256,0
116,29,-2,86016,86016
116,29,-1,233472,233472
116,29,1,312320,0
116,29,2,805504,0
116,29,3,839384,0
116,29,4,213672,0
116,30,-2,43008,43008
116,30,-1,30720,30720
116,30,1,73728,0
116,30,2,156672,0
116,30,3,89088,0
117,0,3,433920,0
117,0,5,614656,0
117,1,2,499712,0
117,1,3,865920,0
117,1,4,2659328,0
117,1,5,169344,0
117,2,1,131072,0
117,2,2,954304,0
117,2,3,1737600,0
117,2,4,3398784,0
117,2,5,69696,0
117,3,1,256000,0
117,3,2,469472,0
117,3,3,2257152,0
117,3,4,1189216,0
117,3,5,22464,0
117,4,1,123136,0
117,4,3,823296,0
117,4,4,79968,0
117,4,5,22176,0
117,11,-2,32768,32768
117,11,-1,123904,123904
117,11,1,8960,0
117,11,2,227584,0
117,12,-2,122112,122112
117,12,-1,562432,562432
117,12,1,626112,0
117,12,2,1021664,0
117,12,3,610230,0
117,12,4,6570,0
117,13,-2,185856,185856
117,13,-1,1069056,1069056
117,13,1,2432320,0
117,13,2,2769360,0
117,13,3,2925408,0
117,13,4,378696,0
117,13,5,4168,0
117,14,-2,161024,161024
117,14,-1,1196928,1196928
117,14,1,4072800,0
117,14,2,5725328,0
117,14,3,5726016,0
117,14,4,2267560,0
117,14,5,117928,0
117,15,-2,152928,152928
117,15,-1,1106848,1106848
117,15,1,4793268,0
117,15,2,9011964,0
117,15,3,8157160,0
117,15,4,3464572,0
117,15,5,51948,0
117,16,-3,24576,24576
117,16,-2,227840,227840
117,16,-1,1440032,1440032
117,16,1,5047088,0
117,16,2,10413984,0
117,16,3,8574056,0
117,16,4,3676248,0
117,16,5,218448,0
117,17,-3,86016,86016
117,17,-2,448256,448256
117,17,-1,2301632,2301632
117,17,1,4400288,0
117,17,2,9946848,0
117,17,3,8032728,0
117,17,4,2181912,0
117,17,5,127440,0
117,18,-4,8192,8192
117,18,-3,178688,178688
117,18,-2,976384,976384
117,18,-1,2890192,2890192
117,18,1,4386432,0
117,18,2,7380652,0
117,18,3,5242488,0
117,18,4,1389804,0
117,18,5,26016,0
117,19,-4,32768,32768
117,19,-3,324608,324608
117,19,-2,1165824,1165824
117,19,-1,2124016,2124016
117,19,1,4650528,0
117,19,2,4876464,0
117,19,3,2466824,0
117,19,4,673472,0
117,19,5,3960,0
117,20,-4,40960,40960
117,20,-3,294912,294912
117,20,-2,706368,706368
117,20,-1,1161824,1161824
117,20,1,2339184,0
117,20,2,1626792,0
117,20,3,927440,0
117,20,4,45612,0
117,20,5,332,0
117,21,-4,24576,24576
117,21,-3,125440,125440
117,21,-2,636480,636480
117,21,-1,1018112,1018112
117,21,1,990528,0
117,21,2,1050048,0
117,21,3,112200,0
117,21,4,39904,0
117,21,5,408,0
117,22,-4,20480,20480
117,22,-3,131072,131072
117,22,-2,257344,257344
117,22,-1,240064,240064
117,22,1,504064,0
117,22,2,239616,0
117,22,3,11456,0
117,22,4,3696,0
117,22,5,1232,0
117,23,-4,24576,24576
117,23,-3,65536,65536
117,23,-2,44288,44288
117,23,-1,151808,151808
117,23,1,132608,0
117,23,2,108288,0
117,23,3,27712,0
117,23,4,2240,0
117,24,-4,24576,24576
117,24,-3,114688,114688
117,24,-2,172032,172032
117,24,-1,272640,272640
117,24,1,499872,0
117,24,2,317840,0
117,24,3,215616,0
117,24,4,19192,0
117,24,5,1944,0
117,25,-4,16384,16384
117,25,-3,131072,131072
117,25,-2,334848,334848
117,25,-1,480832,480832
117,25,1,1155840,0
117,25,2,1047920,0
117,25,3,667320,0
117,25,4,258940,0
117,25,5,2844,0
117,26,-4,4096,4096
117,26,-3,73728,73728
117,26,-2,374272,374272
117,26,-1,728320,728320
117,26,1,1026704,0
117,26,2,2506760,0
117,26,3,1701160,0
117,26,4,714128,0
117,26,5,14256,0
117,27,-3,16384,16384
117,27,-2,158720,158720
117,27,-1,793088,793088
117,27,1,1004032,0
117,27,2,3369992,0
117,27,3,3513920,0
117,27,4,1457031,0
117,27,5,74289,0
117,28,-2,24576,24576
117,28,-1,686976,686976
117,28,1,1381072,0
117,28,2,5068808,0
117,28,3,5034304,0
117,28,4,1911504,0
117,28,5,114072,0
117,29,-1,1385152,1385152
117,29,1,2998336,0
117,29,2,7766184,0
117,29,3,6106888,0
117,29,4,1689583,0
117,29,5,75105,0
117,30,-1,907776,907776
117,30,1,4305280,0
117,30,2,4385712,0
117,30,3,8483496,0
117,30,4,824872,0
117,31,-1,331776,331776
117,31,1,1465344,0
117,31,2,1611360,0
117,31,3,2614032,0
117,31,4,1055376,0
118,0,3,433920,0
118,0,5,614656,0
118,1,2,753664,0
118,1,3,430080,0
118,1,4,3010560,0
118,2,1,389120,0
118,2,2,730112,0
118,2,3,3337664,0
118,2,4,1806336,0
118,2,5,28224,0
118,3,-1,65536,65536
118,3,1,380928,0
118,3,2,829440,0
118,3,3,2209664,0
118,3,4,577024,0
118,3,5,131712,0
118,4,-1,64512,64512
118,4,2,568320,0
118,4,3,11760,0
118,4,4,403984,0
118,8,1,24576,0
118,8,3,56320,0
118,8,4,50176,0
118,9,-1,32768,32768
118,9,1,51200,0
118,9,2,317824,0
118,9,3,452760,0
118,9,4,95256,0
118,9,5,464,0
118,10,-2,90112,90112
118,10,-1,53248,53248
118,10,1,619520,0
118,10,2,1222000,0
118,10,3,912240,0
118,10,4,245840,0
118,10,5,2768,0
118,11,-3,36864,36864
118,11,-2,221184,221184
118,11,-1,547968,547968
118,11,1,1934608,0
118,11,2,2498376,0
118,11,3,2041107,0
118,11,4,736612,0
118,11,5,44209,0
118,12,-4,4096,4096
118,12,-3,100352,100352
118,12,-2,192000,192000
118,12,-1,1563648,1563648
118,12,1,2831184,0
118,12,2,3889128,0
118,12,3,5125683,0
118,12,4,1363113,0
118,12,5,69612,0
118,13,-4,8192,8192
118,13,-3,45056,45056
118,13,-2,408960,408960
118,13,-1,1452672,1452672
118,13,1,3044672,0
118,13,2,5556828,0
118,13,3,5867346,0
118,13,4,1938118,0
118,13,5,61004,0
118,14,-4,4096,4096
118,14,-3,73728,73728
118,14,-2,265216,265216
118,14,-1,1191680,1191680
118,14,1,2611648,0
118,14,2,5050934,0
118,14,3,3911694,0
118,14,4,1486820,0
118,14,5,84248,0
118,15,-3,20480,20480
118,15,-2,253184,253184
118,15,-1,557448,557448
118,15,1,2289489,0
118,15,2,2544453,0
118,15,3,2260992,0
118,15,4,740332,0
118,15,5,17142,0
118,16,-2,100352,100352
118,16,-1,682448,682448
118,16,1,863494,0
118,16,2,1414168,0
118,16,3,982454,0
118,16,4,279144,0
118,16,5,3316,0
118,17,-3,2048,2048
118,17,-2,111744,111744
118,17,-1,311104,311104
118,17,1,571668,0
118,17,2,537080,0
118,17,3,383570,0
118,17,4,110418,0
118,17,5,3984,0
118,18,-2,65536,65536
118,18,-1,201472,201472
118,18,1,361600,0
118,18,2,601002,0
118,18,3,329220,0
118,18,4,276178,0
118,19,-2,16384,16384
118,19,-1,149504,149504
118,19,1,939520,0
118,19,2,734504,0
118,19,3,1595113,0
118,19,4,392639,0
118,19,5,6192,0
118,20,-2,65536,65536
118,20,-1,663552,663552
118,20,1,840096,0
118,20,2,3544548,0
118,20,3,2355124,0
118,20,4,634950,0
118,20,5,22658,0
118,21,-2,141312,141312
118,21,-1,596992,596992
118,21,1,3725312,0
118,21,2,4270080,0
118,21,3,4656528,0
118,21,4,1036104,0
118,21,5,122664,0
118,22,-4,2048,2048
118,22,-3,53760,53760
118,22,-2,302848,302848
118,22,-1,1397632,1397632
118,22,1,3890976,0
118,22,2,8380784,0
118,22,3,5127482,0
118,22,4,2467606,0
118,22,5,102048,0
118,23,-3,98304,98304
118,23,-2,430080,430080
118,23,-1,2155904,2155904
118,23,1,7686528,0
118,23,2,8114074,0
118,23,3,8142326,0
118,23,4,1698816,0
118,23,5,116592,0
118,24,-4,6144,6144
118,24,-3,90112,90112
118,24,-2,788480,788480
118,24,-1,2383872,2383872
118,24,1,8885216,0
118,24,2,10310136,0
118,24,3,6783727,0
118,24,4,3124049,0
118,24,5,3048,0
118,25,-3,45056,45056
118,25,-2,798720,798720
118,25,-1,2125824,2125824
118,25,1,5467296,0
118,25,2,9674512,0
118,25,3,8604304,0
118,25,4,2464286,0
118,25,5,180130,0
118,26,-3,22528,22528
118,26,-2,437696,437696
118,26,-1,1030336,1030336
118,26,1,2971456,0
118,26,2,6347280,0
118,26,3,6877966,0
118,26,4,3009927,0
118,26,5,143259,0
118,27,-3,6144,6144
118,27,-2,51712,51712
118,27,-1,548992,548992
118,27,1,1549824,0
118,27,2,2643068,0
118,27,3,4896076,0
118,27,4,1564540,0
118,27,5,11836,0
118,28,-4,1536,1536
118,28,-3,14848,14848
118,28,-2,48128,48128
118,28,-1,313728,313728
118,28,1,665536,0
118,28,2,723282,0
118,28,3,1229374,0
118,28,4,461424,0
118,28,5,15552,0
118,29,-4,3072,3072
118,29,-3,11264,11264
118,29,-2,47104,47104
118,29,-1,96256,96256
118,29,1,89120,0
118,29,2,11968,0
118,29,3,3360,0
118,30,-4,1536,1536
118,30,-3,2560,2560
118,30,-2,18432,18432
118,30,-1,8320,8320
118,30,1,1152,0
118,30,2,768,0
119,0,3,433920,0
119,0,5,614656,0
119,1,2,262144,0
119,1,3,1297920,0
119,1,4,2107392,0
119,1,5,526848,0
119,2,2,761856,0
119,2,3,1296000,0
119,2,4,4064256,0
119,2,5,169344,0
119,3,2,738304,0
119,3,3,432000,0
119,3,4,2999808,0
119,3,5,24192,0
119,4,2,238576,0
119,4,4,808704,0
119,4,5,1296,0
119,10,-1,37888,37888
119,10,1,6656,0
119,10,2,50688,0
119,10,3,35840,0
119,11,-1,200704,200704
119,11,1,69632,0
119,11,2,506752,0
119,11,3,252672,0
119,11,4,18816,0
119,12,-1,459776,459776
119,12,1,294272,0
119,12,2,2146368,0
119,12,3,1216960,0
119,12,4,206656,0
119,12,5,1344,0
119,13,-1,662016,662016
119,13,1,752224,0
119,13,2,5021344,0
119,13,3,4299552,0
119,13,4,1071224,0
119,13,5,22888,0
119,14,-2,8192,8192
119,14,-1,636928,636928
119,14,1,1597056,0
119,14,2,7280224,0
119,14,3,9083120,0
119,14,4,3013488,0
119,14,5,73408,0
119,15,-4,2048,2048
119,15,-3,6144,6144
119,15,-2,36864,36864
119,15,-1,686208,686208
119,15,1,3599896,0
119,15,2,7232132,0
119,15,3,11476556,0
119,15,4,4294552,0
119,15,5,190720,0
119,16,-4,8192,8192
119,16,-3,24576,24576
119,16,-2,90112,90112
119,16,-1,917632,917632
119,16,1,5802432,0
119,16,2,6166726,0
119,16,3,9300306,0
119,16,4,3349312,0
119,16,5,227432,0
119,17,-4,18432,18432
119,17,-3,55296,55296
119,17,-2,167936,167936
119,17,-1,1515136,1515136
119,17,1,7402368,0
119,17,2,4847798,0
119,17,3,5203610,0
119,17,4,1894936,0
119,17,5,29848,0
119,18,-4,32768,32768
119,18,-3,98304,98304
119,18,-2,221184,221184
119,18,-1,1456000,1456000
119,18,1,6205056,0
119,18,2,5310670,0
119,18,3,2672106,0
119,18,4,911660,0
119,18,5,540,0
119,19,-4,38912,38912
119,19,-3,116736,116736
119,19,-2,176128,176128
119,19,-1,934656,934656
119,19,1,3348416,0
119,19,2,4494314,0
119,19,3,1904566,0
119,19,4,552698,0
119,19,5,678,0
119,20,-4,24576,24576
119,20,-3,73728,73728
119,20,-2,73728,73728
119,20,-1,477696,477696
119,20,1,1338112,0
119,20,2,1883472,0
119,20,3,2111904,0
119,20,4,635290,0
119,20,5,630,0
119,21,-4,6144,6144
119,21,-3,18432,18432
119,21,-2,12288,12288
119,21,-1,272640,272640
119,21,1,588544,0
119,21,2,1331792,0
119,21,3,2226998,0
119,21,4,758122,0
119,21,5,27920,0
119,22,-1,403968,403968
119,22,1,948992,0
119,22,2,2849536,0
119,22,3,3861172,0
119,22,4,1349864,0
119,22,5,23652,0
119,23,-1,773888,773888
119,23,1,2012928,0
119,23,2,6052248,0
119,23,3,8507304,0
119,23,4,2336016,0
119,23,5,76720,0
119,24,-1,1062912,1062912
119,24,1,2510848,0
119,24,2,8621832,0
119,24,3,12429760,0
119,24,4,3279252,0
119,24,5,79268,0
119,25,-1,1042432,1042432
119,25,1,1904896,0
119,25,2,7611824,0
119,25,3,9815634,0
119,25,4,3610738,0
119,25,5,131724,0
119,26,-1,622592,622592
119,26,1,970624,0
119,26,2,4262620,0
119,26,3,4184738,0
119,26,4,2105056,0
119,26,5,109602,0
119,27,-1,172032,172032
119,27,1,331648,0
119,27,2,1377950,0
119,27,3,1027146,0
119,27,4,596472,0
119,27,5,33696,0
119,28,-1,14336,14336
119,28,1,69120,0
119,28,2,238176,0
119,28,3,173308,0
119,28,4,92628,0
119,28,5,2256,0
119,29,-1,2048,2048
119,29,1,9728,0
119,29,2,26624,0
119,29,3,20176,0
119,29,4,6960,0
120,0,3,433920,0
120,0,5,614656,0
120,1,2,262144,0
120,1,3,1297920,0
120,1,4,2107392,0
120,1,5,526848,0
120,2,2,761856,0
120,2,3,1296000,0
120,2,4,4064256,0
120,2,5,169344,0
120,3,2,738304,0
120,3,3,432000,0
120,3,4,2999808,0
120,3,5,24192,0
120,4,2,238576,0
120,4,4,808704,0
120,4,5,1296,0
120,10,2,861120,0
120,10,3,126720,0
120,10,4,132408,0
120,10,5,59400,0
120,11,2,1295424,0
120,11,3,329088,0
120,11,4,292652,0
120,11,5,81684,0
120,12,1,49152,0
120,12,2,3278848,0
120,12,3,1243472,0
120,12,4,821456,0
120,12,5,46560,0
120,13,-1,6144,6144
120,13,1,126976,0
120,13,2,4622976,0
120,13,3,2736258,0
120,13,4,1477490,0
120,13,5,237964,0
120,14,-1,24576,24576
120,14,1,975360,0
120,14,2,3335552,0
120,14,3,3401732,0
120,14,4,1925104,0
120,14,5,233612,0
120,15,-1,49152,49152
120,15,1,2579328,0
120,15,2,3536080,0
120,15,3,5068412,0
120,15,4,3153084,0
120,15,5,64632,0
120,16,-1,86016,86016
120,16,1,3245888,0
120,16,2,4085240,0
120,16,3,6733840,0
120,16,4,3834748,0
120,16,5,823100,0
120,17,-1,153600,153600
120,17,1,3849280,0
120,17,2,3585750,0
120,17,3,7449960,0
120,17,4,4994038,0
120,17,5,512908,0
120,18,-1,36864,36864
120,18,1,4750960,0
120,18,2,4138416,0
120,18,3,8804788,0
120,18,4,5753668,0
120,18,5,108264,0
120,19,-1,245760,245760
120,19,1,4388408,0
120,19,2,4341160,0
120,19,3,9000788,0
120,19,4,5364088,0
120,19,5,56148,0
120,20,1,3259696,0
120,20,2,4189328,0
120,20,3,5814638,0
120,20,4,3376666,0
120,20,5,267960,0
120,21,-1,184320,184320
120,21,1,3226048,0
120,21,2,2866392,0
120,21,3,2827460,0
120,21,4,1772772,0
120,21,5,133056,0
120,22,1,3651488,0
120,22,2,2551120,0
120,22,3,2416972,0
120,22,4,1479172,0
120,22,5,59328,0
120,23,1,3101568,0
120,23,2,2282400,0
120,23,3,2843384,0
120,23,4,1419444,0
120,23,5,314676,0
120,24,1,2390148,0
120,24,2,2494476,0
120,24,3,4159476,0
120,24,4,2033948,0
120,24,5,63072,0
120,25,-1,24576,24576
120,25,1,2290080,0
120,25,2,4781904,0
120,25,3,5461372,0
120,25,4,3116308,0
120,25,5,185472,0
120,26,-1,172032,172032
120,26,1,1584256,0
120,26,2,8297584,0
120,26,3,4558980,0
120,26,4,4326356,0
120,26,5,197304,0
120,27,-1,368640,368640
120,27,1,740352,0
120,27,2,8101456,0
120,27,3,3319592,0
120,27,4,3376620,0
120,27,5,608412,0
120,28,-1,221184,221184
120,28,1,221184,0
120,28,2,4099424,0
120,28,3,2502108,0
120,28,4,1602084,0
120,28,5,529056,0
120,29,2,1029584,0
120,29,3,1090488,0
120,29,4,616200,0
120,29,5,147312,0
120,30,2,69216,0
120,30,3,215640,0
120,30,4,95400,0
120,30,5,12960,0
121,0,3,433920,0
121,0,5,614656,0
121,1,2,516096,0
121,1,3,862080,0
121,1,4,2759680,0
121,1,5,56448,0
121,2,1,131072,0
121,2,2,984064,0
121,2,3,1776000,0
121,2,4,3343872,0
121,2,5,56448,0
121,3,1,260096,0
121,3,2,483840,0
121,3,3,2329248,0
121,3,4,1078784,0
121,3,5,42336,0
121,4,1,126976,0
121,4,3,833792,0
121,4,4,65856,0
121,4,5,21952,0
121,7,-1,40960,40960
121,7,1,3072,0
121,7,2,7936,0
121,7,3,13568,0
121,8,-1,180224,180224
121,8,1,80384,0
121,8,2,52608,0
121,8,3,80000,0
121,9,-2,8192,8192
121,9,-1,290816,290816
121,9,1,389280,0
121,9,2,289768,0
121,9,3,242988,0
121,9,4,24140,0
121,10,-2,16384,16384
121,10,-1,418816,418816
121,10,1,859968,0
121,10,2,1013656,0
121,10,3,785976,0
121,10,4,241584,0
121,10,5,5952,0
121,11,-2,32768,32768
121,11,-1,475136,475136
121,11,1,1419648,0
121,11,2,2325472,0
121,11,3,1956704,0
121,11,4,653432,0
121,11,5,18120,0
121,12,-2,49152,49152
121,12,-1,429056,429056
121,12,1,1521408,0
121,12,2,3003264,0
121,12,3,3246992,0
121,12,4,966728,0
121,12,5,23976,0
121,13,-2,40960,40960
121,13,-1,743424,743424
121,13,1,1386496,0
121,13,2,2806896,0
121,13,3,3350216,0
121,13,4,509704,0
121,13,5,9664,0
121,14,-3,8192,8192
121,14,-2,65536,65536
121,14,-1,532480,532480
121,14,1,2513664,0
121,14,2,2731740,0
121,14,3,1665628,0
121,14,4,279452,0
121,14,5,2092,0
121,15,-3,32768,32768
121,15,-2,114688,114688
121,15,-1,522752,522752
121,15,1,2261632,0
121,15,2,2180304,0
121,15,3,659132,0
121,15,4,302800,0
121,15,5,20772,0
121,16,-3,32768,32768
121,16,-2,241664,241664
121,16,-1,609280,609280
121,16,1,1525248,0
121,16,2,1512448,0
121,16,3,746802,0
121,16,4,501734,0
121,16,5,72936,0
121,17,-3,16384,16384
121,17,-2,360448,360448
121,17,-1,580608,580608
121,17,1,2026832,0
121,17,2,2614863,0
121,17,3,2043699,0
121,17,4,1002958,0
121,17,5,234336,0
121,18,-3,32768,32768
121,18,-2,211968,211968
121,18,-1,1005696,1005696
121,18,1,2218160,0
121,18,2,4891946,0
121,18,3,4572086,0
121,18,4,2431670,0
121,18,5,36666,0
121,19,-2,191488,191488
121,19,-1,827008,827008
121,19,1,3724564,0
121,19,2,5498976,0
121,19,3,8324170,0
121,19,4,4346368,0
121,19,5,254402,0
121,20,-3,8192,8192
121,20,-2,129024,129024
121,20,-1,783296,783296
121,20,1,2156446,0
121,20,2,6105347,0
121,20,3,10481963,0
121,20,4,5895680,0
121,20,5,195700,0
121,21,-2,27648,27648
121,21,-1,460160,460160
121,21,1,5268864,0
121,21,2,7833752,0
121,21,3,12536902,0
121,21,4,5023830,0
121,21,5,732108,0
121,22,-2,24576,24576
121,22,-1,999424,999424
121,22,1,4176384,0
121,22,2,8871956,0
121,22,3,11162154,0
121,22,4,3971646,0
121,22,5,88452,0
121,23,-2,153600,153600
121,23,-1,1329152,1329152
121,23,1,2600960,0
121,23,2,7189808,0
121,23,3,6144484,0
121,23,4,1859732,0
121,23,5,88152,0
121,24,-2,245760,245760
121,24,-1,163328,163328
121,24,1,2045760,0
121,24,2,2564072,0
121,24,3,3431776,0
121,24,4,1433432,0
121,24,5,11808,0
121,25,-2,55296,55296
121,25,-1,264192,264192
121,25,1,1179760,0
121,25,2,2294848,0
121,25,3,2720828,0
121,25,4,1949816,0
121,25,5,120476,0
121,26,-2,120832,120832
121,26,-1,548096,548096
121,26,1,1619392,0
121,26,2,2806032,0
121,26,3,2188456,0
121,26,4,1526840,0
121,26,5,37712,0
121,27,-2,180224,180224
121,27,-1,785920,785920
121,27,1,2087680,0
121,27,2,3007056,0
121,27,3,1702344,0
121,27,4,816184,0
121,27,5,5808,0
121,28,-2,133120,133120
121,28,-1,751360,751360
121,28,1,1853184,0
121,28,2,2525080,0
121,28,3,1429196,0
121,28,4,431412,0
121,28,5,20072,0
121,29,-2,36864,36864
121,29,-1,410624,410624
121,29,1,1011840,0
121,29,2,1564472,0
121,29,3,901404,0
121,29,4,184244,0
121,29,5,19320,0
121,30,-1,98304,98304
121,30,1,360544,0
121,30,2,515532,0
121,30,3,366932,0
121,30,4,34848,0
121,30,5,96,0
121,31,1,77184,0
121,31,2,64668,0
121,31,3,54132,0
121,31,4,624,0
122,0,3,433920,0
122,0,5,614656,0
122,1,2,499712,0
122,1,3,865920,0
122,1,4,2659328,0
122,1,5,169344,0
122,2,1,163840,0
122,2,2,970688,0
122,2,3,1925120,0
122,2,4,3424256,0
122,2,5,69696,0
122,3,-1,12288,12288
122,3,1,360960,0
122,3,2,1067120,0
122,3,3,3031624,0
122,3,4,1600392,0
122,3,5,22464,0
122,4,-2,6144,6144
122,4,-1,49152,49152
122,4,1,219352,0
122,4,2,1775079,0
122,4,3,2766195,0
122,4,4,1414834,0
122,4,5,126236,0
122,5,-2,24576,24576
122,5,-1,277632,277632
122,5,1,180288,0
122,5,2,2110638,0
122,5,3,4260790,0
122,5,4,1083984,0
122,5,5,24716,0
122,6,-2,34816,34816
122,6,-1,704128,704128
122,6,1,891656,0
122,6,2,1822164,0
122,6,3,4485736,0
122,6,4,959112,0
122,6,5,48052,0
122,7,-3,2048,2048
122,7,-2,26176,26176
122,7,-1,828992,828992
122,7,1,1974656,0
122,7,2,2626558,0
122,7,3,2989190,0
122,7,4,882262,0
122,7,5,107302,0
122,8,-3,4096,4096
122,8,-2,27776,27776
122,8,-1,520960,520960
122,8,1,2264984,0
122,8,2,2412568,0
122,8,3,2029380,0
122,8,4,526031,0
122,8,5,45757,0
122,9,-3,8192,8192
122,9,-2,30272,30272
122,9,-1,382656,382656
122,9,1,1468160,0
122,9,2,1597676,0
122,9,3,955500,0
122,9,4,263302,0
122,9,5,12834,0
122,10,-3,12288,12288
122,10,-2,12288,12288
122,10,-1,454656,454656
122,10,1,701920,0
122,10,2,874506,0
122,10,3,476982,0
122,10,4,52188,0
122,10,5,3844,0
122,11,-3,6144,6144
122,11,-1,264192,264192
122,11,1,388877,0
122,11,2,338115,0
122,11,3,103940,0
122,11,4,12844,0
122,12,-1,36864,36864
122,12,1,103680,0
122,12,2,48208,0
122,12,3,35808,0
122,12,4,4816,0
122,13,1,24320,0
122,13,2,12656,0
122,13,3,121384,0
122,13,4,5432,0
122,13,5,48,0
122,14,-1,4096,4096
122,14,1,40960,0
122,14,2,193376,0
122,14,3,602844,0
122,14,4,201132,0
122,14,5,6168,0
122,15,-1,61440,61440
122,15,1,268128,0
122,15,2,1015972,0
122,15,3,1624060,0
122,15,4,764804,0
122,15,5,1148,0
122,16,-1,253696,253696
122,16,1,1093168,0
122,16,2,2595250,0
122,16,3,3767392,0
122,16,4,1020658,0
122,16,5,51660,0
122,17,-2,11264,11264
122,17,-1,420608,420608
122,17,1,2228128,0
122,17,2,5522374,0
122,17,3,6337534,0
122,17,4,2163734,0
122,17,5,28038,0
122,18,-2,48640,48640
122,18,-1,307200,307200
122,18,1,3020864,0
122,18,2,7696202,0
122,18,3,9044276,0
122,18,4,5261334,0
122,18,5,377132,0
122,19,-3,2048,2048
122,19,-2,60160,60160
122,19,-1,349280,349280
122,19,1,3056896,0
122,19,2,6927056,0
122,19,3,11320154,0
122,19,4,6414230,0
122,19,5,574944,0
122,20,-3,8192,8192
122,20,-2,39936,39936
122,20,-1,653984,653984
122,20,1,2427968,0
122,20,2,4565324,0
122,20,3,8316280,0
122,20,4,5092692,0
122,20,5,194824,0
122,21,-3,10240,10240
122,21,-2,25344,25344
122,21,-1,588416,588416
122,21,1,1488212,0
122,21,2,2565740,0
122,21,3,3814156,0
122,21,4,2094740,0
122,21,5,95520,0
122,22,-3,6144,6144
122,22,-2,14336,14336
122,22,-1,284288,284288
122,22,1,607904,0
122,22,2,1723020,0
122,22,3,1951228,0
122,22,4,514136,0
122,22,5,10752,0
122,23,-3,4096,4096
122,23,-2,8192,8192
122,23,-1,327680,327680
122,23,1,1470464,0
122,23,2,1559648,0
122,23,3,1273688,0
122,23,4,271432,0
122,24,-3,2048,2048
122,24,-2,2048,2048
122,24,-1,366592,366592
122,24,1,1576960,0
122,24,2,1628960,0
122,24,3,628736,0
122,24,4,182280,0
122,24,5,3288,0
122,25,-1,73728,73728
122,25,1,350208,0
122,25,2,540288,0
122,25,3,194976,0
122,25,4,20448,0
122,26,-1,221184,221184
122,26,1,870912,0
122,26,2,470016,0
122,26,3,193536,0
122,26,4,13824,0
122,28,1,73728,0
122,28,2,17024,0
122,28,3,25344,0
122,28,4,14976,0
122,29,1,316416,0
122,29,2,387760,0
122,29,3,322760,0
122,29,4,148176,0
122,29,5,4536,0
122,30,-2,4096,4096
122,30,-1,69632,69632
122,30,1,643328,0
122,30,2,1638712,0
122,30,3,1454412,0
122,30,4,563660,0
122,30,5,82608,0
122,31,-2,20480,20480
122,31,-1,364544,364544
122,31,1,1142400,0
122,31,2,3193152,0
122,31,3,3687784,0
122,31,4,1499472,0
122,31,5,53640,0
122,32,-2,28672,28672
122,32,-1,558080,558080
122,32,1,1950272,0
122,32,2,4528400,0
122,32,3,5761528,0
122,32,4,2907656,0
122,32,5,125104,0
122,33,-2,12288,12288
122,33,-1,208896,208896
122,33,1,2113536,0
122,33,2,6033136,0
122,33,3,6186460,0
122,33,4,3812572,0
122,33,5,114264,0
122,34,-1,40960,40960
122,34,1,908544,0
122,34,2,5564064,0
122,34,3,4108504,0
122,34,4,2421048,0
122,34,5,64080,0
122,35,1,700416,0
122,35,2,1776480,0
122,35,3,744048,0
122,35,4,711216,0
123,0,3,433920,0
123,0,5,614656,0
123,1,2,499712,0
123,1,3,865920,0
123,1,4,2659328,0
123,1,5,169344,0
123,2,1,131072,0
123,2,2,954304,0
123,2,3,1737600,0
123,2,4,3398784,0
123,2,5,69696,0
123,3,1,256000,0
123,3,2,469472,0
123,3,3,2257152,0
123,3,4,1189216,0
123,3,5,22464,0
123,4,1,123136,0
123,4,3,823296,0
123,4,4,79968,0
123,4,5,22176,0
123,9,2,37888,0
123,9,3,87752,0
123,9,4,728,0
123,9,5,4704,0
123,10,1,180224,0
123,10,2,934124,0
123,10,3,1395052,0
123,10,4,766608,0
123,10,5,792,0
123,11,-2,8192,8192
123,11,-1,24576,24576
123,11,1,557056,0
123,11,2,2760160,0
123,11,3,2554856,0
123,11,4,1284512,0
123,11,5,19608,0
123,12,-2,24576,24576
123,12,-1,188416,188416
123,12,1,3027968,0
123,12,2,3328752,0
123,12,3,6983034,0
123,12,4,2667888,0
123,12,5,97830,0
123,13,-2,24576,24576
123,13,-1,1242112,1242112
123,13,1,3560000,0
123,13,2,7340080,0
123,13,3,8168442,0
123,13,4,1990422,0
123,13,5,22144,0
123,14,-2,8192,8192
123,14,-1,1307968,1307968
123,14,1,2908784,0
123,14,2,5698020,0
123,14,3,4176019,0
123,14,4,1139837,0
123,14,5,63836,0
123,15,-1,739584,739584
123,15,1,1334600,0
123,15,2,3417020,0
123,15,3,2000995,0
123,15,4,967971,0
123,15,5,59510,0
123,16,-1,265968,265968
123,16,1,946844,0
123,16,2,1400415,0
123,16,3,3865290,0
123,16,4,488441,0
123,16,5,12626,0
123,17,-1,135168,135168
123,17,1,427840,0
123,17,2,667116,0
123,17,3,4911166,0
123,17,4,868077,0
123,17,5,2985,0
123,18,-1,92160,92160
123,18,1,131720,0
123,18,2,460780,0
123,18,3,2329705,0
123,18,4,1301145,0
123,18,5,9866,0
123,19,-2,73728,73728
123,19,-1,32256,32256
123,19,1,328288,0
123,19,2,445796,0
123,19,3,776452,0
123,19,4,358208,0
123,19,5,16888,0
123,20,-2,29184,29184
123,20,-1,405504,405504
123,20,1,543504,0
123,20,2,1239184,0
123,20,3,1344088,0
123,20,4,299100,0
123,20,5,6060,0
123,21,-2,243712,243712
123,21,-1,417472,417472
123,21,1,1650304,0
123,21,2,2030480,0
123,21,3,3240156,0
123,21,4,2635876,0
123,21,5,5616,0
123,22,-2,125376,125376
123,22,-1,1323264,1323264
123,22,1,1212192,0
123,22,2,4426372,0
123,22,3,12140500,0
123,22,4,4683488,0
123,22,5,238824,0
123,23,-2,62336,62336
123,23,-1,785344,785344
123,23,1,3145552,0
123,23,2,7122200,0
123,23,3,18301140,0
123,23,4,8833516,0
123,23,5,88472,0
123,24,-2,77760,77760
123,24,-1,729088,729088
123,24,1,3233024,0
123,24,2,10338732,0
123,24,3,16345016,0
123,24,4,5453516,0
123,24,5,228112,0
123,25,-2,102400,102400
123,25,-1,772608,772608
123,25,1,2368640,0
123,25,2,7046112,0
123,25,3,7701464,0
123,25,4,1971992,0
123,25,5,352944,0
123,26,-2,65536,65536
123,26,-1,374016,374016
123,26,1,955136,0
123,26,2,2311024,0
123,26,3,2128188,0
123,26,4,821956,0
123,26,5,28816,0
123,27,-2,12288,12288
123,27,-1,69632,69632
123,27,1,180224,0
123,27,2,428416,0
123,27,3,415800,0
123,27,4,264832,0
123,27,5,5064,0
123,28,-1,49152,49152
123,28,1,133120,0
123,28,2,283424,0
123,28,3,153424,0
123,28,4,36240,0
123,29,-1,78080,78080
123,29,1,359552,0
123,29,2,781872,0
123,29,3,559180,0
123,29,4,56324,0
123,30,-1,113152,113152
123,30,1,586240,0
123,30,2,1567648,0
123,30,3,1185576,0
123,30,4,201788,0
123,30,5,15612,0
123,31,-2,22528,22528
123,31,-1,240896,240896
123,31,1,848768,0
123,31,2,1816944,0
123,31,3,1224296,0
123,31,4,422676,0
123,31,5,11412,0
123,32,-2,90112,90112
123,32,-1,360448,360448
123,32,1,912528,0
123,32,2,1174264,0
123,32,3,757540,0
123,32,4,361932,0
123,32,5,13192,0
123,33,-2,135168,135168
123,33,-1,292608,292608
123,33,1,549376,0
123,33,2,390832,0
123,33,3,283690,0
123,33,4,174178,0
123,33,5,9156,0
123,34,-2,90112,90112
123,34,-1,118784,118784
123,34,1,144384,0
123,34,2,65312,0
123,34,3,70224,0
123,34,4,35472,0
123,35,-2,22528,22528
123,35,-1,18432,18432
123,35,1,5632,0
123,35,2,10432,0
123,35,3,8512,0
124,0,3,433920,0
124,0,5,614656,0
124,1,2,516096,0
124,1,3,862080,0
124,1,4,2759680,0
124,1,5,56448,0
124,2,1,131072,0
124,2,2,984064,0
124,2,3,1776000,0
124,2,4,3343872,0
124,2,5,56448,0
124,3,1,260096,0
124,3,2,483840,0
124,3,3,2329248,0
124,3,4,1078784,0
124,3,5,42336,0
124,4,1,126976,0
124,4,3,833792,0
124,4,4,65856,0
124,4,5,21952,0
124,13,1,193536,0
124,13,3,1367424,0
124,13,4,11904,0
124,14,-1,24576,24576
124,14,1,691968,0
124,14,2,1013912,0
124,14,3,7426840,0
124,14,4,933388,0
124,14,5,1860,0
124,15,-1,122880,122880
124,15,1,810240,0
124,15,2,3747736,0
124,15,3,9928480,0
124,15,4,7070936,0
124,15,5,12144,0
124,16,-1,192000,192000
124,16,1,1467648,0
124,16,2,4328608,0
124,16,3,6766672,0
124,16,4,7567224,0
124,16,5,911512,0
124,17,-2,1024,1024
124,17,-1,322560,322560
124,17,1,2234880,0
124,17,2,3796480,0
124,17,3,6728716,0
124,17,4,5166048,0
124,17,5,133140,0
124,18,-2,2048,2048
124,18,-1,628736,628736
124,18,1,1536416,0
124,18,2,4961492,0
124,18,3,6343612,0
124,18,4,3694900,0
124,18,5,330908,0
124,19,-2,16384,16384
124,19,-1,508736,508736
124,19,1,1967016,0
124,19,2,4582566,0
124,19,3,4721674,0
124,19,4,2855869,0
124,19,5,60587,0
124,20,-2,92160,92160
124,20,-1,646784,646784
124,20,1,2313934,0
124,20,2,6172480,0
124,20,3,4585645,0
124,20,4,1931437,0
124,20,5,51736,0
124,21,-2,113664,113664
124,21,-1,733872,733872
124,21,1,3549094,0
124,21,2,6213479,0
124,21,3,5143545,0
124,21,4,1834564,0
124,21,5,303110,0
124,22,-2,122880,122880
124,22,-1,779424,779424
124,22,1,2828272,0
124,22,2,7222064,0
124,22,3,7935336,0
124,22,4,4349194,0
124,22,5,224718,0
124,23,-2,48000,48000
124,23,-1,453280,453280
124,23,1,3321856,0
124,23,2,7483172,0
124,23,3,10936650,0
124,23,4,5150214,0
124,23,5,361324,0
124,24,-2,12288,12288
124,24,-1,420736,420736
124,24,1,3096960,0
124,24,2,7699596,0
124,24,3,7636112,0
124,24,4,4355196,0
124,24,5,241000,0
124,25,-3,10240,10240
124,25,-2,12288,12288
124,25,-1,435776,435776
124,25,1,2542788,0
124,25,2,4381404,0
124,25,3,5834536,0
124,25,4,1795636,0
124,25,5,126148,0
124,26,-3,40960,40960
124,26,-2,57344,57344
124,26,-1,572160,572160
124,26,1,1219136,0
124,26,2,3086048,0
124,26,3,3276052,0
124,26,4,1191624,0
124,26,5,59396,0
124,27,-3,61440,61440
124,27,-2,110592,110592
124,27,-1,549888,549888
124,27,1,1020048,0
124,27,2,1695672,0
124,27,3,2559542,0
124,27,4,672458,0
124,27,5,15032,0
124,28,-3,40960,40960
124,28,-2,114688,114688
124,28,-1,323776,323776
124,28,1,905024,0
124,28,2,1186088,0
124,28,3,1170668,0
124,28,4,516176,0
124,28,5,2460,0
124,29,-3,10240,10240
124,29,-2,69376,69376
124,29,-1,109696,109696
124,29,1,487648,0
124,29,2,686680,0
124,29,3,502828,0
124,29,4,66284,0
124,29,5,560,0
124,30,-2,24064,24064
124,30,-1,24064,24064
124,30,1,147456,0
124,30,2,227264,0
124,30,3,97208,0
124,30,4,3884,0
124,30,5,348,0
124,31,-2,4096,4096
124,31,-1,3840,3840
124,31,1,26880,0
124,31,2,28672,0
124,31,3,1824,0
124,31,4,196,0
124,31,5,28,0
125,0,3,433920,0
125,0,5,614656,0
125,1,2,753664,0
125,1,3,430080,0
125,1,4,3010560,0
125,2,1,389120,0
125,2,2,730112,0
125,2,3,3337664,0
125,2,4,1806336,0
125,2,5,28224,0
125,3,-1,65536,65536
125,3,1,380928,0
125,3,2,829440,0
125,3,3,2209664,0
125,3,4,577024,0
125,3,5,131712,0
125,4,-1,64512,64512
125,4,2,568320,0
125,4,3,11760,0
125,4,4,403984,0
125,8,-1,8192,8192
125,8,1,7424,0
125,8,2,112816,0
125,8,3,1712,0
125,8,4,928,0
125,9,-1,28288,28288
125,9,1,52776,0
125,9,2,287752,0
125,9,3,22662,0
125,9,4,1122,0
125,9,5,616,0
125,10,-3,24576,24576
125,10,-2,16384,16384
125,10,-1,344064,344064
125,10,1,243200,0
125,10,2,90552,0
125,10,3,586384,0
125,10,4,267608,0
125,10,5,96,0
125,11,-3,28672,28672
125,11,-2,49152,49152
125,11,-1,454656,454656
125,11,1,766592,0
125,11,2,1153296,0
125,11,3,1447504,0
125,11,4,614436,0
125,11,5,73212,0
125,12,-2,106496,106496
125,12,-1,145920,145920
125,12,1,1838592,0
125,12,2,3400552,0
125,12,3,1665720,0
125,12,4,1087524,0
125,12,5,12732,0
125,13,-3,12288,12288
125,13,-2,12288,12288
125,13,-1,737408,737408
125,13,1,2227296,0
125,13,2,3573336,0
125,13,3,2991884,0
125,13,4,528984,0
125,13,5,9060,0
125,14,-2,98304,98304
125,14,-1,1170176,1170176
125,14,1,1733920,0
125,14,2,2499944,0
125,14,3,2564120,0
125,14,4,178500,0
125,14,5,12572,0
125,15,-3,81920,81920
125,15,-2,171264,171264
125,15,-1,507904,507904
125,15,1,905664,0
125,15,2,2608520,0
125,15,3,1135506,0
125,15,4,388774,0
125,15,5,384,0
125,16,-3,163840,163840
125,16,-2,49152,49152
125,16,-1,182176,182176
125,16,1,656512,0
125,16,2,3362084,0
125,16,3,1185688,0
125,16,4,212956,0
125,16,5,53064,0
125,17,-4,7168,7168
125,17,-3,87040,87040
125,17,-2,84992,84992
125,17,-1,809216,809216
125,17,1,2757360,0
125,17,2,3035048,0
125,17,3,2122610,0
125,17,4,238314,0
125,17,5,524,0
125,18,-4,14336,14336
125,18,-3,75776,75776
125,18,-2,525184,525184
125,18,-1,2195392,2195392
125,18,1,4770432,0
125,18,2,2394296,0
125,18,3,2623408,0
125,18,4,1189456,0
125,18,5,7048,0
125,19,-4,7168,7168
125,19,-3,117504,117504
125,19,-2,1316224,1316224
125,19,-1,1924704,1924704
125,19,1,3887008,0
125,19,2,5634432,0
125,19,3,3999768,0
125,19,4,1710250,0
125,19,5,47934,0
125,20,-4,18432,18432
125,20,-3,144000,144000
125,20,-2,584464,584464
125,20,-1,1343024,1343024
125,20,1,3907364,0
125,20,2,8761472,0
125,20,3,7369564,0
125,20,4,3983220,0
125,20,5,233932,0
125,21,-4,36864,36864
125,21,-3,126976,126976
125,21,-2,1210656,1210656
125,21,-1,2124320,2124320
125,21,1,3562910,0
125,21,2,8028584,0
125,21,3,11628924,0
125,21,4,4955821,0
125,21,5,306513,0
125,22,-3,77824,77824
125,22,-2,444672,444672
125,22,-1,2658672,2658672
125,22,1,5225230,0
125,22,2,8212218,0
125,22,3,10752072,0
125,22,4,4050552,0
125,22,5,68808,0
125,23,-4,18432,18432
125,23,-3,88064,88064
125,23,-2,371456,371456
125,23,-1,2228352,2228352
125,23,1,5357712,0
125,23,2,8874014,0
125,23,3,7376510,0
125,23,4,2416278,0
125,23,5,138942,0
125,24,-4,16384,16384
125,24,-3,135168,135168
125,24,-2,622592,622592
125,24,-1,1038848,1038848
125,24,1,3597152,0
125,24,2,6347256,0
125,24,3,5299418,0
125,24,4,1889510,0
125,24,5,91880,0
125,25,-4,32768,32768
125,25,-3,98304,98304
125,25,-2,339968,339968
125,25,-1,600064,600064
125,25,1,1915936,0
125,25,2,3621440,0
125,25,3,3638386,0
125,25,4,707854,0
125,25,5,22560,0
125,26,-4,22528,22528
125,26,-3,47104,47104
125,26,-2,174080,174080
125,26,-1,470400,470400
125,26,1,1603936,0
125,26,2,2377180,0
125,26,3,1720678,0
125,26,4,450646,0
125,26,5,14728,0
125,27,-5,2048,2048
125,27,-4,14336,14336
125,27,-3,60416,60416
125,27,-2,238592,238592
125,27,-1,596480,596480
125,27,1,1316800,0
125,27,2,1811328,0
125,27,3,1382746,0
125,27,4,448926,0
125,27,5,26568,0
125,28,-5,4096,4096
125,28,-4,13312,13312
125,28,-3,87040,87040
125,28,-2,241664,241664
125,28,-1,495360,495360
125,28,1,1062528,0
125,28,2,1316922,0
125,28,3,599864,0
125,28,4,172482,0
125,28,5,4428,0
125,29,-5,2048,2048
125,29,-4,8192,8192
125,29,-3,50176,50176
125,29,-2,118016,118016
125,29,-1,279680,279680
125,29,1,552640,0
125,29,2,307800,0
125,29,3,104436,0
125,29,4,12756,0
125,29,5,6048,0
125,30,-4,3072,3072
125,30,-3,9216,9216
125,30,-2,21504,21504
125,30,-1,101376,101376
125,30,1,40704,0
125,30,2,9936,0
125,30,3,9540,0
125,30,4,1260,0
126,0,3,433920,0
126,0,5,614656,0
126,1,2,499712,0
126,1,3,865920,0
126,1,4,2659328,0
126,1,5,169344,0
126,2,1,131072,0
126,2,2,954304,0
126,2,3,1737600,0
126,2,4,3398784,0
126,2,5,69696,0
126,3,1,256000,0
126,3,2,469472,0
126,3,3,2257152,0
126,3,4,1189216,0
126,3,5,22464,0
126,4,1,123136,0
126,4,3,823296,0
126,4,4,79968,0
126,4,5,22176,0
126,8,2,60928,0
126,8,3,163840,0
126,8,4,37376,0
126,9,-1,6144,6144
126,9,2,264832,0
126,9,3,757102,0
126,9,4,323852,0
126,9,5,57094,0
126,10,-1,14336,14336
126,10,1,147456,0
126,10,2,552616,0
126,10,3,1426491,0
126,10,4,1217533,0
126,10,5,16672,0
126,11,-1,77824,77824
126,11,1,688384,0
126,11,2,864464,0
126,11,3,2909004,0
126,11,4,2129830,0
126,11,5,15166,0
126,12,-1,364160,364160
126,12,1,1040176,0
126,12,2,2494828,0
126,12,3,3598664,0
126,12,4,2259444,0
126,12,5,236968,0
126,13,-2,18432,18432
126,13,-1,457088,457088
126,13,1,1229136,0
126,13,2,2601704,0
126,13,3,3422982,0
126,13,4,1318730,0
126,13,5,126968,0
126,14,-2,53248,53248
126,14,-1,567680,567680
126,14,1,1539712,0
126,14,2,3446372,0
126,14,3,2950104,0
126,14,4,987052,0
126,14,5,56856,0
126,15,-2,72960,72960
126,15,-1,436864,436864
126,15,1,1499488,0
126,15,2,3355600,0
126,15,3,2790574,0
126,15,4,1682346,0
126,15,5,58104,0
126,16,-2,159744,159744
126,16,-1,443008,443008
126,16,1,1141344,0
126,16,2,3795012,0
126,16,3,4930620,0
126,16,4,2199024,0
126,16,5,78000,0
126,17,-2,52992,52992
126,17,-1,149888,149888
126,17,1,818880,0
126,17,2,3426584,0
126,17,3,5777236,0
126,17,4,2064320,0
126,17,5,63636,0
126,18,-1,57344,57344
126,18,1,556032,0
126,18,2,3035296,0
126,18,3,4663539,0
126,18,4,1510466,0
126,18,5,40491,0
126,19,-1,40960,40960
126,19,1,369216,0
126,19,2,2637272,0
126,19,3,4605396,0
126,19,4,2048390,0
126,19,5,227470,0
126,20,-1,198656,198656
126,20,1,571776,0
126,20,2,4114778,0
126,20,3,7661182,0
126,20,4,3157776,0
126,20,5,286616,0
126,21,-2,4608,4608
126,21,-1,547200,547200
126,21,1,1237504,0
126,21,2,6983284,0
126,21,3,10740252,0
126,21,4,6096076,0
126,21,5,179492,0
126,22,-2,9216,9216
126,22,-1,572288,572288
126,22,1,1938688,0
126,22,2,6557048,0
126,22,3,13115326,0
126,22,4,6405500,0
126,22,5,172238,0
126,23,-3,2048,2048
126,23,-2,16384,16384
126,23,-1,1439832,1439832
126,23,1,2096640,0
126,23,2,9285922,0
126,23,3,8217994,0
126,23,4,3643396,0
126,23,5,168696,0
126,24,-3,6144,6144
126,24,-2,39360,39360
126,24,-1,118128,118128
126,24,1,3361948,0
126,24,2,2721380,0
126,24,3,10876812,0
126,24,4,1979828,0
126,24,5,98448,0
126,25,-3,6144,6144
126,25,-2,7680,7680
126,25,-1,99072,99072
126,25,1,431552,0
126,25,2,1696512,0
126,25,3,4368000,0
126,25,4,1288128,0
126,26,-3,18432,18432
126,26,-2,35136,35136
126,26,-1,43992,43992
126,26,1,141408,0
126,26,2,55944,0
126,27,2,49152,0
126,27,3,62320,0
126,27,4,16240,0
126,27,5,3360,0
126,28,1,184320,0
126,28,2,411392,0
126,28,3,513416,0
126,28,4,167756,0
126,28,5,33836,0
126,29,1,864256,0
126,29,2,1621872,0
126,29,3,1826192,0
126,29,4,774504,0
126,29,5,24984,0
126,30,1,1284608,0
126,30,2,3397632,0
126,30,3,3454976,0
126,30,4,1756672,0
126,30,5,67584,0
126,31,1,741376,0
126,31,2,3441152,0
126,31,3,4216112,0
126,31,4,1919472,0
126,31,5,36576,0
126,32,1,122880,0
126,32,2,1789440,0
126,32,3,2911512,0
126,32,4,621936,0
126,32,5,59256,0
126,33,2,811008,0
126,33,3,180000,0
126,33,4,181476,0
126,33,5,7164,0
127,0,3,433920,0
127,0,5,614656,0
127,1,2,262144,0
127,1,3,1297920,0
127,1,4,2107392,0
127,1,5,526848,0
127,2,2,761856,0
127,2,3,1296000,0
127,2,4,4064256,0
127,2,5,169344,0
127,3,2,738304,0
127,3,3,432000,0
127,3,4,2999808,0
127,3,5,24192,0
127,4,2,238576,0
127,4,4,808704,0
127,4,5,1296,0
127,9,-1,7680,7680
127,9,1,3456,0
127,9,2,6253,0
127,9,3,163987,0
127,9,4,47940,0
127,9,5,60,0
127,10,-1,47104,47104
127,10,1,40736,0
127,10,2,224656,0
127,10,3,966472,0
127,10,4,227396,0
127,10,5,964,0
127,11,-1,122944,122944
127,11,1,254176,0
127,11,2,1049021,0
127,11,3,2269659,0
127,11,4,363668,0
127,11,5,3764,0
127,12,-1,280704,280704
127,12,1,977696,0
127,12,2,2113516,0
127,12,3,3059856,0
127,12,4,445860,0
127,12,5,3648,0
127,13,-1,603712,603712
127,13,1,2205856,0
127,13,2,3028948,0
127,13,3,4241926,0
127,13,4,1117322,0
127,13,5,8892,0
127,14,-1,552960,552960
127,14,1,3010240,0
127,14,2,4282284,0
127,14,3,4970616,0
127,14,4,3993100,0
127,14,5,33552,0
127,15,-1,166912,166912
127,15,1,2139264,0
127,15,2,4751314,0
127,15,3,4831744,0
127,15,4,5412494,0
127,15,5,458528,0
127,16,-1,24576,24576
127,16,1,847616,0
127,16,2,3391680,0
127,16,3,6701806,0
127,16,4,3848930,0
127,16,5,455280,0
127,17,-1,4096,4096
127,17,1,831872,0
127,17,2,2042516,0
127,17,3,8807332,0
127,17,4,4658872,0
127,17,5,72080,0
127,18,-1,4096,4096
127,18,1,1697648,0
127,18,2,1975760,0
127,18,3,9455364,0
127,18,4,4563988,0
127,18,5,96168,0
127,19,-1,24576,24576
127,19,1,2915072,0
127,19,2,2452288,0
127,19,3,7627252,0
127,19,4,2309600,0
127,19,5,6636,0
127,20,-1,57344,57344
127,20,1,3393232,0
127,20,2,2365952,0
127,20,3,4967934,0
127,20,4,1764806,0
127,20,5,131948,0
127,21,-1,71680,71680
127,21,1,2700352,0
127,21,2,2478934,0
127,21,3,4627322,0
127,21,4,2394220,0
127,21,5,343172,0
127,22,-1,61440,61440
127,22,1,1949568,0
127,22,2,3497948,0
127,22,3,6166342,0
127,22,4,3979678,0
127,22,5,565184,0
127,23,-1,57344,57344
127,23,1,2263424,0
127,23,2,4569551,0
127,23,3,8323304,0
127,23,4,5432185,0
127,23,5,555088,0
127,24,-1,69632,69632
127,24,1,3506432,0
127,24,2,5216362,0
127,24,3,9878472,0
127,24,4,5610850,0
127,24,5,195948,0
127,25,-1,67584,67584
127,25,1,3731424,0
127,25,2,5417748,0
127,25,3,8750285,0
127,25,4,4838229,0
127,25,5,34026,0
127,26,-1,86016,86016
127,26,1,2346464,0
127,26,2,4203202,0
127,26,3,5140248,0
127,26,4,1779402,0
127,26,5,10620,0
127,27,-1,24576,24576
127,27,1,874752,0
127,27,2,1734831,0
127,27,3,1234909,0
127,27,4,285268,0
127,27,5,7200,0
127,28,1,221184,0
127,28,2,301248,0
127,28,3,41184,0
127,28,4,26208,0
