feature_id,feature_value,Nz,Ez
at_correlations,"-1.-1",4849664,475504
at_correlations,"-1.-10",262144,36128
at_correlations,"-1.-11",524288,32032
at_correlations,"-1.-12",262144,42504
at_correlations,"-1.-13",65536,7392
at_correlations,"-1.-14",327680,42316
at_correlations,"-1.-19",524288,39504
at_correlations,"-1.-2",917504,88104
at_correlations,"-1.-23",131072,18128
at_correlations,"-1.-25",131072,15472
at_correlations,"-1.-29",524288,62336
at_correlations,"-1.-3",524288,32256
at_correlations,"-1.-4",786432,62368
at_correlations,"-1.-41",524288,62896
at_correlations,"-1.-5",1048576,80400
at_correlations,"-1.-55",524288,36864
at_correlations,"-1.-6",786432,66976
at_correlations,"-1.-7",524288,32256
at_correlations,"-1.-8",786432,46264
at_correlations,"-1.0",1572864,84304
at_correlations,"-1.1",4849664,475504
at_correlations,"-1.10",262144,36128
at_correlations,"-1.11",524288,32032
at_correlations,"-1.12",262144,42504
at_correlations,"-1.13",65536,7392
at_correlations,"-1.14",327680,42316
at_correlations,"-1.19",524288,39504
at_correlations,"-1.2",917504,88104
at_correlations,"-1.23",131072,18128
at_correlations,"-1.25",131072,15472
at_correlations,"-1.29",524288,62336
at_correlations,"-1.3",524288,32256
at_correlations,"-1.4",786432,62368
at_correlations,"-1.41",524288,62896
at_correlations,"-1.5",1048576,80400
at_correlations,"-1.55",524288,36864
at_correlations,"-1.6",786432,66976
at_correlations,"-1.7",524288,32256
at_correlations,"-1.8",786432,46264
at_correlations,"-10.-10",1966080,204864
at_correlations,"-10.-14",262144,23664
at_correlations,"-10.-15",131072,7032
at_correlations,"-10.-16",131072,22440
at_correlations,"-10.-18",131072,17760
at_correlations,"-10.-2",262144,23664
at_correlations,"-10.-30",524288,73904
at_correlations,"-10.-34",131072,18464
at_correlations,"-10.-5",131072,6840
at_correlations,"-10.-50",262144,26320
at_correlations,"-10.-6",524288,24384
at_correlations,"-10.10",1966080,204864
at_correlations,"-10.14",262144,23664
at_correlations,"-10.15",131072,7032
at_correlations,"-10.16",131072,22440
at_correlations,"-10.18",131072,17760
at_correlations,"-10.2",262144,23664
at_correlations,"-10.30",524288,73904
at_correlations,"-10.34",131072,18464
at_correlations,"-10.5",131072,6840
at_correlations,"-10.50",262144,26320
at_correlations,"-10.6",524288,24384
at_correlations,"-100.-96",524288,30592
at_correlations,"-100.96",524288,30592
at_correlations,"-104.-106",262144,31456
at_correlations,"-104.106",262144,31456
at_correlations,"-105.-105",524288,34240
at_correlations,"-105.105",524288,34240
at_correlations,"-106.-104",524288,54928
at_correlations,"-106.104",524288,54928
at_correlations,"-11.-1",131072,7616
at_correlations,"-11.-11",786432,96768
at_correlations,"-11.-14",131072,6840
at_correlations,"-11.-15",131072,18080
at_correlations,"-11.-17",131072,19376
at_correlations,"-11.-22",262144,36376
at_correlations,"-11.-25",262144,27296
at_correlations,"-11.-4",131072,25920
at_correlations,"-11.-41",65536,6080
at_correlations,"-11.-44",327680,25192
at_correlations,"-11.-9",524288,47648
at_correlations,"-11.0",262144,41184
at_correlations,"-11.1",131072,7616
at_correlations,"-11.11",786432,96768
at_correlations,"-11.14",131072,6840
at_correlations,"-11.15",131072,18080
at_correlations,"-11.17",131072,19376
at_correlations,"-11.22",262144,36376
at_correlations,"-11.25",262144,27296
at_correlations,"-11.4",131072,25920
at_correlations,"-11.41",65536,6080
at_correlations,"-11.44",327680,25192
at_correlations,"-11.9",524288,47648
at_correlations,"-112.-112",131072,12256
at_correlations,"-112.-113",393216,26304
at_correlations,"-112.112",131072,12256
at_correlations,"-112.113",393216,26304
at_correlations,"-113.-112",524288,22144
at_correlations,"-113.112",524288,22144
at_correlations,"-12.-12",1572864,177144
at_correlations,"-12.-13",131072,13392
at_correlations,"-12.-16",131072,5936
at_correlations,"-12.-18",131072,21340
at_correlations,"-12.-2",65536,11232
at_correlations,"-12.-20",65536,7776
at_correlations,"-12.-24",262144,13312
at_correlations,"-12.-28",131072,20960
at_correlations,"-12.-3",262144,13232
at_correlations,"-12.-36",262144,20072
at_correlations,"-12.-4",327680,26448
at_correlations,"-12.-42",131072,13720
at_correlations,"-12.-48",131072,4032
at_correlations,"-12.-6",65536,7408
at_correlations,"-12.-8",65536,512
at_correlations,"-12.-9",131072,13488
at_correlations,"-12.0",524288,12144
at_correlations,"-12.12",1572864,177144
at_correlations,"-12.13",131072,13392
at_correlations,"-12.16",131072,5936
at_correlations,"-12.18",131072,21340
at_correlations,"-12.2",65536,11232
at_correlations,"-12.20",65536,7776
at_correlations,"-12.24",262144,13312
at_correlations,"-12.28",131072,20960
at_correlations,"-12.3",262144,13232
at_correlations,"-12.36",262144,20072
at_correlations,"-12.4",327680,26448
at_correlations,"-12.42",131072,13720
at_correlations,"-12.48",131072,4032
at_correlations,"-12.6",65536,7408
at_correlations,"-12.8",65536,512
at_correlations,"-12.9",131072,13488
at_correlations,"-120.-120",786432,44416
at_correlations,"-120.120",786432,44416
at_correlations,"-128.-128",589824,8192
at_correlations,"-128.128",589824,8192
at_correlations,"-13.-1",131072,19376
at_correlations,"-13.-12",524288,32224
at_correlations,"-13.-13",524288,64512
at_correlations,"-13.-15",131072,16208
at_correlations,"-13.-17",393216,38832
at_correlations,"-13.-20",65536,12072
at_correlations,"-13.-22",131072,14224
at_correlations,"-13.-23",65536,5364
at_correlations,"-13.-26",262144,33360
at_correlations,"-13.-7",786432,56448
at_correlations,"-13.-8",131072,6400
at_correlations,"-13.0",262144,33856
at_correlations,"-13.1",131072,19376
at_correlations,"-13.12",524288,32224
at_correlations,"-13.13",524288,64512
at_correlations,"-13.15",131072,16208
at_correlations,"-13.17",393216,38832
at_correlations,"-13.20",65536,12072
at_correlations,"-13.22",131072,14224
at_correlations,"-13.23",65536,5364
at_correlations,"-13.26",262144,33360
at_correlations,"-13.7",786432,56448
at_correlations,"-13.8",131072,6400
at_correlations,"-14.-10",262144,30512
at_correlations,"-14.-11",262144,31080
at_correlations,"-14.-14",917504,116384
at_correlations,"-14.-16",196608,27012
at_correlations,"-14.-18",65536,10768
at_correlations,"-14.-2",131072,15320
at_correlations,"-14.-22",65536,3016
at_correlations,"-14.-26",65536,12968
at_correlations,"-14.-34",262144,34600
at_correlations,"-14.-36",196608,26040
at_correlations,"-14.-38",65536,6432
at_correlations,"-14.-4",65536,5952
at_correlations,"-14.-41",131072,18144
at_correlations,"-14.-6",65536,19048
at_correlations,"-14.10",262144,30512
at_correlations,"-14.11",262144,31080
at_correlations,"-14.14",917504,116384
at_correlations,"-14.16",196608,27012
at_correlations,"-14.18",65536,10768
at_correlations,"-14.2",131072,15320
at_correlations,"-14.22",65536,3016
at_correlations,"-14.26",65536,12968
at_correlations,"-14.34",262144,34600
at_correlations,"-14.36",196608,26040
at_correlations,"-14.38",65536,6432
at_correlations,"-14.4",65536,5952
at_correlations,"-14.41",131072,18144
at_correlations,"-14.6",65536,19048
at_correlations,"-15.-10",131072,7032
at_correlations,"-15.-15",1179648,114944
at_correlations,"-15.-20",131072,32160
at_correlations,"-15.0",786432,47488
at_correlations,"-15.10",131072,7032
at_correlations,"-15.15",1179648,114944
at_correlations,"-15.20",131072,32160
at_correlations,"-16.-11",131072,7168
at_correlations,"-16.-12",131072,5936
at_correlations,"-16.-14",655360,64784
at_correlations,"-16.-16",786432,57104
at_correlations,"-16.-19",262144,32320
at_correlations,"-16.-2",131072,10464
at_correlations,"-16.-20",131072,7200
at_correlations,"-16.-23",65536,15200
at_correlations,"-16.-26",196608,24000
at_correlations,"-16.-28",65536,14376
at_correlations,"-16.-32",131072,15552
at_correlations,"-16.-34",262144,23584
at_correlations,"-16.-4",524288,15168
at_correlations,"-16.-65",262144,10752
at_correlations,"-16.-9",131072,32160
at_correlations,"-16.0",524288,0
at_correlations,"-16.11",131072,7168
at_correlations,"-16.12",131072,5936
at_correlations,"-16.14",655360,64784
at_correlations,"-16.16",786432,57104
at_correlations,"-16.19",262144,32320
at_correlations,"-16.2",131072,10464
at_correlations,"-16.20",131072,7200
at_correlations,"-16.23",65536,15200
at_correlations,"-16.26",196608,24000
at_correlations,"-16.28",65536,14376
at_correlations,"-16.32",131072,15552
at_correlations,"-16.34",262144,23584
at_correlations,"-16.4",524288,15168
at_correlations,"-16.65",262144,10752
at_correlations,"-16.9",131072,32160
at_correlations,"-17.-22",262144,17408
at_correlations,"-17.-23",262144,19712
at_correlations,"-17.-27",65536,17488
at_correlations,"-17.-28",65536,6400
at_correlations,"-17.-4",65536,7432
at_correlations,"-17.-7",262144,19712
at_correlations,"-17.-8",524288,20384
at_correlations,"-17.22",262144,17408
at_correlations,"-17.23",262144,19712
at_correlations,"-17.27",65536,17488
at_correlations,"-17.28",65536,6400
at_correlations,"-17.4",65536,7432
at_correlations,"-17.7",262144,19712
at_correlations,"-17.8",524288,20384
at_correlations,"-18.-10",65536,6816
at_correlations,"-18.-12",589824,67804
at_correlations,"-18.-17",262144,34784
at_correlations,"-18.-18",983040,92232
at_correlations,"-18.-21",65536,8416
at_correlations,"-18.-22",65536,19048
at_correlations,"-18.-24",196608,15376
at_correlations,"-18.-26",131072,18048
at_correlations,"-18.-27",196608,36440
at_correlations,"-18.-3",131072,14224
at_correlations,"-18.-30",196608,26384
at_correlations,"-18.-32",65536,11292
at_correlations,"-18.-6",65536,3016
at_correlations,"-18.0",262144,34624
at_correlations,"-18.10",65536,6816
at_correlations,"-18.12",589824,67804
at_correlations,"-18.17",262144,34784
at_correlations,"-18.18",983040,92232
at_correlations,"-18.21",65536,8416
at_correlations,"-18.22",65536,19048
at_correlations,"-18.24",196608,15376
at_correlations,"-18.26",131072,18048
at_correlations,"-18.27",196608,36440
at_correlations,"-18.3",131072,14224
at_correlations,"-18.30",196608,26384
at_correlations,"-18.32",65536,11292
at_correlations,"-18.6",65536,3016
at_correlations,"-19.-25",131072,14512
at_correlations,"-19.-37",65536,4752
at_correlations,"-19.-41",131072,15952
at_correlations,"-19.-46",262144,15104
at_correlations,"-19.25",131072,14512
at_correlations,"-19.37",65536,4752
at_correlations,"-19.41",131072,15952
at_correlations,"-19.46",262144,15104
at_correlations,"-2.-1",917504,88104
at_correlations,"-2.-10",262144,30512
at_correlations,"-2.-12",262144,30160
at_correlations,"-2.-14",262144,31184
at_correlations,"-2.-16",524288,48544
at_correlations,"-2.-18",262144,27176
at_correlations,"-2.-2",5046272,527416
at_correlations,"-2.-22",262144,41032
at_correlations,"-2.-26",786432,84528
at_correlations,"-2.-3",524288,32256
at_correlations,"-2.-38",524288,49600
at_correlations,"-2.-4",1245184,93204
at_correlations,"-2.-42",65536,8020
at_correlations,"-2.-5",524288,32256
at_correlations,"-2.-52",524288,44576
at_correlations,"-2.-6",851968,66368
at_correlations,"-2.-7",524288,32256
at_correlations,"-2.-8",1048576,81200
at_correlations,"-2.0",1179648,106640
at_correlations,"-2.1",917504,88104
at_correlations,"-2.10",262144,30512
at_correlations,"-2.12",262144,30160
at_correlations,"-2.14",262144,31184
at_correlations,"-2.16",524288,48544
at_correlations,"-2.18",262144,27176
at_correlations,"-2.2",5046272,527416
at_correlations,"-2.22",262144,41032
at_correlations,"-2.26",786432,84528
at_correlations,"-2.3",524288,32256
at_correlations,"-2.38",524288,49600
at_correlations,"-2.4",1245184,93204
at_correlations,"-2.42",65536,8020
at_correlations,"-2.5",524288,32256
at_correlations,"-2.52",524288,44576
at_correlations,"-2.6",851968,66368
at_correlations,"-2.7",524288,32256
at_correlations,"-2.8",1048576,81200
at_correlations,"-20.-10",65536,13380
at_correlations,"-20.-12",65536,7776
at_correlations,"-20.-16",655360,41376
at_correlations,"-20.-20",393216,27672
at_correlations,"-20.-25",131072,4736
at_correlations,"-20.-28",327680,33752
at_correlations,"-20.-30",65536,12688
at_correlations,"-20.-4",524288,47584
at_correlations,"-20.-40",131072,15368
at_correlations,"-20.-5",262144,16144
at_correlations,"-20.0",524288,16128
at_correlations,"-20.10",65536,13380
at_correlations,"-20.12",65536,7776
at_correlations,"-20.16",655360,41376
at_correlations,"-20.20",393216,27672
at_correlations,"-20.25",131072,4736
at_correlations,"-20.28",327680,33752
at_correlations,"-20.30",65536,12688
at_correlations,"-20.4",524288,47584
at_correlations,"-20.40",131072,15368
at_correlations,"-20.5",262144,16144
at_correlations,"-21.-14",131072,9232
at_correlations,"-21.-15",131072,4224
at_correlations,"-21.-18",65536,8160
at_correlations,"-21.-21",1179648,116464
at_correlations,"-21.-24",196608,15200
at_correlations,"-21.-28",131072,13104
at_correlations,"-21.-33",131072,18736
at_correlations,"-21.-39",131072,21472
at_correlations,"-21.-6",131072,23296
at_correlations,"-21.-9",524288,39504
at_correlations,"-21.14",131072,9232
at_correlations,"-21.15",131072,4224
at_correlations,"-21.18",65536,8160
at_correlations,"-21.21",1179648,116464
at_correlations,"-21.24",196608,15200
at_correlations,"-21.28",131072,13104
at_correlations,"-21.33",131072,18736
at_correlations,"-21.39",131072,21472
at_correlations,"-21.6",131072,23296
at_correlations,"-21.9",524288,39504
at_correlations,"-22.-10",65536,4856
at_correlations,"-22.-13",393216,53712
at_correlations,"-22.-14",262144,30488
at_correlations,"-22.-2",131072,27176
at_correlations,"-22.-20",589824,60996
at_correlations,"-22.-23",65536,10320
at_correlations,"-22.-26",65536,8240
at_correlations,"-22.-27",131072,9088
at_correlations,"-22.-28",65536,13380
at_correlations,"-22.-32",262144,42184
at_correlations,"-22.-33",262144,30816
at_correlations,"-22.-34",65536,5656
at_correlations,"-22.-38",196608,30592
at_correlations,"-22.-8",458752,52588
at_correlations,"-22.10",65536,4856
at_correlations,"-22.13",393216,53712
at_correlations,"-22.14",262144,30488
at_correlations,"-22.2",131072,27176
at_correlations,"-22.20",589824,60996
at_correlations,"-22.23",65536,10320
at_correlations,"-22.26",65536,8240
at_correlations,"-22.27",131072,9088
at_correlations,"-22.28",65536,13380
at_correlations,"-22.32",262144,42184
at_correlations,"-22.33",262144,30816
at_correlations,"-22.34",65536,5656
at_correlations,"-22.38",196608,30592
at_correlations,"-22.8",458752,52588
at_correlations,"-23.-22",262144,29376
at_correlations,"-23.-29",131072,15312
at_correlations,"-23.-31",131072,17936
at_correlations,"-23.-32",65536,7312
at_correlations,"-23.-37",65536,8256
at_correlations,"-23.22",262144,29376
at_correlations,"-23.29",131072,15312
at_correlations,"-23.31",131072,17936
at_correlations,"-23.32",65536,7312
at_correlations,"-23.37",65536,8256
at_correlations,"-24.-12",65536,4800
at_correlations,"-24.-18",589824,54192
at_correlations,"-24.-21",65536,8032
at_correlations,"-24.-24",589824,64264
at_correlations,"-24.-25",131072,6080
at_correlations,"-24.-28",131072,4096
at_correlations,"-24.-3",131072,9040
at_correlations,"-24.-30",131072,17312
at_correlations,"-24.-31",262144,26976
at_correlations,"-24.-32",65536,6912
at_correlations,"-24.-39",131072,16032
at_correlations,"-24.-54",65536,7616
at_correlations,"-24.-6",131072,23808
at_correlations,"-24.-66",262144,28384
at_correlations,"-24.12",65536,4800
at_correlations,"-24.18",589824,54192
at_correlations,"-24.21",65536,8032
at_correlations,"-24.24",589824,64264
at_correlations,"-24.25",131072,6080
at_correlations,"-24.28",131072,4096
at_correlations,"-24.3",131072,9040
at_correlations,"-24.30",131072,17312
at_correlations,"-24.31",262144,26976
at_correlations,"-24.32",65536,6912
at_correlations,"-24.39",131072,16032
at_correlations,"-24.54",65536,7616
at_correlations,"-24.6",131072,23808
at_correlations,"-24.66",262144,28384
at_correlations,"-25.-17",262144,26432
at_correlations,"-25.-19",131072,23808
at_correlations,"-25.-20",131072,4736
at_correlations,"-25.-24",524288,14144
at_correlations,"-25.-25",458752,47248
at_correlations,"-25.-29",131072,4224
at_correlations,"-25.-30",196608,36324
at_correlations,"-25.-31",262144,25664
at_correlations,"-25.-5",524288,40512
at_correlations,"-25.0",524288,24288
at_correlations,"-25.17",262144,26432
at_correlations,"-25.19",131072,23808
at_correlations,"-25.20",131072,4736
at_correlations,"-25.24",524288,14144
at_correlations,"-25.25",458752,47248
at_correlations,"-25.29",131072,4224
at_correlations,"-25.30",196608,36324
at_correlations,"-25.31",262144,25664
at_correlations,"-25.5",524288,40512
at_correlations,"-26.-10",589824,49184
at_correlations,"-26.-14",262144,32784
at_correlations,"-26.-16",65536,11820
at_correlations,"-26.-2",65536,5528
at_correlations,"-26.-22",262144,32384
at_correlations,"-26.-23",262144,28592
at_correlations,"-26.-30",65536,6816
at_correlations,"-26.-34",327680,46992
at_correlations,"-26.-38",65536,4224
at_correlations,"-26.-44",262144,44692
at_correlations,"-26.-46",131072,16768
at_correlations,"-26.-6",65536,6048
at_correlations,"-26.10",589824,49184
at_correlations,"-26.14",262144,32784
at_correlations,"-26.16",65536,11820
at_correlations,"-26.2",65536,5528
at_correlations,"-26.22",262144,32384
at_correlations,"-26.23",262144,28592
at_correlations,"-26.30",65536,6816
at_correlations,"-26.34",327680,46992
at_correlations,"-26.38",65536,4224
at_correlations,"-26.44",262144,44692
at_correlations,"-26.46",131072,16768
at_correlations,"-26.6",65536,6048
at_correlations,"-27.-15",524288,56640
at_correlations,"-27.-25",131072,17696
at_correlations,"-27.-36",393216,20816
at_correlations,"-27.-38",65536,10264
at_correlations,"-27.-39",131072,33152
at_correlations,"-27.-51",65536,5856
at_correlations,"-27.-6",131072,21280
at_correlations,"-27.-9",131072,18736
at_correlations,"-27.15",524288,56640
at_correlations,"-27.25",131072,17696
at_correlations,"-27.36",393216,20816
at_correlations,"-27.38",65536,10264
at_correlations,"-27.39",131072,33152
at_correlations,"-27.51",65536,5856
at_correlations,"-27.6",131072,21280
at_correlations,"-27.9",131072,18736
at_correlations,"-28.-21",131072,13104
at_correlations,"-28.-24",131072,3584
at_correlations,"-28.-28",1245184,72464
at_correlations,"-28.-35",196608,22804
at_correlations,"-28.-37",65536,14920
at_correlations,"-28.-38",65536,12496
at_correlations,"-28.0",524288,40288
at_correlations,"-28.21",131072,13104
at_correlations,"-28.24",131072,3584
at_correlations,"-28.28",1245184,72464
at_correlations,"-28.35",196608,22804
at_correlations,"-28.37",65536,14920
at_correlations,"-28.38",65536,12496
at_correlations,"-29.-1",262144,27200
at_correlations,"-29.-11",131072,9600
at_correlations,"-29.-20",655360,49024
at_correlations,"-29.-27",524288,31520
at_correlations,"-29.-34",131072,16704
at_correlations,"-29.-37",131072,11728
at_correlations,"-29.-41",262144,27712
at_correlations,"-29.-43",131072,8256
at_correlations,"-29.1",262144,27200
at_correlations,"-29.11",131072,9600
at_correlations,"-29.20",655360,49024
at_correlations,"-29.27",524288,31520
at_correlations,"-29.34",131072,16704
at_correlations,"-29.37",131072,11728
at_correlations,"-29.41",262144,27712
at_correlations,"-29.43",131072,8256
at_correlations,"-3.-1",524288,32256
at_correlations,"-3.-11",524288,29936
at_correlations,"-3.-12",262144,13232
at_correlations,"-3.-18",262144,36504
at_correlations,"-3.-2",524288,32256
at_correlations,"-3.-21",524288,46592
at_correlations,"-3.-24",262144,29664
at_correlations,"-3.-3",4194304,421776
at_correlations,"-3.-30",589824,71232
at_correlations,"-3.-33",720896,73472
at_correlations,"-3.-36",262144,20312
at_correlations,"-3.-4",524288,32256
at_correlations,"-3.-47",589824,38120
at_correlations,"-3.-5",524288,32256
at_correlations,"-3.-6",917504,70200
at_correlations,"-3.-7",1048576,79904
at_correlations,"-3.-8",524288,32256
at_correlations,"-3.-9",524288,25136
at_correlations,"-3.0",1048576,83120
at_correlations,"-3.1",524288,32256
at_correlations,"-3.11",524288,29936
at_correlations,"-3.12",262144,13232
at_correlations,"-3.18",262144,36504
at_correlations,"-3.2",524288,32256
at_correlations,"-3.21",524288,46592
at_correlations,"-3.24",262144,29664
at_correlations,"-3.3",4194304,421776
at_correlations,"-3.30",589824,71232
at_correlations,"-3.33",720896,73472
at_correlations,"-3.36",262144,20312
at_correlations,"-3.4",524288,32256
at_correlations,"-3.47",589824,38120
at_correlations,"-3.5",524288,32256
at_correlations,"-3.6",917504,70200
at_correlations,"-3.7",1048576,79904
at_correlations,"-3.8",524288,32256
at_correlations,"-3.9",524288,25136
at_correlations,"-30.-18",65536,19268
at_correlations,"-30.-20",65536,12688
at_correlations,"-30.-25",196608,36324
at_correlations,"-30.-26",131072,16608
at_correlations,"-30.-30",1179648,142624
at_correlations,"-30.-35",65536,4144
at_correlations,"-30.-36",262144,22296
at_correlations,"-30.-40",65536,5272
at_correlations,"-30.-42",65536,9744
at_correlations,"-30.-5",262144,41136
at_correlations,"-30.-6",262144,35448
at_correlations,"-30.0",524288,61920
at_correlations,"-30.18",65536,19268
at_correlations,"-30.20",65536,12688
at_correlations,"-30.25",196608,36324
at_correlations,"-30.26",131072,16608
at_correlations,"-30.30",1179648,142624
at_correlations,"-30.35",65536,4144
at_correlations,"-30.36",262144,22296
at_correlations,"-30.40",65536,5272
at_correlations,"-30.42",65536,9744
at_correlations,"-30.5",262144,41136
at_correlations,"-30.6",262144,35448
at_correlations,"-31.-11",524288,63360
at_correlations,"-31.-13",131072,33152
at_correlations,"-31.-24",131072,9616
at_correlations,"-31.-25",524288,47520
at_correlations,"-31.-29",131072,14704
at_correlations,"-31.-35",131072,23808
at_correlations,"-31.-4",131072,15840
at_correlations,"-31.-41",131072,9408
at_correlations,"-31.-46",262144,37008
at_correlations,"-31.-9",131072,16400
at_correlations,"-31.11",524288,63360
at_correlations,"-31.13",131072,33152
at_correlations,"-31.24",131072,9616
at_correlations,"-31.25",524288,47520
at_correlations,"-31.29",131072,14704
at_correlations,"-31.35",131072,23808
at_correlations,"-31.4",131072,15840
at_correlations,"-31.41",131072,9408
at_correlations,"-31.46",262144,37008
at_correlations,"-31.9",131072,16400
at_correlations,"-32.-16",393216,55860
at_correlations,"-32.-17",262144,36272
at_correlations,"-32.-18",65536,4912
at_correlations,"-32.-22",65536,12112
at_correlations,"-32.-24",65536,6912
at_correlations,"-32.-31",262144,14632
at_correlations,"-32.-32",983040,31088
at_correlations,"-32.-38",131072,19280
at_correlations,"-32.-4",65536,13280
at_correlations,"-32.-40",262144,23108
at_correlations,"-32.-48",65536,7856
at_correlations,"-32.-52",196608,24176
at_correlations,"-32.-68",262144,23072
at_correlations,"-32.-8",65536,15824
at_correlations,"-32.16",393216,55860
at_correlations,"-32.17",262144,36272
at_correlations,"-32.18",65536,4912
at_correlations,"-32.22",65536,12112
at_correlations,"-32.24",65536,6912
at_correlations,"-32.31",262144,14632
at_correlations,"-32.32",983040,31088
at_correlations,"-32.38",131072,19280
at_correlations,"-32.4",65536,13280
at_correlations,"-32.40",262144,23108
at_correlations,"-32.48",65536,7856
at_correlations,"-32.52",196608,24176
at_correlations,"-32.68",262144,23072
at_correlations,"-32.8",65536,15824
at_correlations,"-33.-22",65536,11136
at_correlations,"-33.-27",65536,4788
at_correlations,"-33.-32",65536,12388
at_correlations,"-33.22",65536,11136
at_correlations,"-33.27",65536,4788
at_correlations,"-33.32",65536,12388
at_correlations,"-34.-1",131072,23728
at_correlations,"-34.-10",131072,9504
at_correlations,"-34.-14",262144,22704
at_correlations,"-34.-22",524288,56032
at_correlations,"-34.-30",524288,24384
at_correlations,"-34.-31",327680,28076
at_correlations,"-34.-36",65536,11256
at_correlations,"-34.-43",131072,21456
at_correlations,"-34.-44",262144,28256
at_correlations,"-34.-46",262144,22320
at_correlations,"-34.-50",131072,17504
at_correlations,"-34.-54",131072,14640
at_correlations,"-34.-8",262144,25976
at_correlations,"-34.1",131072,23728
at_correlations,"-34.10",131072,9504
at_correlations,"-34.14",262144,22704
at_correlations,"-34.22",524288,56032
at_correlations,"-34.30",524288,24384
at_correlations,"-34.31",327680,28076
at_correlations,"-34.36",65536,11256
at_correlations,"-34.43",131072,21456
at_correlations,"-34.44",262144,28256
at_correlations,"-34.46",262144,22320
at_correlations,"-34.50",131072,17504
at_correlations,"-34.54",131072,14640
at_correlations,"-34.8",262144,25976
at_correlations,"-35.-28",65536,7956
at_correlations,"-35.-30",65536,3888
at_correlations,"-35.-31",131072,14512
at_correlations,"-35.-35",458752,36400
at_correlations,"-35.-42",65536,6544
at_correlations,"-35.28",65536,7956
at_correlations,"-35.30",65536,3888
at_correlations,"-35.31",131072,14512
at_correlations,"-35.35",458752,36400
at_correlations,"-35.42",65536,6544
at_correlations,"-36.-27",393216,38872
at_correlations,"-36.-28",262144,34496
at_correlations,"-36.-29",131072,17952
at_correlations,"-36.-30",262144,22296
at_correlations,"-36.-34",262144,29392
at_correlations,"-36.-36",1376256,98608
at_correlations,"-36.-4",65536,6704
at_correlations,"-36.-41",131072,10288
at_correlations,"-36.-42",131072,15744
at_correlations,"-36.-44",65536,6144
at_correlations,"-36.-48",65536,13312
at_correlations,"-36.-54",65536,9264
at_correlations,"-36.-6",589824,72324
at_correlations,"-36.0",655360,48672
at_correlations,"-36.27",393216,38872
at_correlations,"-36.28",262144,34496
at_correlations,"-36.29",131072,17952
at_correlations,"-36.30",262144,22296
at_correlations,"-36.34",262144,29392
at_correlations,"-36.36",1376256,98608
at_correlations,"-36.4",65536,6704
at_correlations,"-36.41",131072,10288
at_correlations,"-36.42",131072,15744
at_correlations,"-36.44",65536,6144
at_correlations,"-36.48",65536,13312
at_correlations,"-36.54",65536,9264
at_correlations,"-36.6",589824,72324
at_correlations,"-37.-12",524288,41856
at_correlations,"-37.-19",131072,8448
at_correlations,"-37.-23",262144,26016
at_correlations,"-37.-35",524288,31456
at_correlations,"-37.-44",131072,7840
at_correlations,"-37.-47",262144,26592
at_correlations,"-37.12",524288,41856
at_correlations,"-37.19",131072,8448
at_correlations,"-37.23",262144,26016
at_correlations,"-37.35",524288,31456
at_correlations,"-37.44",131072,7840
at_correlations,"-37.47",262144,26592
at_correlations,"-38.-14",131072,11712
at_correlations,"-38.-17",131072,12624
at_correlations,"-38.-18",524288,54880
at_correlations,"-38.-32",65536,8704
at_correlations,"-38.-34",131072,13208
at_correlations,"-38.-37",65536,9184
at_correlations,"-38.-50",131072,11088
at_correlations,"-38.-53",131072,13888
at_correlations,"-38.14",131072,11712
at_correlations,"-38.17",131072,12624
at_correlations,"-38.18",524288,54880
at_correlations,"-38.32",65536,8704
at_correlations,"-38.34",131072,13208
at_correlations,"-38.37",65536,9184
at_correlations,"-38.50",131072,11088
at_correlations,"-38.53",131072,13888
at_correlations,"-39.-33",655360,65680
at_correlations,"-39.-39",131072,15088
at_correlations,"-39.-49",131072,16592
at_correlations,"-39.-6",131072,12088
at_correlations,"-39.0",524288,18432
at_correlations,"-39.33",655360,65680
at_correlations,"-39.39",131072,15088
at_correlations,"-39.49",131072,16592
at_correlations,"-39.6",131072,12088
at_correlations,"-4.-1",655360,48264
at_correlations,"-4.-10",589824,61028
at_correlations,"-4.-12",262144,15680
at_correlations,"-4.-14",1048576,101808
at_correlations,"-4.-16",524288,15168
at_correlations,"-4.-17",262144,21792
at_correlations,"-4.-2",1245184,93204
at_correlations,"-4.-20",393216,33520
at_correlations,"-4.-22",131072,22432
at_correlations,"-4.-26",655360,73016
at_correlations,"-4.-28",393216,57248
at_correlations,"-4.-3",524288,32256
at_correlations,"-4.-36",262144,28320
at_correlations,"-4.-4",4194304,371432
at_correlations,"-4.-40",524288,27952
at_correlations,"-4.-44",393216,34368
at_correlations,"-4.-5",786432,57688
at_correlations,"-4.-6",655360,46176
at_correlations,"-4.-7",524288,32256
at_correlations,"-4.-8",589824,36864
at_correlations,"-4.-9",65536,12452
at_correlations,"-4.0",1048576,64512
at_correlations,"-4.1",655360,48264
at_correlations,"-4.10",589824,61028
at_correlations,"-4.12",262144,15680
at_correlations,"-4.14",1048576,101808
at_correlations,"-4.16",524288,15168
at_correlations,"-4.17",262144,21792
at_correlations,"-4.2",1245184,93204
at_correlations,"-4.20",393216,33520
at_correlations,"-4.22",131072,22432
at_correlations,"-4.26",655360,73016
at_correlations,"-4.28",393216,57248
at_correlations,"-4.3",524288,32256
at_correlations,"-4.36",262144,28320
at_correlations,"-4.4",4194304,371432
at_correlations,"-4.40",524288,27952
at_correlations,"-4.44",393216,34368
at_correlations,"-4.5",786432,57688
at_correlations,"-4.6",655360,46176
at_correlations,"-4.7",524288,32256
at_correlations,"-4.8",589824,36864
at_correlations,"-4.9",65536,12452
at_correlations,"-40.-24",524288,35584
at_correlations,"-40.-30",65536,11316
at_correlations,"-40.-32",327680,14080
at_correlations,"-40.-37",65536,12072
at_correlations,"-40.-38",131072,22312
at_correlations,"-40.-40",393216,18640
at_correlations,"-40.-41",131072,6144
at_correlations,"-40.-50",65536,13336
at_correlations,"-40.-56",262144,12288
at_correlations,"-40.-58",131072,21944
at_correlations,"-40.-70",262144,33240
at_correlations,"-40.-8",262144,11136
at_correlations,"-40.24",524288,35584
at_correlations,"-40.30",65536,11316
at_correlations,"-40.32",327680,14080
at_correlations,"-40.37",65536,12072
at_correlations,"-40.38",131072,22312
at_correlations,"-40.40",393216,18640
at_correlations,"-40.41",131072,6144
at_correlations,"-40.50",65536,13336
at_correlations,"-40.56",262144,12288
at_correlations,"-40.58",131072,21944
at_correlations,"-40.70",262144,33240
at_correlations,"-40.8",262144,11136
at_correlations,"-41.-36",262144,26976
at_correlations,"-41.-37",131072,14912
at_correlations,"-41.-40",524288,18432
at_correlations,"-41.-49",65536,10992
at_correlations,"-41.-50",65536,12632
at_correlations,"-41.36",262144,26976
at_correlations,"-41.37",131072,14912
at_correlations,"-41.40",524288,18432
at_correlations,"-41.49",65536,10992
at_correlations,"-41.50",65536,12632
at_correlations,"-42.-12",65536,9168
at_correlations,"-42.-2",131072,13488
at_correlations,"-42.-28",65536,12168
at_correlations,"-42.-30",589824,52176
at_correlations,"-42.-35",65536,6544
at_correlations,"-42.-36",262144,37024
at_correlations,"-42.-38",262144,27824
at_correlations,"-42.-39",262144,31536
at_correlations,"-42.-42",589824,79512
at_correlations,"-42.-48",65536,11824
at_correlations,"-42.-49",131072,9120
at_correlations,"-42.-54",65536,6504
at_correlations,"-42.-56",65536,8396
at_correlations,"-42.-57",131072,12472
at_correlations,"-42.-6",262144,39120
at_correlations,"-42.-7",262144,40992
at_correlations,"-42.0",524288,63360
at_correlations,"-42.12",65536,9168
at_correlations,"-42.2",131072,13488
at_correlations,"-42.28",65536,12168
at_correlations,"-42.30",589824,52176
at_correlations,"-42.35",65536,6544
at_correlations,"-42.36",262144,37024
at_correlations,"-42.38",262144,27824
at_correlations,"-42.39",262144,31536
at_correlations,"-42.42",589824,79512
at_correlations,"-42.48",65536,11824
at_correlations,"-42.49",131072,9120
at_correlations,"-42.54",65536,6504
at_correlations,"-42.56",65536,8396
at_correlations,"-42.57",131072,12472
at_correlations,"-42.6",262144,39120
at_correlations,"-42.7",262144,40992
at_correlations,"-43.-13",524288,65952
at_correlations,"-43.-22",131072,13888
at_correlations,"-43.-29",65536,4848
at_correlations,"-43.-34",65536,11208
at_correlations,"-43.-35",131072,12480
at_correlations,"-43.-38",65536,13432
at_correlations,"-43.-41",65536,7392
at_correlations,"-43.-48",131072,18528
at_correlations,"-43.-61",131072,10368
at_correlations,"-43.13",524288,65952
at_correlations,"-43.22",131072,13888
at_correlations,"-43.29",65536,4848
at_correlations,"-43.34",65536,11208
at_correlations,"-43.35",131072,12480
at_correlations,"-43.38",65536,13432
at_correlations,"-43.41",65536,7392
at_correlations,"-43.48",131072,18528
at_correlations,"-43.61",131072,10368
at_correlations,"-44.-16",65536,6304
at_correlations,"-44.-19",262144,35144
at_correlations,"-44.-20",262144,39136
at_correlations,"-44.-26",65536,13520
at_correlations,"-44.-28",65536,6216
at_correlations,"-44.-34",65536,10720
at_correlations,"-44.-36",131072,20960
at_correlations,"-44.-37",262144,12672
at_correlations,"-44.-40",196608,27112
at_correlations,"-44.-47",65536,7432
at_correlations,"-44.-52",65536,9716
at_correlations,"-44.-54",65536,12264
at_correlations,"-44.-64",65536,2496
at_correlations,"-44.-8",262144,9216
at_correlations,"-44.16",65536,6304
at_correlations,"-44.19",262144,35144
at_correlations,"-44.20",262144,39136
at_correlations,"-44.26",65536,13520
at_correlations,"-44.28",65536,6216
at_correlations,"-44.34",65536,10720
at_correlations,"-44.36",131072,20960
at_correlations,"-44.37",262144,12672
at_correlations,"-44.40",196608,27112
at_correlations,"-44.47",65536,7432
at_correlations,"-44.52",65536,9716
at_correlations,"-44.54",65536,12264
at_correlations,"-44.64",65536,2496
at_correlations,"-44.8",262144,9216
at_correlations,"-45.-36",524288,26304
at_correlations,"-45.-39",262144,26144
at_correlations,"-45.-45",589824,32384
at_correlations,"-45.36",524288,26304
at_correlations,"-45.39",262144,26144
at_correlations,"-45.45",589824,32384
at_correlations,"-46.-19",131072,8896
at_correlations,"-46.-26",524288,51200
at_correlations,"-46.-34",262144,29136
at_correlations,"-46.-42",131072,18048
at_correlations,"-46.-44",524288,51072
at_correlations,"-46.-58",131072,11712
at_correlations,"-46.19",131072,8896
at_correlations,"-46.26",524288,51200
at_correlations,"-46.34",262144,29136
at_correlations,"-46.42",131072,18048
at_correlations,"-46.44",524288,51072
at_correlations,"-46.58",131072,11712
at_correlations,"-47.-37",65536,7584
at_correlations,"-47.-41",262144,29568
at_correlations,"-47.-44",327680,36896
at_correlations,"-47.37",65536,7584
at_correlations,"-47.41",262144,29568
at_correlations,"-47.44",327680,36896
at_correlations,"-48.-12",65536,2208
at_correlations,"-48.-32",262144,29824
at_correlations,"-48.-33",327680,39928
at_correlations,"-48.-42",720896,73640
at_correlations,"-48.-48",131072,4608
at_correlations,"-48.-57",262144,26256
at_correlations,"-48.-60",65536,4352
at_correlations,"-48.-73",262144,18192
at_correlations,"-48.0",524288,8192
at_correlations,"-48.12",65536,2208
at_correlations,"-48.32",262144,29824
at_correlations,"-48.33",327680,39928
at_correlations,"-48.42",720896,73640
at_correlations,"-48.48",131072,4608
at_correlations,"-48.57",262144,26256
at_correlations,"-48.60",65536,4352
at_correlations,"-48.73",262144,18192
at_correlations,"-49.-39",65536,9180
at_correlations,"-49.-41",131072,19088
at_correlations,"-49.-42",131072,8544
at_correlations,"-49.-49",393216,32160
at_correlations,"-49.-55",131072,13536
at_correlations,"-49.-56",131072,14984
at_correlations,"-49.-7",524288,37696
at_correlations,"-49.0",524288,16256
at_correlations,"-49.39",65536,9180
at_correlations,"-49.41",131072,19088
at_correlations,"-49.42",131072,8544
at_correlations,"-49.49",393216,32160
at_correlations,"-49.55",131072,13536
at_correlations,"-49.56",131072,14984
at_correlations,"-49.7",524288,37696
at_correlations,"-5.-1",786432,52736
at_correlations,"-5.-10",327680,40024
at_correlations,"-5.-13",524288,31456
at_correlations,"-5.-17",524288,71312
at_correlations,"-5.-19",524288,46224
at_correlations,"-5.-2",524288,32256
at_correlations,"-5.-20",262144,16144
at_correlations,"-5.-23",524288,55616
at_correlations,"-5.-25",524288,40512
at_correlations,"-5.-3",524288,32256
at_correlations,"-5.-30",262144,41072
at_correlations,"-5.-31",524288,35648
at_correlations,"-5.-4",1048576,68256
at_correlations,"-5.-40",262144,33432
at_correlations,"-5.-5",3145728,316928
at_correlations,"-5.-50",262144,31456
at_correlations,"-5.-6",524288,32256
at_correlations,"-5.-7",786432,52736
at_correlations,"-5.-8",524288,32256
at_correlations,"-5.0",786432,59040
at_correlations,"-5.1",786432,52736
at_correlations,"-5.10",327680,40024
at_correlations,"-5.13",524288,31456
at_correlations,"-5.17",524288,71312
at_correlations,"-5.19",524288,46224
at_correlations,"-5.2",524288,32256
at_correlations,"-5.20",262144,16144
at_correlations,"-5.23",524288,55616
at_correlations,"-5.25",524288,40512
at_correlations,"-5.3",524288,32256
at_correlations,"-5.30",262144,41072
at_correlations,"-5.31",524288,35648
at_correlations,"-5.4",1048576,68256
at_correlations,"-5.40",262144,33432
at_correlations,"-5.5",3145728,316928
at_correlations,"-5.50",262144,31456
at_correlations,"-5.6",524288,32256
at_correlations,"-5.7",786432,52736
at_correlations,"-5.8",524288,32256
at_correlations,"-50.-14",524288,30336
at_correlations,"-50.-34",262144,26784
at_correlations,"-50.-38",131072,17408
at_correlations,"-50.-40",262144,23712
at_correlations,"-50.-41",65536,12984
at_correlations,"-50.-46",131072,14496
at_correlations,"-50.-48",65536,12664
at_correlations,"-50.-49",262144,37232
at_correlations,"-50.-50",524288,44448
at_correlations,"-50.-62",262144,28704
at_correlations,"-50.14",524288,30336
at_correlations,"-50.34",262144,26784
at_correlations,"-50.38",131072,17408
at_correlations,"-50.40",262144,23712
at_correlations,"-50.41",65536,12984
at_correlations,"-50.46",131072,14496
at_correlations,"-50.48",65536,12664
at_correlations,"-50.49",262144,37232
at_correlations,"-50.50",524288,44448
at_correlations,"-50.62",262144,28704
at_correlations,"-51.-21",524288,50368
at_correlations,"-51.-27",131072,9984
at_correlations,"-51.-39",720896,76040
at_correlations,"-51.-48",65536,8128
at_correlations,"-51.-66",131072,9024
at_correlations,"-51.21",524288,50368
at_correlations,"-51.27",131072,9984
at_correlations,"-51.39",720896,76040
at_correlations,"-51.48",65536,8128
at_correlations,"-51.66",131072,9024
at_correlations,"-52.-38",65536,7776
at_correlations,"-52.-44",262144,30256
at_correlations,"-52.-47",131072,13520
at_correlations,"-52.-48",524288,32512
at_correlations,"-52.-52",131072,6656
at_correlations,"-52.-56",65536,4224
at_correlations,"-52.-8",262144,16392
at_correlations,"-52.38",65536,7776
at_correlations,"-52.44",262144,30256
at_correlations,"-52.47",131072,13520
at_correlations,"-52.48",524288,32512
at_correlations,"-52.52",131072,6656
at_correlations,"-52.56",65536,4224
at_correlations,"-52.8",262144,16392
at_correlations,"-53.-28",524288,30208
at_correlations,"-53.28",524288,30208
at_correlations,"-54.-34",65536,6868
at_correlations,"-54.-36",131072,13528
at_correlations,"-54.-45",589824,71284
at_correlations,"-54.-46",524288,75176
at_correlations,"-54.34",65536,6868
at_correlations,"-54.36",131072,13528
at_correlations,"-54.45",589824,71284
at_correlations,"-54.46",524288,75176
at_correlations,"-55.-35",524288,38272
at_correlations,"-55.-49",131072,14464
at_correlations,"-55.-55",655360,76976
at_correlations,"-55.0",524288,36384
at_correlations,"-55.35",524288,38272
at_correlations,"-55.49",131072,14464
at_correlations,"-55.55",655360,76976
at_correlations,"-56.-40",131072,5504
at_correlations,"-56.-42",65536,7924
at_correlations,"-56.-44",131072,15432
at_correlations,"-56.-49",131072,14488
at_correlations,"-56.-52",262144,11008
at_correlations,"-56.-54",524288,55712
at_correlations,"-56.-56",393216,40208
at_correlations,"-56.-64",196608,21228
at_correlations,"-56.-7",262144,16752
at_correlations,"-56.-70",65536,12524
at_correlations,"-56.-76",262144,16392
at_correlations,"-56.-8",262144,25216
at_correlations,"-56.0",524288,24000
at_correlations,"-56.40",131072,5504
at_correlations,"-56.42",65536,7924
at_correlations,"-56.44",131072,15432
at_correlations,"-56.49",131072,14488
at_correlations,"-56.52",262144,11008
at_correlations,"-56.54",524288,55712
at_correlations,"-56.56",393216,40208
at_correlations,"-56.64",196608,21228
at_correlations,"-56.7",262144,16752
at_correlations,"-56.70",65536,12524
at_correlations,"-56.76",262144,16392
at_correlations,"-56.8",262144,25216
at_correlations,"-57.-15",524288,40384
at_correlations,"-57.-42",393216,34316
at_correlations,"-57.-48",196608,22468
at_correlations,"-57.-51",65536,7272
at_correlations,"-57.-53",65536,17532
at_correlations,"-57.-63",131072,19856
at_correlations,"-57.15",524288,40384
at_correlations,"-57.42",393216,34316
at_correlations,"-57.48",196608,22468
at_correlations,"-57.51",65536,7272
at_correlations,"-57.53",65536,17532
at_correlations,"-57.63",131072,19856
at_correlations,"-58.-22",262144,28728
at_correlations,"-58.-23",262144,37760
at_correlations,"-58.-40",65536,11492
at_correlations,"-58.-42",655360,30784
at_correlations,"-58.-46",65536,6432
at_correlations,"-58.-52",720896,86924
at_correlations,"-58.-63",65536,10368
at_correlations,"-58.-68",65536,13936
at_correlations,"-58.-8",262144,32824
at_correlations,"-58.22",262144,28728
at_correlations,"-58.23",262144,37760
at_correlations,"-58.40",65536,11492
at_correlations,"-58.42",655360,30784
at_correlations,"-58.46",65536,6432
at_correlations,"-58.52",720896,86924
at_correlations,"-58.63",65536,10368
at_correlations,"-58.68",65536,13936
at_correlations,"-58.8",262144,32824
at_correlations,"-59.-49",131072,21648
at_correlations,"-59.49",131072,21648
at_correlations,"-6.-1",524288,32256
at_correlations,"-6.-10",65536,4296
at_correlations,"-6.-12",65536,7408
at_correlations,"-6.-16",524288,54784
at_correlations,"-6.-18",393216,44080
at_correlations,"-6.-2",851968,66368
at_correlations,"-6.-20",524288,45216
at_correlations,"-6.-24",589824,53040
at_correlations,"-6.-27",65536,11496
at_correlations,"-6.-3",917504,70200
at_correlations,"-6.-30",786432,77880
at_correlations,"-6.-34",524288,53728
at_correlations,"-6.-36",524288,59136
at_correlations,"-6.-39",262144,18336
at_correlations,"-6.-4",655360,46176
at_correlations,"-6.-42",262144,37040
at_correlations,"-6.-5",524288,32256
at_correlations,"-6.-54",262144,26544
at_correlations,"-6.-6",4456448,474288
at_correlations,"-6.-7",524288,32256
at_correlations,"-6.-8",524288,32256
at_correlations,"-6.-9",524288,48184
at_correlations,"-6.0",1179648,97176
at_correlations,"-6.1",524288,32256
at_correlations,"-6.10",65536,4296
at_correlations,"-6.12",65536,7408
at_correlations,"-6.16",524288,54784
at_correlations,"-6.18",393216,44080
at_correlations,"-6.2",851968,66368
at_correlations,"-6.20",524288,45216
at_correlations,"-6.24",589824,53040
at_correlations,"-6.27",65536,11496
at_correlations,"-6.3",917504,70200
at_correlations,"-6.30",786432,77880
at_correlations,"-6.34",524288,53728
at_correlations,"-6.36",524288,59136
at_correlations,"-6.39",262144,18336
at_correlations,"-6.4",655360,46176
at_correlations,"-6.42",262144,37040
at_correlations,"-6.5",524288,32256
at_correlations,"-6.54",262144,26544
at_correlations,"-6.6",4456448,474288
at_correlations,"-6.7",524288,32256
at_correlations,"-6.8",524288,32256
at_correlations,"-6.9",524288,48184
at_correlations,"-60.-30",524288,48992
at_correlations,"-60.-48",196608,17624
at_correlations,"-60.-50",196608,24856
at_correlations,"-60.-57",65536,4016
at_correlations,"-60.-60",393216,55744
at_correlations,"-60.-61",131072,20592
at_correlations,"-60.0",524288,43776
at_correlations,"-60.30",524288,48992
at_correlations,"-60.48",196608,17624
at_correlations,"-60.50",196608,24856
at_correlations,"-60.57",65536,4016
at_correlations,"-60.60",393216,55744
at_correlations,"-60.61",131072,20592
at_correlations,"-61.-43",65536,5664
at_correlations,"-61.-49",917504,72496
at_correlations,"-61.-56",65536,15592
at_correlations,"-61.-60",524288,47712
at_correlations,"-61.43",65536,5664
at_correlations,"-61.49",917504,72496
at_correlations,"-61.56",65536,15592
at_correlations,"-61.60",524288,47712
at_correlations,"-62.-37",262144,33808
at_correlations,"-62.-38",262144,28176
at_correlations,"-62.-50",131072,16760
at_correlations,"-62.-55",65536,10856
at_correlations,"-62.-58",262144,42176
at_correlations,"-62.-59",262144,37016
at_correlations,"-62.-68",65536,10272
at_correlations,"-62.-8",262144,26432
at_correlations,"-62.37",262144,33808
at_correlations,"-62.38",262144,28176
at_correlations,"-62.50",131072,16760
at_correlations,"-62.55",65536,10856
at_correlations,"-62.58",262144,42176
at_correlations,"-62.59",262144,37016
at_correlations,"-62.68",65536,10272
at_correlations,"-62.8",262144,26432
at_correlations,"-63.-57",65536,10740
at_correlations,"-63.-58",262144,27744
at_correlations,"-63.-63",131072,14560
at_correlations,"-63.0",524288,18432
at_correlations,"-63.57",65536,10740
at_correlations,"-63.58",262144,27744
at_correlations,"-63.63",131072,14560
at_correlations,"-64.-44",131072,3456
at_correlations,"-64.-56",458752,52280
at_correlations,"-64.-64",589824,14432
at_correlations,"-64.-71",196608,22744
at_correlations,"-64.-8",786432,21504
at_correlations,"-64.-80",262144,4096
at_correlations,"-64.0",786432,0
at_correlations,"-64.44",131072,3456
at_correlations,"-64.56",458752,52280
at_correlations,"-64.64",589824,14432
at_correlations,"-64.71",196608,22744
at_correlations,"-64.8",786432,21504
at_correlations,"-64.80",262144,4096
at_correlations,"-65.-16",524288,16384
at_correlations,"-65.-45",589824,42120
at_correlations,"-65.-56",589824,31328
at_correlations,"-65.16",524288,16384
at_correlations,"-65.45",589824,42120
at_correlations,"-65.56",589824,31328
at_correlations,"-66.-24",524288,48576
at_correlations,"-66.-51",262144,14848
at_correlations,"-66.-54",131072,16048
at_correlations,"-66.-66",655360,89312
at_correlations,"-66.24",524288,48576
at_correlations,"-66.51",262144,14848
at_correlations,"-66.54",131072,16048
at_correlations,"-66.66",655360,89312
at_correlations,"-67.-65",524288,72784
at_correlations,"-67.65",524288,72784
at_correlations,"-68.-32",524288,30400
at_correlations,"-68.-52",393216,35168
at_correlations,"-68.-53",327680,25960
at_correlations,"-68.-58",131072,23608
at_correlations,"-68.-62",262144,26336
at_correlations,"-68.-64",65536,12072
at_correlations,"-68.32",524288,30400
at_correlations,"-68.52",393216,35168
at_correlations,"-68.53",327680,25960
at_correlations,"-68.58",131072,23608
at_correlations,"-68.62",262144,26336
at_correlations,"-68.64",65536,12072
at_correlations,"-69.-63",524288,41024
at_correlations,"-69.63",524288,41024
at_correlations,"-7.-1",524288,32256
at_correlations,"-7.-13",131072,7616
at_correlations,"-7.-14",262144,28264
at_correlations,"-7.-19",524288,55168
at_correlations,"-7.-2",655360,44608
at_correlations,"-7.-20",65536,4592
at_correlations,"-7.-28",262144,35896
at_correlations,"-7.-29",524288,39232
at_correlations,"-7.-3",655360,42296
at_correlations,"-7.-37",917504,72752
at_correlations,"-7.-4",524288,32256
at_correlations,"-7.-42",262144,39864
at_correlations,"-7.-43",524288,35040
at_correlations,"-7.-47",524288,48768
at_correlations,"-7.-49",524288,33872
at_correlations,"-7.-5",1048576,80400
at_correlations,"-7.-56",262144,14008
at_correlations,"-7.-6",524288,32256
at_correlations,"-7.-7",2949120,280320
at_correlations,"-7.-8",720896,55564
at_correlations,"-7.0",786432,44032
at_correlations,"-7.1",524288,32256
at_correlations,"-7.13",131072,7616
at_correlations,"-7.14",262144,28264
at_correlations,"-7.19",524288,55168
at_correlations,"-7.2",655360,44608
at_correlations,"-7.20",65536,4592
at_correlations,"-7.28",262144,35896
at_correlations,"-7.29",524288,39232
at_correlations,"-7.3",655360,42296
at_correlations,"-7.37",917504,72752
at_correlations,"-7.4",524288,32256
at_correlations,"-7.42",262144,39864
at_correlations,"-7.43",524288,35040
at_correlations,"-7.47",524288,48768
at_correlations,"-7.49",524288,33872
at_correlations,"-7.5",1048576,80400
at_correlations,"-7.56",262144,14008
at_correlations,"-7.6",524288,32256
at_correlations,"-7.7",2949120,280320
at_correlations,"-7.8",720896,55564
at_correlations,"-70.-40",524288,50752
at_correlations,"-70.-56",131072,19280
at_correlations,"-70.-70",131072,17216
at_correlations,"-70.40",524288,50752
at_correlations,"-70.56",131072,19280
at_correlations,"-70.70",131072,17216
at_correlations,"-71.-59",65536,5760
at_correlations,"-71.-61",131072,14032
at_correlations,"-71.-64",262144,22944
at_correlations,"-71.59",65536,5760
at_correlations,"-71.61",131072,14032
at_correlations,"-71.64",262144,22944
at_correlations,"-72.-60",524288,31024
at_correlations,"-72.-71",262144,43592
at_correlations,"-72.-72",720896,78688
at_correlations,"-72.-84",262144,9216
at_correlations,"-72.60",524288,31024
at_correlations,"-72.71",262144,43592
at_correlations,"-72.72",720896,78688
at_correlations,"-72.84",262144,9216
at_correlations,"-73.-48",524288,20000
at_correlations,"-73.48",524288,20000
at_correlations,"-74.-56",65536,7424
at_correlations,"-74.-69",65536,8920
at_correlations,"-74.-70",524288,34048
at_correlations,"-74.56",65536,7424
at_correlations,"-74.69",65536,8920
at_correlations,"-74.70",524288,34048
at_correlations,"-76.-56",524288,25664
at_correlations,"-76.-64",131072,17016
at_correlations,"-76.-67",262144,21848
at_correlations,"-76.-68",262144,21224
at_correlations,"-76.56",524288,25664
at_correlations,"-76.64",131072,17016
at_correlations,"-76.67",262144,21848
at_correlations,"-76.68",262144,21224
at_correlations,"-78.-72",65536,13124
at_correlations,"-78.-78",524288,58880
at_correlations,"-78.72",65536,13124
at_correlations,"-78.78",524288,58880
at_correlations,"-79.-77",524288,56576
at_correlations,"-79.77",524288,56576
at_correlations,"-8.-1",524288,32256
at_correlations,"-8.-10",65536,12444
at_correlations,"-8.-12",65536,512
at_correlations,"-8.-16",65536,7080
at_correlations,"-8.-19",65536,8320
at_correlations,"-8.-2",589824,43428
at_correlations,"-8.-20",196608,27496
at_correlations,"-8.-22",524288,52880
at_correlations,"-8.-24",262144,34496
at_correlations,"-8.-3",524288,32256
at_correlations,"-8.-32",131072,17368
at_correlations,"-8.-34",524288,45936
at_correlations,"-8.-4",589824,36864
at_correlations,"-8.-40",393216,44864
at_correlations,"-8.-44",524288,15360
at_correlations,"-8.-5",524288,32256
at_correlations,"-8.-52",524288,25664
at_correlations,"-8.-56",262144,22528
at_correlations,"-8.-58",524288,49824
at_correlations,"-8.-6",524288,32256
at_correlations,"-8.-62",524288,46304
at_correlations,"-8.-64",786432,20736
at_correlations,"-8.-7",851968,69668
at_correlations,"-8.-8",4128768,336544
at_correlations,"-8.0",655360,40848
at_correlations,"-8.1",524288,32256
at_correlations,"-8.10",65536,12444
at_correlations,"-8.12",65536,512
at_correlations,"-8.16",65536,7080
at_correlations,"-8.19",65536,8320
at_correlations,"-8.2",589824,43428
at_correlations,"-8.20",196608,27496
at_correlations,"-8.22",524288,52880
at_correlations,"-8.24",262144,34496
at_correlations,"-8.3",524288,32256
at_correlations,"-8.32",131072,17368
at_correlations,"-8.34",524288,45936
at_correlations,"-8.4",589824,36864
at_correlations,"-8.40",393216,44864
at_correlations,"-8.44",524288,15360
at_correlations,"-8.5",524288,32256
at_correlations,"-8.52",524288,25664
at_correlations,"-8.56",262144,22528
at_correlations,"-8.58",524288,49824
at_correlations,"-8.6",524288,32256
at_correlations,"-8.62",524288,46304
at_correlations,"-8.64",786432,20736
at_correlations,"-8.7",851968,69668
at_correlations,"-8.8",4128768,336544
at_correlations,"-80.-64",524288,6144
at_correlations,"-80.-89",262144,9216
at_correlations,"-80.64",524288,6144
at_correlations,"-80.89",262144,9216
at_correlations,"-81.-75",524288,38144
at_correlations,"-81.75",524288,38144
at_correlations,"-84.-72",524288,15360
at_correlations,"-84.-84",131072,17856
at_correlations,"-84.-85",131072,17472
at_correlations,"-84.72",524288,15360
at_correlations,"-84.84",131072,17856
at_correlations,"-84.85",131072,17472
at_correlations,"-85.-84",524288,34176
at_correlations,"-85.84",524288,34176
at_correlations,"-86.-82",262144,31328
at_correlations,"-86.-83",262144,33888
at_correlations,"-86.82",262144,31328
at_correlations,"-86.83",262144,33888
at_correlations,"-88.-94",262144,25976
at_correlations,"-88.94",262144,25976
at_correlations,"-89.-80",524288,14336
at_correlations,"-89.80",524288,14336
at_correlations,"-9.-11",131072,10040
at_correlations,"-9.-12",131072,13488
at_correlations,"-9.-18",262144,31536
at_correlations,"-9.-27",65536,7800
at_correlations,"-9.-3",524288,25136
at_correlations,"-9.-30",65536,13848
at_correlations,"-9.-31",65536,9276
at_correlations,"-9.-36",327680,39384
at_correlations,"-9.-5",131072,16208
at_correlations,"-9.-54",262144,36688
at_correlations,"-9.-6",196608,17472
at_correlations,"-9.-9",1441792,159888
at_correlations,"-9.0",786432,20448
at_correlations,"-9.11",131072,10040
at_correlations,"-9.12",131072,13488
at_correlations,"-9.18",262144,31536
at_correlations,"-9.27",65536,7800
at_correlations,"-9.3",524288,25136
at_correlations,"-9.30",65536,13848
at_correlations,"-9.31",65536,9276
at_correlations,"-9.36",327680,39384
at_correlations,"-9.5",131072,16208
at_correlations,"-9.54",262144,36688
at_correlations,"-9.6",196608,17472
at_correlations,"-9.9",1441792,159888
at_correlations,"-91.-91",524288,47104
at_correlations,"-91.91",524288,47104
at_correlations,"-92.-90",524288,47616
at_correlations,"-92.90",524288,47616
at_correlations,"-94.-88",524288,45936
at_correlations,"-94.88",524288,45936
at_correlations,"-96.-100",262144,20144
at_correlations,"-96.100",262144,20144
at_correlations,"-98.-97",262144,33320
at_correlations,"-98.-98",524288,39744
at_correlations,"-98.97",262144,33320
at_correlations,"-98.98",524288,39744
at_correlations,"0.-1",1572864,84304
at_correlations,"0.-11",1048576,95424
at_correlations,"0.-12",1572864,80496
at_correlations,"0.-13",1048576,64576
at_correlations,"0.-14",131072,25328
at_correlations,"0.-15",2097152,80960
at_correlations,"0.-16",1572864,48768
at_correlations,"0.-2",1179648,106640
at_correlations,"0.-20",1572864,79232
at_correlations,"0.-21",1048576,65952
at_correlations,"0.-24",2097152,132672
at_correlations,"0.-25",524288,24288
at_correlations,"0.-27",1048576,52608
at_correlations,"0.-28",1048576,61184
at_correlations,"0.-3",1572864,104256
at_correlations,"0.-30",524288,61920
at_correlations,"0.-32",1048576,71168
at_correlations,"0.-33",1179648,60096
at_correlations,"0.-35",1048576,81760
at_correlations,"0.-36",917504,78600
at_correlations,"0.-39",1048576,28672
at_correlations,"0.-4",1048576,64512
at_correlations,"0.-40",1310720,57856
at_correlations,"0.-42",524288,59456
at_correlations,"0.-45",1048576,56576
at_correlations,"0.-48",2097152,69056
at_correlations,"0.-49",524288,12224
at_correlations,"0.-5",1572864,96704
at_correlations,"0.-55",1048576,40000
at_correlations,"0.-56",524288,18144
at_correlations,"0.-6",1048576,72288
at_correlations,"0.-60",1048576,58912
at_correlations,"0.-63",1048576,30720
at_correlations,"0.-64",786432,0
at_correlations,"0.-7",1572864,58592
at_correlations,"0.-8",1572864,81024
at_correlations,"0.-9",1572864,45024
at_correlations,"0.0",100401152,1633792
at_correlations,"0.1",1572864,84304
at_correlations,"0.11",1048576,95424
at_correlations,"0.12",1572864,80496
at_correlations,"0.13",1048576,64576
at_correlations,"0.14",131072,25328
at_correlations,"0.15",2097152,80960
at_correlations,"0.16",1572864,48768
at_correlations,"0.2",1179648,106640
at_correlations,"0.20",1572864,79232
at_correlations,"0.21",1048576,65952
at_correlations,"0.24",2097152,132672
at_correlations,"0.25",524288,24288
at_correlations,"0.27",1048576,52608
at_correlations,"0.28",1048576,61184
at_correlations,"0.3",1572864,104256
at_correlations,"0.30",524288,61920
at_correlations,"0.32",1048576,71168
at_correlations,"0.33",1179648,60096
at_correlations,"0.35",1048576,81760
at_correlations,"0.36",917504,78600
at_correlations,"0.39",1048576,28672
at_correlations,"0.4",1048576,64512
at_correlations,"0.40",1310720,57856
at_correlations,"0.42",524288,59456
at_correlations,"0.45",1048576,56576
at_correlations,"0.48",2097152,69056
at_correlations,"0.49",524288,12224
at_correlations,"0.5",1572864,96704
at_correlations,"0.55",1048576,40000
at_correlations,"0.56",524288,18144
at_correlations,"0.6",1048576,72288
at_correlations,"0.60",1048576,58912
at_correlations,"0.63",1048576,30720
at_correlations,"0.64",786432,0
at_correlations,"0.7",1572864,58592
at_correlations,"0.8",1572864,81024
at_correlations,"0.9",1572864,45024
at_correlations,"1.-1",4849664,474784
at_correlations,"1.-10",262144,35408
at_correlations,"1.-11",524288,32032
at_correlations,"1.-12",262144,42664
at_correlations,"1.-13",65536,7392
at_correlations,"1.-14",327680,43060
at_correlations,"1.-19",524288,39504
at_correlations,"1.-2",917504,88104
at_correlations,"1.-23",131072,18176
at_correlations,"1.-25",131072,15328
at_correlations,"1.-29",524288,62336
at_correlations,"1.-3",524288,32256
at_correlations,"1.-4",786432,62368
at_correlations,"1.-41",524288,62080
at_correlations,"1.-5",1048576,80400
at_correlations,"1.-55",524288,36000
at_correlations,"1.-6",786432,66616
at_correlations,"1.-7",524288,32256
at_correlations,"1.-8",786432,46048
at_correlations,"1.0",1572864,84304
at_correlations,"1.1",4849664,474784
at_correlations,"1.10",262144,35408
at_correlations,"1.11",524288,32032
at_correlations,"1.12",262144,42664
at_correlations,"1.13",65536,7392
at_correlations,"1.14",327680,43060
at_correlations,"1.19",524288,39504
at_correlations,"1.2",917504,88104
at_correlations,"1.23",131072,18176
at_correlations,"1.25",131072,15328
at_correlations,"1.29",524288,62336
at_correlations,"1.3",524288,32256
at_correlations,"1.4",786432,62368
at_correlations,"1.41",524288,62080
at_correlations,"1.5",1048576,80400
at_correlations,"1.55",524288,36000
at_correlations,"1.6",786432,66616
at_correlations,"1.7",524288,32256
at_correlations,"1.8",786432,46048
at_correlations,"10.-10",1966080,205056
at_correlations,"10.-14",262144,23664
at_correlations,"10.-15",131072,7032
at_correlations,"10.-16",131072,22184
at_correlations,"10.-18",131072,15984
at_correlations,"10.-2",262144,23664
at_correlations,"10.-30",524288,74984
at_correlations,"10.-34",131072,17216
at_correlations,"10.-5",131072,6840
at_correlations,"10.-50",262144,26440
at_correlations,"10.-6",524288,24384
at_correlations,"10.10",1966080,205056
at_correlations,"10.14",262144,23664
at_correlations,"10.15",131072,7032
at_correlations,"10.16",131072,22184
at_correlations,"10.18",131072,15984
at_correlations,"10.2",262144,23664
at_correlations,"10.30",524288,74984
at_correlations,"10.34",131072,17216
at_correlations,"10.5",131072,6840
at_correlations,"10.50",262144,26440
at_correlations,"10.6",524288,24384
at_correlations,"100.-96",524288,30592
at_correlations,"100.96",524288,30592
at_correlations,"104.-106",262144,31456
at_correlations,"104.106",262144,31456
at_correlations,"105.-105",524288,24288
at_correlations,"105.105",524288,24288
at_correlations,"106.-104",524288,50832
at_correlations,"106.104",524288,50832
at_correlations,"11.-1",131072,7616
at_correlations,"11.-11",786432,96768
at_correlations,"11.-14",131072,6840
at_correlations,"11.-15",131072,17488
at_correlations,"11.-17",131072,19376
at_correlations,"11.-22",262144,35736
at_correlations,"11.-25",262144,25568
at_correlations,"11.-4",131072,25920
at_correlations,"11.-41",65536,5952
at_correlations,"11.-44",327680,25192
at_correlations,"11.-9",524288,47648
at_correlations,"11.0",262144,41184
at_correlations,"11.1",131072,7616
at_correlations,"11.11",786432,96768
at_correlations,"11.14",131072,6840
at_correlations,"11.15",131072,17488
at_correlations,"11.17",131072,19376
at_correlations,"11.22",262144,35736
at_correlations,"11.25",262144,25568
at_correlations,"11.4",131072,25920
at_correlations,"11.41",65536,5952
at_correlations,"11.44",327680,25192
at_correlations,"11.9",524288,47648
at_correlations,"112.-112",131072,9400
at_correlations,"112.-113",393216,23232
at_correlations,"112.112",131072,9400
at_correlations,"112.113",393216,23232
at_correlations,"113.-112",524288,18048
at_correlations,"113.112",524288,18048
at_correlations,"12.-12",1572864,175704
at_correlations,"12.-13",131072,13392
at_correlations,"12.-16",131072,5936
at_correlations,"12.-18",131072,21340
at_correlations,"12.-2",65536,11064
at_correlations,"12.-20",65536,7776
at_correlations,"12.-24",262144,13312
at_correlations,"12.-28",131072,20960
at_correlations,"12.-3",262144,13232
at_correlations,"12.-36",262144,19496
at_correlations,"12.-4",327680,26448
at_correlations,"12.-42",131072,14872
at_correlations,"12.-48",131072,4032
at_correlations,"12.-6",65536,7408
at_correlations,"12.-8",65536,512
at_correlations,"12.-9",131072,13488
at_correlations,"12.0",524288,12144
at_correlations,"12.12",1572864,175704
at_correlations,"12.13",131072,13392
at_correlations,"12.16",131072,5936
at_correlations,"12.18",131072,21340
at_correlations,"12.2",65536,11064
at_correlations,"12.20",65536,7776
at_correlations,"12.24",262144,13312
at_correlations,"12.28",131072,20960
at_correlations,"12.3",262144,13232
at_correlations,"12.36",262144,19496
at_correlations,"12.4",327680,26448
at_correlations,"12.42",131072,14872
at_correlations,"12.48",131072,4032
at_correlations,"12.6",65536,7408
at_correlations,"12.8",65536,512
at_correlations,"12.9",131072,13488
at_correlations,"120.-120",786432,38272
at_correlations,"120.120",786432,38272
at_correlations,"128.-128",589824,8192
at_correlations,"128.128",589824,8192
at_correlations,"13.-1",131072,19376
at_correlations,"13.-12",524288,32224
at_correlations,"13.-13",524288,64512
at_correlations,"13.-15",131072,16208
at_correlations,"13.-17",393216,39696
at_correlations,"13.-20",65536,12072
at_correlations,"13.-22",131072,14224
at_correlations,"13.-23",65536,4212
at_correlations,"13.-26",262144,32064
at_correlations,"13.-7",786432,56448
at_correlations,"13.-8",131072,6400
at_correlations,"13.0",262144,32576
at_correlations,"13.1",131072,19376
at_correlations,"13.12",524288,32224
at_correlations,"13.13",524288,64512
at_correlations,"13.15",131072,16208
at_correlations,"13.17",393216,39696
at_correlations,"13.20",65536,12072
at_correlations,"13.22",131072,14224
at_correlations,"13.23",65536,4212
at_correlations,"13.26",262144,32064
at_correlations,"13.7",786432,56448
at_correlations,"13.8",131072,6400
at_correlations,"14.-10",262144,30512
at_correlations,"14.-11",262144,31080
at_correlations,"14.-14",917504,116352
at_correlations,"14.-16",196608,27780
at_correlations,"14.-18",65536,10768
at_correlations,"14.-2",131072,15320
at_correlations,"14.-22",65536,3016
at_correlations,"14.-26",65536,12968
at_correlations,"14.-34",262144,35544
at_correlations,"14.-36",196608,26104
at_correlations,"14.-38",65536,6432
at_correlations,"14.-4",65536,5952
at_correlations,"14.-41",131072,17460
at_correlations,"14.-6",65536,19048
at_correlations,"14.10",262144,30512
at_correlations,"14.11",262144,31080
at_correlations,"14.14",917504,116352
at_correlations,"14.16",196608,27780
at_correlations,"14.18",65536,10768
at_correlations,"14.2",131072,15320
at_correlations,"14.22",65536,3016
at_correlations,"14.26",65536,12968
at_correlations,"14.34",262144,35544
at_correlations,"14.36",196608,26104
at_correlations,"14.38",65536,6432
at_correlations,"14.4",65536,5952
at_correlations,"14.41",131072,17460
at_correlations,"14.6",65536,19048
at_correlations,"15.-10",131072,7032
at_correlations,"15.-15",1179648,115664
at_correlations,"15.-20",131072,32160
at_correlations,"15.0",786432,51584
at_correlations,"15.10",131072,7032
at_correlations,"15.15",1179648,115664
at_correlations,"15.20",131072,32160
at_correlations,"16.-11",131072,7168
at_correlations,"16.-12",131072,5936
at_correlations,"16.-14",655360,65552
at_correlations,"16.-16",786432,61568
at_correlations,"16.-19",262144,32320
at_correlations,"16.-2",131072,10464
at_correlations,"16.-20",131072,7200
at_correlations,"16.-23",65536,15056
at_correlations,"16.-26",196608,22848
at_correlations,"16.-28",65536,13224
at_correlations,"16.-32",131072,14304
at_correlations,"16.-34",262144,23840
at_correlations,"16.-4",524288,15168
at_correlations,"16.-65",262144,10752
at_correlations,"16.-9",131072,32160
at_correlations,"16.0",524288,0
at_correlations,"16.11",131072,7168
at_correlations,"16.12",131072,5936
at_correlations,"16.14",655360,65552
at_correlations,"16.16",786432,61568
at_correlations,"16.19",262144,32320
at_correlations,"16.2",131072,10464
at_correlations,"16.20",131072,7200
at_correlations,"16.23",65536,15056
at_correlations,"16.26",196608,22848
at_correlations,"16.28",65536,13224
at_correlations,"16.32",131072,14304
at_correlations,"16.34",262144,23840
at_correlations,"16.4",524288,15168
at_correlations,"16.65",262144,10752
at_correlations,"16.9",131072,32160
at_correlations,"17.-22",262144,15872
at_correlations,"17.-23",262144,19712
at_correlations,"17.-27",65536,17996
at_correlations,"17.-28",65536,6400
at_correlations,"17.-4",65536,7432
at_correlations,"17.-7",262144,19712
at_correlations,"17.-8",524288,20384
at_correlations,"17.22",262144,15872
at_correlations,"17.23",262144,19712
at_correlations,"17.27",65536,17996
at_correlations,"17.28",65536,6400
at_correlations,"17.4",65536,7432
at_correlations,"17.7",262144,19712
at_correlations,"17.8",524288,20384
at_correlations,"18.-10",65536,6816
at_correlations,"18.-12",589824,67804
at_correlations,"18.-17",262144,34296
at_correlations,"18.-18",983040,92232
at_correlations,"18.-21",65536,8000
at_correlations,"18.-22",65536,19048
at_correlations,"18.-24",196608,15232
at_correlations,"18.-26",131072,18048
at_correlations,"18.-27",196608,37016
at_correlations,"18.-3",131072,14224
at_correlations,"18.-30",196608,24032
at_correlations,"18.-32",65536,11344
at_correlations,"18.-6",65536,3016
at_correlations,"18.0",262144,34624
at_correlations,"18.10",65536,6816
at_correlations,"18.12",589824,67804
at_correlations,"18.17",262144,34296
at_correlations,"18.18",983040,92232
at_correlations,"18.21",65536,8000
at_correlations,"18.22",65536,19048
at_correlations,"18.24",196608,15232
at_correlations,"18.26",131072,18048
at_correlations,"18.27",196608,37016
at_correlations,"18.3",131072,14224
at_correlations,"18.30",196608,24032
at_correlations,"18.32",65536,11344
at_correlations,"18.6",65536,3016
at_correlations,"19.-25",131072,14512
at_correlations,"19.-37",65536,4944
at_correlations,"19.-41",131072,15184
at_correlations,"19.-46",262144,14592
at_correlations,"19.25",131072,14512
at_correlations,"19.37",65536,4944
at_correlations,"19.41",131072,15184
at_correlations,"19.46",262144,14592
at_correlations,"2.-1",917504,88104
at_correlations,"2.-10",262144,30512
at_correlations,"2.-12",262144,29296
at_correlations,"2.-14",262144,30704
at_correlations,"2.-16",524288,48064
at_correlations,"2.-18",262144,27032
at_correlations,"2.-2",5046272,526264
at_correlations,"2.-22",262144,40792
at_correlations,"2.-26",786432,84240
at_correlations,"2.-3",524288,32256
at_correlations,"2.-38",524288,48960
at_correlations,"2.-4",1245184,93204
at_correlations,"2.-42",65536,7444
at_correlations,"2.-5",524288,32256
at_correlations,"2.-52",524288,45296
at_correlations,"2.-6",851968,66368
at_correlations,"2.-7",524288,32256
at_correlations,"2.-8",1048576,81200
at_correlations,"2.0",1179648,106640
at_correlations,"2.1",917504,88104
at_correlations,"2.10",262144,30512
at_correlations,"2.12",262144,29296
at_correlations,"2.14",262144,30704
at_correlations,"2.16",524288,48064
at_correlations,"2.18",262144,27032
at_correlations,"2.2",5046272,526264
at_correlations,"2.22",262144,40792
at_correlations,"2.26",786432,84240
at_correlations,"2.3",524288,32256
at_correlations,"2.38",524288,48960
at_correlations,"2.4",1245184,93204
at_correlations,"2.42",65536,7444
at_correlations,"2.5",524288,32256
at_correlations,"2.52",524288,45296
at_correlations,"2.6",851968,66368
at_correlations,"2.7",524288,32256
at_correlations,"2.8",1048576,81200
at_correlations,"20.-10",65536,13380
at_correlations,"20.-12",65536,7776
at_correlations,"20.-16",655360,41376
at_correlations,"20.-20",393216,25368
at_correlations,"20.-25",131072,4736
at_correlations,"20.-28",327680,33752
at_correlations,"20.-30",65536,12688
at_correlations,"20.-4",524288,47584
at_correlations,"20.-40",131072,15624
at_correlations,"20.-5",262144,16144
at_correlations,"20.0",524288,16128
at_correlations,"20.10",65536,13380
at_correlations,"20.12",65536,7776
at_correlations,"20.16",655360,41376
at_correlations,"20.20",393216,25368
at_correlations,"20.25",131072,4736
at_correlations,"20.28",327680,33752
at_correlations,"20.30",65536,12688
at_correlations,"20.4",524288,47584
at_correlations,"20.40",131072,15624
at_correlations,"20.5",262144,16144
at_correlations,"21.-14",131072,8920
at_correlations,"21.-15",131072,4224
at_correlations,"21.-18",65536,8256
at_correlations,"21.-21",1179648,114920
at_correlations,"21.-24",196608,15392
at_correlations,"21.-28",131072,12792
at_correlations,"21.-33",131072,18736
at_correlations,"21.-39",131072,22512
at_correlations,"21.-6",131072,23296
at_correlations,"21.-9",524288,39504
at_correlations,"21.14",131072,8920
at_correlations,"21.15",131072,4224
at_correlations,"21.18",65536,8256
at_correlations,"21.21",1179648,114920
at_correlations,"21.24",196608,15392
at_correlations,"21.28",131072,12792
at_correlations,"21.33",131072,18736
at_correlations,"21.39",131072,22512
at_correlations,"21.6",131072,23296
at_correlations,"21.9",524288,39504
at_correlations,"22.-10",65536,4856
at_correlations,"22.-13",393216,52824
at_correlations,"22.-14",262144,30488
at_correlations,"22.-2",131072,27176
at_correlations,"22.-20",589824,59836
at_correlations,"22.-23",65536,10872
at_correlations,"22.-26",65536,8240
at_correlations,"22.-27",131072,9064
at_correlations,"22.-28",65536,13380
at_correlations,"22.-32",262144,44488
at_correlations,"22.-33",262144,29280
at_correlations,"22.-34",65536,5400
at_correlations,"22.-38",196608,30848
at_correlations,"22.-8",458752,54780
at_correlations,"22.10",65536,4856
at_correlations,"22.13",393216,52824
at_correlations,"22.14",262144,30488
at_correlations,"22.2",131072,27176
at_correlations,"22.20",589824,59836
at_correlations,"22.23",65536,10872
at_correlations,"22.26",65536,8240
at_correlations,"22.27",131072,9064
at_correlations,"22.28",65536,13380
at_correlations,"22.32",262144,44488
at_correlations,"22.33",262144,29280
at_correlations,"22.34",65536,5400
at_correlations,"22.38",196608,30848
at_correlations,"22.8",458752,54780
at_correlations,"23.-22",262144,31200
at_correlations,"23.-29",131072,14528
at_correlations,"23.-31",131072,20240
at_correlations,"23.-32",65536,7312
at_correlations,"23.-37",65536,6984
at_correlations,"23.22",262144,31200
at_correlations,"23.29",131072,14528
at_correlations,"23.31",131072,20240
at_correlations,"23.32",65536,7312
at_correlations,"23.37",65536,6984
at_correlations,"24.-12",65536,3648
at_correlations,"24.-18",589824,52096
at_correlations,"24.-21",65536,8224
at_correlations,"24.-24",589824,62560
at_correlations,"24.-25",131072,5600
at_correlations,"24.-28",131072,3072
at_correlations,"24.-3",131072,9136
at_correlations,"24.-30",131072,17312
at_correlations,"24.-31",262144,26976
at_correlations,"24.-32",65536,6912
at_correlations,"24.-39",131072,15520
at_correlations,"24.-54",65536,7232
at_correlations,"24.-6",131072,23808
at_correlations,"24.-66",262144,28336
at_correlations,"24.12",65536,3648
at_correlations,"24.18",589824,52096
at_correlations,"24.21",65536,8224
at_correlations,"24.24",589824,62560
at_correlations,"24.25",131072,5600
at_correlations,"24.28",131072,3072
at_correlations,"24.3",131072,9136
at_correlations,"24.30",131072,17312
at_correlations,"24.31",262144,26976
at_correlations,"24.32",65536,6912
at_correlations,"24.39",131072,15520
at_correlations,"24.54",65536,7232
at_correlations,"24.6",131072,23808
at_correlations,"24.66",262144,28336
at_correlations,"25.-17",262144,24896
at_correlations,"25.-19",131072,23808
at_correlations,"25.-20",131072,4736
at_correlations,"25.-24",524288,12192
at_correlations,"25.-25",458752,46688
at_correlations,"25.-29",131072,4224
at_correlations,"25.-30",196608,36324
at_correlations,"25.-31",262144,25664
at_correlations,"25.-5",524288,40512
at_correlations,"25.0",524288,24288
at_correlations,"25.17",262144,24896
at_correlations,"25.19",131072,23808
at_correlations,"25.20",131072,4736
at_correlations,"25.24",524288,12192
at_correlations,"25.25",458752,46688
at_correlations,"25.29",131072,4224
at_correlations,"25.30",196608,36324
at_correlations,"25.31",262144,25664
at_correlations,"25.5",524288,40512
at_correlations,"26.-10",589824,49184
at_correlations,"26.-14",262144,32784
at_correlations,"26.-16",65536,11436
at_correlations,"26.-2",65536,5528
at_correlations,"26.-22",262144,29504
at_correlations,"26.-23",262144,27768
at_correlations,"26.-30",65536,6816
at_correlations,"26.-34",327680,46992
at_correlations,"26.-38",65536,4224
at_correlations,"26.-44",262144,44636
at_correlations,"26.-46",131072,16144
at_correlations,"26.-6",65536,6048
at_correlations,"26.10",589824,49184
at_correlations,"26.14",262144,32784
at_correlations,"26.16",65536,11436
at_correlations,"26.2",65536,5528
at_correlations,"26.22",262144,29504
at_correlations,"26.23",262144,27768
at_correlations,"26.30",65536,6816
at_correlations,"26.34",327680,46992
at_correlations,"26.38",65536,4224
at_correlations,"26.44",262144,44636
at_correlations,"26.46",131072,16144
at_correlations,"26.6",65536,6048
at_correlations,"27.-15",524288,54592
at_correlations,"27.-25",131072,17872
at_correlations,"27.-36",393216,22704
at_correlations,"27.-38",65536,9112
at_correlations,"27.-39",131072,33152
at_correlations,"27.-51",65536,5472
at_correlations,"27.-6",131072,21320
at_correlations,"27.-9",131072,18736
at_correlations,"27.15",524288,54592
at_correlations,"27.25",131072,17872
at_correlations,"27.36",393216,22704
at_correlations,"27.38",65536,9112
at_correlations,"27.39",131072,33152
at_correlations,"27.51",65536,5472
at_correlations,"27.6",131072,21320
at_correlations,"27.9",131072,18736
at_correlations,"28.-21",131072,12792
at_correlations,"28.-24",131072,3584
at_correlations,"28.-28",1245184,68048
at_correlations,"28.-35",196608,23272
at_correlations,"28.-37",65536,16392
at_correlations,"28.-38",65536,12324
at_correlations,"28.0",524288,40288
at_correlations,"28.21",131072,12792
at_correlations,"28.24",131072,3584
at_correlations,"28.28",1245184,68048
at_correlations,"28.35",196608,23272
at_correlations,"28.37",65536,16392
at_correlations,"28.38",65536,12324
at_correlations,"29.-1",262144,27200
at_correlations,"29.-11",131072,9216
at_correlations,"29.-20",655360,46624
at_correlations,"29.-27",524288,28496
at_correlations,"29.-34",131072,16704
at_correlations,"29.-37",131072,11728
at_correlations,"29.-41",262144,26688
at_correlations,"29.-43",131072,8256
at_correlations,"29.1",262144,27200
at_correlations,"29.11",131072,9216
at_correlations,"29.20",655360,46624
at_correlations,"29.27",524288,28496
at_correlations,"29.34",131072,16704
at_correlations,"29.37",131072,11728
at_correlations,"29.41",262144,26688
at_correlations,"29.43",131072,8256
at_correlations,"3.-1",524288,32256
at_correlations,"3.-11",524288,30080
at_correlations,"3.-12",262144,13232
at_correlations,"3.-18",262144,36624
at_correlations,"3.-2",524288,32256
at_correlations,"3.-21",524288,46592
at_correlations,"3.-24",262144,29736
at_correlations,"3.-3",4194304,421776
at_correlations,"3.-30",589824,70572
at_correlations,"3.-33",720896,73976
at_correlations,"3.-36",262144,20312
at_correlations,"3.-4",524288,32256
at_correlations,"3.-47",589824,39144
at_correlations,"3.-5",524288,32256
at_correlations,"3.-6",917504,70200
at_correlations,"3.-7",1048576,79904
at_correlations,"3.-8",524288,32256
at_correlations,"3.-9",524288,25136
at_correlations,"3.0",1048576,83120
at_correlations,"3.1",524288,32256
at_correlations,"3.11",524288,30080
at_correlations,"3.12",262144,13232
at_correlations,"3.18",262144,36624
at_correlations,"3.2",524288,32256
at_correlations,"3.21",524288,46592
at_correlations,"3.24",262144,29736
at_correlations,"3.3",4194304,421776
at_correlations,"3.30",589824,70572
at_correlations,"3.33",720896,73976
at_correlations,"3.36",262144,20312
at_correlations,"3.4",524288,32256
at_correlations,"3.47",589824,39144
at_correlations,"3.5",524288,32256
at_correlations,"3.6",917504,70200
at_correlations,"3.7",1048576,79904
at_correlations,"3.8",524288,32256
at_correlations,"3.9",524288,25136
at_correlations,"30.-18",65536,19268
at_correlations,"30.-20",65536,12688
at_correlations,"30.-25",196608,36324
at_correlations,"30.-26",131072,17136
at_correlations,"30.-30",1179648,143648
at_correlations,"30.-35",65536,3632
at_correlations,"30.-36",262144,22296
at_correlations,"30.-40",65536,4984
at_correlations,"30.-42",65536,9744
at_correlations,"30.-5",262144,40648
at_correlations,"30.-6",262144,35448
at_correlations,"30.0",524288,61920
at_correlations,"30.18",65536,19268
at_correlations,"30.20",65536,12688
at_correlations,"30.25",196608,36324
at_correlations,"30.26",131072,17136
at_correlations,"30.30",1179648,143648
at_correlations,"30.35",65536,3632
at_correlations,"30.36",262144,22296
at_correlations,"30.40",65536,4984
at_correlations,"30.42",65536,9744
at_correlations,"30.5",262144,40648
at_correlations,"30.6",262144,35448
at_correlations,"31.-11",524288,61312
at_correlations,"31.-13",131072,33152
at_correlations,"31.-24",131072,10888
at_correlations,"31.-25",524288,44784
at_correlations,"31.-29",131072,14992
at_correlations,"31.-35",131072,23808
at_correlations,"31.-4",131072,15712
at_correlations,"31.-41",131072,9408
at_correlations,"31.-46",262144,35688
at_correlations,"31.-9",131072,16016
at_correlations,"31.11",524288,61312
at_correlations,"31.13",131072,33152
at_correlations,"31.24",131072,10888
at_correlations,"31.25",524288,44784
at_correlations,"31.29",131072,14992
at_correlations,"31.35",131072,23808
at_correlations,"31.4",131072,15712
at_correlations,"31.41",131072,9408
at_correlations,"31.46",262144,35688
at_correlations,"31.9",131072,16016
at_correlations,"32.-16",393216,53052
at_correlations,"32.-17",262144,35328
at_correlations,"32.-18",65536,5344
at_correlations,"32.-22",65536,10960
at_correlations,"32.-24",65536,6912
at_correlations,"32.-31",262144,13168
at_correlations,"32.-32",983040,31088
at_correlations,"32.-38",131072,18992
at_correlations,"32.-4",65536,13280
at_correlations,"32.-40",262144,23108
at_correlations,"32.-48",65536,5552
at_correlations,"32.-52",196608,22520
at_correlations,"32.-68",262144,22432
at_correlations,"32.-8",65536,15824
at_correlations,"32.16",393216,53052
at_correlations,"32.17",262144,35328
at_correlations,"32.18",65536,5344
at_correlations,"32.22",65536,10960
at_correlations,"32.24",65536,6912
at_correlations,"32.31",262144,13168
at_correlations,"32.32",983040,31088
at_correlations,"32.38",131072,18992
at_correlations,"32.4",65536,13280
at_correlations,"32.40",262144,23108
at_correlations,"32.48",65536,5552
at_correlations,"32.52",196608,22520
at_correlations,"32.68",262144,22432
at_correlations,"32.8",65536,15824
at_correlations,"33.-22",65536,9984
at_correlations,"33.-27",65536,4788
at_correlations,"33.-32",65536,12444
at_correlations,"33.22",65536,9984
at_correlations,"33.27",65536,4788
at_correlations,"33.32",65536,12444
at_correlations,"34.-1",131072,23600
at_correlations,"34.-10",131072,9864
at_correlations,"34.-14",262144,21168
at_correlations,"34.-22",524288,53104
at_correlations,"34.-30",524288,24384
at_correlations,"34.-31",327680,28580
at_correlations,"34.-36",65536,11040
at_correlations,"34.-43",131072,21144
at_correlations,"34.-44",262144,25952
at_correlations,"34.-46",262144,21552
at_correlations,"34.-50",131072,16184
at_correlations,"34.-54",131072,11184
at_correlations,"34.-8",262144,25976
at_correlations,"34.1",131072,23600
at_correlations,"34.10",131072,9864
at_correlations,"34.14",262144,21168
at_correlations,"34.22",524288,53104
at_correlations,"34.30",524288,24384
at_correlations,"34.31",327680,28580
at_correlations,"34.36",65536,11040
at_correlations,"34.43",131072,21144
at_correlations,"34.44",262144,25952
at_correlations,"34.46",262144,21552
at_correlations,"34.50",131072,16184
at_correlations,"34.54",131072,11184
at_correlations,"34.8",262144,25976
at_correlations,"35.-28",65536,8424
at_correlations,"35.-30",65536,3888
at_correlations,"35.-31",131072,14512
at_correlations,"35.-35",458752,37472
at_correlations,"35.-42",65536,6544
at_correlations,"35.28",65536,8424
at_correlations,"35.30",65536,3888
at_correlations,"35.31",131072,14512
at_correlations,"35.35",458752,37472
at_correlations,"35.42",65536,6544
at_correlations,"36.-27",393216,36208
at_correlations,"36.-28",262144,34496
at_correlations,"36.-29",131072,19104
at_correlations,"36.-30",262144,22296
at_correlations,"36.-34",262144,30064
at_correlations,"36.-36",1376256,97584
at_correlations,"36.-4",65536,6704
at_correlations,"36.-41",131072,10216
at_correlations,"36.-42",131072,15744
at_correlations,"36.-44",65536,5952
at_correlations,"36.-48",65536,13248
at_correlations,"36.-54",65536,8496
at_correlations,"36.-6",589824,70564
at_correlations,"36.0",655360,48672
at_correlations,"36.27",393216,36208
at_correlations,"36.28",262144,34496
at_correlations,"36.29",131072,19104
at_correlations,"36.30",262144,22296
at_correlations,"36.34",262144,30064
at_correlations,"36.36",1376256,97584
at_correlations,"36.4",65536,6704
at_correlations,"36.41",131072,10216
at_correlations,"36.42",131072,15744
at_correlations,"36.44",65536,5952
at_correlations,"36.48",65536,13248
at_correlations,"36.54",65536,8496
at_correlations,"36.6",589824,70564
at_correlations,"37.-12",524288,39904
at_correlations,"37.-19",131072,8064
at_correlations,"37.-23",262144,26880
at_correlations,"37.-35",524288,31456
at_correlations,"37.-44",131072,7840
at_correlations,"37.-47",262144,26304
at_correlations,"37.12",524288,39904
at_correlations,"37.19",131072,8064
at_correlations,"37.23",262144,26880
at_correlations,"37.35",524288,31456
at_correlations,"37.44",131072,7840
at_correlations,"37.47",262144,26304
at_correlations,"38.-14",131072,11712
at_correlations,"38.-17",131072,12744
at_correlations,"38.-18",524288,52000
at_correlations,"38.-32",65536,8704
at_correlations,"38.-34",131072,13208
at_correlations,"38.-37",65536,9304
at_correlations,"38.-50",131072,8280
at_correlations,"38.-53",131072,13888
at_correlations,"38.14",131072,11712
at_correlations,"38.17",131072,12744
at_correlations,"38.18",524288,52000
at_correlations,"38.32",65536,8704
at_correlations,"38.34",131072,13208
at_correlations,"38.37",65536,9304
at_correlations,"38.50",131072,8280
at_correlations,"38.53",131072,13888
at_correlations,"39.-33",655360,65680
at_correlations,"39.-39",131072,15376
at_correlations,"39.-49",131072,15824
at_correlations,"39.-6",131072,11704
at_correlations,"39.0",524288,18432
at_correlations,"39.33",655360,65680
at_correlations,"39.39",131072,15376
at_correlations,"39.49",131072,15824
at_correlations,"39.6",131072,11704
at_correlations,"4.-1",655360,48264
at_correlations,"4.-10",589824,59804
at_correlations,"4.-12",262144,15680
at_correlations,"4.-14",1048576,102672
at_correlations,"4.-16",524288,15168
at_correlations,"4.-17",262144,21792
at_correlations,"4.-2",1245184,93204
at_correlations,"4.-20",393216,33472
at_correlations,"4.-22",131072,20128
at_correlations,"4.-26",655360,73176
at_correlations,"4.-28",393216,57392
at_correlations,"4.-3",524288,32256
at_correlations,"4.-36",262144,27840
at_correlations,"4.-4",4194304,370472
at_correlations,"4.-40",524288,27952
at_correlations,"4.-44",393216,33936
at_correlations,"4.-5",786432,57688
at_correlations,"4.-6",655360,46176
at_correlations,"4.-7",524288,32256
at_correlations,"4.-8",589824,36864
at_correlations,"4.-9",65536,12380
at_correlations,"4.0",1048576,64512
at_correlations,"4.1",655360,48264
at_correlations,"4.10",589824,59804
at_correlations,"4.12",262144,15680
at_correlations,"4.14",1048576,102672
at_correlations,"4.16",524288,15168
at_correlations,"4.17",262144,21792
at_correlations,"4.2",1245184,93204
at_correlations,"4.20",393216,33472
at_correlations,"4.22",131072,20128
at_correlations,"4.26",655360,73176
at_correlations,"4.28",393216,57392
at_correlations,"4.3",524288,32256
at_correlations,"4.36",262144,27840
at_correlations,"4.4",4194304,370472
at_correlations,"4.40",524288,27952
at_correlations,"4.44",393216,33936
at_correlations,"4.5",786432,57688
at_correlations,"4.6",655360,46176
at_correlations,"4.7",524288,32256
at_correlations,"4.8",589824,36864
at_correlations,"4.9",65536,12380
at_correlations,"40.-24",524288,35584
at_correlations,"40.-30",65536,11320
at_correlations,"40.-32",327680,14128
at_correlations,"40.-37",65536,12072
at_correlations,"40.-38",131072,22312
at_correlations,"40.-40",393216,17872
at_correlations,"40.-41",131072,6144
at_correlations,"40.-50",65536,12996
at_correlations,"40.-56",262144,9984
at_correlations,"40.-58",131072,16736
at_correlations,"40.-70",262144,32880
at_correlations,"40.-8",262144,11136
at_correlations,"40.24",524288,35584
at_correlations,"40.30",65536,11320
at_correlations,"40.32",327680,14128
at_correlations,"40.37",65536,12072
at_correlations,"40.38",131072,22312
at_correlations,"40.40",393216,17872
at_correlations,"40.41",131072,6144
at_correlations,"40.50",65536,12996
at_correlations,"40.56",262144,9984
at_correlations,"40.58",131072,16736
at_correlations,"40.70",262144,32880
at_correlations,"40.8",262144,11136
at_correlations,"41.-36",262144,26976
at_correlations,"41.-37",131072,14928
at_correlations,"41.-40",524288,18432
at_correlations,"41.-49",65536,10740
at_correlations,"41.-50",65536,10184
at_correlations,"41.36",262144,26976
at_correlations,"41.37",131072,14928
at_correlations,"41.40",524288,18432
at_correlations,"41.49",65536,10740
at_correlations,"41.50",65536,10184
at_correlations,"42.-12",65536,8592
at_correlations,"42.-2",131072,12336
at_correlations,"42.-28",65536,12276
at_correlations,"42.-30",589824,52176
at_correlations,"42.-35",65536,6544
at_correlations,"42.-36",262144,37024
at_correlations,"42.-38",262144,26384
at_correlations,"42.-39",262144,31536
at_correlations,"42.-42",589824,79216
at_correlations,"42.-48",65536,11248
at_correlations,"42.-49",131072,7488
at_correlations,"42.-54",65536,6120
at_correlations,"42.-56",65536,7352
at_correlations,"42.-57",131072,11320
at_correlations,"42.-6",262144,34240
at_correlations,"42.-7",262144,37848
at_correlations,"42.0",524288,55488
at_correlations,"42.12",65536,8592
at_correlations,"42.2",131072,12336
at_correlations,"42.28",65536,12276
at_correlations,"42.30",589824,52176
at_correlations,"42.35",65536,6544
at_correlations,"42.36",262144,37024
at_correlations,"42.38",262144,26384
at_correlations,"42.39",262144,31536
at_correlations,"42.42",589824,79216
at_correlations,"42.48",65536,11248
at_correlations,"42.49",131072,7488
at_correlations,"42.54",65536,6120
at_correlations,"42.56",65536,7352
at_correlations,"42.57",131072,11320
at_correlations,"42.6",262144,34240
at_correlations,"42.7",262144,37848
at_correlations,"43.-13",524288,59024
at_correlations,"43.-22",131072,13888
at_correlations,"43.-29",65536,4848
at_correlations,"43.-34",65536,11352
at_correlations,"43.-35",131072,13344
at_correlations,"43.-38",65536,13432
at_correlations,"43.-41",65536,7392
at_correlations,"43.-48",131072,18528
at_correlations,"43.-61",131072,9600
at_correlations,"43.13",524288,59024
at_correlations,"43.22",131072,13888
at_correlations,"43.29",65536,4848
at_correlations,"43.34",65536,11352
at_correlations,"43.35",131072,13344
at_correlations,"43.38",65536,13432
at_correlations,"43.41",65536,7392
at_correlations,"43.48",131072,18528
at_correlations,"43.61",131072,9600
at_correlations,"44.-16",65536,6304
at_correlations,"44.-19",262144,31664
at_correlations,"44.-20",262144,37472
at_correlations,"44.-26",65536,13844
at_correlations,"44.-28",65536,6408
at_correlations,"44.-34",65536,10592
at_correlations,"44.-36",131072,20960
at_correlations,"44.-37",262144,12672
at_correlations,"44.-40",196608,27112
at_correlations,"44.-47",65536,7432
at_correlations,"44.-52",65536,9500
at_correlations,"44.-54",65536,12180
at_correlations,"44.-64",65536,1920
at_correlations,"44.-8",262144,9216
at_correlations,"44.16",65536,6304
at_correlations,"44.19",262144,31664
at_correlations,"44.20",262144,37472
at_correlations,"44.26",65536,13844
at_correlations,"44.28",65536,6408
at_correlations,"44.34",65536,10592
at_correlations,"44.36",131072,20960
at_correlations,"44.37",262144,12672
at_correlations,"44.40",196608,27112
at_correlations,"44.47",65536,7432
at_correlations,"44.52",65536,9500
at_correlations,"44.54",65536,12180
at_correlations,"44.64",65536,1920
at_correlations,"44.8",262144,9216
at_correlations,"45.-36",524288,26304
at_correlations,"45.-39",262144,26720
at_correlations,"45.-45",589824,29312
at_correlations,"45.36",524288,26304
at_correlations,"45.39",262144,26720
at_correlations,"45.45",589824,29312
at_correlations,"46.-19",131072,8896
at_correlations,"46.-26",524288,47360
at_correlations,"46.-34",262144,29520
at_correlations,"46.-42",131072,18048
at_correlations,"46.-44",524288,48576
at_correlations,"46.-58",131072,11712
at_correlations,"46.19",131072,8896
at_correlations,"46.26",524288,47360
at_correlations,"46.34",262144,29520
at_correlations,"46.42",131072,18048
at_correlations,"46.44",524288,48576
at_correlations,"46.58",131072,11712
at_correlations,"47.-37",65536,7656
at_correlations,"47.-41",262144,30192
at_correlations,"47.-44",327680,36944
at_correlations,"47.37",65536,7656
at_correlations,"47.41",262144,30192
at_correlations,"47.44",327680,36944
at_correlations,"48.-12",65536,2208
at_correlations,"48.-32",262144,26336
at_correlations,"48.-33",327680,38872
at_correlations,"48.-42",720896,71864
at_correlations,"48.-48",131072,4608
at_correlations,"48.-57",262144,20544
at_correlations,"48.-60",65536,4160
at_correlations,"48.-73",262144,18192
at_correlations,"48.0",524288,8192
at_correlations,"48.12",65536,2208
at_correlations,"48.32",262144,26336
at_correlations,"48.33",327680,38872
at_correlations,"48.42",720896,71864
at_correlations,"48.48",131072,4608
at_correlations,"48.57",262144,20544
at_correlations,"48.60",65536,4160
at_correlations,"48.73",262144,18192
at_correlations,"49.-39",65536,9564
at_correlations,"49.-41",131072,19352
at_correlations,"49.-42",131072,8064
at_correlations,"49.-49",393216,27872
at_correlations,"49.-55",131072,12288
at_correlations,"49.-56",131072,13808
at_correlations,"49.-7",524288,29088
at_correlations,"49.0",524288,8160
at_correlations,"49.39",65536,9564
at_correlations,"49.41",131072,19352
at_correlations,"49.42",131072,8064
at_correlations,"49.49",393216,27872
at_correlations,"49.55",131072,12288
at_correlations,"49.56",131072,13808
at_correlations,"49.7",524288,29088
at_correlations,"5.-1",786432,52736
at_correlations,"5.-10",327680,40624
at_correlations,"5.-13",524288,31456
at_correlations,"5.-17",524288,70352
at_correlations,"5.-19",524288,46080
at_correlations,"5.-2",524288,32256
at_correlations,"5.-20",262144,16144
at_correlations,"5.-23",524288,55616
at_correlations,"5.-25",524288,40512
at_correlations,"5.-3",524288,32256
at_correlations,"5.-30",262144,40712
at_correlations,"5.-31",524288,34784
at_correlations,"5.-4",1048576,68256
at_correlations,"5.-40",262144,33376
at_correlations,"5.-5",3145728,317568
at_correlations,"5.-50",262144,30304
at_correlations,"5.-6",524288,32256
at_correlations,"5.-7",786432,52736
at_correlations,"5.-8",524288,32256
at_correlations,"5.0",786432,59040
at_correlations,"5.1",786432,52736
at_correlations,"5.10",327680,40624
at_correlations,"5.13",524288,31456
at_correlations,"5.17",524288,70352
at_correlations,"5.19",524288,46080
at_correlations,"5.2",524288,32256
at_correlations,"5.20",262144,16144
at_correlations,"5.23",524288,55616
at_correlations,"5.25",524288,40512
at_correlations,"5.3",524288,32256
at_correlations,"5.30",262144,40712
at_correlations,"5.31",524288,34784
at_correlations,"5.4",1048576,68256
at_correlations,"5.40",262144,33376
at_correlations,"5.5",3145728,317568
at_correlations,"5.50",262144,30304
at_correlations,"5.6",524288,32256
at_correlations,"5.7",786432,52736
at_correlations,"5.8",524288,32256
at_correlations,"50.-14",524288,26432
at_correlations,"50.-34",262144,27216
at_correlations,"50.-38",131072,18272
at_correlations,"50.-40",262144,23712
at_correlations,"50.-41",65536,13416
at_correlations,"50.-46",131072,15120
at_correlations,"50.-48",65536,12664
at_correlations,"50.-49",262144,34304
at_correlations,"50.-50",524288,42528
at_correlations,"50.-62",262144,25296
at_correlations,"50.14",524288,26432
at_correlations,"50.34",262144,27216
at_correlations,"50.38",131072,18272
at_correlations,"50.40",262144,23712
at_correlations,"50.41",65536,13416
at_correlations,"50.46",131072,15120
at_correlations,"50.48",65536,12664
at_correlations,"50.49",262144,34304
at_correlations,"50.50",524288,42528
at_correlations,"50.62",262144,25296
at_correlations,"51.-21",524288,46688
at_correlations,"51.-27",131072,9984
at_correlations,"51.-39",720896,71408
at_correlations,"51.-48",65536,8512
at_correlations,"51.-66",131072,8768
at_correlations,"51.21",524288,46688
at_correlations,"51.27",131072,9984
at_correlations,"51.39",720896,71408
at_correlations,"51.48",65536,8512
at_correlations,"51.66",131072,8768
at_correlations,"52.-38",65536,7776
at_correlations,"52.-44",262144,32992
at_correlations,"52.-47",131072,13904
at_correlations,"52.-48",524288,30592
at_correlations,"52.-52",131072,6656
at_correlations,"52.-56",65536,4224
at_correlations,"52.-8",262144,16392
at_correlations,"52.38",65536,7776
at_correlations,"52.44",262144,32992
at_correlations,"52.47",131072,13904
at_correlations,"52.48",524288,30592
at_correlations,"52.52",131072,6656
at_correlations,"52.56",65536,4224
at_correlations,"52.8",262144,16392
at_correlations,"53.-28",524288,26368
at_correlations,"53.28",524288,26368
at_correlations,"54.-34",65536,8596
at_correlations,"54.-36",131072,15064
at_correlations,"54.-45",589824,70520
at_correlations,"54.-46",524288,73712
at_correlations,"54.34",65536,8596
at_correlations,"54.36",131072,15064
at_correlations,"54.45",589824,70520
at_correlations,"54.46",524288,73712
at_correlations,"55.-35",524288,31424
at_correlations,"55.-49",131072,16336
at_correlations,"55.-55",655360,75824
at_correlations,"55.0",524288,36384
at_correlations,"55.35",524288,31424
at_correlations,"55.49",131072,16336
at_correlations,"55.55",655360,75824
at_correlations,"56.-40",131072,6656
at_correlations,"56.-42",65536,7824
at_correlations,"56.-44",131072,15560
at_correlations,"56.-49",131072,14304
at_correlations,"56.-52",262144,15616
at_correlations,"56.-54",524288,53696
at_correlations,"56.-56",393216,37896
at_correlations,"56.-64",196608,14424
at_correlations,"56.-7",262144,11216
at_correlations,"56.-70",65536,10160
at_correlations,"56.-76",262144,16392
at_correlations,"56.-8",262144,19264
at_correlations,"56.0",524288,12144
at_correlations,"56.40",131072,6656
at_correlations,"56.42",65536,7824
at_correlations,"56.44",131072,15560
at_correlations,"56.49",131072,14304
at_correlations,"56.52",262144,15616
at_correlations,"56.54",524288,53696
at_correlations,"56.56",393216,37896
at_correlations,"56.64",196608,14424
at_correlations,"56.7",262144,11216
at_correlations,"56.70",65536,10160
at_correlations,"56.76",262144,16392
at_correlations,"56.8",262144,19264
at_correlations,"57.-15",524288,32480
at_correlations,"57.-42",393216,38728
at_correlations,"57.-48",196608,21688
at_correlations,"57.-51",65536,8208
at_correlations,"57.-53",65536,17952
at_correlations,"57.-63",131072,18584
at_correlations,"57.15",524288,32480
at_correlations,"57.42",393216,38728
at_correlations,"57.48",196608,21688
at_correlations,"57.51",65536,8208
at_correlations,"57.53",65536,17952
at_correlations,"57.63",131072,18584
at_correlations,"58.-22",262144,24288
at_correlations,"58.-23",262144,34752
at_correlations,"58.-40",65536,11192
at_correlations,"58.-42",655360,27072
at_correlations,"58.-46",65536,6432
at_correlations,"58.-52",720896,84088
at_correlations,"58.-63",65536,10752
at_correlations,"58.-68",65536,13428
at_correlations,"58.-8",262144,33296
at_correlations,"58.22",262144,24288
at_correlations,"58.23",262144,34752
at_correlations,"58.40",65536,11192
at_correlations,"58.42",655360,27072
at_correlations,"58.46",65536,6432
at_correlations,"58.52",720896,84088
at_correlations,"58.63",65536,10752
at_correlations,"58.68",65536,13428
at_correlations,"58.8",262144,33296
at_correlations,"59.-49",131072,22336
at_correlations,"59.49",131072,22336
at_correlations,"6.-1",524288,32256
at_correlations,"6.-10",65536,4296
at_correlations,"6.-12",65536,7408
at_correlations,"6.-16",524288,54624
at_correlations,"6.-18",393216,43312
at_correlations,"6.-2",851968,66368
at_correlations,"6.-20",524288,44352
at_correlations,"6.-24",589824,53408
at_correlations,"6.-27",65536,11064
at_correlations,"6.-3",917504,70200
at_correlations,"6.-30",786432,77880
at_correlations,"6.-34",524288,53152
at_correlations,"6.-36",524288,57696
at_correlations,"6.-39",262144,19104
at_correlations,"6.-4",655360,46176
at_correlations,"6.-42",262144,36320
at_correlations,"6.-5",524288,32256
at_correlations,"6.-54",262144,26472
at_correlations,"6.-6",4456448,473232
at_correlations,"6.-7",524288,32256
at_correlations,"6.-8",524288,32256
at_correlations,"6.-9",524288,50392
at_correlations,"6.0",1179648,97176
at_correlations,"6.1",524288,32256
at_correlations,"6.10",65536,4296
at_correlations,"6.12",65536,7408
at_correlations,"6.16",524288,54624
at_correlations,"6.18",393216,43312
at_correlations,"6.2",851968,66368
at_correlations,"6.20",524288,44352
at_correlations,"6.24",589824,53408
at_correlations,"6.27",65536,11064
at_correlations,"6.3",917504,70200
at_correlations,"6.30",786432,77880
at_correlations,"6.34",524288,53152
at_correlations,"6.36",524288,57696
at_correlations,"6.39",262144,19104
at_correlations,"6.4",655360,46176
at_correlations,"6.42",262144,36320
at_correlations,"6.5",524288,32256
at_correlations,"6.54",262144,26472
at_correlations,"6.6",4456448,473232
at_correlations,"6.7",524288,32256
at_correlations,"6.8",524288,32256
at_correlations,"6.9",524288,50392
at_correlations,"60.-30",524288,40880
at_correlations,"60.-48",196608,20816
at_correlations,"60.-50",196608,27288
at_correlations,"60.-57",65536,5168
at_correlations,"60.-60",393216,59328
at_correlations,"60.-61",131072,20592
at_correlations,"60.0",524288,47232
at_correlations,"60.30",524288,40880
at_correlations,"60.48",196608,20816
at_correlations,"60.50",196608,27288
at_correlations,"60.57",65536,5168
at_correlations,"60.60",393216,59328
at_correlations,"60.61",131072,20592
at_correlations,"61.-43",65536,5664
at_correlations,"61.-49",917504,72960
at_correlations,"61.-56",65536,15720
at_correlations,"61.-60",524288,47712
at_correlations,"61.43",65536,5664
at_correlations,"61.49",917504,72960
at_correlations,"61.56",65536,15720
at_correlations,"61.60",524288,47712
at_correlations,"62.-37",262144,27952
at_correlations,"62.-38",262144,24584
at_correlations,"62.-50",131072,16928
at_correlations,"62.-55",65536,11960
at_correlations,"62.-58",262144,39648
at_correlations,"62.-59",262144,35096
at_correlations,"62.-68",65536,11040
at_correlations,"62.-8",262144,30240
at_correlations,"62.37",262144,27952
at_correlations,"62.38",262144,24584
at_correlations,"62.50",131072,16928
at_correlations,"62.55",65536,11960
at_correlations,"62.58",262144,39648
at_correlations,"62.59",262144,35096
at_correlations,"62.68",65536,11040
at_correlations,"62.8",262144,30240
at_correlations,"63.-57",65536,10992
at_correlations,"63.-58",262144,32352
at_correlations,"63.-63",131072,17056
at_correlations,"63.0",524288,24576
at_correlations,"63.57",65536,10992
at_correlations,"63.58",262144,32352
at_correlations,"63.63",131072,17056
at_correlations,"64.-44",131072,4608
at_correlations,"64.-56",458752,59388
at_correlations,"64.-64",589824,13568
at_correlations,"64.-71",196608,21412
at_correlations,"64.-8",786432,19968
at_correlations,"64.-80",262144,4096
at_correlations,"64.0",786432,0
at_correlations,"64.44",131072,4608
at_correlations,"64.56",458752,59388
at_correlations,"64.64",589824,13568
at_correlations,"64.71",196608,21412
at_correlations,"64.8",786432,19968
at_correlations,"64.80",262144,4096
at_correlations,"65.-16",524288,14336
at_correlations,"65.-45",589824,35144
at_correlations,"65.-56",589824,28768
at_correlations,"65.16",524288,14336
at_correlations,"65.45",589824,35144
at_correlations,"65.56",589824,28768
at_correlations,"66.-24",524288,43840
at_correlations,"66.-51",262144,14848
at_correlations,"66.-54",131072,16864
at_correlations,"66.-66",655360,91616
at_correlations,"66.24",524288,43840
at_correlations,"66.51",262144,14848
at_correlations,"66.54",131072,16864
at_correlations,"66.66",655360,91616
at_correlations,"67.-65",524288,68880
at_correlations,"67.65",524288,68880
at_correlations,"68.-32",524288,28512
at_correlations,"68.-52",393216,33136
at_correlations,"68.-53",327680,24424
at_correlations,"68.-58",131072,24112
at_correlations,"68.-62",262144,27872
at_correlations,"68.-64",65536,15528
at_correlations,"68.32",524288,28512
at_correlations,"68.52",393216,33136
at_correlations,"68.53",327680,24424
at_correlations,"68.58",131072,24112
at_correlations,"68.62",262144,27872
at_correlations,"68.64",65536,15528
at_correlations,"69.-63",524288,37056
at_correlations,"69.63",524288,37056
at_correlations,"7.-1",524288,32256
at_correlations,"7.-13",131072,7616
at_correlations,"7.-14",262144,28096
at_correlations,"7.-19",524288,54400
at_correlations,"7.-2",655360,44608
at_correlations,"7.-20",65536,4592
at_correlations,"7.-28",262144,35704
at_correlations,"7.-29",524288,38848
at_correlations,"7.-3",655360,42296
at_correlations,"7.-37",917504,72704
at_correlations,"7.-4",524288,32256
at_correlations,"7.-42",262144,38984
at_correlations,"7.-43",524288,34656
at_correlations,"7.-47",524288,48288
at_correlations,"7.-49",524288,32912
at_correlations,"7.-5",1048576,80400
at_correlations,"7.-56",262144,13984
at_correlations,"7.-6",524288,32256
at_correlations,"7.-7",2949120,280184
at_correlations,"7.-8",720896,55756
at_correlations,"7.0",786432,43840
at_correlations,"7.1",524288,32256
at_correlations,"7.13",131072,7616
at_correlations,"7.14",262144,28096
at_correlations,"7.19",524288,54400
at_correlations,"7.2",655360,44608
at_correlations,"7.20",65536,4592
at_correlations,"7.28",262144,35704
at_correlations,"7.29",524288,38848
at_correlations,"7.3",655360,42296
at_correlations,"7.37",917504,72704
at_correlations,"7.4",524288,32256
at_correlations,"7.42",262144,38984
at_correlations,"7.43",524288,34656
at_correlations,"7.47",524288,48288
at_correlations,"7.49",524288,32912
at_correlations,"7.5",1048576,80400
at_correlations,"7.56",262144,13984
at_correlations,"7.6",524288,32256
at_correlations,"7.7",2949120,280184
at_correlations,"7.8",720896,55756
at_correlations,"70.-40",524288,48736
at_correlations,"70.-56",131072,19400
at_correlations,"70.-70",131072,18080
at_correlations,"70.40",524288,48736
at_correlations,"70.56",131072,19400
at_correlations,"70.70",131072,18080
at_correlations,"71.-59",65536,6272
at_correlations,"71.-61",131072,17104
at_correlations,"71.-64",262144,23856
at_correlations,"71.59",65536,6272
at_correlations,"71.61",131072,17104
at_correlations,"71.64",262144,23856
at_correlations,"72.-60",524288,24880
at_correlations,"72.-71",262144,41576
at_correlations,"72.-72",720896,77216
at_correlations,"72.-84",262144,9216
at_correlations,"72.60",524288,24880
at_correlations,"72.71",262144,41576
at_correlations,"72.72",720896,77216
at_correlations,"72.84",262144,9216
at_correlations,"73.-48",524288,20000
at_correlations,"73.48",524288,20000
at_correlations,"74.-56",65536,7424
at_correlations,"74.-69",65536,10456
at_correlations,"74.-70",524288,30144
at_correlations,"74.56",65536,7424
at_correlations,"74.69",65536,10456
at_correlations,"74.70",524288,30144
at_correlations,"76.-56",524288,25664
at_correlations,"76.-64",131072,17072
at_correlations,"76.-67",262144,18776
at_correlations,"76.-68",262144,18344
at_correlations,"76.56",524288,25664
at_correlations,"76.64",131072,17072
at_correlations,"76.67",262144,18776
at_correlations,"76.68",262144,18344
at_correlations,"78.-72",65536,13208
at_correlations,"78.-78",524288,55104
at_correlations,"78.72",65536,13208
at_correlations,"78.78",524288,55104
at_correlations,"79.-77",524288,52992
at_correlations,"79.77",524288,52992
at_correlations,"8.-1",524288,32256
at_correlations,"8.-10",65536,12444
at_correlations,"8.-12",65536,512
at_correlations,"8.-16",65536,7080
at_correlations,"8.-19",65536,8320
at_correlations,"8.-2",589824,43428
at_correlations,"8.-20",196608,26728
at_correlations,"8.-22",524288,52880
at_correlations,"8.-24",262144,34496
at_correlations,"8.-3",524288,32256
at_correlations,"8.-32",131072,17368
at_correlations,"8.-34",524288,45936
at_correlations,"8.-4",589824,36864
at_correlations,"8.-40",393216,43904
at_correlations,"8.-44",524288,15360
at_correlations,"8.-5",524288,32256
at_correlations,"8.-52",524288,25664
at_correlations,"8.-56",262144,21952
at_correlations,"8.-58",524288,49664
at_correlations,"8.-6",524288,32256
at_correlations,"8.-62",524288,46208
at_correlations,"8.-64",786432,20736
at_correlations,"8.-7",851968,69860
at_correlations,"8.-8",4128768,343576
at_correlations,"8.0",655360,40848
at_correlations,"8.1",524288,32256
at_correlations,"8.10",65536,12444
at_correlations,"8.12",65536,512
at_correlations,"8.16",65536,7080
at_correlations,"8.19",65536,8320
at_correlations,"8.2",589824,43428
at_correlations,"8.20",196608,26728
at_correlations,"8.22",524288,52880
at_correlations,"8.24",262144,34496
at_correlations,"8.3",524288,32256
at_correlations,"8.32",131072,17368
at_correlations,"8.34",524288,45936
at_correlations,"8.4",589824,36864
at_correlations,"8.40",393216,43904
at_correlations,"8.44",524288,15360
at_correlations,"8.5",524288,32256
at_correlations,"8.52",524288,25664
at_correlations,"8.56",262144,21952
at_correlations,"8.58",524288,49664
at_correlations,"8.6",524288,32256
at_correlations,"8.62",524288,46208
at_correlations,"8.64",786432,20736
at_correlations,"8.7",851968,69860
at_correlations,"8.8",4128768,343576
at_correlations,"80.-64",524288,6144
at_correlations,"80.-89",262144,9216
at_correlations,"80.64",524288,6144
at_correlations,"80.89",262144,9216
at_correlations,"81.-75",524288,32288
at_correlations,"81.75",524288,32288
at_correlations,"84.-72",524288,15360
at_correlations,"84.-84",131072,15968
at_correlations,"84.-85",131072,15744
at_correlations,"84.72",524288,15360
at_correlations,"84.84",131072,15968
at_correlations,"84.85",131072,15744
at_correlations,"85.-84",524288,30400
at_correlations,"85.84",524288,30400
at_correlations,"86.-82",262144,28304
at_correlations,"86.-83",262144,31536
at_correlations,"86.82",262144,28304
at_correlations,"86.83",262144,31536
at_correlations,"88.-94",262144,25976
at_correlations,"88.94",262144,25976
at_correlations,"89.-80",524288,14336
at_correlations,"89.80",524288,14336
at_correlations,"9.-11",131072,10040
at_correlations,"9.-12",131072,13488
at_correlations,"9.-18",262144,31536
at_correlations,"9.-27",65536,7680
at_correlations,"9.-3",524288,25136
at_correlations,"9.-30",65536,12552
at_correlations,"9.-31",65536,9468
at_correlations,"9.-36",327680,39416
at_correlations,"9.-5",131072,16208
at_correlations,"9.-54",262144,35824
at_correlations,"9.-6",196608,17016
at_correlations,"9.-9",1441792,159600
at_correlations,"9.0",786432,20448
at_correlations,"9.11",131072,10040
at_correlations,"9.12",131072,13488
at_correlations,"9.18",262144,31536
at_correlations,"9.27",65536,7680
at_correlations,"9.3",524288,25136
at_correlations,"9.30",65536,12552
at_correlations,"9.31",65536,9468
at_correlations,"9.36",327680,39416
at_correlations,"9.5",131072,16208
at_correlations,"9.54",262144,35824
at_correlations,"9.6",196608,17016
at_correlations,"9.9",1441792,159600
at_correlations,"91.-91",524288,39488
at_correlations,"91.91",524288,39488
at_correlations,"92.-90",524288,41952
at_correlations,"92.90",524288,41952
at_correlations,"94.-88",524288,45936
at_correlations,"94.88",524288,45936
at_correlations,"96.-100",262144,20144
at_correlations,"96.100",262144,20144
at_correlations,"98.-97",262144,28584
at_correlations,"98.-98",524288,31104
at_correlations,"98.97",262144,28584
at_correlations,"98.98",524288,31104
