rank,feature_value,p_num,p_den,A_num,A_den,s_bits,g_bits
1,-14.-4,1,23104,2926988,469987,14.49585502688717,2.63872407400978
2,-14.4,1,11552,2926988,469987,13.49585502688717,2.63872407400978
3,14.-4,3,23104,2926988,469987,12.910892526166014,2.63872407400978
4,14.4,1,5776,2926988,469987,12.49585502688717,2.63872407400978
5,15.-48,5,23104,14551188,2349935,12.173926931999809,2.6304441866111734
6,15.48,3,11552,8697212,1409961,11.910892526166014,2.6248977434047176
7,-60.-39,7,23104,20228996,3289909,11.688500104829567,2.620305134036763
8,-60.39,1,2888,2882946,469987,11.49585502688717,2.616851057175929
9,60.-39,9,23104,25865650,4229883,11.325930025444858,2.612347783137439
10,60.39,5,11552,14333866,2349935,11.173926931999809,2.6087350156510998
11,-15.-48,11,23104,4494450,738551,11.036423408249874,2.6053751258059936
12,-15.48,3,5776,8563642,1409961,10.910892526166014,2.602569227891046
13,36.-54,13,23104,36876872,6109831,10.79541530874608,2.5935119072321644
14,36.54,7,11552,19749588,3289909,10.688500104829567,2.5857029730711982
15,-42.-12,15,23104,6009928,1007115,10.588964431278653,2.5771192767273012
16,-42.12,1,1444,5579977,939974,10.49585502688717,2.569566418429629
17,-13.-22,9,11552,24881564,4229883,10.325930025444858,2.5563875093583652
18,-13.22,5,5776,392046,67141,10.173926931999809,2.545757010404847
19,13.-22,11,11552,2727716,469987,10.036423408249874,2.537000686931251
20,13.22,3,2888,8141633,1409961,9.910892526166014,2.529662932907217
21,42.-12,25,23104,67677392,11749675,9.851998837112447,2.526053122266075
22,42.12,13,11552,35110860,6109831,9.79541530874608,2.522712953527849
23,-27.-38,27,23104,72761716,12689649,9.740967524723702,2.519527403370158
24,-27.38,7,5776,18825428,3289909,9.688500104829567,2.5165630810499136
25,-38.-37,29,23104,11118800,1947089,9.6378740317596,2.513610357942539
26,-38.37,15,11552,40180744,7049805,9.588964431278653,2.510849019997752
27,38.-37,31,23104,82891376,14569597,9.541658716500296,2.5082610393433593
28,38.37,1,722,5338829,939974,9.49585502688717,2.505830583927841
29,-48.-15,17,11552,45219582,7989779,9.408392185636831,2.5007201528082
30,-48.15,9,5776,23864266,4229883,9.325930025444858,2.496162300116753
31,39.-60,1,608,2643622,469987,9.247927513443585,2.4918231498892545
32,39.60,5,2888,13182276,2349935,9.173926931999809,2.4879067248912707
33,-36.-54,41,23104,107950552,19269467,9.138303022269087,2.485982048668101
34,-36.54,21,11552,55221448,9869727,9.10353760410841,2.484146633420664
35,-39.-60,11,5776,28844622,5169857,9.036423408249874,2.4801060766729894
36,-39.60,23,11552,60157040,10809701,8.972293070830158,2.4764069634138774
37,48.-15,3,1444,15654043,2819922,8.910892526166014,2.4728081500713395
38,48.15,25,11552,9296472,1678525,8.851998837112447,2.4694892943034383
39,27.-38,51,23104,132538984,23969337,8.823429684915675,2.467154856129624
40,27.38,13,5776,33731840,6109831,8.79541530874608,2.4649066361691685
41,-14.-26,53,23104,2590536,469987,8.767934572323972,2.462557875462142
42,-14.26,27,11552,69834728,12689649,8.740967524723702,2.460292486089484
43,14.-26,55,23104,142040504,25849285,8.714495313362512,2.4581061038017995
44,14.26,7,2888,18051444,3289909,8.688500104829567,2.4559946639089816
45,-50.-48,3,1216,367688,67141,8.66296501272243,2.4532161631368243
46,-50.48,29,11552,74501736,13629623,8.6378740317596,2.4505283856220075
47,0.-14,15,5776,12799616,2349935,8.588964431278653,2.445407771704707
48,0.14,31,11552,79093656,14569597,8.541658716500296,2.440601010112914
49,50.-48,63,23104,53494424,9869727,8.518575103387255,2.4383064348865395
50,50.48,1,361,726693,134282,8.49585502688717,2.4360800795218247
51,-32.-22,65,23104,164988552,30549155,8.473487213858716,2.433161543919617
52,-32.22,33,11552,27866312,5169857,8.451460907528718,2.430325799124856
53,-18.-3,69,23104,173811392,32429103,8.387330570109002,2.4221616187921255
54,-18.3,9,2888,22553114,4229883,8.325930025444858,2.414636982419585
55,18.-3,75,23104,8906592,1678525,8.26703633639129,2.407679482740795
56,18.3,39,11552,7448152,1409961,8.210452808024923,2.401227257610939
57,-36.-12,79,23104,27973168,5304139,8.192074278710068,2.3988531620250066
58,-36.12,5,1444,2474655,469987,8.173926931999809,2.396534651209469
59,-42.-48,81,23104,66709912,12689649,8.156005024002546,2.394248973887556
60,-42.48,41,11552,101143536,19269467,8.138303022269087,2.3920155495281925
61,42.-48,83,23104,29206344,5572703,8.120815595540247,2.389832603958927
62,42.48,21,5776,17216812,3289909,8.10353760410841,2.387698442540543
63,-55.-65,85,23104,208754748,39948895,8.08646409074947,2.385581507799549
64,-55.65,43,11552,105453876,20209441,8.069590272185073,2.383510801000248
65,36.-12,87,23104,10145544,1947089,8.052911531038443,2.381455488695284
66,36.12,11,2888,26900637,5169857,8.036423408249874,2.3794440550549774
67,-19.-41,91,23104,31664032,6109831,7.988060386688475,2.373640595227564
68,-19.41,47,11552,114045676,22089389,7.941266175209534,2.368186329510318
69,71.-61,97,23104,234488272,45588739,7.8959421847000435,2.3627663582950835
70,71.61,25,5776,60221298,11749675,7.851998837112446,2.357652952103001
71,-71.-61,103,23104,247244568,48408661,7.809354499703953,2.3526017306789377
72,-71.61,53,11552,126801972,24909311,7.767934572323972,2.3478201603603552
73,-72.-88,107,23104,255715794,50288609,7.754388040486024,2.3462377161304726
74,-72.88,27,5776,2387293,469987,7.740967524723702,2.3446828867794123
75,32.-22,109,23104,259932996,51228583,7.727670702110244,2.343118889706452
76,32.22,55,11552,11910834,2349935,7.714495313362511,2.3415816776377167
77,19.-41,113,23104,268351516,53108531,7.6756760644719835,2.3371085087000876
78,19.41,29,5776,338257,67141,7.637874031759599,2.332853860259672
79,-7.-21,117,23104,276744044,54988479,7.6254903073037665,2.3313509812742286
80,-7.21,59,11552,139411702,27729233,7.61321197752533,2.3298720472447765
81,6.-22,15,2888,7074517,1409961,7.588964431278653,2.3269763961408683
82,6.22,61,11552,20509854,4095601,7.565117689324285,2.324170144349126
83,-58.-54,31,5776,10402576,2081371,7.5416587165002955,2.321334778119886
84,-58.54,63,11552,3014350,604269,7.5185751033872545,2.3185841034069496
85,58.-54,2,361,5348937,1074256,7.495855026887171,2.3159143767000856
86,58.54,65,11552,1668542,335705,7.473487213858716,2.3133220721807537
87,-6.-22,33,5776,76946428,15509571,7.451460907528718,2.3106955739602983
88,-6.22,67,11552,155948390,31489129,7.429765836429398,2.3081429008055947
89,79.-71,135,23104,313945816,63448245,7.4190394298363405,2.3068634211471637
90,79.71,17,2888,78998713,15979558,7.408392185636831,2.3056016465694062
91,-22.-26,137,23104,318020062,64388219,7.397822943926644,2.304249129250125
92,-22.26,69,11552,160022636,32429103,7.387330570109002,2.3029149719334514
93,22.-26,139,23104,322070482,65328193,7.376913954163664,2.3015988027336594
94,22.26,35,5776,81023923,16449545,7.366572009942204,2.3003002597559146
95,-14.-16,141,23104,6938420,1409961,7.356303674488378,2.2989519154828377
96,-14.16,71,11552,23436842,4767011,7.346107907382489,2.2976213271651074
97,14.-16,143,23104,330125836,67208141,7.335983690108781,2.2963081458075183
98,14.16,9,1444,83033971,16919532,7.325930025444858,2.2950120315155975
99,-12.-16,73,11552,168043334,34309051,7.306030468007154,2.2921721883391
100,-12.16,37,5776,85009363,17389519,7.286401661258221,2.28940372183866
101,-16.-12,75,11552,171994118,35249025,7.26703633639129,2.2867039695271862
102,-16.12,1,152,4578145,939974,7.247927513443585,2.2840703999469056
103,-51.-47,153,23104,349914412,71908011,7.238467184194519,2.282777676453777
104,-51.47,77,11552,25134986,5169857,7.229068486192269,2.2815006046930604
105,12.-16,39,5776,88960147,18329493,7.210452808024923,2.278992291014213
106,12.16,79,11552,179895686,37128973,7.192074278710068,2.2765432749410492
107,16.-12,5,722,90935539,18799480,7.173926931999809,2.274151474900076
108,16.12,81,11552,183846470,38068947,7.156005024002546,2.271814905772705
109,51.-47,163,23104,369668332,76607881,7.147126872656093,2.27066673745734
110,51.47,41,5776,92910931,19269467,7.1383030222690875,2.2695316733638404
111,-26.-38,165,23104,323456,67141,7.129532812641355,2.2683035446580893
112,-26.38,83,11552,187769818,39008921,7.120815595540246,2.267089185160248
113,26.-38,167,23104,377486870,78487829,7.1121507344131185,2.265885604810141
114,26.38,21,2888,6775609,1409961,7.103537604108411,2.264695365742778
115,75.-68,169,23104,381340184,79427803,7.094975590604987,2.26336256058898
116,75.68,85,11552,191623132,39948895,7.08646409074947,2.2620442247437675
117,-74.-54,9,1216,2895866,604269,7.078002512001273,2.2607320099361248
118,-74.54,43,5776,96763523,20209441,7.069590272185073,2.2594338795820263
119,26.-37,173,23104,388932736,81307751,7.061226799250447,2.2580558749047603
120,26.37,87,11552,65135230,13629623,7.0529115310384425,2.2566924145257095
121,-40.-51,175,23104,392682804,82247725,7.044643915054842,2.2553167431509027
122,-40.51,11,1444,98638557,20679428,7.036423408249874,2.2539554136972675
123,7.-21,177,23104,18877412,3961319,7.028249476804174,2.25260820245081
124,7.21,89,11552,199148538,41828843,7.020121595920773,2.251274890338455
125,74.-54,179,23104,400164168,84127673,7.012039249622915,2.2499396449151923
126,74.54,45,5776,2233507,469987,7.0040019305574965,2.248618019156518
127,-79.-71,181,23104,403863696,85067647,6.996009139803966,2.247186011210397
128,-79.71,91,11552,202848066,42768817,6.988060386688475,2.245768340180157
129,27.-27,183,23104,135839968,28669207,6.980155188603129,2.2443341193377826
130,27.27,23,2888,14619417,3088486,6.972293070830158,2.2429140838326522
131,-60.-57,185,23104,411145788,86947595,6.964473566370859,2.2414320214499357
132,-60.57,93,11552,2220150,469987,6.956696215779139,2.2399643956568456
133,-7.-20,187,23104,414750012,87887569,6.948960566999534,2.238510995789739
134,-7.20,47,5776,104138031,22089389,6.941266175209534,2.237071615278148
135,40.-51,189,23104,46483804,9869727,6.9336126026660985,2.2356460515455105
136,40.51,5,608,11056746,2349935,6.9259994185562235,2.2342341059127877
137,60.-57,191,23104,60279780,12823931,6.918426198851422,2.2328355835048623
138,60.57,3,361,35313381,7519792,6.910892526166014,2.231450293159637
139,7.-20,193,23104,2204988,469987,6.903397989619091,2.230078047339733
140,7.20,97,11552,213682398,45588739,6.8959421847000435,2.228718662046701
141,-31.-29,49,5776,107736479,23029363,6.881145182771963,2.2259604101241006
142,-31.29,99,11552,217263518,46528713,6.866498406807562,2.223252756089073
143,31.-29,25,2888,109527039,23499350,6.851998837112446,2.220594315689656
144,31.29,101,11552,31549234,6781241,6.837643544135377,2.2179837548747976
145,-54.-74,51,5776,111316516,23969337,6.823429684915675,2.215405751599233
146,-54.74,103,11552,224421426,48408661,6.809354499703953,2.212873325316315
147,-54.-66,207,23104,7152854,1544243,6.802368069387846,2.211619203333402
148,-54.66,13,1444,28276047,6109831,6.795415308746079,2.210376064763255
149,-42.-18,11,1216,23904546,5169857,6.788495894806288,2.2090887252180744
150,-42.18,105,11552,75992666,16449545,6.781609509221048,2.2078125126892565
151,-75.-68,211,23104,457723452,99167257,6.774755838179986,2.206540456058796
152,-75.68,53,5776,114872727,24909311,6.767934572323972,2.2052792932136964
153,-22.-2,107,11552,33070488,7184087,6.754388040486024,2.2026676081360526
154,-22.2,27,2888,38873563,8459766,6.740967524723702,2.200099681993798
155,22.-2,109,11552,234989340,51228583,6.727670702110244,2.1975744201809015
156,22.2,55,5776,118368651,25849285,6.714495313362511,2.1950907644255215
157,42.-18,221,23104,475209570,103867127,6.70795246749574,2.1938247634844283
158,42.18,111,11552,79490756,17389519,6.701439160537065,2.1925690710206083
159,55.-65,223,23104,478673004,104807101,6.694955126966867,2.191303976674391
160,55.65,7,722,15012546,3289909,6.688500104829567,2.190049082314754
161,12.-30,225,23104,482128496,105747075,6.682073835670134,2.1887999436694447
162,12.30,113,11552,241927760,53108531,6.6756760644719835,2.1875607911931154
163,66.-60,227,23104,485581100,106687049,6.669306539596256,2.186327214942557
164,66.60,3,304,305330,67141,6.662965012722429,2.185103417719356
165,54.-66,229,23104,489024318,107627023,6.656651238790227,2.1838658533641757
166,54.66,115,11552,245370978,54048505,6.650364975942796,2.1826380017502376
167,77.-77,29,2888,123541781,27259246,6.637874031759599,2.1801814717258576
168,77.77,117,11552,248796146,54988479,6.6254903073037665,2.1777628506101685
169,-66.-60,235,23104,99859820,22089389,6.619338080322171,2.176550792363509
170,-66.60,59,5776,125251477,27729233,6.61321197752533,2.175347999571826
171,-12.-30,237,23104,23938632,5304139,6.607111777988912,2.17415022195703
172,-12.30,119,11552,252208318,55928453,6.601037263579228,2.17296152695046
173,68.-64,239,23104,506114780,112326893,6.594988218906423,2.1717612305596465
174,68.64,15,1444,126953231,28199220,6.588964431278653,2.1705699496451776
175,-29.-11,121,11552,255598830,56868427,6.576991789612577,2.1681814278640568
176,-29.11,61,5776,128645599,28669207,6.565117689324285,2.165828198128345
177,29.-11,123,11552,258983566,57808401,6.5533405215479315,2.163509480915884
178,29.11,31,2888,130337967,29139194,6.5416587165002955,2.161224519581434
179,-22.-10,249,23104,174345672,39008921,6.53585309481909,2.160074552148987
180,-22.10,125,11552,262361082,58748375,6.530070742225083,2.1589328780723935
181,22.-10,251,23104,526407312,117966737,6.524311472936399,2.1577994076050953
182,22.10,63,5776,2095605,469987,6.5185751033872545,2.1566740522958097
183,-48.-72,253,23104,529773998,118906711,6.512861452192861,2.1555468941479194
184,-48.72,127,11552,265727768,59688349,6.507170340115005,2.154427740324561
185,-20.-12,255,23104,177710192,39948895,6.501501590028313,2.1532989215186684
186,-20.12,4,361,33425351,7519792,6.495855026887171,2.15217804802284
187,-54.-6,257,23104,536480656,120786659,6.490230477693293,2.151065035910658
188,-54.6,129,11552,89692616,20209441,6.484627771463917,2.1499598024382074
189,20.-12,259,23104,539830736,121726633,6.4790467392006175,2.148862266023241
190,20.12,65,5776,19339492,4364165,6.473487213858716,2.147772346224787
191,-26.-37,261,23104,181058828,40888869,6.467949030317286,2.146678457831126
192,-26.37,131,11552,272423596,61568297,6.462432025349721,2.1455920991702033
193,-16.-28,263,23104,546510680,123606581,6.456936037594868,2.144494133014533
194,-16.28,33,2888,68521771,15509571,6.451460907528718,2.1434036580202984
195,-87.-69,265,23104,549837656,124546555,6.44600647743661,2.1423205974741872
196,-87.69,7,608,14513188,3289909,6.4405725913859815,2.1412448757109024
197,16.-28,267,23104,553164632,125486529,6.435159095199617,2.1401764180952556
198,16.28,67,5776,19815290,4498447,6.429765836429398,2.1391151510046327
199,72.-88,269,23104,556487276,126426503,6.424392664330547,2.138049771131685
200,72.88,135,11552,279073216,63448245,6.4190394298363405,2.1369915043635657
201,-12.-18,137,11552,282389362,64388219,6.397822943926644,2.1328170910982176
202,-12.18,139,11552,285705508,65328193,6.376913954163664,2.128751209702962
203,12.-18,141,11552,289021654,66268167,6.356303674488378,2.1247896663278056
204,12.18,143,11552,292337800,67208141,6.335983690108781,2.1209284812156737
205,1.-25,9,722,73496351,16919532,6.325930025444858,2.1189829601849937
206,1.25,145,11552,295633008,68148115,6.315945936872237,2.117061700922491
207,-13.-8,73,5776,148636696,34309051,6.306030468007154,2.115129211834053
208,-13.8,147,11552,42701968,9869727,6.296182682050807,2.1132204757636193
209,-37.-44,37,2888,75138540,17389519,6.286401661258221,2.1113350558088317
210,-37.44,149,11552,302194544,70028063,6.276686506425009,2.1094725257561437
211,13.-8,75,5776,151917464,35249025,6.26703633639129,2.1076324697547664
212,13.8,151,11552,305475312,70968037,6.257450287562092,2.1058144820025233
213,37.-44,1,76,2020498,469987,6.247927513443585,2.1040181664430975
214,37.44,153,11552,308756080,71908011,6.238467184194519,2.1022431364741982
215,-68.-64,307,23104,619140992,144286009,6.233760181516992,2.101336567578671
216,-68.64,77,5776,155192456,36188999,6.229068486192269,2.1004353210028173
217,-26.-2,309,23104,207462368,48408661,6.224391998982797,2.099512572520104
218,-26.2,155,11552,312002192,72847985,6.219730621612934,2.098595192389756
219,26.-2,311,23104,625621664,146165957,6.215084256756568,2.097683133715913
220,26.2,39,2888,26134956,6109831,6.210452808024923,2.096776350149453
221,68.-62,157,11552,315225200,73787959,6.201234277995544,2.0949255564167695
222,68.62,79,5776,158415464,37128973,6.192074278710068,2.093095858045346
223,-14.-18,317,23104,635256754,148985879,6.187515996747764,2.092164211595929
224,-14.18,159,11552,106141942,24909311,6.182972071602816,2.091237828210903
225,14.-18,319,23104,91206650,21417979,6.178442413122301,2.0903166632282932
226,14.18,5,361,80005181,18799480,6.173926931999809,2.089400672492138
227,-21.-57,321,23104,91662232,21552261,6.169425539764868,2.0884881889547233
228,-21.57,161,11552,321614900,75667907,6.164938148772554,2.087580800889909
229,-32.-4,17,1216,33938104,7989779,6.160464672193246,2.0866784655574953
230,-32.4,81,5776,161604538,38068947,6.156005024002546,2.085781140695908
231,-36.-48,325,23104,648012328,152745775,6.151559118971354,2.0848887845154884
232,-36.48,163,11552,324803252,76607881,6.147126872656093,2.0840013556918975
233,-54.-65,327,23104,651200680,153685749,6.142708201389088,2.083118813359635
234,-54.65,41,2888,11657051,2752781,6.1383030222690875,2.0822411171056614
235,21.-57,329,23104,654389032,154625723,6.13391125315193,2.0813682269631277
236,21.57,165,11552,327991604,77547855,6.129532812641355,2.0805001034052135
237,32.-4,331,23104,657577384,155565697,6.125167620079953,2.0796367073390614
238,32.4,83,5776,164792890,39008921,6.120815595540246,2.078778000099816
239,36.-48,333,23104,660765736,156505671,6.116476659815909,2.077923943444761
240,36.48,167,11552,331179956,78487829,6.1121507344131185,2.07707449954755
241,-5.-10,339,23104,670278808,159325593,6.090713563750827,2.072783290936275
242,-5.10,43,2888,84774713,20209441,6.069590272185073,2.068604578261592
243,5.-10,349,23104,686116600,164025463,6.048771800677518,2.064533978201483
244,5.10,177,11552,49573964,11883957,6.028249476804174,2.0605673330739953
245,-36.-60,355,23104,139123624,33369077,6.0241798124951265,2.059783731935269
246,-36.60,89,5776,174300186,41828843,6.020121595920773,2.059004110787864
247,-14.-2,179,11552,350181913,84127673,6.012039249622915,2.057452225558011
248,-14.2,45,2888,25125961,6042690,6.0040019305574965,2.0559159401223783
249,14.-2,181,11552,353344995,85067647,5.996009139803966,2.0543950195818437
250,14.2,91,5776,177463268,42768817,5.988060386688475,2.0528892337466726
251,-48.0,183,11552,356506994,86007621,5.980155188603129,2.051393974393979
252,88.-72,23,1444,89521863,21619402,5.972293070830158,2.0499134417270235
253,88.72,185,11552,10276226,2484217,5.964473566370859,2.0484474184808508
254,-1.-25,93,5776,180623101,43708791,5.956696215779139,2.046987041413336
255,-1.25,187,11552,362824494,87887569,5.948960566999534,2.045540827243621
256,-8.-47,47,2888,91100516,22089389,5.941266175209534,2.0441057117705337
257,-8.47,189,11552,365979634,88827543,5.9336126026660985,2.042684376319605
258,54.-6,379,23104,733536838,178125073,5.929800988716079,2.0419788140137514
259,54.6,5,304,1381794,335705,5.9259994185562235,2.041276622684921
260,8.-47,191,11552,369134774,89767517,5.918426198851422,2.039882256456404
261,8.47,6,361,46339043,11279688,5.910892526166014,2.0385010869290836
262,-77.-77,193,11552,372286304,90707491,5.903397989619091,2.037118937502615
263,-77.77,97,5776,186930132,45588739,5.8959421847000435,2.035749732058954
264,-40.-32,389,23104,749293044,182824943,5.8922286819009795,2.0350671461624166
265,-40.32,195,11552,25028852,6109831,5.888524713137561,2.034387740081636
266,-2.-28,49,2888,94250963,23029363,5.881145182771963,2.033032852804181
267,-2.28,197,11552,54082132,13226777,5.873803207430795,2.0316904664450712
268,2.-28,99,5776,21119222,5169857,5.866498406807562,2.0303604082153486
269,2.28,199,11552,381717068,93527413,5.8592304063435225,2.029042508506207
270,48.-72,21,1216,13421144,3289909,5.855610090664825,2.028388065945654
271,48.72,25,1444,19164407,4699870,5.851998837112446,2.027736600815932
272,-24.-21,401,23104,768146630,188464787,5.848396600432251,2.0270867367540717
273,-24.21,201,11552,384858490,94467387,5.844803335708242,2.0264398151649807
274,24.-21,403,23104,771287330,189404761,5.841218998359204,2.0257958160446847
275,24.21,101,5776,27602060,6781241,5.837643544135377,2.0251547195707014
276,-36.-28,51,2888,97391663,23969337,5.823429684915675,2.0226082747398597
277,-36.28,103,5776,196352232,48408661,5.809354499703953,2.0201069032549936
278,79.-86,413,23104,786977112,194104631,5.805857055467726,2.019487139146369
279,79.86,207,11552,6258296,1544243,5.802368069387846,2.018870104637146
280,22.-55,415,23104,790111314,195044605,5.798887500652884,2.0182518266997103
281,22.55,13,722,197919333,48878648,5.795415308746079,2.0176362580799796
282,-71.-50,417,23104,113320066,27997797,5.791951453442508,2.017018128452508
283,-71.50,11,608,1901444,469987,5.788495894806288,2.0164026933278376
284,-97.-90,419,23104,796363112,196924553,5.7850485931878195,2.015783395192532
285,-97.90,105,5776,199480658,49348635,5.781609509221048,2.01516678203597
286,97.-90,421,23104,114211736,28266361,5.778178603820775,2.014552836378803
287,97.90,211,11552,400520836,99167257,5.774755838179986,2.013941540893554
288,-8.-24,213,11552,403634822,100107231,5.761145406661333,2.0115044551584456
289,-8.24,215,11552,406748808,101047205,5.747662177297711,2.009108701171105
290,-10.-7,431,23104,815052804,202564397,5.744310967798073,2.008512902458533
291,-10.7,27,1444,34025333,8459766,5.740967524723702,2.0079196176280534
292,25.-26,433,23104,818163180,203504371,5.737631812160446,2.0073288307528965
293,25.26,217,11552,1888752,469987,5.734303794442692,2.0067405260409634
294,71.-50,435,23104,821270668,204444345,5.73098343615108,2.006149614602233
295,71.50,109,5776,205705742,51228583,5.727670702110244,2.0055611733004515
296,-37.-26,219,11552,137654354,34309051,5.721067967285998,2.0043891168982606
297,-37.26,55,2888,20725732,5169857,5.714495313362511,2.0032267755526956
298,-22.-55,441,23104,276859564,69088089,5.71122018132965,2.002645447955404
299,-22.55,221,11552,24474356,6109831,5.70795246749574,2.002066518050324
300,48.0,111,5776,29829430,7452651,5.701439160537065,2.00091080356332
301,8.-24,7,361,26294157,6579818,5.688500104829567,1.9986226600549455
302,8.24,113,5776,211900502,53108531,5.6756760644719835,1.9963714758506017
303,36.-60,453,23104,40435610,10138291,5.672487786840936,1.9958118963021236
304,36.60,227,11552,425346806,106687049,5.669306539596256,1.9952545661658077
305,-88.-72,3,152,3744653,939974,5.662965012722429,1.9941392798552748
306,-88.72,229,11552,428434078,107627023,5.656651238790227,1.9930328824635568
307,-45.-33,459,23104,858408904,215724033,5.653504683473363,1.9924781301253818
308,-45.33,115,5776,214987413,54048505,5.650364975942796,1.9919255777456284
309,-68.-62,231,11552,431511242,108566997,5.644105985471113,1.9908125372233771
310,-68.62,29,1444,216523829,54518492,5.637874031759599,1.9897082435876638
311,18.-42,233,11552,434584074,109506971,5.631668882232891,1.9886125938155252
312,18.42,117,5776,16773865,4229883,5.6254903073037665,1.9875254865005085
313,75.-81,469,23104,873777396,220423903,5.622410914371795,1.986985105009108
314,75.81,235,11552,437656906,110446945,5.619338080322171,1.9864468218209945
315,36.-28,237,11552,440727572,111386919,5.607111777988912,1.9843073385687766
316,36.28,239,11552,443798238,112326893,5.594988218906423,1.982200564427513
317,-58.-47,479,23104,127018572,32160539,5.5919731811509905,1.9816759649190117
318,-58.47,15,722,74221961,18799480,5.588964431278653,1.9811533616062829
319,-1.-15,481,23104,892191284,226063747,5.5859619431171295,1.9806234031805674
320,-1.15,241,11552,63837074,16180981,5.582965690657209,1.9800954502170633
321,-57.-55,483,23104,298415596,75667907,5.579975648051398,1.9795694913185486
322,-57.55,121,5776,224193635,56868427,5.576991789612577,1.9790455151742634
323,1.-15,485,23104,898302292,227943695,5.574014089812681,1.9785235105590881
324,1.15,243,11552,49990558,12689649,5.57104252328139,1.9780034663327337
325,57.-55,487,23104,901357796,228883669,5.568077064804829,1.9774853714389378
326,57.55,61,2888,225721387,57338414,5.565117689324285,1.9769692149046727
327,-27.-27,489,23104,904410412,229823643,5.562164371934937,1.9764503789744121
328,-27.27,245,11552,452967638,115146815,5.5592170878846,1.975933475227325
329,51.-54,491,23104,907460140,230763617,5.556275812572478,1.9754184928570897
330,51.54,123,5776,227246251,57808401,5.5533405215479315,1.9749054211380612
331,54.-65,493,23104,1846876,469987,5.5504111905092595,1.9743942494245181
332,54.65,13,608,3428702,872833,5.5474877953024935,1.973884967149916
333,87.-69,495,23104,913559596,232643565,5.544570311920199,1.9733775638261517
334,87.69,31,1444,228771115,58278388,5.5416587165002955,1.972872029042834
335,-46.-24,249,11552,459065650,117026763,5.53585309481909,1.9718619858218298
336,-46.24,125,5776,46058907,11749675,5.530070742225083,1.9708593237827803
337,-12.-6,501,23104,922691452,235463487,5.527188233691962,1.970344930887984
338,-12.6,251,11552,66014626,16852391,5.524311472936399,1.9698324049902367
339,-6.-12,503,23104,925718076,236403461,5.521440437081644,1.9693217359113422
340,-6.12,63,2888,231807847,59218362,5.5185751033872545,1.9688129135471844
341,12.-6,505,23104,185748940,47468687,5.515715449248014,1.9683059278670527
342,12.6,253,11552,465129006,118906711,5.512861452192861,1.9678007689129762
343,6.-12,507,23104,931771324,238283409,5.510013089883831,1.9672974267990613
344,6.12,127,5776,233321159,59688349,5.507170340115005,1.9667958917108397
345,63.-45,255,11552,13375772,3424191,5.501501590028313,1.9657870788824576
346,63.45,8,361,234830861,60158336,5.495855026887171,1.9647854497458719
347,-24.-39,257,11552,471170702,120786659,5.490230477693293,1.963788716885678
348,-24.39,129,5776,78779947,20209441,5.484627771463917,1.962799029529863
349,-31.-4,259,11552,474188662,121726633,5.4790467392006175,1.9618163130083346
350,-31.4,65,2888,33978403,8728330,5.473487213858716,1.9608404937056518
351,24.-39,261,11552,53022958,13629623,5.467949030317286,1.9598714990424153
352,24.39,131,5776,239357801,61568297,5.462432025349721,1.958909257457051
353,31.-4,263,11552,480224582,123606581,5.456936037594868,1.9579536983879782
354,31.4,33,1444,80288927,20679428,5.451460907528718,1.9570047522561522
355,9.-45,265,11552,483241098,124546555,5.44600647743661,1.9560580394559326
356,9.45,7,304,12756543,3289909,5.4405725913859815,1.955117830141026
357,-48.-62,267,11552,486254726,125486529,5.435159095199617,1.954179773055097
358,-48.62,67,2888,243880409,62978258,5.429765836429398,1.953248112879733
359,-18.-42,269,11552,69894654,18060929,5.424392664330547,1.952310010441929
360,-18.42,135,5776,245382169,63448245,5.4190394298363405,1.9513782532868702
361,-46.-53,271,11552,492263932,127366477,5.4137059855333,1.950446429102738
362,-46.53,17,722,246881763,63918232,5.408392185636831,1.9495208609489003
363,-8.-32,273,11552,165084578,42768817,5.403097885967319,1.948574144290204
364,-8.32,137,5776,248371971,64388219,5.397822943926644,1.9476337231072751
365,8.-32,275,11552,19929366,5169857,5.392567218475149,1.9466995346149156
366,8.32,69,2888,517313,134282,5.387330570109002,1.9457715168626308
367,40.-32,553,23104,1000936758,259902811,5.384719356652464,1.945306680929741
368,40.32,277,11552,501212400,130186399,5.3821128608379825,1.9448433740970634
369,34.-34,139,5776,251346972,65328193,5.376913954163664,1.9439026688897347
370,34.34,279,11552,168058496,43708791,5.371733715057983,1.9429680998904666
371,-9.-45,35,1444,252825267,65798180,5.366572009942204,1.9420210674339462
372,-9.45,281,11552,507125580,132066347,5.361428706666245,1.9410801599778416
373,-18.-30,563,23104,1015724040,264602681,5.358863914806942,1.9406089080245517
374,-18.30,141,5776,84766410,22089389,5.356303674488378,1.9401391740123703
375,-63.-45,283,11552,510071340,133006321,5.351196784055289,1.9392042304704127
376,-63.45,71,2888,127886055,33369077,5.346107907382489,1.938275271142788
377,18.-30,569,23104,1024561320,267422603,5.343570184580589,1.9378130175737702
378,18.30,15,608,1800060,469987,5.3410369178350665,1.937352238568051
379,-75.-81,571,23104,1027505636,268362577,5.338508091524329,1.9368908995748462
380,-75.81,143,5776,257244268,67208141,5.335983690108781,1.9364310268559848
381,48.-62,287,11552,515959972,134886269,5.330948100211483,1.935515652275742
382,48.62,9,361,10779821,2819922,5.325930025444858,1.9346060593407408
383,12.-33,577,23104,1036329920,271182499,5.323427518241688,1.9341473831944034
384,12.33,289,11552,518898512,135826243,5.320929344386492,1.9336901490457992
385,45.-33,579,23104,49488768,12958213,5.318435488897935,1.9332343500826605
386,45.33,145,5776,260182808,68148115,5.315945936872237,1.932779979535706
387,58.-47,581,23104,148885064,39008921,5.313460673482642,1.9323230328701004
388,58.47,291,11552,521829832,136766217,5.310979683978887,1.9318675124383002
389,-25.-26,583,23104,1045115216,274002421,5.308502953686674,1.9314014516654927
390,-25.26,73,2888,130821346,34309051,5.306030468007154,1.9309368371551392
391,-51.-54,585,23104,209605264,54988479,5.303562212416404,1.9304736621617047
392,-51.54,293,11552,524740936,137706191,5.301098172464923,1.930011919981686
393,10.-7,587,23104,1050937424,275882369,5.298638333777118,1.9295516039532847
394,10.7,147,5776,263098244,69088089,5.296182682050807,1.929092707456079
395,74.-56,31,1216,55465674,14569597,5.29373120305671,1.9286342355085315
396,74.56,295,11552,527651318,138646165,5.291283882637967,1.9281771727000676
397,46.-24,37,1444,264552713,69558076,5.286401661258221,1.9272652798494656
398,46.24,297,11552,176853178,46528713,5.281535906086405,1.9263589567556472
399,-40.-50,595,23104,1062570288,279642265,5.279109168691865,1.9259039467394203
400,-40.50,149,5776,266005377,70028063,5.276686506425009,1.9254503207739162
401,72.-48,299,11552,533460530,140526113,5.271853352689066,1.9245432905625586
402,72.48,75,2888,38207879,10071150,5.26703633639129,1.9236417423007228
403,-24.-54,601,23104,153038008,40351741,5.264633846175985,1.9231871743611972
404,-24.54,301,11552,76622250,20209441,5.262235350127469,1.9227339740559086
405,-79.-86,603,23104,358047020,94467387,5.259840834987086,1.9222608013178024
406,-79.86,151,5776,268892655,70968037,5.257450287562092,1.921789040905839
407,42.-57,303,11552,179738290,47468687,5.25268104341422,1.9208497317425475
408,42.57,1,38,14227485,3759896,5.247927513443585,1.9199159963090076
409,60.-48,609,23104,360903252,95407361,5.245556608980839,1.9194396585915978
410,60.48,305,11552,542065326,143346035,5.243189594436922,1.9189647260848026
411,-8.-10,611,23104,83503632,22089389,5.240826457068441,1.918485435326389
412,-8.10,153,5776,12940045,3424191,5.238467184194519,1.9180075523752713
413,8.-10,613,23104,1088380344,288102031,5.23611176319639,1.9175310710117741
414,8.10,307,11552,544898454,144286009,5.233760181516992,1.917055985052958
415,24.-54,615,23104,1091209862,289042005,5.231412426660569,1.916577515557797
416,24.54,77,2888,136577852,36188999,5.229068486192269,1.9161004415704193
417,26.-44,309,11552,78245306,20746569,5.224391998982797,1.915131438204427
418,26.44,155,5776,274561438,72847985,5.219730621612934,1.9141680414839204
419,-74.-56,621,23104,6830120,1812807,5.217405568666689,1.9136855886637743
420,-74.56,311,11552,550526444,146165957,5.215084256756568,1.9132045265251538
421,75.-57,39,1444,137982503,36658986,5.210452808024923,1.9122465502035337
422,75.57,313,11552,553333580,147105931,5.205836179954552,1.911294064689368
423,15.-51,157,5776,277368213,73787959,5.201234277995544,1.9103451450106839
424,15.51,315,11552,556139272,148045905,5.196647008499892,1.9094016316019233
425,-36.-27,159,5776,93389978,24909311,5.182972071602816,1.906582620974767
426,-36.27,321,11552,564540464,150865827,5.169425539764868,1.9038109369405236
427,-16.-19,17,608,29859982,7989779,5.160464672193246,1.901985792413589
428,-16.19,325,11552,570138852,152745775,5.151559118971354,1.9001808418296278
429,16.-19,327,11552,572938046,153685749,5.142708201389088,1.8983957504953723
430,16.19,329,11552,575737240,154625723,5.13391125315193,1.8966301911031136
431,46.-53,165,5776,96188811,25849285,5.129532812641355,1.8957447090485093
432,46.53,331,11552,578528492,155565697,5.125167620079953,1.8948640384433197
433,-39.-6,83,2888,144980849,39008921,5.120815595540246,1.8939863438723477
434,-39.6,333,11552,581318300,156505671,5.116476659815909,1.893113391255872
435,39.-6,167,5776,291356602,78487829,5.1121507344131185,1.892245142109594
436,39.6,335,11552,584108108,157445645,5.107837741542036,1.8913815583662144
437,-15.-51,21,722,48791677,13159636,5.103537604108411,1.8905154862431863
438,-15.51,337,11552,586892140,158385619,5.099250245705313,1.8896540384084508
439,-75.-57,169,5776,294141717,79427803,5.094975590604987,1.8887954071541193
440,-75.57,339,11552,589674728,159325593,5.090713563750827,1.887941334762746
441,80.-80,85,2888,4221895,1141397,5.08646409074947,1.8870900225899356
442,80.80,341,11552,592455872,160265567,5.082227097862998,1.8862432052221327
443,-18.-10,683,23104,1186297984,321001121,5.0801132585970805,1.8858162026604552
444,-18.10,9,304,15627424,4229883,5.078002512001273,1.885390322778518
445,-26.-16,685,23104,1189070464,321941095,5.0758948490392815,1.884965561136008
446,-26.-23,689,23104,1194615424,323821043,5.06749485418288,1.8832776089725802
447,-26.-30,345,11552,598000832,162145515,5.0654024752216396,1.8828583727389445
448,-26.16,691,23104,1197387904,324761017,5.063313126498913,1.8824402285905644
449,-26.23,695,23104,171847552,46662995,5.054985859276301,1.880778487601603
450,-26.30,87,2888,150539888,40888869,5.0529115310384425,1.880365740138117
451,-29.-34,349,11552,603545792,164025463,5.048771800677518,1.8795434412950325
452,-29.34,175,5776,302466016,82247725,5.044643915054842,1.8787253763590903
453,-36.-69,701,23104,1211250304,329460887,5.042584392876548,1.878317921359826
454,-36.69,351,11552,86616896,23566491,5.0405278065826105,1.877911512584015
455,-7.-14,353,11552,609090752,165905411,5.032330653615991,1.8762962592177317
456,-7.14,355,11552,8617792,2349935,5.0241798124951265,1.8746974259107565
457,18.-10,711,23104,1225112704,334160757,5.022149277267756,1.8743002537994602
458,18.10,89,2888,153312368,41828843,5.020121595920773,1.873904088429532
459,26.-16,713,23104,1227885184,335100731,5.0180967604432825,1.8735089259631448
460,26.-23,717,23104,1233430144,336980679,5.0100257181852665,1.8719382290583508
461,26.-30,359,11552,617408192,168725333,5.008014993064119,1.871548024222412
462,26.16,719,23104,1236202624,337920653,5.006007066447873,1.8711587996694135
463,26.23,723,23104,177392512,48542943,4.998003189936053,1.8696116304963168
464,26.30,181,5776,310783456,85067647,4.996009139803966,1.8692272521775515
465,29.-34,363,11552,622953152,170605281,4.992029288891421,1.8684613669670413
466,29.34,91,2888,156084848,42768817,4.988060386688475,1.8676992864620894
467,7.-14,183,5776,313555936,86007621,4.980155188603129,1.8661864263060817
468,7.14,23,722,39367772,10809701,4.972293070830158,1.8646884479900436
469,-26.-6,737,23104,1261149168,346380419,4.970334217792101,1.8643096454471806
470,-26.6,369,11552,90180688,24775029,4.9683780208267745,1.8639317703868152
471,-36.-44,739,23104,1263910096,347320393,4.96642447274102,1.863554819393844
472,-36.44,185,5776,63264528,17389519,4.964473566370859,1.8631787890699718
473,26.-6,39,1216,66666896,18329493,4.962525294581337,1.8628036760336089
474,26.6,371,11552,634025744,174365177,4.960579650266368,1.8624294769197665
475,36.-44,743,23104,1269431952,349200341,4.958636626348575,1.8620561883799571
476,36.44,93,2888,158851552,43708791,4.956696215779139,1.8616838070820905
477,-57.-42,745,23104,1272187104,350140315,4.954758411537647,1.8613057795829502
478,-57.42,373,11552,636780896,175305151,4.952823206631933,1.8609286668804803
479,34.-54,187,5776,319077070,87887569,4.948960566999534,1.8601739080717323
480,34.54,375,11552,639527384,176245125,4.945108241503927,1.859422782733423
481,-42.-54,47,1444,320449953,88357556,4.941266175209534,1.8586736393355985
482,-42.54,377,11552,91753204,25312157,4.937434313618507,1.8579280840583974
483,-26.-44,189,5776,321821753,88827543,4.9336126026660985,1.8571828544350504
484,-26.44,379,11552,645014584,178125073,4.929800988716079,1.8564411753157046
485,78.-72,759,23104,430466508,118906711,4.927898951471705,1.856070852658131
486,78.72,5,152,1701013,469987,4.9259994185562235,1.8557014098270748
487,78.-66,381,11552,647753852,179065047,4.922207839393849,1.8549619349715947
488,78.66,191,5776,324561382,89767517,4.918426198851422,1.854225955462637
489,-60.-48,765,23104,1299610108,359540055,4.9165390893071566,1.8538544597597832
490,-60.48,383,11552,650487344,180005021,4.914654444962213,1.8534838387088346
491,33.-44,767,23104,1302337102,360480029,4.912772259384238,1.8531116897760511
492,33.44,12,361,46560697,12891072,4.910892526166014,1.8527404143338475
493,42.-54,385,11552,130642290,36188999,4.907140391304908,1.851998876978015
494,42.54,193,5776,327286571,90707491,4.903397989619091,1.8512608034018412
495,-34.-34,387,11552,93704770,25983567,4.89966527074276,1.85052299328911
496,-34.34,97,2888,328646819,91177478,4.8959421847000435,1.8497886117185993
497,-42.-57,389,11552,658653886,182824943,4.8922286819009795,1.849057634752996
498,-42.57,195,5776,25385159,7049805,4.888524713137561,1.8483300386781685
499,3.-39,781,23104,188769788,52437121,4.886676288745192,1.8479675011245147
500,3.39,391,11552,661374382,183764917,4.884830229579818,1.8476058000005637
501,-12.-13,49,1444,331364427,92117452,4.881145182771963,1.846872321719813
502,-12.13,393,11552,664083326,184704891,4.877469524628564,1.8461422059006154
503,12.-13,197,5776,332718899,92587439,4.873803207430795,1.8454154293813496
504,12.13,395,11552,133358454,37128973,4.870146183822706,1.8446919692134722
505,24.-27,791,23104,1334939012,371759717,4.868321142414379,1.8443314756475433
506,24.27,99,2888,334073371,93057426,4.866498406807562,1.8439718026590637
507,27.-24,793,23104,1337647956,372699691,4.864677971183193,1.8436129474383067
508,27.24,397,11552,669501214,186584839,4.862859829744213,1.843254907188409
509,9.-30,795,23104,268071380,74727933,4.861043976715453,1.8428976791252958
510,9.30,199,5776,335427843,93527413,4.8592304063435225,1.8425412604776097
511,-14.-41,797,23104,1685148,469987,4.857419112896699,1.842182546250229
512,-14.41,21,608,1684730,469987,4.855610090664825,1.841824642177628
513,-93.-72,799,23104,1345766124,375519613,4.853803333959195,1.8414675455073286
514,-93.72,25,722,336779427,93997400,4.851998837112446,1.8411112534993566
515,14.-41,801,23104,449489764,125486529,4.850196594478461,1.8407557634261706
516,14.41,401,11552,674910438,188464787,4.848396600432251,1.8404010725725908
517,93.-72,803,23104,122833860,34309051,4.846598849369856,1.8400471782357284
518,93.72,201,5776,112710337,31489129,4.844803335708242,1.8396940777249173
519,-39.-17,403,11552,677611440,189404761,4.841218998359204,1.8389856358801446
520,-39.17,101,2888,339480429,94937374,4.837643544135377,1.8382803556996221
521,-31.-9,405,11552,680309554,190344735,4.834076929115184,1.8375766848768802
522,-31.9,203,5776,48689875,13629623,4.830519109701995,1.8368761395654127
523,31.-9,407,11552,683006946,191284709,4.826970042620924,1.8361786989053361
524,31.9,51,1444,342177821,95877348,4.823429684915675,1.8354843422227005
525,-14.-11,205,5776,343525073,96347335,4.816374927381725,1.8340987346874518
526,-14.11,103,2888,478325,134282,4.809354499703953,1.832725266938409
527,-22.-38,825,23104,1380836552,387739275,4.807604717753993,1.8323837780942502
528,-22.38,413,11552,691091902,194104631,4.805857055467726,1.8320430355427917
529,-32.-8,827,23104,1383531056,388679249,4.804111507715896,1.8317030368307987
530,-32.8,207,5776,346219577,97287309,4.802368069387846,1.8313637795158189
531,-78.-42,13,361,347566829,97757296,4.795415308746079,1.830014115751025
532,-78.-72,833,23104,1391614568,391499171,4.793682341521623,1.8296785291575477
533,-78.42,837,23104,1397003576,393379119,4.786771214336827,1.8283434288031146
534,-78.72,419,11552,99882202,28132079,4.7850485931878195,1.8280114534533962
535,14.-11,421,11552,701869918,197864527,4.778178603820775,1.8266906811779557
536,14.11,423,11552,704564422,198804501,4.7713411737672216,1.825381205333149
537,22.-38,847,23104,1410476096,398078989,4.769636867554972,1.825055584410866
538,22.38,53,1444,352955837,99637244,4.767934572323972,1.824730658212054
539,32.-8,849,23104,1413170600,399018963,4.766234283334133,1.8244064245075429
540,32.8,425,11552,707258926,199744475,4.764535995862107,1.8240828810777239
541,60.-50,851,23104,1415865104,399958937,4.762839705201208,1.8237600257124993
542,60.50,213,5776,50614727,14301033,4.761145406661333,1.8234378562112297
543,69.-57,853,23104,1418559608,400898911,4.7594530955688805,1.8231163703826845
544,69.57,427,11552,709953430,200684449,4.757762767266681,1.8227955660449908
545,64.-57,45,1216,74802734,21149415,4.756074417113911,1.8224732423478014
546,64.57,107,2888,177824629,50288609,4.754388040486024,1.8221515999666968
547,-37.-51,429,11552,237547386,67208141,4.751021189387625,1.8215074272226137
548,-37.51,215,5776,71398580,20209441,4.747662177297711,1.82086596487989
549,37.-26,431,11552,715329442,202564397,4.744310967798073,1.8202271958051282
550,37.26,27,722,59722757,16919532,4.740967524723702,1.8195911030095584
551,24.-24,23,608,38072884,10809701,4.724365557386573,1.8164372392046915
552,24.24,221,5776,365048254,103867127,4.70795246749574,1.81334805298654
553,-24.-24,447,11552,105258214,30012027,4.691724005703853,1.8103201544234169
554,-24.24,113,2888,185879622,53108531,4.6756760644719835,1.8073530864762937
555,-22.-32,453,11552,744859964,212904111,4.672487786840936,1.8067654126018033
556,-22.32,227,5776,373100720,106687049,4.669306539596256,1.8061800896961868
557,-24.-6,455,11552,747542916,213844085,4.666132291801112,1.8055971036322662
558,-24.6,3,76,4926871,1409961,4.662965012722429,1.8050164403962052
559,22.-32,457,11552,107175124,30683437,4.659804671829101,1.8044380860863702
560,22.32,229,5776,375783672,107627023,4.656651238790227,1.803862026912207
561,24.-6,459,11552,752908820,215724033,4.653504683473363,1.803288249193128
562,24.6,115,2888,188562574,54048505,4.650364975942796,1.8027167393574162
563,-56.-72,921,23104,1509839902,432858027,4.648797680795836,1.8024297610109399
564,-56.72,461,11552,755589606,216664007,4.647232086457833,1.8021433482662255
565,-72.-48,231,5776,378464458,108566997,4.644105985471113,1.8015722128843739
566,-72.48,463,11552,758268226,217603981,4.640986643626935,1.801003319882625
567,-42.-2,29,722,379803407,109036984,4.637874031759599,1.800435284767839
568,-42.2,465,11552,108706486,31220565,4.634768120891778,1.7998694705148492
569,-9.-11,233,5776,381141995,109506971,4.631668882232891,1.7993058640813633
570,-9.11,467,11552,763622578,219483929,4.628576287177509,1.798744452527347
571,42.-2,117,2888,382480583,109976958,4.6254903073037665,1.7981852230140214
572,42.2,469,11552,766299754,220423903,4.622410914371795,1.79762816280287
573,9.-11,235,5776,383819171,110446945,4.619338080322171,1.7970732592546605
574,9.11,471,11552,768976930,221363877,4.616271777274388,1.7965204998284752
575,-128.-127,473,11552,771651218,222303851,4.610158653547776,1.7954159642100547
576,-128.127,25,608,40753974,11749675,4.604071323668861,1.7943198943209535
577,54.-74,119,2888,387830603,111856906,4.601037263579228,1.7937723177968927
578,54.74,477,11552,110999558,32026257,4.5980095708816595,1.7932268305849866
579,-24.-48,239,5776,55595083,16046699,4.594988218906423,1.7926807441518324
580,-24.48,479,11552,111380774,32160539,4.5919731811509905,1.79213673234058
581,-6.-10,959,23104,232484,67141,4.59046802186904,1.791865500715102
582,-6.10,15,361,55785691,16113840,4.588964431278653,1.7915947833127284
583,24.-48,481,11552,111761990,32294821,4.5859619431171295,1.7910548853199681
584,24.48,241,5776,55976299,16180981,4.582965690657209,1.79051702670332
585,6.-10,965,23104,224095804,64791065,4.581469894731728,1.7902488585418237
586,6.10,483,11552,16020458,4632729,4.579975648051398,1.789981195892285
587,37.-51,121,2888,196583633,56868427,4.576991789612577,1.7894434074297905
588,37.51,485,11552,787666622,227943695,4.574014089812681,1.788907637346345
589,-14.-36,971,23104,1576663168,456357377,4.572527541467979,1.7886385236827942
590,-14.36,243,5776,394498273,114206841,4.57104252328139,1.7883699136973483
591,14.-36,973,23104,1579323016,457297351,4.56955903210606,1.7881018059726466
592,14.36,487,11552,790326470,228883669,4.568077064804829,1.7878341990966586
593,57.-42,975,23104,105465428,30549155,4.566596618250198,1.7875657748009937
594,57.42,61,1444,6488975,1879948,4.565117689324285,1.7872978507569035
595,39.-17,489,11552,264327088,76607881,4.562164371934937,1.7867595571570887
596,39.17,245,5776,397153789,115146815,4.5592170878846,1.7862232609813709
597,-13.-15,491,11552,795633170,230763617,4.556275812572478,1.7856876419179704
598,-13.15,123,2888,398479381,115616802,4.5533405215479315,1.785154002450061
599,13.-15,493,11552,114040622,33100513,4.5504111905092595,1.7846223315869947
600,13.15,13,304,21042367,6109831,4.5474877953024935,1.7840926184195998
601,43.-42,989,23104,1600544040,464817143,4.54602831612806,1.7838271909956402
602,43.42,495,11552,800934094,232643565,4.544570311920199,1.7835622510942228
603,6.-11,991,23104,1603192336,465757117,4.543113779700683,1.783297797368943
604,6.11,31,722,401129121,116556776,4.5416587165002955,1.7830338284783656
605,-24.-27,993,23104,1605836300,466697091,4.540205119358797,1.782766451190864
606,-24.27,497,11552,803578058,233583539,4.5387529853248845,1.7824995624726272
607,-27.-24,995,23104,229782276,66805295,4.53730231145616,1.7822331609812039
608,-27.24,249,5776,402448937,117026763,4.53585309481909,1.7819672453790742
609,-32.-38,499,11552,806214802,234523513,4.53295902154991,1.7814316985447662
610,-32.38,125,2888,80753173,23499350,4.530070742225083,1.7808980962139986
611,32.-38,501,11552,808848658,235463487,4.527188233691962,1.7803664277792883
612,32.38,251,5776,405082793,117966737,4.524311472936399,1.7798366827104268
613,36.-69,1005,23104,324329620,94467387,4.5228752408208805,1.7795725281684553
614,36.69,503,11552,811482514,236403461,4.521440437081644,1.779308850553775
615,-60.-50,53,1216,85488296,24909311,4.5200070588803865,1.7790418008631768
616,-60.50,63,1444,406397555,118436724,4.5185751033872545,1.7787752317388217
617,-64.-57,1009,23104,1626900650,474216883,4.5171445677808135,1.7785072211264812
618,-64.57,505,11552,162821108,47468687,4.515715449248014,1.7782396915782563
619,-34.-54,253,5776,407704736,118906711,4.512861452192861,1.7776945736898715
620,-34.54,507,11552,62824108,18329493,4.510013089883831,1.7771514013367584
621,-11.-17,127,2888,58429655,17053814,4.507170340115005,1.7766063440160138
622,-11.17,509,11552,819316936,239223383,4.504333180811476,1.776063223583923
623,-13.-1,255,5776,410309351,119846685,4.501501590028313,1.7755220296962684
624,-13.1,511,11552,821920468,240163357,4.49867554594955,1.774982752082629
625,11.-17,16,361,411611117,120316672,4.495855026887171,1.7744453805457236
626,11.17,27,608,43396000,12689649,4.493040011280117,1.7739099049607567
627,13.-1,257,5776,412912883,120786659,4.490230477693293,1.7733763152747741
628,13.1,515,11552,118161076,34577615,4.48742640481659,1.7728446015060242
629,83.-73,129,2888,207107144,60628323,4.484627771463917,1.7723134963924871
630,83.73,517,11552,829729620,242983279,4.481834556572236,1.7717842513879964
631,-78.-66,259,5776,8479890,2484217,4.4790467392006175,1.7712543498710944
632,-78.66,519,11552,277442940,81307751,4.47626429852929,1.770726296783879
633,-12.-4,1043,23104,34105114,10004009,4.4693315843674055,1.7694098244381458
634,-12.4,131,2888,419410883,123136594,4.462432025349721,1.7681047286231066
635,12.-4,1053,23104,561378826,164965437,4.455565305861454,1.7668108619775715
636,12.4,529,11552,845314712,248623123,4.448731114773145,1.7655280796833748
637,8.-20,265,5776,423304268,124546555,4.44600647743661,1.7650099181247865
638,8.20,531,11552,282634120,83187699,4.443286976083018,1.7644935230902214
639,-33.-44,1063,23104,242442546,71370883,4.441929145356066,1.7642353714197687
640,-33.44,7,152,22347249,6579818,4.4405725913859815,1.763977658925833
641,-13.-3,1065,23104,566557732,166845385,4.43921731177397,1.7637111919306234
642,-13.3,533,11552,850477734,250503071,4.437863304127995,1.7634451757861782
643,-37.-19,267,5776,141960001,41828843,4.435159095199617,1.762914491462393
644,-37.19,535,11552,853042278,251443045,4.432459945598661,1.7623855968190814
645,-39.-41,1071,23104,569122276,167785359,4.4311122621369154,1.7621218177897573
646,-39.41,67,1444,427162275,125956516,4.429765836429398,1.76185848278284
647,13.-3,1073,23104,1709931372,504296051,4.428420666130649,1.7615955906737537
648,13.3,537,11552,40743182,12018239,4.427076748901758,1.7613331403417327
649,39.-41,1075,23104,1712495916,505236025,4.425734082410348,1.7610711306698035
650,39.41,269,5776,428444547,126426503,4.424392664330547,1.7608095605447691
651,-45.-63,135,2888,429721043,126896490,4.4190394298363405,1.759748261846157
652,-45.63,271,5776,61571077,18195211,4.4137059855333,1.7586940229363817
653,76.-64,543,11552,863271574,255202941,4.41104663908281,1.7581695288379338
654,76.64,17,361,432274035,127836464,4.408392185636831,1.7576467733274017
655,-45.-9,273,5776,433548365,128306451,4.403097885967319,1.7565992358090614
656,-45.9,137,2888,434822695,128776438,4.397822943926644,1.755558591699038
657,-19.-26,1097,23104,248651746,73653677,4.396507216483978,1.7552971060009215
658,-19.26,549,11552,870916832,258022863,4.3951926878819725,1.7550360493244126
659,19.-26,1099,23104,1743105106,516515713,4.39387935593794,1.7547754206102646
660,19.26,275,5776,436094137,129246425,4.392567218475149,1.7545152188027293
661,-29.-43,29,608,45971526,13629623,4.389946518316013,1.7539948991726664
662,-29.43,69,1444,437364857,129716412,4.387330570109002,1.7534762780526432
663,29.-43,553,11552,876000434,259902811,4.384719356652464,1.7529593471060454
664,29.43,277,5776,438635577,130186399,4.3821128608379825,1.752444098050943
665,-17.-23,139,2888,439904853,130656386,4.376913954163664,1.751413877079124
666,-17.-7,279,5776,147058043,43708791,4.371733715057983,1.7503903129024427
667,-17.23,35,722,88488681,26319272,4.366572009942204,1.7493733409540015
668,-17.7,281,5776,443712681,132066347,4.361428706666245,1.7483628975024674
669,17.-23,141,2888,21189617,6311254,4.356303674488378,1.747358919638547
670,17.-7,283,5776,446251233,133006321,4.351196784055289,1.7463613452617253
671,17.23,71,1444,447520509,133476308,4.346107907382489,1.745370113067262
672,17.7,15,304,1574701,469987,4.3410369178350665,1.7443851625334377
673,79.-64,573,11552,901382344,269302551,4.3334636981302666,1.7429112952611918
674,79.64,18,361,452592559,135356256,4.325930025444858,1.7414512969996343
675,-36.-4,1153,23104,258805232,77413573,4.324678229235399,1.7412083402719918
676,-36.4,577,11552,906451506,271182499,4.323427518241688,1.740965763797567
677,36.-4,1155,23104,362833880,108566997,4.322177890583752,1.7407235666809318
678,36.4,289,5776,453858947,135826243,4.320929344386492,1.740481748029478
679,40.-50,1157,23104,20412384,6109831,4.319681877779681,1.7402403069534058
680,40.50,579,11552,908984282,272122473,4.318435488897935,1.7399992425657131
681,-10.-30,581,11552,911512726,273062447,4.313460673482642,1.7390318778074965
682,-10.30,583,11552,130577310,39143203,4.308502953686674,1.7380705077884084
683,-54.-46,585,11552,916569614,274942395,4.303562212416404,1.7371150767451884
684,-54.46,587,11552,919098058,275882369,4.298638333777118,1.7361655296066312
685,10.-30,31,608,48506658,14569597,4.29373120305671,1.7352218119828473
686,10.30,591,11552,924154946,277762317,4.288840706709639,1.7342838701547194
687,54.-46,593,11552,926683390,278702291,4.283966732341168,1.733351651063557
688,54.46,595,11552,929211834,279642265,4.279109168691865,1.7324251023009412
689,-12.-33,1191,23104,1859682836,559754517,4.277897329023057,1.7321904242582133
690,-12.33,149,2888,465235501,140056126,4.276686506425009,1.731956101886187
691,-44.-40,597,11552,133104310,40083177,4.274267905622366,1.731488520912566
692,-44.40,299,5776,466494669,140526113,4.271853352689066,1.7310223529214084
693,37.-19,599,11552,934248506,281522213,4.269442834098386,1.7305575914933153
694,37.19,75,1444,467753837,140996100,4.26703633639129,1.7300942302478604
695,44.-40,601,11552,936766842,282462187,4.264633846175985,1.729632262843292
696,44.40,301,5776,469013005,141466087,4.262235350127469,1.7291716829762416
697,-76.-64,603,11552,104364378,31489129,4.259840834987086,1.728703612707127
698,-76.64,151,2888,3114347,939974,4.257450287562092,1.728236941182616
699,-43.-42,1209,23104,1882316092,568214283,4.256256497638048,1.728001914487609
700,-43.42,605,11552,941783298,284342135,4.255063694725214,1.7277672380673879
701,-50.-41,1211,23104,1884817100,569154257,4.253871877192842,1.7275329111363835
702,-50.41,303,5776,471516901,142406061,4.25268104341422,1.7272989329113835
703,-6.-11,1213,23104,1887318108,570094231,4.251491191766661,1.7270653026115226
704,-6.11,607,11552,134897758,40754587,4.250302320631489,1.7268320194582756
705,50.-41,1215,23104,1889819116,571034205,4.249114428394027,1.7265990826754458
706,50.41,1,19,24882495,7519792,4.247927513443585,1.7263664914891588
707,32.-48,609,11552,946783148,286222083,4.245556608980839,1.7258990423052594
708,32.48,305,5776,474015743,143346035,4.243189594436922,1.7254329749782396
709,-24.-32,1221,23104,1897310588,573854127,4.242007541899768,1.725199908588937
710,-24.32,611,11552,949279102,287162057,4.240826457068441,1.7249671860849607
711,-32.-24,1223,23104,1899805820,574794101,4.239646338359784,1.7247348067027561
712,-32.24,153,2888,475263359,143816022,4.238467184194519,1.7245027696810353
713,24.-32,1225,23104,1902301052,575734075,4.237288992997239,1.72427107426077
714,24.32,613,11552,135967762,41157433,4.23611176319639,1.7240397196851833
715,3.-27,307,5776,476510975,144286009,4.233760181516992,1.7235780300521397
716,3.27,615,11552,954269566,289042005,4.231412426660569,1.723117694772384
717,32.-24,1231,23104,1909786748,578553997,4.230239980402714,1.7228880331467242
718,32.24,77,1444,477758591,144755996,4.229068486192269,1.7226587078718796
719,87.-82,1233,23104,273183140,82784853,4.227897942484332,1.722429718206597
720,87.82,617,11552,956764798,289981979,4.226728347737753,1.7222010634118072
721,-72.-56,65,1216,20155542,6109831,4.225559700415131,1.721972198757297
722,-72.56,309,5776,479005846,145225983,4.224391998982797,1.7217436682099
723,-79.-64,621,11552,45797182,13898187,4.217405568666689,1.720362131321923
724,-79.64,39,722,60341872,18329493,4.210452808024923,1.7189925732493665
725,36.-27,33,608,17003480,5169857,4.203533394085132,1.7176337635306564
726,36.27,315,5776,486463384,148045905,4.196647008499892,1.7162866320979555
727,45.-9,79,1444,121926306,37128973,4.192074278710068,1.7153921103007421
728,45.9,317,5776,488947064,148985879,4.187515996747764,1.7145026824375509
729,45.-63,159,2888,245093369,74727933,4.182972071602816,1.713611930095137
730,45.63,319,5776,491426412,149925853,4.178442413122301,1.7127262172625244
731,-26.-39,1277,23104,1966940268,600173399,4.177312217184447,1.712501864488761
732,-26.39,639,11552,328029148,100107231,4.176182905940177,1.7122778280022624
733,1.-16,641,11552,986556684,301261667,4.17167448026843,1.7113848315361218
734,1.16,643,11552,989025924,302201641,4.167180099559223,1.710496842322142
735,72.-56,1287,23104,659762156,201624423,4.166058688666469,1.7102756224501905
736,72.56,161,2888,35366448,10809701,4.164938148772554,1.7100547122397436
737,-1.-16,17,304,1536720,469987,4.160464672193246,1.7091615638896724
738,-1.16,81,1444,13821968,4229883,4.156005024002546,1.7082733806390675
739,-76.-68,651,11552,47565360,14569597,4.149341293721536,1.706950324769723
740,-76.68,327,5776,167093904,51228583,4.142708201389088,1.7056382092439708
741,-6.-66,41,722,251254917,77077868,4.1383030222690875,1.7047632579091032
742,-6.66,329,5776,503737956,154625723,4.13391125315193,1.7038930993065386
743,-4.-12,165,2888,252481234,77547855,4.129532812641355,1.7030173801504396
744,-4.12,331,5776,506186980,155565697,4.125167620079953,1.7021464252746779
745,-8.-20,663,11552,1013598472,311601381,4.1229899667745835,1.7017127222591766
746,-8.20,83,1444,18121839,5572703,4.120815595540246,1.701280195747771
747,4.-12,333,5776,508636004,156505671,4.116476659815909,1.7004186530629453
748,4.12,167,2888,254930258,78487829,4.1121507344131185,1.6995617591323362
749,-16.-2,669,11552,145849054,44917329,4.10999262624571,1.699131982889292
750,-16.2,335,5776,511082862,157445645,4.107837741542036,1.6987033620656304
751,16.-2,671,11552,1023388070,315361277,4.105686070686987,1.698275891989387
752,16.2,21,361,64038151,19739454,4.103537604108411,1.6978495680138495
753,-144.-144,673,11552,1025832040,316301251,4.101392332276854,1.6974233701216805
754,-144.144,337,5776,73360976,22626517,4.099250245705313,1.696998311528104
755,-32.-40,675,11552,1028268068,317241225,4.097111334948978,1.6965642577827589
756,-32.40,169,2888,257370618,79427803,4.094975590604987,1.6961313581692459
757,-21.-33,677,11552,1030695432,318181199,4.092843003312174,1.695697586862762
758,-21.33,339,5776,171984732,53108531,4.090713563750827,1.6952649652343212
759,-27.-9,679,11552,1033121352,319121173,4.088587262642439,1.694833488699897
760,-27.9,85,1444,129291789,39948895,4.08646409074947,1.694403152699902
761,-38.-60,681,11552,345182424,106687049,4.0843440388751,1.6939739526990243
762,-38.60,341,5776,518380116,160265567,4.082227097862998,1.6935458841860669
763,-63.-57,683,11552,1037973192,321001121,4.0801132585970805,1.6931189426737858
764,-63.57,9,152,1519278,469987,4.078002512001273,1.6926931236987313
765,21.-33,685,11552,1040399112,321941095,4.0758948490392815,1.692268422821089
766,21.33,343,5776,520806036,161205541,4.073790260714358,1.6918448356245237
767,27.-9,687,11552,347608344,107627023,4.071688738069071,1.6914223577160241
768,27.9,43,722,130504749,40418882,4.069590272185073,1.6910009847257472
769,63.-57,689,11552,1045250952,323821043,4.06749485418288,1.690580712306866
770,63.57,345,5776,174410652,54048505,4.0654024752216396,1.6901615361354172
771,84.-70,691,11552,1047676872,324761017,4.063313126498913,1.689743451910151
772,84.70,173,2888,262222458,81307751,4.061226799250447,1.6893264553523812
773,-12.-36,695,11552,1052522936,326640965,4.054985859276301,1.6880740320808911
774,-12.36,349,5776,528078020,164025463,4.048771800677518,1.6868313004312525
775,12.-36,701,11552,1059789144,329460887,4.042584392876548,1.68559814788634
776,12.36,22,361,18989683,5908408,4.036423408249874,1.6843744636709541
777,6.-66,353,5776,532919752,165905411,4.032330653615991,1.6835573652485833
778,6.66,177,2888,267064190,83187699,4.028249476804174,1.6827444240772904
779,20.-40,709,11552,152779532,47602969,4.026213209647655,1.6823278148467096
780,20.40,355,5776,535328344,166845385,4.0241798124951265,1.6819122593316926
781,-68.-53,1429,23104,2152100056,671611423,4.015064825791354,1.680046480156014
782,-68.53,719,11552,1081443368,337920653,4.006007066447873,1.678201684795877
783,-17.-43,45,722,90220037,28199220,4.0040019305574965,1.6777926199775497
784,-17.43,721,11552,1083837520,338860627,4.001999577646348,1.6773845743367464
785,17.-43,1,16,1502818,469987,4.0,1.6769775440530523
786,17.43,723,11552,362077224,113266867,3.998003189936053,1.6765715253252043
787,-64.-72,181,2888,543713291,170135294,3.9960091398039657,1.6761636407292924
788,-64.72,725,11552,155517356,48677225,3.994017841984874,1.6757567664578013
789,76.-68,91,1444,273049209,85537634,3.988060386688475,1.674529770011084
790,76.68,731,11552,1095772180,343560497,3.982127430934734,1.6733118130637619
791,-14.-6,77,1216,115406912,36188999,3.981140972748684,1.6731065251375203
792,-14.6,183,2888,274239787,86007621,3.9801551886031286,1.6729014885035591
793,-18.-22,1465,23104,2195105264,688530955,3.9791700775775607,1.672696702698684
794,-18.22,733,11552,1098146116,344500471,3.978185638753359,1.672492167260845
795,14.-6,1467,23104,313925600,98495847,3.977201871213781,1.672287881729129
796,14.6,367,5776,549666542,172485229,3.976218774043958,1.6720838456437606
797,18.-22,1469,23104,169219472,53108531,3.9752363463308913,1.6718800585460953
798,18.22,735,11552,1100520052,345440445,3.9742545871634443,1.6716765199786179
799,-10.-14,737,11552,1102891100,346380419,3.9703342177921015,1.6708610641033674
800,-10.-2,739,11552,1105262148,347320393,3.96642447274102,1.6700495646193239
801,-10.14,39,608,58296484,18329493,3.962525294581337,1.6692419926755648
802,-10.2,743,11552,1110004244,349200341,3.9586366263485746,1.6684383197022232
803,10.-14,745,11552,158910756,50020045,3.954758411537647,1.66763851740706
804,10.-2,747,11552,1114746340,351080289,3.9508905940979338,1.6668425577720842
805,10.14,749,11552,1117117388,352020263,3.9470331184284198,1.666050413050225
806,10.2,751,11552,1119488436,352960237,3.9431859293728992,1.6652620557620512
807,-18.-24,1505,23104,320361508,101047205,3.9403072552401066,1.664671398971924
808,-18.24,377,5776,561521060,177185099,3.937434313618507,1.6640828517962194
809,18.-24,1511,23104,2249637924,710150357,3.9345670817223417,1.6634964029041925
810,18.24,757,11552,1126595804,355780159,3.9317055369014393,1.6629120410464406
811,-39.-51,1515,23104,2254374244,712030305,3.9307529485268575,1.6627164834896202
812,-39.51,379,5776,563889220,178125073,3.9298009887160794,1.6625211574652894
813,-56.-44,759,11552,1128961076,356720133,3.9278989514717044,1.6621311983641534
814,-56.44,5,76,7435156,2349935,3.925999418556223,1.6617421604529756
815,56.-44,761,11552,1131326348,357660107,3.9241023833836257,1.6613540404573588
816,56.44,381,5776,566254492,179065047,3.922207839393849,1.6609668351184712
817,-32.-48,763,11552,23136490,7318369,3.9203157800526407,1.6605759472299246
818,-32.48,191,2888,283716759,89767517,3.918426198851422,1.660185977086795
819,-18.0,383,5776,568611822,180005021,3.914654444962214,1.6594069452082145
820,-24.-30,767,11552,1138401948,360480029,3.9127722593842376,1.659018795815592
821,-24.30,24,361,94965021,30079168,3.910892526166015,1.658631553178787
822,-28.-35,769,11552,162965508,51631429,3.9090152389253445,1.6582452141101967
823,-28.35,385,5776,114193686,36188999,3.907140391304907,1.6578597754372064
824,-3.-27,771,11552,381038388,120786659,3.905267976972137,1.6574752340021006
825,-3.27,193,2888,286073367,90707491,3.9033979896190907,1.6570915866619758
826,-69.-57,1545,23104,21807288,6915523,3.902463904095434,1.6569000972994024
827,-69.57,773,11552,1145471772,363299951,3.9015304229623236,1.6567088302886528
828,18.0,775,11552,229565676,72847985,3.897802526725571,1.6559459780028
829,24.-30,97,1444,41035953,13025354,3.8959421847000435,1.6555658759067597
830,24.30,777,11552,383394996,121726633,3.894084238479461,1.6551866524103298
831,28.-35,389,5776,575681646,182824943,3.892228681900979,1.654808304457669
832,28.35,41,608,60660084,19269467,3.890375508825502,1.6544308290071503
833,31.-41,781,11552,1154895316,367059847,3.8866762887451918,1.65367487583199
834,31.41,783,11552,1157249036,367999821,3.8829865295961303,1.6529223912018634
835,32.-40,49,722,1158421203,368469808,3.8811451827719625,1.6525415974685
836,32.40,785,11552,231918674,73787959,3.8793061831081816,1.652161673758626
837,62.-48,787,11552,1161936982,369879769,3.875635201379685,1.6514035280013124
838,62.48,789,11552,1164280594,370819743,3.8719735368737127,1.6506488302288127
839,3.-24,791,11552,1166615542,371759717,3.868321142414379,1.6498868425749025
840,3.24,793,11552,1168950490,372699691,3.8646779711831925,1.6491282988613785
841,-42.-22,1587,23104,779689244,248623123,3.863768614051989,1.6489387529852502
842,-42.22,397,5776,83579803,26654977,3.862859829744213,1.648749420972509
843,-20.-40,795,11552,234256510,74727933,3.8610439767154534,1.6483696184783598
844,-20.40,199,2888,586223929,187054826,3.859230406343522,1.6479906706257297
845,-3.-39,1593,23104,2346061024,748689291,3.858324475361861,1.6478015162849424
846,-3.39,797,11552,1173613166,374579639,3.8574191128966993,1.6476125745201267
847,-31.-25,801,11552,168324914,53779941,3.850196594478461,1.6461086501355877
848,-31.25,805,11552,236587126,75667907,3.843010053885192,1.6446181255227503
849,-80.-80,403,5776,592050469,189404761,3.8412189983592038,1.6442475670277392
850,-80.80,807,11552,1185266246,379279509,3.8394301636093906,1.6438778320439857
851,-93.-87,85,1216,24965240,7989779,3.8385365773058835,1.6436932725076447
852,-93.87,101,1444,84745111,27124964,3.8376435441353762,1.643508917817238
853,11.-44,1625,23104,2383314058,763728875,3.8296310240839917,1.6418365980896712
854,11.44,43,608,62993816,20209441,3.8216627587414878,1.640180791713746
855,-52.-38,1635,23104,2394925984,768428745,3.820780106501726,1.639997676927291
856,-52.38,409,5776,599021740,192224683,3.819897993945422,1.6398147627952675
857,52.-38,1637,23104,2397247936,769368719,3.8190164204130177,1.639632048986577
858,52.38,819,11552,1199204456,384919353,3.8181353852461624,1.6394495351708522
859,-11.-44,1647,23104,2408849032,774068589,3.810230187160816,1.637810667374182
860,-11.44,207,2888,43201592,13898187,3.8023680693878457,1.6361877798185749
861,-11.-4,829,11552,1210803386,389619223,3.8006267353914205,1.6358278509127042
862,-11.4,415,5776,605981098,195044605,3.798887500652884,1.6354686998110166
863,11.-4,831,11552,1213121006,390559197,3.7971503601168264,1.635110323983896
864,11.4,26,361,151784977,48878648,3.7954153087460787,1.63475272091273
865,-18.-27,833,11552,1215437904,391499171,3.7936823415216234,1.6343950310937791
866,-18.27,417,5776,608297996,195984579,3.791951453442507,1.6340381106584054
867,-21.-6,835,11552,243550816,78487829,3.7902226395257563,1.6336819571159953
868,-21.6,11,152,16038318,5169857,3.7884958948062883,1.63332656798672
869,18.-27,837,11552,1220070256,393379119,3.7867712143368273,1.6329719408014771
870,18.27,419,5776,87230596,28132079,3.7850485931878195,1.6326180731018323
871,21.-6,839,11552,1222386432,394319093,3.783328026447348,1.6322649624399614
872,21.6,105,1444,30588613,9869727,3.7816095092210484,1.6319126063785938
873,-3.-24,421,5776,87561272,28266361,3.7781786038207748,1.6312067495175906
874,-3.24,211,2888,307042774,99167257,3.7747558381799857,1.6305038948842256
875,-21.-28,845,11552,1229326296,397139015,3.7730474957176243,1.6301518927699068
876,-21.28,423,5776,615240748,198804501,3.7713411737672216,1.6298006372106093
877,-28.-21,847,11552,1231636696,398078989,3.7696368675549725,1.629450125823438
878,-28.21,53,722,22014141,7116946,3.7679345723239717,1.629100356235672
879,21.-28,849,11552,1233947096,399018963,3.7662342833341325,1.62875132608471
880,21.28,425,5776,617551148,199744475,3.764535995862107,1.6284030330180161
881,28.-21,851,11552,1236257496,399958937,3.7628397052012086,1.628055474693066
882,28.21,213,2888,309353174,100107231,3.7611454066613326,1.6277086487772934
883,42.-22,1705,23104,2475980592,801327835,3.760299002975636,1.627535509746632
884,42.22,853,11552,1238567896,400898911,3.759453095568881,1.6273625529480376
885,-90.-78,427,5776,619860826,200684449,3.7577627672666805,1.6270155044746135
886,-90.78,45,608,21769744,7049805,3.756074417113911,1.6266691845987191
887,15.-19,107,1444,310507291,100577218,3.754388040486024,1.6263235910183744
888,15.19,857,11552,177597560,57539837,3.7527036327746712,1.625978721441328
889,35.-33,429,5776,18853586,6109831,3.7510211893876253,1.6256345735850053
890,35.33,859,11552,1245490432,403718833,3.749340705748707,1.625291145176459
891,-50.-30,1719,23104,2492133176,807907653,3.74850119740911,1.6251188641265617
892,-50.30,215,2888,311660686,101047205,3.747662177297711,1.6249467628637502
893,-72.-64,861,11552,415930482,134886269,3.745985599490327,1.6245989246981258
894,-72.64,431,5776,624470074,202564397,3.744310967798073,1.6242518099882925
895,-9.-30,1725,23104,833008944,270242525,3.743474380334277,1.6240772727840103
896,-9.30,863,11552,178583812,57942683,3.742638277708216,1.6239029167430936
897,-5.-19,867,11552,418221388,135826243,3.735966843665336,1.6225045940382326
898,-5.19,871,11552,1259241644,409358677,3.7293261182883066,1.6211177767219462
899,5.-19,875,11552,1263819124,411238625,3.7227158201674797,1.6197423227437486
900,5.19,879,11552,422798868,137706191,3.716135671743767,1.6183780923921893
901,-11.-1,55,722,317385063,103397140,3.7144953133625114,1.6180379518677337
902,-11.1,881,11552,1270683900,414058547,3.7128568179667574,1.6176985035724498
903,-7.-13,441,5776,70657086,23029363,3.7112201813296504,1.617359745385957
904,-7.13,883,11552,181853028,59285503,3.709585399238705,1.6170216751965631
905,-84.-70,221,2888,18736983,6109831,3.707952467495739,1.6166842909012213
906,-84.70,885,11552,425086164,138646165,3.706321381916811,1.6163475904054838
907,11.-1,443,5776,638201070,208204241,3.7046921383321525,1.6160115716234587
908,11.1,887,11552,1277545788,416878469,3.7030647325861072,1.6156762324777663
909,38.-60,111,1444,106557453,34779038,3.701439160537065,1.6153415708994954
910,38.60,889,11552,1279833084,417818443,3.699815418057401,1.6150075848281595
911,7.-13,445,5776,91498338,29877745,3.698193501033411,1.614674272211655
912,7.13,891,11552,47485940,15509571,3.696573405365249,1.6143416310062166
913,24.-46,447,5776,642774940,210084189,3.691724005703853,1.6133460950297145
914,24.46,897,11552,99152260,32429103,3.6868908519679096,1.612356537593968
915,56.-72,1795,23104,2579100964,843626665,3.6860868981767574,1.6121916503103293
916,56.72,449,5776,645060792,211024163,3.685283392146024,1.6120269278269792
917,-62.-37,225,2888,35900006,11749675,3.682073835670134,1.6113632332597765
918,-62.37,451,5776,647339424,211964137,3.6788714036317898,1.610702178469797
919,-24.-46,905,11552,1298092464,425338235,3.6740810449166035,1.6097106968074968
920,-24.46,227,2888,46482360,15241007,3.669306539596256,1.6087250916746108
921,-8.-16,1817,23104,2604150032,853966379,3.668512322653055,1.608561391798928
922,-8.16,909,11552,1302643952,427218183,3.6677185426930636,1.6083978534649397
923,8.-16,1819,23104,2606425776,854906353,3.666925199235685,1.6082344764325964
924,8.16,455,5776,651890912,213844085,3.6661322918011123,1.6080712604623264
925,-62.-48,3,38,17184949,5639844,3.6629650127224296,1.6074184073575362
926,-62.48,457,5776,654165212,214784059,3.6598046718291015,1.606768117750751
927,-42.-58,1829,23104,2617795832,859606223,3.6590156671384544,1.6066047504142944
928,-42.58,915,11552,1309465408,430038105,3.6582270937157664,1.606441543150274
929,42.-58,1831,23104,2620065800,860546197,3.657438951089834,1.6062784957224965
930,42.58,229,2888,327650098,107627023,3.656651238790227,1.6061156078952346
931,-82.-72,917,11552,1311733932,430978079,3.6550771032921165,1.605788721936238
932,-82.72,459,5776,93776248,30817719,3.653504683473363,1.605462474306402
933,-21.-14,919,11552,187714224,61702579,3.6519339755981366,1.605135277702403
934,-21.14,115,1444,23484494,7721215,3.6503649759427956,1.6048087184137314
935,-22.-27,921,11552,188037680,61836861,3.6487976807958353,1.6044827945718083
936,-22.27,461,5776,94099704,30952001,3.647232086457833,1.6041575043153846
937,-25.-17,231,2888,47130716,15509571,3.6441059854711133,1.6035088171504717
938,-25.-31,463,5776,94423160,31086283,3.6409866436269347,1.6028626421742302
939,-25.17,29,361,11823111,3894178,3.637874031759599,1.6022189647568919
940,-25.31,465,5776,94746616,31220565,3.6347681208917773,1.601577770382555
941,21.-14,49,608,9981840,3289909,3.6332176693283773,1.6012580998311559
942,21.14,233,2888,47454172,15643853,3.6316688822328906,1.6009390446480778
943,22.-27,933,11552,189978416,62642553,3.6301217560354124,1.6006206030503665
944,22.27,467,5776,95070072,31354847,3.628576287177509,1.6003027732619781
945,25.-17,117,1444,23807950,7855497,3.6254903073037665,1.5996689420433499
946,25.-31,469,5776,1423784,469987,3.6224109143717946,1.5990375369207925
947,25.17,235,2888,47777628,15778135,3.619338080322171,1.5984085439313496
948,25.31,471,5776,95716984,31623411,3.6162717772743878,1.5977819492194625
949,72.-64,943,11552,191595696,63313963,3.6147410662120745,1.597469546916852
950,72.64,59,722,11984839,3961319,3.6132119775253297,1.597157739035936
951,-68.-52,237,2888,112235622,37128973,3.607111777988912,1.595913324217498
952,-68.52,119,1444,168919120,55928453,3.6010372635792276,1.5946783058629572
953,71.-59,1907,23104,2706096432,896265209,3.5987658985744146,1.5942156501327047
954,71.59,955,11552,1354743472,448837585,3.59649810396406,1.5937543000539722
955,-64.-46,239,2888,338968170,112326893,3.5949882189064226,1.5934464316483574
956,-64.46,957,11552,123363808,40888869,3.5934799124011456,1.5931391411391993
957,-45.-67,479,5776,679064104,225123773,3.591973181150991,1.5928293590695328
958,-45.67,959,11552,1359254528,450717533,3.59046802186904,1.5925201567280465
959,-31.-41,961,11552,1361504280,451657507,3.5874624061134206,1.591900424486852
960,-31.41,963,11552,1363754032,452597481,3.5844630390437118,1.5912830017463355
961,128.-127,965,11552,1366000896,453537455,3.581469894731728,1.5906648254207783
962,128.127,967,11552,1368247760,454477429,3.57848294741033,1.590048942832558
963,31.-25,971,11552,1372741488,456357377,3.572527541467979,1.5888240077695628
964,31.25,975,11552,196747888,65462475,3.566596618250198,1.5876080953093725
965,-54.-51,1955,23104,394297918,131260655,3.5629021346924565,1.586851555262048
966,-54.51,245,2888,19755003,6579818,3.5592170878846003,1.5860984812132946
967,54.-51,1965,23104,395902202,131932065,3.555541429741202,1.5853488492970609
968,54.51,985,11552,198352172,66133885,3.5518751125434322,1.5846026358668295
969,68.-53,1979,23104,2787034798,930104273,3.545299129839659,1.5832666461644995
970,68.53,497,5776,699284797,233583539,3.538752985324885,1.5819415313993794
971,-72.-81,1991,23104,2800504430,935744117,3.5365775211666683,1.5815007323470631
972,-72.81,997,11552,1401934836,468577039,3.534405332488975,1.5810611255562816
973,-6.-21,105,1216,21090152,7049805,3.533681995777463,1.5809142351549597
974,-6.21,499,5776,701527690,234523513,3.5329590215499107,1.5807674770034685
975,-69.-66,1997,23104,2807231304,938564039,3.532236409443198,1.5806208509225286
976,-69.66,999,11552,1404175924,469517013,3.5315141590947525,1.5804743567331838
977,6.-21,1999,23104,2809472392,939504013,3.5307922701425434,1.5803279942568038
978,6.21,125,1444,351324117,117496750,3.530070742225084,1.5801817633150805
979,69.-66,2001,23104,2811713480,940443987,3.52934957498143,1.580035663730031
980,69.66,1001,11552,200716,67141,3.5286287680511776,1.5798896953239927
981,-18.-17,1003,11552,1408656656,471396961,3.52574913627499,1.5793056510563057
982,-18.17,1005,11552,282179260,94467387,3.52287524082088,1.578723696219834
983,18.-17,53,608,74375576,24909311,3.5200070588803865,1.578143819575026
984,18.17,1009,11552,1415375588,474216883,3.5171445677808135,1.5775660099631315
985,-30.-54,505,5776,101178192,33906205,3.515715449248014,1.577277141474966
986,-30.54,1011,11552,1417613788,475156857,3.514287744984156,1.576988786758131
987,50.-30,2023,23104,405192176,135826243,3.513574422328888,1.5768440671496993
988,50.30,253,2888,354682861,118906711,3.512861452192861,1.5766994760477786
989,18.-48,1013,11552,1419843324,476096831,3.5114365680860327,1.5764048097264303
990,18.48,507,5776,710477602,238283409,3.5100130898838304,1.5761106645819332
991,-16.-49,127,1444,50827717,17053814,3.507170340115005,1.5755210046719308
992,-16.49,509,5776,712698474,239223383,3.5043331808114755,1.5749334220111908
993,-42.-39,255,2888,118967911,39948895,3.501501590028313,1.574344987090539
994,-42.39,511,5776,714916458,240163357,3.4986755459495495,1.5737586165459452
995,-57.-51,2045,23104,2860774824,961123415,3.49796989905806,1.573612345190377
996,-57.51,1023,11552,43361876,14569597,3.4972645971418426,1.5734662020077002
997,-9.-18,1025,11552,1433159892,481736675,3.4944468324943623,1.5728829076274677
998,-9.-27,2051,23104,2867428776,963943337,3.493743250407319,1.5727374027780268
999,-9.18,2055,23104,136755464,45991585,3.490932348318126,1.5721566533329625
1000,-9.27,257,2888,359121717,120786659,3.490230477693293,1.5720117826252655
1001,42.-39,515,5776,719352426,242043305,3.48742640481659,1.571433561423115
1002,42.39,129,1444,120076903,40418882,3.484627771463917,1.5708573508952324
1003,57.-51,2065,23104,2882954664,970523155,3.4839289605803634,1.570713611197243
1004,57.51,1033,11552,1442031828,485496571,3.4832304880221114,1.5705699963452544
1005,9.-18,1035,11552,481416604,162145515,3.4804399745004835,1.569996782135721
1006,9.-27,109,1216,152084664,51228583,3.479743188666659,1.5698537890700401
1007,9.18,2075,23104,2894044584,975223025,3.4769594057655215,1.5692830538979943
1008,9.27,519,5776,34466114,11615393,3.47626429852929,1.5691406785718263
1009,-34.-14,65,722,362447249,122196620,3.4734872138587165,1.5685666585945883
1010,-34.14,521,5776,726000602,244863227,3.470715464608663,1.5679946149809483
1011,26.-25,261,2888,363552631,122666607,3.4679490303172864,1.5674216723688168
1012,26.25,523,5776,728209922,245803201,3.46518789064023,1.5668506944209342
1013,7.-10,131,1444,364657291,123136594,3.4624320253497207,1.5662816710046314
1014,7.10,525,5776,104345606,35249025,3.459681414333686,1.5657145920570998
1015,88.-88,1051,11552,1461943144,493956337,3.4583080729249924,1.5654317786334495
1016,88.88,263,2888,365761951,123606581,3.4569360375948683,1.565149447584788
1017,-78.-43,527,5776,104661120,35383307,3.4541958752499564,1.564584805896868
1018,-78.43,33,361,366865889,124076568,3.4514609075287175,1.56402208318209
1019,-11.-41,2115,23104,979412494,331340835,3.449413078879859,1.5636005855552289
1020,-11.41,1059,11552,1470773926,497716233,3.4473681528948346,1.5631801593149506
1021,-18.-48,265,2888,735938571,249093110,3.4460064774366095,1.5629002324500987
1022,-18.48,1061,11552,1472980358,498656207,3.444646085972406,1.5626207790799707
1023,-16.-23,2123,23104,421009030,142540343,3.4439663709817934,1.5624808761332045
1024,-16.23,531,5776,737041426,249563097,3.4432869760830176,1.5623410913727815
1025,-47.-44,2125,23104,2949268198,998722375,3.4426079009747443,1.5622014246483482
1026,-47.44,1063,11552,1475185346,499596181,3.4419291453560663,1.5620618758098075
1027,16.-23,2127,23104,2951473186,999662349,3.4412507089264985,1.5619224447073174
1028,16.23,7,76,9712420,3289909,3.4405725913859815,1.5617831311912915
1029,47.-44,2129,23104,2953678174,1000602323,3.439894792434877,1.5616439351123976
1030,47.44,1065,11552,211055762,71505165,3.4392173117739704,1.5615048563215568
1031,-58.-38,2131,23104,422268920,143077471,3.4385401491044676,1.5613655422791728
1032,-58.38,533,5776,8123583,2752781,3.4378633041279953,1.561226345490132
1033,-34.-46,267,2888,246782127,83657686,3.435159095199617,1.560667914013861
1034,-34.46,535,5776,741446709,251443045,3.4324599455986617,1.5601113551044632
1035,16.-18,1071,11552,164888194,55928453,3.431112262136915,1.5598337749085194
1036,16.18,67,722,742547037,251913032,3.4297658364293984,1.5595566593176864
1037,18.-16,1073,11552,212313486,72042293,3.4284206661306493,1.5592800071613786
1038,18.16,537,5776,247882455,84127673,3.4270767489017584,1.5590038172729554
1039,34.-46,269,2888,744747693,252853006,3.4243926643305467,1.5584528196528313
1040,34.46,539,5776,745848021,253322993,3.4217135641346657,1.5579036572024816
1041,93.-87,2157,23104,994830804,337920653,3.4210445657267172,1.5577666522565388
1042,93.87,1079,11552,114830490,39008921,3.420375877399154,1.5576297612908256
1043,11.-41,2161,23104,2988892280,1015641907,3.4183716700276636,1.5572190738505907
1044,11.41,541,5776,748047955,254262967,3.416370243060356,1.5568094086437003
1045,-15.-19,3,32,1382450,469987,3.415037499278844,1.55653454546048
1046,-15.19,271,2888,749145395,254732954,3.413705985533299,1.5562601371726934
1047,-35.-33,1085,11552,299877646,101987179,3.412375699555329,1.5559861826470525
1048,-35.33,543,5776,250080945,85067647,3.4110466390828096,1.5557126807540471
1049,-4.-44,545,5776,752433383,256142915,3.4057426072228822,1.5546148710159557
1050,-4.44,547,5776,754623931,257082889,3.4004580040946144,1.553524262280203
1051,4.-44,549,5776,252271493,86007621,3.3951926878819725,1.5524407836181544
1052,4.44,29,304,39947633,13629623,3.3899465183160133,1.551364365033618
1053,34.-14,69,722,760099579,259432824,3.3873305701090017,1.550827411267707
1054,34.14,553,5776,761194131,259902811,3.384719356652464,1.5502922006296862
1055,-83.-73,1107,11552,1523481370,520275609,3.383415520105619,1.5500238788940415
1056,-83.73,277,2888,108898177,37196114,3.3821128608379825,1.5497559917152426
1057,82.-72,1109,11552,217952306,74459369,3.380811376725461,1.5494871725643204
1058,82.72,555,5776,109054129,37263255,3.3795110656497025,1.5492187878088208
1059,-74.-86,2221,23104,3054605832,1043841127,3.3788613493401902,1.549084075995732
1060,-74.86,1111,11552,1527848026,522155557,3.378211925498079,1.5489494728724749
1061,78.-42,1113,11552,1530027022,523095531,3.3756171495452114,1.5484107830618197
1062,78.42,1115,11552,218886574,74862215,3.373027032079504,1.5478738256350952
1063,-81.-89,2233,23104,3067671144,1049480971,3.3710874910646975,1.547467825263502
1064,-81.89,559,5776,59056351,20209441,3.369150554043981,1.5470628005100224
1065,-102.-94,35,361,768818451,263192720,3.3665720099422045,1.5465233758114956
1066,-102.94,561,5776,769904339,263662707,3.363998066278378,1.5459856735068154
1067,-22.-14,281,2888,110141461,37733242,3.3614287066662447,1.5454496853225062
1068,-22.14,563,5776,772076115,264602681,3.3588639148069412,1.5449154030382306
1069,-32.-52,2255,23104,441651732,151402955,3.3569433087444276,1.5445158059066137
1070,-32.52,1129,11552,1547409894,530615323,3.3550252561141702,1.5441171603220076
1071,-6.-18,1131,11552,17028370,5841267,3.3524718128973503,1.5435871071687162
1072,-6.18,1133,11552,1551753446,532495271,3.3499228810666555,1.5430587315566069
1073,22.-14,1135,11552,1553925222,533435245,3.3473784447088937,1.542532025499232
1074,22.14,1137,11552,1556096998,534375219,3.3448384879949233,1.542006981060981
1075,6.-18,1139,11552,1558268774,535315193,3.3423029951790593,1.5414835903566733
1076,6.18,1141,11552,1560440550,536255167,3.3397719505984895,1.5409618455511573
1077,64.-46,571,5776,780763219,268362577,3.338508091524328,1.5407015879255435
1078,64.-72,1143,11552,1562612326,537195141,3.337245338672693,1.5404417388589136
1079,64.46,143,1444,60142239,20679428,3.335983690108782,1.5401822973857677
1080,64.72,1145,11552,223540586,76876445,3.3347231439028646,1.5399232625436592
1081,-25.-23,2291,23104,3130651204,1076740217,3.334093283582496,1.5397925664356098
1082,-25.23,573,5776,782933551,269302551,3.333463698130266,1.539661972547477
1083,-5.-11,2293,23104,3132817204,1077680191,3.3328343873063773,1.5395314807588518
1084,-5.11,1147,11552,1566950102,539075089,3.332205350871346,1.539401090949514
1085,25.-23,2295,23104,3134983204,1078620165,3.331576588586001,1.539270802999433
1086,25.23,287,2888,784016551,269772538,3.3309481002114834,1.539140616788768
1087,39.-51,2297,23104,448164172,154222877,3.330319885509247,1.5390105321978662
1088,39.51,1149,11552,1569116102,540015063,3.3296919442410577,1.5388805491072632
1089,5.-11,121,1216,165227116,56868427,3.329064276168991,1.5387506673976836
1090,5.11,575,5776,785099551,270242525,3.3284368810554334,1.5386208869500382
1091,16.-49,36,361,112311071,38673216,3.3259300254448587,1.5380935009619554
1092,16.49,577,5776,787255443,271182499,3.3234275182416884,1.5375677511436272
1093,-5.-50,289,2888,788331223,271652486,3.3209293443864922,1.537039665949065
1094,-5.50,579,5776,112772429,38874639,3.318435488897934,1.5365132125124228
1095,-71.-59,2319,23104,451549630,155699979,3.3165679222411675,1.5361158137746471
1096,-71.59,1161,11552,75334924,25983567,3.3147027700216043,1.535719332835129
1097,-34.-1,581,5776,791551704,273062447,3.313460673482642,1.5354526693437907
1098,-34.1,1163,11552,1584173412,546594881,3.3122196454139528,1.535186415259813
1099,34.-1,291,2888,132103618,45588739,3.310979683978887,1.534920569636553
1100,34.1,1165,11552,317262684,109506971,3.3097407873455285,1.5346551315302985
1101,-73.-63,2333,23104,3175831798,1096479671,3.307884434902972,1.534255440513554
1102,-73.63,73,722,113537027,39210344,3.3060304680071537,1.5338566657639106
1103,30.-54,1169,11552,1590581162,549414803,3.304795812355515,1.5335863027352747
1104,30.54,585,5776,265273991,91647465,3.303562212416404,1.5333163513196382
1105,68.-52,587,5776,797940321,275882369,3.298638333777119,1.5322275890784205
1106,68.52,31,304,42108351,14569597,3.2937312030567103,1.531145406888975
1107,-95.-81,1179,11552,533724782,184704891,3.292507023907408,1.5308739308393737
1108,-95.81,295,2888,801115677,277292330,3.2912838826379676,1.5306028639544684
1109,95.-81,1181,11552,1603288362,555054647,3.290061777490014,1.530332205305152
1110,95.81,591,5776,267390895,92587439,3.288840706709639,1.5300619539651412
1111,5.-50,37,361,803226805,278232304,3.286401661258221,1.5295174823248259
1112,5.50,593,5776,114897275,39814613,3.283966732341167,1.5289746424921364
1113,-12.-9,1187,11552,229944726,79696367,3.2827508072452645,1.5287012436909264
1114,-12.9,297,2888,115047451,39881754,3.2815359060864053,1.5284282534674294
1115,-9.-12,1189,11552,230245078,79830649,3.280322027141515,1.5281556709015611
1116,-9.12,595,5776,6776331,2349935,3.279109168691865,1.5278834950760132
1117,12.-9,1191,11552,230545430,79964931,3.277897329023057,1.5276117250762407
1118,12.9,149,1444,115347803,40016036,3.2766865064250092,1.5273403599904536
1119,9.-12,1193,11552,230845782,80099213,3.275476699191943,1.5270693989096047
1120,9.12,597,5776,115497979,40083177,3.274267905622366,1.526798840927381
1121,-20.-28,2393,23104,3239151920,1124678891,3.271250345348672,1.5261029799021377
1122,-20.28,1199,11552,1622180214,563514413,3.2682390834729476,1.5254096870145766
1123,20.-28,2403,23104,3249568936,1129378761,3.2652340937573046,1.5247189479943584
1124,20.28,301,2888,813694361,282932174,3.262235350127469,1.5240307486772566
1125,25.-9,603,5776,90526165,31489129,3.259840834987086,1.5234809855722105
1126,25.9,151,1444,815776609,283872148,3.257450287562092,1.5229328343384625
1127,-22.-8,2419,23104,79664036,27729233,3.255659972907246,1.5225208609728202
1128,-22.8,1211,11552,1634672258,569154257,3.253871877192842,1.522109790946296
1129,22.-8,2425,23104,3272463556,1139718475,3.2520859949253187,1.5216996212743672
1130,22.8,607,5776,818895649,285282109,3.250302320631489,1.521290348985717
1131,26.-39,2429,23104,3276622276,1141598423,3.249708252251306,1.5211541237963384
1132,26.39,1215,11552,1638830978,571034205,3.249114428394028,1.5210179978781788
1133,-88.-88,2,19,6164911,2148512,3.2479275134435857,1.520742232287588
1134,-88.88,1217,11552,1640901674,571974179,3.2467415741734427,1.5204668672944317
1135,74.-69,2439,23104,3286964204,1146298293,3.243780984090987,1.5197732299792872
1136,74.69,611,5776,117575895,41023151,3.2408264570684415,1.519082099176596
1137,-26.-22,153,1444,824063003,287632044,3.238467184194519,1.5185302316463711
1138,-26.22,613,5776,825094741,288102031,3.2361117631963894,1.51797995451117
1139,-16.-18,1227,11552,1651220498,576674049,3.234935493224266,1.5177047793607403
1140,-16.18,307,2888,826125757,288572018,3.2337601815169914,1.5174300000104344
1141,-18.-16,1229,11552,1653282530,577614023,3.232585826514509,1.51715561560194
1142,-18.16,615,5776,827156773,289042005,3.231412426660569,1.5168816252794384
1143,90.-78,1231,11552,236477382,82650571,3.2302399804027138,1.5166055111867875
1144,90.78,77,722,828184901,289511992,3.22906848619227,1.5163297926049883
1145,-87.-82,2465,23104,473395184,165502565,3.228483095621897,1.5161914526979225
1146,-87.82,1233,11552,1657396486,579493971,3.227897942484332,1.516053211738134
1147,-33.-45,65,608,87339162,30549155,3.225559700415131,1.5154962136825818
1148,-33.45,1237,11552,1661491670,581373919,3.2232252419108014,1.5149408026652622
1149,-47.-65,619,5776,831257011,290921953,3.222059427672906,1.514662437092393
1150,-47.65,1239,11552,1663536374,582313893,3.2208945547465695,1.5143844672681064
1151,-2.-14,1241,11552,1665577468,583253867,3.2185676267568146,1.5138265845561685
1152,-2.14,1243,11552,1667618562,584193841,3.2162444458346857,1.5132702823494513
1153,2.-14,1245,11552,238522808,83590545,3.2139249999317276,1.5127155538998163
1154,2.14,1247,11552,1671700750,586073789,3.211609277057501,1.5121623924977168
1155,11.-66,1249,11552,1673741122,587013763,3.2092972652792136,1.5116101691381674
1156,11.66,1251,11552,1675781494,587953737,3.206988952721351,1.5110595010374601
1157,73.-63,2505,23104,1118206164,392439145,3.2052601388046003,1.5106453430948725
1158,73.63,33,304,44179921,15509571,3.203533394085132,1.5102320574597867
1159,-11.-66,157,1444,210108859,73787959,3.201234277995544,1.509679676744568
1160,-11.66,629,5776,841452373,295621823,3.1989388200078817,1.5091288418378688
1161,-14.-42,315,2888,13372523,4699870,3.1966470084998924,1.508578928021765
1162,-14.42,631,5776,843485525,296561797,3.194358831904622,1.5080305485019703
1163,14.-42,79,722,844502101,297031784,3.192074278710068,1.5074836968267962
1164,14.42,633,5776,281839559,99167257,3.1897933374588296,1.5069383665808929
1165,-114.-111,317,2888,846530921,297971758,3.1875159967477638,1.506387168619909
1166,-114.111,635,5776,24215519,8526907,3.1852422452276428,1.5058374970380104
1167,-48.-33,159,1444,282851081,99637244,3.1829720716028156,1.5052856628742073
1168,-48.33,637,5776,849563321,299381719,3.180705464630871,1.5047353511487345
1169,-9.-36,319,2888,850573399,299851706,3.1784424131223017,1.5041865555300873
1170,-9.36,639,5776,283861159,100107231,3.1761829059401765,1.503639269722039
1171,48.-33,40,361,170518711,60158336,3.1739269319998087,1.5030934874633932
1172,48.33,641,5776,853603633,301261667,3.1716744802684302,1.5025492025277392
1173,9.-36,321,2888,40695891,14368174,3.169425539764868,1.5020064087232097
1174,9.36,643,5776,855623789,302201641,3.1671800995592236,1.5014650998922394
1175,26.-22,161,1444,856633145,302671628,3.164938148772554,1.5009240539586326
1176,26.22,645,5776,857642501,303141615,3.1626996765765547,1.5003844836485305
1177,74.-86,2581,23104,3431579360,1213036447,3.162140600793201,1.5002498209255613
1178,74.86,1291,11552,1716294358,606753217,3.1615817415799805,1.500115249955304
1179,-26.-25,1293,11552,245472058,86813313,3.1593484670769167,1.4995706074071662
1180,-26.25,1295,11552,1720314454,608633165,3.157118644313255,1.4990274424150758
1181,-7.-10,1297,11552,1722324502,609573139,3.1548922626354714,1.4984857489361643
1182,-7.10,1299,11552,1724334550,610513113,3.15266931143929,1.497945520960676
1183,30.-50,325,2888,123238541,43641650,3.1515591189713543,1.4976759546676648
1184,30.50,1301,11552,1726344598,611453087,3.1504497801693754,1.4974067525117396
1185,-55.-49,1303,11552,1728350314,612393061,3.1482336583190365,1.4968658216264257
1186,-55.49,1305,11552,346071206,122666607,3.1460209354299242,1.4963263468036123
1187,55.-49,1307,11552,1732361746,614273009,3.1438116010917376,1.4957883221345543
1188,55.49,1309,11552,1734367462,615212983,3.1416056449419303,1.4952517417426339
1189,32.-52,2621,23104,3471738444,1231835927,3.1399533885587534,1.4948481505296716
1190,32.52,41,361,21187451,7519792,3.1383030222690875,1.4944453696141042
1191,81.-89,2627,23104,496820474,176379407,3.136654541753539,1.494042498006768
1192,81.89,1315,11552,1740372336,618032905,3.135007942707506,1.4936404333499569
1193,58.-38,2631,23104,3481742476,1236535797,3.1344594937212817,1.493505493749627
1194,58.38,329,2888,435342535,154625723,3.1339112531519295,1.4933706440788848
1195,-135.-137,659,5776,871679986,309721433,3.131720371879119,1.4928273630381403
1196,-135.137,165,1444,13222347,4699870,3.1295328126413553,1.492285524570643
1197,-70.-40,331,2888,437332367,155565697,3.1251676200799534,1.4912061522818314
1198,-70.40,83,722,438327283,156035684,3.1208155955402463,1.4901324813740424
1199,135.-137,35,304,46192078,16449545,3.118644496498619,1.4895977697474985
1200,135.137,333,2888,146440733,52168557,3.116476659815909,1.4890644664981565
1201,-39.-66,2665,23104,3515571064,1252515355,3.1159352092406327,1.4889307675103178
1202,-39.66,1333,11552,1758282268,626492671,3.1153939617981976,1.4887971564442912
1203,-42.-30,2675,23104,705100868,251443045,3.1105318507112996,1.4875980080613622
1204,-42.30,671,5776,11475468,4095601,3.1056860706869873,1.4864059141283772
1205,62.-37,42,361,31592915,11279688,3.1035376041084106,1.4858738942696454
1206,62.37,673,5776,126513172,45185893,3.1013923322768537,1.485343260060455
1207,66.-54,337,2888,63327342,22626517,3.0992502457053126,1.4848140060586918
1208,66.54,675,5776,126796196,45320175,3.097111334948978,1.4842861268508876
1209,45.-67,1351,11552,1776134440,634952437,3.0960430675614865,1.4840203552861808
1210,45.67,169,1444,222140267,79427803,3.0949755906049865,1.4837549280141487
1211,6.-33,677,5776,889545876,318181199,3.0928430033121743,1.4832204198108954
1212,6.33,339,2888,445265342,159325593,3.090713563750827,1.4826872910989892
1213,63.-54,679,5776,891511160,319121173,3.0885872626424393,1.482148526232141
1214,63.54,85,722,13124877,4699870,3.086464090749469,1.4816111455817667
1215,-30.-50,1361,11552,1785953640,639652307,3.0854036753831764,1.481334807431283
1216,-30.50,681,5776,297820668,106687049,3.0843440388751,1.4810588222394738
1217,-86.-83,341,2888,447216186,160265567,3.0822270978629986,1.4805079080102637
1218,-86.83,683,5776,895402740,321001121,3.0801132585970805,1.4799583974684993
1219,-62.-38,9,76,11794345,4229883,3.078002512001273,1.4794056370293838
1220,-62.38,685,5776,25638220,9198317,3.075894849039282,1.4788542795482924
1221,144.-144,1371,11552,1795639270,644352177,3.074842171107945,1.478576224807557
1222,144.144,343,2888,449150785,161205541,3.073790260714359,1.4782985219109712
1223,-78.-57,2745,23104,1198055032,430038105,3.07326459299461,1.4781577735238036
1224,-78.57,1373,11552,1797561956,645292151,3.0727391167400704,1.4780171139305465
1225,33.-45,1375,11552,1799479588,646232125,3.0706391235877866,1.4774553618048971
1226,33.45,1377,11552,85780820,30817719,3.0685421827522066,1.4768950236278924
1227,78.-57,145,1216,189671224,68148115,3.068018423428651,1.4767551593827677
1228,78.57,689,5776,69321386,24909311,3.0674948541828795,1.4766153830897375
1229,-66.-54,345,2888,64438139,23163645,3.0654024752216396,1.4760525372783417
1230,-66.54,691,5776,903089874,324761017,3.0633131264989126,1.475491101824509
1231,-117.-123,173,1444,904045441,325231004,3.0612267992504463,1.4749304953000861
1232,-117.123,693,5776,905001008,325700991,3.0591434847499572,1.4743712897036154
1233,-39.-9,347,2888,905956575,326170978,3.05706317430891,1.4738134797485236
1234,-39.9,695,5776,906912142,326640965,3.054985859276301,1.4732570601750112
1235,117.-123,87,722,129695387,46730136,3.0529115310384425,1.4727020257498795
1236,117.123,697,5776,908823276,327580939,3.050840181018748,1.4721483712663632
1237,39.-9,349,2888,909778843,328050926,3.048771800677519,1.4715960915439608
1238,39.9,699,5776,910734410,328520913,3.0467063815117346,1.47104518142827
1239,-79.-65,1399,11552,260345980,93930259,3.0456747797224177,1.4707682379060996
1240,-79.65,175,1444,18233749,6579818,3.0446439150548423,1.470491636958418
1241,79.-65,1401,11552,1824327940,658451787,3.043613786456353,1.4702153779449054
1242,79.65,701,5776,912640490,329460887,3.042584392876548,1.4699394602268494
1243,-12.-20,2807,23104,74559496,26923541,3.0410416783746466,1.4695239413060324
1244,-12.20,1405,11552,1828134324,660331735,3.0395006117788825,1.4691091902869375
1245,12.-20,2813,23104,3659121992,1322073431,3.037961189572471,1.4686952050257518
1246,12.20,44,361,457746917,165435424,3.0364234082498736,1.4682819833866974
1247,-25.-9,705,5776,916442542,331340835,3.034375579601015,1.4677284167298383
1248,-25.9,353,2888,458695625,165905411,3.0323306536159906,1.4671762066658824
1249,-15.-30,707,5776,918338514,332280809,3.030288622077772,1.466623079674847
1250,-15.30,177,1444,459642889,166375398,3.0282494768041737,1.4660713039383282
1251,102.-94,709,5776,920233042,333220783,3.026213209647655,1.4655208744706136
1252,102.94,355,2888,460590153,166845385,3.0241798124951265,1.4649717863106817
1253,75.-9,711,5776,131732510,47737251,3.0221492772677556,1.464424034522049
1254,75.9,89,722,461537417,167315372,3.0201215959207732,1.463877614192616
1255,-48.-32,713,5776,132002538,47871533,3.018096760443283,1.4633257567763969
1256,-48.32,357,2888,462480349,167785359,3.016074762858071,1.4627752348894845
1257,15.-30,715,5776,925901464,336040705,3.014055595221419,1.4622226686968351
1258,15.30,179,1444,463421115,168255346,3.0120392496229145,1.4616714351522835
1259,-28.-37,2865,23104,1236101544,448837585,3.0115356032429035,1.4615318681939997
1260,-28.37,1433,11552,1854620172,673491371,3.0110321326250253,1.4613923851417185
1261,-45.-87,1435,11552,1856491596,674431345,3.0090200053241207,1.4608352904681452
1262,-45.87,1437,11552,619454340,225123773,3.0070106804298344,1.4602795322038782
1263,28.-37,2875,23104,531094536,193030375,3.0065087861680713,1.4601408008835695
1264,28.37,719,5776,929649366,337920653,3.0060070664478733,1.4600021527105065
1265,45.-87,45,361,51699171,18799480,3.004001930557496,1.4594483899847406
1266,45.87,721,5776,931520790,338860627,3.0019995776463486,1.4588959516020021
1267,6.-54,1445,11552,1865847994,679131215,2.99900124949913,1.4580692084505755
1268,6.54,181,1444,233581801,85067647,2.9960091398039657,1.457245419932802
1269,-81.-72,2899,23104,3740108732,1362492313,2.994515408825774,1.4568321221632596
1270,-81.72,1451,11552,1871454324,681951137,2.9930232228204265,1.4564195608364308
1271,78.-43,1453,11552,267617242,97555873,2.9910360392543294,1.4558704358738361
1272,78.43,1455,11552,1875187064,683831085,2.989051589091525,1.4553226123047565
1273,19.-46,2911,23104,3751306952,1368132157,2.9885559027644053,1.4551857203735614
1274,19.46,91,722,117257493,42768817,2.988060386688475,1.4550489094845347
1275,42.-30,2921,23104,3760625084,1372832027,2.9836083840579923,1.4538173686929856
1276,42.30,1465,11552,269215028,98361565,2.9791700775775607,1.452592351171244
1277,-63.-73,1467,11552,628786912,229823643,2.977201871213781,1.4520439664720415
1278,-63.73,1469,11552,1888216276,690410903,2.9752363463308913,1.4514968673164845
1279,-10.-50,1471,11552,1890067484,691350877,2.973273495632341,1.4509477425234585
1280,-10.50,1473,11552,630639564,230763617,2.971313311851322,1.4503999006655781
1281,10.-50,1475,11552,75750796,27729233,2.969355787750605,1.4498533372126945
1282,10.50,1477,11552,1895621108,694170799,2.967400916122382,1.4493080476561429
1283,-13.-26,1479,11552,1897469428,695110773,2.9654486897881034,1.4487618316892545
1284,-13.26,1481,11552,1899317748,696050747,2.963499101598323,1.4482168849423644
1285,-55.-64,2963,23104,3799559656,1392571481,2.9630121159258884,1.4480808460484451
1286,-55.64,39,304,50006366,18329493,2.962525294581337,1.4479448861326398
1287,-63.-54,371,2888,475522557,174365177,2.960579650266368,1.4474018348645854
1288,-63.54,743,5776,951969274,349200341,2.9586366263485746,1.4468600417122635
1289,-75.-9,93,722,476446717,174835164,2.95669621577914,1.4463195022705448
1290,-75.9,745,5776,953817594,350140315,2.954758411537647,1.4457802121550154
1291,13.-26,373,2888,477370877,175305151,2.9528232066319333,1.445242167001854
1292,13.26,747,5776,136523702,50154327,2.9508905940979338,1.4447053624677106
1293,39.-66,2989,23104,3823587816,1404791143,2.9504078452090763,1.4445713546738492
1294,39.66,1495,11552,1912255988,702630565,2.949925257801704,1.4444374240810414
1295,-21.-24,2993,23104,3827283734,1406671091,2.94847846338907,1.444035822678676
1296,-21.24,749,5776,957513873,352020263,2.9470331184284198,1.4436349140627587
1297,21.-24,2999,23104,547546750,201355859,2.9455892200184306,1.4432346964267486
1298,21.24,79,608,100936816,37128973,2.9441467652664826,1.4428351679704312
1299,-27.-39,3005,23104,3838367156,1412310935,2.942705751288623,1.442434970039949
1300,-27.39,47,361,480141913,176715112,2.9412661752095337,1.442035459664546
1301,-8.-58,377,2888,481064629,177185099,2.937434313618507,1.440973446484009
1302,-8.58,189,1444,68855335,25379298,2.9336126026660985,1.439916276263833
1303,27.-39,3027,23104,3858666908,1422650649,2.9321820670596574,1.4395210791936903
1304,27.39,1515,11552,1930717528,712030305,2.9307529485268575,1.4391265567275795
1305,60.-52,1517,11552,1932560072,712970279,2.928849656640138,1.4385994172006977
1306,60.52,1519,11552,1934402616,713910253,2.9269488723850876,1.4380734738774419
1307,64.-56,761,5776,968581772,357660107,2.9241023833836257,1.437284641981378
1308,64.56,1525,11552,1939924472,716730175,2.92126149954956,1.436498484679551
1309,-6.-33,1527,11552,1941764128,717670149,2.9193706800903194,1.4359751436866934
1310,-6.33,1529,11552,1943603784,718610123,2.9174823355263664,1.435452982633074
1311,-60.-52,1531,11552,277919460,102792871,2.915596459387383,1.4349266433067056
1312,-60.52,1533,11552,649089552,240163357,2.9137130452283935,1.4344014859945249
1313,8.-58,1537,11552,1950933528,722370019,2.9099535771964,1.4333547013832921
1314,8.58,1541,11552,1954598400,724249967,2.9062038803723858,1.4323125969227704
1315,-64.-64,193,1444,489335139,181414982,2.9033979896190907,1.43152928144736
1316,-64.64,1547,11552,40001688,14838161,2.9005975454381354,1.4307485809795761
1317,-48.-60,3095,23104,3921078032,1454609765,2.900131332785544,1.4306181862490297
1318,-48.60,387,2888,490248830,181884969,2.899665270742761,1.4304878639777256
1319,-64.-56,1551,11552,1963724480,728949837,2.8968720558510803,1.429701083396299
1320,-64.56,777,5776,983226820,365179899,2.894084238479461,1.428916913752821
1321,-4.-36,389,2888,70295364,26117849,2.892228681900979,1.4283934612101032
1322,-4.36,41,304,51844388,19269467,2.890375508825502,1.4278711633144825
1323,39.-49,195,1444,246487912,91647465,2.8885247131375604,1.4273500162156205
1324,39.49,781,5776,986859924,367059847,2.8866762887451918,1.4268300160804293
1325,4.-36,391,2888,493884100,183764917,2.8848302295798187,1.426311159092971
1326,4.36,783,5776,988676476,367999821,2.8829865295961303,1.4257934414543632
1327,-6.-54,1569,11552,660020632,245803201,2.8802253899190733,1.425007419795193
1328,-6.54,393,2888,495692710,184704891,2.8774695246285646,1.4242239721886787
1329,-24.-3,1573,11552,1983671896,739289551,2.8765520714714845,1.423961992528456
1330,-24.3,787,5776,992286476,369879769,2.875635201379685,1.4237002982611822
1331,-27.-36,1575,11552,283639144,105747075,2.8747189136125297,1.423438888916465
1332,-27.36,197,1444,248296883,92587439,2.873803207430795,1.423177764024955
1333,24.-3,83,608,104593480,39008921,2.8728880820966607,1.4229169231183412
1334,24.3,789,5776,994088588,370819743,2.8719735368737127,1.4226563657293496
1335,27.-36,1579,11552,1989078232,742109473,2.871059571026934,1.4223960913917404
1336,27.36,395,2888,497494822,185644865,2.8701461838227056,1.4221360996403045
1337,-39.-49,791,5776,995886368,371759717,2.868321142414379,1.4216106864835967
1338,-39.49,99,722,249195773,93057426,2.8664984068075614,1.421086409433147
1339,-80.-73,3169,23104,3988021872,1489388803,2.8660430825049374,1.4209529053678136
1340,-80.73,1585,11552,1994455688,744929395,2.8655879018604016,1.4208194731885266
1341,80.-73,3171,23104,3989800880,1490328777,2.8651328647833316,1.4206861128366712
1342,80.73,793,5776,997672596,372699691,2.8646779711831925,1.4205528242536953
1343,47.-65,1587,11552,95058520,35517589,2.863768614051989,1.420282287792309
1344,47.65,397,2888,499278162,186584839,2.862859829744213,1.420012041411829
1345,62.-38,795,5776,333146684,124546555,2.8610439767154534,1.4194724170104591
1346,62.38,199,1444,250080945,93527413,2.859230406343522,1.4189339472936038
1347,70.-60,1593,11552,667177096,249563097,2.858324475361861,1.418665144272605
1348,70.60,797,5776,143029644,53511377,2.8574191128966993,1.4183966285216578
1349,81.-72,3191,23104,4007480494,1499728517,2.856062133607859,1.4179941325895307
1350,81.72,1597,11552,2005065478,750569239,2.854706429475938,1.4175922807480592
1351,-65.-45,3203,23104,4018049852,1505368361,2.850646944112487,1.4163789085868281
1352,-65.45,803,5776,1006492187,377399561,2.8465988493698564,1.4151713233574774
1353,-72.-60,1613,11552,2019135814,758089031,2.840324303731528,1.4132987590360506
1354,-72.60,405,2888,1012643627,380689470,2.834076929115184,1.4114399751662732
1355,-24.-25,1621,11552,2026165206,761848927,2.8331866513696293,1.411174963065013
1356,-24.25,811,5776,144788797,54451351,2.8322969226698977,1.410910229136139
1357,24.-25,1623,11552,2027921110,762788901,2.8314077423391995,1.4106457729374515
1358,24.25,203,1444,1014399531,381629444,2.830519109701995,1.4103815940276965
1359,48.-60,9,64,11242316,4229883,2.830074998557688,1.4102496084185354
1360,48.60,1625,11552,2029677014,763728875,2.8296310240839917,1.4101176919665646
1361,86.-83,1627,11552,2031432918,764668849,2.8278564912146433,1.4095907166336292
1362,86.83,1629,11552,290455546,109372689,2.826084138361653,1.4090648434349367
1363,-76.-56,3269,23104,4076022120,1536387503,2.821221365119905,1.4076197467031897
1364,-76.56,205,1444,1021416649,385389340,2.816374927381725,1.4061829082912456
1365,114.-111,821,5776,1022292435,385859327,2.814616615109366,1.4056610657359445
1366,114.111,411,2888,1023168221,386329314,2.812860443205488,1.4051403047333537
1367,28.-38,1645,11552,2047211506,773128615,2.8119831582645674,1.404879819951379
1368,28.38,823,5776,1024043285,386799301,2.8111064064655453,1.404619604721391
1369,48.-32,103,722,1024916905,387269288,2.809354499703953,1.4040979486246459
1370,48.32,825,5776,13677207,5169857,2.8076047177539927,1.4035773691434819
1371,-76.-67,3305,23104,821493766,310661407,2.805420470492117,1.40290659840643
1372,-76.67,1655,11552,411177556,155565697,2.803239525192591,1.4022375435647765
1373,6.-24,415,2888,515046281,195044605,2.798887500652884,1.4008979822515535
1374,6.24,1665,11552,2064482468,782528355,2.7945485649285464,1.3995652325932446
1375,-74.-69,3335,23104,4133260836,1567406645,2.7923839808152238,1.3989008917208305
1376,-74.69,835,5776,1034389184,392439145,2.7902226395257563,1.398238235205762
1377,-30.-18,3341,23104,4138413028,1570226567,2.7897907595522007,1.3981048986685867
1378,-30.18,1671,11552,689878220,261782759,2.7893590088259828,1.3979716296125815
1379,30.-18,3343,23104,591446516,224452363,2.7889273872697675,1.3978384279859632
1380,30.18,11,76,13621651,5169857,2.7884958948062883,1.3977052937370027
1381,-22.-20,419,2888,518477586,196924553,2.7850485931878195,1.3966386211398565
1382,-22.20,105,722,259666217,98697270,2.7816095092210484,1.3955762443265527
1383,-34.-21,3361,23104,4155514320,1579626307,2.781180199579169,1.395443747965727
1384,-34.21,1681,11552,296883512,112864021,2.7807510176510037,1.3953113182662091
1385,-4.-10,1685,11552,2081603976,791928095,2.7773221508179504,1.3942542743857946
1386,-4.10,1689,11552,2085023368,793808043,2.773901414085785,1.3932014676754143
1387,-87.-45,1693,11552,2088442760,795687991,2.7704887689915294,1.3921528724302747
1388,-87.45,1697,11552,2091862152,797567939,2.7670841773445076,1.391108463155274
1389,22.-20,1701,11552,2095281544,799447887,2.763687601223786,1.3900682145628427
1390,22.20,1705,11552,2098700936,801327835,2.760299002975636,1.3890321015708178
1391,4.-10,1709,11552,300302904,114743969,2.7569183452110315,1.3880000993003387
1392,4.10,1713,11552,2105539720,805087731,2.753545590803172,1.3869721830737733
1393,55.-64,3427,23104,4211934288,1610645449,2.7531245503679966,1.3868439796241172
1394,55.64,857,5776,1053197284,402778859,2.7527036327746712,1.3867158395885766
1395,-47.-58,429,2888,527025344,201624423,2.7510211893876253,1.386201936214235
1396,-47.58,859,5776,1054904092,403718833,2.749340705748707,1.3856890468713665
1397,-4.-40,1725,11552,705252488,270242525,2.743474380334277,1.3838851373032752
1398,-4.40,433,2888,530426686,203504371,2.737631812160446,1.3820935779266783
1399,4.-40,1739,11552,2127656024,817307393,2.7318128095805836,1.380314240976394
1400,4.40,873,5776,118533628,45588739,2.726017183257731,1.378547000461789
1401,70.-40,875,5776,1068490688,411238625,2.7227158201674797,1.3775266557475554
1402,70.40,877,5776,1070178724,412178599,2.719421994442438,1.3765102476150584
1403,-28.-38,1755,11552,305885408,117832455,2.718599711695248,1.376254325633248
1404,-28.38,439,2888,535509566,206324293,2.7177778973518127,1.3759986498054184
1405,-84.-59,3517,23104,4288275680,1652944279,2.715725407261864,1.375359563202376
1406,-84.59,1761,11552,715412472,275882369,2.7136758330559627,1.3747220091318855
1407,-48.-42,883,5776,1075215396,414998521,2.709585399238705,1.37344760130859
1408,-48.42,1771,11552,2154624168,832346977,2.7055065301352568,1.3721792722467034
1409,48.-42,111,722,89950731,34779038,2.701439160537065,1.3709169780706922
1410,48.42,1781,11552,309001560,119578121,2.6973832257855523,1.3696606753308027
1411,-14.-22,3563,23104,4326853584,1674563681,2.6969782587538718,1.3695330618698107
1412,-14.22,891,5776,360640444,139586139,2.696573405365249,1.369405508741776
1413,-18.-6,3565,23104,4328517072,1675503655,2.6961686655559207,1.3692780159034248
1414,-18.6,1783,11552,2164674408,837986821,2.6957640392621762,1.369150583311524
1415,-32.-31,1785,11552,722112632,279642265,2.694146667970709,1.36864145454524
1416,-32.31,1787,11552,2168001384,839866769,2.6925311078456806,1.3681332862744142
1417,-44.-68,3575,23104,4336834512,1680203525,2.6921275003340566,1.3680063939619873
1418,-44.68,447,2888,25819442,10004009,2.691724005703853,1.3678795614659767
1419,-57.-78,1789,11552,2169664872,840806743,2.6909173548352627,1.3676260757521426
1420,-57.78,895,5776,1085248308,420638365,2.6901111547355523,1.3673728287912017
1421,-58.-26,3581,23104,4341824976,1683023447,2.6897082235666465,1.367246294736462
1422,-58.26,1791,11552,723776120,280582239,2.68930540490121,1.3671198202421024
1423,-9.-75,1795,11552,310665048,120518095,2.6860868981767574,1.3661101633660253
1424,-9.75,1799,11552,2177982312,845506613,2.6828755556356887,1.3651042939652793
1425,14.-22,3599,23104,4356796368,1691483213,2.6824746399624435,1.3649788255237063
1426,14.22,225,1444,90783919,35249025,2.682073835670134,1.364853415883215
1427,18.-18,905,5776,1093565748,425338235,2.6740810449166035,1.3623575072206908
1428,18.-6,3621,23104,1458364912,567274309,2.6736825654109935,1.3622333228085055
1429,18.18,3641,23104,4391729616,1711222667,2.665736001442656,1.359761737400382
1430,18.6,1821,11552,732093560,285282109,2.665339819910333,1.3596387601485074
1431,44.-68,3643,23104,4393393104,1712162641,2.664943747144389,1.3595158399359009
1432,44.68,911,5776,1098556212,428158157,2.66454778308512,1.3593929767224422
1433,58.-26,3645,23104,1465018864,571034205,2.664151927672872,1.3592701704680485
1434,58.26,1823,11552,313992024,122398043,2.663756180848037,1.3591474211326753
1435,9.-75,1827,11552,733757048,286222083,2.6605941082596822,1.3581674707415814
1436,9.75,1831,11552,2204598120,860546197,2.657438951089834,1.357191140223662
1437,-61.-49,459,2888,552184156,215724033,2.653504683473363,1.3559625821415355
1438,-61.49,1841,11552,2212875128,865246067,2.6495811155372646,1.3547396588010647
1439,14.-28,97,608,116553980,45588739,2.648014671256458,1.354248859969705
1440,14.28,1845,11552,2216176112,867126015,2.6464499259394128,1.353758958719174
1441,3.-36,3695,23104,4436475566,1736601965,2.644496377853658,1.3531469014425235
1442,3.36,925,5776,1110149727,434737975,2.6425454714834964,1.3525362396541853
1443,-2.-30,1853,11552,2222773026,870885911,2.6402078608599053,1.3518049995962036
1444,-2.30,58,361,1112623299,436147936,2.637874031759599,1.3510757544353638
1445,66.-51,1857,11552,2226071122,872765859,2.63709692695175,1.3508331145991588
1446,66.51,929,5776,1113447823,436617923,2.636320240504518,1.3505906951974556
1447,89.-81,465,2888,74284775,29139194,2.6347681208917773,1.3501055816795053
1448,89.81,49,304,58689233,23029363,2.6332176693283773,1.3496213476446215
1449,-27.-6,1863,11552,2231013934,875585781,2.6324430679455335,1.3493790927933345
1450,-27.6,233,1444,1115918507,438027884,2.6316688822328906,1.3491370572517614
1451,27.-6,1865,11552,318951442,125217965,2.6308951117445707,1.348895240718829
1452,27.6,933,5776,1116741587,438497871,2.6301217560354124,1.3486536428940208
1453,44.-52,3733,23104,4467789428,1754461471,2.629735233584101,1.3485329259034036
1454,44.52,1867,11552,2234306254,877465729,2.629348814660969,1.3484122634773754
1455,-8.-52,3745,23104,4477660612,1760101315,2.6251050235410576,1.347086706363065
1456,-8.52,939,5776,53413199,21015133,2.6208736792333966,1.3457677050715184
1457,-32.-16,99,608,118201052,46528713,2.6185708933639757,1.3450496883632796
1458,-32.16,471,2888,1124142809,442727754,2.6162717772743878,1.3443336025103738
1459,72.-60,1891,11552,2254032738,888745417,2.6109213789374097,1.342666349331559
1460,72.60,949,5776,161412847,63716809,2.6055907498660615,1.3410094864290363
1461,-3.-36,3801,23104,4523661398,1786420587,2.6036917170252054,1.3404191635294473
1462,-3.36,1903,11552,2263881540,894385261,2.6017951806131494,1.339830150966291
1463,8.-52,3817,23104,412433836,163085489,2.597631555671613,1.3385342761873171
1464,8.52,957,5776,1136445328,449777559,2.5934799124011456,1.3372446939500688
1465,-12.-3,479,2888,568632038,225123773,2.591973181150991,1.336776972987081
1466,-12.3,959,5776,1138082824,450717533,2.59046802186904,1.3363100762490256
1467,-3.-12,60,361,284725393,112796880,2.5889644312786526,1.335844001534742
1468,-3.12,961,5776,1139720320,451657507,2.5874624061134206,1.3353787466509852
1469,-44.-52,3845,23104,4559700028,1807100015,2.5870871440379823,1.335262560772296
1470,-44.52,1923,11552,2280259388,903785001,2.5867119795472737,1.3351464259623216
1471,12.-3,1925,11552,2281896884,904724975,2.585212296417545,1.334682396729249
1472,12.3,1927,11552,2283534380,905664949,2.58371417059145,1.3342191818779874
1473,3.-12,1929,11552,2285171876,906604923,2.5822175988380676,1.3337567792427145
1474,3.12,1931,11552,2286809372,907544897,2.5807225779365206,1.3332951866653648
1475,86.-79,1933,11552,2288446868,908484871,2.5792291046759352,1.3328344019955918
1476,86.79,1935,11552,2290084364,909424845,2.5777371758553986,1.3323744230907355
1477,-6.-24,485,2888,5912819,2349935,2.574014089812681,1.3312252628749157
1478,-6.24,1945,11552,459652636,182824943,2.570300587013617,1.3300811019145324
1479,-21.-21,3903,23104,4607131096,1834359261,2.5654872794482197,1.3285924306431214
1480,-21.21,979,5776,1154433958,460117273,2.560689977283476,1.3271121208851262
1481,21.-21,3929,23104,4628340568,1846578923,2.5559085744284844,1.325640101618147
1482,21.21,1971,11552,331353236,132334911,2.5511429658436855,1.3241763026303492
1483,-57.-48,3945,23104,1547127592,618032905,2.55004544198635,1.3238366245770101
1484,-57.48,987,5776,1160955062,463877169,2.5489487524307735,1.3234973829390273
1485,-66.-51,1975,11552,2322721652,928224325,2.5482180889353434,1.3232708659462789
1486,-66.51,13,76,30572805,12219662,2.5474877953024935,1.3230445427048008
1487,-62.-59,989,5776,166082382,66402449,2.5460283161280604,1.3225906845459248
1488,-62.59,495,2888,193897793,77547855,2.5445703119201992,1.322137600880389
1489,87.-45,62,361,582502019,233113552,2.541658716500296,1.3212301726432172
1490,87.45,497,2888,583310659,233583539,2.538752985324885,1.3203258283577832
1491,16.-16,999,5776,1170663796,469517013,2.5315141590947525,1.3180774662724748
1492,16.16,251,1444,83907591,33704782,2.524311472936399,1.3158480411046987
1493,-14.-10,1005,5776,391838064,157445645,2.52287524082088,1.3154036983500461
1494,-14.10,503,2888,588161055,236403461,2.521440437081644,1.3149601024911408
1495,-2.-10,53,304,61954212,24909311,2.5200070588803865,1.3145172516254615
1496,-2.10,63,361,65440997,26319272,2.5185751033872545,1.314075143857013
1497,14.-10,1009,5776,1178745864,474216883,2.5171445677808135,1.3136337772962974
1498,14.10,505,2888,589776891,237343435,2.515715449248014,1.3131931500602854
1499,2.-10,1011,5776,56207700,22626517,2.514287744984156,1.3127532602723884
1500,2.10,253,1444,590584809,237813422,2.512861452192861,1.312314106062432
1501,-112.-112,2025,11552,787714996,317241225,2.5121488342278213,1.3120934818786643
1502,-112.112,1013,5776,1181975370,476096831,2.5114365680860327,1.311873041793606
1503,-16.-16,509,2888,84714065,34174769,2.5043331808114755,1.3096699326529886
1504,-16.16,1023,5776,1190018450,480796701,2.4972645971418426,1.307485039091343
1505,7.-37,2051,11552,48654136,19672313,2.493743250407319,1.3063958566150649
1506,7.37,257,1444,597017107,241573318,2.490230477693293,1.3053111548003364
1507,-19.-46,4113,23104,75824440,30683437,2.489879670386789,1.305202842758017
1508,-19.46,2057,11552,2388871292,966763259,2.489528948362237,1.305094575244705
1509,-12.0,2061,11552,2392081304,968643207,2.4867262373479146,1.3042291639615553
1510,12.0,2065,11552,2395291316,970523155,2.4839289605803634,1.303366588941797
1511,3.-47,4139,23104,4797796856,1945276193,2.4807884936568803,1.3023970680401404
1512,3.47,1037,5776,1201252770,487376519,2.4776548480739455,1.3014311065796178
1513,-38.-58,2075,11552,480661392,195044605,2.4769594057655215,1.3012168335512633
1514,-38.58,519,2888,200342365,81307751,2.47626429852929,1.3010027351684839
1515,-3.-18,65,361,1203656669,488786480,2.4734872138587165,1.3001476510905539
1516,-3.18,521,2888,602629574,244863227,2.470715464608663,1.2992953452939735
1517,-136.-136,261,1444,301714775,122666607,2.4679490303172864,1.2984427833067336
1518,-136.136,523,2888,604229526,245803201,2.46518789064023,1.2975929803633215
1519,14.-38,2093,11552,2417718080,983682791,2.464498430631462,1.2973809591419367
1520,14.38,1047,5776,1209259028,492076389,2.4638092999563623,1.297169109305118
1521,-66.-39,2095,11552,2419315144,984622765,2.463120498300457,1.2969557084609469
1522,-66.39,131,722,302514029,123136594,2.4624320253497207,1.2967424797181735
1523,66.-39,2097,11552,2420909320,985562739,2.4617438807905785,1.296529422866364
1524,66.39,1049,5776,1210853204,493016363,2.4610560643099033,1.2963165376954306
1525,-7.-37,2103,11552,2425683184,988382661,2.457621892155392,1.295249526748902
1526,-7.37,527,2888,86773570,35383307,2.4541958752499564,1.2941867933959208
1527,-3.-47,4225,23104,695210912,283670725,2.4511194008302617,1.293233455563453
1528,-3.47,2117,11552,348116632,142137497,2.448049472879582,1.292283544285086
1529,57.-48,223,1216,36661792,14972443,2.447027613523281,1.291967665422123
1530,57.48,265,1444,43557177,17792365,2.4460064774366095,1.2916521645273387
1531,11.-22,1061,5776,1220395517,498656207,2.444646085972406,1.2912313721712383
1532,11.22,531,2888,610595039,249563097,2.4432869760830176,1.2908112498456665
1533,32.-16,2127,11552,2444762395,999662349,2.4412507089264985,1.290181467000933
1534,32.16,1065,5776,407857439,166845385,2.4392173117739704,1.289553184313097
1535,-52.-46,533,2888,1224362907,501006142,2.4378633041279953,1.2891310479853249
1536,-52.46,1067,5776,1225153497,501476129,2.436510566062746,1.2887095797087726
1537,52.-46,267,1444,408648029,167315372,2.435159095199617,1.288288777880916
1538,52.46,1069,5776,175247811,71773729,2.4338088891666803,1.2878686409044087
1539,-11.-22,535,2888,613762453,251443045,2.4324599455986617,1.2874487429082289
1540,-11.22,1071,5776,1228315135,503356077,2.431112262136915,1.2870295071301916
1541,-18.-18,269,1444,1232265919,505706012,2.4243926643305467,1.2849427836388287
1542,-18.18,1081,5776,1236216703,508055947,2.4177042191525207,1.282872383003978
1543,64.-64,2165,11552,494957714,203504371,2.4157037172730838,1.28224549391024
1544,64.64,271,1444,1238571867,509465908,2.413705985533299,1.2816200683616077
1545,-5.-60,4341,23104,1652737420,680071189,2.4120433196342903,1.2810998546000387
1546,-5.60,2173,11552,2481068526,1021281751,2.4103825677058883,1.2805806508313367
1547,76.-67,229,1216,37338762,15375289,2.4087237253466416,1.280060566342492
1548,76.67,1089,5776,414164470,170605281,2.407066788170264,1.279541488893284
1549,-22.-13,2181,11552,829112310,341680549,2.4050809722464206,1.2789194185602246
1550,-22.13,273,1444,103736960,42768817,2.4030978859673184,1.278298789972694
1551,22.-13,2187,11552,830679050,342620523,2.401117521839078,1.277679598067059
1552,22.13,1095,5776,83146242,34309051,2.399139872398635,1.2770618378036316
1553,-74.-26,137,722,623988139,257552876,2.3978229439266445,1.276649955855143
1554,-74.26,1097,5776,1248758926,515575739,2.396507216483978,1.2762387075286732
1555,-13.-17,2197,11552,2499862908,1032561439,2.3945358724638943,1.2756213531574137
1556,-13.17,275,1444,625551991,258492850,2.3925672184751487,1.2750054192705
1557,13.-17,2203,11552,2504553020,1035381361,2.390601247186288,1.2743909009149896
1558,13.17,1103,5776,1253449038,518395661,2.3886379512957885,1.2737777931611933
1559,-12.-38,2207,11552,2507677836,1037261309,2.387984112607557,1.2735726288629372
1560,-12.38,69,361,209038133,86477608,2.3873305701090017,1.2733676212611749
1561,12.-38,2209,11552,2509237356,1038201283,2.386677323531896,1.2731627701743893
1562,12.38,1105,5776,1255008558,519335635,2.386024372608377,1.272958075421347
1563,-32.-32,555,2888,629445737,260842785,2.3795110656497025,1.2709014835594694
1564,-32.32,1115,5776,252554878,104807101,2.373027032079504,1.26886043997046
1565,62.-59,279,1444,35098586,14569597,2.3717337150579834,1.2684519380136567
1566,62.59,1117,5776,180617686,74996497,2.3704415564038563,1.2680440520935121
1567,-89.-81,559,2888,632548893,262722733,2.369150554043981,1.267635957445562
1568,-89.81,1119,5776,1265871770,525915453,2.3678607059107772,1.2672284770284676
1569,74.-66,2239,11552,2532517524,1052300893,2.3672162140345736,1.267024966718226
1570,74.66,70,361,633322877,263192720,2.3665720099422045,1.2668216094403195
1571,79.-9,59,304,1130614,469987,2.365284464081744,1.2664137095874626
1572,79.9,561,2888,211365139,87887569,2.363998066278378,1.2660064217770899
1573,61.-49,2249,11552,2540235704,1057000763,2.360787081109354,1.2649859502061451
1574,61.49,1127,5776,1272044870,529675349,2.35758322671495,1.2639692884888465
1575,5.-60,4513,23104,727432328,303007333,2.3559839636746838,1.2634603339851016
1576,5.60,2259,11552,2547936556,1061700633,2.3543864714940868,1.262952326968797
1577,3.-30,119,608,134182712,55928453,2.353109750135642,1.2625444772104857
1578,3.30,2263,11552,364429500,151940083,2.3518341576202784,1.262137233327153
1579,3.-18,2267,11552,2554072834,1065460529,2.349286351146385,1.26132251858331
1580,3.18,2271,11552,2557139168,1067340477,2.3467430361802832,1.2605102159033337
1581,16.-26,4545,23104,568508576,237343435,2.3457904478057015,1.2602059675739594
1582,16.26,1137,5776,1279719008,534375219,2.3448384879949233,1.259902056578438
1583,76.-56,4559,23104,5127288776,2142670733,2.341353333022406,1.2587859883820696
1584,76.56,2285,11552,513570152,214784059,2.337876576941739,1.2576744351160698
1585,-3.-30,2287,11552,2569379234,1074860269,2.3366143764754983,1.257270721393686
1586,-3.30,2289,11552,856969236,358600081,2.3353532793314846,1.2568676004481993
1587,-56.-40,241,1216,270662068,113266867,2.3350381772136237,1.2567668114037613
1588,-56.40,1145,5776,1285835792,538135115,2.3347231439028646,1.2566660593348387
1589,-1.-11,1147,5776,1287360656,539075089,2.332205350871346,1.2558581349688498
1590,-1.11,1149,5776,1288885520,540015063,2.3296919442410577,1.2550525728824788
1591,-58.-22,575,2888,644823976,270242525,2.3284368810554334,1.2546506744196828
1592,-58.22,1151,5776,1290410384,540955037,2.3271829087549407,1.2542493626052615
1593,-60.-60,72,361,80698301,33839064,2.3259300254448587,1.2538486361401695
1594,-60.60,1153,5776,1291935248,541895011,2.324678229235399,1.2534484937292385
1595,-73.-80,2307,11552,2584632928,1084260009,2.3240527382041885,1.2532486411404002
1596,-73.80,577,2888,646348840,271182499,2.3234275182416884,1.253048934081163
1597,-74.-25,1155,5776,184780016,77547855,2.322177890583751,1.2526499559084854
1598,-74.25,289,1444,323555636,135826243,2.3209293443864922,1.2522515579275808
1599,1.-11,579,2888,647873704,272122473,2.318435488897934,1.2514564974256759
1600,1.11,145,722,162159034,68148115,2.3159459368722364,1.2506637423825768
1601,57.-78,2321,11552,2595306976,1090839827,2.315324219542689,1.2504659126610227
1602,57.78,1161,5776,1298034704,545654907,2.3147027700216043,1.250268226239341
1603,84.-84,581,2888,1298795331,546124894,2.313460673482642,1.2498712776826941
1604,84.84,1163,5776,1299555958,546594881,2.3122196454139528,1.2494749027883902
1605,-14.-28,291,1444,325077973,136766217,2.310979683978887,1.2490738934283483
1606,-14.28,1165,5776,1301067826,547534855,2.3097407873455285,1.24867346128842
1607,-28.-28,1169,5776,186298382,78487829,2.304795812355515,1.247074284819298
1608,-28.28,1173,5776,435703174,183764917,2.2998677288586626,1.245484258448744
1609,2.-30,2349,11552,32302280,13629623,2.2980240288749743,1.24489034136179
1610,2.30,147,722,4453657,1879948,2.2961826820508064,1.2442976957050826
1611,-6.0,2361,11552,125025852,52839967,2.2906727006585283,1.2425249657598239
1612,6.0,1185,5776,62674654,26520695,2.2851836831015495,1.2407635434383553
1613,-23.-32,4741,23104,5265424704,2228208367,2.2848793491607755,1.2406657522289326
1614,-23.32,2371,11552,2633089236,1114339177,2.284575079405163,1.2405679956393147
1615,-52.-47,4743,23104,56633680,23969337,2.284270873807644,1.2404702736508968
1616,-52.47,593,2888,658460751,278702291,2.283966732341167,1.240372586245087
1617,23.-32,4745,23104,5268439776,2230088315,2.2836626549786994,1.2402749334033067
1618,23.32,2373,11552,878198924,371759717,2.283358641693223,1.2401773151069924
1619,52.-47,4747,23104,752849616,318718327,2.2830546924577386,1.2400797313375918
1620,52.47,1187,5776,1317675270,557874569,2.2827508072452645,1.2399821820765677
1621,-58.-70,4749,23104,753064772,318852609,2.2824469860288334,1.2398842721105239
1622,-58.70,125,608,138742256,58748375,2.2821432287814987,1.2397863967287144
1623,-31.-46,2377,11552,2637606068,1117159099,2.280928838944736,1.2393944508466488
1624,-31.46,2379,11552,2639109272,1118099073,2.2797154704620364,1.2390030577312652
1625,31.-46,2381,11552,2640612476,1119039047,2.2785031216168368,1.2386122161996524
1626,31.46,2383,11552,2642115680,1119979021,2.2772917906969,1.2382219250723134
1627,-69.-74,4767,23104,5284982240,2240428029,2.2769891168174956,1.2381242410616207
1628,-69.74,149,722,165179160,70028063,2.2766865064250092,1.238026591415353
1629,69.-74,251,1216,39748000,16852391,2.2763839594928132,1.2379289761151562
1630,69.74,2385,11552,528723488,224183799,2.2760814759942973,1.237831395142689
1631,32.-32,2395,11552,2651123352,1125618865,2.2700450862636283,1.2358853847900118
1632,32.32,2405,11552,2658629264,1130318735,2.264033848229767,1.2339529617277227
1633,-137.-135,2409,11552,2661627008,1132198683,2.2616363486487003,1.2331812600929342
1634,-137.135,127,608,140243408,59688349,2.2592428266714197,1.232411705984313
1635,-86.-79,2415,11552,2666123624,1135018605,2.2580475531640354,1.232027731418762
1636,-86.79,2417,11552,381088928,162279797,2.2568532691215886,1.2316442903409401
1637,-81.-75,2423,11552,2672106116,1138778501,2.2532763374358247,1.230490140159426
1638,-81.75,2429,11552,2676589736,1141598423,2.249708252251306,1.2293407746154796
1639,86.-74,1215,5776,1338666698,571034205,2.249114428394028,1.2291477314846166
1640,86.74,2431,11552,2678077056,1142538397,2.2485208488584423,1.2289548213694685
1641,-39.-33,2435,11552,2681048808,1144418345,2.2461489699174666,1.2281829542294456
1642,-39.33,2439,11552,894673520,382099431,2.243780984090987,1.2274132076865787
1643,58.-70,4879,23104,5368781892,2293066573,2.243485258961144,1.2273165559868053
1644,58.70,305,1444,671190333,286692070,2.2431895944369225,1.2272199374268609
1645,-16.-26,257,1216,282722584,120786659,2.242302964249707,1.2269260144250569
1646,-16.26,2443,11552,2686967764,1148178241,2.2414168786199147,1.226632392576813
1647,-44.-19,2445,11552,2688437756,1149118215,2.240236277047575,1.2262408478350777
1648,-44.19,2447,11552,2689907748,1150058189,2.239056640807781,1.2258498371009445
1649,20.-36,153,722,96094229,41090292,2.238467184194519,1.2256522088651334
1650,20.36,2449,11552,2691369076,1150998163,2.237877968323193,1.2254547149816275
1651,56.-40,4899,23104,1794489124,767488771,2.23758345060432,1.2253556314065632
1652,56.40,1225,5776,1346049148,575734075,2.237288992997238,1.225256581472463
1653,-10.-5,129,608,141727688,60628323,2.2367002580203312,1.225057808827696
1654,-10.5,613,2888,673388462,288102031,2.2361117631963894,1.2248591709570553
1655,-11.-14,2453,11552,2694281624,1152878111,2.2355235083295693,1.224660667721635
1656,-11.14,1227,5776,1347504700,576674049,2.234935493224266,1.2244622989827223
1657,-61.-56,2455,11552,2695737176,1153818085,2.2343477176851154,1.2242640646017973
1658,-61.56,307,1444,337058119,144286009,2.2337601815169914,1.2240659644405325
1659,-64.-55,2457,11552,2697192728,1154758059,2.2331728845250063,1.2238679983607934
1660,-64.55,1229,5776,1348960252,577614023,2.232585826514509,1.2236701662246376
1661,10.-5,2459,11552,2698648280,1155698033,2.2319990072910887,1.2234724678943132
1662,10.5,615,2888,674844014,289042005,2.231412426660569,1.223274903232261
1663,11.-14,2461,11552,2700103832,1156638007,2.230826084429011,1.2230774721011113
1664,11.14,1231,5776,1350415804,578553997,2.2302399804027138,1.2228801743636861
1665,61.-56,2463,11552,2701559384,1157577981,2.22965411438821,1.2226830098829975
1666,61.56,77,361,337785895,144755996,2.22906848619227,1.2224859785222473
1667,64.-55,2465,11552,2703014936,1158517955,2.228483095621897,1.2222890801448274
1668,64.55,1233,5776,1351871356,579493971,2.227897942484332,1.2220923146143179
1669,-16.-14,65,304,14245516,6109831,2.225559700415131,1.221303499524709
1670,-16.14,1237,5776,1354776684,581373919,2.2232252419108014,1.22051680573001
1671,16.-14,1239,5776,1356229348,582313893,2.2208945547465695,1.2197322245682882
1672,16.14,1241,5776,1357682012,583253867,2.2185676267568146,1.2189497474253204
1673,-56.-56,1243,5776,194161684,83456263,2.2162444458346857,1.2181663001751386
1674,-56.56,1245,5776,453527188,195044605,2.2139249999317276,1.2173849463966118
1675,-54.-45,4985,23104,155598220,66939577,2.212477237601613,1.2168942168058512
1676,-54.45,2495,11552,2724774572,1172617565,2.211030926662548,1.2164043041653956
1677,-42.-3,78,361,681374143,293271888,2.2104528080249226,1.2162084145208216
1678,-42.3,2497,11552,35405436,15241007,2.2098749209589585,1.2160126552066197
1679,-44.-64,4995,23104,5453159144,2347585065,2.2095860642073903,1.215914824382206
1680,-44.64,1249,5776,1363470286,587013763,2.2092972652792136,1.2158170260909642
1681,42.-3,2499,11552,2727662572,1174497513,2.2087198408004673,1.2156215270422104
1682,42.3,625,2888,682096143,293741875,2.2081426473377217,1.2154261579288923
1683,-56.-64,2501,11552,2729103684,1175437487,2.207565684706201,1.21522939192761
1684,-56.64,1251,5776,151656822,65328193,2.206988952721351,1.2150327564053325
1685,-3.-21,1253,5776,1366347456,588893711,2.2046843275653103,1.2142452294495676
1686,-3.21,1255,5776,1367783514,589833685,2.2023833780490367,1.21345978447077
1687,58.-46,2511,11552,2736284696,1180137357,2.2018087136156708,1.213263557218368
1688,58.46,157,722,684250591,295151836,2.201234277995544,1.2130674595363717
1689,-84.-84,1257,5776,456406163,196924553,2.2000860924666634,1.2126752719910223
1690,-84.84,629,2888,684967898,295621823,2.1989388200078817,1.2122836015667944
1691,65.-45,5041,23104,5486194976,2369204467,2.196360787877807,1.211403184225611
1692,65.45,2525,11552,392331912,169531025,2.1937873543606514,1.2105253702668315
1693,53.-46,5055,23104,1832076444,791928095,2.192359650096794,1.2100383531947396
1694,53.46,1265,5776,1374952974,594533555,2.1909333573054983,1.2095521346341926
1695,-56.-70,5061,23104,5500528120,2378604207,2.190648267878449,1.2094549108209194
1696,-56.70,2531,11552,2750622172,1189537097,2.1903632347764868,1.2093577188723361
1697,-84.-60,2533,11552,393150660,170068153,2.18922366517467,1.2089692694074015
1698,-84.60,2535,11552,2753487068,1191417045,2.1880849949964682,1.2085813285087792
1699,28.-28,2543,11552,2759216860,1195176941,2.183539280197065,1.2070346303764885
1700,28.28,2551,11552,2764946652,1198936837,2.179007843284699,1.205495988825871
1701,47.-58,2553,11552,922125404,399958937,2.177877204480052,1.2051110736823747
1702,47.58,2555,11552,2767805772,1200816785,2.1767474510621874,1.204726658663026
1703,84.-59,5115,23104,158262400,68685243,2.17533650225448,1.204246465590408
1704,84.59,80,361,692844557,300791680,2.1739269319998087,1.2037670509802272
1705,79.-75,5121,23104,87991584,38203229,2.1736451831382766,1.203670960662565
1706,79.75,2561,11552,2772091564,1203636707,2.1733634892897027,1.2035749014687789
1707,-38.-14,1281,5776,1386402089,602053347,2.1728002665455244,1.2033825007336574
1708,-38.14,2563,11552,2773516792,1204576681,2.1722372635955933,1.2031902245033255
1709,-46.-58,641,2888,693556810,301261667,2.1716744802684302,1.2029969462600663
1710,-46.58,135,608,146049352,63448245,2.1711119163927544,1.2028037928543656
1711,81.-75,2571,11552,926399644,402778859,2.167741132053515,1.2016467375656172
1712,81.75,2577,11552,397637168,173022357,2.164378205027551,1.2004941479592204
1713,-42.-38,2579,11552,2784879628,1212096473,2.163258969097957,1.200110440563307
1714,-42.38,2581,11552,2786299080,1213036447,2.162140600793201,1.1997272259891438
1715,-86.-74,1291,5776,199072006,86679031,2.1615817415799805,1.1995354294660596
1716,-86.74,2583,11552,2787717088,1213976421,2.1610230987691708,1.1993437559779436
1717,-10.-70,2585,11552,2789133652,1214916395,2.159906461684874,1.1989600307096997
1718,-10.70,2587,11552,2790550216,1215856369,2.15879068820243,1.198576796901602
1719,10.-70,2589,11552,2791966780,1216796343,2.15767577698706,1.1981940535965951
1720,10.70,2591,11552,2793383344,1217736317,2.1565617267070767,1.197811799840142
1721,3.-21,2595,11552,399459496,174230895,2.154336203641928,1.1970487571672828
1722,3.21,2599,11552,2799049600,1221496213,2.1521141084149704,1.1962876612967515
1723,-9.-25,137,608,147466448,64388219,2.149895430483059,1.1955180953854905
1724,-9.25,2607,11552,934891808,408418703,2.147680159351615,1.194750482177597
1725,9.-25,2611,11552,2807488336,1227136057,2.145468284574329,1.193984814142036
1726,9.25,2615,11552,2810301248,1229016005,2.143259795752867,1.1932210837869872
1727,-65.-79,2617,11552,2811699040,1229955979,2.1421568178391364,1.1928354973797815
1728,-65.79,2619,11552,133956992,58614093,2.141054682536575,1.192450397032442
1729,-53.-46,5243,23104,5629672260,2464141841,2.139678196370816,1.1919656331725663
1730,-53.46,82,361,704143857,308311472,2.1383030222690875,1.1914816305482454
1731,72.-81,5251,23104,5635235992,2467901737,2.137478546558932,1.1911910760535562
1732,72.81,2627,11552,2818660564,1234655849,2.136654541753539,1.190900794939969
1733,-54.-54,5255,23104,5638014248,2469781685,2.1363799780376302,1.1908036025845838
1734,-54.54,657,2888,100691203,44111637,2.1361054665648416,1.1907064406681733
1735,-55.-35,329,1444,705531541,309251446,2.1339112531519295,1.1899302393998565
1736,-55.35,659,2888,706224661,309721433,2.131720371879119,1.1891559778885452
1737,-56.-7,1319,5776,1413142442,619912853,2.130626177635626,1.1887695722361276
1738,-56.7,165,722,706917781,310191420,2.1295328126413553,1.1883836487609367
1739,-7.-43,661,2888,707610901,310661407,2.1273485653794793,1.1876132446815937
1740,-7.43,331,1444,708304021,311131394,2.1251676200799534,1.1868447583526989
1741,-72.-9,1325,5776,1417301162,622732775,2.1240783825492473,1.186461232074328
1742,-72.9,663,2888,708997141,311601381,2.122989966774583,1.1860781825138107
1743,32.-31,1327,5776,1418687402,623672749,2.1219023715169776,1.1856956087693917
1744,32.31,83,361,101384323,44581624,2.1208155955402463,1.1853135099416219
1745,54.-54,5313,23104,5678215208,2497040931,2.1205440294141007,1.1852180593352206
1746,54.54,2657,11552,2839454164,1248755459,2.1202725143966643,1.1851226383410314
1747,55.-35,2661,11552,2842226644,1250635407,2.118102231864951,1.184360334750621
1748,55.35,2665,11552,2844999124,1252515355,2.1159352092406327,1.1835999183089947
1749,60.-60,2667,11552,2846385364,1253455329,2.1148529173362447,1.1832204155474761
1750,60.60,2669,11552,2847771604,1254395303,2.1137714367452047,1.1828413819118788
1751,7.-43,2673,11552,2850544084,1256275251,2.1116109046440927,1.1820847184911238
1752,7.43,2677,11552,407616652,179736457,2.109453603246393,1.1813299210144739
1753,73.-80,1339,5776,1427004842,629312593,2.1089147815628606,1.1811415123783844
1754,73.80,141,608,150247516,66268167,2.108376161044792,1.1809532198173662
1755,56.-56,2683,11552,2857470230,1260975121,2.10622368762665,1.1801986564607156
1756,56.56,2687,11552,2860237656,1262855069,2.1040744208740048,1.17944594656533
1757,-58.-40,5375,23104,5721165544,2526180125,2.103805987522986,1.1793515781578279
1758,-58.40,84,361,25543999,11279688,2.1035376041084106,1.179257238687911
1759,-58.-46,2689,11552,408802176,180542149,2.103000987014298,1.1790671905105052
1760,-58.46,1345,5776,204450184,90304645,2.1024645694431845,1.1788772586221752
1761,27.-83,673,2888,715918955,316301251,2.1013923322768537,1.178497015805002
1762,27.83,1347,5776,1432524532,633072489,2.1003208914248677,1.1781172375434856
1763,-128.-128,71,304,75468228,33369077,2.0981803939389034,1.17735761837378
1764,-128.128,1351,5776,1435268132,634952437,2.0960430675614865,1.1765998498660692
1765,-51.-27,2703,11552,2871222164,1270374861,2.095509230352476,1.1764106961005238
1766,-51.27,169,722,179494254,79427803,2.0949755906049865,1.1762216574656559
1767,58.-40,5409,23104,5744502028,2542159683,2.094708844733673,1.1761271812888765
1768,58.40,2705,11552,2872593964,1271314835,2.0944421481729933,1.1760327338547634
1769,-43.-61,1353,5776,478879857,211964137,2.0939089029106337,1.1758435626396984
1770,-43.61,2707,11552,2873964320,1272254809,2.093375854672207,1.1756545064085517
1771,-114.-110,2709,11552,2875333232,1273194783,2.0923103486851566,1.175276013947335
1772,-114.110,2711,11552,2876702144,1274134757,2.0912456290494594,1.1748979808363205
1773,-27.-83,2713,11552,411153008,182153533,2.0901816946053047,1.174520406226838
1774,-27.83,2715,11552,2879439968,1276014705,2.089118544195447,1.174143289272338
1775,39.-33,2719,11552,2882173460,1277894653,2.086994590862411,1.173388256536934
1776,39.33,2723,11552,2884906952,1279774601,2.084873759843375,1.1726350484280363
1777,46.-58,681,2888,1442794621,640122294,2.0843440388751,1.1724464892492998
1778,46.58,2725,11552,2886271532,1280714575,2.08381451233552,1.1722580438419838
1779,-11.-9,2729,11552,2888992028,1282594523,2.08169834761303,1.1715010712455287
1780,-11.9,2733,11552,2891712524,1284474471,2.079585282363964,1.170745918805329
1781,-37.-35,2737,11552,2894433020,1286354419,2.0774753075222145,1.1699925798612858
1782,-37.35,2741,11552,2897153516,1288234367,2.075368414061396,1.16924104778624
1783,-81.-51,2745,11552,414267716,184302045,2.07326459299461,1.1684913159857655
1784,-81.51,2749,11552,2902594508,1291994263,2.0711638353742177,1.1677433778979631
1785,11.-9,2753,11552,2905315004,1293874211,2.06906613229161,1.1669972269932598
1786,11.9,2757,11552,2908035500,1295754159,2.0669714748769805,1.1662528567742056
1787,38.-14,1379,5776,1454357812,648112073,2.0664482853731907,1.1660670416931973
1788,38.14,2759,11552,415627964,185242019,2.065925285533898,1.1658813374000785
1789,-6.-30,2765,11552,2913462052,1299514055,2.0627912617651014,1.164762282146975
1790,-6.30,2771,11552,2917528356,1302333977,2.059664031405754,1.16364720998239
1791,6.-30,2777,11552,2921594660,1305153899,2.056543565068325,1.1625360993471094
1792,6.30,2783,11552,2925660964,1307973821,2.0534298335555636,1.1614289288395343
1793,-2.-18,2785,11552,585402654,261782759,2.052393414659777,1.1610592018239654
1794,-2.18,2787,11552,2928365576,1309853769,2.051357739783362,1.160689910881353
1795,2.-18,2789,11552,418531126,187256249,2.050322807858859,1.1603210552285887
1796,2.18,2791,11552,2931070188,1311733717,2.049288617821104,1.1599526340844655
1797,-70.-60,349,1444,732936495,328050926,2.048771800677519,1.1597684085635591
1798,-70.60,147,608,7349428,3289909,2.0482551686072212,1.15958429145962
1799,43.-61,1397,5776,1466548782,656571839,2.0477387214777076,1.1594002826754728
1800,43.61,2795,11552,2933773356,1313613665,2.0472224591566186,1.1592163821140604
1801,51.-27,699,2888,209603459,93863118,2.0467063815117346,1.1590322347137139
1802,51.27,2797,11552,2935123496,1314553639,2.0461904884109794,1.1588481955057088
1803,0.-6,2805,11552,2940499508,1318313535,2.0420699713910158,1.1573677212560947
1804,0.6,2813,11552,420839360,188867633,2.037961189572471,1.1558941599159298
1805,-48.-12,5627,23104,5892421056,2644616849,2.037704778829614,1.1558018046117884
1806,-48.12,1407,5776,1473272768,661271709,2.037448413650638,1.1557094762181572
1807,48.-12,5629,23104,5893761088,2645556823,2.0371920940193537,1.1556171747230872
1808,48.12,2815,11552,2947215552,1323013405,2.036935819919579,1.155524900114636
1809,63.-73,2817,11552,2948555584,1323953379,2.03591117851224,1.1551560703084356
1810,63.73,2819,11552,2949895616,1324893353,2.0348872643167493,1.1547876697346535
1811,54.-45,297,1216,103563832,46528713,2.0336083926428197,1.154327065655211
1812,54.45,353,1444,369155351,165905411,2.0323306536159906,1.1538671303810255
1813,-20.-36,2825,11552,2953908492,1327713275,2.0318198746972587,1.1536815095498014
1814,-20.36,1413,5776,1477287088,664091631,2.0313092765532317,1.1534959962248819
1815,-5.-40,707,2888,738976386,332280809,2.030288622077772,1.1531252917144599
1816,-5.40,1415,5776,211231208,95004515,2.0292686891679264,1.1527550160919018
1817,5.-40,177,722,369821035,166375398,2.0282494768041737,1.1523851686011586
1818,5.40,1417,5776,1479949824,665971579,2.0272309839691522,1.1520157484879852
1819,22.-34,5671,23104,5921786240,2665296277,2.0264675859228247,1.1517365008577503
1820,22.34,2837,11552,423126656,190479017,2.025704591612812,1.1514574945435094
1821,-120.-120,2841,11552,2964532000,1335233067,2.02367191069763,1.1507127811240287
1822,-120.120,2845,11552,2967177408,1337113015,2.0216420896932266,1.1499697788065328
1823,56.-70,5691,23104,5935014724,2674696017,2.021388562754539,1.1498766725198124
1824,56.70,1423,5776,1483918658,668791501,2.0211350803606885,1.1497835929419185
1825,-15.-20,2847,11552,2968495780,1338052989,2.0206282491449055,1.1495968120790845
1826,-15.20,89,361,106041223,47804392,2.0201215959207732,1.1494101382230384
1827,-16.-9,2849,11552,2969812708,1338992963,2.0196151205633197,1.149223571280289
1828,-16.9,75,304,78170294,35249025,2.0191088229477048,1.149037111157455
1829,-19.-29,5701,23104,5941600808,2679395887,2.0188557407541095,1.1489439211243555
1830,-19.29,2851,11552,2971129636,1339932937,2.0186027029492184,1.1488507577612668
1831,-22.-30,713,2888,742947025,335100731,2.018096760443283,1.1486645109985645
1832,-22.30,2853,11552,2972446564,1340872911,2.0175909953054516,1.148478370776298
1833,-43.-37,5707,23104,5945551592,2682215809,2.0173381792107206,1.1483853405887798
1834,-43.37,1427,5776,1486552514,670671449,2.0170854074114075,1.1482923370015272
1835,-54.-50,2855,11552,424823356,191687555,2.016579996636966,1.148106409581423
1836,-54.50,357,1444,743605489,335570718,2.016074762858071,1.1479205884232642
1837,-7.-70,1429,5776,1487869442,671611423,2.0150648257913546,1.1475492645224499
1838,-7.70,715,2888,744263953,336040705,2.014055595221419,1.1471783645595084
1839,15.-20,2861,11552,2977714276,1344632807,2.0135512445639883,1.1469930733240992
1840,15.20,1431,5776,212740910,96078771,2.0130470701605034,1.1468078877966073
1841,16.-9,2863,11552,2979031204,1345572781,2.012543071887818,1.1466228078850744
1842,16.9,179,722,744922417,336510692,2.0120392496229145,1.1464378334976524
1843,19.-29,5729,23104,5960037800,2692555523,2.011787404454973,1.1463453858468093
1844,19.29,2865,11552,2980348132,1346512755,2.0115356032429035,1.1462529645425996
1845,22.-30,1433,5776,1490503298,673491371,2.0110321326250253,1.1460682009282839
1846,22.30,2867,11552,2981665060,1347452729,2.0105288376466475,1.1458835425631797
1847,43.-37,5735,23104,5963988584,2695375445,2.0102772559839837,1.1457912528205096
1848,43.37,717,2888,745580881,336980679,2.010025718185266,1.1456989893558696
1849,54.-50,151,608,22428436,10138291,2.0095227741185067,1.145514541215044
1850,54.50,1435,5776,1491820226,674431345,2.0090200053241207,1.1453301980495005
1851,7.-70,359,1444,746239345,337450666,2.0080149930641196,1.1449618262799852
1852,7.70,1437,5776,1493137154,675371319,2.0070106804298344,1.144593873319846
1853,137.-135,1439,5776,1494451194,676311293,2.005004150146873,1.143856432946842
1854,137.135,1441,5776,1495765234,677251267,2.0030004067124234,1.1431206640280898
1855,-126.-130,721,2888,748209683,338860627,2.0019995776463486,1.1427506202468
1856,-126.130,1443,5776,1497073498,678191241,2.000999442395973,1.1423809946053545
1857,-32.0,1445,5776,1498381762,679131215,1.9990012494991298,1.1416429948619102
1858,126.-130,723,2888,749517947,339800601,1.998003189936053,1.1412746193240673
1859,126.130,1447,5776,1499690026,680071189,1.9970058203554464,1.140906659054369
1860,32.0,1449,5776,1500998290,681011163,1.9950131473302417,1.140171981466078
1861,-12.-12,91,361,752778499,342150536,1.9880603866884747,1.137594214685778
1862,-12.12,77,304,7225434,3289909,1.9811409727486842,1.1350365674757963
1863,12.-12,735,2888,757337207,345440445,1.9742545871634443,1.1324988012281487
1864,12.12,1477,5776,1519233122,694170799,1.9674009161223818,1.129980681153008
1865,38.-58,2955,11552,3039117488,1388811585,1.9669126118222762,1.1298015610728938
1866,38.58,739,2888,108563169,49617199,1.9664244727410198,1.129622539964503
1867,-5.-13,185,722,38029545,17389519,1.9644735663708588,1.1289026503556188
1868,-5.13,39,152,13355081,6109831,1.962525294581337,1.128184345826016
1869,5.-13,371,1444,380944167,174365177,1.9605796502663677,1.1274676210575847
1870,5.13,743,2888,762537051,349200341,1.9586366263485746,1.1267524707563608
1871,-12.-60,1487,5776,1525721014,698870669,1.9576660948347524,1.1263937776078126
1872,-12.60,93,361,763183963,349670328,1.9566962157791397,1.1260354775504633
1873,-20.-10,5953,23104,6106118616,2797832611,1.9564538478590587,1.1259459638796172
1874,-20.10,2977,11552,3053382764,1399151299,1.9562115206491348,1.1258564747256612
1875,-22.-28,5955,23104,1221482488,559754517,1.9559692341356947,1.1257670100783523
1876,-22.28,1489,5776,1527014838,699810643,1.955726988305071,1.125677569927453
1877,-42.-62,2979,11552,3054676588,1400091273,1.955242618637641,1.1254987630739628
1878,-42.62,745,2888,152766175,70028063,1.954758411537647,1.1253200540834083
1879,-44.-12,5961,23104,6111293912,2801592507,1.9545163689163445,1.1252307362612002
1880,-44.-26,2981,11552,277815492,127366477,1.954274366896002,1.1251414428740991
1881,-44.12,5963,23104,6112587736,2802532481,1.954032405463001,1.1250521739119086
1882,-44.26,1491,5776,1528308662,700750617,1.9537904846037286,1.1249629293644376
1883,-48.-64,5965,23104,1222776312,560694491,1.9535486043045807,1.1248737092215007
1884,-48.64,157,608,160908644,73787959,1.9533067645519584,1.1247845134729184
1885,-57.-33,373,1444,764477787,350610302,1.9528232066319333,1.124606195118128
1886,-57.33,2985,11552,611711612,280582239,1.9523398107350036,1.1244279742187446
1887,12.-60,2987,11552,3059851884,1403851169,1.9513735045763807,1.1240718244613728
1888,12.60,2989,11552,3061145708,1404791143,1.9504078452090763,1.123716063552066
1889,20.-10,5979,23104,6122938328,2810052273,1.950166531326957,1.123627184006365
1890,20.10,1495,5776,306179262,140526113,1.9499252578017037,1.1235383287131067
1891,22.-28,5981,23104,6124232152,2810992247,1.9496840246198208,1.1234494976621978
1892,22.28,2991,11552,3062439532,1405731117,1.949442831767819,1.1233606908435498
1893,34.-21,5983,23104,6125525976,2811932221,1.9492016792322153,1.1232719082470808
1894,34.21,187,722,69615601,31959116,1.9489605669995342,1.123183149862714
1895,44.-12,315,1216,64492840,29609181,1.9487194950563067,1.1230944156803786
1896,44.12,2993,11552,3063733356,1406671091,1.9484784633890702,1.123005705690009
1897,48.-64,5987,23104,6128113624,2813812169,1.948237471984369,1.1229170198815457
1898,48.64,1497,5776,1532190134,703570539,1.9479965208287542,1.1228283582449348
1899,42.-38,749,2888,109488051,50288609,1.94703311842842,1.1224698759635887
1900,42.38,1499,5776,1533475294,704510513,1.9460703589393116,1.1221117830575673
1901,-51.-69,2999,11552,3067591724,1409491013,1.9455892200184308,1.121932203302492
1902,-51.69,375,1444,21915949,10071150,1.9451082415039276,1.1217527209335973
1903,51.-69,3001,11552,3068873996,1410430987,1.9446274232888827,1.1215733358702973
1904,51.69,79,304,80776714,37128973,1.9441467652664826,1.1213940480320976
1905,-31.-13,3003,11552,3070154102,1411370961,1.9436662673300211,1.1212138395146494
1906,-31.13,751,2888,767698268,352960237,1.9431859293728992,1.1210337284858767
1907,31.-13,3005,11552,438776006,201758705,1.9427057512886232,1.1208537148652902
1908,31.13,1503,5776,1536035506,706390461,1.9422257329708061,1.1206737985724902
1909,-48.-48,3009,11552,3073977092,1414190883,1.9407866355538343,1.1201295500747481
1910,-48.48,753,2888,768970793,353900211,1.9393489722152428,1.1195861809586414
1911,112.-112,3013,11552,3076518532,1416070831,1.9388700692927079,1.119405252963147
1912,112.112,1507,5776,1538576946,708270409,1.938391325289347,1.119224422355651
1913,48.-48,3017,11552,3079059972,1417950779,1.9369560457404686,1.1186825140612997
1914,48.48,755,2888,770241513,354840185,1.93552219267473,1.118141479383206
1915,57.-33,159,608,162189548,74727933,1.9350445581592302,1.11796132825585
1916,57.33,1511,5776,1541118386,710150357,1.9345670817223417,1.1177812738787445
1917,74.-26,189,722,256958717,118436724,1.9336126026660982,1.1174201038354215
1918,74.26,1513,5776,1542386218,711090331,1.932658754670434,1.1170593209543676
1919,-46.-6,3027,11552,1028467340,474216883,1.9321820670596574,1.1168770489145778
1920,-46.6,757,2888,771507901,355780159,1.9317055369014393,1.116694874257241
1921,-65.-47,1515,5776,514548462,237343435,1.9307529485268577,1.1163308167721202
1922,-65.47,379,1444,110305355,50892878,1.9298009887160794,1.1159671478642754
1923,46.-6,3033,11552,1029726508,475156857,1.929325244263,1.1157854589288618
1924,46.6,1517,5776,1544904554,712970279,1.9288496566401376,1.1156038669003792
1925,65.-47,759,2888,257589023,118906711,1.9278989514717046,1.1152409732485054
1926,65.47,1519,5776,1546163722,713910253,1.9269488723850876,1.1148784662781221
1927,-15.-15,381,1444,36888063,17053814,1.922207839393849,1.1130596079522144
1928,-15.15,1529,5776,1552433570,718610123,1.9174823355263662,1.1112503718560451
1929,15.-15,767,2888,777784247,360480029,1.9127722593842376,1.1094506804234776
1930,15.15,81,304,27345674,12689649,1.9080775105589607,1.107660456934334
1931,-108.-102,1541,5776,67823958,31489129,1.9062038803723858,1.1069411255261947
1932,-108.102,1543,5776,1561198650,725189941,1.904332680316436,1.1062233014337417
1933,-10.-22,3087,11552,3123019664,1450849869,1.9038652592720464,1.106043413300149
1934,-10.22,193,722,780910507,362829964,1.9033979896190905,1.1058636192633446
1935,-30.-42,6177,23104,892558060,414729957,1.9031644115337605,1.1057737575077329
1936,-30.42,3089,11552,3124264392,1451789843,1.9029308712595332,1.1056839192481223
1937,-50.-46,1545,5776,1562443378,726129915,1.902463904095434,1.1055043131793563
1938,-50.46,3091,11552,3125509120,1452729817,1.9019970880289476,1.1053248009820031
1939,10.-22,773,2888,111647553,51899993,1.9015304229623236,1.1051453825811008
1940,10.22,3093,11552,3126753848,1453669791,1.9010639087979064,1.1049660579017675
1941,30.-42,6187,23104,6254130060,2907809569,1.900830708273534,1.104876430684311
1942,30.42,1547,5776,1563688106,727069889,1.9005975454381352,1.1047868268692034
1943,50.-46,3095,11552,3127998576,1454609765,1.900131332785544,1.1046076894086894
1944,50.46,387,1444,782155235,363769938,1.8996652707427608,1.1044286454455874
1945,-18.-12,6201,23104,6262821496,2914389387,1.8975698527405673,1.1036191130854114
1946,-18.12,3105,11552,3134200556,1459309635,1.8954774737793272,1.1028114746665805
1947,18.-12,6219,23104,6273980728,2922849153,1.8933881250566003,1.1020057234242948
1948,18.12,1557,5776,1569890086,731769759,1.891301797808134,1.1012018526265093
1949,44.-64,6229,23104,6280178376,2927549023,1.8910701698007506,1.1011122071431427
1950,44.64,3115,11552,3140398204,1464009505,1.8908385789758069,1.1010225848704114
1951,37.-35,3119,11552,3142867444,1465889453,1.888987189513019,1.1003051154694905
1952,37.35,3123,11552,449333812,209681343,1.887138172866598,1.0995891283537118
1953,-56.-8,3125,11552,3146568416,1468709375,1.886214552450359,1.0992303650491309
1954,-56.8,3127,11552,3147800148,1469649349,1.8852915229621305,1.0988719716011082
1955,-24.-18,6263,23104,6301127928,2943528581,1.8832168632824007,1.098063464154611
1956,-24.18,98,361,788331945,368469808,1.8811451827719627,1.0972568256387185
1957,24.-18,6281,23104,901740456,421712621,1.879076472887031,1.096452049454987
1958,24.18,3145,11552,3158855412,1478109115,1.8770107251205195,1.095649129036565
1959,-76.-34,3149,11552,451615332,211427009,1.8751769847517612,1.094934778027961
1960,-76.34,3153,11552,1054586412,493956337,1.8733455722038364,1.0942218869775509
1961,-14.-34,83,304,83272934,39008921,1.8728880820966607,1.0940435626258493
1962,-14.34,3155,11552,3164983748,1482808985,1.8724307370172595,1.093865329292974
1963,-90.-75,6311,23104,904368536,423726851,1.872202118834246,1.0937762467363974
1964,-90.75,789,2888,263799667,123606581,1.8719735368737127,1.0936871869078983
1965,14.-34,3157,11552,3166208260,1483748959,1.871516481574186,1.09350913539967
1966,14.34,1579,5776,1583410258,742109473,1.871059571026934,1.093331174697413
1967,42.-62,3159,11552,150830132,70699473,1.870602805140298,1.0931533047303252
1968,42.62,395,1444,792011257,371289730,1.8701461838227058,1.0929755254276807
1969,-15.-29,6321,23104,6336699424,2970787827,1.8699179273487085,1.0928860122341182
1970,-15.29,3161,11552,3168654396,1485628907,1.8696897069826723,1.0927965218069253
1971,15.-29,6323,23104,905416880,424532543,1.869461522713175,1.0927070541372466
1972,15.29,1581,5776,1584631882,743049447,1.8692333745288003,1.0926176092162296
1973,-14.-38,3163,11552,452838400,212366983,1.8687771863697773,1.0924368159730242
1974,-14.38,791,2888,792618459,371759717,1.868321142414379,1.092256114373559
1975,-121.-119,99,361,37772513,17725224,1.8664984068075614,1.0915329098364954
1976,-121.119,793,2888,793827087,372699691,1.8646779711831925,1.0908111679268617
1977,-112.-113,167,608,167153108,78487829,1.8642232209695333,1.0906293205694093
1978,-112.113,1587,5776,226893554,106552767,1.8637686140519891,1.0904475648950278
1979,-13.-7,795,2888,159005699,74727933,1.8610439767154532,1.0893589522358174
1980,-13.7,1593,5776,1591859102,748689291,1.858324475361861,1.0882736223992229
1981,-16.-11,3187,11552,3184318908,1497848569,1.857871723109318,1.0880930521924719
1982,-16.11,797,2888,113747129,53511377,1.8574191128966993,1.087912572684863
1983,-22.-34,6379,23104,6371641336,2998047073,1.8567404637077576,1.0876420233318265
1984,-22.34,3191,11552,3186721724,1499728517,1.8560621336078589,1.0873716776599511
1985,-44.-16,6383,23104,910577736,428561003,1.8558360944313856,1.087281607657903
1986,-44.16,21,76,41938453,19739454,1.855610090664825,1.087191560252336
1987,-66.-84,3193,11552,3187923132,1500668491,1.8551581893170774,1.0870115331959394
1988,-66.84,1597,5776,1594261918,750569239,1.8547064294759383,1.086831596421394
1989,13.-7,100,361,159606403,75197920,1.8519988371124463,1.0857538678175451
1990,13.7,1603,5776,1597866142,753389161,1.849296316732623,1.0846793719601215
1991,16.-11,3207,11552,3196332988,1507248309,1.8488463884455242,1.0845006025700352
1992,16.11,401,1444,799233423,376929574,1.8483966004322505,1.0843219224982161
1993,44.-16,6417,23104,6394468088,3015906579,1.8481717590009705,1.084232615935313
1994,44.16,3209,11552,456790628,215455469,1.8479469526053636,1.0841433316763731
1995,58.-22,169,608,168354516,79427803,1.847048077161401,1.0837864175098026
1996,58.22,3213,11552,3199937212,1510068231,1.846149761415759,1.083429859525408
1997,-58.-23,3215,11552,457304692,215858315,1.8452520046718615,1.0830710540387525
1998,-58.23,3217,11552,3202328476,1511948179,1.8443548062344324,1.0827126055963574
1999,-5.-31,3221,11552,3204718296,1513828127,1.8425620815043562,1.0819961276130907
2000,-5.31,3225,11552,3207108116,1515708075,1.840771581689192,1.0812810722659245
2001,5.-31,3229,11552,3209497936,1517588023,1.8389833012731902,1.0805674352343206
2002,5.31,3233,11552,458841108,217066853,1.8371972347610854,1.0798552122155585
2003,-79.-9,3235,11552,91802300,43440227,1.8363050300073012,1.0794986570728085
2004,-79.9,3237,11552,35321684,16718109,1.835413376677998,1.0791424545502109
2005,44.-19,3239,11552,459352284,217469699,1.8345222740919842,1.0787866041140897
2006,44.19,3241,11552,459522676,217603981,1.8336317215693305,1.0784311052318678
2007,-21.-54,6483,23104,2144637464,1015641907,1.8334091693065075,1.0783419615869838
2008,-21.54,1621,5776,1608626830,761848927,1.8331866513696293,1.0782528399326496
2009,3.-63,1623,5776,229973606,108969843,1.8314077423391997,1.0775393632688743
2010,3.63,1625,5776,123923358,58748375,1.8296310240839917,1.0768272911375882
2011,-44.-28,6501,23104,6444605212,3055385487,1.8294090880723415,1.0767375725289392
2012,-44.28,3251,11552,3222597904,1527927737,1.8291871861968152,1.076647875940313
2013,34.-43,1627,5776,1612184124,764668849,1.8278564912146433,1.0761095122697837
2014,34.43,3257,11552,3226138592,1530747659,1.8265270224912677,1.0755719399467827
2015,-3.-63,3261,11552,3228489424,1532627607,1.8247563011387056,1.0748521029549976
2016,-3.63,3265,11552,461548608,219215365,1.822987750453378,1.0741336717050056
2017,-58.-52,1635,5776,230983684,109775535,1.8207801065017262,1.0732343819831205
2018,-58.52,3275,11552,462386128,219886775,1.818575835574996,1.0723372798381772
2019,39.-36,345,1216,48694264,23163645,1.8174749617780541,1.071889546560061
2020,39.36,205,722,57850611,27527810,1.816374927381725,1.0714423571249438
2021,-64.-71,3281,11552,3240214704,1542027347,1.8159351483687514,1.071261061657335
2022,-64.71,1641,5776,540132532,257082889,1.8154955033734583,1.0710798539039454
2023,-7.-56,821,2888,810487598,385859327,1.8146166151093663,1.070715130913588
2024,-7.56,1643,5776,1621552796,772188641,1.8137382619370965,1.0703507598358368
2025,17.-17,3289,11552,3244838392,1545787243,1.8124217340517685,1.0698048619166303
2026,17.17,823,2888,811642798,386799301,1.811106406465545,1.0692597528765888
2027,66.-84,3293,11552,3247148792,1547667191,1.8106682302918236,1.0690782248675146
2028,66.84,1647,5776,180429244,86007621,1.8102301871608162,1.0688967842528627
2029,7.-56,103,361,406110199,193634644,1.8093544997039526,1.0685341649487659
2030,7.56,1649,5776,1625018396,775008563,1.808479343449704,1.068171894448827
2031,84.-60,825,2888,270932666,129246425,1.8076047177539927,1.0678099722386096
2032,84.60,1651,5776,1626173596,775948537,1.806730621973913,1.0674483978047111
2033,-69.-63,6613,23104,929982208,444003433,1.8047658406506397,1.0666322840697868
2034,-69.63,3311,11552,3257528264,1556126957,1.8028037314901717,1.0658179286610177
2035,136.-136,3315,11552,31046000,14838161,1.8010618718872209,1.0650951025732385
2036,136.136,3319,11552,3262131736,1559886853,1.799322112808871,1.0643736577337393
2037,-39.-36,6643,23104,6527125480,3122123641,1.7982358278084574,1.0639201030626346
2038,-39.36,831,2888,272082812,130186399,1.7971503601168264,1.063467088322101
2039,-123.-117,104,361,116688557,55861312,1.7954153087460787,1.0627417275468214
2040,-123.117,833,2888,817391362,391499171,1.7936823415216234,1.062017744765726
2041,-9.-39,417,1444,272654275,130656386,1.7919514534425074,1.0612951359649012
2042,-9.39,835,2888,818534288,392439145,1.7902226395257566,1.060573897146344
2043,123.-117,11,38,43110829,20679428,1.7884958948062881,1.0598540243278818
2044,123.117,837,2888,91075246,43708791,1.7867712143368273,1.0591355135430918
2045,9.-39,419,1444,820248677,393849106,1.7850485931878193,1.0584183608412219
2046,9.39,839,2888,117260020,56331299,1.783328026447348,1.0577025622871121
2047,-72.-8,1679,5776,234601626,112729739,1.7824685119501409,1.0573448524487958
2048,-72.8,105,361,58670803,28199220,1.7816095092210484,1.0569874798993333
2049,38.-50,3361,11552,469448010,225660901,1.7811801995791692,1.0568089199554553
2050,38.50,1681,5776,234764798,112864021,1.7807510176510037,1.0566304441509502
2051,44.-28,6725,23104,1314796656,632132515,1.780536474555822,1.0565407624419942
2052,44.28,177,608,173014532,83187699,1.780321963360588,1.056451101827503
2053,-21.-34,3365,11552,3288408204,1581506255,1.7794642373894916,1.0560901361093784
2054,-21.34,3367,11552,3289540300,1582446229,1.7786070210595248,1.0557295090428103
2055,-3.-13,3369,11552,3290672396,1583386203,1.7777503137654136,1.0553692201401947
2056,-3.13,3371,11552,3291804492,1584326177,1.7768941149029607,1.0550092689148864
2057,-41.-39,3373,11552,3292936588,1585266151,1.7760384238690445,1.0546496548811921
2058,-41.39,3375,11552,3294068684,1586206125,1.7751832400616152,1.054290377554371
2059,-74.-66,211,722,823658683,396669028,1.774755838179986,1.054110865004816
2060,-74.66,3377,11552,3295200780,1587146099,1.7743285628796943,1.0539314364506311
2061,21.-34,3379,11552,3296332876,1588086073,1.7734743917233695,1.0535728310871266
2062,21.34,3381,11552,3297464972,1589026047,1.7726207259937938,1.053214560981957
2063,3.-13,3383,11552,3298597068,1589966021,1.7717675650931826,1.052856625654163
2064,3.13,3385,11552,3299729164,1590905995,1.770914908424812,1.0524990246237251
2065,41.-39,3387,11552,3300861260,1591845969,1.770062755393014,1.0521417574115615
2066,41.39,3389,11552,3301993356,1592785943,1.7692111054031765,1.051784823539525
2067,56.-64,1695,5776,1651279702,796627965,1.7687854688634648,1.0516064814568882
2068,56.64,3391,11552,3303125452,1593725917,1.7683599578617402,1.0514282225304006
2069,-2.-6,6795,23104,6613600864,3193561665,1.7655971912324173,1.0502696723660438
2070,-2.6,851,2888,827618853,399958937,1.7628397052012084,1.049114620959425
2071,-6.-2,359,1216,49836848,24103619,1.7600874796205341,1.0479630521168373
2072,-6.2,3417,11552,3317825372,1605945579,1.7573404944579027,1.0468149497465142
2073,2.-6,6847,23104,6643000704,3218000989,1.7545987297950352,1.0456702978578143
2074,2.6,1715,5776,1662587666,806027705,1.7518621658269962,1.0445290805604117
2075,6.-2,6873,23104,6657700624,3230220651,1.7491307828613398,1.043391282063496
2076,6.2,3443,11552,3332525292,1618165241,1.7464045613172554,1.0422568866749793
2077,65.-79,3445,11552,3333645836,1619105215,1.7455667592955173,1.0419041016910828
2078,65.79,3447,11552,3334766380,1620045189,1.7447294435199014,1.0415516399511051
2079,-9.-54,3449,11552,3335878260,1620985163,1.7438926134263175,1.0411957540131431
2080,-9.54,3451,11552,3336990140,1621925137,1.7430562684516555,1.0408401929175424
2081,9.-54,3453,11552,3338102020,1622865111,1.7422204080337842,1.0404849562089624
2082,9.54,3455,11552,667842780,324761017,1.74138503161155,1.0401300434329321
2083,-17.-17,91,304,87917826,42768817,1.740132873244889,1.0395964099589166
2084,-17.17,3461,11552,3342540876,1626625007,1.7388818007217233,1.0390635046498735
2085,-29.-27,3465,11552,222983924,108566997,1.737215389862595,1.03835409430253
2086,-29.27,3469,11552,3346976844,1630384903,1.7355509016007886,1.0376459721544775
2087,-32.-17,3471,11552,1116028612,543774959,1.734719377058525,1.03729239303256
2088,-32.17,3473,11552,478456404,233180693,1.7338883315050793,1.036939134615021
2089,-40.-56,3475,11552,670060764,326640965,1.7330577643889387,1.0365861964551537
2090,-40.56,183,608,58796716,28669207,1.732227675159543,1.036233578107099
2091,-7.-28,3479,11552,3352521804,1635084773,1.7313980632672807,1.0358812791258432
2092,-7.28,3481,11552,3353630796,1636024747,1.7305689281634886,1.0355292990672165
2093,-87.-67,1741,5776,1677092646,818247367,1.73015453923607,1.0353534284953163
2094,-87.67,3483,11552,1118246596,545654907,1.7297402693004482,1.0351776374878912
2095,-9.-72,3485,11552,671169756,327580939,1.7289120861313856,1.0348262939453794
2096,-9.72,3487,11552,479565396,234120667,1.7280843781104664,1.03447526799803
2097,-92.-77,3489,11552,1119355588,546594881,1.7272571446927962,1.0341245592050297
2098,-92.77,3491,11552,3359175756,1640724617,1.7264303853344174,1.0337741671263962
2099,32.-17,3493,11552,3360284748,1641664591,1.7256040994923063,1.0334240913229809
2100,32.17,3495,11552,224092916,109506971,1.7247782866243724,1.0330743313564639
2101,7.-28,3497,11552,3362502732,1643544539,1.7239529461894545,1.0327248867893533
2102,7.28,3499,11552,3363611724,1644484513,1.7231280776473215,1.0323757571849825
2103,74.-25,3501,11552,160224796,78353547,1.7223036804586667,1.0320269421075097
2104,74.25,3503,11552,3365829708,1646364461,1.721479754085108,1.0316784411219133
2105,9.-72,3505,11552,673387740,329460887,1.7206562979891855,1.0313302537939921
2106,9.72,3507,11552,1122682564,549414803,1.7198333116343585,1.0309823796903632
2107,-2.-16,3511,11552,3370257012,1650124357,1.7181887460064158,1.0302838606607767
2108,-2.16,185,608,177498228,86947595,1.7165460529272734,1.029586594216894
2109,2.-16,3519,11552,1124891884,551294751,1.7149052281375063,1.028890576911307
2110,2.16,3523,11552,3376884972,1655764201,1.7132662673922074,1.02819580530953
2111,69.-63,7055,23104,397570744,195044605,1.7114246594025444,1.0274075038655983
2112,69.63,883,2888,845454419,414998521,1.7095853992387051,1.0266207817931188
2113,-3.-6,3539,11552,483664190,237611999,1.7067289804619405,1.0253980344653593
2114,-3.6,1773,5776,1694740492,833286951,1.7038782059884823,1.0241790836048386
2115,-6.-3,187,608,178595402,87887569,1.7010330535559488,1.0229639111246056
2116,-6.3,445,1444,849286073,418288430,1.6981935010334108,1.0217524990550255
2117,3.-6,3567,11552,3400975946,1676443629,1.6953595264203591,1.0205448295428097
2118,3.6,1787,5776,1702403800,839866769,1.6925311078456804,1.0193408848500574
2119,6.-3,3581,11552,3408639254,1683023447,1.6897082235666465,1.0181406473533057
2120,6.3,897,2888,121873961,60225477,1.6868908519679098,1.0169440995425894
2121,-73.-48,449,1444,121951937,60292618,1.6852833921460242,1.0162593931547417
2122,-73.48,899,2888,122029913,60359759,1.6836777213727236,1.015575885995977
2123,114.-110,1799,5776,244137802,120786659,1.682875555635689,1.0152345811194334
2124,114.110,225,722,122107889,60426900,1.682073835670134,1.0148935748419585
2125,-34.-43,3603,11552,3420652612,1693363161,1.6808720904603807,1.0143801883368724
2126,-34.43,1803,5776,570380722,282462187,1.6796713454548295,1.0138674737533462
2127,21.-54,7213,23104,6845111608,3390016231,1.6794713184124446,1.013781883659251
2128,21.54,3607,11552,3422827276,1695243109,1.6792713190996007,1.0136963122180889
2129,-51.-66,3609,11552,1141303666,565394361,1.6784715989899384,1.0133533001949897
2130,-51.66,3611,11552,489284960,242446151,1.677672321938531,1.0130105866976817
2131,-29.-1,3613,11552,3426077720,1698063031,1.6768734874547275,1.0126678672983356
2132,-29.-41,3615,11552,685432144,339800601,1.676075095048691,1.0123254458193192
2133,-29.1,3617,11552,3428243720,1699942979,1.675277144231397,1.0119833218627026
2134,-29.41,3619,11552,3429326720,1700882953,1.6744796345146322,1.0116414950312818
2135,-62.-58,3621,11552,3430409720,1701822927,1.6736825654109933,1.0112999649285739
2136,-62.58,3623,11552,3431492720,1702762901,1.6728859364338835,1.0109587311588186
2137,-83.-27,3627,11552,3433658720,1704642849,1.6712939969168912,1.010277151038721
2138,-83.27,3631,11552,3435824720,1706522797,1.6697038120869638,1.0095967515192659
2139,29.-1,3633,11552,3436907720,1707462771,1.668909376471686,1.009256993502994
2140,29.-41,3635,11552,687598144,341680549,1.6681153780802143,1.008917529460166
2141,29.1,3637,11552,3439073720,1709342719,1.6673218164315542,1.0085783590000224
2142,29.41,3639,11552,491450960,244326099,1.6665286910455044,1.0082394817325138
2143,-84.-72,7287,23104,6885173944,3424795269,1.6647457515301498,1.0074753547172655
2144,-84.72,6,19,22664587,11279688,1.6629650127224294,1.0067127094451895
2145,-8.-56,1825,5776,1723046502,857726275,1.662174278232429,1.0063724168817716
2146,-8.56,913,2888,861792196,429098131,1.661383976902949,1.0060324168846417
2147,-40.-8,1827,5776,246303080,122666607,1.6605941082596825,1.0056921049186465
2148,-40.8,457,1444,431164682,214784059,1.6598046718291013,1.0053520851230933
2149,40.-8,1829,5776,1725195896,859606223,1.6590156671384544,1.0050123571124523
2150,40.8,915,2888,862866532,430038105,1.6582270937157662,1.0046729205018898
2151,8.-56,1831,5776,1726269871,860546197,1.657438951089834,1.004333473208864
2152,8.56,229,722,863403339,430508092,1.656651238790227,1.0039943167359606
2153,-34.-10,3665,11552,3454149802,1722502355,1.6562575438659968,1.0038246966584665
2154,-34.10,1833,5776,132872548,66268167,1.6558639563472852,1.003655149189297
2155,58.-52,3671,11552,3457366312,1725322277,1.6538976277876236,1.002807595465986
2156,58.52,919,2888,865011594,431918053,1.6519339755981366,1.00196185120246
2157,-7.-23,115,361,216386649,108097010,1.6503649759427956,1.0012848698118793
2158,-7.23,921,2888,288693866,144286009,1.6487976807958356,1.0006090417356204
2159,7.-23,461,1444,433308300,216664007,1.647232086457833,0.9999343639550258
2160,7.23,923,2888,867151602,433798001,1.645668189241397,0.9992608334622077
2161,-3.-11,231,722,433841497,217133994,1.6441059854711135,0.9985824449316159
2162,-3.11,925,2888,868214386,434737975,1.6425454714834964,0.9979052050775367
2163,-94.-88,463,1444,434372889,217603981,1.6409866436269347,0.9972291109105261
2164,-94.88,927,2888,869277170,435677949,1.6394294982616402,0.9965541594517492
2165,3.-11,116,361,62129183,31153424,1.637874031759599,0.995880347732932
2166,3.11,929,2888,870339954,436617923,1.636320240504518,0.9952076727963138
2167,-26.-34,7437,23104,6965369372,3495293319,1.6353499700792926,0.9947863314887392
2168,-26.34,3721,11552,3484009556,1748821627,1.6343803517613984,0.9943654335066224
2169,26.-34,7447,23104,995809836,499999027,1.633411384674877,0.9939449781327625
2170,26.34,1863,5776,1743329648,875585781,1.6324430679455335,0.993524964651541
2171,34.-10,3727,11552,498169892,250234507,1.6320559231583212,0.9933570828289932
2172,34.10,233,722,435964899,219013942,1.6316688822328906,0.9931892715493756
2173,-3.-33,933,2888,872459024,438497871,1.6301217560354122,0.992517537052997
2174,-3.33,467,1444,436494125,219483929,1.628576287177509,0.9918469290522276
2175,-51.-39,935,2888,873517476,439437845,1.627032472112172,0.9911774446434832
2176,-51.39,117,361,437023351,219953916,1.6254903073037663,0.9905090809333856
2177,3.-33,937,2888,874575928,440377819,1.6239497892279842,0.9898418350387163
2178,3.33,469,1444,62507511,31489129,1.6224109143717944,0.9891757040863708
2179,51.-39,939,2888,875634380,441317793,1.6208736792333966,0.9885106852133142
2180,51.39,235,722,438081803,220893890,1.6193380803221713,0.9878467755665352
2181,-72.-72,471,1444,877219531,442727754,1.6162717772743878,0.9865181166343655
2182,-72.72,118,361,54892216,27729233,1.6132119775253297,0.9851938706249085
2183,90.-75,7553,23104,7026729264,3549811811,1.61302095534155,0.9851107694853283
2184,90.75,3777,11552,3513627440,1775140899,1.6128299584469983,0.9850276855625284
2185,90.-90,7557,23104,2342941984,1183897253,1.6122571194317736,0.9847773514930007
2186,90.90,945,2888,125542804,63448245,1.6116845077787358,0.9845271727079221
2187,-1.-5,947,2888,879839308,445077689,1.608634411418786,0.9831828743081445
2188,-1.5,949,2888,880878988,446017663,1.6055907498660615,0.9818429962145336
2189,-16.-29,7593,23104,7047551744,3568611291,1.6054007340553307,0.9817594000908435
2190,-16.29,3797,11552,3524035792,1784540639,1.6052107432680818,0.981675821141219
2191,-4.-28,3799,11552,3525075472,1785480613,1.6044510302221486,0.9813416769747693
2192,-4.28,3801,11552,503730736,255202941,1.6036917170252054,0.9810078071592249
2193,-41.-31,3803,11552,3527154832,1787360561,1.60293280325658,0.9806742113479092
2194,-41.31,3805,11552,3528194512,1788300535,1.602174288496263,0.9803408891947437
2195,-7.-5,3813,11552,3532353232,1792060431,1.5991442111610559,0.9790103302628723
2196,-7.5,3821,11552,3536511952,1795820327,1.59612048452966,0.977684122329733
2197,1.-5,3829,11552,505810096,257082889,1.5931030820370105,0.9763622435305588
2198,1.5,3837,11552,3544829392,1803340119,1.5900919772843778,0.9750446721503654
2199,16.-29,7675,23104,7090178624,3607150225,1.5899039917422668,0.9749624664657822
2200,16.29,101,304,93298664,47468687,1.5897160306917908,0.9748802775175163
2201,4.-28,120,361,221649307,112796880,1.5889644312786524,0.9745516889827833
2202,4.28,1921,5776,1773714296,902845027,1.588213223221644,0.9742233678100245
2203,40.-56,961,2888,887117068,451657507,1.5874624061134206,0.9738953136645648
2204,40.56,1923,5776,1774753976,903785001,1.5867119795472737,0.9735675262123015
2205,7.-5,1927,5776,1776833336,905664949,1.58371417059145,0.9722590366730961
2206,7.5,1931,5776,1778912696,907544897,1.5807225779365208,0.9709547876446181
2207,-90.-90,7727,23104,1016743504,518798507,1.580162344271767,0.9707095404985041
2208,-90.90,3865,11552,3559379136,1816499755,1.5796023280749614,0.9704644420637076
2209,58.-23,3867,11552,3560407264,1817439729,1.578855977804364,0.9701347546237
2210,58.23,3869,11552,3561435392,1818379703,1.5781100134439545,0.9698053327927872
2211,2.-68,3873,11552,3563488760,1820259651,1.5766192408588242,0.9691461154213087
2212,2.68,3877,11552,3565542128,1822139599,1.5751300071359904,0.9684879578879827
2213,72.-72,3885,11552,1189879826,608633165,1.5721561435920985,0.9671710184427219
2214,72.72,3893,11552,3573736828,1829659391,1.5691883975398877,0.9658582957074517
2215,-3.-3,3927,11552,1197048564,615212983,1.556643144220774,0.9603238289896117
2216,-3.3,3961,11552,3608554556,1861618507,1.5442060409825513,0.9548636080779968
2217,3.-3,3995,11552,725192684,375519613,1.531875239071832,0.9494761105648544
2218,3.3,4029,11552,1214457428,631192541,1.5196489367385726,0.9441598563564756
2219,-34.-22,4033,11552,520774268,270779653,1.5182173364812948,0.9435388296035667
2220,-34.22,4037,11552,3647467468,1897337519,1.516787155406661,0.9429187668709406
2221,-2.-68,4041,11552,3649507840,1899217467,1.5153583907037116,0.9422968117071326
2222,-2.68,4045,11552,3651548212,1901097415,1.513931039569831,0.9416758191662106
2223,-49.-49,8097,23104,7306660216,3805484739,1.5126832646991633,0.9411318842394689
2224,-49.49,1013,2888,913778001,476096831,1.5114365680860329,0.9405886843590547
2225,-13.-57,4053,11552,3655620292,1904857311,1.5110805668403304,0.9404332935442734
2226,-13.57,2027,5776,1828064290,952663649,1.510724653420272,0.9402779626636218
2227,-15.0,507,1444,130612327,68080974,1.5100130898838307,0.939967480562465
2228,-65.-65,4057,11552,3657653444,1906737259,1.5096574396808982,0.9398123292709103
2229,-65.65,2029,5776,1829080866,953603623,1.509301877130512,0.9396572377713864
2230,13.-57,4059,11552,3658670020,1907677233,1.5089464021894778,0.9395022060284406
2231,13.57,1015,2888,914794577,477036805,1.5085910148146324,0.9393472340066485
2232,15.0,2031,5776,1830097442,954543597,1.507880502591018,0.9390374689849721
2233,29.-27,107,304,96374422,50288609,1.5064605270424385,0.9384186540399795
2234,29.27,2035,5776,261732942,136631935,1.5050419477335617,0.9378007906793253
2235,65.-65,4071,11552,3664769476,1913317077,1.5046875207471606,0.9376464732604067
2236,65.65,509,1444,916319441,478446766,1.5043331808114757,0.9374922151397794
2237,-144.-145,4075,11552,3666801184,1915197025,1.5032706828813687,0.9370292280786648
2238,-144.145,2039,5776,262023186,136900499,1.5022089668705745,0.9365667739140374
2239,-79.-75,8157,23104,1048164944,547669137,1.502032090141255,0.9364892767434331
2240,-79.75,4079,11552,524118572,273868139,1.501855235094648,0.9364117944102855
2241,-27.-15,4083,11552,1223616720,639652307,1.50044117466202,0.9357919018573192
2242,-27.15,4087,11552,3672870316,1920836869,1.4990284988665123,0.9351729570122368
2243,-5.-23,4091,11552,3674890472,1922716817,1.4976172049991245,0.9345549576465472
2244,-5.23,4095,11552,1225636876,641532255,1.4962072903588002,0.9339379015389092
2245,27.-15,4099,11552,3678930784,1926476713,1.4947987522523922,0.9333217864751029
2246,27.15,4103,11552,3680950940,1928356661,1.493391587994636,0.9327066102479994
2247,5.-23,4107,11552,175379576,91916029,1.4919857949081152,0.9320923706575331
2248,5.23,4111,11552,3684991252,1932116557,1.4905813703232333,0.9314790655106723
2249,81.-51,4115,11552,3686998412,1933996505,1.489178311578183,0.9308616073922653
2250,81.51,4119,11552,175666932,92184593,1.487776616018914,0.9302450849039512
2251,-38.-50,515,1444,65883944,34577615,1.4874264048165904,0.9300885593260727
2252,-38.50,4121,11552,527142308,276688061,1.4870762786066716,0.9299320927412825
2253,-29.-20,2063,5776,1846234142,969583181,1.4853269210006863,0.9291489509480083
2254,-29.20,4131,11552,72449812,38068947,1.4835796820310507,0.9283672811206637
2255,29.-20,517,1444,924353135,485966558,1.4818345565722362,0.9275870789987504
2256,29.20,4141,11552,3699884668,1946216167,1.4800915395172924,0.926808340338613
2257,17.0,4147,11552,3702839092,1949036089,1.4780026949812093,0.925871053855477
2258,-8.-44,23,64,20526592,10809701,1.4764380439429872,0.9251675005946247
2259,-8.44,1039,2888,132402165,69759499,1.4748750879829593,0.9244651287572606
2260,8.-44,8321,23104,7418942768,3910761827,1.4733138234323448,0.9237639352870405
2261,8.44,4165,11552,218334244,115146815,1.471754246634261,0.9230639171384232
2262,8.-8,8395,23104,7455281028,3945540865,1.4605404170627787,0.9180396539695339
2263,8.8,2115,5776,1137872,604269,1.449413078879859,0.9130754406145489
2264,-58.-68,8461,23104,7487688720,3976560007,1.4492425576290382,0.9129995184858619
2265,-58.68,4231,11552,3744089840,1988514997,1.4490720565308206,0.9129236103072146
2266,58.-68,8463,23104,7488670640,3977499981,1.4489015755804433,0.9128477160746578
2267,58.68,529,1444,468072600,248623123,1.4487311147731452,0.9127718357842434
2268,-8.-8,8529,23104,7521033568,4008519123,1.4376941424884875,0.907861579210762
2269,-8.8,4297,11552,3776452768,2019534139,1.4267409651132323,0.9030092091137297
2270,-9.-79,4301,11552,3778413720,2021414087,1.4253986109425214,0.9024157909550179
2271,-9.79,4305,11552,3780374672,2023294035,1.4240575046029647,0.9018232320393532
2272,9.-79,4309,11552,3782326960,2025173983,1.4227176437767883,0.9012282257415202
2273,9.79,227,608,199172592,106687049,1.4213790261526704,0.9006340782803955
2274,-2.-2,8707,23104,1086869920,584596687,1.4078950188841466,0.8946657261273804
2275,-2.2,2197,5776,1911905096,1032561439,1.3945358724638945,0.8887832851731873
2276,-4.-26,2199,5776,637626358,344500471,1.3932231380322029,0.8882053128605869
2277,-4.26,2201,5776,1913853052,1034441387,1.3919115969956137,0.887628159920478
2278,4.-26,2203,5776,1914827030,1035381361,1.3906012471862879,0.8870518245656127
2279,4.26,2205,5776,638600336,345440445,1.389292086442288,0.8864763050140627
2280,-13.-52,1103,2888,958143096,518395661,1.3886379512957885,0.8861874916976398
2281,-13.52,2207,5776,1916771376,1037261309,1.3879841126075572,0.8858988823554536
2282,-34.-30,4419,11552,1278656224,692290851,1.3863508111301655,0.8851782499326677
2283,-34.30,553,1444,479799324,259902811,1.384719356652464,0.8844588875073671
2284,-38.-53,4425,11552,1279626592,693230825,1.3843932870294486,0.8843151671187544
2285,-38.53,2213,5776,1919682480,1040081231,1.3840672910861593,0.8841714973647744
2286,-43.-22,233,608,202097376,109506971,1.3837413687893052,0.884027878217961
2287,-43.22,1107,2888,320027944,173425203,1.3834155201056189,0.8838843096508685
2288,-63.-93,2215,5776,1920652848,1041021205,1.3827640434447903,0.8835973241461641
2289,-63.93,277,722,240142254,130186399,1.3821128608379827,0.8833105406315006
2290,-69.-9,2217,5776,640541072,347320393,1.381461972019864,0.8830239588880421
2291,-69.9,1109,2888,961054200,521215583,1.380811376725461,0.8827375786972759
2292,-8.-34,555,1444,160256564,86947595,1.3795110656497027,0.8821654221013858
2293,-8.34,1111,2888,962024568,522155557,1.378211925498079,0.8815940691021833
2294,-97.-85,139,361,120313719,65328193,1.3769139541636637,0.8810235179631615
2295,-97.85,1113,2888,320998312,174365177,1.3756171495452114,0.8804537669529352
2296,108.-102,557,1444,481740060,261782759,1.3743215095471393,0.8798848143452219
2297,108.102,1115,2888,963965304,524035505,1.373027032079504,0.8793166584188218
2298,13.-52,2231,5776,1928415792,1048540997,1.3723802286430304,0.8790328786746245
2299,13.52,279,722,80370874,43708791,1.3717337150579836,0.8787492974575992
2300,38.-53,235,608,203067744,110446945,1.3714105668785859,0.8786075812299735
2301,38.53,2233,5776,1929386160,1049480971,1.3710874910646975,0.8784659145540171
2302,43.-22,4467,11552,1286419168,699810643,1.3707644875839151,0.8783242974030631
2303,43.22,1117,2888,964935672,524975479,1.3704415564038561,0.8781827297504636
2304,63.-93,2235,5776,643452176,350140315,1.369795910816491,0.8778997428338374
2305,63.93,559,1444,482710428,262722733,1.3691505540439808,0.8776169535913503
2306,69.-9,2237,5776,1931326896,1051360919,1.368505485828052,0.8773343618105264
2307,69.9,1119,2888,321968680,175305151,1.367860705910777,0.8770519672792016
2308,8.-34,140,361,120798903,65798180,1.3665720099422045,0.8764877691179491
2309,8.34,59,152,50888232,27729233,1.3652844640817443,0.8759243574164932
2310,2.-2,9049,23104,7774299616,4252912363,1.3523123726539557,0.8702615826021863
2311,2.2,4565,11552,3906793984,2145490655,1.3394558820155866,0.864677563017344
2312,-60.-30,2285,5776,1954607064,1073920295,1.337876576941739,0.863991688402777
2313,-60.30,4575,11552,9160736,5035575,1.336298998828404,0.8633069878085827
2314,120.-120,241,608,205977024,113266867,1.335038177213624,0.8627575154383569
2315,120.120,4583,11552,3915492640,2153950421,1.3337784565128583,0.8622087934102197
2316,51.-66,4585,11552,3916457232,2154890395,1.3331490084047541,0.8619347132819064
2317,51.66,4587,11552,3917421824,2155830369,1.33251983480521,0.8616608201486461
2318,128.-128,4591,11552,3919342344,2157710317,1.331262310174805,0.8611104049006336
2319,128.128,4595,11552,3921262864,2159590265,1.3300058807107742,0.8605607384126327
2320,-20.-30,9191,23104,7843005136,4319650517,1.32984890393668,0.8604919498612228
2321,-20.30,1149,2888,46687408,25715003,1.3296919442410577,0.860423172997896
2322,-30.-20,9193,23104,7843963952,4320590491,1.3295350016201917,0.8603544078195955
2323,-30.20,4597,11552,3922221680,2160530239,1.329378076070367,0.8602856543232654
2324,20.-30,9195,23104,2614974256,1440510155,1.3292211675878711,0.8602169125058511
2325,20.30,121,304,103228976,56868427,1.329064276168991,0.8601481823642992
2326,30.-20,9197,23104,7845881584,4322470439,1.3289074018100164,0.8600794638955571
2327,30.20,4599,11552,435908944,240163357,1.3287505445072372,0.8600107570965735
2328,0.-55,4607,11552,3927009984,2165230109,1.32624314428296,0.858910910943516
2329,0.55,4615,11552,561548496,309855715,1.3237400943540345,0.8578140431551542
2330,-25.-19,577,1444,491414499,271182499,1.3234275182416884,0.8576763486118318
2331,-25.19,243,608,68978816,38068947,1.3231150098378046,0.8575387005806304
2332,-31.-35,2309,5776,1966134516,1085199983,1.3228025691130558,0.8574010990373604
2333,-31.35,4619,11552,3932745552,2170869953,1.3224901960381341,0.8572635439578496
2334,-66.-24,4623,11552,1311550544,724249967,1.3212413796512295,0.856713787794556
2335,-66.24,4627,11552,3936557712,2174629849,1.319993643321875,0.856164773122093
2336,25.-19,1157,2888,984258558,543774959,1.319681877779681,0.8560276351314949
2337,25.19,4629,11552,187500512,103598563,1.31937017959528,0.855890543363876
2338,31.-35,2315,5776,1968993636,1088019905,1.3190585487395723,0.8557534977952521
2339,31.35,4631,11552,3938463792,2176509797,1.3187469851834777,0.8556164984016559
2340,-2.-22,4633,11552,3939412500,2177449771,1.3181240598538995,0.8553410515758614
2341,-2.22,4635,11552,62545416,34577615,1.3175014033742778,0.8550657899286764
2342,2.-22,4637,11552,3941309916,2179329719,1.3168790155126455,0.8547907132684196
2343,2.22,4639,11552,3942258624,2180269693,1.316256896037335,0.8545158214036801
2344,34.-22,4643,11552,3944147376,2182149641,1.3150134613205093,0.853963422171451
2345,34.22,4647,11552,1315345376,728009863,1.3137710973764463,0.8534117628718454
2346,35.-42,9295,23104,1578508600,873705833,1.3136158770803272,0.8533425934579955
2347,35.42,581,1444,70473337,39008921,1.3134606734826422,0.8532734356103012
2348,42.-35,9297,23104,877053832,485496571,1.313305486579799,0.8532042893257826
2349,42.35,4649,11552,3946977616,2184969563,1.3131503163682068,0.8531351546014605
2350,49.-49,9305,23104,7897241776,4373229035,1.312064591940657,0.8526499521984947
2351,49.49,291,722,82297170,45588739,1.3109796839788872,0.8521653163979289
2352,-10.-10,4673,11552,3958240816,2196249251,1.3057217050223715,0.8498175931702421
2353,-10.10,2345,5776,283301248,157445645,1.300482819484432,0.8474831045065138
2354,10.-10,4707,11552,1324731376,737409603,1.2952628891979172,0.8451617357820063
2355,10.10,1181,2888,995542696,555054647,1.2900617774900136,0.8428533737247061
2356,-41.-49,2363,5776,1991553248,1110579281,1.2894511129133241,0.8425816671078857
2357,-41.49,591,1444,498005276,277762317,1.2888407067096386,0.8423101392453636
2358,41.-49,2365,5776,5175296,2887063,1.2882305586604135,0.8420387899559912
2359,41.49,1183,2888,996478408,555994621,1.2876206685473826,0.8417676190588712
2360,64.-71,4733,11552,3986381488,2224448471,1.2873158201488073,0.8416321004509435
2361,64.71,2367,5776,1993424672,1112459229,1.2870110361525564,0.8414966263733556
2362,121.-119,2369,5776,1994356052,1113399203,1.2857925436469397,0.8409520411984652
2363,121.119,2371,5776,1995287432,1114339177,1.2845750794051631,0.8404081696408379
2364,-22.-62,4743,11552,1330345648,743049447,1.284270873807644,0.8402710081294695
2365,-22.62,593,1444,498937378,278702291,1.2839667323411672,0.8401338914099933
2366,-30.-60,2373,5776,665403864,371759717,1.283358641693223,0.8398597922565068
2367,-30.60,1187,2888,142619548,79696367,1.2827508072452642,0.8395858720001129
2368,-58.-82,9497,23104,7987156768,4463466539,1.282598888639228,0.839517419867584
2369,-58.82,4749,11552,1331269808,743989421,1.2824469860288337,0.8394489789020607
2370,-62.-22,9499,23104,7988080928,4464406513,1.2822950994107127,0.8393805491007337
2371,-62.22,125,304,105112408,58748375,1.2821432287814984,0.8393121304607944
2372,-64.-8,2377,5776,1998059912,1117159099,1.2809288389447362,0.8387651828145525
2373,-64.8,2379,5776,666328024,372699691,1.2797154704620364,0.8382189478825882
2374,-82.-58,4759,11552,3998430224,2236668133,1.279412287726679,0.838082500343392
2375,-82.58,595,1444,499861538,279642265,1.2791091686918652,0.8379460972370409
2376,22.-62,4761,11552,1333118128,745869369,1.2788061133308328,0.8378097385412256
2377,22.62,2381,5776,285701176,159862721,1.278503121616837,0.8376734242336518
2378,56.-7,1191,2888,333395052,186584839,1.277897329023057,0.8374009286941275
2379,56.7,2383,5776,2000832392,1119979021,1.2772917906969,0.8371286104404209
2380,58.-82,9533,23104,8003791648,4480386071,1.2771404458196682,0.8370605585570615
2381,58.82,4767,11552,1334042288,746809343,1.2769891168174958,0.8369925177401759
2382,62.-22,9535,23104,8004715808,4481326045,1.2768378036870525,0.8369244879869893
2383,62.22,149,361,250161809,140056126,1.2766865064250095,0.8368564692947279
2384,77.0,1193,2888,1001109316,560694491,1.2754766991919428,0.8363127176173869
2385,82.-58,4773,11552,1334966448,747749317,1.2751744058349672,0.8361768901134176
2386,82.58,2387,5776,2002680712,1121858969,1.2748721758053945,0.8360411067313491
2387,87.-67,4775,11552,4005823504,2244187925,1.2745700090766976,0.8359053674490847
2388,87.67,597,1444,23846938,13361059,1.274267905622366,0.8357696722445438
2389,-2.-26,2391,5776,2004528310,1123738917,1.272456612175543,0.8349559057785653
2390,-2.26,63,152,52787206,29609181,1.2706475899436689,0.8341437212809889
2391,56.-8,2395,5776,286624614,160802695,1.2700450862636283,0.8338709211053864
2392,56.8,599,1444,501707692,281522213,1.2694428340983854,0.8335982971136476
2393,-59.-51,4793,11552,4014117840,2252647691,1.2691418022682084,0.8334612726603087
2394,-59.51,2397,5776,286755296,160936977,1.2688408332380379,0.8333242923645322
2395,59.-51,4795,11552,4015030448,2253587665,1.268539926981678,0.8331873562043589
2396,59.51,1199,2888,9209832,5169857,1.2682390834729473,0.8330504641578447
2397,40.-48,4797,11552,1338647204,751509213,1.2679383026856827,0.8329130974576537
2398,40.48,2399,5776,2008198236,1127498813,1.2676375845937364,0.8327757749449615
2399,48.-40,4799,11552,4016851332,2255467613,1.267336929170977,0.8326384965978286
2400,48.40,150,361,83693879,46998700,1.2670363363912902,0.8325012623943309
2401,2.-26,2403,5776,2010016954,1129378761,1.2652340937573048,0.8316782647464421
2402,2.26,1203,2888,143670058,80770623,1.2634340997110944,0.8308568514639424
2403,-13.-12,301,722,503071911,282932174,1.2622353501274688,0.8303083950472496
2404,-13.12,1205,2888,1006597238,566334335,1.261037595769847,0.8297606408697058
2405,13.-12,603,1444,503525327,283402161,1.2598408349870862,0.8292135875440569
2406,13.12,1207,2888,1007504070,567274309,1.2586450661321495,0.8286672336867992
2407,0.-12,605,1444,1008861069,568684270,1.255063694725214,0.827027709007414
2408,0.12,1213,2888,1010218068,570094231,1.2514911917666607,0.8253944425915862
2409,-20.-4,607,1444,505335020,285282109,1.250302320631489,0.8248508894938764
2410,-20.4,1215,2888,1011122012,571034205,1.2491144283940276,0.8243080267719264
2411,20.-4,8,19,1663773,939974,1.2479275134435857,0.8237658530729254
2412,20.4,1217,2888,1012025956,571974179,1.2467415741734427,0.8232243670476895
2413,-5.0,2437,5776,2025406384,1145358319,1.2449644911638302,0.8224123958962368
2414,5.0,305,722,253345107,143346035,1.2431895944369222,0.8216019658334438
2415,7.-29,1221,2888,1013831678,573854127,1.2420075418997678,0.8210621905854063
2416,7.29,611,1444,507141464,287162057,1.2408264570684415,0.8205230972332774
2417,-1.-2,4895,11552,4060285408,2300586365,1.2387618823961137,0.8195795249047562
2418,-1.2,129,304,106932608,60628323,1.2367002580203312,0.8186380325082186
2419,-2.-1,4909,11552,4066592800,2307166183,1.2346415755211226,0.8176986129741749
2420,-2.1,1229,2888,1017436624,577614023,1.2325858265145093,0.816761259265988
2421,1.-2,4923,11552,4072900192,2313746001,1.230533002652302,0.8158259643796791
2422,1.2,2465,5776,2038026944,1158517955,1.228483095621897,0.8148927213437335
2423,2.-1,4937,11552,4079207584,2320325819,1.2264360971460744,0.8139615232189085
2424,2.1,309,722,255147580,145225983,1.2243919989827963,0.8130323630980422
2425,34.-30,4949,11552,4084608144,2325965663,1.222933700020168,0.8123678811472931
2426,34.30,2477,5776,2043427504,1164157799,1.221476873640808,0.8117044352364605
2427,-3.-42,9913,23104,8175952548,4658981131,1.22074901174106,0.8113723356104671
2428,-3.42,261,608,215215660,122666607,1.220021516873701,0.8110404944805335
2429,3.-42,9923,23104,8180437612,4663681001,1.2192943886687573,0.8107089115362011
2430,3.42,1241,2888,1022835018,583253867,1.2185676267568144,0.8103775864675216
2431,-6.-34,4969,11552,4093581160,2335365403,1.217115200337061,0.8097151998130756
2432,-6.34,2487,5776,292558732,166979667,1.2156642346702644,0.8090538415116572
2433,6.-34,4979,11552,4098063336,2340065273,1.2142147268211216,0.808393509101022
2434,6.34,623,1444,512538053,292801901,1.212766673863169,0.8077342001269888
2435,-8.-72,2493,5776,2050599491,1171677591,1.2121878593956703,0.8074701022014744
2436,-8.72,1247,2888,1025523385,586073789,1.2116092770575009,0.8072061677664593
2437,-4.-4,2511,5776,2058636434,1180137357,1.201808713615671,0.802734279319488
2438,-4.4,158,361,1033113049,594063568,1.1920742787100682,0.7983089100550201
2439,4.-4,2545,5776,2073815762,1196116915,1.1824050859241133,0.7939293173510696
2440,4.4,1281,2888,1040702713,602053347,1.1728002665455244,0.7895947747140629
2441,8.-72,2563,5776,2081851622,1204576681,1.1722372635955935,0.7893410127029006
2442,8.72,641,1444,1041148909,602523334,1.17167448026843,0.7890874040430746
2443,-35.-42,10257,23104,8329636024,4820656659,1.1715338187326203,0.7890237757213775
2444,-35.42,5129,11552,4165040388,2410563323,1.1713931709098533,0.788960156999727
2445,-42.-35,10259,23104,8330525528,4821596633,1.1712525367974558,0.7888965478758885
2446,-42.35,135,304,21923606,12689649,1.1711119163927546,0.7888329483476286
2447,84.-72,10269,23104,8334952832,4826296503,1.169846949156177,0.788257484847656
2448,84.72,5139,11552,463274188,268362577,1.168583090082016,0.7876828001346653
2449,-7.-29,5143,11552,4171229372,2417143141,1.1674605885347138,0.787169736148259
2450,-7.29,5147,11552,4172991052,2419023089,1.1663389596806364,0.7866572875191158
2451,-57.-15,5151,11552,4174746956,2420903037,1.1652182021638806,0.7861434570592489
2452,-57.15,5155,11552,835300572,484556597,1.1640983146317,0.7856302413633135
2453,-9.-69,5159,11552,4178258764,2424662933,1.1629792957344973,0.7851176392962683
2454,-9.69,5163,11552,4180014668,2426542881,1.1618611441258113,0.7846056497259396
2455,-93.-63,5167,11552,597395796,346917547,1.1607438584623107,0.7840942715230119
2456,-93.63,5171,11552,4183526476,2430302777,1.159627437403782,0.7835835035610191
2457,9.-69,5175,11552,837056476,486436545,1.158511879613121,0.7830733447163345
2458,9.69,5179,11552,4187038284,2434062673,1.1573971837563226,0.7825637938681624
2459,93.-63,5183,11552,4188794188,2435942621,1.1562833485024717,0.7820548498985286
2460,93.63,273,608,220555268,128306451,1.155170372523733,0.7815465116922713
2461,94.-88,5191,11552,4192305996,2439702517,1.1540582544953424,0.7810387781370324
2462,94.88,5195,11552,119830340,69759499,1.152946993095597,0.7805316481232476
2463,-44.-20,5197,11552,4194938408,2442522439,1.1523916832192684,0.7802778124877285
2464,-44.20,5199,11552,1398604972,814487471,1.1518365870058451,0.7800241275304034
2465,-102.-93,5201,11552,4196690702,2444402387,1.1512817042909707,0.7797703449115375
2466,-102.93,5203,11552,4197566488,2445342361,1.1507270349104786,0.7795167127985644
2467,-86.-82,5205,11552,1399480036,815427445,1.1501725787003916,0.7792624867590373
2468,-86.82,5207,11552,4199313728,2447222309,1.1496183354969214,0.7790084112601182
2469,-6.-6,5243,11552,4214999178,2464141841,1.1396781963708158,0.7744470469417425
2470,-6.6,5279,11552,4230684628,2481061373,1.1298060762165427,0.76993372246749
2471,6.-6,5315,11552,4246370078,2497980905,1.120001050468704,0.7654676611453443
2472,6.6,5351,11552,4262055528,2514900437,1.1102622132858087,0.7610481033715426
2473,83.-27,5355,11552,4263794104,2516780385,1.1091841672495526,0.7605584409255302
2474,83.27,5359,11552,4265532680,2518660333,1.1081069261758778,0.7600693435756605
2475,-38.-17,335,722,106649147,62978258,1.1078377415420362,0.7599466690743248
2476,-38.17,5361,11552,4266399080,2519600307,1.1075686071245243,0.7598240299122736
2477,-84.-66,5363,11552,4267265480,2520540281,1.1070304888635711,0.7595788575431898
2478,-84.66,5365,11552,853626376,504296051,1.1064925712432867,0.759333826342834
2479,38.-17,2683,5776,2134282540,1260975121,1.1062236876266498,0.7592113636417287
2480,38.17,5367,11552,4268998280,2522420229,1.1059548541141067,0.759088936185784
2481,84.-66,5369,11552,4269864680,2523360203,1.1054173373266334,0.7588441869467706
2482,84.66,5371,11552,610104440,360614311,1.104880020731637,0.7585995785006758
2483,-72.0,5379,11552,4274190904,2528060073,1.10273275329764,0.757620600539483
2484,-8.-62,5383,11552,4275920816,2529940021,1.1016603168677404,0.7571319542586153
2485,-8.62,5387,11552,4277650728,2531819969,1.1005886770480755,0.7566438684513916
2486,8.-62,5391,11552,4279380640,2533699917,1.0995178326560728,0.7561563421261914
2487,8.62,5395,11552,4281110552,2535579865,1.0984477825117918,0.7556693742937941
2488,-17.0,5401,11552,4283695312,2538399787,1.0968441939351807,0.7549365633171218
2489,-20.-20,1351,2888,21862160,12958213,1.0960430675614865,0.7545691702054987
2490,-20.20,5407,11552,4286271408,2541219709,1.0952423858051716,0.7542020913524492
2491,20.-20,2705,5776,2143779728,1271314835,1.0944421481729933,0.7538353263430652
2492,20.20,5413,11552,4288847504,2544039631,1.0936423541725289,0.7534688747631889
2493,-26.-46,2707,5776,2144637464,1272254809,1.0933758546722074,0.7533461462315275
2494,-26.46,15,32,3960944,2349935,1.0931094043914815,0.753223452593474
2495,26.-46,677,1444,536266222,318181199,1.092843003312174,0.7531007938337058
2496,26.46,5417,11552,4290557200,2545919579,1.0925766514161184,0.7529781699369095
2497,-40.-48,2709,5776,2145491951,1273194783,1.0923103486851566,0.7528553381402537
2498,-40.48,5419,11552,4291410604,2546859553,1.0920440951011419,0.7527325412242855
2499,-48.-40,1355,2888,2145918653,1273664770,1.0917778906459372,0.7526097791737039
2500,-48.40,5421,11552,4292264008,2547799527,1.0915117353014152,0.7524870519732186
2501,-46.-44,2713,5776,2147188290,1275074731,1.090181694605305,0.7518669040874992
2502,-46.44,5431,11552,4296489152,2552499397,1.0888528789629703,0.7512476321173471
2503,46.-44,1359,2888,1074650431,638712333,1.0875252861197797,0.7506292341513874
2504,46.44,5441,11552,4300714296,2557199267,1.0861989138273203,0.7500117082839567
2505,-24.-51,10883,23104,8601850240,5114868521,1.0860663436419857,0.7499498582775673
2506,-24.51,2721,5776,307223996,182690661,1.0859337856374924,0.749888016985522
2507,-58.-42,5447,11552,4303232632,2560019189,1.0846088750467273,0.7492662100363652
2508,-58.42,1363,2888,1076332330,640592281,1.0832851800819614,0.7486452762195287
2509,58.-42,5457,11552,4307426008,2564719059,1.0819626985145285,0.7480252136398524
2510,58.42,2731,5776,2154761348,1283534497,1.0806414281218846,0.7474060204078128
2511,9.-9,10977,23104,8641102492,5159047299,1.0736588258269275,0.7441107197886849
2512,9.9,5515,11552,4331579796,2591978305,1.066709856408426,0.7408396519029024
2513,-108.-117,5517,11552,481379060,288102031,1.0661867617540772,0.7405935549742528
2514,-108.117,5519,11552,4333243284,2593858253,1.065663856695475,0.7403475944679425
2515,-21.-15,345,722,361138263,216194020,1.0654024752216396,0.7402246653366039
2516,-21.15,5521,11552,4334075028,2594798227,1.0651411410952318,0.7401017702669943
2517,-25.-29,2761,5776,2167245450,1297634107,1.0648798542991018,0.7399789092445131
2518,-25.29,5523,11552,206424132,123606581,1.0646186148161083,0.7398560822545681
2519,-33.-51,11047,23104,8670229416,5191946389,1.064488012811684,0.739794681517239
2520,-33.51,1381,2888,1083830661,649052047,1.0643574226291201,0.7397332892825759
2521,-36.-85,2763,5776,240897466,144286009,1.0638351800746793,0.7394878053341581
2522,-36.85,691,1444,1084246533,649522034,1.0633131264989124,0.7392424572827629
2523,-38.-18,1383,2888,361554135,216664007,1.0622695857366768,0.7387521684057361
2524,-38.18,173,361,1085078277,650462008,1.0612267992504465,0.7382624217222516
2525,-45.-54,11073,23104,2893680696,1734722017,1.0610965039204063,0.7382012414636037
2526,-45.0,11081,23104,1240624152,743989421,1.0600545646923858,0.7377121036398311
2527,-45.54,5541,11552,1447464156,868065989,1.0599243751835765,0.7376509994154473
2528,-5.-47,5545,11552,4344055956,2606077915,1.0588832818380987,0.737162469281163
2529,-5.47,5549,11552,4345719444,2607957863,1.0578429392360393,0.7366744783353947
2530,-51.-21,5553,11552,483042548,289981979,1.0568033462954407,0.7361870256581148
2531,-51.21,5557,11552,4349046420,2611717759,1.0557645019366821,0.7357001103314474
2532,-61.-47,585,1216,50868472,30549155,1.0556346989728185,0.7356392836524479
2533,-61.47,2779,5776,310675878,186584839,1.055504907686609,0.7355784653534545
2534,-73.-17,2781,5776,241729210,145225983,1.0544669975404841,0.7350922204275561
2535,-73.17,2783,5776,2176394634,1307973821,1.0534298335555636,0.7346065107948815
2536,-8.-40,174,361,362801751,218073968,1.0529115310384427,0.7343638564287547
2537,-8.40,2785,5776,2177226378,1308913795,1.0523934146597769,0.734121335544502
2538,-92.-90,2787,5776,726019374,436617923,1.0513577397833618,0.7336366937676132
2539,-92.90,2789,5776,2178889866,1310793743,1.050322807858859,0.7331525845575291
2540,0.-27,147,304,5465046,3289909,1.0482551686072212,0.7321859602215793
2541,0.27,2797,5776,2182216842,1314553639,1.0461904884109792,0.7312214553252794
2542,108.-117,1399,2888,1091316357,657511813,1.0456747797224177,0.7309806594217576
2543,108.117,2799,5776,242560954,146165957,1.0451592553142561,0.7307399954226046
2544,112.-113,5599,11552,4366513044,2631457213,1.0449015621741784,0.7306197128522551
2545,112.113,175,361,155961747,93997400,1.0446439150548423,0.7304994632161211
2546,21.-15,5601,11552,1455781596,877465729,1.0443863139398128,0.7303792465002602
2547,21.15,2801,5776,2183880330,1316433587,1.0441287588126646,0.7302590626907381
2548,25.-29,5603,11552,4368176532,2633337161,1.0438712496569806,0.7301389117736292
2549,25.29,1401,2888,364049367,219483929,1.0436137864563528,0.7300187937350155
2550,33.-51,11209,23104,8737600680,5268084283,1.0434850720840598,0.7299587470407976
2551,33.51,295,608,229947804,138646165,1.043356369194382,0.7298987085609875
2552,36.-85,5607,11552,69362540,41828843,1.0428416724208567,0.7296586367510888
2553,36.85,5609,11552,4370671764,2636157083,1.042327159205386,0.7294186962328157
2554,41.-31,5611,11552,4371503508,2637097057,1.0418128294170905,0.7291788868951803
2555,41.31,5613,11552,1457445084,879345677,1.0412986829252306,0.7289392086273228
2556,45.-54,11227,23104,8745086376,5276544049,1.0411701749270261,0.728879309527032
2557,45.0,11235,23104,59513016,35920435,1.0401425228199015,0.7284004111751711
2558,45.54,2809,5776,2187207306,1320193483,1.0400141177607727,0.7283405856615967
2559,5.-47,2811,5776,729346350,440377819,1.038987288506828,0.7278622754444822
2560,5.47,2813,5776,2188870794,1322073431,1.0379611895724712,0.7273844870768502
2561,61.-47,11253,23104,2918633016,1762921237,1.037832978504545,0.7273248001796015
2562,61.47,5627,11552,4378157460,2644616849,1.0377047788296139,0.7272651214207866
2563,72.-9,5629,11552,4378989204,2645556823,1.037192094019354,0.7270264877355651
2564,72.9,5631,11552,1459940316,882165599,1.0366795913351405,0.7267879841281377
2565,92.-77,5633,11552,101875644,61568297,1.0361672706476228,0.7265496104889201
2566,92.77,5635,11552,625926348,378339535,1.0356551318275875,0.7263113667084543
2567,144.-145,2819,5776,2191365304,1324893353,1.0348872643167493,0.7259537689519716
2568,144.145,5641,11552,4383976780,2651196667,1.034119805282308,0.7255964630336397
2569,8.-40,297,608,230779282,139586139,1.0336083926428197,0.7253580251162688
2570,8.40,5645,11552,4385635936,2653076615,1.0330971612268078,0.7251197167821448
2571,73.-48,5649,11552,4387282096,2654956563,1.0320752415517864,0.7246392148857282
2572,73.48,5653,11552,4388928256,2656836511,1.031054045231754,0.7241592332360621
2573,76.-34,5657,11552,4390570084,2658716459,1.0300335712433963,0.7236783475133375
2574,76.34,5661,11552,4392211912,2660596407,1.0290138185655695,0.7231979813629829
2575,-2.-52,5665,11552,125538472,76070753,1.027994786179293,0.7227157632719577
2576,-2.52,5669,11552,4395481128,2664356303,1.0269764730677444,0.7222340647860167
2577,2.-52,5673,11552,4397115736,2666236251,1.0259588782162534,0.7217528850389687
2578,2.52,5677,11552,4398750344,2668116199,1.0249420006122938,0.7212722231666034
2579,-153.-153,5683,11552,4401199368,2670936121,1.0234180268358415,0.7205512528132766
2580,-153.153,5689,11552,4403648392,2673756043,1.02189566119241,0.7198314438902426
2581,-1.-4,5695,11552,881218328,535315193,1.0203749002916969,0.7191109022583909
2582,-1.4,5701,11552,4408534888,2679395887,1.0188557407541095,0.7183915183783056
2583,-8.-7,5707,11552,4410978136,2682215809,1.0173381792107206,0.7176732893726295
2584,-8.7,5713,11552,4413421384,2685035731,1.0158222123032226,0.7169562123738089
2585,1.-4,301,608,232413928,141466087,1.0143078366838834,0.7162402845240505
2586,1.4,5725,11552,126237368,76876445,1.0127950490155024,0.7155255029752797
2587,62.-58,5727,11552,192135752,117026763,1.0122911387620772,0.7152874967017101
2588,62.58,5729,11552,4419936712,2692555523,1.011787404454973,0.7150496173745721
2589,8.-7,5735,11552,884475992,539075089,1.0102772559839837,0.7143367400246521
2590,8.7,5741,11552,4424823208,2698195367,1.0087686866159007,0.7136250014280424
2591,-80.-64,2873,5776,2213428180,1350272651,1.0075127493546472,0.7130318125947734
2592,-80.64,5751,11552,1476296504,900965079,1.0062579044978641,0.7124394118509326
2593,-3.-9,5759,11552,4432138512,2706655133,1.0042524201910605,0.7114918897546555
2594,-3.9,5767,11552,4435387512,2710415029,1.0022497198300508,0.7105463763440781
2595,-9.-3,5775,11552,1479545504,904724975,1.0002497956963887,0.709602865036122
2596,-9.3,5783,11552,4441885512,2717934821,0.9982526401036823,0.7086613492772713
2597,3.-9,5791,11552,635019216,388813531,0.996258245397417,0.7077218225434012
2598,3.9,5799,11552,1482794504,908484871,0.9942666039547791,0.7067842783396114
2599,9.-3,5807,11552,4451632512,2729214509,0.9922777081844817,0.705848710200057
2600,9.3,5815,11552,4454881512,2732974405,0.9902915505265902,0.7049151116877826
2601,60.-30,1455,2888,371409074,227943695,0.9890515890915248,0.7043315582740896
2602,60.30,5825,11552,4458936264,2737674275,0.9878126924581662,0.7037487711405628
2603,29.-37,2913,5776,2229670292,1369072131,0.9875650407468225,0.7036319317978581
2604,29.37,5827,11552,4459744904,2738614249,0.9873174315398491,0.7035151230995504
2605,30.-60,5829,11552,4460553544,2739554223,0.9868223405806704,0.7032815975863846
2606,30.60,5831,11552,4461362184,2740494197,0.9863274194640193,0.7030481945016508
2607,-49.-41,307,608,33550048,20612287,0.985832668073406,0.7028102450430935
2608,-49.41,5835,11552,4462950584,2742374145,0.9853380862924607,0.7025724194912008
2609,-14.-14,2921,5776,2232861532,1372832027,0.9836083840579923,0.7017386718930436
2610,-14.14,5849,11552,4468495544,2748953963,0.9818807531465138,0.7009064395498913
2611,-9.-9,11751,23104,2985972512,1840939079,0.9753591132152682,0.6977589991912015
2612,-9.9,2951,5776,2244710996,1386931637,0.9688668214551639,0.6946330337790497
2613,14.-14,311,608,236430528,146165957,0.967156743312983,0.6938089915010743
2614,14.14,1479,2888,1123734518,695110773,0.9654486897881032,0.692986430012561
2615,-25.-11,11833,23104,8990268912,5561356171,0.9653267633108797,0.6929275335547446
2616,-25.11,5917,11552,642190120,397273297,0.9652048471371569,0.6928686446468255
2617,-35.-43,2959,5776,2247861804,1390691533,0.9649610456932497,0.6927508894746779
2618,-35.43,5919,11552,4496116376,2781853053,0.9647172854424562,0.6926331644841179
2619,-61.-65,11839,23104,8992625520,5564176093,0.9645954207601275,0.6925743133031848
2620,-61.65,185,361,562063643,347790380,0.9644735663708589,0.6925154696631514
2621,25.-11,11841,23104,1284773008,795016581,0.9643517222729115,0.6924566335625192
2622,25.11,5921,11552,145061352,89767517,0.964229888464547,0.6923978049997909
2623,35.-43,2961,5776,2248647340,1391631507,0.963986251709617,0.6922801704820555
2624,35.43,5923,11552,4497687448,2783733001,0.9637426560921722,0.6921625660979709
2625,61.-65,11847,23104,8995767664,5567935989,0.9636208737056662,0.6921037752023076
2626,61.65,1481,2888,160645722,99435821,0.9634991015983234,0.6920449918355694
2627,44.-20,2963,5776,2249432515,1392571481,0.9630121159258886,0.6918097020971954
2628,44.20,39,76,59205919,36658986,0.9625252945813371,0.6915745327829056
2629,47.-41,5929,11552,642863024,398078989,0.9622819454973685,0.6914566460495406
2630,47.41,2965,5776,2250216246,1393511455,0.962038637453805,0.6913387894468376
2631,-45.-36,11871,23104,1000573592,619912853,0.9607011761933139,0.6906899594860864
2632,-45.36,5941,11552,4504729836,2792192767,0.9593649536880092,0.6900420397378855
2633,45.-36,11893,23104,9013757016,5589555391,0.9580299676453463,0.6893950282230336
2634,45.36,186,361,53678895,33301936,0.9566962157791397,0.6887489229682395
2635,-65.-56,33,64,8330166,5169857,0.9556058806415466,0.6882208696321578
2636,-65.56,5961,11552,1504180866,933864169,0.9545163689163446,0.6876934206478581
2637,40.-40,11931,23104,9028591228,5607414897,0.9534276793608035,0.6871650751379718
2638,40.40,2985,5776,451604863,280582239,0.9523398107350036,0.6866373330041932
2639,-47.-41,5971,11552,4516437788,2806292377,0.9520981735112767,0.6865200106791747
2640,-47.41,1493,2888,2258413473,1403381182,0.9518565767526296,0.6864027181081283
2641,66.-24,747,1444,2259190345,1404321156,0.9508905940979339,0.6859329230068374
2642,66.24,1495,2888,2259967217,1405261130,0.9499252578017037,0.6854636036684004
2643,-26.-14,2991,5776,322906919,200818731,0.9494428317678189,0.6852245139307371
2644,-26.14,187,361,132984097,82717712,0.9489605669995342,0.6849855444225813
2645,-38.-32,11969,23104,9043299812,5625274403,0.9488400259925803,0.6849258208203918
2646,-38.32,315,608,237991606,148045905,0.9487194950563068,0.6848661047252077
2647,-4.-14,5993,11552,4524890242,2816632091,0.9467923683167409,0.6839116669595922
2648,-4.14,6001,11552,266349410,165905411,0.9448678123656514,0.6829591446212112
2649,-7.-47,6005,11552,4529464834,2822271935,0.9439064962941744,0.6824835998714807
2650,-7.47,6009,11552,4530989698,2824151883,0.9429458203533071,0.682008531742855
2651,26.-14,6011,11552,4531752130,2825091857,0.9424657221655524,0.6817711761795481
2652,26.14,6013,11552,4532514562,2826031831,0.9419857836911034,0.6815339394934256
2653,38.-32,633,1216,68160980,42500253,0.9418658240152441,0.6814746488856142
2654,38.32,3007,5776,2266447889,1413250909,0.9417458743131681,0.6814153657004015
2655,4.-14,3011,5776,2267972753,1415130857,0.9398280341624934,0.6804678430334565
2656,4.14,3015,5776,2269497617,1417010805,0.9379127400997239,0.6795222142838498
2657,7.-47,3017,5776,2270260049,1417950779,0.9369560457404686,0.6790501082910597
2658,7.47,3019,5776,324431783,202698679,0.9359999853735458,0.6785784735763544
2659,-29.-37,6039,11552,4542421124,2838251493,0.935761069244675,0.6784590332751532
2660,-29.37,755,1444,2271398643,1419360740,0.9355221926747299,0.6783396226393861
2661,49.-41,159,304,119566981,74727933,0.9350445581592302,0.678099514795121
2662,49.41,1511,2888,2272146635,1420300714,0.9345670817223418,0.6778595259292897
2663,-1.-6,3025,5776,29522941,18463775,0.9331355998378517,0.6771388976662701
2664,-1.6,757,1444,2274386279,1423120636,0.9317055369014392,0.6764193382676245
2665,1.-6,3031,5776,2275506101,1424530597,0.9302768901028419,0.6757008452677417
2666,1.6,1517,2888,2276625923,1425940558,0.9288496566401376,0.6749834162088415
2667,-2.0,6077,11552,4556593262,2856110999,0.9267114503421113,0.6739035472264955
2668,0.-2,3043,5776,2279967339,1430170441,0.9245764083725753,0.6728260667629056
2669,0.2,6095,11552,4563276094,2864570765,0.9224445213795964,0.6717509666027146
2670,2.0,763,1444,326186965,204914332,0.9203157800526405,0.6706782385694666
2671,-10.-6,1527,2888,761349361,478446766,0.9193706800903195,0.6702002029887295
2672,-10.6,191,361,2284787411,1436280272,0.9184261988514222,0.6697226349708932
2673,-11.-11,765,1444,254029563,159795580,0.9165390893071569,0.6687688987783315
2674,-11.11,383,722,2287744723,1440040168,0.9146544449622138,0.6678170243155047
2675,-13.-13,3067,5776,2288853715,1441450129,0.9132425756201513,0.6671043368272908
2676,-13.13,1535,2888,2289962707,1442860090,0.9118320866296293,0.6663926910061007
2677,-42.-56,12281,23104,9160220492,5771910347,0.9117146081033732,0.6663334341330635
2678,-42.56,6141,11552,1526765026,962063389,0.9115971391426043,0.6662741844760046
2679,-56.-42,12283,23104,9160959820,5772850321,0.9114796797457642,0.6662149420335564
2680,-56.42,3071,5776,2290332371,1443330077,0.9113622299112965,0.6661557068043508
2681,-6.-20,3073,5776,327295957,206324293,0.9104229752942088,0.6656820844834552
2682,-6.20,3075,5776,763937009,481736675,0.9094843317732063,0.6652089230235112
2683,-75.-60,12301,23104,9167613772,5781310087,0.9093670442611798,0.665149810210537
2684,-75.60,6151,11552,4583991718,2890890037,0.9092497662835607,0.6650907045862495
2685,-77.0,6155,11552,4585470374,2892769985,0.9083118855153512,0.6646181182214564
2686,10.-6,6159,11552,1528983010,964883311,0.9073746140574128,0.6641459911497264
2687,10.6,6163,11552,4588427686,2896529881,0.9064379511185614,0.6636743226765798
2688,11.-11,6171,11552,1530461666,966763259,0.9045664476410809,0.6627323587553463
2689,11.11,6179,11552,4594342310,2904049673,0.9026973687841691,0.6617922209307798
2690,13.-13,6185,11552,4596560294,2906869595,0.901297147023439,0.6610883126264224
2691,13.13,6191,11552,4598778278,2909689517,0.8998982829440084,0.6603854260913908
2692,38.-18,6195,11552,219059854,138646165,0.898966459859207,0.6599174015784159
2693,38.18,6199,11552,4601735590,2913449413,0.8980352382416638,0.6594498294783392
2694,42.-56,12399,23104,3067946948,1942456271,0.8979188777914747,0.6593914147422196
2695,42.56,775,1444,2301052627,1456959700,0.8978025267255709,0.659333007063095
2696,56.-42,12401,23104,9204580172,5828308787,0.8976861850424397,0.6592746064396385
2697,56.42,6201,11552,511386102,323821043,0.8975698527405674,0.6592162128705241
2698,6.-20,6205,11552,4603953574,2916269335,0.8966395318694519,0.658749318114884
2699,6.20,6209,11552,657918890,416878469,0.895709810528503,0.658282874074314
2700,75.-60,12419,23104,9211234124,5836768553,0.895593637476873,0.658224600226429
2701,75.60,3105,5776,255877883,162145515,0.8954774737793272,0.6581663334090725
2702,0.-33,6219,11552,4609128509,2922849153,0.8933881250566001,0.6571186184181358
2703,0.33,1557,2888,1153113781,731769759,0.8913017978081339,0.656073173378764
2704,-106.-104,41,76,8672797,5505562,0.8903755088255018,0.655607501879797
2705,-106.104,1559,2888,1153850221,732709733,0.8894498141893863,0.6551422777103101
2706,-46.-26,195,361,1154218441,733179720,0.8885247131375604,0.6546775002018944
2707,-46.26,1561,2888,1154586661,733649707,0.8876002049092621,0.6542131686875163
2708,-64.0,781,1444,104995767,66738154,0.8866762887451917,0.6537474787488521
2709,-40.-40,12505,23104,9242902488,5877187435,0.8856375898188386,0.6532200534166328
2710,-40.40,6257,11552,4623088740,2940708659,0.8845996381878328,0.6526931942547971
2711,-68.-32,6261,11552,1541514764,980862869,0.8836776410061797,0.6522253495383707
2712,-68.32,6265,11552,4625999844,2944468555,0.8827562326779481,0.6517579507556561
2713,-2.-8,6273,11552,4628905172,2948228451,0.8809151795764354,0.6508226881356661
2714,-2.8,6281,11552,4631810500,2951988347,0.879076472887031,0.6498892035875574
2715,2.-8,331,608,243932412,155565697,0.8772401066363676,0.6489574918507295
2716,2.8,6297,11552,662517308,422786877,0.8754060748738606,0.6480275476860217
2717,-1.-55,6301,11552,4639053604,2961388087,0.8744899325723081,0.6475569498701435
2718,-1.55,6305,11552,4640486052,2963268035,0.8735743716715887,0.6470867959010086
2719,-30.-30,12617,23104,9283478888,5929825979,0.8727737322340486,0.6466757747580163
2720,-30.30,789,1444,1160748209,741639486,0.8719735368737126,0.6462650924992197
2721,-36.-36,6323,11552,4646932068,2971727801,0.8694615227131751,0.6449765781776271
2722,-36.36,3167,5776,2325435650,1488448829,0.8669538748589809,0.6436913934335711
2723,-8.-64,3169,5776,2326151874,1489388803,0.8660430825049373,0.6432248764224293
2724,-8.64,3171,5776,2326868098,1490328777,0.8651328647833318,0.6427587972720503
2725,1.-55,167,304,17500634,11212547,0.8642232209695334,0.6422931553419883
2726,1.55,3175,5776,2328300546,1492208725,0.8633141503402804,0.64182794999309
2727,8.-64,3177,5776,2329016770,1493148699,0.8624056521736783,0.6413631805874901
2728,8.64,3179,5776,2329732994,1494088673,0.8614977257491949,0.6408988464886092
2729,-46.-19,6359,11552,4659816880,2988647333,0.8612708333934722,0.6407805955714386
2730,-46.19,795,1444,1165041943,747279330,0.8610439767154532,0.6406623721513979
2731,65.-56,12729,23104,3107824452,1994154841,0.8600235628752785,0.6401275785917855
2732,65.56,6369,11552,666186512,427621029,0.8590038702606372,0.6395933428498494
2733,-30.-36,3185,5776,2331826072,1496908595,0.8587773697435083,0.639474054224997
2734,-30.36,6371,11552,4663998704,2994287177,0.8585509047809697,0.6393547931880231
2735,-36.-30,1593,2888,1166086316,748689291,0.8583244753618611,0.6392355597289512
2736,-36.30,6373,11552,4664691824,2995227151,0.8580980814750271,0.6391163538378093
2737,-92.-76,6375,11552,4665384944,2996167125,0.8576454002535884,0.638878024719455
2738,-92.76,6377,11552,4666078064,2997107099,0.8571928610275161,0.6386398057532868
2739,-98.-97,6379,11552,4666771184,2998047073,0.8567404637077575,0.6384016968597112
2740,-98.97,6381,11552,4667464304,2998987047,0.8562882082053426,0.6381636979592139
2741,30.-36,3191,5776,2333905432,1499728517,0.856062133607859,0.6380447397315434
2742,30.36,6383,11552,666879632,428561003,0.8558360944313856,0.6379258089723605
2743,36.-30,21,38,15356921,9869727,0.8556100906648251,0.6378069056717485
2744,36.30,6385,11552,4668850544,3000866995,0.8553841222970849,0.6376880298197951
2745,51.-21,6389,11552,4670236784,3002746943,0.8544806025926582,0.6372128007005041
2746,51.21,6393,11552,4671623024,3004626891,0.8535776483833113,0.6367380099680804
2747,97.-85,6397,11552,667572752,429500977,0.8526752589616226,0.6362636569905263
2748,97.85,6401,11552,4674395504,3008386787,0.8517734336214967,0.6357897411371043
2749,-2.-4,12821,23104,9355344602,6025703327,0.849633855055291,0.6346611516000479
2750,-2.4,1605,2888,111451169,71840870,0.8474974448775056,0.6335350224825889
2751,-4.-2,12859,23104,9368451790,6043562833,0.8453641937182174,0.6324113454056537
2752,-4.2,6439,11552,4687502692,3026246293,0.8432340922490068,0.6312901120295941
2753,2.-4,12897,23104,1042395442,673491371,0.8411071311827131,0.630171314053947
2754,2.4,3229,5776,2347028143,1517588023,0.8389833012731902,0.6290549432171982
2755,4.-2,12935,23104,9394666166,6079281845,0.8368625933150676,0.6279409912965469
2756,4.2,6477,11552,1566869960,1014701933,0.8347449981435094,0.626829450107671
2757,86.-82,341,608,22494252,14569597,0.8342995844194131,0.6265954213440914
2758,86.82,6481,11552,4701987456,3045985747,0.8338543081686903,0.6263614990861107
2759,-3.0,6489,11552,224035156,145225983,0.832074576204036,0.6254255452007947
2760,3.0,6497,11552,64486152,41828843,0.8302970370407561,0.6244912909112265
2761,-6.-9,6503,11552,4709551128,3056325461,0.828965318446914,0.6237913808936117
2762,-6.9,6509,11552,4711613160,3059145383,0.8276348279982758,0.6230924224503855
2763,6.-9,6515,11552,4713675192,3061965305,0.8263055634316742,0.6223944135604096
2764,6.9,6521,11552,4715737224,3064785227,0.8249775224901915,0.6216973522084775
2765,-3.-7,6529,11552,4718457720,3068545123,0.8232087007625455,0.6207605773528846
2766,-3.7,6537,11552,1573726072,1024101673,0.821442045050108,0.6198254889219043
2767,3.-7,6545,11552,4723898712,3076064915,0.8196775500545678,0.6188920821697775
2768,3.7,6553,11552,4726619208,3079824811,0.8179152104970301,0.6179603523692069
2769,44.-26,13107,23104,9453573424,6160119609,0.8178051357217971,0.6179014035462921
2770,44.26,3277,5776,2363477108,1540147399,0.8176950693444112,0.6178424613094965
2771,-2.-38,3279,5776,2364144236,1541087373,0.8168148404941102,0.6173693980055006
2772,-2.38,3281,5776,2364811364,1542027347,0.8159351483687513,0.6168967565463069
2773,2.-38,3283,5776,2365478492,1542967321,0.8150559923141902,0.6164245363425792
2774,2.38,3285,5776,473229124,308781459,0.8141773716774791,0.6159527368061218
2775,36.-36,6581,11552,4735883912,3092984447,0.811763920358076,0.6146341385589291
2776,36.36,206,361,592434573,387269288,0.8093544997039527,0.6133187407292687
2777,-1.-71,1649,2888,1185192602,775008563,0.808479343449704,0.6128373703081839
2778,-1.71,825,1444,592758029,387739275,0.8076047177539928,0.6123564229905164
2779,-11.-25,3301,5776,2371355572,1551427087,0.8071676036646351,0.6121161078128335
2780,-11.25,1651,2888,1185839514,775948537,0.806730621973913,0.611875898191988
2781,-36.-45,13211,23104,9487686480,6208998257,0.8064029725442396,0.6116958102041962
2782,-36.45,6607,11552,4744328424,3105204109,0.8060753975098964,0.6115157815204284
2783,-42.-28,13215,23104,9488980304,6210878205,0.8059662223582388,0.6114557851325394
2784,-42.28,413,722,593081485,388209262,0.8058570554677257,0.6113957953294402
2785,-44.-54,13217,23104,9489627216,6211818179,0.8057478968371065,0.6113358121099947
2786,-44.54,6609,11552,4744975336,3106144083,0.8056387464651317,0.6112758354730676
2787,-54.-90,6611,11552,4745622248,3107084057,0.8052022275386882,0.6110359947278402
2788,-54.90,6613,11552,4746269160,3108024031,0.8047658406506397,0.6107962592121303
2789,-55.-75,3307,5776,2373296308,1554247009,0.8045476966960562,0.6106764308926709
2790,-55.75,6615,11552,4746916072,3108964005,0.8043295857211319,0.6105566288533916
2791,-65.-61,6617,11552,4747562984,3109903979,0.8038934626703834,0.610317103579147
2792,-65.61,6619,11552,4748209896,3110843953,0.8034574714186855,0.6100776833169891
2793,-70.-70,1655,2888,1187133338,777828485,0.8032395251925909,0.6099580125428344
2794,-70.70,6621,11552,4748856808,3111783927,0.8030216118864008,0.6098383679945797
2795,-8.-22,6625,11552,4750150632,3113663875,0.8021502876618848,0.6093600518799986
2796,-8.22,6629,11552,4751444456,3115543823,0.801279489361182,0.6088821546580793
2797,-89.-80,6633,11552,4752738280,3117423771,0.8004092163497889,0.6084046757526002
2798,-89.80,6637,11552,4754032104,3119303719,0.7995394679943503,0.607927614588439
2799,0.-21,6645,11552,4756619752,3123063615,0.797801542723634,0.6069747431890682
2800,0.21,6653,11552,4759207400,3126823511,0.7960657085050346,0.6060235358808891
2801,1.-71,6657,11552,4760501224,3128703459,0.7951985739690035,0.6055485548348022
2802,1.71,6661,11552,4761795048,3130583407,0.7943319603127369,0.6050739881022505
2803,11.-25,6663,11552,4762441960,3131523381,0.7938988486190343,0.6048368599261655
2804,11.25,6665,11552,4763088872,3132463355,0.7934658669108354,0.604599835115737
2805,36.-45,13333,23104,9527148112,6266336671,0.7931412158857497,0.6044221342990536
2806,36.45,1667,2888,1191014810,783468329,0.7928166379007543,0.6042444915559123
2807,42.-28,13337,23104,9528441936,6268216619,0.7927084614645403,0.6041852902082774
2808,42.28,351,608,250756984,164965437,0.7926002931390248,0.6041260953088425
2809,44.-54,13339,23104,9529088848,6269156593,0.792492132922991,0.6040669068565041
2810,44.54,3335,5776,2382353076,1567406645,0.7923839808152237,0.6040077248501595
2811,54.-90,417,722,595669133,391969158,0.7919514534425073,0.6037710612626667
2812,54.90,3337,5776,2382999988,1568346619,0.7915190557048516,0.6035345007229004
2813,65.-61,1669,2888,1191661722,784408303,0.7910867875245723,0.6032980431603939
2814,65.61,3339,5776,2383646900,1569286593,0.7906546488240552,0.603061688504747
2815,70.-70,6679,11552,4767617256,3139043173,0.7904386280044725,0.6029435497450142
2816,70.70,835,1444,595992589,392439145,0.7902226395257564,0.6028254366856268
2817,92.-90,1671,2888,1192308634,785348277,0.7893590088259829,0.6023532412759673
2818,92.90,11,19,31385055,20679428,0.7884958948062882,0.6018814563700832
2819,0.-72,1675,2888,238719192,157445645,0.7859096466546738,0.6004607049904056
2820,0.72,839,1444,597279915,394319093,0.7833280264473479,0.5990436407558436
2821,72.-8,3357,5776,2389440950,1577746359,0.7828982051896208,0.5988078208002727
2822,72.8,1679,2888,1194881120,789108173,0.7824685119501408,0.5985721027788189
2823,8.-22,210,361,119520241,78957816,0.7816095092210483,0.5981009722614387
2824,8.22,1681,2888,170789100,112864021,0.7807510176510037,0.5976302486507089
2825,0.-60,1683,2888,1196161948,790988121,0.779035565557222,0.5966847951117837
2826,0.60,1685,2888,1196800196,791928095,0.7773221508179503,0.5957409681811623
2827,-1.-1,6779,11552,4799630736,3186041873,0.768998271436443,0.5911581872262255
2828,-1.1,3409,5776,2406030344,1602185683,0.7607221427472248,0.5866134808881126
2829,24.-51,13637,23104,9624439056,6409212719,0.7606163461688111,0.5865553050512347
2830,24.51,6819,11552,687482624,457834479,0.7605105573481671,0.5864971354003038
2831,1.-1,3429,5776,268041056,179065047,0.7522828379515366,0.5819702412843428
2832,1.1,363,608,254584192,170605281,0.7441017754478348,0.5774805349280321
2833,153.-153,6903,11552,4838994176,3244320261,0.7428472579419252,0.5767909615483509
2834,153.153,6909,11552,34332544,23029363,0.7415938303731692,0.576102256966269
2835,-67.-65,6913,11552,4842130544,3249020131,0.7407588165799911,0.5756372923020896
2836,-67.65,6917,11552,4843372384,3250900079,0.7399242858027721,0.5751727157611585
2837,-42.-42,6925,11552,4845838736,3254659975,0.738256671063258,0.5742395661565799
2838,-42.42,6933,11552,1616101696,1086139957,0.7365909816983838,0.5733079682062461
2839,80.-64,3469,5776,2424914976,1630384903,0.7355509016007886,0.5727215657982035
2840,80.64,6943,11552,693050688,466159963,0.7345115707865215,0.5721357700523961
2841,0.-5,6955,11552,4854982144,3268759585,0.7320202274575695,0.5707227178197574
2842,0.5,6967,11552,4858609472,3274399429,0.7295331789332098,0.5693131550632591
2843,-1.-14,6969,11552,4859210176,3275339403,0.7291190873572072,0.5690774229782404
2844,-1.14,6971,11552,4859810880,3276279377,0.7287051146023182,0.5688417876665883
2845,-42.-6,367,608,36544448,24640747,0.7282912606003729,0.5686062490655824
2846,-42.6,6975,11552,156806848,105747075,0.7278775252832588,0.5683708071125592
2847,-72.-71,6977,11552,4861612992,3279099299,0.727463908582923,0.5681354617449111
2848,-72.71,6979,11552,4862213696,3280039273,0.7270504104313711,0.5679002129000882
2849,-88.-68,6983,11552,4863415104,3281919221,0.7262237695029309,0.5674300045289962
2850,-88.68,6987,11552,694945216,469114167,0.7253976019551487,0.5669601815000055
2851,1.-14,6989,11552,4865217216,3284739143,0.7249846955296372,0.56672541433302
2852,1.14,6991,11552,4865817920,3285679117,0.7245719072461663,0.5664907433147383
2853,102.-93,6993,11552,4866416458,3286619091,0.7241592370371486,0.5662555262520246
2854,102.93,6995,11552,4867014996,3287559065,0.7237466848350552,0.5660204053719791
2855,46.-26,6999,11552,1622736876,1096479671,0.7229219341818155,0.5655500239819538
2856,46.26,7003,11552,4869406260,3291318961,0.7220976547473721,0.5650800267883574
2857,72.0,369,608,256410320,173425203,0.7204505073831894,0.5641407553950148
2858,30.-30,14029,23104,9745683072,6593447623,0.7197304713419892,0.5637302791859788
2859,30.30,3509,5776,2436943496,1649184383,0.7190107944850045,0.5633200957529914
2860,42.-42,3513,5776,2438121800,1651064331,0.7173671656647997,0.5623738661540677
2861,42.42,3517,5776,2439300104,1652944279,0.7157254072618642,0.5614291700122976
2862,-7.0,220,361,305022257,206794280,0.7144953133625115,0.5607182369611645
2863,7.0,3523,5776,2441056008,1655764201,0.7132662673922073,0.5600081650837188
2864,0.-16,3529,5776,2442803248,1658584123,0.7108113121074469,0.5585854813934723
2865,0.16,3535,5776,2444550488,1661404045,0.7083605271904098,0.557166229992033
2866,-5.-17,3537,5776,2445129532,1662344019,0.7075445231862523,0.556691918658048
2867,-5.17,3539,5776,2445708576,1663283993,0.7067289804619404,0.5562179876954477
2868,5.-17,3541,5776,349469660,237746281,0.7059138984962547,0.5557444366213193
2869,5.17,3543,5776,2446866664,1665163941,0.7050992767688576,0.5552712649536058
2870,-1.-12,443,722,305894433,208204241,0.7046921383321526,0.5550343955992202
2871,-1.12,3545,5776,2447444264,1666103915,0.7042851147602927,0.5547976210166323
2872,-6.-36,3549,5776,2448599464,1667983863,0.7026581678262264,0.5538514692039948
2873,-6.-42,1775,2888,17245692,11749675,0.7022517176077642,0.5536151675806621
2874,-6.36,1777,2888,1225021732,835166899,0.7006270608584929,0.552670904612998
2875,-6.42,3555,5776,2450332264,1670803785,0.7002211823803933,0.5524350744542185
2876,1.-12,889,1444,612655266,417818443,0.6998154180574011,0.5521993384095656
2877,1.12,3557,5776,2450909864,1671743759,0.6994097678253207,0.5519636964195677
2878,28.-42,14229,23104,9803928256,6687445023,0.699308373086488,0.5519048006111437
2879,28.42,7115,11552,4902108528,3343957505,0.6992069854733263,0.5518459106764937
2880,6.-36,7123,11552,4904418928,3347717401,0.6975857519374801,0.5509044697989754
2881,6.-42,375,608,258157712,176245125,0.6971807280603423,0.5506693440488605
2882,6.36,7133,11552,4907306928,3352417271,0.695561768663753,0.5497297771514974
2883,6.42,7135,11552,4907884528,3353357245,0.6951573125240452,0.5494951191579215
2884,-20.-25,3569,5776,350623416,239626229,0.6945508408381482,0.5491365168828903
2885,-20.25,7141,11552,4909571120,3356177167,0.6939446239901409,0.5487781268666247
2886,20.-25,47,76,32305358,22089389,0.693338661765948,0.548419948909676
2887,20.25,7147,11552,4911257712,3358997089,0.6927329539517655,0.5480619828128578
2888,0.-36,447,722,818775075,560224504,0.6917240057038533,0.5474620970655687
2889,0.36,7157,11552,289061364,197864527,0.6907157625704355,0.5468628004798569
2890,-10.-15,3579,5776,819053406,560694491,0.6905141984707868,0.5467426302581931
2891,-10.15,7159,11552,4914597684,3364636933,0.6903126625284476,0.5466224836020235
2892,-100.-96,377,608,258721404,177185099,0.6895068001749213,0.5461421324853786
2893,-100.96,7167,11552,1638938556,1122798943,0.6887013877096825,0.5456621578294009
2894,-105.-105,7171,11552,4917924660,3370276777,0.6878964246306941,0.5451825591651722
2895,-105.105,7175,11552,4919033652,3372156725,0.6870919104367585,0.5447033360245924
2896,-12.-8,14351,23104,9838344552,6744783437,0.6869913776998173,0.5446434595127444
2897,-12.8,897,1444,58563225,40150318,0.6868908519679098,0.5445835888602397
2898,-145.-144,1795,2888,1230104973,843626665,0.6860868981767574,0.5441048344671968
2899,-145.144,449,722,1230382221,844096652,0.6852833921460242,0.5436264545475562
2900,-15.-10,7185,11552,1640602044,1125618865,0.6850825855424723,0.5435069180245516
2901,-15.10,3593,5776,2461041690,1688663291,0.6848818068850069,0.543387404869775
2902,-20.-5,1797,2888,410219823,281522213,0.6844803333772291,0.5431484486358614
2903,-20.5,3595,5776,351656598,241371895,0.6840789715605109,0.54290958578776
2904,-25.-24,3597,5776,820716894,563514413,0.6832765827517912,0.5424321400170239
2905,-25.24,3599,5776,2462705178,1691483213,0.6824746399624434,0.5419550670941305
2906,-4.-52,225,361,136832357,93997400,0.6820738356701338,0.5417166703060217
2907,-4.52,3601,5776,2463259674,1692423187,0.6816731426968906,0.54147836655645
2908,-40.-24,3603,5776,821271390,564454387,0.6808720904603806,0.5410020379421542
2909,-40.24,3605,5776,2464368666,1694303135,0.6800714827589861,0.5405260807902177
2910,-5.-20,1803,2888,410774319,282462187,0.6796713454548294,0.5402882413687822
2911,-5.20,3607,5776,2464923162,1695243109,0.6792713190996007,0.540050494640414
2912,-50.-34,451,722,1232600205,847856548,0.67887140363179,0.5398128405477096
2913,-50.34,3609,5776,39134566,26923541,0.6784715989899385,0.5395752790333148
2914,-51.-24,7219,11552,4931232564,3392836153,0.6782717382095551,0.539456532975074
2915,-51.-9,7221,11552,1643929020,1131258709,0.6778720996915178,0.5392191102207142
2916,-51.24,3611,5776,2466032154,1697123057,0.677672321938531,0.5391004335102876
2917,-51.9,903,1444,411051567,282932174,0.6772728494063128,0.5388631493871955
2918,-56.-54,1807,2888,1233431949,849266509,0.6764742360225713,0.5383888581320774
2919,-56.54,226,361,176244171,121390928,0.6756760644719833,0.5379149358179212
2920,-8.-12,14465,23104,9869950824,6798361955,0.6755763240702091,0.5378557214471006
2921,-8.12,7233,11552,1645038012,1133138657,0.6754765905634885,0.5377965128329689
2922,-85.-36,7237,11552,4936223028,3401295919,0.6746789706173174,0.5373230510540539
2923,-85.36,7241,11552,4937332020,3403175867,0.6738817914060471,0.5368499571915227
2924,-90.-54,7245,11552,548715668,378339535,0.6730850524428794,0.5363772307912859
2925,-90.54,7249,11552,4939550004,3406935763,0.6722887532418219,0.5359048714000371
2926,-99.-111,7251,11552,1646701500,1135958579,0.6718907684004323,0.5356688291913393
2927,-99.111,7253,11552,705808428,486973673,0.6714928933176874,0.5354328785652535
2928,0.-39,7261,11552,4942876980,3412575607,0.669902489363445,0.5344899907588873
2929,0.-40,7269,11552,1648364988,1138778501,0.6683138367146684,0.5335485637675783
2930,0.39,383,608,260384892,180005021,0.6667269315186284,0.5326085939991221
2931,0.40,7285,11552,4949530932,3423855295,0.6651417699352962,0.5316700778736632
2932,10.-15,3643,5776,2474904090,1712162641,0.664943747144389,0.5315528653894392
2933,10.15,7287,11552,1650028476,1141598423,0.6647457515301498,0.5314356755556741
2934,12.-8,14575,23104,9900448104,6850060525,0.66464676391195,0.5313770891305408
2935,12.8,911,1444,176798667,122330902,0.6645477830851202,0.5313185083654157
2936,15.-10,7289,11552,4950639924,3425735243,0.6643498418018449,0.5312013638117162
2937,15.10,3645,5776,275050954,190344735,0.6641519276728717,0.5310842418876299
2938,20.-5,1823,2888,1237867917,856786301,0.6637561808480367,0.5308500659005304
2939,20.5,3647,5776,2476013082,1714042589,0.6633605425510586,0.5306159803486125
2940,25.-24,3649,5776,27826602,19269467,0.6625695913026896,0.5301480803285439
2941,25.24,3651,5776,117958194,81710597,0.6617790734522865,0.529680541384343
2942,4.-52,913,1444,1238699661,858196262,0.6613839769029489,0.5294469071774375
2943,4.52,3653,5776,2477676570,1716862511,0.6609889885251526,0.5292133630736874
2944,42.-6,1827,2888,137664101,95407361,0.6605941082596825,0.5289799090179207
2945,42.6,3655,5776,145778298,101047205,0.6601993360473712,0.528746544955013
2946,5.-20,457,722,1239254157,859136236,0.6598046718291014,0.5285132708298867
2947,5.20,3657,5776,826261854,572914153,0.6594101155458028,0.5282800865875116
2948,51.-9,1829,2888,177075915,122800889,0.6590156671384545,0.5280469921729043
2949,51.9,3659,5776,2479340058,1719682433,0.6586213265480839,0.5278139875311287
2950,57.-15,3661,5776,2479894554,1720622407,0.6578329685826254,0.5273482473465638
2951,57.15,3663,5776,275605450,191284709,0.6570450411786115,0.5268828655952663
2952,71.-46,14653,23104,1417439064,983817073,0.6569465805035426,0.5268247180568806
2953,71.46,7327,11552,291833844,202564397,0.6568481265477334,0.5267665761113188
2954,72.-71,7329,11552,1653909948,1148178241,0.6564543778987586,0.5265340642402323
2955,72.71,7331,11552,4962284340,3445474697,0.6560607366846141,0.5263016417860358
2956,75.-55,7333,11552,4962838836,3446414671,0.6556672028466886,0.5260693086941444
2957,75.55,7335,11552,551488148,383039405,0.6552737763264188,0.5258370649100197
2958,8.-12,14671,23104,583944936,405598781,0.6551754364578765,0.5257790179119401
2959,8.12,917,1444,1240917645,861956158,0.6550771032921167,0.5257209764913392
2960,80.0,1835,2888,1241194893,862426145,0.654290679156596,0.5252568458136986
2961,90.-54,459,722,1159171,805692,0.653504683473363,0.5247930716050989
2962,90.54,1837,2888,1241749389,863366119,0.6527191157758215,0.5243296534310903
2963,99.-111,3675,5776,827925342,575734075,0.6523264922760817,0.524098077721495
2964,99.111,919,1444,1242026637,863836106,0.6519339755981366,0.5238665908579643
2965,106.-104,1839,2888,1242303163,864306093,0.6511492624752332,0.5234030449895251
2966,106.104,230,361,1242579689,864776080,0.6503649759427957,0.5229398542304377
2967,0.-64,1841,2888,1242855493,865246067,0.6495811155372645,0.5224761800583453
2968,0.64,921,1444,414377099,288572018,0.6487976807958356,0.5220128605052112
2969,68.-32,97,152,65442403,45588739,0.6480146712564577,0.5215482197014262
2970,68.32,461,722,1243680017,866656028,0.647232086457833,0.5210839333974305
2971,-5.-1,3691,5776,355454318,247817431,0.6460590046415623,0.5203864931717659
2972,-5.-7,1847,2888,1244500209,868065989,0.6448868759047328,0.5196898492631248
2973,-5.1,3697,5776,2489820610,1737541939,0.6437156986999277,0.5189940002273888
2974,-5.7,925,1444,1245320401,869475950,0.6425454714834964,0.5182989446241026
2975,5.-1,3703,5776,2491460994,1740361861,0.641376192715541,0.5176046810164625
2976,5.-7,1853,2888,1246140593,870885911,0.6402078608599053,0.5169112079713037
2977,5.1,3709,5776,2493101378,1743181783,0.6390404743841613,0.5162185240590891
2978,5.7,232,361,178137255,124613696,0.6378740317595989,0.515526627853897
2979,-51.-1,7425,11552,4988114612,3489653475,0.6376797163116805,0.5154108314450471
2980,-51.1,3713,5776,2494193042,1745061731,0.6374854270324307,0.5152950569316799
2981,51.-1,7427,11552,4988657556,3490593449,0.637291163914802,0.5151793043072131
2982,51.1,1857,2888,1247232257,872765859,0.63709692695175,0.5150635735650673
2983,-56.0,1859,2888,1247773757,873705833,0.6355439719676894,0.514136845028978
2984,67.-65,465,722,178291763,124882260,0.6347681208917774,0.5136715014513293
2985,67.65,1861,2888,1248310925,874645807,0.6339926868280195,0.5132065080704948
2986,-7.-3,7449,11552,4994582288,3500933163,0.6330239799891739,0.5126245068637412
2987,-7.3,3727,5776,2497960438,1751641549,0.6320559231583212,0.5120430520386627
2988,7.-3,7459,11552,4997259464,3505633033,0.6310885154637276,0.5114621427790497
2989,7.3,933,1444,178521359,125285106,0.6301217560354123,0.510881778270399
2990,-8.0,7469,11552,714276044,501476129,0.629155644005142,0.5103007077325472
2991,8.0,3737,5776,357233326,250905917,0.6281901785064266,0.5097201809897813
2992,-20.-16,7479,11552,5002595044,3515032773,0.6272253586745142,0.5091385314963418
2993,-20.16,1871,2888,1250980881,879345677,0.626261183646387,0.5085574250661804
2994,-21.-39,197,304,131696182,92587439,0.6258756939872092,0.5083251343709476
2995,-21.39,234,361,178749511,125687952,0.6254903073037664,0.5080929303850664
2996,-59.-49,3745,5776,500551770,352020263,0.6251050235410577,0.5078608130569897
2997,-59.49,1873,2888,1251512273,880285651,0.6247198426441256,0.5076287823352131
2998,20.-16,7497,11552,5007377572,3523492539,0.623757340079311,0.5070490840957262
2999,20.16,3751,5776,357764718,251845891,0.6227954792257013,0.506469926021188
3000,21.-39,469,722,1252309361,881695612,0.6224109143717944,0.5062384138580244
3001,21.39,3753,5776,2504884418,1763861211,0.6220264520001949,0.5060069879418301
3002,59.-49,1877,2888,1252575057,882165599,0.6216420920562967,0.5057756482214432
3003,59.49,3755,5776,501083162,352960237,0.6212578344855368,0.5055443946457439
3004,-9.-5,7515,11552,5012157212,3531952305,0.6202976380834441,0.5049658059752066
3005,-9.5,235,361,1253370701,883575560,0.6193380803221713,0.5043877550329966
3006,9.-5,7525,11552,5014808396,3536652175,0.6183791603527443,0.5038102410234965
3007,9.5,3765,5776,2508066994,1769501055,0.6174208773278805,0.5032332631527375
3008,-50.-62,1883,2888,1254163457,884985521,0.6170377422729427,0.502999632025219
3009,-50.62,3767,5776,2508586834,1770441029,0.6166547089397785,0.502766087128252
3010,50.-62,471,722,1254423377,885455508,0.6162717772743879,0.5025326284110477
3011,50.62,3769,5776,2509106674,1771381003,0.6158889472228143,0.502299255822858
3012,-1.-8,943,1444,1254934553,886395482,0.6147410662120744,0.5015896940717005
3013,-1.8,3775,5776,2510631538,1774200925,0.6135940977873673,0.5008809117769706
3014,-30.-40,15101,23104,10042780296,7097273687,0.6134985582329542,0.5008218817266011
3015,-30.40,7551,11552,5021517220,3548871837,0.6134030250050355,0.5007628570788232
3016,-32.-18,15103,23104,1434755512,1014030523,0.6133074981027731,0.5007038378328456
3017,-32.18,236,361,1255442841,887335456,0.6132119775253297,0.5006448239878775
3018,0.-77,945,1444,1255951129,888275430,0.611684507778736,0.4997013363609478
3019,0.77,473,722,1256459417,889215404,0.6101586535477759,0.49875922795776667
3020,1.-8,3787,5776,2513681266,1779840769,0.6090153210027517,0.49805354983201927
3021,1.8,1895,2888,1257221849,890625365,0.607872893828717,0.49734864435114867
3022,30.-40,15161,23104,10058028936,7125472907,0.6077777323867187,0.4972899370616616
3023,30.40,21,32,13931140,9869727,0.6076825772212398,0.49723123512758993
3024,32.-18,15163,23104,10058537224,7126412881,0.6075874283314517,0.4971725385481521
3025,32.18,3791,5776,2514697842,1781720717,0.6074922857165268,0.4971138473225671
3026,64.-8,3793,5776,2515206130,1782660691,0.6067313705929336,0.49664451016289585
3027,64.8,3795,5776,359387774,254800095,0.6059708565843425,0.49617551520034864
3028,98.-97,949,1444,1257984281,892035326,0.6055907498660617,0.49594114591832567
3029,98.97,3797,5776,2516222706,1784540639,0.6052107432680818,0.4957068620360604
3030,46.-19,7595,11552,5032698834,3569551265,0.6050207774977253,0.49558954513268344
3031,46.19,1899,2888,419412688,297501771,0.6048308367376736,0.49547224958146324
3032,-98.-98,25,38,33118159,23499350,0.6040713236688607,0.4950016254167488
3033,-98.98,1901,2888,1258742020,893445287,0.6033122102386189,0.4945313430543415
3034,54.-44,15209,23104,10070184528,7148032283,0.6032173491384837,0.4944720645892344
3035,54.44,7605,11552,5035216448,3574251135,0.6031224942753118,0.4944127914835025
3036,45.-45,15227,23104,1439234800,1022356007,0.6015109150628111,0.493404313665938
3037,45.45,3811,5776,2519713576,1791120457,0.5999011340750028,0.49239738205909384
3038,0.-8,3817,5776,2521192232,1793940379,0.597631555671613,0.49097417921629416
3039,0.8,3823,5776,2522670888,1796760301,0.5953655420525223,0.48955404491182425
3040,-54.-44,15293,23104,10090926144,7187511191,0.5952712020138494,0.4894943885560339
3041,-54.44,7647,11552,1681861456,1197996863,0.5951768681438131,0.48943473753507294
3042,-6.-16,7651,11552,5046554736,3595870537,0.5944224191576624,0.4889577213292922
3043,-6.16,7655,11552,5047525104,3597750485,0.5936683645000207,0.4884810461114689
3044,50.-34,403,608,265684752,189404761,0.5932914849156182,0.4882428362506774
3045,50.34,7659,11552,1682831824,1199876811,0.592914703758896,0.4880047114901176
3046,6.-16,7663,11552,5049465840,3601510381,0.5921614365229404,0.48752871707438616
3047,6.16,7667,11552,5050436208,3603390329,0.5914085623814506,0.4870530624740548
3048,0.-32,7683,11552,240680144,171948101,0.5884009885685463,0.485143942266263
3049,0.32,7699,11552,5058129840,3618429913,0.5853996715773496,0.48324024316483216
3050,-45.-45,15415,23104,289152336,206995703,0.5838077578926334,0.48222893809879674
3051,-45.45,1929,2888,421850160,302201641,0.5822175988380675,0.48121915409257976
3052,-4.-1,7721,11552,5063397552,3628769627,0.5812830292381842,0.48062529170117646
3053,-4.1,3863,5776,361756656,259365683,0.5803490646552397,0.4800319538842124
3054,-7.-8,7731,11552,562865424,403718833,0.5794157043063951,0.4794391398968252
3055,-7.8,967,1444,633373056,454477429,0.5784829474103298,0.47884684899564445
3056,4.-1,7741,11552,5068180080,3638169367,0.577550793187238,0.47825508043878706
3057,4.1,3873,5776,844895952,606753217,0.5766192408588242,0.47766383348585395
3058,7.-8,7751,11552,5070571344,3642869237,0.5756882896482998,0.47707310739792536
3059,7.8,1939,2888,1267941744,911304793,0.5747579387803786,0.4764829014375583
3060,35.-35,15519,23104,483104640,347320393,0.5741070499622598,0.4760685878736717
3061,35.35,7763,11552,5073430464,3648509081,0.573456454667857,0.4756545290459035
3062,-9.-6,971,1444,634325374,456357377,0.5725275414679788,0.47505900070246365
3063,-9.6,7773,11552,5075775520,3653208951,0.5715992259859206,0.47446399305447856
3064,9.-6,3889,5776,2538474024,1827779443,0.5706715074529626,0.47386950536880884
3065,9.6,7783,11552,5078120576,3657908821,0.5697443851018676,0.47327553691377394
3066,-4.-56,7787,11552,5079044736,3659788769,0.5690031159572931,0.47279679791648205
3067,-4.56,7791,11552,5079968896,3661668717,0.5682622274876075,0.4723183918296266
3068,-46.-71,487,722,45358928,32697667,0.5680770648048288,0.47219884228139625
3069,-46.71,7793,11552,5080430976,3662608691,0.5678919258837035,0.4720793135108988
3070,-7.-7,7817,11552,5085975936,3673888379,0.5634557044533782,0.46921684122448043
3071,-7.7,7841,11552,727360128,526452581,0.5590330823947918,0.46636625347207084
3072,0.-17,7849,11552,5093369216,3688927963,0.5575618827354814,0.4654186848186773
3073,0.-28,7857,11552,5095217536,3692687859,0.5560921818154186,0.46447242491985424
3074,0.17,7865,11552,5097065856,3696447755,0.5546239765841219,0.4635274708629313
3075,0.28,7873,11552,5098914176,3700207651,0.5531572640004141,0.4625838197443922
3076,4.-56,7877,11552,5099838336,3702087599,0.5524244665035724,0.4621124818821615
3077,4.56,7881,11552,5100762496,3703967547,0.551692041032383,0.4616414686698369
3078,40.-24,415,608,268509824,195044605,0.5509599872092984,0.4611707797470366
3079,40.24,7889,11552,5102610816,3707727443,0.5502283046573457,0.4607004147539444
3080,7.-7,7913,11552,5108155776,3719007131,0.5458459850010069,0.457885007240436
3081,7.7,7937,11552,5113700736,3730286819,0.5414769367431235,0.4550811711471354
3082,73.-17,7941,11552,5114624896,3732166767,0.5407500466706163,0.45461498475196216
3083,73.17,7945,11552,5115549056,3734046715,0.5400235226512896,0.4541491173077574
3084,85.-36,7949,11552,5116473216,3735926663,0.5392973643166488,0.4536835684630437
3085,85.36,7953,11552,731056768,533972373,0.538571571298756,0.45321833786689064
3086,89.-80,7957,11552,5118321536,3739686559,0.5378461432302275,0.45275342516891365
3087,89.80,419,608,269433984,196924553,0.5371210797442338,0.4522888300192729
3088,-4.-5,7967,11552,165181326,120786659,0.5360341673064178,0.4515894806692372
3089,-4.5,7973,11552,731713788,535315193,0.5349480731214551,0.45089084548574204
3090,4.-5,7979,11552,5123371926,3750026273,0.5338627959582734,0.45019292329360755
3091,4.5,7985,11552,5124747336,3752846195,0.532778334588576,0.44949571292038554
3092,0.-48,8003,11552,732694264,537329423,0.5295298329988929,0.44740448230464736
3093,0.48,8021,11552,5132972360,3769765727,0.5262886295966609,0.445319622304913
3094,-9.0,8031,11552,1711752256,1258155199,0.524491102525237,0.4441640178291494
3095,9.0,8041,11552,5137541176,3779165467,0.5226958122974364,0.44301036470260535
3096,-130.-126,8045,11552,5138448008,3781045415,0.5219783212763625,0.4425475026051881
3097,-130.126,8049,11552,1713118280,1260975121,0.5212611869054936,0.44208495222509303
3098,130.-126,8053,11552,734323096,540686473,0.5205444088304394,0.44162271322378477
3099,130.126,8057,11552,5141168504,3786685259,0.5198279866973365,0.4411607852632466
3100,-1.-51,8059,11552,5141619032,3787625233,0.5194699089985786,0.440929127469504
3101,-1.51,8061,11552,5142069560,3788565207,0.5191119201528487,0.4406975474518873
3102,-10.-55,16123,23104,1469194912,1082514343,0.519022436819535,0.4406396645950632
3103,-10.55,4031,5776,2571147412,1894517597,0.5189329590360915,0.44058178659595476
3104,-60.-75,8063,11552,5142520088,3789505181,0.5187540201160619,0.44046604516825216
3105,-60.75,252,361,642843169,473746896,0.5185751033872545,0.4403503231635166
3106,1.-51,4033,5776,2571597940,1895457571,0.5182173364812948,0.44011893740190483
3107,1.51,2017,2888,1285911602,947963779,0.5178596582742095,0.439887629269056
3108,10.-55,16137,23104,1469645440,1083454317,0.5177702525764838,0.43982981436041174
3109,10.55,8069,11552,5143871672,3792325103,0.5176808524190027,0.4397720043002817
3110,60.-75,4035,5776,2572048468,1896397545,0.5175020687220283,0.43965639872293927
3111,60.75,8071,11552,5144322200,3793265077,0.517323307177795,0.4395408125317795
3112,-8.-2,16151,23104,10290654448,7590760037,0.5165191542217876,0.43901848514351277
3113,-8.2,505,722,643291531,474686870,0.5157154492480139,0.43849655069456606
3114,8.-2,851,1216,77403568,57136991,0.5149121917576228,0.4379750087075851
3115,8.2,8089,11552,5148342296,3801724843,0.5141093812525958,0.437453858706035
3116,-16.-20,4045,5776,2574280892,1901097415,0.5139310395698311,0.4373370217720224
3117,-16.20,8091,11552,572086808,422518313,0.5137527199304114,0.4372202042594055
3118,16.-20,2023,2888,1287250190,950783701,0.5135744223288881,0.43710340616296
3119,16.20,8093,11552,5149220248,3803604791,0.5133961467598148,0.43698662747746236
3120,55.-75,213,304,6452932,4767011,0.5132178932177471,0.43686986819769197
3121,55.75,8095,11552,5149659224,3804544765,0.5130396616972428,0.43675312831842944
3122,0.-3,8107,11552,5152246872,3810184609,0.5109025991548041,0.43534082233674554
3123,0.3,8119,11552,224123240,165905411,0.5087686975589778,0.4339313133936245
3124,-5.-5,8145,11552,573380632,425338235,0.504156043474291,0.43088262395426435
3125,-5.5,8171,11552,738002408,548609111,0.4995580901997968,0.427846941732991
3126,5.-5,8197,11552,5171608024,3852483439,0.4949747443283518,0.4248241769866205
3127,5.5,8223,11552,1725733064,1288234367,0.49040591334023975,0.42181424084751945
3128,0.-15,515,722,323799311,242043305,0.48742640481659033,0.41983472647292974
3129,0.15,8257,11552,5184378760,3880682659,0.48445303700710685,0.41786066015352047
3130,-1.-19,8261,11552,5185210504,3882562607,0.4837543107356019,0.41739337081092615
3131,-1.19,435,608,272949592,204444345,0.4830559227074948,0.41692638259060616
3132,-111.-99,8269,11552,5186873992,3886322503,0.4823578725954663,0.41645969517714715
3133,-111.99,8273,11552,5187705736,3888202451,0.48166016007267215,0.4159933082556051
3134,-16.-4,8277,11552,741219640,555726057,0.4809627848127418,0.41552722151150473
3135,-16.4,8281,11552,399182248,299381719,0.48026574648977843,0.4150614346308378
3136,-18.-82,8283,11552,5189785096,3892902321,0.47991735357794546,0.4148286535412917
3137,-18.82,8285,11552,5190200968,3893842295,0.4795690447783569,0.4145959473000622
3138,-21.-9,8289,11552,5191032712,3895722243,0.47887267935352296,0.41413075920610154
3139,-21.9,8293,11552,5191864456,3897602191,0.4781766498907936,0.4136658700363443
3140,-4.-16,8297,11552,5192696200,3899482139,0.4774809560661546,0.41320127947864266
3141,-4.16,8301,11552,5193527944,3901362087,0.47678559755606026,0.412736987221311
3142,-50.-49,23,32,14387656,10809701,0.4764380439429871,0.41250495285800864
3143,-50.49,8305,11552,742051384,557606005,0.4760905740374324,0.4122729929531262
3144,-9.-51,8309,11552,5195191432,3905121983,0.4753958851876602,0.4118092963633262
3145,-9.51,8313,11552,5196023176,3907001931,0.4747015306845979,0.41134589714160846
3146,1.-19,8317,11552,5196854920,3908881879,0.474007510206565,0.4108827949781303
3147,1.19,8321,11552,5197686664,3910761827,0.47331382343234474,0.4104199895635073
3148,111.-99,8325,11552,5198518408,3912641775,0.4726204700411842,0.40995748058881176
3149,111.99,8329,11552,5199350152,3914521723,0.4719274497127918,0.40949526774557343
3150,16.-4,8333,11552,57144856,43037381,0.4712347621273377,0.4090333507257775
3151,16.4,8337,11552,5201013640,3918281619,0.4705424069654529,0.40857172922186386
3152,18.-82,8339,11552,5201429512,3919221593,0.47019635394367154,0.40834102919237425
3153,18.82,439,608,273781336,206324293,0.46985038390822736,0.40811040292672585
3154,21.-9,8345,11552,5202677128,3922041515,0.46915869263721,0.4076493715337108
3155,21.9,8349,11552,5203508872,3923921463,0.46846733283440734,0.40718863473661754
3156,4.-16,8353,11552,5204340616,3925801411,0.46777630418228355,0.4067281922296964
3157,4.16,8357,11552,5205172360,3927681359,0.46708560636375807,0.4062680437076477
3158,56.-54,8361,11552,743714872,561365901,0.46639523906220565,0.40580818886562237
3159,56.54,8365,11552,5206835848,3931441255,0.46570520196145593,0.40534862739921884
3160,78.-78,4185,5776,2603937764,1966895595,0.4648431194494649,0.40477458766267127
3161,78.78,8375,11552,744130744,562305875,0.46398155176731154,0.4042010052579621
3162,9.-51,441,608,274197208,207264267,0.463292667886065,0.4037424682155341
3163,9.51,8383,11552,5210578696,3939901021,0.4626041127884514,0.4032842231844527
3164,92.-76,8385,11552,400845736,303141615,0.4622599584354624,0.4030552100787904
3165,92.76,8387,11552,5211410440,3941780969,0.4619158861607838,0.4028262698627688
3166,98.-98,8391,11552,1737412136,1314553639,0.46122798768982315,0.4023670092106835
3167,98.98,8395,11552,5213062376,3945540865,0.46054041706277865,0.4019080401738121
3168,-28.-42,16791,23104,3475442304,2630517239,0.46045449377036224,0.40185009011295386
3169,-28.42,2099,2888,1303316134,986502713,0.46036857559501676,0.40179214462678803
3170,-37.-23,221,304,137201812,103867127,0.4600249540521539,0.4015604084172816
3171,-37.-47,525,722,217253049,164495450,0.4596814143336859,0.4013287453557995
3172,-37.23,4201,5776,2607238748,1974415387,0.4593379564006536,0.4010971554047275
3173,-37.47,2101,2888,1303720454,987442687,0.458994580214125,0.4008656385264794
3174,37.-23,4203,5776,869214356,658451787,0.4586512857351968,0.4006341946834964
3175,37.-47,1051,1444,651961307,493956337,0.4583080729249926,0.4004028238382474
3176,37.23,4205,5776,2608047388,1976295335,0.45796494174466434,0.4001715259532279
3177,37.47,2103,2888,434708258,329460887,0.45762189215539173,0.39994030099096195
3178,-25.-25,8415,11552,94856360,71908011,0.4571074706698596,0.3995920029478659
3179,-25.25,4209,5776,2608850252,1978175283,0.4565932325461157,0.3992438691399788
3180,25.-25,8421,11552,1739433736,1319253509,0.4560791776534903,0.39889589944103493
3181,25.25,1053,1444,93194677,70699473,0.45556530586145416,0.3985480937249071
3182,-36.-6,16857,23104,3479868164,2640856953,0.4547948412018132,0.3980264927902084
3183,-36.6,8433,11552,5220702580,3963400371,0.4540247877856717,0.3975052601776223
3184,36.-6,16875,23104,10443205828,7931030625,0.45325514517425314,0.3969843954631744
3185,36.6,4221,5776,870417208,661271709,0.4524859129294821,0.39646389822358497
3186,-35.-35,889,1216,549810144,417818443,0.4518879046138155,0.39605734875222154
3187,-35.35,8449,11552,5223889488,3970920163,0.4512901440745454,0.3956510216522841
3188,-81.-81,16907,23104,10449546432,7946070209,0.45052195855910254,0.3951268769375163
3189,-81.81,4229,5776,2612828472,1987575023,0.4497541818583693,0.3946030997634272
3190,-113.-112,4231,5776,2613198136,1988514997,0.4490720565308207,0.39412507306012523
3191,-113.112,4233,5776,2613567800,1989454971,0.44839025356875056,0.3936473398524751
3192,-16.-32,8467,11552,5227320432,3979379929,0.4482198531621404,0.3935279523745162
3193,-16.32,2117,2888,1306876316,994962479,0.4480494728795817,0.3934085832168828
3194,-43.-13,1059,1444,653530574,497716233,0.44736815289483445,0.39293128969712526
3195,-43.13,2119,2888,1307245980,995902453,0.44668715451500124,0.39245428893286366
3196,-48.-8,16953,23104,10458152672,7967689611,0.44660205231524863,0.39239468440698916
3197,-48.8,8477,11552,5229168752,3984079799,0.4465169551352381,0.39233508445022797
3198,-52.-44,4239,5776,373525256,284610699,0.44634677583207555,0.3922158982417412
3199,-52.44,8479,11552,5229538416,3985019773,0.44617661660077734,0.3920967303027951
3200,-53.-28,8483,11552,5230277744,3986899721,0.44549618029957094,0.3916202411503055
3201,-53.28,8487,11552,5231017072,3988779669,0.44481606476976204,0.39114404394221997
3202,-62.-78,16975,23104,10462218976,7978029325,0.44473107286771457,0.39108453980389585
3203,-62.78,1061,1444,653900238,498656207,0.4446460859724061,0.3910250402220321
3204,-65.-16,2123,2888,186855044,142540343,0.4439663709817933,0.3905492075308587
3205,-65.16,531,722,327042535,249563097,0.4432869760830174,0.3900736661228568
3206,-78.-62,8497,11552,5232865392,3993479539,0.443117177337351,0.3899548262494842
3207,-78.62,4249,5776,2616525112,1996974763,0.44294739857388477,0.38983600455840595
3208,-8.-48,8499,11552,747605008,570631359,0.44277763978791623,0.38971720104504665
3209,-8.48,2125,2888,1308354972,998722375,0.44260790097474445,0.38959841570483317
3210,0.-7,14,19,17222493,13159636,0.4405725913859815,0.38817440746501697
3211,0.7,2131,2888,1309463964,1001542297,0.4385401491044676,0.38675300762044124
3212,100.-96,533,722,327412199,250503071,0.43786330412799523,0.3862797859581787
3213,100.96,2133,2888,1309833628,1002482271,0.4371867765465995,0.3858068529554656
3214,105.-105,1067,1444,655009230,501476129,0.4365105660627461,0.3853342083228763
3215,105.105,2135,2888,1310203292,1003422245,0.43583467237931833,0.3848618517714002
3216,145.-144,267,361,327597031,250973058,0.435159095199617,0.38438978301244064
3217,145.144,2137,2888,187224708,143480317,0.4344838342273599,0.3839180017578142
3218,16.-32,8549,11552,5242476656,4017918863,0.43431506835702777,0.38380010133297754
3219,16.32,225,304,137964776,105747075,0.4341463222265483,0.38368221885468135
3220,48.-8,17101,23104,10485507808,8037247687,0.4340619565623105,0.3836232843440827
3221,48.8,8551,11552,5242846320,4018858837,0.4339775958313046,0.38356435431843516
3222,52.-44,1069,1444,655378894,502416103,0.4338088891666804,0.3834465077197498
3223,52.44,8553,11552,5243215984,4019798811,0.43364020222806215,0.38332867905413737
3224,53.-28,8557,11552,5243955312,4021678759,0.43296565164142425,0.3828575436327242
3225,53.28,8561,11552,5244694640,4023558707,0.43229141630218015,0.38238669478189147
3226,62.-78,17123,23104,10489574112,8047587401,0.4322071590359341,0.38232785881076103
3227,62.78,4281,5776,374634248,287430621,0.43212290669025144,0.382269027312261
3228,78.-62,8563,11552,5245064304,4024498681,0.4319544167582772,0.3821513777309156
3229,78.62,2141,2888,1311312284,1006242167,0.4317859465016615,0.382033746033386
3230,8.-48,8565,11552,5245433968,4025438655,0.4316174959158096,0.3819161322152035
3231,8.48,4283,5776,2622809400,2012954321,0.4314490649961286,0.3817985362719014
3232,64.0,4285,5776,74947932,57539837,0.43077553788730877,0.3813275369874179
3233,-4.0,4289,5776,2623911172,2015774243,0.4294294262516148,0.38038480782969597
3234,0.-4,4293,5776,2624644724,2017654191,0.4280845694393471,0.3794432207398034
3235,0.4,4297,5776,2625378276,2019534139,0.42674096511323234,0.37850277344348515
3236,4.0,4301,5776,2626111828,2021414087,0.42539861094252146,0.3775634636729573
3237,56.0,4305,5776,2626839604,2023294035,0.4240575046029646,0.3766221169148044
3238,-50.-50,17231,23104,10509345360,8098345997,0.4231362166293747,0.375973617128593
3239,-50.50,8621,11552,5255666152,4051757927,0.4222155166039409,0.37532565372085375
3240,50.-50,17253,23104,10513319248,8108685711,0.4212954037767081,0.3746782259611254
3241,50.50,1079,1444,657206637,507115973,0.420375877399154,0.3740313331203694
3242,-36.0,8637,11552,5258548376,4059277719,0.41954045260258027,0.37344155139610974
3243,-55.-10,4319,5776,53660484,41425997,0.4193734256801489,0.3733236480695566
3244,-55.10,8639,11552,5258906488,4060217693,0.41920641809289416,0.37320576240558456
3245,36.0,2161,2888,1314950442,1015641907,0.4183716700276636,0.37261659887181764
3246,55.-10,455,608,39548728,30549155,0.41820477835752695,0.3724988190917807
3247,55.10,4323,5776,2630079940,2031753801,0.41803790599126733,0.3723810569438223
3248,81.-81,17301,23104,10521931264,8131245087,0.41728721910889466,0.3718513453583478
3249,81.81,8655,11552,5261771384,4067737485,0.4165369226331699,0.3713219903382712
3250,-7.-2,2165,2888,1315665222,1017521855,0.4157037172730837,0.3707326523868092
3251,-7.2,8665,11552,5263550392,4072437355,0.4148709928396389,0.37014375414658246
3252,7.-2,4335,5776,2632219948,2037393645,0.41403874877797364,0.36955529507665813
3253,7.2,8675,11552,210613176,163085489,0.41320698453418536,0.36896727463705575
3254,-1.-10,8677,11552,5265675960,4078077199,0.4128744130617838,0.36872965713656075
3255,-1.10,8679,11552,159576440,123606581,0.4125419182364153,0.3684921100339169
3256,-71.-46,17359,23104,10532218320,8158504333,0.4124588065020321,0.36843273425387707
3257,-71.46,1085,1444,131654895,101987179,0.4123756995553293,0.3683733628710076
3258,-75.-55,4341,5776,877757060,680071189,0.41204331963429014,0.36813592130046296
3259,-75.55,2171,2888,1316722230,1020341777,0.41171101627202666,0.36789855004156835
3260,1.-10,4343,5776,2633617740,2041153541,0.4113787894332783,0.3676612490598852
3261,1.10,543,722,31354655,24305042,0.41104663908280936,0.3674240183209998
3262,51.-24,8689,11552,5267755320,4083717043,0.41088059257967535,0.36730542928185855
3263,51.24,4345,5776,47890260,37128973,0.41071456518540855,0.36718685779052257
3264,-78.-78,8695,11552,5268760344,4086536965,0.4098847146932216,0.3665847739056557
3265,-78.78,2175,2888,15142506,11749675,0.4090553412637179,0.3659831311303174
3266,-26.-10,17409,23104,3513552352,2727334561,0.40830931261266035,0.36543870899535214
3267,-26.10,8709,11552,1757021656,1364372261,0.4075636695393531,0.36489464426897655
3268,26.-10,17427,23104,3514534272,2730154483,0.4068184116454379,0.36435093656070344
3269,26.10,4359,5776,878756308,682891111,0.40607353853317363,0.36380758548065834
3270,-1.-41,4361,5776,2636592380,2049613307,0.40541175180556493,0.3633227988070347
3271,-1.41,4363,5776,2636915836,2050553281,0.40475026851067114,0.36283829385316807
3272,-5.-4,4367,5776,2637562748,2052433229,0.403428211106916,0.3618701280138996
3273,-5.4,4371,5776,879403220,684771059,0.4021073641015022,0.3609030857850352
3274,-57.-63,8743,11552,5276581048,4109096341,0.4019423432216095,0.3607822844020542
3275,-57.63,1093,1444,659592847,513695791,0.40177734121526626,0.36066150053730933
3276,0.-45,1095,1444,219972101,171545255,0.3991398723986352,0.35873133773139115
3277,0.45,1097,1444,660239759,515575739,0.3965072164839781,0.3568056412284518
3278,1.-41,2195,2888,1320641246,1031621465,0.3958498024644505,0.35632491294555907
3279,1.41,549,722,73377943,57338414,0.3951926878819724,0.3558444624638013
3280,5.-4,1099,1444,660563215,516515713,0.3938793559379399,0.3548843938346558
3281,5.4,275,361,660724943,516985700,0.3925672184751489,0.35392543320664616
3282,57.-63,8801,11552,5285961272,4136355587,0.39240328517108214,0.35380564092840316
3283,57.63,4401,5776,293673500,229823643,0.3922393704926249,0.3536858659252622
3284,88.-68,4403,5776,2643384956,2069352761,0.39158389795027776,0.35320693858075713
3285,88.68,4405,5776,2643708412,2070292735,0.39092872307939497,0.35272828730620526
3286,-49.-7,4407,5776,881342512,690410903,0.39027384560973494,0.3522475481132348
3287,-49.7,4409,5776,2644346660,2072172683,0.38961926527142343,0.35176708503505816
3288,-7.-19,4411,5776,2644665784,2073112657,0.3889649817949533,0.35128689780724015
3289,-7.19,4413,5776,881661636,691350877,0.38831099491118465,0.3508069861657114
3290,-79.-77,4415,5776,377900576,296427515,0.38765730435134266,0.3503273498467657
3291,-79.77,4417,5776,2645623156,2075932579,0.38700390984701794,0.3498479885870607
3292,7.-19,4419,5776,881980760,692290851,0.3863508111301655,0.3493689021236161
3293,7.19,4421,5776,2646261404,2077812527,0.3856980079331047,0.3488900901938147
3294,79.-77,4423,5776,2646580528,2078752501,0.3850454999885176,0.3484115525353995
3295,79.77,4425,5776,882299884,693230825,0.38439328702944875,0.3479332888864749
3296,-4.-6,8855,11552,5294596392,4161734885,0.3835784352478943,0.3473356475190266
3297,-4.6,2215,2888,264769674,208204241,0.38276404344479026,0.3467384334320155
3298,-6.-4,8865,11552,1765396856,1388811585,0.38195011110112,0.34614164611626763
3299,-6.4,4435,5776,2648493828,2084392345,0.38113663769874473,0.34554528506348287
3300,4.-6,8875,11552,756826392,595876375,0.3803236227204019,0.3449493497662328
3301,4.6,555,722,220774243,173895190,0.3795110656497027,0.34435383971795863
3302,6.-4,8885,11552,1059875784,835166899,0.3786989659711305,0.3437587544129682
3303,6.4,4445,5776,2650088004,2089092215,0.37788732317003876,0.34316409334643616
3304,0.-56,4451,5776,378713548,298844591,0.37594124143490176,0.3417116021027397
3305,0.56,4457,5776,2651901668,2094732059,0.37399778127451666,0.3402615636190121
3306,-42.-49,17831,23104,10608055034,8380338197,0.37375503273233224,0.340079793578746
3307,-42.49,8917,11552,143358154,113266867,0.3735123250282597,0.33989806179931775
3308,-49.-42,17837,23104,10608951758,8383158119,0.37326965814856056,0.33971636826720664
3309,-49.42,1115,1444,265235003,209614202,0.3730270320795039,0.33953471296889953
3310,42.-49,17843,23104,10609848482,8385978041,0.3727844468073651,0.33935309589088986
3311,42.49,8923,11552,757878346,599099143,0.3725419023184268,0.3391715170196776
3312,49.-42,17849,23104,10610745206,8388797963,0.3722993985989781,0.3389899763417702
3313,49.42,4463,5776,2652798392,2097551981,0.37205693563531583,0.33880847384368157
3314,-117.-108,235,304,27927112,22089389,0.3714105668785858,0.33831287546432876
3315,-117.108,4467,5776,2653352888,2099431929,0.370764487583915,0.33781755079226305
3316,-13.0,1117,1444,94767554,74996497,0.3704415564038561,0.33756999101649643
3317,-17.-8,2235,2888,265376876,210084189,0.36979591081649094,0.3370750764257511
3318,-17.8,559,722,331755751,262722733,0.3691505540439808,0.33658043490331796
3319,-31.-24,8945,11552,1061646128,840806743,0.3689892599479005,0.3364568171597447
3320,-31.24,4473,5776,2654184632,2102251851,0.3688279838825725,0.33633321646302233
3321,-36.-41,8947,11552,5308507888,4204973689,0.3686667258439662,0.3362096328091709
3322,-36.41,2237,2888,1327161628,1051360919,0.36850548582805215,0.3360860661942125
3323,-46.-38,471,608,279409744,221363877,0.36834426383080227,0.3359625166141705
3324,-46.38,4475,5776,75841768,60091195,0.3681830598481898,0.33583898406506923
3325,-55.-55,4477,5776,2654739128,2104131799,0.3675384239836266,0.33534502409861494
3326,-55.55,4479,5776,2655016376,2105071773,0.36689407603147356,0.3348513363095364
3327,-66.-66,4481,5776,2655293624,2106011747,0.36625001573466576,0.33435792044405555
3328,-66.66,4483,5776,2655570872,2106951721,0.3656062428364826,0.3338647762487365
3329,-7.-49,4485,5776,531169624,421578339,0.36496275708054743,0.3333719034704868
3330,-7.49,4487,5776,2656125368,2108831669,0.3643195582108259,0.3328793018565546
3331,-80.0,4489,5776,379486088,301395949,0.3636766459716262,0.3323869711545304
3332,-81.-9,1123,1444,664204622,527795401,0.3627128144865699,0.3316489825100132
3333,-81.9,4495,5776,531446872,422518313,0.36174962648536135,0.330911602000913
3334,-84.-85,8991,11552,5314607344,4225653117,0.3615891576524403,0.3307887643141342
3335,-84.85,281,361,47453089,37733242,0.3614287066662449,0.33066594349253847
3336,0.-63,1125,1444,132896374,105747075,0.3601457407827715,0.32968398359648315
3337,0.63,563,722,332310247,264602681,0.3588639148069414,0.32870310081884513
3338,117.-108,2253,2888,1329379612,1058880711,0.3582234286517431,0.3282130627249679
3339,117.108,1127,1444,664759118,529675349,0.3575832267149498,0.32772329316200965
3340,13.0,4509,5776,2659175096,2119171383,0.3572632322496503,0.32747850900184206
3341,17.-8,4511,5776,2659452344,2120111357,0.3566234561678178,0.32698914176874794
3342,17.8,4513,5776,2659729592,2121051331,0.3559839636746836,0.32650004244504116
3343,31.-24,9027,11552,759942544,606081807,0.3558241348326779,0.32637780944588324
3344,31.24,2257,2888,1329934108,1060760659,0.355664323695335,0.32625559317168645
3345,36.-41,9029,11552,5319875056,4243512623,0.3555045302587327,0.32613339361857974
3346,36.41,4515,5776,532001368,424398261,0.3553447545189504,0.3260112107826937
3347,43.-13,4517,5776,380040584,303275897,0.3547058284496551,0.3255226465340099
3348,43.13,4519,5776,2660561336,2123871253,0.3540671852161675,0.32503434945162624
3349,46.-38,9039,11552,5321261296,4248212493,0.35390756857155176,0.3249123168968084
3350,46.38,565,722,66517499,53108531,0.353747969584621,0.3247903010205866
3351,50.-49,4521,5776,2660838584,2124811227,0.3534288245681908,0.3245463192885112
3352,50.49,119,152,70025716,55928453,0.3531097501356419,0.32430240422457257
3353,84.-85,9045,11552,1064418608,850206483,0.35295023937856773,0.32418047168352665
3354,84.85,4523,5776,2661115832,2125751201,0.35279074625575985,0.3240585557979643
3355,-60.-61,9047,11552,5322368844,4251972389,0.3526312707633199,0.3239362651497224
3356,-60.61,1131,1444,665313253,531555297,0.3524718128973505,0.32381399116955245
3357,0.-9,1133,1444,60507932,48408661,0.34992288106665537,0.3218590887236359
3358,0.9,1135,1444,665861251,533435245,0.3473784447088937,0.319908437259842
3359,7.-49,2271,2888,1331857516,1067340477,0.34674303618028324,0.3194192860443973
3360,7.49,284,361,665996265,533905232,0.34610790738248887,0.3189303997340209
3361,-27.-33,9089,11552,5328102968,4271711843,0.34594916886212324,0.3188076330297675
3362,-27.33,4545,5776,2664117908,2136090915,0.3457904478057016,0.3186848828925683
3363,-47.-43,9091,11552,5328368664,4272651817,0.3456317442093819,0.3185621493186252
3364,-47.43,2273,2888,1332125378,1068280451,0.3454730580693232,0.3184394323041421
3365,27.-33,9093,11552,108747640,87216159,0.34531438938168574,0.31831673184532405
3366,27.33,4547,5776,2664383604,2137030889,0.3451557381426311,0.3181940479383775
3367,47.-43,9095,11552,5328900056,4274531765,0.34499710434832237,0.3180713805795097
3368,47.43,1137,1444,666129113,534375219,0.34483848799492317,0.31794872976492966
3369,-43.-35,9097,11552,761308568,610781677,0.34467988907859903,0.31782453182939235
3370,-43.35,4549,5776,2664643524,2137970863,0.3445213075955167,0.31770035050682743
3371,-9.-81,569,722,95179455,76406458,0.343570184580589,0.31695561123152577
3372,-9.81,4555,5776,2665405956,2140790785,0.34261968819775784,0.31621146906846076
3373,46.-71,9111,11552,761562712,611721651,0.34246133299855497,0.3160875033698255
3374,46.71,1139,1444,666383257,535315193,0.3423029951790592,0.3159635542311745
3375,9.-81,4559,5776,3926236,3155627,0.341353333022406,0.3152202069476078
3376,9.81,2281,2888,1333147730,1072040347,0.34040429557503366,0.3144774548731576
3377,-42.-7,4563,5776,888803660,714850227,0.3400880884415181,0.314223752635805
3378,-42.7,1141,1444,666631625,536255167,0.3397719505984894,0.31397011698102606
3379,-7.-42,4565,5776,76189772,61299733,0.33945588201558663,0.31371654787869463
3380,-7.42,2283,2888,444459590,357660107,0.3391398826624693,0.3134630452987046
3381,11.0,4567,5776,2666873060,2146430629,0.3388239525088169,0.3132096092109702
3382,42.-7,571,722,666747145,536725154,0.3385080915243282,0.312956239585425
3383,42.7,4569,5776,889034700,715790201,0.3381922996787225,0.3127029363920223
3384,7.-42,2285,2888,266721962,214784059,0.337876576941739,0.31244969960073576
3385,7.42,4571,5776,2667335140,2148310577,0.3375609232831361,0.31219652918155877
3386,81.-9,2287,2888,1333840850,1074860269,0.3366143764754984,0.3114374158569142
3387,81.9,4577,5776,2668028260,2151130499,0.3356684502865092,0.3106788988029123
3388,49.-7,241,304,140434548,113266867,0.3350381772136239,0.31017199012282115
3389,49.7,4581,5776,2668484564,2153010447,0.3344081793691634,0.309665346123207
3390,-11.0,2291,2888,190614137,153820031,0.33409328358249596,0.30941173297709884
3391,-49.-55,9165,11552,5337302692,4307430855,0.3339358614599229,0.30928319476338406
3392,-49.55,4583,5776,2668704774,2153950421,0.3337784565128583,0.30915467314691025
3393,49.-55,9167,11552,5337513516,4308370829,0.3336210687375549,0.30902538751662767
3394,49.55,573,722,444801457,359070068,0.33346369813026616,0.308896118506971
3395,8.-9,18345,23104,2135222584,1724382303,0.3327557427512658,0.3083068082836672
3396,8.9,483,608,280973444,227003721,0.33204813460781224,0.3077178355395066
3397,9.-8,18363,23104,508469944,410970061,0.3313408733594509,0.30712919993563853
3398,9.8,4593,5776,2669686694,2158650291,0.33063395866622697,0.3065409011337127
3399,-8.-9,18381,23104,10679590072,8638831047,0.3299273901886857,0.3059482571594221
3400,-8.9,9195,11552,1780072228,1440510155,0.329221167587871,0.30535595006635485
3401,-9.-8,18399,23104,10681276664,8647290813,0.3285152905253236,0.3047639795174724
3402,-9.8,2301,2888,1335264995,1081440087,0.3278097586630813,0.3041723451762326
3403,-17.-53,9205,11552,5341152396,4326230335,0.3276530206499021,0.3040405698019168
3404,-17.53,4603,5776,2670622406,2163350161,0.32749629966328475,0.3039088110222471
3405,-28.-32,9207,11552,5341337228,4327170309,0.32733959569953003,0.30377706883353955
3406,-28.-44,1151,1444,1335357411,1081910074,0.32718290875494055,0.30364534323211134
3407,-28.32,9209,11552,763074580,618301469,0.32702623882581994,0.3035136342142813
3408,-28.44,4605,5776,2670807238,2164290135,0.326869585908473,0.303381941776369
3409,-32.-28,9211,11552,5341706892,4329050257,0.3267129499992057,0.3032502659146955
3410,-32.28,2303,2888,1335449827,1082380061,0.32655633109432547,0.3031186066255829
3411,-35.-40,18425,23104,1526241576,1237072925,0.3264780280173766,0.3030527831945878
3412,-35.40,9213,11552,144375452,117026763,0.3263997291901403,0.3029869639053545
3413,-36.-29,4607,5776,2670992070,2165230109,0.32624314428296003,0.3028553377503347
3414,-36.29,485,608,281161924,227943695,0.32608657636909544,0.3027237281568496
3415,-4.-8,18439,23104,1526426408,1238012899,0.32538223095013086,0.3021316898367012
3416,-4.8,1153,1444,1335727075,1083790022,0.3246782292353992,0.3015399864788809
3417,-40.-35,971,1216,562416264,456357377,0.32460002802439314,0.301474262323523
3418,-40.35,9225,11552,5343000716,4335630075,0.32452183105205024,0.30140854229892156
3419,-43.-48,4613,5776,2671546566,2168050031,0.3243654498215151,0.3012771146401591
3420,-43.48,9227,11552,5343185548,4336570049,0.32420908554011896,0.3011457034989335
3421,-50.-14,9231,11552,5343555212,4338449997,0.32358379783247004,0.3006202240362462
3422,-50.14,9235,11552,5343924876,4340329945,0.3229587810173705,0.3000950085616715
3423,-52.-48,9239,11552,5344294540,4342209893,0.32233403486020523,0.2995700568415495
3424,-52.48,9243,11552,5344664204,4344089841,0.3217095591266635,0.2990453686425247
3425,-53.-17,9245,11552,5344849036,4345029815,0.3213974225956128,0.29878312329058326
3426,-53.-73,9247,11552,5345033868,4345969789,0.32108535358273926,0.2985209437315456
3427,-53.17,9249,11552,5345218700,4346909763,0.32077335205883956,0.2982588299363274
3428,-53.73,9251,11552,763629076,621121391,0.32046141799472955,0.2979967818758636
3429,-54.-42,2313,2888,1336373987,1087079931,0.32030547625098055,0.2978657824870871
3430,-54.42,487,608,281346756,228883669,0.32014955136124335,0.29773479952110826
3431,-61.-60,9257,11552,5345958028,4350669659,0.31952602026957555,0.297211031812632
3432,-61.60,9261,11552,5346327692,4352549607,0.31890275855089,0.29668752657890657
3433,-73.-53,4631,5776,2673210054,2176509797,0.3187469851834777,0.2965566912549972
3434,-73.53,9263,11552,5346512524,4353489581,0.31859122863370276,0.2964258723176604
3435,-74.-70,9267,11552,5346882188,4355369529,0.3179683705383772,0.2959027603617361
3436,-74.70,9271,11552,5347251852,4357249477,0.31734578123498786,0.2953799103019009
3437,-8.-4,18551,23104,1527905064,1245532691,0.31664568927031544,0.29479201674472133
3438,-8.4,290,361,1337020899,1090369840,0.31594593687223654,0.2942044540291431
3439,-82.-18,2321,2888,1337113315,1090839827,0.3153242195426887,0.2936824535382293
3440,-82.18,1161,1444,1337205731,1091309814,0.31470277002160446,0.2931607139639828
3441,113.-112,2323,2888,1337298147,1091779801,0.31408158807836334,0.2926392350767356
3442,113.112,581,722,1337390563,1092249788,0.31346067348264217,0.29211801664711645
3443,17.-53,9297,11552,5349654668,4369469139,0.3133054865797991,0.291987752709365
3444,17.53,4649,5776,2674873542,2184969563,0.3131503163682067,0.29185750503232044
3445,28.-32,9299,11552,5349839500,4370409113,0.312995162844275,0.29172727361240736
3446,28.-44,2325,2888,191068997,156102825,0.312840026004415,0.2915970584460518
3447,28.32,9301,11552,5350024332,4371349087,0.3126849058450387,0.2914668595296811
3448,28.44,4651,5776,2675058374,2185909537,0.31252980236255967,0.2913366768597233
3449,32.-28,9303,11552,5350209164,4372289061,0.31237471555339236,0.2912065104326076
3450,32.28,1163,1444,1337575395,1093189762,0.3122196454139526,0.2910763602447648
3451,35.-40,18609,23104,10700695576,8745988083,0.3121421165942608,0.29101129123945585
3452,35.40,9305,11552,5350393996,4373229035,0.31206459194065705,0.2909462262926267
3453,36.-29,4653,5776,2675243206,2186849511,0.3119095551299241,0.290816108572626
3454,36.29,9307,11552,764368404,624881287,0.31175453497817235,0.2906860070811969
3455,4.-8,18623,23104,10701989400,8752567901,0.311057150354232,0.2901007511027828
3456,4.8,2329,2888,1337852643,1094599723,0.31036010267630476,0.2895158233562351
3457,40.-35,18633,23104,10702913560,8757267771,0.31028267371930845,0.2894508516315406
3458,40.35,9317,11552,5351502988,4378868879,0.3102052489176752,0.28938588395464554
3459,43.-48,4659,5776,2675797702,2189669433,0.3100504117787137,0.28925596074247784
3460,43.48,9319,11552,5351687820,4379808853,0.30989559125585336,0.2891260537161797
3461,52.-48,9323,11552,5352057484,4381688801,0.30927647525412416,0.28860658739867984
3462,52.48,9327,11552,5352427148,4383568749,0.3086576248249506,0.2880873797712183
3463,53.-17,491,608,281716420,230763617,0.3083482991288925,0.28782787289536893
3464,53.-73,9331,11552,5352796812,4385448697,0.3080390397405937,0.28756843060700626
3465,53.17,9333,11552,5352981644,4386388671,0.30772984663163283,0.28730905287782776
3466,53.73,9335,11552,764738068,626761235,0.3074207197736067,0.2870497396795481
3467,54.-42,1167,1444,1338314723,1096949658,0.30726618117982285,0.2869201072706617
3468,54.42,9337,11552,5353351308,4388268619,0.30711165913812966,0.28679049098390147
3469,65.-16,9341,11552,5353720972,4390148567,0.3064937364213745,0.2862721869875321
3470,65.16,9345,11552,5354090636,4392028515,0.3058760782546507,0.2857541406629534
3471,66.-66,9349,11552,764922900,627701209,0.3052586844115323,0.28523635178468876
3472,66.66,9353,11552,5354829964,4395788411,0.3046415546658848,0.2847188201275532
3473,73.-53,4677,5776,2677461190,2198129199,0.30448731346823005,0.2845894773777093
3474,73.53,9355,11552,5355014796,4396728385,0.3043330887590245,0.28446015068661734
3475,74.-70,9359,11552,5355384460,4398608333,0.30371635473621406,0.28394300443958614
3476,74.70,9363,11552,765107732,628641183,0.30309988424680456,0.2834261148519873
3477,8.-4,18735,23104,10712339992,8805206445,0.30240666967069507,0.28284492057505567
3478,8.4,2343,2888,1339146467,1101179541,0.30171378802403537,0.282264050530259
3479,-42.0,293,361,669619261,550824764,0.3010981724649231,0.28174760465182097
3480,0.-42,2345,2888,1339330577,1102119515,0.3004828194844321,0.2812314145356301
3481,0.42,1173,1444,669711316,551294751,0.2998677288586626,0.2807154799587234
3482,42.0,2347,2888,191359241,157579927,0.29925290036400065,0.28019980069842343
3483,60.-61,9389,11552,5358150442,4412707943,0.29909923417214346,0.2800708235503759
3484,60.61,4695,5776,893040356,735529655,0.2989455843460342,0.2799418623455764
3485,43.-35,9391,11552,5358325888,4413647917,0.29879195088218746,0.27981077874933585
3486,43.35,587,722,669801205,551764738,0.2986383337771188,0.2796797111594159
3487,-25.-20,9393,11552,5358490504,4414587891,0.2984847330273448,0.2795478820208769
3488,-25.20,4697,5776,2679285684,2207528939,0.29833114862938326,0.2794160689056011
3489,25.-20,9395,11552,5358652232,4415527865,0.2981775805797532,0.2792842718101177
3490,25.20,2349,2888,1339683274,1103999463,0.2980240288749742,0.27915249073095666
3491,-25.-30,9397,11552,5358802408,4416467839,0.29787049351156747,0.27901761564231886
3492,-25.30,4699,5776,2679435860,2208468913,0.29771697448605533,0.2788827566502209
3493,-30.-25,9399,11552,5358941032,4417407813,0.29756347179496095,0.27874791375119223
3494,-30.-5,9401,11552,765582808,631192541,0.2972565154021246,0.27847827621846644
3495,-30.25,4701,5776,2679574484,2209408887,0.29710306169343453,0.27834348157783384
3496,-30.5,2351,2888,1339821898,1104939437,0.29679620323414957,0.27807394053069956
3497,-36.-42,4703,5776,2679713108,2210348861,0.29648941002918944,0.2778044637726454
3498,-36.42,294,361,95706515,78957816,0.2961826820508066,0.27753505127597433
3499,-42.-36,4705,5776,2679851732,2211288835,0.29587601927127183,0.277265703013007
3500,-42.36,2353,2888,1339960522,1105879411,0.29556942166287353,0.27699641895608135
3501,-5.-30,4707,5776,2679990356,2212228809,0.29526288919791727,0.2767271990775531
3502,-5.30,1177,1444,60910447,50288609,0.2949564218487267,0.27645804334979607
3503,0.-11,31,38,35267591,29139194,0.2937312030567103,0.27538206139456406
3504,0.-80,1179,1444,670153541,554114673,0.2925070239074083,0.2743071036461232
3505,0.11,295,361,670222853,554584660,0.29128388263796745,0.273233168344813
3506,0.80,1181,1444,670292165,555054647,0.2900617774900137,0.2721602537354516
3507,25.-30,9449,11552,487491512,403718833,0.2899090871114101,0.2720262110894416
3508,25.30,4725,5776,383033996,317241225,0.2897564128913737,0.2718921843609682
3509,30.-25,9451,11552,5362545256,4441847137,0.28960375482648454,0.271758173546618
3510,30.-5,9453,11552,5362683880,4442787111,0.2892984871484752,0.27149019964663873
3511,30.25,4727,5776,2681376596,2221628549,0.2891458775285213,0.2713562365541884
3512,30.5,591,722,670361477,555524634,0.28884070670963863,0.2710883580673211
3513,36.-42,4729,5776,2681515220,2222568523,0.28853560042936655,0.2708205431551172
3514,36.42,2365,2888,121890206,101047205,0.28823055866041336,0.2705527917903346
3515,42.-36,249,304,141139676,117026763,0.2879255813755046,0.27028510394574873
3516,42.36,1183,1444,13682261,11346829,0.28762066854738255,0.2700174795941518
3517,5.-30,4733,5776,2681792468,2224448471,0.2873158201488073,0.2697499187083535
3518,5.30,2367,2888,1340930890,1112459229,0.2870110361525563,0.269482421261181
3519,55.-55,296,361,670500101,556464608,0.2864016612582211,0.268947616574108
3520,55.55,2369,2888,1341069514,1113399203,0.2857925436469397,0.2684130653158931
3521,0.0,5201,5776,387251920,349200341,0.15128170429097065,0.14921742414915648
3522,0.-20,5207,5776,2711133104,2447222309,0.1496183354969214,0.1477507807688415
3523,0.20,5213,5776,208577136,188464787,0.1479568822911585,0.1462860261550585
3524,-40.-41,10427,11552,5423051744,4900554449,0.14781851418661762,0.14615995082211752
3525,-40.41,2607,2888,1355774488,1225256109,0.1476801593516147,0.14603388865397185
3526,-91.-91,326,361,169477587,153215762,0.14712687265609337,0.14552977157849512
3527,-91.91,2609,2888,193695272,175170869,0.1465737980697189,0.14502586493643385
3528,0.-24,2613,2888,104311672,94467387,0.14436361756715022,0.14301233945609
3529,0.24,2617,2888,1356236568,1229955979,0.14215681783913622,0.14100216794773604
3530,40.-41,29,32,15027680,13629623,0.14201900487242788,0.14087664335499436
3531,40.41,5235,5776,2712519344,2460381945,0.1418812050690002,0.14075113182086613
3532,50.-14,5237,5776,2712611760,2461321919,0.14133013743781997,0.1402492162202474
3533,50.14,5239,5776,2293072,2081371,0.14077928021811154,0.1397475093565676
3534,61.-60,5241,5776,2712796592,2463201867,0.14022863324925522,0.13924601106932197
3535,61.60,5243,5776,2712889008,2464141841,0.13967819637081583,0.13874472119818845
3536,82.-18,5245,5776,2712981424,2465081815,0.13912796942254108,0.13824363958302927
3537,82.18,5247,5776,2713073840,2466021789,0.13857795224436228,0.13774276606389013
3538,91.-91,5249,5776,2713166256,2466961763,0.13802814467639346,0.13724210048099875
3539,91.91,5251,5776,2713258672,2467901737,0.137478546558932,0.13674164267476616
3540,-29.-36,1313,1444,678323332,617092931,0.13720382599428405,0.1364853492953136
3541,-29.36,5253,5776,2713327984,2468841711,0.13692915773245706,0.13622910798331886
3542,-48.-43,2627,2888,1356681320,1234655849,0.13665454175353914,0.13597291871887657
3543,-48.43,5255,5776,2713397296,2469781685,0.13637997803763016,0.13571678148209226
3544,29.-36,657,722,48454142,44111637,0.13610546656484143,0.13546069625308338
3545,29.36,5257,5776,2713466608,2470721659,0.1358310073152951,0.13520466301197798
3546,48.-43,2629,2888,1356750632,1235595823,0.13555660026912508,0.1349486817389166
3547,48.43,5259,5776,2713535920,2471661633,0.13528224540647676,0.13469275241404943
3548,-1.-29,5261,5776,2713582128,2472601607,0.13473369215238168,0.1341687661776097
3549,-1.29,277,304,142822544,130186399,0.1341853473943971,0.13364498801894645
3550,-30.-6,329,361,169603215,154625723,0.1339112531519296,0.13338317691926885
3551,-30.6,5265,5776,387667792,353497365,0.13363721097409176,0.13312141777964293
3552,-31.-11,5267,5776,2713720752,2475421529,0.13308928273321424,0.13259805530146204
3553,-31.11,5269,5776,2713766960,2476361503,0.13254156251369342,0.13207490042634681
3554,-4.-20,2635,2888,1356895032,1238415745,0.13226778036259407,0.13181340079059542
3555,-4.20,5271,5776,2713813168,2477301477,0.13199405015763868,0.13155195299642072
3556,-61.-9,659,722,48461362,44245919,0.13172037187911934,0.1312905570241162
3557,-61.9,5273,5776,2713859376,2478241451,0.13144674550733856,0.1310292128539869
3558,-81.-101,2637,2888,1356941240,1239355719,0.13117317102261072,0.13076792046634808
3559,-81.101,5275,5776,2713905584,2479181425,0.13089964840526122,0.1305066798415271
3560,1.-29,5277,5776,2713951792,2480121399,0.13035275869405374,0.12998435380170367
3561,1.29,5279,5776,387714000,354437339,0.12980607621654267,0.1294622345773565
3562,30.-6,330,361,169626319,155095710,0.12953281264135513,0.12920125247192304
3563,30.6,5281,5776,2714044208,2482001347,0.12925960081573257,0.12894032201150468
3564,31.-11,5283,5776,2714090416,2482941321,0.12871333233480636,0.12841861594734563
3565,31.11,5285,5776,2714136624,2483881295,0.1281672706171256,0.12789711622825473
3566,4.-20,2643,2888,193868552,177453663,0.12789431724560127,0.12763644369921326
3567,4.20,5287,5776,2714182832,2484821269,0.12762141550622905,0.127375822697785
3568,61.-9,661,722,339275742,310661407,0.12734856537947925,0.1271152532044422
3569,61.9,5289,5776,2714229040,2485761243,0.12707576684583324,0.1268547351996675
3570,81.-101,2645,2888,1357126072,1243115615,0.1268030198857829,0.12659426866395523
3571,81.101,5291,5776,2714275248,2486701217,0.12653032447983173,0.12633385357781007
3572,-1.0,5297,5776,2714356112,2489521139,0.12489523358978541,0.12474174298392264
3573,0.-1,5303,5776,2714436976,2492341061,0.12326199374642516,0.12315148215630448
3574,0.1,5309,5776,2714517840,2495160983,0.1216306007634399,0.12156306690872108
3575,1.0,5315,5776,2714598704,2497980905,0.12000105046870396,0.1199764930691227
3576,-162.-162,21269,23104,10858441024,9996153503,0.11939044332713811,0.11937202531664097
3577,-162.162,10639,11552,5429243616,5000191693,0.11878009450998722,0.11876781586244835
3578,162.-162,21287,23104,10858533440,10004613269,0.11817000379876912,0.11816386448806236
3579,162.162,1331,1444,1444,1331,0.11756017097527918,0.1175601709752792
3580,-1.-3,2663,2888,2888,2663,0.11701831367655678,0.11701831367655671
3581,-1.-7,333,361,361,333,0.1164766598159089,0.11647665981590898
3582,-1.-9,2665,2888,2888,2665,0.11593520924063272,0.11593520924063279
3583,-1.3,1333,1444,1444,1333,0.11539396179819782,0.11539396179819786
3584,-1.7,2667,2888,2888,2667,0.11485291733624488,0.11485291733624489
3585,-1.9,667,722,722,667,0.11431207570258607,0.11431207570258599
3586,-101.-81,2669,2888,2888,2669,0.11377143674520453,0.11377143674520453
3587,-101.81,1335,1444,1444,1335,0.1132310003122547,0.11323100031225473
3588,-106.-90,2671,2888,2888,2671,0.11269076625206113,0.11269076625206113
3589,-106.90,334,361,361,334,0.1121507344131187,0.1121507344131188
3590,-16.0,2673,2888,2888,2673,0.1116109046440928,0.11161090464409278
3591,-2.-3,1337,1444,1444,1337,0.11107127679381822,0.11107127679381831
3592,-2.-5,2675,2888,2888,2675,0.11053185071129941,0.11053185071129944
3593,-2.-7,669,722,722,669,0.10999262624571002,0.10999262624570999
3594,-2.-9,2677,2888,2888,2677,0.10945360324639322,0.10945360324639315
3595,-2.3,1339,1444,1444,1339,0.10891478156286048,0.10891478156286043
3596,-2.5,141,152,152,141,0.10837616104479186,0.10837616104479195
3597,-2.7,335,361,361,335,0.10783774154203617,0.1078377415420361
3598,-2.9,2681,2888,2888,2681,0.10729952290460981,0.10729952290460987
3599,-20.0,1341,1444,1444,1341,0.10676150498269711,0.10676150498269692
3600,-23.-29,10729,11552,11552,10729,0.10662703184647734,0.10662703184647743
3601,-23.-37,21459,23104,23104,21459,0.10655979997839932,0.10655979997839934
3602,-23.29,21461,23104,23104,21461,0.10642534564084745,0.10642534564084731
3603,-23.37,10731,11552,11552,10731,0.10635812317078933,0.10635812317078924
3604,-25.-5,565,608,608,565,0.10582045614103545,0.10582045614103541
3605,-25.0,10739,11552,11552,10739,0.10528298941566537,0.10528298941566533
3606,-25.5,10743,11552,11552,10743,0.10474572284549027,0.10474572284549039
3607,-3.-1,10747,11552,11552,10747,0.10420865628148848,0.10420865628148862
3608,-3.-2,10751,11552,11552,10751,0.10367178957480418,0.1036717895748042
3609,-3.-4,10755,11552,11552,10755,0.10313512257674763,0.10313512257674783
3610,-3.-5,10759,11552,11552,10759,0.10259865513879554,0.10259865513879561
3611,-3.-8,10763,11552,11552,10763,0.10206238711258969,0.10206238711258982
3612,-3.1,10767,11552,11552,10767,0.1015263183499374,0.10152631834993739
3613,-3.2,10771,11552,11552,10771,0.10099044870281099,0.10099044870281099
3614,-3.4,10775,11552,11552,10775,0.10045477802334814,0.10045477802334814
3615,-3.5,10779,11552,11552,10779,0.09991930616385068,0.09991930616385081
3616,-3.8,10783,11552,11552,10783,0.09938403297678503,0.09938403297678503
3617,-30.-35,21567,23104,23104,21567,0.09931713779021559,0.09931713779021573
3618,-30.0,21575,23104,23104,21575,0.09878208793349132,0.09878208793349141
3619,-30.35,2697,2888,2888,2697,0.0987152206515674,0.09871522065156743
3620,-35.-30,21577,23104,23104,21577,0.09864835646872284,0.09864835646872278
3621,-35.30,10789,11552,11552,10789,0.0985814953846702,0.09858149538467006
3622,-37.-12,10793,11552,11552,10793,0.098046718234301,0.09804671823430094
3623,-37.12,10797,11552,11552,10797,0.09751213924128727,0.09751213924128725
3624,-4.-3,10801,11552,11552,10801,0.096977758258832,0.09697775825883208
3625,-4.-7,10805,11552,11552,10805,0.09644357514030127,0.09644357514030141
3626,-4.-9,10809,11552,11552,10809,0.09590958973922449,0.09590958973922453
3627,-4.3,10813,11552,11552,10813,0.09537580190929312,0.09537580190929318
3628,-4.7,10817,11552,11552,10817,0.09484221150436115,0.094842211504361
3629,-4.9,10821,11552,11552,10821,0.09430881837844447,0.09430881837844451
3630,-41.-37,5411,5776,5776,5411,0.09417550090471956,0.09417550090471942
3631,-41.-40,5413,5776,5776,5413,0.09364235417252889,0.09364235417252885
3632,-41.37,10827,11552,11552,10827,0.09350909826878206,0.09350909826878225
3633,-41.40,10831,11552,11552,10831,0.09297619770278619,0.09297619770278634
3634,-47.-37,21663,23104,23104,21663,0.09290959897036179,0.09290959897036177
3635,-47.37,677,722,722,677,0.09284300331217417,0.09284300331217422
3636,-49.-56,10833,11552,11552,10833,0.092709821217375,0.09270982121737492
3637,-49.0,10837,11552,11552,10837,0.0921772157509146,0.09217721575091457
3638,-49.56,5419,5776,5776,5419,0.09204409510114178,0.09204409510114171
3639,-5.-2,5421,5776,5776,5421,0.09151173530141518,0.09151173530141517
3640,-5.-25,5423,5776,5776,5423,0.09097957187196222,0.09097957187196226
3641,-5.-3,5425,5776,5776,5425,0.09044760466796704,0.09044760466796684
3642,-5.-6,5427,5776,5776,5427,0.08991583354477377,0.08991583354477388
3643,-5.-8,5429,5776,5776,5429,0.08938425835788695,0.08938425835788683
3644,-5.-9,5431,5776,5776,5431,0.08885287896297026,0.0888528789629703
3645,-5.2,5433,5776,5776,5433,0.0883216952158468,0.0883216952158469
3646,-5.25,5435,5776,5776,5435,0.08779070697249944,0.08779070697249956
3647,-5.3,5437,5776,5776,5437,0.0872599140890694,0.08725991408906925
3648,-5.6,5439,5776,5776,5439,0.08672931642185687,0.08672931642185676
3649,-5.8,5441,5776,5776,5441,0.08619891382732034,0.08619891382732034
3650,-5.9,5443,5776,5776,5443,0.08566870616207706,0.08566870616207692
3651,-56.-49,573,608,608,573,0.08553618468668057,0.08553618468668074
3652,-56.49,1361,1444,1444,1361,0.08540367538317624,0.08540367538317617
3653,-6.-1,2723,2888,2888,2723,0.08487375984337492,0.08487375984337496
3654,-6.-5,681,722,722,681,0.08434403887509984,0.08434403887509985
3655,-6.-7,2725,2888,2888,2725,0.08381451233552,0.08381451233551995
3656,-6.-8,1363,1444,1444,1363,0.08328518008196144,0.08328518008196151
3657,-6.1,2727,2888,2888,2727,0.0827560419719077,0.08275604197190758
3658,-6.5,341,361,361,341,0.08222709786299856,0.08222709786299845
3659,-6.7,2729,2888,2888,2729,0.08169834761303034,0.0816983476130303
3660,-6.8,1365,1444,1444,1365,0.08116979107995616,0.08116979107995621
3661,-65.0,2731,2888,2888,2731,0.08064142812188467,0.08064142812188464
3662,-7.-1,683,722,722,683,0.08011325859708059,0.08011325859708064
3663,-7.-4,2733,2888,2888,2733,0.079585282363964,0.07958528236396402
3664,-7.-6,1367,1444,1444,1367,0.07905749928111097,0.0790574992811109
3665,-7.-9,2735,2888,2888,2735,0.07852990920725211,0.07852990920725215
3666,-7.1,18,19,19,18,0.07800251200127321,0.07800251200127316
3667,-7.4,2737,2888,2888,2737,0.07747530752221456,0.07747530752221467
3668,-7.6,1369,1444,1444,1369,0.07694829562927143,0.07694829562927155
3669,-7.9,2739,2888,2888,2739,0.07642147618179285,0.07642147618179286
3670,-72.-97,5479,5776,5776,5479,0.07615813858119141,0.07615813858119158
3671,-72.97,685,722,722,685,0.07589484903928186,0.0758948490392818
3672,-8.-1,2741,2888,2888,2741,0.07536841406139581,0.07536841406139569
3673,-8.-3,1371,1444,1444,1371,0.07484217110794514,0.07484217110794501
3674,-8.-5,2743,2888,2888,2743,0.07431612003889376,0.07431612003889382
3675,-8.-6,343,361,361,343,0.07379026071435861,0.07379026071435865
3676,-8.1,2745,2888,2888,2745,0.07326459299461,0.07326459299460986
3677,-8.3,1373,1444,1444,1373,0.0727391167400704,0.07273911674007026
3678,-8.5,2747,2888,2888,2747,0.07221383181131479,0.0722138318113149
3679,-8.6,687,722,722,687,0.07168873806907083,0.07168873806907097
3680,-81.0,5499,5776,5776,5499,0.07090145562612905,0.07090145562612908
3681,-85.-84,5501,5776,5776,5501,0.07037683924184313,0.07037683924184322
3682,-85.84,5503,5776,5776,5503,0.06985241355781013,0.06985241355781009
3683,-9.-1,5505,5776,5776,5505,0.06932817843543962,0.06932817843543962
3684,-9.-2,5507,5776,5776,5507,0.06880413373629263,0.06880413373629264
3685,-9.-4,5509,5776,5776,5509,0.06828027932208051,0.0682802793220806
3686,-9.-61,5511,5776,5776,5511,0.0677566150546654,0.06775661505466543
3687,-9.-7,5513,5776,5776,5513,0.06723314079605959,0.0672331407960596
3688,-9.1,5515,5776,5776,5515,0.06670985640842604,0.06670985640842603
3689,-9.2,5517,5776,5776,5517,0.06618676175407716,0.06618676175407708
3690,-9.4,5519,5776,5776,5519,0.06566385669547506,0.06566385669547518
3691,-9.61,5521,5776,5776,5521,0.06514114109523182,0.0651411410952319
3692,-9.7,5523,5776,5776,5523,0.06461861481610837,0.06461861481610837
3693,-90.-106,1381,1444,1444,1381,0.06435742262912006,0.06435742262912017
3694,-90.106,5525,5776,5776,5525,0.06409627772101478,0.06409627772101474
3695,-97.-72,5527,5776,5776,5527,0.06357412967300989,0.06357412967301009
3696,-97.72,291,304,304,291,0.06305217053530163,0.06305217053530172
3697,0.-13,5533,5776,5776,5533,0.06200881844434656,0.06200881844434676
3698,0.-25,5535,5776,5776,5535,0.06148742521825637,0.06148742521825643
3699,0.-30,5537,5776,5776,5537,0.060966220356775076,0.060966220356775104
3700,0.-35,5541,5776,5776,5541,0.05992437518357658,0.059924375183576635
3701,0.-49,5543,5776,5776,5543,0.05940373460019648,0.059403734600196476
3702,0.-65,5547,5776,5776,5547,0.05836301676181901,0.05836301676181896
3703,0.-81,2775,2888,2888,2775,0.057582970762340396,0.05758297076234037
3704,0.13,2777,2888,2888,2777,0.05654356506832501,0.056543565068325155
3705,0.25,1389,1444,1444,1389,0.05602414290577846,0.05602414290577838
3706,0.30,2779,2888,2888,2779,0.05550490768660901,0.05550490768660921
3707,0.35,2781,2888,2888,2781,0.05446699754048407,0.05446699754048403
3708,0.49,1391,1444,1444,1391,0.05394832234493194,0.05394832234493176
3709,0.65,348,361,361,348,0.05291153103844267,0.052911531038442663
3710,0.81,5571,5776,5776,5571,0.05213442623059395,0.05213442623059398
3711,1.-3,5573,5776,5776,5573,0.051616588809065556,0.05161658880906557
3712,1.-7,5575,5776,5776,5575,0.05109893719214162,0.051098937192141605
3713,1.-9,5577,5776,5776,5577,0.05058147124653317,0.050581471246533345
3714,1.3,5579,5776,5776,5579,0.050064190839095093,0.05006419083909518
3715,1.7,5581,5776,5776,5581,0.04954709583682494,0.04954709583682484
3716,1.9,5583,5776,5776,5583,0.04903018610686324,0.049030186106863285
3717,101.-81,5585,5776,5776,5585,0.048513461516493744,0.04851346151649365
3718,101.81,5587,5776,5776,5587,0.04799692193314231,0.04799692193314239
3719,106.-90,5589,5776,5776,5589,0.04748056722437727,0.04748056722437731
3720,106.90,5591,5776,5776,5591,0.046964397257908935,0.046964397257909
3721,16.0,5593,5776,5776,5593,0.04644841190159008,0.04644841190159006
3722,2.-3,5595,5776,5776,5595,0.04593261102341471,0.045932611023414754
3723,2.-5,5597,5776,5776,5597,0.04541699449151852,0.04541699449151849
3724,2.-7,5599,5776,5776,5599,0.04490156217417839,0.04490156217417838
3725,2.-9,5601,5776,5776,5601,0.04438631393981282,0.04438631393981277
3726,2.3,5603,5776,5776,5603,0.04387124965698074,0.043871249656980846
3727,2.5,295,304,304,295,0.043356369194381815,0.043356369194381836
3728,2.7,5607,5776,5776,5607,0.042841672420856736,0.04284167242085678
3729,2.9,5609,5776,5776,5609,0.042327159205386024,0.04232715920538589
3730,20.0,5611,5776,5776,5611,0.04181282941709049,0.041812829417090316
3731,23.-29,11223,11552,11552,11223,0.0416842756151886,0.04168427561518844
3732,23.-37,22447,23104,23104,22447,0.04162000300960957,0.041620003009609524
3733,23.29,22449,23104,23104,22449,0.04149146638792017,0.04149146638792017
3734,23.37,11225,11552,11552,11225,0.04142720237129933,0.041427202371299335
3735,25.-5,591,608,608,591,0.04091319326605307,0.04091319326605291
3736,25.0,11233,11552,11552,11233,0.04039936722878513,0.04039936722878521
3737,25.5,11237,11552,11552,11237,0.039885724129139856,0.03988572412913993
3738,3.-1,11241,11552,11552,11241,0.03937226383690127,0.03937226383690112
3739,3.-2,11245,11552,11552,11245,0.038858986221991895,0.03885898622199177
3740,3.-4,11249,11552,11552,11249,0.038345891154473025,0.038345891154473066
3741,3.-5,11253,11552,11552,11253,0.037832978504545055,0.037832978504545166
3742,3.-8,11257,11552,11552,11257,0.03732024814254627,0.03732024814254613
3743,3.1,11261,11552,11552,11261,0.036807699938953296,0.03680769993895332
3744,3.2,11265,11552,11552,11265,0.03629533376438063,0.03629533376438075
3745,3.4,11269,11552,11552,11269,0.035783149489581036,0.03578314948958114
3746,3.5,11273,11552,11552,11273,0.035271146985444396,0.035271146985444486
3747,3.8,11277,11552,11552,11277,0.034759326122998015,0.03475932612299822
3748,30.-35,22555,23104,23104,22555,0.03469536128045556,0.0346953612804555
3749,30.0,22563,23104,23104,22563,0.03418374461091943,0.03418374461091947
3750,30.35,5641,5776,5776,5641,0.034119805282307854,0.03411980528230806
3751,35.-30,22565,23104,23104,22565,0.03405586878732132,0.03405586878732127
3752,35.30,11283,11552,11552,11283,0.03399193512570853,0.033991935125708306
3753,37.-12,11287,11552,11552,11287,0.03348056780413336,0.03348056780413346
3754,37.12,11291,11552,11552,11291,0.032969381673924214,0.032969381673924075
3755,4.-3,11295,11552,11552,11295,0.03245837660672433,0.0324583766067243
3756,4.-7,11299,11552,11552,11299,0.0319475524743133,0.031947552474313426
3757,4.-9,11303,11552,11552,11303,0.031436909148607355,0.03143690914860729
3758,4.3,11307,11552,11552,11307,0.03092644650165819,0.030926446501658104
3759,4.7,11311,11552,11552,11311,0.03041616440565344,0.030416164405653336
3760,4.9,11315,11552,11552,11315,0.02990606273291615,0.029906062732916176
3761,41.-37,2829,2888,2888,2829,0.02977856549091832,0.029778565490918202
3762,41.-40,1415,1444,1444,1415,0.02926868916792628,0.029268689167926274
3763,41.37,11321,11552,11552,11321,0.02914124823847728,0.029141248238477403
3764,41.40,11325,11552,11552,11325,0.028631597066211184,0.028631597066211083
3765,47.-37,22651,23104,23104,22651,0.0285679033269506,0.028567903326950646
3766,47.37,5663,5776,5776,5663,0.02850421239958926,0.028504212399589286
3767,49.-56,11327,11552,11552,11327,0.028376838979571918,0.028376838979572116
3768,49.0,11331,11552,11552,11331,0.02786745772584207,0.027867457725842038
3769,49.56,2833,2888,2888,2833,0.02774014050907239,0.027740140509072593
3770,5.-2,1417,1444,1444,1417,0.02723098396915245,0.02723098396915255
3771,5.-25,2835,2888,2888,2835,0.026722007057579836,0.026722007057579853
3772,5.-3,709,722,722,709,0.026213209647654945,0.02621320964765483
3773,5.-6,2837,2888,2888,2837,0.025704591612812022,0.02570459161281196
3774,5.-8,1419,1444,1444,1419,0.025196152826619612,0.025196152826619685
3775,5.-9,2839,2888,2888,2839,0.024687893162779403,0.02468789316277928
3776,5.2,355,361,361,355,0.024179812495126508,0.024179812495126546
3777,5.25,2841,2888,2888,2841,0.023671910697629788,0.023671910697629733
3778,5.3,1421,1444,1444,1421,0.023164187644390672,0.023164187644390603
3779,5.6,2843,2888,2888,2843,0.02265664320964363,0.022656643209643595
3780,5.8,711,722,722,711,0.02214927726775565,0.022149277267755643
3781,5.9,2845,2888,2888,2845,0.021642089693226715,0.021642089693226597
3782,56.-49,599,608,608,599,0.021515320654799795,0.021515320654799743
3783,56.49,5691,5776,5776,5691,0.021388562754539073,0.021388562754538987
3784,6.-1,5693,5776,5776,5693,0.020881642496024706,0.020881642496024838
3785,6.-5,5695,5776,5776,5695,0.020374900291696824,0.02037490029169687
3786,6.-7,5697,5776,5776,5697,0.01986833601651738,0.019868336016517166
3787,6.-8,5699,5776,5776,5699,0.01936194954557982,0.019361949545579984
3788,6.1,5701,5776,5776,5701,0.018855740754109552,0.018855740754109614
3789,6.5,5703,5776,5776,5703,0.018349709517462804,0.018349709517462738
3790,6.7,5705,5776,5776,5705,0.01784385571112691,0.017843855711126923
3791,6.8,5707,5776,5776,5707,0.017338179210720617,0.017338179210720735
3792,65.0,5709,5776,5776,5709,0.016832679891992938,0.016832679891992896
3793,7.-1,5711,5776,5776,5711,0.0163273576308236,0.016327357630823644
3794,7.-4,5713,5776,5776,5713,0.01582221230322255,0.01582221230322261
3795,7.-6,5715,5776,5776,5715,0.015317243785330418,0.015317243785330508
3796,7.-9,5717,5776,5776,5717,0.014812451953417361,0.014812451953417332
3797,7.1,301,304,304,301,0.014307836683883371,0.014307836683883381
3798,7.4,5721,5776,5776,5721,0.013803397853258568,0.013803397853258743
3799,7.6,5723,5776,5776,5723,0.013299135338202064,0.013299135338202098
3800,7.9,5725,5776,5776,5725,0.012795049015502413,0.012795049015502402
3801,72.-97,2863,2888,2888,2863,0.012543071887818058,0.012543071887818035
3802,72.97,5727,5776,5776,5727,0.01229113876207712,0.012291138762077066
3803,8.-1,5729,5776,5776,5729,0.011787404454973102,0.011787404454973005
3804,8.-3,5731,5776,5776,5731,0.011283845971365536,0.011283845971365438
3805,8.-5,5733,5776,5776,5733,0.010780463188558327,0.010780463188558301
3806,8.-6,5735,5776,5776,5735,0.01027725598398361,0.010277255983983689
3807,8.1,5737,5776,5776,5737,0.009774224235202212,0.009774224235202248
3808,8.3,5739,5776,5776,5739,0.009271367819902503,0.009271367819902312
3809,8.5,5741,5776,5776,5741,0.008768686615900708,0.008768686615900929
3810,8.6,5743,5776,5776,5743,0.00826618050114121,0.008266180501141071
3811,81.0,2873,2888,2888,2873,0.0075127493546472265,0.007512749354647109
3812,85.-84,1437,1444,1444,1437,0.007010680429834576,0.007010680429834612
3813,85.84,2875,2888,2888,2875,0.00650878616807113,0.006508786168071174
3814,9.-1,719,722,722,719,0.006007066447873123,0.006007066447873142
3815,9.-2,2877,2888,2888,2877,0.00550552114788397,0.005505521147884136
3816,9.-4,1439,1444,1444,1439,0.005004150146873127,0.005004150146873201
3817,9.-61,2879,2888,2888,2879,0.004502953323736558,0.004502953323736469
3818,9.-7,360,361,361,360,0.004001930557496238,0.004001930557496263
3819,9.1,2881,2888,2888,2881,0.0035010817273006226,0.003501081727300522
3820,9.2,1441,1444,1444,1441,0.003000406712423504,0.003000406712423501
3821,9.4,2883,2888,2888,2883,0.0024999053922643245,0.0024999053922642317
3822,9.61,721,722,722,721,0.00199957764634848,0.0019995776463484984
3823,9.7,2885,2888,2888,2885,0.0014994233543261836,0.0014994233543260173
3824,90.-106,5771,5776,5776,5771,0.0012494112159499964,0.0012494112159501386
3825,90.106,1443,1444,1444,1443,0.0009994423959729345,0.0009994423959727306
3826,97.-72,2887,2888,2888,2887,0.0004996346511890232,0.0004996346511889401
3827,97.72,1,1,1,1,-0.0,0.0
