feature_id,feature_value,Nz,Ez
at_projections,"-1.-1.-1.2",2015232,47600
at_projections,"-1.-1.-13.23",32768,3386
at_projections,"-1.-1.-17.30",65536,3000
at_projections,"-1.-1.-21.37",32768,1696
at_projections,"-1.-1.-25.44",32768,2688
at_projections,"-1.-1.-5.9",360448,6720
at_projections,"-1.-1.-9.16",114688,8326
at_projections,"-1.-1.23.-40",32768,2496
at_projections,"-1.-1.3.-5",458752,8928
at_projections,"-1.-1.7.-12",163840,9248
at_projections,"-1.-10.-11.24",65536,256
at_projections,"-1.-10.-15.31",131072,3712
at_projections,"-1.-10.-19.38",98304,0
at_projections,"-1.-10.-3.10",131072,6524
at_projections,"-1.-10.-7.17",16384,816
at_projections,"-1.-10.1.3",1064960,37360
at_projections,"-1.-10.13.-18",344064,5360
at_projections,"-1.-10.17.-25",393216,2816
at_projections,"-1.-10.21.-32",16384,1776
at_projections,"-1.-10.29.-46",32768,1536
at_projections,"-1.-10.5.-4",147456,15276
at_projections,"-1.-10.9.-11",114688,8326
at_projections,"-1.-11.-1.7",950272,33926
at_projections,"-1.-11.-13.28",65536,0
at_projections,"-1.-11.-17.35",131072,3584
at_projections,"-1.-11.-5.14",98304,6406
at_projections,"-1.-11.11.-14",114688,9792
at_projections,"-1.-11.15.-21",344064,7744
at_projections,"-1.-11.19.-28",163840,4800
at_projections,"-1.-11.3.0",131072,10312
at_projections,"-1.-11.7.-7",131072,9540
at_projections,"-1.-12.-15.32",65536,2048
at_projections,"-1.-12.-3.11",16384,2784
at_projections,"-1.-12.-7.18",65536,6936
at_projections,"-1.-12.1.4",950272,33926
at_projections,"-1.-12.13.-17",98304,5088
at_projections,"-1.-12.17.-24",425984,2768
at_projections,"-1.-12.21.-31",98304,4104
at_projections,"-1.-12.5.-3",114688,6896
at_projections,"-1.-12.9.-10",49152,3696
at_projections,"-1.-13.-1.8",851968,28896
at_projections,"-1.-13.-17.36",98304,2112
at_projections,"-1.-13.-5.15",65536,5242
at_projections,"-1.-13.-9.22",16384,1728
at_projections,"-1.-13.11.-13",49152,4518
at_projections,"-1.-13.15.-20",98304,4904
at_projections,"-1.-13.19.-27",311296,6958
at_projections,"-1.-13.23.-34",65536,1024
at_projections,"-1.-13.3.1",131072,6524
at_projections,"-1.-13.31.-48",32768,3934
at_projections,"-1.-13.7.-6",131072,6912
at_projections,"-1.-14.-7.19",98304,10240
at_projections,"-1.-14.1.5",851968,28896
at_projections,"-1.-14.13.-16",32768,3386
at_projections,"-1.-14.17.-23",98304,4800
at_projections,"-1.-14.21.-30",81920,3294
at_projections,"-1.-14.25.-37",65536,256
at_projections,"-1.-14.5.-2",65536,3680
at_projections,"-1.-14.9.-9",65536,0
at_projections,"-1.-15.-1.9",786432,26000
at_projections,"-1.-15.-5.16",16384,1920
at_projections,"-1.-15.-9.23",65536,4544
at_projections,"-1.-15.15.-19",32768,3264
at_projections,"-1.-15.19.-26",32768,3048
at_projections,"-1.-15.23.-33",65536,0
at_projections,"-1.-15.27.-40",65536,512
at_projections,"-1.-15.3.2",16384,2784
at_projections,"-1.-15.7.-5",65536,2304
at_projections,"-1.-16.-15.34",32768,3600
at_projections,"-1.-16.-7.20",65536,8080
at_projections,"-1.-16.1.6",786432,26000
at_projections,"-1.-16.13.-15",16384,3284
at_projections,"-1.-16.17.-22",16384,1500
at_projections,"-1.-16.25.-36",65536,512
at_projections,"-1.-16.29.-43",65536,2048
at_projections,"-1.-16.33.-50",32768,1744
at_projections,"-1.-16.5.-1",98304,6406
at_projections,"-1.-16.9.-8",131072,2304
at_projections,"-1.-17.-1.10",720896,15616
at_projections,"-1.-17.-9.24",81920,6044
at_projections,"-1.-17.11.-11",65536,0
at_projections,"-1.-17.15.-18",16384,2240
at_projections,"-1.-17.27.-39",65536,0
at_projections,"-1.-17.31.-46",65536,2816
at_projections,"-1.-17.7.-4",16384,816
at_projections,"-1.-18.-7.21",49152,4676
at_projections,"-1.-18.1.7",720896,15616
at_projections,"-1.-18.17.-21",65536,3000
at_projections,"-1.-18.29.-42",65536,0
at_projections,"-1.-18.33.-49",65536,3560
at_projections,"-1.-18.5.0",65536,5242
at_projections,"-1.-18.9.-7",65536,0
at_projections,"-1.-19.-1.11",688128,15856
at_projections,"-1.-19.-13.32",32768,2496
at_projections,"-1.-19.-9.25",32768,4172
at_projections,"-1.-19.11.-10",131072,0
at_projections,"-1.-19.19.-24",16384,2208
at_projections,"-1.-19.31.-45",65536,2528
at_projections,"-1.-19.35.-52",98304,0
at_projections,"-1.-19.7.-3",65536,6936
at_projections,"-1.-2.-11.20",49152,4518
at_projections,"-1.-2.-15.27",16384,2240
at_projections,"-1.-2.-19.34",32768,3804
at_projections,"-1.-2.-3.6",425984,0
at_projections,"-1.-2.-7.13",131072,6592
at_projections,"-1.-2.1.-1",2015232,47600
at_projections,"-1.-2.5.-8",360448,3360
at_projections,"-1.-2.9.-15",114688,7312
at_projections,"-1.-20.1.8",688128,15856
at_projections,"-1.-20.13.-13",65536,0
at_projections,"-1.-20.21.-27",16384,1216
at_projections,"-1.-20.33.-48",65536,2816
at_projections,"-1.-20.5.1",16384,1920
at_projections,"-1.-21.-1.12",622592,16264
at_projections,"-1.-21.-5.19",65536,6300
at_projections,"-1.-21.11.-9",65536,256
at_projections,"-1.-21.19.-23",32768,3804
at_projections,"-1.-21.35.-51",98304,5248
at_projections,"-1.-21.7.-2",98304,10240
at_projections,"-1.-22.-11.30",32768,0
at_projections,"-1.-22.-3.16",16384,1818
at_projections,"-1.-22.1.9",622592,16264
at_projections,"-1.-22.13.-12",131072,2300
at_projections,"-1.-22.21.-26",32768,1696
at_projections,"-1.-22.33.-47",32768,3768
at_projections,"-1.-22.9.-5",16384,1728
at_projections,"-1.-23.-1.13",540672,30968
at_projections,"-1.-23.15.-15",65536,1496
at_projections,"-1.-23.23.-29",32768,608
at_projections,"-1.-23.31.-43",32768,1360
at_projections,"-1.-23.7.-1",65536,8080
at_projections,"-1.-24.-3.17",65536,10886
at_projections,"-1.-24.-7.24",16384,2038
at_projections,"-1.-24.1.10",540672,30968
at_projections,"-1.-24.13.-11",65536,0
at_projections,"-1.-24.29.-39",32768,0
at_projections,"-1.-24.9.-4",65536,4544
at_projections,"-1.-25.-1.14",524288,27720
at_projections,"-1.-25.-5.21",65536,5288
at_projections,"-1.-25.-9.28",32768,0
at_projections,"-1.-25.15.-14",131072,3712
at_projections,"-1.-25.27.-35",32768,128
at_projections,"-1.-25.3.7",16384,1818
at_projections,"-1.-25.7.0",49152,4676
at_projections,"-1.-26.-3.18",16384,2304
at_projections,"-1.-26.1.11",524288,27720
at_projections,"-1.-26.17.-17",65536,1920
at_projections,"-1.-26.25.-31",32768,2688
at_projections,"-1.-26.5.4",65536,6300
at_projections,"-1.-26.9.-3",81920,6044
at_projections,"-1.-27.-1.15",409600,7500
at_projections,"-1.-27.15.-13",65536,2048
at_projections,"-1.-27.23.-27",32768,2688
at_projections,"-1.-27.3.8",65536,10886
at_projections,"-1.-28.-7.26",32768,1536
at_projections,"-1.-28.1.12",409600,7500
at_projections,"-1.-28.17.-16",131072,3584
at_projections,"-1.-28.21.-23",32768,192
at_projections,"-1.-28.9.-2",32768,4172
at_projections,"-1.-29.-1.16",327680,5376
at_projections,"-1.-29.19.-19",98304,0
at_projections,"-1.-29.3.9",16384,2304
at_projections,"-1.-3.-1.3",1933312,44072
at_projections,"-1.-3.-13.24",16384,3284
at_projections,"-1.-3.-5.10",147456,7765
at_projections,"-1.-3.-9.17",49152,3696
at_projections,"-1.-3.11.-18",81920,6102
at_projections,"-1.-3.15.-25",32768,3360
at_projections,"-1.-3.19.-32",16384,832
at_projections,"-1.-3.3.-4",606208,10912
at_projections,"-1.-3.7.-11",311296,5388
at_projections,"-1.-30.1.13",327680,5376
at_projections,"-1.-30.17.-15",98304,2112
at_projections,"-1.-30.5.6",65536,5288
at_projections,"-1.-31.-1.17",262144,5360
at_projections,"-1.-31.-5.24",32768,3934
at_projections,"-1.-31.15.-11",32768,3600
at_projections,"-1.-31.7.3",16384,2038
at_projections,"-1.-32.1.14",262144,5360
at_projections,"-1.-32.13.-7",32768,2496
at_projections,"-1.-33.-1.18",196608,11748
at_projections,"-1.-33.11.-3",32768,0
at_projections,"-1.-34.-3.22",32768,1744
at_projections,"-1.-34.1.15",196608,11748
at_projections,"-1.-34.9.1",32768,0
at_projections,"-1.-35.-1.19",131072,5632
at_projections,"-1.-35.7.5",32768,1536
at_projections,"-1.-36.1.16",131072,5632
at_projections,"-1.-36.5.9",32768,3934
at_projections,"-1.-37.-1.20",98304,0
at_projections,"-1.-37.3.13",32768,1744
at_projections,"-1.-38.1.17",98304,0
at_projections,"-1.-4.-23.42",32768,2688
at_projections,"-1.-4.-3.7",229376,13608
at_projections,"-1.-4.-7.14",131072,9540
at_projections,"-1.-4.1.0",1933312,44072
at_projections,"-1.-4.13.-21",131072,9080
at_projections,"-1.-4.17.-28",32768,1770
at_projections,"-1.-4.21.-35",16384,856
at_projections,"-1.-4.25.-42",32768,0
at_projections,"-1.-4.5.-7",475136,8992
at_projections,"-1.-4.9.-14",311296,5824
at_projections,"-1.-5.-1.4",1359872,70237
at_projections,"-1.-5.-5.11",147456,15276
at_projections,"-1.-5.-9.18",65536,0
at_projections,"-1.-5.11.-17",360448,6808
at_projections,"-1.-5.15.-24",81920,2944
at_projections,"-1.-5.19.-31",32768,1582
at_projections,"-1.-5.23.-38",65536,512
at_projections,"-1.-5.3.-3",425984,0
at_projections,"-1.-5.7.-10",475136,9416
at_projections,"-1.-6.-11.22",65536,0
at_projections,"-1.-6.-3.8",147456,9600
at_projections,"-1.-6.-7.15",131072,6912
at_projections,"-1.-6.1.1",1359872,70237
at_projections,"-1.-6.13.-20",278528,1500
at_projections,"-1.-6.17.-27",16384,1728
at_projections,"-1.-6.21.-34",32768,1890
at_projections,"-1.-6.5.-6",360448,6720
at_projections,"-1.-6.9.-13",458752,9584
at_projections,"-1.-7.-1.5",1114112,56000
at_projections,"-1.-7.-13.26",65536,0
at_projections,"-1.-7.-21.40",32768,192
at_projections,"-1.-7.-5.12",114688,6896
at_projections,"-1.-7.-9.19",131072,2304
at_projections,"-1.-7.11.-16",458752,8560
at_projections,"-1.-7.15.-23",262144,0
at_projections,"-1.-7.27.-44",32768,0
at_projections,"-1.-7.3.-2",229376,13608
at_projections,"-1.-7.7.-9",327680,3328
at_projections,"-1.-8.-11.23",131072,0
at_projections,"-1.-8.-15.30",65536,1496
at_projections,"-1.-8.-3.9",131072,10312
at_projections,"-1.-8.-7.16",65536,2304
at_projections,"-1.-8.1.2",1114112,56000
at_projections,"-1.-8.13.-19",491520,13792
at_projections,"-1.-8.17.-26",131072,0
at_projections,"-1.-8.5.-5",147456,7765
at_projections,"-1.-8.9.-12",327680,4000
at_projections,"-1.-9.-1.6",1064960,37360
at_projections,"-1.-9.-13.27",131072,2300
at_projections,"-1.-9.-17.34",65536,1920
at_projections,"-1.-9.-5.13",65536,3680
at_projections,"-1.-9.-9.20",65536,0
at_projections,"-1.-9.11.-15",327680,5928
at_projections,"-1.-9.15.-22",491520,6656
at_projections,"-1.-9.3.-1",147456,9600
at_projections,"-1.-9.7.-8",131072,6592
at_projections,"-1.0.-11.19",114688,9792
at_projections,"-1.0.-15.26",32768,3264
at_projections,"-1.0.-19.33",16384,2208
at_projections,"-1.0.-23.40",32768,608
at_projections,"-1.0.-3.5",606208,10912
at_projections,"-1.0.-7.12",327680,3328
at_projections,"-1.0.1.-2",1507328,38128
at_projections,"-1.0.5.-9",245760,21978
at_projections,"-1.0.9.-16",65536,2304
at_projections,"-1.1.-1.1",1507328,38128
at_projections,"-1.1.-13.22",98304,5088
at_projections,"-1.1.-17.29",16384,1500
at_projections,"-1.1.-21.36",16384,1216
at_projections,"-1.1.-5.8",475136,8992
at_projections,"-1.1.-9.15",327680,4000
at_projections,"-1.1.11.-20",65536,0
at_projections,"-1.1.3.-6",262144,18661
at_projections,"-1.1.7.-13",131072,10428
at_projections,"-1.10.-15.21",81920,2944
at_projections,"-1.10.-23.35",65536,1024
at_projections,"-1.10.-27.42",65536,0
at_projections,"-1.10.-7.7",81920,1644
at_projections,"-1.10.1.-7",786432,32616
at_projections,"-1.10.9.-21",81920,5058
at_projections,"-1.11.-1.-4",786432,32616
at_projections,"-1.11.-17.24",16384,1728
at_projections,"-1.11.-21.31",16384,1776
at_projections,"-1.11.-25.38",65536,256
at_projections,"-1.11.-29.45",65536,0
at_projections,"-1.11.-33.52",32768,3768
at_projections,"-1.11.-5.3",65536,3616
at_projections,"-1.11.-9.10",131072,0
at_projections,"-1.11.15.-32",32768,192
at_projections,"-1.11.7.-18",16384,2178
at_projections,"-1.12.-11.13",65536,0
at_projections,"-1.12.-15.20",32768,3360
at_projections,"-1.12.-27.41",65536,512
at_projections,"-1.12.-31.48",65536,2528
at_projections,"-1.12.-7.6",65536,5572
at_projections,"-1.12.1.-8",720896,45408
at_projections,"-1.12.9.-22",98304,768
at_projections,"-1.13.-1.-5",720896,45408
at_projections,"-1.13.-17.23",32768,1770
at_projections,"-1.13.-29.44",65536,2048
at_projections,"-1.13.-33.51",65536,2816
at_projections,"-1.13.-5.2",16384,1536
at_projections,"-1.13.-9.9",65536,0
at_projections,"-1.13.7.-19",16384,1152
at_projections,"-1.14.-11.12",131072,256
at_projections,"-1.14.-19.26",32768,1582
at_projections,"-1.14.-31.47",65536,2816
at_projections,"-1.14.-35.54",98304,5248
at_projections,"-1.14.-7.5",98304,10046
at_projections,"-1.14.1.-9",688128,39944
at_projections,"-1.14.13.-30",32768,2688
at_projections,"-1.14.5.-16",16384,1608
at_projections,"-1.15.-1.-6",688128,39944
at_projections,"-1.15.-13.15",65536,256
at_projections,"-1.15.-21.29",32768,1890
at_projections,"-1.15.-33.50",65536,3560
at_projections,"-1.15.-9.8",16384,1920
at_projections,"-1.15.7.-20",32768,1264
at_projections,"-1.16.-11.11",65536,0
at_projections,"-1.16.-19.25",16384,832
at_projections,"-1.16.-35.53",98304,0
at_projections,"-1.16.-7.4",65536,10624
at_projections,"-1.16.1.-10",622592,24480
at_projections,"-1.16.5.-17",32768,2376
at_projections,"-1.17.-1.-7",622592,24480
at_projections,"-1.17.-13.14",131072,512
at_projections,"-1.17.-21.28",16384,856
at_projections,"-1.17.-33.49",32768,1744
at_projections,"-1.17.-9.7",65536,7258
at_projections,"-1.17.11.-28",32768,2688
at_projections,"-1.17.3.-14",32768,3128
at_projections,"-1.18.-15.17",65536,0
at_projections,"-1.18.-23.31",65536,512
at_projections,"-1.18.-31.45",32768,3934
at_projections,"-1.18.-7.3",16384,2178
at_projections,"-1.18.1.-11",557056,25632
at_projections,"-1.18.5.-18",16384,2016
at_projections,"-1.19.-1.-8",557056,25632
at_projections,"-1.19.-13.13",65536,1536
at_projections,"-1.19.-29.41",32768,1536
at_projections,"-1.19.-5.-1",16384,1608
at_projections,"-1.19.-9.6",81920,5058
at_projections,"-1.19.3.-15",32768,4032
at_projections,"-1.2.-11.18",327680,5928
at_projections,"-1.2.-15.25",98304,4904
at_projections,"-1.2.-27.46",32768,128
at_projections,"-1.2.-3.4",458752,8928
at_projections,"-1.2.-7.11",475136,9416
at_projections,"-1.2.1.-3",1130496,76281
at_projections,"-1.2.13.-24",65536,256
at_projections,"-1.2.21.-38",32768,3612
at_projections,"-1.2.5.-10",147456,12254
at_projections,"-1.2.9.-17",131072,0
at_projections,"-1.20.-11.9",32768,1544
at_projections,"-1.20.-15.16",131072,5280
at_projections,"-1.20.-27.37",32768,0
at_projections,"-1.20.-3.-5",32768,3128
at_projections,"-1.20.-7.2",16384,1152
at_projections,"-1.20.1.-12",540672,29822
at_projections,"-1.20.5.-19",32768,1536
at_projections,"-1.20.9.-26",32768,128
at_projections,"-1.21.-1.-9",540672,29822
at_projections,"-1.21.-17.19",65536,2048
at_projections,"-1.21.-25.33",32768,0
at_projections,"-1.21.-5.-2",32768,2376
at_projections,"-1.21.-9.5",98304,768
at_projections,"-1.21.3.-16",32768,3028
at_projections,"-1.22.-15.15",65536,1920
at_projections,"-1.22.-23.29",32768,2496
at_projections,"-1.22.-3.-6",32768,4032
at_projections,"-1.22.-7.1",32768,1264
at_projections,"-1.22.1.-13",393216,17092
at_projections,"-1.23.-1.-10",393216,17092
at_projections,"-1.23.-17.18",131072,4536
at_projections,"-1.23.-21.25",32768,3612
at_projections,"-1.23.-5.-3",16384,2016
at_projections,"-1.23.7.-24",32768,0
at_projections,"-1.24.-19.21",98304,2112
at_projections,"-1.24.-3.-7",32768,3028
at_projections,"-1.24.1.-14",327680,11008
at_projections,"-1.25.-1.-11",327680,11008
at_projections,"-1.25.-17.17",98304,0
at_projections,"-1.25.-5.-4",32768,1536
at_projections,"-1.26.-15.13",32768,192
at_projections,"-1.26.1.-15",262144,11008
at_projections,"-1.26.5.-22",32768,1360
at_projections,"-1.27.-1.-12",262144,11008
at_projections,"-1.27.-13.9",32768,2688
at_projections,"-1.28.-11.5",32768,2688
at_projections,"-1.28.1.-16",196608,8608
at_projections,"-1.29.-1.-13",196608,8608
at_projections,"-1.29.-9.1",32768,128
at_projections,"-1.29.3.-20",32768,3768
at_projections,"-1.3.-1.0",1130496,76281
at_projections,"-1.3.-13.21",344064,5360
at_projections,"-1.3.-17.28",98304,4800
at_projections,"-1.3.-5.7",360448,3360
at_projections,"-1.3.-9.14",458752,9584
at_projections,"-1.3.11.-21",131072,256
at_projections,"-1.3.15.-28",65536,0
at_projections,"-1.3.3.-7",98304,9285
at_projections,"-1.3.7.-14",81920,1644
at_projections,"-1.30.-7.-3",32768,0
at_projections,"-1.30.1.-17",131072,11536
at_projections,"-1.31.-1.-14",131072,11536
at_projections,"-1.31.-5.-7",32768,1360
at_projections,"-1.32.-3.-11",32768,3768
at_projections,"-1.32.1.-18",98304,6784
at_projections,"-1.33.-1.-15",98304,6784
at_projections,"-1.4.-11.17",458752,8560
at_projections,"-1.4.-15.24",344064,7744
at_projections,"-1.4.-19.31",32768,3048
at_projections,"-1.4.-3.3",262144,18661
at_projections,"-1.4.-7.10",311296,5388
at_projections,"-1.4.1.-4",1064960,76876
at_projections,"-1.4.13.-25",131072,512
at_projections,"-1.4.17.-32",65536,2048
at_projections,"-1.4.5.-11",131072,5460
at_projections,"-1.4.9.-18",65536,0
at_projections,"-1.5.-1.-1",1064960,76876
at_projections,"-1.5.-13.20",491520,13792
at_projections,"-1.5.-17.27",425984,2768
at_projections,"-1.5.-29.48",32768,0
at_projections,"-1.5.-5.6",245760,21978
at_projections,"-1.5.-9.13",311296,5824
at_projections,"-1.5.11.-22",65536,0
at_projections,"-1.5.15.-29",131072,5280
at_projections,"-1.5.19.-36",98304,2112
at_projections,"-1.5.3.-8",49152,1920
at_projections,"-1.5.7.-15",65536,5572
at_projections,"-1.6.-11.16",360448,6808
at_projections,"-1.6.-15.23",491520,6656
at_projections,"-1.6.-19.30",311296,6958
at_projections,"-1.6.-3.2",98304,9285
at_projections,"-1.6.-7.9",163840,9248
at_projections,"-1.6.1.-5",950272,38128
at_projections,"-1.6.13.-26",65536,1536
at_projections,"-1.6.17.-33",131072,4536
at_projections,"-1.6.5.-12",65536,3616
at_projections,"-1.6.9.-19",16384,1920
at_projections,"-1.7.-1.-2",950272,38128
at_projections,"-1.7.-13.19",278528,1500
at_projections,"-1.7.-17.26",393216,2816
at_projections,"-1.7.-21.33",81920,3294
at_projections,"-1.7.-5.5",147456,12254
at_projections,"-1.7.-9.12",114688,7312
at_projections,"-1.7.15.-30",65536,1920
at_projections,"-1.7.7.-16",98304,10046
at_projections,"-1.8.-11.15",81920,6102
at_projections,"-1.8.-15.22",262144,0
at_projections,"-1.8.-19.29",163840,4800
at_projections,"-1.8.-23.36",65536,0
at_projections,"-1.8.-3.1",49152,1920
at_projections,"-1.8.-31.50",32768,1360
at_projections,"-1.8.-7.8",131072,10428
at_projections,"-1.8.1.-6",851968,34120
at_projections,"-1.8.17.-34",98304,0
at_projections,"-1.8.5.-13",16384,1536
at_projections,"-1.8.9.-20",65536,7258
at_projections,"-1.9.-1.-3",851968,34120
at_projections,"-1.9.-13.18",131072,9080
at_projections,"-1.9.-17.25",131072,0
at_projections,"-1.9.-21.32",98304,4104
at_projections,"-1.9.-25.39",65536,512
at_projections,"-1.9.-5.4",131072,5460
at_projections,"-1.9.-9.11",65536,2304
at_projections,"-1.9.11.-24",32768,1544
at_projections,"-1.9.7.-17",65536,10624
at_projections,"-10.-1.-16.26",147456,5274
at_projections,"-10.-1.-20.33",32768,2944
at_projections,"-10.-1.-24.40",16384,2112
at_projections,"-10.-10.-10.20",245760,4248
at_projections,"-10.-10.-18.34",16384,788
at_projections,"-10.-10.-2.6",65536,2048
at_projections,"-10.-10.-6.13",262144,0
at_projections,"-10.-10.6.-8",32768,0
at_projections,"-10.-11.-16.31",16384,1092
at_projections,"-10.-11.-24.45",65536,2048
at_projections,"-10.-11.-4.10",262144,0
at_projections,"-10.-11.-8.17",425984,6860
at_projections,"-10.-11.0.3",65536,2048
at_projections,"-10.-11.8.-11",32768,256
at_projections,"-10.-12.-10.21",212992,2368
at_projections,"-10.-12.-18.35",32768,1344
at_projections,"-10.-12.-2.7",262144,0
at_projections,"-10.-12.-26.49",131072,0
at_projections,"-10.-12.-6.14",393216,4096
at_projections,"-10.-12.10.-14",98304,1844
at_projections,"-10.-12.2.0",65536,2048
at_projections,"-10.-13.-16.32",32768,1200
at_projections,"-10.-13.-20.39",32768,2464
at_projections,"-10.-13.-24.46",81920,4948
at_projections,"-10.-13.-4.11",393216,4096
at_projections,"-10.-13.-8.18",442368,4661
at_projections,"-10.-13.0.4",262144,0
at_projections,"-10.-13.4.-3",65536,2048
at_projections,"-10.-13.8.-10",16384,1527
at_projections,"-10.-14.-10.22",65536,2048
at_projections,"-10.-14.-14.29",32768,2280
at_projections,"-10.-14.-2.8",393216,4096
at_projections,"-10.-14.-22.43",147456,4944
at_projections,"-10.-14.-6.15",327680,5760
at_projections,"-10.-14.10.-13",16384,1588
at_projections,"-10.-14.2.1",262144,0
at_projections,"-10.-14.6.-6",65536,2048
at_projections,"-10.-15.-12.26",32768,2496
at_projections,"-10.-15.-16.33",32768,1664
at_projections,"-10.-15.-20.40",65536,5488
at_projections,"-10.-15.-24.47",32768,2432
at_projections,"-10.-15.-4.12",262144,0
at_projections,"-10.-15.-8.19",147456,7655
at_projections,"-10.-15.0.5",393216,4096
at_projections,"-10.-15.12.-16",65536,5096
at_projections,"-10.-15.16.-23",65536,2560
at_projections,"-10.-15.4.-2",262144,0
at_projections,"-10.-16.-14.30",16384,1866
at_projections,"-10.-16.-18.37",131072,2048
at_projections,"-10.-16.-2.9",262144,0
at_projections,"-10.-16.-22.44",32768,4016
at_projections,"-10.-16.-6.16",212992,9813
at_projections,"-10.-16.14.-19",81920,6701
at_projections,"-10.-16.18.-26",131072,0
at_projections,"-10.-16.2.2",393216,4096
at_projections,"-10.-16.6.-5",262144,0
at_projections,"-10.-17.-12.27",49152,1558
at_projections,"-10.-17.-16.34",65536,3304
at_projections,"-10.-17.-20.41",32768,2432
at_projections,"-10.-17.-4.13",131072,10668
at_projections,"-10.-17.0.6",262144,0
at_projections,"-10.-17.12.-15",65536,1536
at_projections,"-10.-17.16.-22",147456,5274
at_projections,"-10.-17.4.-1",393216,4096
at_projections,"-10.-17.8.-8",147456,2124
at_projections,"-10.-18.-10.24",65536,4880
at_projections,"-10.-18.-14.31",131072,0
at_projections,"-10.-18.-2.10",65536,2048
at_projections,"-10.-18.-22.45",16384,2150
at_projections,"-10.-18.-6.17",98304,8832
at_projections,"-10.-18.10.-11",65536,314
at_projections,"-10.-18.14.-18",163840,5152
at_projections,"-10.-18.18.-25",65536,3072
at_projections,"-10.-18.2.3",262144,0
at_projections,"-10.-18.6.-4",393216,4096
at_projections,"-10.-19.-12.28",65536,384
at_projections,"-10.-19.-16.35",32768,510
at_projections,"-10.-19.-20.42",16384,3881
at_projections,"-10.-19.-4.14",131072,3584
at_projections,"-10.-19.-8.21",49152,1152
at_projections,"-10.-19.0.7",65536,2048
at_projections,"-10.-19.12.-14",131072,768
at_projections,"-10.-19.16.-21",98304,9296
at_projections,"-10.-19.4.0",262144,0
at_projections,"-10.-19.8.-7",425984,6860
at_projections,"-10.-2.-10.16",98304,1844
at_projections,"-10.-2.-14.23",81920,6701
at_projections,"-10.-2.-18.30",32768,3696
at_projections,"-10.-2.-2.2",32768,2784
at_projections,"-10.-2.-22.37",65536,3960
at_projections,"-10.-2.-26.44",49152,2128
at_projections,"-10.-2.-6.9",16384,128
at_projections,"-10.-20.-10.25",131072,0
at_projections,"-10.-20.-2.11",65536,3456
at_projections,"-10.-20.-6.18",32768,1760
at_projections,"-10.-20.10.-10",245760,4248
at_projections,"-10.-20.14.-17",65536,2920
at_projections,"-10.-20.18.-24",32768,3696
at_projections,"-10.-20.2.4",65536,2048
at_projections,"-10.-20.6.-3",327680,5760
at_projections,"-10.-21.-12.29",32768,128
at_projections,"-10.-21.-16.36",16384,2064
at_projections,"-10.-21.-20.43",32768,2736
at_projections,"-10.-21.-4.15",114688,6144
at_projections,"-10.-21.-8.22",98304,3360
at_projections,"-10.-21.12.-13",65536,1920
at_projections,"-10.-21.20.-27",32768,2944
at_projections,"-10.-21.4.1",131072,10668
at_projections,"-10.-21.8.-6",442368,4661
at_projections,"-10.-22.-14.33",65536,5824
at_projections,"-10.-22.-2.12",131072,0
at_projections,"-10.-22.-6.19",163840,2304
at_projections,"-10.-22.10.-9",212992,2368
at_projections,"-10.-22.18.-23",16384,3308
at_projections,"-10.-22.2.5",65536,3456
at_projections,"-10.-22.6.-2",212992,9813
at_projections,"-10.-23.-12.30",16384,1744
at_projections,"-10.-23.-20.44",16384,576
at_projections,"-10.-23.-4.16",131072,8872
at_projections,"-10.-23.-8.23",32768,128
at_projections,"-10.-23.0.9",163840,4284
at_projections,"-10.-23.20.-26",16384,2496
at_projections,"-10.-23.4.2",131072,3584
at_projections,"-10.-23.8.-5",147456,7655
at_projections,"-10.-24.-10.27",16384,1588
at_projections,"-10.-24.-14.34",16384,2691
at_projections,"-10.-24.-18.41",49152,1344
at_projections,"-10.-24.-2.13",294912,8960
at_projections,"-10.-24.10.-8",65536,2048
at_projections,"-10.-24.2.6",131072,0
at_projections,"-10.-24.22.-29",65536,3960
at_projections,"-10.-24.6.-1",98304,8832
at_projections,"-10.-25.-12.31",49152,7734
at_projections,"-10.-25.-16.38",32768,4256
at_projections,"-10.-25.-4.17",147456,14740
at_projections,"-10.-25.-8.24",32768,7096
at_projections,"-10.-25.0.10",458752,7504
at_projections,"-10.-25.24.-32",16384,2112
at_projections,"-10.-25.4.3",114688,6144
at_projections,"-10.-26.-10.28",98304,6724
at_projections,"-10.-26.-14.35",32768,3264
at_projections,"-10.-26.-18.42",49152,1824
at_projections,"-10.-26.-2.14",180224,5739
at_projections,"-10.-26.-6.21",98304,12104
at_projections,"-10.-26.2.7",294912,8960
at_projections,"-10.-26.6.0",32768,1760
at_projections,"-10.-27.-12.32",32768,3840
at_projections,"-10.-27.-16.39",16384,672
at_projections,"-10.-27.-4.18",163840,6496
at_projections,"-10.-27.-8.25",114688,6999
at_projections,"-10.-27.0.11",294912,16704
at_projections,"-10.-27.12.-10",32768,2496
at_projections,"-10.-27.16.-17",16384,1092
at_projections,"-10.-27.24.-31",32768,3228
at_projections,"-10.-27.4.4",131072,8872
at_projections,"-10.-27.8.-3",49152,1152
at_projections,"-10.-28.-10.29",65536,128
at_projections,"-10.-28.-18.43",16384,1887
at_projections,"-10.-28.-2.15",131072,12034
at_projections,"-10.-28.-6.22",180224,7305
at_projections,"-10.-28.10.-6",65536,4880
at_projections,"-10.-28.14.-13",32768,2280
at_projections,"-10.-28.18.-20",16384,788
at_projections,"-10.-28.2.8",180224,5739
at_projections,"-10.-28.22.-27",32768,1416
at_projections,"-10.-28.26.-34",49152,2128
at_projections,"-10.-28.6.1",163840,2304
at_projections,"-10.-29.-12.33",65536,1024
at_projections,"-10.-29.-16.40",16384,2602
at_projections,"-10.-29.-4.19",65536,5660
at_projections,"-10.-29.-8.26",147456,1296
at_projections,"-10.-29.12.-9",49152,1558
at_projections,"-10.-29.16.-16",32768,1200
at_projections,"-10.-29.20.-23",65536,1344
at_projections,"-10.-29.24.-30",32768,2016
at_projections,"-10.-29.4.5",147456,14740
at_projections,"-10.-29.8.-2",98304,3360
at_projections,"-10.-3.-12.20",65536,5096
at_projections,"-10.-3.-16.27",98304,9296
at_projections,"-10.-3.-20.34",16384,2496
at_projections,"-10.-3.-24.41",32768,3228
at_projections,"-10.-3.-4.6",16384,128
at_projections,"-10.-3.-8.13",32768,256
at_projections,"-10.-3.0.-1",65536,3448
at_projections,"-10.-30.-10.30",131072,0
at_projections,"-10.-30.-14.37",65536,3082
at_projections,"-10.-30.-2.16",16384,1608
at_projections,"-10.-30.-6.23",81920,5652
at_projections,"-10.-30.10.-5",131072,0
at_projections,"-10.-30.14.-12",16384,1866
at_projections,"-10.-30.18.-19",32768,1344
at_projections,"-10.-30.2.9",131072,12034
at_projections,"-10.-30.22.-26",16384,1010
at_projections,"-10.-30.26.-33",49152,3671
at_projections,"-10.-31.-12.34",131072,768
at_projections,"-10.-31.-16.41",98304,7188
at_projections,"-10.-31.-4.20",65536,2240
at_projections,"-10.-31.-8.27",65536,1024
at_projections,"-10.-31.0.13",32768,3144
at_projections,"-10.-31.12.-8",65536,384
at_projections,"-10.-31.16.-15",32768,1664
at_projections,"-10.-31.24.-29",16384,1710
at_projections,"-10.-31.4.6",163840,6496
at_projections,"-10.-31.8.-1",32768,128
at_projections,"-10.-32.-10.31",65536,1274
at_projections,"-10.-32.-14.38",131072,1024
at_projections,"-10.-32.-18.45",65536,1658
at_projections,"-10.-32.-2.17",16384,576
at_projections,"-10.-32.14.-11",131072,0
at_projections,"-10.-32.2.10",16384,1608
at_projections,"-10.-32.26.-32",32768,4378
at_projections,"-10.-32.6.3",98304,12104
at_projections,"-10.-33.-12.35",65536,2372
at_projections,"-10.-33.-16.42",147456,5240
at_projections,"-10.-33.0.14",98304,2688
at_projections,"-10.-33.12.-7",32768,128
at_projections,"-10.-33.16.-14",65536,3304
at_projections,"-10.-33.20.-21",32768,2464
at_projections,"-10.-33.24.-28",16384,1328
at_projections,"-10.-33.4.7",65536,5660
at_projections,"-10.-33.8.0",32768,7096
at_projections,"-10.-34.-14.39",81920,5164
at_projections,"-10.-34.-18.46",131072,0
at_projections,"-10.-34.-2.18",49152,1632
at_projections,"-10.-34.10.-3",16384,1588
at_projections,"-10.-34.18.-17",131072,2048
at_projections,"-10.-34.2.11",16384,576
at_projections,"-10.-34.26.-31",16384,1872
at_projections,"-10.-34.6.4",180224,7305
at_projections,"-10.-35.-16.43",65536,4608
at_projections,"-10.-35.0.15",32768,1472
at_projections,"-10.-35.12.-6",16384,1744
at_projections,"-10.-35.16.-13",32768,510
at_projections,"-10.-35.20.-20",65536,5488
at_projections,"-10.-35.24.-27",65536,2048
at_projections,"-10.-35.4.8",65536,2240
at_projections,"-10.-35.8.1",114688,6999
at_projections,"-10.-36.-14.40",32768,512
at_projections,"-10.-36.-2.19",32768,4298
at_projections,"-10.-36.10.-2",98304,6724
at_projections,"-10.-36.14.-9",65536,5824
at_projections,"-10.-36.2.12",49152,1632
at_projections,"-10.-36.22.-23",147456,4944
at_projections,"-10.-36.6.5",81920,5652
at_projections,"-10.-37.-4.23",16384,2451
at_projections,"-10.-37.12.-5",49152,7734
at_projections,"-10.-37.16.-12",16384,2064
at_projections,"-10.-37.20.-19",32768,2432
at_projections,"-10.-37.24.-26",81920,4948
at_projections,"-10.-37.8.2",147456,1296
at_projections,"-10.-38.-10.34",65536,0
at_projections,"-10.-38.-14.41",16384,824
at_projections,"-10.-38.-2.20",16384,2992
at_projections,"-10.-38.10.-1",65536,128
at_projections,"-10.-38.14.-8",16384,2691
at_projections,"-10.-38.2.13",32768,4298
at_projections,"-10.-38.22.-22",32768,4016
at_projections,"-10.-38.26.-29",131072,0
at_projections,"-10.-39.-12.38",16384,584
at_projections,"-10.-39.-4.24",32768,2000
at_projections,"-10.-39.12.-4",32768,3840
at_projections,"-10.-39.20.-18",16384,3881
at_projections,"-10.-39.24.-25",32768,2432
at_projections,"-10.-39.8.3",65536,1024
at_projections,"-10.-4.-10.17",16384,1588
at_projections,"-10.-4.-14.24",163840,5152
at_projections,"-10.-4.-18.31",16384,3308
at_projections,"-10.-4.-2.3",81920,3964
at_projections,"-10.-4.-26.45",49152,3671
at_projections,"-10.-4.-6.10",32768,0
at_projections,"-10.-4.2.-4",32768,2784
at_projections,"-10.-40.-6.28",16384,256
at_projections,"-10.-40.10.0",131072,0
at_projections,"-10.-40.14.-7",32768,3264
at_projections,"-10.-40.2.14",16384,2992
at_projections,"-10.-40.22.-21",16384,2150
at_projections,"-10.-41.-12.39",32768,2220
at_projections,"-10.-41.-4.25",16384,896
at_projections,"-10.-41.12.-3",65536,1024
at_projections,"-10.-41.16.-10",32768,4256
at_projections,"-10.-41.20.-17",32768,2736
at_projections,"-10.-41.4.11",16384,2451
at_projections,"-10.-42.-6.29",32768,768
at_projections,"-10.-42.10.1",65536,1274
at_projections,"-10.-42.18.-13",49152,1344
at_projections,"-10.-43.-12.40",16384,2208
at_projections,"-10.-43.-8.33",16384,1526
at_projections,"-10.-43.12.-2",131072,768
at_projections,"-10.-43.16.-9",16384,672
at_projections,"-10.-43.20.-16",16384,576
at_projections,"-10.-43.4.12",32768,2000
at_projections,"-10.-44.-10.37",16384,1280
at_projections,"-10.-44.-6.30",16384,1058
at_projections,"-10.-44.14.-5",65536,3082
at_projections,"-10.-44.18.-12",49152,1824
at_projections,"-10.-45.-8.34",32768,2016
at_projections,"-10.-45.12.-1",65536,2372
at_projections,"-10.-45.16.-8",16384,2602
at_projections,"-10.-45.4.13",16384,896
at_projections,"-10.-46.-10.38",49152,2200
at_projections,"-10.-46.14.-4",131072,1024
at_projections,"-10.-46.18.-11",16384,1887
at_projections,"-10.-46.6.10",16384,256
at_projections,"-10.-47.-8.35",16384,1736
at_projections,"-10.-47.16.-7",98304,7188
at_projections,"-10.-48.10.4",65536,0
at_projections,"-10.-48.14.-3",81920,5164
at_projections,"-10.-48.6.11",32768,768
at_projections,"-10.-49.16.-6",147456,5240
at_projections,"-10.-5.-12.21",65536,1536
at_projections,"-10.-5.-24.42",32768,2016
at_projections,"-10.-5.-4.7",32768,0
at_projections,"-10.-5.-8.14",16384,1527
at_projections,"-10.-5.0.0",32768,7008
at_projections,"-10.-50.14.-2",32768,512
at_projections,"-10.-50.18.-9",65536,1658
at_projections,"-10.-50.6.12",16384,1058
at_projections,"-10.-51.12.2",16384,584
at_projections,"-10.-51.16.-5",65536,4608
at_projections,"-10.-51.8.9",16384,1526
at_projections,"-10.-52.14.-1",16384,824
at_projections,"-10.-52.18.-8",131072,0
at_projections,"-10.-53.12.3",32768,2220
at_projections,"-10.-53.8.10",32768,2016
at_projections,"-10.-54.10.7",16384,1280
at_projections,"-10.-55.12.4",16384,2208
at_projections,"-10.-55.8.11",16384,1736
at_projections,"-10.-56.10.8",49152,2200
at_projections,"-10.-6.-14.25",65536,2920
at_projections,"-10.-6.-22.39",32768,1416
at_projections,"-10.-6.-26.46",32768,4378
at_projections,"-10.-6.2.-3",81920,3964
at_projections,"-10.-7.-12.22",131072,768
at_projections,"-10.-7.-24.43",16384,1710
at_projections,"-10.-7.4.-6",16384,128
at_projections,"-10.-8.-10.19",65536,314
at_projections,"-10.-8.-22.40",16384,1010
at_projections,"-10.-8.-26.47",16384,1872
at_projections,"-10.-8.-6.12",65536,2048
at_projections,"-10.-8.6.-9",16384,128
at_projections,"-10.-9.-12.23",65536,1920
at_projections,"-10.-9.-20.37",65536,1344
at_projections,"-10.-9.-24.44",16384,1328
at_projections,"-10.-9.-4.9",65536,2048
at_projections,"-10.-9.-8.16",147456,2124
at_projections,"-10.-9.4.-5",32768,0
at_projections,"-10.0.-18.29",65536,3072
at_projections,"-10.1.-16.25",65536,2560
at_projections,"-10.2.-18.28",131072,0
at_projections,"-11.-1.-19.31",65536,2304
at_projections,"-11.-10.-13.25",65536,1280
at_projections,"-11.-10.-21.39",16384,950
at_projections,"-11.-10.-5.11",65536,2048
at_projections,"-11.-10.3.-3",32768,256
at_projections,"-11.-11.-11.22",131072,1280
at_projections,"-11.-11.-19.36",16384,464
at_projections,"-11.-11.-3.8",65536,2048
at_projections,"-11.-11.-7.15",147456,2134
at_projections,"-11.-11.5.-6",32768,256
at_projections,"-11.-12.-1.5",65536,2048
at_projections,"-11.-12.-21.40",32768,1760
at_projections,"-11.-12.-5.12",262144,0
at_projections,"-11.-12.-9.19",163840,5108
at_projections,"-11.-12.7.-9",32768,368
at_projections,"-11.-13.-11.23",65536,1152
at_projections,"-11.-13.-19.37",32768,1870
at_projections,"-11.-13.-3.9",262144,0
at_projections,"-11.-13.-7.16",360448,6792
at_projections,"-11.-13.1.2",65536,2048
at_projections,"-11.-13.5.-5",16384,768
at_projections,"-11.-14.-1.6",262144,0
at_projections,"-11.-14.-17.34",32768,1884
at_projections,"-11.-14.-25.48",65536,0
at_projections,"-11.-14.-5.13",393216,4096
at_projections,"-11.-14.-9.20",344064,8302
at_projections,"-11.-14.11.-15",32768,0
at_projections,"-11.-14.3.-1",65536,2048
at_projections,"-11.-14.7.-8",16384,464
at_projections,"-11.-15.-15.31",32768,1468
at_projections,"-11.-15.-23.45",65536,3000
at_projections,"-11.-15.-3.10",393216,4096
at_projections,"-11.-15.-7.17",344064,2982
at_projections,"-11.-15.1.3",262144,0
at_projections,"-11.-15.5.-4",65536,2048
at_projections,"-11.-15.9.-11",65536,4188
at_projections,"-11.-16.-1.7",393216,4096
at_projections,"-11.-16.-17.35",16384,832
at_projections,"-11.-16.-21.42",65536,4304
at_projections,"-11.-16.-25.49",65536,4864
at_projections,"-11.-16.-5.14",262144,0
at_projections,"-11.-16.-9.21",163840,6416
at_projections,"-11.-16.11.-14",49152,3898
at_projections,"-11.-16.3.0",262144,0
at_projections,"-11.-17.-15.32",16384,2208
at_projections,"-11.-17.-19.39",65536,3008
at_projections,"-11.-17.-23.46",65536,2560
at_projections,"-11.-17.-3.11",262144,0
at_projections,"-11.-17.-7.18",196608,11540
at_projections,"-11.-17.1.4",393216,4096
at_projections,"-11.-17.13.-17",16384,1614
at_projections,"-11.-17.17.-24",65536,0
at_projections,"-11.-17.5.-3",262144,0
at_projections,"-11.-18.-1.8",262144,0
at_projections,"-11.-18.-13.29",65536,3000
at_projections,"-11.-18.-17.36",65536,3072
at_projections,"-11.-18.-21.43",65536,5048
at_projections,"-11.-18.-5.15",131072,6932
at_projections,"-11.-18.11.-13",32768,4372
at_projections,"-11.-18.15.-20",65536,2304
at_projections,"-11.-18.3.1",393216,4096
at_projections,"-11.-18.7.-6",147456,2134
at_projections,"-11.-19.-11.26",16384,2240
at_projections,"-11.-19.-15.33",65536,1024
at_projections,"-11.-19.-19.40",65536,1024
at_projections,"-11.-19.-3.12",65536,2048
at_projections,"-11.-19.-7.19",65536,3072
at_projections,"-11.-19.1.5",262144,0
at_projections,"-11.-19.13.-16",98304,6120
at_projections,"-11.-19.17.-23",131072,6144
at_projections,"-11.-19.5.-2",393216,4096
at_projections,"-11.-2.-17.28",131072,6144
at_projections,"-11.-20.-1.9",65536,2048
at_projections,"-11.-20.-13.30",65536,256
at_projections,"-11.-20.-17.37",65536,768
at_projections,"-11.-20.-5.16",131072,12680
at_projections,"-11.-20.-9.23",16384,1920
at_projections,"-11.-20.11.-12",65536,0
at_projections,"-11.-20.15.-19",163840,8780
at_projections,"-11.-20.19.-26",65536,2304
at_projections,"-11.-20.3.2",262144,0
at_projections,"-11.-20.7.-5",360448,6792
at_projections,"-11.-21.-11.27",98304,3716
at_projections,"-11.-21.-15.34",65536,512
at_projections,"-11.-21.-3.13",65536,4488
at_projections,"-11.-21.1.6",65536,2048
at_projections,"-11.-21.13.-15",131072,512
at_projections,"-11.-21.17.-22",98304,6388
at_projections,"-11.-21.5.-1",262144,0
at_projections,"-11.-21.9.-8",163840,5108
at_projections,"-11.-22.-13.31",65536,0
at_projections,"-11.-22.-5.17",65536,1024
at_projections,"-11.-22.-9.24",98304,2592
at_projections,"-11.-22.11.-11",131072,1280
at_projections,"-11.-22.15.-18",81920,2304
at_projections,"-11.-22.3.3",65536,2048
at_projections,"-11.-22.7.-4",344064,2982
at_projections,"-11.-23.-11.28",65536,0
at_projections,"-11.-23.-3.14",131072,3072
at_projections,"-11.-23.-7.21",98304,4160
at_projections,"-11.-23.13.-14",65536,1280
at_projections,"-11.-23.17.-21",16384,2064
at_projections,"-11.-23.5.0",131072,6932
at_projections,"-11.-23.9.-7",344064,8302
at_projections,"-11.-24.-1.11",65536,0
at_projections,"-11.-24.-13.32",16384,2592
at_projections,"-11.-24.-5.18",98304,2560
at_projections,"-11.-24.-9.25",65536,0
at_projections,"-11.-24.11.-10",65536,1152
at_projections,"-11.-24.19.-24",65536,5312
at_projections,"-11.-24.3.4",65536,4488
at_projections,"-11.-24.7.-3",196608,11540
at_projections,"-11.-25.-15.36",32768,3072
at_projections,"-11.-25.-3.15",131072,5744
at_projections,"-11.-25.-7.22",81920,816
at_projections,"-11.-25.1.8",65536,0
at_projections,"-11.-25.21.-27",16384,1500
at_projections,"-11.-25.5.1",131072,12680
at_projections,"-11.-25.9.-6",163840,6416
at_projections,"-11.-26.-1.12",294912,6184
at_projections,"-11.-26.-13.33",32768,3264
at_projections,"-11.-26.-5.19",81920,6192
at_projections,"-11.-26.3.5",131072,3072
at_projections,"-11.-26.7.-2",65536,3072
at_projections,"-11.-27.-11.30",49152,6612
at_projections,"-11.-27.-15.37",32768,3488
at_projections,"-11.-27.-3.16",196608,4096
at_projections,"-11.-27.1.9",294912,6184
at_projections,"-11.-27.21.-26",32768,4360
at_projections,"-11.-27.5.2",65536,1024
at_projections,"-11.-28.-1.13",327680,13990
at_projections,"-11.-28.-13.34",32768,4688
at_projections,"-11.-28.-17.41",65536,2304
at_projections,"-11.-28.-5.20",98304,9840
at_projections,"-11.-28.-9.27",49152,4960
at_projections,"-11.-28.23.-29",32768,2868
at_projections,"-11.-28.3.6",131072,5744
at_projections,"-11.-29.-11.31",49152,6078
at_projections,"-11.-29.-15.38",16384,2916
at_projections,"-11.-29.-3.17",163840,12348
at_projections,"-11.-29.-7.24",131072,11808
at_projections,"-11.-29.1.10",327680,13990
at_projections,"-11.-29.5.3",98304,2560
at_projections,"-11.-29.9.-4",16384,1920
at_projections,"-11.-3.-11.18",32768,0
at_projections,"-11.-3.-15.25",65536,2304
at_projections,"-11.-30.-1.14",131072,7534
at_projections,"-11.-30.-13.35",16384,1920
at_projections,"-11.-30.-5.21",147456,12160
at_projections,"-11.-30.-9.28",114688,4800
at_projections,"-11.-30.11.-7",16384,2240
at_projections,"-11.-30.15.-14",32768,1468
at_projections,"-11.-30.19.-21",16384,464
at_projections,"-11.-30.3.7",196608,4096
at_projections,"-11.-30.7.0",98304,4160
at_projections,"-11.-31.-11.32",65536,0
at_projections,"-11.-31.-3.18",81920,2944
at_projections,"-11.-31.-7.25",196608,7616
at_projections,"-11.-31.1.11",131072,7534
at_projections,"-11.-31.13.-10",65536,3000
at_projections,"-11.-31.17.-17",32768,1884
at_projections,"-11.-31.21.-24",16384,950
at_projections,"-11.-31.25.-31",49152,4232
at_projections,"-11.-31.5.4",81920,6192
at_projections,"-11.-31.9.-3",98304,2592
at_projections,"-11.-32.-13.36",65536,0
at_projections,"-11.-32.-5.22",81920,3648
at_projections,"-11.-32.-9.29",131072,1536
at_projections,"-11.-32.11.-6",98304,3716
at_projections,"-11.-32.15.-13",16384,2208
at_projections,"-11.-32.19.-20",32768,1870
at_projections,"-11.-32.23.-27",65536,3488
at_projections,"-11.-32.3.8",163840,12348
at_projections,"-11.-32.7.1",81920,816
at_projections,"-11.-33.-11.33",131072,1152
at_projections,"-11.-33.-15.40",65536,1768
at_projections,"-11.-33.-3.19",16384,1560
at_projections,"-11.-33.-7.26",65536,1536
at_projections,"-11.-33.13.-9",65536,256
at_projections,"-11.-33.17.-16",16384,832
at_projections,"-11.-33.21.-23",32768,1760
at_projections,"-11.-33.5.5",98304,9840
at_projections,"-11.-33.9.-2",65536,0
at_projections,"-11.-34.-13.37",131072,3464
at_projections,"-11.-34.-17.44",65536,2304
at_projections,"-11.-34.-5.23",32768,2328
at_projections,"-11.-34.-9.30",65536,1152
at_projections,"-11.-34.11.-5",65536,0
at_projections,"-11.-34.15.-12",65536,1024
at_projections,"-11.-34.3.9",81920,2944
at_projections,"-11.-35.-11.34",65536,1280
at_projections,"-11.-35.-15.41",131072,4096
at_projections,"-11.-35.-19.48",65536,0
at_projections,"-11.-35.-3.20",32768,1216
at_projections,"-11.-35.13.-8",65536,0
at_projections,"-11.-35.17.-15",65536,3072
at_projections,"-11.-35.5.6",147456,12160
at_projections,"-11.-36.-1.17",32768,1544
at_projections,"-11.-36.-13.38",65536,0
at_projections,"-11.-36.-17.45",131072,4608
at_projections,"-11.-36.15.-11",65536,512
at_projections,"-11.-36.19.-18",65536,3008
at_projections,"-11.-36.3.10",16384,1560
at_projections,"-11.-36.7.3",131072,11808
at_projections,"-11.-37.-15.42",65536,3072
at_projections,"-11.-37.1.14",32768,1544
at_projections,"-11.-37.13.-7",16384,2592
at_projections,"-11.-37.17.-14",65536,768
at_projections,"-11.-37.21.-21",65536,4304
at_projections,"-11.-37.5.7",81920,3648
at_projections,"-11.-37.9.0",49152,4960
at_projections,"-11.-38.-17.46",65536,2304
at_projections,"-11.-38.11.-3",49152,6612
at_projections,"-11.-38.19.-17",65536,1024
at_projections,"-11.-38.23.-24",65536,3000
at_projections,"-11.-38.3.11",32768,1216
at_projections,"-11.-38.7.4",196608,7616
at_projections,"-11.-39.-11.36",32768,0
at_projections,"-11.-39.13.-6",32768,3264
at_projections,"-11.-39.21.-20",65536,5048
at_projections,"-11.-39.25.-27",65536,0
at_projections,"-11.-39.5.8",32768,2328
at_projections,"-11.-39.9.1",114688,4800
at_projections,"-11.-4.-13.22",16384,1614
at_projections,"-11.-4.-17.29",98304,6388
at_projections,"-11.-4.-21.36",16384,1500
at_projections,"-11.-40.11.-2",49152,6078
at_projections,"-11.-40.15.-9",32768,3072
at_projections,"-11.-40.23.-23",65536,2560
at_projections,"-11.-40.7.5",65536,1536
at_projections,"-11.-41.-11.37",32768,1536
at_projections,"-11.-41.13.-5",32768,4688
at_projections,"-11.-41.25.-26",65536,4864
at_projections,"-11.-41.9.2",131072,1536
at_projections,"-11.-42.11.-1",65536,0
at_projections,"-11.-42.15.-8",32768,3488
at_projections,"-11.-43.13.-4",16384,1920
at_projections,"-11.-43.9.3",65536,1152
at_projections,"-11.-44.11.0",131072,1152
at_projections,"-11.-44.15.-7",16384,2916
at_projections,"-11.-45.13.-3",65536,0
at_projections,"-11.-45.17.-10",65536,2304
at_projections,"-11.-46.11.1",65536,1280
at_projections,"-11.-47.13.-2",131072,3464
at_projections,"-11.-48.15.-5",65536,1768
at_projections,"-11.-49.13.-1",65536,0
at_projections,"-11.-5.-11.19",49152,3898
at_projections,"-11.-5.-15.26",163840,8780
at_projections,"-11.-5.-19.33",65536,5312
at_projections,"-11.-5.-23.40",32768,2868
at_projections,"-11.-5.-3.5",32768,2320
at_projections,"-11.-5.-7.12",32768,368
at_projections,"-11.-50.11.3",32768,0
at_projections,"-11.-50.15.-4",131072,4096
at_projections,"-11.-51.17.-7",65536,2304
at_projections,"-11.-52.11.4",32768,1536
at_projections,"-11.-52.15.-3",65536,3072
at_projections,"-11.-53.17.-6",131072,4608
at_projections,"-11.-54.19.-9",65536,0
at_projections,"-11.-55.17.-5",65536,2304
at_projections,"-11.-6.-1.2",81920,4048
at_projections,"-11.-6.-13.23",98304,6120
at_projections,"-11.-6.-17.30",16384,2064
at_projections,"-11.-6.-21.37",32768,4360
at_projections,"-11.-6.-25.44",49152,4232
at_projections,"-11.-6.-5.9",32768,256
at_projections,"-11.-6.-9.16",65536,4188
at_projections,"-11.-7.-11.20",32768,4372
at_projections,"-11.-7.-15.27",81920,2304
at_projections,"-11.-7.-3.6",32768,256
at_projections,"-11.-7.-7.13",16384,464
at_projections,"-11.-7.1.-1",81920,4048
at_projections,"-11.-8.-1.3",32768,4960
at_projections,"-11.-8.-13.24",131072,512
at_projections,"-11.-8.-5.10",16384,768
at_projections,"-11.-8.3.-4",32768,2320
at_projections,"-11.-9.-11.21",65536,0
at_projections,"-11.-9.-23.42",65536,3488
at_projections,"-11.-9.1.0",32768,4960
at_projections,"-11.0.-17.27",65536,0
at_projections,"-12.-10.-12.23",81920,3264
at_projections,"-12.-10.-24.44",16384,2586
at_projections,"-12.-10.-4.9",16384,2175
at_projections,"-12.-10.-8.16",32768,3392
at_projections,"-12.-10.0.2",65536,3264
at_projections,"-12.-11.-14.27",65536,508
at_projections,"-12.-11.-2.6",16384,2175
at_projections,"-12.-11.-22.41",16384,1382
at_projections,"-12.-11.2.-1",65536,6368
at_projections,"-12.-12.-12.24",131072,0
at_projections,"-12.-12.-4.10",65536,2048
at_projections,"-12.-12.4.-4",32768,512
at_projections,"-12.-13.-10.21",65536,0
at_projections,"-12.-13.-2.7",65536,2048
at_projections,"-12.-13.-22.42",32768,2208
at_projections,"-12.-13.-6.14",147456,1184
at_projections,"-12.-13.2.0",16384,2175
at_projections,"-12.-14.-12.25",65536,1536
at_projections,"-12.-14.-20.39",32768,480
at_projections,"-12.-14.-4.11",262144,0
at_projections,"-12.-14.-8.18",98304,5816
at_projections,"-12.-14.0.4",65536,2048
at_projections,"-12.-14.4.-3",16384,2175
at_projections,"-12.-15.-10.22",147456,2976
at_projections,"-12.-15.-18.36",32768,702
at_projections,"-12.-15.-2.8",262144,0
at_projections,"-12.-15.-6.15",360448,5664
at_projections,"-12.-15.2.1",65536,2048
at_projections,"-12.-15.6.-6",65536,2112
at_projections,"-12.-16.-20.40",16384,1152
at_projections,"-12.-16.-4.12",393216,4096
at_projections,"-12.-16.-8.19",278528,9926
at_projections,"-12.-16.0.5",262144,0
at_projections,"-12.-16.4.-2",65536,2048
at_projections,"-12.-16.8.-9",16384,1761
at_projections,"-12.-17.-10.23",98304,5616
at_projections,"-12.-17.-18.37",16384,896
at_projections,"-12.-17.-2.9",393216,4096
at_projections,"-12.-17.-22.44",32768,2360
at_projections,"-12.-17.-6.16",278528,2592
at_projections,"-12.-17.10.-12",16384,1744
at_projections,"-12.-17.2.2",262144,0
at_projections,"-12.-18.-16.34",65536,2976
at_projections,"-12.-18.-24.48",131072,3072
at_projections,"-12.-18.-4.13",262144,0
at_projections,"-12.-18.-8.20",262144,11706
at_projections,"-12.-18.0.6",393216,4096
at_projections,"-12.-18.12.-15",65536,2304
at_projections,"-12.-18.4.-1",262144,0
at_projections,"-12.-18.8.-8",32768,3392
at_projections,"-12.-19.-10.24",16384,584
at_projections,"-12.-19.-14.31",16384,1754
at_projections,"-12.-19.-18.38",32768,2464
at_projections,"-12.-19.-2.10",262144,0
at_projections,"-12.-19.-22.45",65536,6036
at_projections,"-12.-19.-6.17",131072,8994
at_projections,"-12.-19.10.-11",32768,5694
at_projections,"-12.-19.2.3",393216,4096
at_projections,"-12.-19.6.-4",147456,1184
at_projections,"-12.-20.-12.28",16384,1912
at_projections,"-12.-20.-20.42",131072,3040
at_projections,"-12.-20.-4.14",65536,2048
at_projections,"-12.-20.-8.21",81920,7530
at_projections,"-12.-20.0.7",262144,0
at_projections,"-12.-20.12.-14",32768,2868
at_projections,"-12.-20.16.-21",65536,3962
at_projections,"-12.-20.4.0",393216,4096
at_projections,"-12.-21.-14.32",65536,2964
at_projections,"-12.-21.-18.39",65536,3328
at_projections,"-12.-21.-2.11",65536,2048
at_projections,"-12.-21.-22.46",32768,2810
at_projections,"-12.-21.-6.18",131072,4608
at_projections,"-12.-21.14.-17",98304,4788
at_projections,"-12.-21.18.-24",131072,1536
at_projections,"-12.-21.2.4",262144,0
at_projections,"-12.-21.6.-3",360448,5664
at_projections,"-12.-22.-12.29",32768,4180
at_projections,"-12.-22.-16.36",131072,512
at_projections,"-12.-22.-4.15",65536,7620
at_projections,"-12.-22.0.8",65536,2048
at_projections,"-12.-22.12.-13",81920,3264
at_projections,"-12.-22.16.-20",131072,2560
at_projections,"-12.-22.4.1",262144,0
at_projections,"-12.-22.8.-6",98304,5816
at_projections,"-12.-23.-10.26",65536,3840
at_projections,"-12.-23.-14.33",65536,1536
at_projections,"-12.-23.-18.40",32768,384
at_projections,"-12.-23.-6.19",65536,5264
at_projections,"-12.-23.10.-9",65536,0
at_projections,"-12.-23.14.-16",147456,720
at_projections,"-12.-23.18.-23",65536,6608
at_projections,"-12.-23.2.5",65536,2048
at_projections,"-12.-23.6.-2",278528,2592
at_projections,"-12.-24.-12.30",131072,0
at_projections,"-12.-24.-4.16",131072,2816
at_projections,"-12.-24.-8.23",32768,3136
at_projections,"-12.-24.12.-12",131072,0
at_projections,"-12.-24.16.-19",131072,6208
at_projections,"-12.-24.4.2",65536,2048
at_projections,"-12.-24.8.-5",278528,9926
at_projections,"-12.-25.-10.27",81920,2168
at_projections,"-12.-25.-14.34",32768,640
at_projections,"-12.-25.-2.13",65536,2688
at_projections,"-12.-25.-6.20",32768,384
at_projections,"-12.-25.10.-8",147456,2976
at_projections,"-12.-25.14.-15",65536,508
at_projections,"-12.-25.18.-22",16384,1440
at_projections,"-12.-25.6.-1",131072,8994
at_projections,"-12.-26.-4.17",65536,1768
at_projections,"-12.-26.-8.24",147456,2336
at_projections,"-12.-26.12.-11",65536,1536
at_projections,"-12.-26.4.3",65536,7620
at_projections,"-12.-26.8.-4",262144,11706
at_projections,"-12.-27.-10.28",32768,384
at_projections,"-12.-27.-14.35",32768,2048
at_projections,"-12.-27.-2.14",163840,4284
at_projections,"-12.-27.-6.21",131072,9088
at_projections,"-12.-27.10.-7",98304,5616
at_projections,"-12.-27.18.-21",32768,3424
at_projections,"-12.-27.2.7",65536,2688
at_projections,"-12.-27.6.0",131072,4608
at_projections,"-12.-28.-12.32",32768,2868
at_projections,"-12.-28.-4.18",147456,3680
at_projections,"-12.-28.0.11",131072,0
at_projections,"-12.-28.20.-24",32768,3528
at_projections,"-12.-28.4.4",131072,2816
at_projections,"-12.-28.8.-3",81920,7530
at_projections,"-12.-29.-14.36",16384,1552
at_projections,"-12.-29.-18.43",16384,1548
at_projections,"-12.-29.-2.15",212992,9832
at_projections,"-12.-29.-6.22",32768,2286
at_projections,"-12.-29.10.-6",16384,584
at_projections,"-12.-29.2.8",163840,4284
at_projections,"-12.-29.6.1",65536,5264
at_projections,"-12.-3.-18.30",131072,1536
at_projections,"-12.-30.-12.33",49152,6676
at_projections,"-12.-30.-16.40",16384,1600
at_projections,"-12.-30.-4.19",98304,6816
at_projections,"-12.-30.-8.26",16384,2334
at_projections,"-12.-30.0.12",524288,9584
at_projections,"-12.-30.4.5",65536,1768
at_projections,"-12.-31.-10.30",98304,7592
at_projections,"-12.-31.-14.37",65536,6064
at_projections,"-12.-31.-2.16",229376,9674
at_projections,"-12.-31.-6.23",81920,10660
at_projections,"-12.-31.2.9",212992,9832
at_projections,"-12.-31.22.-26",16384,2028
at_projections,"-12.-31.6.2",32768,384
at_projections,"-12.-32.-12.34",16384,1912
at_projections,"-12.-32.-16.41",32768,3722
at_projections,"-12.-32.-4.20",196608,5376
at_projections,"-12.-32.-8.27",114688,8544
at_projections,"-12.-32.0.13",196608,16240
at_projections,"-12.-32.12.-8",16384,1912
at_projections,"-12.-32.4.6",147456,3680
at_projections,"-12.-32.8.-1",32768,3136
at_projections,"-12.-33.-10.31",81920,1814
at_projections,"-12.-33.-2.17",81920,4816
at_projections,"-12.-33.-6.24",180224,8144
at_projections,"-12.-33.10.-4",65536,3840
at_projections,"-12.-33.14.-11",16384,1754
at_projections,"-12.-33.18.-18",32768,702
at_projections,"-12.-33.2.10",229376,9674
at_projections,"-12.-33.22.-25",16384,1382
at_projections,"-12.-33.6.3",131072,9088
at_projections,"-12.-34.-12.35",65536,704
at_projections,"-12.-34.-4.21",65536,4444
at_projections,"-12.-34.-8.28",163840,2720
at_projections,"-12.-34.0.14",32768,4418
at_projections,"-12.-34.12.-7",32768,4180
at_projections,"-12.-34.16.-14",65536,2976
at_projections,"-12.-34.20.-21",32768,480
at_projections,"-12.-34.24.-28",16384,2586
at_projections,"-12.-34.4.7",98304,6816
at_projections,"-12.-34.8.0",147456,2336
at_projections,"-12.-35.-10.32",131072,768
at_projections,"-12.-35.-14.39",65536,1664
at_projections,"-12.-35.-6.25",98304,4988
at_projections,"-12.-35.10.-3",81920,2168
at_projections,"-12.-35.14.-10",65536,2964
at_projections,"-12.-35.18.-17",16384,896
at_projections,"-12.-35.2.11",81920,4816
at_projections,"-12.-35.22.-24",32768,2208
at_projections,"-12.-35.6.4",32768,2286
at_projections,"-12.-36.-12.36",131072,0
at_projections,"-12.-36.-16.43",65536,3712
at_projections,"-12.-36.-4.22",32768,3228
at_projections,"-12.-36.-8.29",65536,3658
at_projections,"-12.-36.12.-6",131072,0
at_projections,"-12.-36.20.-20",16384,1152
at_projections,"-12.-36.4.8",196608,5376
at_projections,"-12.-37.-10.33",65536,3200
at_projections,"-12.-37.-14.40",131072,0
at_projections,"-12.-37.-18.47",65536,2432
at_projections,"-12.-37.-2.19",32768,2688
at_projections,"-12.-37.10.-2",32768,384
at_projections,"-12.-37.14.-9",65536,1536
at_projections,"-12.-37.18.-16",32768,2464
at_projections,"-12.-37.6.5",81920,10660
at_projections,"-12.-38.-12.37",65536,1600
at_projections,"-12.-38.-16.44",131072,2560
at_projections,"-12.-38.-4.23",16384,1791
at_projections,"-12.-38.16.-12",131072,512
at_projections,"-12.-38.4.9",65536,4444
at_projections,"-12.-38.8.2",16384,2334
at_projections,"-12.-39.-14.41",65536,1792
at_projections,"-12.-39.-18.48",131072,1536
at_projections,"-12.-39.-2.20",16384,2314
at_projections,"-12.-39.14.-8",32768,640
at_projections,"-12.-39.18.-15",65536,3328
at_projections,"-12.-39.2.13",32768,2688
at_projections,"-12.-39.22.-22",32768,2360
at_projections,"-12.-39.6.6",180224,8144
at_projections,"-12.-4.-16.27",65536,3962
at_projections,"-12.-40.-16.45",65536,3328
at_projections,"-12.-40.12.-4",32768,2868
at_projections,"-12.-40.20.-18",131072,3040
at_projections,"-12.-40.4.10",32768,3228
at_projections,"-12.-40.8.3",114688,8544
at_projections,"-12.-41.10.0",98304,7592
at_projections,"-12.-41.14.-7",32768,2048
at_projections,"-12.-41.18.-14",32768,384
at_projections,"-12.-41.2.14",16384,2314
at_projections,"-12.-41.22.-21",65536,6036
at_projections,"-12.-41.6.7",98304,4988
at_projections,"-12.-42.-12.39",65536,2304
at_projections,"-12.-42.12.-3",49152,6676
at_projections,"-12.-42.24.-24",131072,3072
at_projections,"-12.-42.4.11",16384,1791
at_projections,"-12.-42.8.4",163840,2720
at_projections,"-12.-43.10.1",81920,1814
at_projections,"-12.-43.14.-6",16384,1552
at_projections,"-12.-43.22.-20",32768,2810
at_projections,"-12.-44.12.-2",16384,1912
at_projections,"-12.-44.8.5",65536,3658
at_projections,"-12.-45.10.2",131072,768
at_projections,"-12.-45.14.-5",65536,6064
at_projections,"-12.-46.12.-1",65536,704
at_projections,"-12.-46.16.-8",16384,1600
at_projections,"-12.-47.10.3",65536,3200
at_projections,"-12.-47.18.-11",16384,1548
at_projections,"-12.-48.12.0",131072,0
at_projections,"-12.-48.16.-7",32768,3722
at_projections,"-12.-49.14.-3",65536,1664
at_projections,"-12.-5.-18.31",65536,6608
at_projections,"-12.-50.12.1",65536,1600
at_projections,"-12.-51.14.-2",131072,0
at_projections,"-12.-52.16.-5",65536,3712
at_projections,"-12.-53.14.-1",65536,1792
at_projections,"-12.-54.12.3",65536,2304
at_projections,"-12.-54.16.-4",131072,2560
at_projections,"-12.-55.18.-7",65536,2432
at_projections,"-12.-56.16.-3",65536,3328
at_projections,"-12.-57.18.-6",131072,1536
at_projections,"-12.-6.-12.21",65536,2304
at_projections,"-12.-6.-16.28",131072,2560
at_projections,"-12.-7.-10.18",16384,1744
at_projections,"-12.-7.-14.25",98304,4788
at_projections,"-12.-7.-18.32",16384,1440
at_projections,"-12.-8.-12.22",32768,2868
at_projections,"-12.-8.-16.29",131072,6208
at_projections,"-12.-8.-20.36",32768,3528
at_projections,"-12.-8.-4.8",32768,512
at_projections,"-12.-8.-8.15",16384,1761
at_projections,"-12.-8.0.1",32768,3464
at_projections,"-12.-9.-10.19",32768,5694
at_projections,"-12.-9.-14.26",147456,720
at_projections,"-12.-9.-18.33",32768,3424
at_projections,"-12.-9.-2.5",65536,6368
at_projections,"-12.-9.-22.40",16384,2028
at_projections,"-12.-9.-6.12",65536,2112
at_projections,"-13.-10.-11.21",32768,3264
at_projections,"-13.-10.-15.28",147456,3404
at_projections,"-13.-10.-7.14",16384,912
at_projections,"-13.-11.-1.4",65536,6808
at_projections,"-13.-11.-13.25",131072,1792
at_projections,"-13.-11.-17.32",32768,1536
at_projections,"-13.-11.-5.11",16384,544
at_projections,"-13.-11.-9.18",32768,2880
at_projections,"-13.-12.-11.22",16384,2592
at_projections,"-13.-12.-15.29",98304,1920
at_projections,"-13.-12.-19.36",16384,2032
at_projections,"-13.-12.-3.8",65536,5616
at_projections,"-13.-12.-7.15",32768,4316
at_projections,"-13.-12.1.1",65536,6808
at_projections,"-13.-13.-1.5",32768,5068
at_projections,"-13.-13.-13.26",131072,768
at_projections,"-13.-13.-5.12",32768,4960
at_projections,"-13.-13.-9.19",16384,3164
at_projections,"-13.-14.-11.23",65536,256
at_projections,"-13.-14.-3.9",65536,2048
at_projections,"-13.-14.1.2",32768,5068
at_projections,"-13.-15.-1.6",65536,2048
at_projections,"-13.-15.-13.27",65536,512
at_projections,"-13.-15.-21.41",32768,1584
at_projections,"-13.-15.-5.13",147456,544
at_projections,"-13.-15.3.-1",65536,5616
at_projections,"-13.-16.-11.24",131072,0
at_projections,"-13.-16.-3.10",262144,0
at_projections,"-13.-16.-7.17",98304,4160
at_projections,"-13.-16.1.3",65536,2048
at_projections,"-13.-16.5.-4",16384,544
at_projections,"-13.-17.-1.7",262144,0
at_projections,"-13.-17.-5.14",360448,3456
at_projections,"-13.-17.-9.21",81920,1638
at_projections,"-13.-17.3.0",65536,2048
at_projections,"-13.-17.7.-7",16384,912
at_projections,"-13.-18.-11.25",65536,3208
at_projections,"-13.-18.-19.39",65536,512
at_projections,"-13.-18.-3.11",393216,4096
at_projections,"-13.-18.-7.18",212992,7976
at_projections,"-13.-18.1.4",262144,0
at_projections,"-13.-18.5.-3",32768,4960
at_projections,"-13.-19.-1.8",393216,4096
at_projections,"-13.-19.-17.36",16384,928
at_projections,"-13.-19.-5.15",278528,2064
at_projections,"-13.-19.-9.22",196608,11252
at_projections,"-13.-19.3.1",262144,0
at_projections,"-13.-19.7.-6",32768,4316
at_projections,"-13.-20.-15.33",16384,1240
at_projections,"-13.-20.-23.47",65536,4096
at_projections,"-13.-20.-3.12",262144,0
at_projections,"-13.-20.-7.19",196608,14860
at_projections,"-13.-20.1.5",393216,4096
at_projections,"-13.-20.13.-16",32768,1360
at_projections,"-13.-20.5.-2",147456,544
at_projections,"-13.-20.9.-9",32768,2880
at_projections,"-13.-21.-1.9",262144,0
at_projections,"-13.-21.-17.37",32768,1744
at_projections,"-13.-21.-21.44",65536,2512
at_projections,"-13.-21.-5.16",65536,2048
at_projections,"-13.-21.-9.23",147456,7533
at_projections,"-13.-21.11.-12",32768,3264
at_projections,"-13.-21.3.2",393216,4096
at_projections,"-13.-22.-15.34",32768,3708
at_projections,"-13.-22.-19.41",65536,3536
at_projections,"-13.-22.-23.48",65536,4864
at_projections,"-13.-22.-3.13",65536,2048
at_projections,"-13.-22.-7.20",147456,11386
at_projections,"-13.-22.1.6",262144,0
at_projections,"-13.-22.13.-15",32768,3934
at_projections,"-13.-22.17.-22",65536,1536
at_projections,"-13.-22.5.-1",360448,3456
at_projections,"-13.-22.9.-8",16384,3164
at_projections,"-13.-23.-1.10",65536,2048
at_projections,"-13.-23.-13.31",32768,3736
at_projections,"-13.-23.-17.38",65536,2816
at_projections,"-13.-23.-21.45",65536,2036
at_projections,"-13.-23.-5.17",65536,3840
at_projections,"-13.-23.-9.24",32768,256
at_projections,"-13.-23.11.-11",16384,2592
at_projections,"-13.-23.15.-18",65536,2304
at_projections,"-13.-23.3.3",262144,0
at_projections,"-13.-23.7.-4",98304,4160
at_projections,"-13.-24.-11.28",32768,4688
at_projections,"-13.-24.-15.35",65536,0
at_projections,"-13.-24.-19.42",65536,768
at_projections,"-13.-24.-7.21",65536,2024
at_projections,"-13.-24.1.7",65536,2048
at_projections,"-13.-24.13.-14",131072,1792
at_projections,"-13.-24.17.-21",131072,8232
at_projections,"-13.-24.5.0",278528,2064
at_projections,"-13.-25.-13.32",81920,2238
at_projections,"-13.-25.-17.39",65536,256
at_projections,"-13.-25.-5.18",131072,8832
at_projections,"-13.-25.11.-10",65536,256
at_projections,"-13.-25.15.-17",147456,3404
at_projections,"-13.-25.19.-24",65536,4796
at_projections,"-13.-25.3.4",65536,2048
at_projections,"-13.-25.7.-3",212992,7976
at_projections,"-13.-26.-11.29",81920,1920
at_projections,"-13.-26.-15.36",65536,1264
at_projections,"-13.-26.-3.15",65536,2176
at_projections,"-13.-26.13.-13",131072,768
at_projections,"-13.-26.17.-20",65536,1256
at_projections,"-13.-26.5.1",65536,2048
at_projections,"-13.-26.9.-6",81920,1638
at_projections,"-13.-27.-13.33",65536,1020
at_projections,"-13.-27.-5.19",65536,1520
at_projections,"-13.-27.-9.26",131072,6272
at_projections,"-13.-27.11.-9",131072,0
at_projections,"-13.-27.15.-16",98304,1920
at_projections,"-13.-27.7.-2",196608,14860
at_projections,"-13.-28.-11.30",65536,256
at_projections,"-13.-28.-3.16",131072,4352
at_projections,"-13.-28.-7.23",81920,1536
at_projections,"-13.-28.13.-12",65536,512
at_projections,"-13.-28.17.-19",32768,1536
at_projections,"-13.-28.5.2",65536,3840
at_projections,"-13.-28.9.-5",196608,11252
at_projections,"-13.-29.-1.13",65536,1280
at_projections,"-13.-29.-5.20",81920,4864
at_projections,"-13.-29.-9.27",65536,256
at_projections,"-13.-29.11.-8",65536,3208
at_projections,"-13.-29.3.6",65536,2176
at_projections,"-13.-29.7.-1",147456,11386
at_projections,"-13.-30.-15.38",16384,544
at_projections,"-13.-30.-3.17",131072,6656
at_projections,"-13.-30.-7.24",98304,9940
at_projections,"-13.-30.1.10",65536,1280
at_projections,"-13.-30.5.3",131072,8832
at_projections,"-13.-30.9.-4",147456,7533
at_projections,"-13.-31.-1.14",294912,8424
at_projections,"-13.-31.-13.35",65536,1792
at_projections,"-13.-31.-5.21",98304,4648
at_projections,"-13.-31.19.-21",16384,2032
at_projections,"-13.-31.3.7",131072,4352
at_projections,"-13.-31.7.0",65536,2024
at_projections,"-13.-32.-11.32",16384,1614
at_projections,"-13.-32.-15.39",16384,3524
at_projections,"-13.-32.-3.18",163840,7200
at_projections,"-13.-32.1.11",294912,8424
at_projections,"-13.-32.5.4",65536,1520
at_projections,"-13.-32.9.-3",32768,256
at_projections,"-13.-33.-1.15",327680,10678
at_projections,"-13.-33.-13.36",16384,2238
at_projections,"-13.-33.-17.43",32768,4028
at_projections,"-13.-33.-5.22",81920,2992
at_projections,"-13.-33.-9.29",49152,5244
at_projections,"-13.-33.3.8",131072,6656
at_projections,"-13.-34.-11.33",98304,7352
at_projections,"-13.-34.-15.40",32768,3674
at_projections,"-13.-34.-3.19",163840,6892
at_projections,"-13.-34.-7.26",98304,4992
at_projections,"-13.-34.1.12",327680,10678
at_projections,"-13.-34.5.5",81920,4864
at_projections,"-13.-35.-1.16",147456,10828
at_projections,"-13.-35.-13.37",32768,3736
at_projections,"-13.-35.-5.23",163840,10592
at_projections,"-13.-35.-9.30",114688,6736
at_projections,"-13.-35.11.-5",32768,4688
at_projections,"-13.-35.15.-12",16384,1240
at_projections,"-13.-35.3.9",163840,7200
at_projections,"-13.-35.7.2",81920,1536
at_projections,"-13.-36.-11.34",65536,0
at_projections,"-13.-36.-3.20",98304,2128
at_projections,"-13.-36.-7.27",180224,10976
at_projections,"-13.-36.1.13",147456,10828
at_projections,"-13.-36.13.-8",32768,3736
at_projections,"-13.-36.17.-15",16384,928
at_projections,"-13.-36.21.-22",32768,1584
at_projections,"-13.-36.5.6",98304,4648
at_projections,"-13.-36.9.-1",131072,6272
at_projections,"-13.-37.-13.38",65536,256
at_projections,"-13.-37.-5.24",98304,5080
at_projections,"-13.-37.-9.31",131072,2688
at_projections,"-13.-37.11.-4",81920,1920
at_projections,"-13.-37.15.-11",32768,3708
at_projections,"-13.-37.19.-18",65536,512
at_projections,"-13.-37.3.10",163840,6892
at_projections,"-13.-37.7.3",98304,9940
at_projections,"-13.-38.-11.35",131072,3048
at_projections,"-13.-38.-15.42",65536,0
at_projections,"-13.-38.-7.28",81920,4868
at_projections,"-13.-38.13.-7",81920,2238
at_projections,"-13.-38.17.-14",32768,1744
at_projections,"-13.-38.5.7",81920,2992
at_projections,"-13.-38.9.0",65536,256
at_projections,"-13.-39.-13.39",131072,512
at_projections,"-13.-39.-17.46",65536,2304
at_projections,"-13.-39.-5.25",16384,1842
at_projections,"-13.-39.-9.32",65536,3208
at_projections,"-13.-39.11.-3",65536,256
at_projections,"-13.-39.15.-10",65536,0
at_projections,"-13.-39.3.11",98304,2128
at_projections,"-13.-40.-11.36",65536,512
at_projections,"-13.-40.-15.43",131072,4096
at_projections,"-13.-40.-19.50",65536,1536
at_projections,"-13.-40.-3.22",65536,6204
at_projections,"-13.-40.13.-6",65536,1020
at_projections,"-13.-40.17.-13",65536,2816
at_projections,"-13.-40.5.8",163840,10592
at_projections,"-13.-41.-13.40",65536,512
at_projections,"-13.-41.-17.47",131072,3840
at_projections,"-13.-41.15.-9",65536,1264
at_projections,"-13.-41.19.-16",65536,3536
at_projections,"-13.-41.7.5",98304,4992
at_projections,"-13.-42.-15.44",65536,1280
at_projections,"-13.-42.17.-12",65536,256
at_projections,"-13.-42.21.-19",65536,2512
at_projections,"-13.-42.5.9",98304,5080
at_projections,"-13.-42.9.2",49152,5244
at_projections,"-13.-43.-13.41",32768,1360
at_projections,"-13.-43.-17.48",65536,4796
at_projections,"-13.-43.11.-1",16384,1614
at_projections,"-13.-43.19.-15",65536,768
at_projections,"-13.-43.23.-22",65536,4096
at_projections,"-13.-43.3.13",65536,6204
at_projections,"-13.-43.7.6",180224,10976
at_projections,"-13.-44.13.-4",65536,1792
at_projections,"-13.-44.21.-18",65536,2036
at_projections,"-13.-44.5.10",16384,1842
at_projections,"-13.-44.9.3",114688,6736
at_projections,"-13.-45.-13.42",32768,3934
at_projections,"-13.-45.11.0",98304,7352
at_projections,"-13.-45.15.-7",16384,544
at_projections,"-13.-45.23.-21",65536,4864
at_projections,"-13.-45.7.7",81920,4868
at_projections,"-13.-46.13.-3",16384,2238
at_projections,"-13.-46.9.4",131072,2688
at_projections,"-13.-47.11.1",65536,0
at_projections,"-13.-47.15.-6",16384,3524
at_projections,"-13.-48.13.-2",32768,3736
at_projections,"-13.-48.9.5",65536,3208
at_projections,"-13.-49.11.2",131072,3048
at_projections,"-13.-49.15.-5",32768,3674
at_projections,"-13.-5.-17.29",65536,1536
at_projections,"-13.-50.13.-1",65536,256
at_projections,"-13.-50.17.-8",32768,4028
at_projections,"-13.-51.11.3",65536,512
at_projections,"-13.-52.13.0",131072,512
at_projections,"-13.-53.15.-3",65536,0
at_projections,"-13.-54.13.1",65536,512
at_projections,"-13.-55.15.-2",131072,4096
at_projections,"-13.-56.13.2",32768,1360
at_projections,"-13.-56.17.-5",65536,2304
at_projections,"-13.-57.15.-1",65536,1280
at_projections,"-13.-58.13.3",32768,3934
at_projections,"-13.-58.17.-4",131072,3840
at_projections,"-13.-59.19.-7",65536,1536
at_projections,"-13.-6.-19.33",65536,4796
at_projections,"-13.-60.17.-3",65536,4796
at_projections,"-13.-7.-13.23",32768,1360
at_projections,"-13.-7.-17.30",131072,8232
at_projections,"-13.-8.-15.27",65536,2304
at_projections,"-13.-9.-13.24",32768,3934
at_projections,"-13.-9.-17.31",65536,1256
at_projections,"-14.-10.-14.26",65536,3624
at_projections,"-14.-10.-18.33",65536,6364
at_projections,"-14.-11.-16.30",131072,1536
at_projections,"-14.-12.-14.27",65536,2816
at_projections,"-14.-13.-12.24",16384,1552
at_projections,"-14.-13.-16.31",65536,3032
at_projections,"-14.-13.-4.10",16384,1828
at_projections,"-14.-13.-8.17",32768,1724
at_projections,"-14.-14.-10.21",65536,5824
at_projections,"-14.-14.-14.28",163840,896
at_projections,"-14.-14.-2.7",32768,3844
at_projections,"-14.-14.-6.14",32768,1632
at_projections,"-14.-15.-12.25",98304,3968
at_projections,"-14.-15.-16.32",16384,896
at_projections,"-14.-15.-4.11",32768,3456
at_projections,"-14.-15.-8.18",16384,1756
at_projections,"-14.-15.0.4",131072,11136
at_projections,"-14.-16.-14.29",65536,640
at_projections,"-14.-16.-2.8",98304,9016
at_projections,"-14.-16.-6.15",16384,3504
at_projections,"-14.-16.2.1",32768,3844
at_projections,"-14.-17.-12.26",131072,0
at_projections,"-14.-17.-4.12",147456,2064
at_projections,"-14.-17.0.5",65536,2048
at_projections,"-14.-17.4.-2",16384,1828
at_projections,"-14.-18.-10.23",65536,3200
at_projections,"-14.-18.-2.9",262144,0
at_projections,"-14.-18.-6.16",98304,2944
at_projections,"-14.-18.2.2",98304,9016
at_projections,"-14.-19.-12.27",65536,1536
at_projections,"-14.-19.-20.41",16384,640
at_projections,"-14.-19.-4.13",360448,4096
at_projections,"-14.-19.-8.20",16384,1710
at_projections,"-14.-19.0.6",262144,0
at_projections,"-14.-19.4.-1",32768,3456
at_projections,"-14.-20.-10.24",131072,1024
at_projections,"-14.-20.-18.38",16384,256
at_projections,"-14.-20.-2.10",393216,4096
at_projections,"-14.-20.-6.17",212992,5632
at_projections,"-14.-20.2.3",262144,0
at_projections,"-14.-20.6.-4",32768,1632
at_projections,"-14.-21.-4.14",278528,720
at_projections,"-14.-21.-8.21",131072,12396
at_projections,"-14.-21.0.7",393216,4096
at_projections,"-14.-21.4.0",147456,2064
at_projections,"-14.-21.8.-7",32768,1724
at_projections,"-14.-22.-10.25",81920,4806
at_projections,"-14.-22.-18.39",32768,496
at_projections,"-14.-22.-2.11",262144,0
at_projections,"-14.-22.-6.18",131072,9872
at_projections,"-14.-22.2.4",393216,4096
at_projections,"-14.-22.6.-3",16384,3504
at_projections,"-14.-23.-16.36",32768,2000
at_projections,"-14.-23.-20.43",32768,3128
at_projections,"-14.-23.-4.15",65536,2048
at_projections,"-14.-23.-8.22",229376,12669
at_projections,"-14.-23.0.8",262144,0
at_projections,"-14.-23.4.1",360448,4096
at_projections,"-14.-23.8.-6",16384,1756
at_projections,"-14.-24.-10.26",32768,512
at_projections,"-14.-24.-14.33",32768,3864
at_projections,"-14.-24.-2.12",65536,2048
at_projections,"-14.-24.-22.47",131072,2560
at_projections,"-14.-24.-6.19",81920,9628
at_projections,"-14.-24.10.-9",65536,5824
at_projections,"-14.-24.14.-16",65536,3624
at_projections,"-14.-24.2.5",262144,0
at_projections,"-14.-24.6.-2",98304,2944
at_projections,"-14.-25.-16.37",49152,4178
at_projections,"-14.-25.-20.44",65536,3072
at_projections,"-14.-25.-8.23",131072,10380
at_projections,"-14.-25.0.9",65536,2048
at_projections,"-14.-25.12.-12",16384,1552
at_projections,"-14.-25.16.-19",65536,4048
at_projections,"-14.-25.4.2",278528,720
at_projections,"-14.-26.-10.27",16384,1064
at_projections,"-14.-26.-14.34",16384,2976
at_projections,"-14.-26.-18.41",131072,1024
at_projections,"-14.-26.-6.20",131072,3072
at_projections,"-14.-26.14.-15",65536,2816
at_projections,"-14.-26.18.-22",131072,2512
at_projections,"-14.-26.2.6",65536,2048
at_projections,"-14.-26.6.-1",212992,5632
at_projections,"-14.-27.-12.31",98304,6960
at_projections,"-14.-27.-16.38",65536,2560
at_projections,"-14.-27.-20.45",32768,384
at_projections,"-14.-27.-4.17",65536,5960
at_projections,"-14.-27.-8.24",16384,312
at_projections,"-14.-27.12.-11",98304,3968
at_projections,"-14.-27.16.-18",131072,1536
at_projections,"-14.-27.4.3",65536,2048
at_projections,"-14.-27.8.-4",16384,1710
at_projections,"-14.-28.-10.28",16384,2691
at_projections,"-14.-28.-14.35",131072,0
at_projections,"-14.-28.-6.21",65536,5020
at_projections,"-14.-28.10.-7",65536,3200
at_projections,"-14.-28.14.-14",163840,896
at_projections,"-14.-28.18.-21",65536,6364
at_projections,"-14.-28.6.0",131072,9872
at_projections,"-14.-29.-12.32",65536,640
at_projections,"-14.-29.-16.39",32768,506
at_projections,"-14.-29.-4.18",131072,2048
at_projections,"-14.-29.-8.25",49152,4524
at_projections,"-14.-29.12.-10",131072,0
at_projections,"-14.-29.16.-17",65536,3032
at_projections,"-14.-29.8.-3",131072,12396
at_projections,"-14.-30.-10.29",163840,3264
at_projections,"-14.-30.-2.15",65536,4616
at_projections,"-14.-30.10.-6",131072,1024
at_projections,"-14.-30.14.-13",65536,640
at_projections,"-14.-30.6.1",81920,9628
at_projections,"-14.-31.-12.33",32768,640
at_projections,"-14.-31.-4.19",98304,5534
at_projections,"-14.-31.-8.26",98304,6272
at_projections,"-14.-31.12.-9",65536,1536
at_projections,"-14.-31.16.-16",16384,896
at_projections,"-14.-31.4.5",65536,5960
at_projections,"-14.-31.8.-2",229376,12669
at_projections,"-14.-32.-2.16",131072,768
at_projections,"-14.-32.-6.23",163840,6784
at_projections,"-14.-32.10.-5",81920,4806
at_projections,"-14.-32.2.9",65536,4616
at_projections,"-14.-32.6.2",131072,3072
at_projections,"-14.-33.-12.34",16384,720
at_projections,"-14.-33.-4.20",98304,10816
at_projections,"-14.-33.-8.27",32768,1920
at_projections,"-14.-33.0.13",163840,11908
at_projections,"-14.-33.4.6",131072,2048
at_projections,"-14.-33.8.-1",131072,10380
at_projections,"-14.-34.-14.38",32768,896
at_projections,"-14.-34.-2.17",262144,6912
at_projections,"-14.-34.-6.24",16384,2336
at_projections,"-14.-34.10.-4",32768,512
at_projections,"-14.-34.2.10",131072,768
at_projections,"-14.-34.6.3",65536,5020
at_projections,"-14.-35.-12.35",49152,3610
at_projections,"-14.-35.-16.42",32768,6812
at_projections,"-14.-35.-4.21",114688,8172
at_projections,"-14.-35.0.14",458752,9472
at_projections,"-14.-35.4.7",98304,5534
at_projections,"-14.-35.8.0",16384,312
at_projections,"-14.-36.-10.32",49152,5994
at_projections,"-14.-36.-14.39",32768,3864
at_projections,"-14.-36.-2.18",212992,7982
at_projections,"-14.-36.-6.25",98304,6760
at_projections,"-14.-36.10.-3",16384,1064
at_projections,"-14.-36.2.11",262144,6912
at_projections,"-14.-37.-12.36",32768,2964
at_projections,"-14.-37.-16.43",16384,2403
at_projections,"-14.-37.-4.22",163840,2272
at_projections,"-14.-37.-8.29",163840,12152
at_projections,"-14.-37.0.15",196608,8426
at_projections,"-14.-37.4.8",98304,10816
at_projections,"-14.-37.8.1",49152,4524
at_projections,"-14.-38.-10.33",114688,8381
at_projections,"-14.-38.-14.40",16384,2976
at_projections,"-14.-38.-2.19",98304,3816
at_projections,"-14.-38.-6.26",147456,3648
at_projections,"-14.-38.10.-2",16384,2691
at_projections,"-14.-38.14.-9",32768,3864
at_projections,"-14.-38.18.-16",16384,256
at_projections,"-14.-38.2.12",212992,7982
at_projections,"-14.-38.6.5",163840,6784
at_projections,"-14.-39.-12.37",65536,1908
at_projections,"-14.-39.-4.23",81920,4456
at_projections,"-14.-39.-8.30",147456,4618
at_projections,"-14.-39.0.16",65536,6416
at_projections,"-14.-39.12.-5",98304,6960
at_projections,"-14.-39.16.-12",32768,2000
at_projections,"-14.-39.20.-19",16384,640
at_projections,"-14.-39.4.9",114688,8172
at_projections,"-14.-39.8.2",98304,6272
at_projections,"-14.-40.-10.34",131072,1024
at_projections,"-14.-40.-14.41",65536,1792
at_projections,"-14.-40.-6.27",131072,9084
at_projections,"-14.-40.10.-1",163840,3264
at_projections,"-14.-40.14.-8",16384,2976
at_projections,"-14.-40.18.-15",32768,496
at_projections,"-14.-40.2.13",98304,3816
at_projections,"-14.-40.6.6",16384,2336
at_projections,"-14.-41.-12.38",131072,0
at_projections,"-14.-41.-16.45",65536,3488
at_projections,"-14.-41.-4.24",16384,2146
at_projections,"-14.-41.-8.31",65536,3396
at_projections,"-14.-41.12.-4",65536,640
at_projections,"-14.-41.16.-11",49152,4178
at_projections,"-14.-41.4.10",163840,2272
at_projections,"-14.-41.8.3",32768,1920
at_projections,"-14.-42.-10.35",65536,3520
at_projections,"-14.-42.-14.42",131072,0
at_projections,"-14.-42.-18.49",65536,5688
at_projections,"-14.-42.-2.21",16384,3869
at_projections,"-14.-42.14.-7",131072,0
at_projections,"-14.-42.6.7",98304,6760
at_projections,"-14.-43.-12.39",65536,1532
at_projections,"-14.-43.-16.46",131072,1536
at_projections,"-14.-43.-4.25",32768,4160
at_projections,"-14.-43.12.-3",32768,640
at_projections,"-14.-43.16.-10",65536,2560
at_projections,"-14.-43.20.-17",32768,3128
at_projections,"-14.-43.4.11",81920,4456
at_projections,"-14.-44.-14.43",65536,1664
at_projections,"-14.-44.-18.50",131072,2512
at_projections,"-14.-44.18.-13",131072,1024
at_projections,"-14.-44.2.15",16384,3869
at_projections,"-14.-44.6.8",147456,3648
at_projections,"-14.-45.-16.47",65536,3536
at_projections,"-14.-45.12.-2",16384,720
at_projections,"-14.-45.16.-9",32768,506
at_projections,"-14.-45.20.-16",65536,3072
at_projections,"-14.-45.4.12",16384,2146
at_projections,"-14.-45.8.5",163840,12152
at_projections,"-14.-46.-14.44",65536,3624
at_projections,"-14.-46.10.2",49152,5994
at_projections,"-14.-46.22.-19",131072,2560
at_projections,"-14.-46.6.9",131072,9084
at_projections,"-14.-47.12.-1",49152,3610
at_projections,"-14.-47.20.-15",32768,384
at_projections,"-14.-47.4.13",32768,4160
at_projections,"-14.-47.8.6",147456,4618
at_projections,"-14.-48.10.3",114688,8381
at_projections,"-14.-48.14.-4",32768,896
at_projections,"-14.-49.12.0",32768,2964
at_projections,"-14.-49.8.7",65536,3396
at_projections,"-14.-50.10.4",131072,1024
at_projections,"-14.-50.14.-3",32768,3864
at_projections,"-14.-51.12.1",65536,1908
at_projections,"-14.-51.16.-6",32768,6812
at_projections,"-14.-52.10.5",65536,3520
at_projections,"-14.-52.14.-2",16384,2976
at_projections,"-14.-53.12.2",131072,0
at_projections,"-14.-53.16.-5",16384,2403
at_projections,"-14.-54.14.-1",65536,1792
at_projections,"-14.-55.12.3",65536,1532
at_projections,"-14.-56.14.0",131072,0
at_projections,"-14.-57.16.-3",65536,3488
at_projections,"-14.-58.14.1",65536,1664
at_projections,"-14.-59.16.-2",131072,1536
at_projections,"-14.-60.14.2",65536,3624
at_projections,"-14.-60.18.-5",65536,5688
at_projections,"-14.-61.16.-1",65536,3536
at_projections,"-14.-62.18.-4",131072,2512
at_projections,"-14.-8.-18.32",131072,2512
at_projections,"-14.-9.-16.29",65536,4048
at_projections,"-15.-10.-17.31",65536,5488
at_projections,"-15.-11.-15.28",32768,3512
at_projections,"-15.-11.-19.35",65536,2304
at_projections,"-15.-12.-17.32",131072,5376
at_projections,"-15.-13.-15.29",98304,5008
at_projections,"-15.-14.-17.33",65536,3072
at_projections,"-15.-15.-15.30",131072,5632
at_projections,"-15.-16.-1.6",16384,2112
at_projections,"-15.-16.-13.27",65536,2560
at_projections,"-15.-16.-5.13",32768,3040
at_projections,"-15.-16.-9.20",16384,2116
at_projections,"-15.-17.-11.24",32768,3072
at_projections,"-15.-17.-15.31",65536,0
at_projections,"-15.-17.-3.10",32768,2856
at_projections,"-15.-17.-7.17",65536,3136
at_projections,"-15.-17.1.3",16384,2112
at_projections,"-15.-18.-1.7",131072,7464
at_projections,"-15.-18.-13.28",147456,1824
at_projections,"-15.-18.-5.14",16384,1500
at_projections,"-15.-18.-9.21",32768,3720
at_projections,"-15.-19.-11.25",65536,2560
at_projections,"-15.-19.-3.11",163840,5344
at_projections,"-15.-19.1.4",131072,7464
at_projections,"-15.-20.-1.8",262144,0
at_projections,"-15.-20.-13.29",65536,1536
at_projections,"-15.-20.-5.15",98304,5120
at_projections,"-15.-20.3.1",32768,2856
at_projections,"-15.-21.-11.26",131072,4840
at_projections,"-15.-21.-3.12",360448,5960
at_projections,"-15.-21.-7.19",16384,844
at_projections,"-15.-21.1.5",262144,0
at_projections,"-15.-21.5.-2",32768,3040
at_projections,"-15.-22.-1.9",393216,4096
at_projections,"-15.-22.-5.16",212992,4988
at_projections,"-15.-22.-9.23",65536,5084
at_projections,"-15.-22.3.2",163840,5344
at_projections,"-15.-23.-11.27",65536,1536
at_projections,"-15.-23.-3.13",278528,2880
at_projections,"-15.-23.-7.20",65536,7668
at_projections,"-15.-23.1.6",393216,4096
at_projections,"-15.-23.5.-1",16384,1500
at_projections,"-15.-24.-1.10",262144,0
at_projections,"-15.-24.-17.38",32768,752
at_projections,"-15.-24.-5.17",131072,8772
at_projections,"-15.-24.-9.24",147456,6636
at_projections,"-15.-24.3.3",360448,5960
at_projections,"-15.-24.7.-4",65536,3136
at_projections,"-15.-25.-3.14",65536,2048
at_projections,"-15.-25.-7.21",163840,15184
at_projections,"-15.-25.1.7",262144,0
at_projections,"-15.-25.5.0",98304,5120
at_projections,"-15.-25.9.-7",16384,2116
at_projections,"-15.-26.-1.11",65536,2048
at_projections,"-15.-26.-21.46",65536,4816
at_projections,"-15.-26.-5.18",16384,1974
at_projections,"-15.-26.-9.25",131072,6448
at_projections,"-15.-26.15.-17",32768,3512
at_projections,"-15.-26.3.4",278528,2880
at_projections,"-15.-27.-15.36",65536,6880
at_projections,"-15.-27.-19.43",65536,2560
at_projections,"-15.-27.-7.22",196608,13408
at_projections,"-15.-27.1.8",65536,2048
at_projections,"-15.-27.17.-20",65536,5488
at_projections,"-15.-27.5.1",212992,4988
at_projections,"-15.-27.9.-6",32768,3720
at_projections,"-15.-28.-13.33",16384,3524
at_projections,"-15.-28.-17.40",65536,1536
at_projections,"-15.-28.-21.47",65536,0
at_projections,"-15.-28.-5.19",65536,3936
at_projections,"-15.-28.-9.26",81920,3090
at_projections,"-15.-28.11.-9",32768,3072
at_projections,"-15.-28.15.-16",98304,5008
at_projections,"-15.-28.3.5",65536,2048
at_projections,"-15.-28.7.-2",16384,844
at_projections,"-15.-29.-11.30",16384,2916
at_projections,"-15.-29.-15.37",65536,4032
at_projections,"-15.-29.-19.44",65536,0
at_projections,"-15.-29.-7.23",81920,5976
at_projections,"-15.-29.13.-12",65536,2560
at_projections,"-15.-29.17.-19",131072,5376
at_projections,"-15.-29.5.2",131072,8772
at_projections,"-15.-30.-13.34",98304,4938
at_projections,"-15.-30.-17.41",65536,1280
at_projections,"-15.-30.-5.20",131072,9528
at_projections,"-15.-30.-9.27",32768,4176
at_projections,"-15.-30.11.-8",65536,2560
at_projections,"-15.-30.15.-15",131072,5632
at_projections,"-15.-30.19.-22",65536,2304
at_projections,"-15.-30.7.-1",65536,7668
at_projections,"-15.-31.-11.31",98304,4512
at_projections,"-15.-31.-15.38",65536,0
at_projections,"-15.-31.-3.17",65536,3504
at_projections,"-15.-31.13.-11",147456,1824
at_projections,"-15.-31.17.-18",65536,3072
at_projections,"-15.-31.5.3",16384,1974
at_projections,"-15.-31.9.-4",65536,5084
at_projections,"-15.-32.-13.35",65536,0
at_projections,"-15.-32.-5.21",65536,1024
at_projections,"-15.-32.-9.28",98304,4288
at_projections,"-15.-32.11.-7",131072,4840
at_projections,"-15.-32.15.-14",65536,0
at_projections,"-15.-32.7.0",163840,15184
at_projections,"-15.-33.-11.32",65536,512
at_projections,"-15.-33.-3.18",131072,4920
at_projections,"-15.-33.-7.25",98304,11184
at_projections,"-15.-33.13.-10",65536,1536
at_projections,"-15.-33.5.4",65536,3936
at_projections,"-15.-33.9.-3",147456,6636
at_projections,"-15.-34.-1.15",65536,3712
at_projections,"-15.-34.-5.22",65536,7072
at_projections,"-15.-34.-9.29",81920,4800
at_projections,"-15.-34.11.-6",65536,1536
at_projections,"-15.-34.3.8",65536,3504
at_projections,"-15.-34.7.1",196608,13408
at_projections,"-15.-35.-3.19",131072,2816
at_projections,"-15.-35.-7.26",81920,2752
at_projections,"-15.-35.1.12",65536,3712
at_projections,"-15.-35.5.5",131072,9528
at_projections,"-15.-35.9.-2",131072,6448
at_projections,"-15.-36.-1.16",294912,17800
at_projections,"-15.-36.-13.37",32768,1408
at_projections,"-15.-36.-5.23",131072,11648
at_projections,"-15.-36.3.9",131072,4920
at_projections,"-15.-36.7.2",81920,5976
at_projections,"-15.-37.-11.34",32768,2160
at_projections,"-15.-37.-3.20",147456,8704
at_projections,"-15.-37.1.13",294912,17800
at_projections,"-15.-37.5.6",65536,1024
at_projections,"-15.-37.9.-1",81920,3090
at_projections,"-15.-38.-1.17",311296,4352
at_projections,"-15.-38.-13.38",49152,4552
at_projections,"-15.-38.-5.24",65536,3504
at_projections,"-15.-38.-9.31",16384,352
at_projections,"-15.-38.3.10",131072,2816
at_projections,"-15.-39.-11.35",49152,3772
at_projections,"-15.-39.-15.42",65536,6880
at_projections,"-15.-39.-3.21",196608,8964
at_projections,"-15.-39.-7.28",81920,4680
at_projections,"-15.-39.1.14",311296,4352
at_projections,"-15.-39.5.7",65536,7072
at_projections,"-15.-39.9.0",32768,4176
at_projections,"-15.-40.-1.18",131072,6880
at_projections,"-15.-40.-13.39",16384,1240
at_projections,"-15.-40.-5.25",196608,8632
at_projections,"-15.-40.-9.32",163840,13210
at_projections,"-15.-40.11.-3",16384,2916
at_projections,"-15.-40.3.11",147456,8704
at_projections,"-15.-40.7.4",98304,11184
at_projections,"-15.-41.-11.36",81920,7292
at_projections,"-15.-41.-3.22",81920,1688
at_projections,"-15.-41.-7.29",180224,11568
at_projections,"-15.-41.1.15",131072,6880
at_projections,"-15.-41.13.-6",16384,3524
at_projections,"-15.-41.17.-13",32768,752
at_projections,"-15.-41.5.8",131072,11648
at_projections,"-15.-41.9.1",98304,4288
at_projections,"-15.-42.-1.19",16384,896
at_projections,"-15.-42.-13.40",65536,2560
at_projections,"-15.-42.-5.26",81920,5976
at_projections,"-15.-42.-9.33",131072,4488
at_projections,"-15.-42.11.-2",98304,4512
at_projections,"-15.-42.15.-9",65536,6880
at_projections,"-15.-42.3.12",196608,8964
at_projections,"-15.-42.7.5",81920,2752
at_projections,"-15.-43.-11.37",131072,2304
at_projections,"-15.-43.-15.44",65536,2560
at_projections,"-15.-43.-7.30",98304,5040
at_projections,"-15.-43.1.16",16384,896
at_projections,"-15.-43.13.-5",98304,4938
at_projections,"-15.-43.5.9",65536,3504
at_projections,"-15.-43.9.2",81920,4800
at_projections,"-15.-44.-13.41",131072,2816
at_projections,"-15.-44.-17.48",65536,3280
at_projections,"-15.-44.-5.27",32768,3856
at_projections,"-15.-44.-9.34",65536,1536
at_projections,"-15.-44.11.-1",65536,512
at_projections,"-15.-44.15.-8",65536,4032
at_projections,"-15.-44.3.13",81920,1688
at_projections,"-15.-45.-11.38",65536,1536
at_projections,"-15.-45.-15.45",131072,3264
at_projections,"-15.-45.-19.52",65536,5488
at_projections,"-15.-45.-3.24",32768,4086
at_projections,"-15.-45.13.-4",65536,0
at_projections,"-15.-45.17.-11",65536,1536
at_projections,"-15.-45.5.10",196608,8632
at_projections,"-15.-46.-13.42",65536,0
at_projections,"-15.-46.-17.49",131072,8184
at_projections,"-15.-46.15.-7",65536,0
at_projections,"-15.-46.19.-14",65536,2560
at_projections,"-15.-46.7.7",81920,4680
at_projections,"-15.-47.-15.46",98304,6584
at_projections,"-15.-47.17.-10",65536,1280
at_projections,"-15.-47.21.-17",65536,4816
at_projections,"-15.-47.5.11",81920,5976
at_projections,"-15.-47.9.4",16384,352
at_projections,"-15.-48.-17.50",65536,2304
at_projections,"-15.-48.11.1",32768,2160
at_projections,"-15.-48.19.-13",65536,0
at_projections,"-15.-48.3.15",32768,4086
at_projections,"-15.-48.7.8",180224,11568
at_projections,"-15.-49.-15.47",32768,1744
at_projections,"-15.-49.13.-2",32768,1408
at_projections,"-15.-49.21.-16",65536,0
at_projections,"-15.-49.5.12",32768,3856
at_projections,"-15.-49.9.5",163840,13210
at_projections,"-15.-50.11.2",49152,3772
at_projections,"-15.-50.7.9",98304,5040
at_projections,"-15.-51.13.-1",49152,4552
at_projections,"-15.-51.9.6",131072,4488
at_projections,"-15.-52.11.3",81920,7292
at_projections,"-15.-53.13.0",16384,1240
at_projections,"-15.-53.9.7",65536,1536
at_projections,"-15.-54.11.4",131072,2304
at_projections,"-15.-54.15.-3",65536,6880
at_projections,"-15.-55.13.1",65536,2560
at_projections,"-15.-56.11.5",65536,1536
at_projections,"-15.-57.13.2",131072,2816
at_projections,"-15.-58.15.-1",65536,2560
at_projections,"-15.-59.13.3",65536,0
at_projections,"-15.-60.15.0",131072,3264
at_projections,"-15.-61.17.-3",65536,3280
at_projections,"-15.-62.15.1",98304,6584
at_projections,"-15.-63.17.-2",131072,8184
at_projections,"-15.-64.15.2",32768,1744
at_projections,"-15.-64.19.-5",65536,5488
at_projections,"-15.-65.17.-1",65536,2304
at_projections,"-16.-13.-18.34",131072,2560
at_projections,"-16.-14.-16.31",131072,6940
at_projections,"-16.-15.-18.35",65536,3072
at_projections,"-16.-16.-16.32",131072,4576
at_projections,"-16.-17.-14.29",65536,4000
at_projections,"-16.-18.-16.33",65536,4864
at_projections,"-16.-19.-14.30",131072,1536
at_projections,"-16.-19.-2.9",32768,3168
at_projections,"-16.-19.-6.16",16384,1732
at_projections,"-16.-20.-12.27",65536,4352
at_projections,"-16.-20.-4.13",65536,5568
at_projections,"-16.-20.-8.20",32768,2784
at_projections,"-16.-20.0.6",131072,5504
at_projections,"-16.-21.-10.24",16384,2064
at_projections,"-16.-21.-14.31",65536,3024
at_projections,"-16.-21.-2.10",163840,3322
at_projections,"-16.-21.-6.17",32768,2912
at_projections,"-16.-21.2.3",32768,3168
at_projections,"-16.-22.-12.28",131072,2560
at_projections,"-16.-22.-4.14",98304,4832
at_projections,"-16.-22.0.7",294912,2336
at_projections,"-16.-23.-10.25",65536,6516
at_projections,"-16.-23.-2.11",360448,4960
at_projections,"-16.-23.-6.18",16384,1552
at_projections,"-16.-23.2.4",163840,3322
at_projections,"-16.-24.-12.29",65536,2688
at_projections,"-16.-24.-4.15",212992,9712
at_projections,"-16.-24.0.8",393216,4096
at_projections,"-16.-24.4.1",65536,5568
at_projections,"-16.-25.-10.26",131072,3072
at_projections,"-16.-25.-2.12",278528,2044
at_projections,"-16.-25.-6.19",65536,7614
at_projections,"-16.-25.2.5",360448,4960
at_projections,"-16.-25.6.-2",16384,1732
at_projections,"-16.-26.-4.16",131072,9076
at_projections,"-16.-26.-8.23",81920,7085
at_projections,"-16.-26.0.9",262144,0
at_projections,"-16.-26.4.2",98304,4832
at_projections,"-16.-27.-10.27",65536,1024
at_projections,"-16.-27.-2.13",65536,2048
at_projections,"-16.-27.-6.20",98304,9185
at_projections,"-16.-27.2.6",278528,2044
at_projections,"-16.-27.6.-1",32768,2912
at_projections,"-16.-28.-16.38",16384,2185
at_projections,"-16.-28.-4.17",16384,1876
at_projections,"-16.-28.-8.24",196608,6624
at_projections,"-16.-28.0.10",65536,2048
at_projections,"-16.-28.4.3",212992,9712
at_projections,"-16.-28.8.-4",32768,2784
at_projections,"-16.-29.-10.28",16384,2168
at_projections,"-16.-29.-14.35",16384,2403
at_projections,"-16.-29.-18.42",32768,2304
at_projections,"-16.-29.-6.21",131072,8248
at_projections,"-16.-29.2.7",65536,2048
at_projections,"-16.-29.6.0",16384,1552
at_projections,"-16.-30.-20.46",131072,512
at_projections,"-16.-30.-8.25",163840,10268
at_projections,"-16.-30.16.-17",131072,6940
at_projections,"-16.-30.4.4",131072,9076
at_projections,"-16.-31.-10.29",32768,4256
at_projections,"-16.-31.-14.36",65536,9372
at_projections,"-16.-31.-18.43",65536,1780
at_projections,"-16.-31.-6.22",147456,7152
at_projections,"-16.-31.10.-6",16384,2064
at_projections,"-16.-31.14.-13",65536,4000
at_projections,"-16.-31.18.-20",131072,2560
at_projections,"-16.-31.6.1",65536,7614
at_projections,"-16.-32.-12.33",32768,3722
at_projections,"-16.-32.-16.40",131072,2040
at_projections,"-16.-32.-4.19",65536,6116
at_projections,"-16.-32.-8.26",65536,7322
at_projections,"-16.-32.12.-9",65536,4352
at_projections,"-16.-32.16.-16",131072,4576
at_projections,"-16.-32.4.5",16384,1876
at_projections,"-16.-33.-10.30",81920,8394
at_projections,"-16.-33.-14.37",65536,2540
at_projections,"-16.-33.-18.44",32768,0
at_projections,"-16.-33.-6.23",65536,5888
at_projections,"-16.-33.10.-5",65536,6516
at_projections,"-16.-33.14.-12",131072,1536
at_projections,"-16.-33.18.-19",65536,3072
at_projections,"-16.-33.6.2",98304,9185
at_projections,"-16.-34.-12.34",147456,2112
at_projections,"-16.-34.-4.20",131072,3536
at_projections,"-16.-34.-8.27",16384,3938
at_projections,"-16.-34.12.-8",131072,2560
at_projections,"-16.-34.16.-15",65536,4864
at_projections,"-16.-34.8.-1",81920,7085
at_projections,"-16.-35.-10.31",81920,2846
at_projections,"-16.-35.-14.38",32768,0
at_projections,"-16.-35.-2.17",65536,5780
at_projections,"-16.-35.-6.24",32768,4152
at_projections,"-16.-35.10.-4",131072,3072
at_projections,"-16.-35.14.-11",65536,3024
at_projections,"-16.-35.6.3",131072,8248
at_projections,"-16.-36.-4.21",65536,2880
at_projections,"-16.-36.-8.28",196608,8272
at_projections,"-16.-36.12.-7",65536,2688
at_projections,"-16.-36.4.7",65536,6116
at_projections,"-16.-36.8.0",196608,6624
at_projections,"-16.-37.-10.32",32768,1768
at_projections,"-16.-37.-2.18",163840,5376
at_projections,"-16.-37.-6.25",81920,12158
at_projections,"-16.-37.10.-3",65536,1024
at_projections,"-16.-37.2.11",65536,5780
at_projections,"-16.-37.6.4",147456,7152
at_projections,"-16.-38.-4.22",147456,7289
at_projections,"-16.-38.0.15",131072,12544
at_projections,"-16.-38.4.8",131072,3536
at_projections,"-16.-38.8.1",163840,10268
at_projections,"-16.-39.-14.40",16384,896
at_projections,"-16.-39.-2.19",196608,9020
at_projections,"-16.-39.-6.26",65536,5184
at_projections,"-16.-39.10.-2",16384,2168
at_projections,"-16.-39.2.12",163840,5376
at_projections,"-16.-39.6.5",65536,5888
at_projections,"-16.-40.-12.37",65536,3136
at_projections,"-16.-40.-16.44",16384,2185
at_projections,"-16.-40.-4.23",98304,7688
at_projections,"-16.-40.0.16",524288,8928
at_projections,"-16.-40.4.9",65536,2880
at_projections,"-16.-40.8.2",65536,7322
at_projections,"-16.-41.-10.34",49152,3402
at_projections,"-16.-41.-14.41",16384,2144
at_projections,"-16.-41.-2.20",196608,5716
at_projections,"-16.-41.-6.27",81920,6620
at_projections,"-16.-41.10.-1",32768,4256
at_projections,"-16.-41.2.13",196608,9020
at_projections,"-16.-41.6.6",32768,4152
at_projections,"-16.-42.-12.38",65536,2976
at_projections,"-16.-42.-4.24",147456,4112
at_projections,"-16.-42.-8.31",114688,11071
at_projections,"-16.-42.0.17",196608,4992
at_projections,"-16.-42.4.10",147456,7289
at_projections,"-16.-42.8.3",16384,3938
at_projections,"-16.-43.-10.35",114688,11668
at_projections,"-16.-43.-14.42",32768,2000
at_projections,"-16.-43.-2.21",147456,5590
at_projections,"-16.-43.-6.28",163840,5520
at_projections,"-16.-43.10.0",81920,8394
at_projections,"-16.-43.14.-7",16384,2403
at_projections,"-16.-43.2.14",196608,5716
at_projections,"-16.-43.6.7",81920,12158
at_projections,"-16.-44.-12.39",65536,4474
at_projections,"-16.-44.-4.25",98304,5550
at_projections,"-16.-44.-8.32",180224,6114
at_projections,"-16.-44.0.18",32768,3732
at_projections,"-16.-44.12.-3",32768,3722
at_projections,"-16.-44.16.-10",16384,2185
at_projections,"-16.-44.4.11",98304,7688
at_projections,"-16.-44.8.4",196608,8272
at_projections,"-16.-45.-10.36",131072,3072
at_projections,"-16.-45.-14.43",65536,2904
at_projections,"-16.-45.-6.29",98304,7984
at_projections,"-16.-45.10.1",81920,2846
at_projections,"-16.-45.14.-6",65536,9372
at_projections,"-16.-45.2.15",147456,5590
at_projections,"-16.-45.6.8",65536,5184
at_projections,"-16.-46.-12.40",131072,2560
at_projections,"-16.-46.-16.47",65536,4768
at_projections,"-16.-46.-4.26",32768,3728
at_projections,"-16.-46.-8.33",65536,1314
at_projections,"-16.-46.12.-2",147456,2112
at_projections,"-16.-46.4.12",147456,4112
at_projections,"-16.-47.-10.37",65536,1280
at_projections,"-16.-47.-14.44",131072,1536
at_projections,"-16.-47.-18.51",65536,7176
at_projections,"-16.-47.-6.30",16384,2168
at_projections,"-16.-47.10.2",32768,1768
at_projections,"-16.-47.14.-5",65536,2540
at_projections,"-16.-47.18.-12",32768,2304
at_projections,"-16.-47.6.9",81920,6620
at_projections,"-16.-48.-12.41",65536,2560
at_projections,"-16.-48.-16.48",131072,4576
at_projections,"-16.-48.-4.27",16384,1064
at_projections,"-16.-48.16.-8",131072,2040
at_projections,"-16.-48.4.13",98304,5550
at_projections,"-16.-49.-14.45",65536,4176
at_projections,"-16.-49.-18.52",131072,2560
at_projections,"-16.-49.14.-4",32768,0
at_projections,"-16.-49.18.-11",65536,1780
at_projections,"-16.-49.6.10",163840,5520
at_projections,"-16.-50.-16.49",131072,7036
at_projections,"-16.-50.20.-14",131072,512
at_projections,"-16.-50.4.14",32768,3728
at_projections,"-16.-50.8.7",114688,11071
at_projections,"-16.-51.10.4",49152,3402
at_projections,"-16.-51.18.-10",32768,0
at_projections,"-16.-51.6.11",98304,7984
at_projections,"-16.-52.12.1",65536,3136
at_projections,"-16.-52.4.15",16384,1064
at_projections,"-16.-52.8.8",180224,6114
at_projections,"-16.-53.10.5",114688,11668
at_projections,"-16.-53.14.-2",16384,896
at_projections,"-16.-53.6.12",16384,2168
at_projections,"-16.-54.12.2",65536,2976
at_projections,"-16.-54.8.9",65536,1314
at_projections,"-16.-55.10.6",131072,3072
at_projections,"-16.-55.14.-1",16384,2144
at_projections,"-16.-56.12.3",65536,4474
at_projections,"-16.-56.16.-4",16384,2185
at_projections,"-16.-57.10.7",65536,1280
at_projections,"-16.-57.14.0",32768,2000
at_projections,"-16.-58.12.4",131072,2560
at_projections,"-16.-59.14.1",65536,2904
at_projections,"-16.-60.12.5",65536,2560
at_projections,"-16.-61.14.2",131072,1536
at_projections,"-16.-62.16.-1",65536,4768
at_projections,"-16.-63.14.3",65536,4176
at_projections,"-16.-64.16.0",131072,4576
at_projections,"-16.-65.18.-3",65536,7176
at_projections,"-16.-66.16.1",131072,7036
at_projections,"-16.-67.18.-2",131072,2560
at_projections,"-17.-15.-17.33",98304,5632
at_projections,"-17.-16.-19.37",98304,0
at_projections,"-17.-17.-17.34",163840,4560
at_projections,"-17.-18.-15.31",65536,4560
at_projections,"-17.-18.-19.38",32768,1744
at_projections,"-17.-19.-17.35",65536,3072
at_projections,"-17.-20.-15.32",131072,5584
at_projections,"-17.-20.-19.39",32768,3934
at_projections,"-17.-21.-13.29",65536,2304
at_projections,"-17.-22.-15.33",65536,3624
at_projections,"-17.-22.-19.40",32768,1536
at_projections,"-17.-22.-3.12",16384,2112
at_projections,"-17.-23.-1.9",229376,2768
at_projections,"-17.-23.-13.30",131072,7100
at_projections,"-17.-23.-5.16",32768,3768
at_projections,"-17.-24.-11.27",65536,4608
at_projections,"-17.-24.-19.41",32768,0
at_projections,"-17.-24.-3.13",131072,8712
at_projections,"-17.-24.-7.20",16384,1776
at_projections,"-17.-24.1.6",229376,2768
at_projections,"-17.-25.-1.10",360448,4800
at_projections,"-17.-25.-13.31",65536,1536
at_projections,"-17.-25.-5.17",16384,2116
at_projections,"-17.-25.3.3",16384,2112
at_projections,"-17.-26.-11.28",131072,4608
at_projections,"-17.-26.-19.42",32768,0
at_projections,"-17.-26.-3.14",212992,6750
at_projections,"-17.-26.1.7",360448,4800
at_projections,"-17.-27.-1.11",278528,1500
at_projections,"-17.-27.-5.18",65536,7772
at_projections,"-17.-27.-9.25",65536,4608
at_projections,"-17.-27.3.4",131072,8712
at_projections,"-17.-28.-11.29",65536,0
at_projections,"-17.-28.-19.43",32768,2560
at_projections,"-17.-28.-3.15",131072,10464
at_projections,"-17.-28.-7.22",16384,2392
at_projections,"-17.-28.1.8",278528,1500
at_projections,"-17.-28.5.1",32768,3768
at_projections,"-17.-29.-1.12",65536,2048
at_projections,"-17.-29.-5.19",98304,7224
at_projections,"-17.-29.-9.26",131072,1024
at_projections,"-17.-29.3.5",212992,6750
at_projections,"-17.-30.-19.44",32768,4024
at_projections,"-17.-30.-3.16",16384,592
at_projections,"-17.-30.-7.23",131072,7208
at_projections,"-17.-30.1.9",65536,2048
at_projections,"-17.-30.5.2",16384,2116
at_projections,"-17.-31.-5.20",65536,2216
at_projections,"-17.-31.-9.27",81920,1776
at_projections,"-17.-31.3.6",131072,10464
at_projections,"-17.-31.7.-1",16384,1776
at_projections,"-17.-32.-19.45",98304,1920
at_projections,"-17.-32.-7.24",229376,8414
at_projections,"-17.-32.17.-18",98304,5632
at_projections,"-17.-32.5.3",65536,7772
at_projections,"-17.-33.-13.35",32768,4028
at_projections,"-17.-33.-17.42",65536,3036
at_projections,"-17.-33.-5.21",81920,3696
at_projections,"-17.-33.-9.28",65536,6310
at_projections,"-17.-33.15.-14",65536,4560
at_projections,"-17.-33.3.7",16384,592
at_projections,"-17.-34.-15.39",65536,1280
at_projections,"-17.-34.-19.46",98304,0
at_projections,"-17.-34.-7.25",131072,7016
at_projections,"-17.-34.13.-10",65536,2304
at_projections,"-17.-34.17.-17",163840,4560
at_projections,"-17.-34.5.4",98304,7224
at_projections,"-17.-35.-13.36",65536,2816
at_projections,"-17.-35.-17.43",65536,0
at_projections,"-17.-35.-5.22",131072,9584
at_projections,"-17.-35.-9.29",81920,7932
at_projections,"-17.-35.11.-6",65536,4608
at_projections,"-17.-35.15.-13",131072,5584
at_projections,"-17.-35.19.-20",98304,0
at_projections,"-17.-35.7.1",16384,2392
at_projections,"-17.-36.-11.33",131072,3072
at_projections,"-17.-36.-15.40",65536,1536
at_projections,"-17.-36.-19.47",32768,256
at_projections,"-17.-36.-3.19",65536,3256
at_projections,"-17.-36.-7.26",16384,1656
at_projections,"-17.-36.13.-9",131072,7100
at_projections,"-17.-36.17.-16",65536,3072
at_projections,"-17.-36.5.5",65536,2216
at_projections,"-17.-36.9.-2",65536,4608
at_projections,"-17.-37.-13.37",65536,256
at_projections,"-17.-37.-5.23",65536,2432
at_projections,"-17.-37.-9.30",114688,5685
at_projections,"-17.-37.11.-5",131072,4608
at_projections,"-17.-37.15.-12",65536,3624
at_projections,"-17.-37.19.-19",32768,1744
at_projections,"-17.-37.7.2",131072,7208
at_projections,"-17.-38.-11.34",65536,3072
at_projections,"-17.-38.-19.48",32768,2688
at_projections,"-17.-38.-3.20",131072,6456
at_projections,"-17.-38.-7.27",81920,7437
at_projections,"-17.-38.13.-8",65536,1536
at_projections,"-17.-38.5.6",81920,3696
at_projections,"-17.-38.9.-1",131072,1024
at_projections,"-17.-39.-1.17",65536,3584
at_projections,"-17.-39.-5.24",65536,4500
at_projections,"-17.-39.-9.31",98304,2544
at_projections,"-17.-39.11.-4",65536,0
at_projections,"-17.-39.19.-18",32768,3934
at_projections,"-17.-39.3.10",65536,3256
at_projections,"-17.-39.7.3",229376,8414
at_projections,"-17.-40.-19.49",32768,2688
at_projections,"-17.-40.-3.21",131072,6840
at_projections,"-17.-40.-7.28",98304,8768
at_projections,"-17.-40.1.14",65536,3584
at_projections,"-17.-40.5.7",131072,9584
at_projections,"-17.-40.9.0",81920,1776
at_projections,"-17.-41.-1.18",294912,9336
at_projections,"-17.-41.-5.25",98304,6592
at_projections,"-17.-41.19.-17",32768,1536
at_projections,"-17.-41.3.11",131072,6456
at_projections,"-17.-41.7.4",131072,7016
at_projections,"-17.-42.-11.36",16384,2064
at_projections,"-17.-42.-19.50",32768,128
at_projections,"-17.-42.-3.22",163840,8272
at_projections,"-17.-42.1.15",294912,9336
at_projections,"-17.-42.5.8",65536,2432
at_projections,"-17.-42.9.1",65536,6310
at_projections,"-17.-43.-1.19",294912,2048
at_projections,"-17.-43.-13.40",49152,2464
at_projections,"-17.-43.-5.26",81920,5176
at_projections,"-17.-43.19.-16",32768,0
at_projections,"-17.-43.3.12",131072,6840
at_projections,"-17.-43.7.5",16384,1656
at_projections,"-17.-44.-11.37",49152,4148
at_projections,"-17.-44.-15.44",32768,752
at_projections,"-17.-44.-19.51",32768,0
at_projections,"-17.-44.-3.23",163840,6358
at_projections,"-17.-44.-7.30",98304,4728
at_projections,"-17.-44.1.16",294912,2048
at_projections,"-17.-44.5.9",65536,4500
at_projections,"-17.-44.9.2",81920,7932
at_projections,"-17.-45.-1.20",147456,4728
at_projections,"-17.-45.-13.41",32768,1744
at_projections,"-17.-45.-5.27",163840,10744
at_projections,"-17.-45.-9.34",163840,10648
at_projections,"-17.-45.19.-15",32768,0
at_projections,"-17.-45.3.13",163840,8272
at_projections,"-17.-45.7.6",81920,7437
at_projections,"-17.-46.-11.38",98304,6492
at_projections,"-17.-46.-19.52",32768,1360
at_projections,"-17.-46.-3.24",98304,3716
at_projections,"-17.-46.-7.31",180224,10592
at_projections,"-17.-46.1.17",147456,4728
at_projections,"-17.-46.13.-4",32768,4028
at_projections,"-17.-46.5.10",98304,6592
at_projections,"-17.-46.9.3",114688,5685
at_projections,"-17.-47.-1.21",32768,1770
at_projections,"-17.-47.-13.42",65536,4608
at_projections,"-17.-47.-5.28",81920,2832
at_projections,"-17.-47.-9.35",147456,5100
at_projections,"-17.-47.11.0",131072,3072
at_projections,"-17.-47.19.-14",32768,2560
at_projections,"-17.-47.3.14",163840,6358
at_projections,"-17.-47.7.7",98304,8768
at_projections,"-17.-48.-11.39",131072,3072
at_projections,"-17.-48.-15.46",65536,2304
at_projections,"-17.-48.-19.53",32768,4024
at_projections,"-17.-48.-7.32",81920,1746
at_projections,"-17.-48.1.18",32768,1770
at_projections,"-17.-48.13.-3",65536,2816
at_projections,"-17.-48.5.11",81920,5176
at_projections,"-17.-48.9.4",98304,2544
at_projections,"-17.-49.-13.43",131072,2792
at_projections,"-17.-49.-17.50",65536,4560
at_projections,"-17.-49.-5.29",65536,1248
at_projections,"-17.-49.-9.36",65536,0
at_projections,"-17.-49.11.1",65536,3072
at_projections,"-17.-49.15.-6",65536,1280
at_projections,"-17.-49.19.-13",32768,4024
at_projections,"-17.-49.3.15",98304,3716
at_projections,"-17.-50.-11.40",65536,1536
at_projections,"-17.-50.-15.47",131072,8560
at_projections,"-17.-50.-19.54",98304,6400
at_projections,"-17.-50.13.-2",65536,256
at_projections,"-17.-50.17.-9",65536,3036
at_projections,"-17.-50.5.12",163840,10744
at_projections,"-17.-51.-13.44",65536,3624
at_projections,"-17.-51.-17.51",163840,8704
at_projections,"-17.-51.15.-5",65536,1536
at_projections,"-17.-51.19.-12",98304,1920
at_projections,"-17.-51.7.9",98304,4728
at_projections,"-17.-52.-15.48",65536,3072
at_projections,"-17.-52.17.-8",65536,0
at_projections,"-17.-52.5.13",81920,2832
at_projections,"-17.-53.-17.52",98304,0
at_projections,"-17.-53.11.3",16384,2064
at_projections,"-17.-53.19.-11",98304,0
at_projections,"-17.-53.7.10",180224,10592
at_projections,"-17.-54.5.14",65536,1248
at_projections,"-17.-54.9.7",163840,10648
at_projections,"-17.-55.11.4",49152,4148
at_projections,"-17.-55.19.-10",32768,256
at_projections,"-17.-55.7.11",81920,1746
at_projections,"-17.-56.13.1",49152,2464
at_projections,"-17.-56.9.8",147456,5100
at_projections,"-17.-57.11.5",98304,6492
at_projections,"-17.-57.19.-9",32768,2688
at_projections,"-17.-58.13.2",32768,1744
at_projections,"-17.-58.9.9",65536,0
at_projections,"-17.-59.11.6",131072,3072
at_projections,"-17.-59.15.-1",32768,752
at_projections,"-17.-59.19.-8",32768,2688
at_projections,"-17.-60.13.3",65536,4608
at_projections,"-17.-61.11.7",65536,1536
at_projections,"-17.-61.19.-7",32768,128
at_projections,"-17.-62.13.4",131072,2792
at_projections,"-17.-63.15.1",65536,2304
at_projections,"-17.-63.19.-6",32768,0
at_projections,"-17.-64.13.5",65536,3624
at_projections,"-17.-65.15.2",131072,8560
at_projections,"-17.-65.19.-5",32768,1360
at_projections,"-17.-66.17.-1",65536,4560
at_projections,"-17.-67.15.3",65536,3072
at_projections,"-17.-67.19.-4",32768,4024
at_projections,"-17.-68.17.0",163840,8704
at_projections,"-17.-69.19.-3",98304,6400
at_projections,"-17.-70.17.1",98304,0
at_projections,"-18.-18.-18.36",294912,128
at_projections,"-18.-19.-16.33",32768,4536
at_projections,"-18.-20.-18.37",98304,4092
at_projections,"-18.-21.-16.34",131072,2560
at_projections,"-18.-22.-14.31",32768,3384
at_projections,"-18.-22.-18.38",65536,3624
at_projections,"-18.-23.-16.35",32768,2640
at_projections,"-18.-24.-14.32",131072,2512
at_projections,"-18.-24.-18.39",65536,2304
at_projections,"-18.-25.-12.29",32768,1408
at_projections,"-18.-26.-14.33",32768,2304
at_projections,"-18.-26.-18.40",65536,0
at_projections,"-18.-26.-2.12",131072,6080
at_projections,"-18.-27.-12.30",131072,1536
at_projections,"-18.-27.-4.16",32768,3850
at_projections,"-18.-27.0.9",393216,3072
at_projections,"-18.-28.-10.27",32768,1658
at_projections,"-18.-28.-18.41",65536,0
at_projections,"-18.-28.-2.13",212992,7336
at_projections,"-18.-28.2.6",131072,6080
at_projections,"-18.-29.-12.31",32768,1024
at_projections,"-18.-29.-4.17",65536,5232
at_projections,"-18.-29.0.10",294912,2432
at_projections,"-18.-30.-10.28",131072,0
at_projections,"-18.-30.-18.42",65536,1792
at_projections,"-18.-30.-2.14",131072,10712
at_projections,"-18.-30.-6.21",16384,1761
at_projections,"-18.-30.2.7",212992,7336
at_projections,"-18.-31.-4.18",98304,6319
at_projections,"-18.-31.-8.25",32768,1536
at_projections,"-18.-31.0.11",65536,2048
at_projections,"-18.-31.4.4",32768,3850
at_projections,"-18.-32.-10.29",32768,0
at_projections,"-18.-32.-18.43",65536,2560
at_projections,"-18.-32.-2.15",16384,2175
at_projections,"-18.-32.-6.22",65536,2024
at_projections,"-18.-32.2.8",131072,10712
at_projections,"-18.-33.-4.19",65536,512
at_projections,"-18.-33.-8.26",147456,1296
at_projections,"-18.-33.4.5",65536,5232
at_projections,"-18.-34.-18.44",65536,1536
at_projections,"-18.-34.-6.23",131072,5108
at_projections,"-18.-34.2.9",16384,2175
at_projections,"-18.-35.-16.41",32768,1652
at_projections,"-18.-35.-4.20",16384,0
at_projections,"-18.-35.-8.27",98304,4384
at_projections,"-18.-35.16.-15",32768,4536
at_projections,"-18.-35.4.6",98304,6319
at_projections,"-18.-36.-10.31",16384,1887
at_projections,"-18.-36.-18.45",196608,0
at_projections,"-18.-36.-6.24",196608,3328
at_projections,"-18.-36.14.-11",32768,3384
at_projections,"-18.-36.18.-18",294912,128
at_projections,"-18.-36.6.3",16384,1761
at_projections,"-18.-37.-12.35",49152,3340
at_projections,"-18.-37.-16.42",65536,2304
at_projections,"-18.-37.-4.21",32768,3240
at_projections,"-18.-37.-8.28",98304,5445
at_projections,"-18.-37.12.-7",32768,1408
at_projections,"-18.-37.16.-14",131072,2560
at_projections,"-18.-37.4.7",65536,512
at_projections,"-18.-38.-10.32",49152,1824
at_projections,"-18.-38.-14.39",131072,1024
at_projections,"-18.-38.-18.46",65536,1536
at_projections,"-18.-38.-6.25",49152,3532
at_projections,"-18.-38.10.-3",32768,1658
at_projections,"-18.-38.14.-10",131072,2512
at_projections,"-18.-38.18.-17",98304,4092
at_projections,"-18.-38.6.4",65536,2024
at_projections,"-18.-39.-12.36",65536,2848
at_projections,"-18.-39.-16.43",32768,128
at_projections,"-18.-39.-4.22",131072,2816
at_projections,"-18.-39.-8.29",98304,7248
at_projections,"-18.-39.12.-6",131072,1536
at_projections,"-18.-39.16.-13",32768,2640
at_projections,"-18.-39.4.8",16384,0
at_projections,"-18.-39.8.1",32768,1536
at_projections,"-18.-40.-10.33",180224,3392
at_projections,"-18.-40.-18.47",65536,2560
at_projections,"-18.-40.-2.19",32768,1152
at_projections,"-18.-40.10.-2",131072,0
at_projections,"-18.-40.14.-9",32768,2304
at_projections,"-18.-40.18.-16",65536,3624
at_projections,"-18.-40.6.5",131072,5108
at_projections,"-18.-41.-12.37",32768,1536
at_projections,"-18.-41.-4.23",65536,3688
at_projections,"-18.-41.-8.30",114688,6940
at_projections,"-18.-41.12.-5",32768,1024
at_projections,"-18.-41.4.9",32768,3240
at_projections,"-18.-41.8.2",147456,1296
at_projections,"-18.-42.-18.48",65536,1792
at_projections,"-18.-42.-2.20",131072,768
at_projections,"-18.-42.-6.27",163840,9152
at_projections,"-18.-42.10.-1",32768,0
at_projections,"-18.-42.18.-15",65536,2304
at_projections,"-18.-42.2.13",32768,1152
at_projections,"-18.-42.6.6",196608,3328
at_projections,"-18.-43.-4.24",65536,6144
at_projections,"-18.-43.-8.31",49152,2472
at_projections,"-18.-43.0.17",98304,5328
at_projections,"-18.-43.4.10",131072,2816
at_projections,"-18.-43.8.3",98304,4384
at_projections,"-18.-44.-18.49",65536,0
at_projections,"-18.-44.-2.21",196608,3072
at_projections,"-18.-44.-6.28",16384,1608
at_projections,"-18.-44.18.-14",65536,0
at_projections,"-18.-44.2.14",131072,768
at_projections,"-18.-44.6.7",49152,3532
at_projections,"-18.-45.-12.39",32768,3424
at_projections,"-18.-45.-4.25",131072,9892
at_projections,"-18.-45.0.18",458752,256
at_projections,"-18.-45.4.11",65536,3688
at_projections,"-18.-45.8.4",98304,5445
at_projections,"-18.-46.-10.36",49152,4484
at_projections,"-18.-46.-14.43",32768,496
at_projections,"-18.-46.-18.50",65536,0
at_projections,"-18.-46.-2.22",147456,2680
at_projections,"-18.-46.-6.29",32768,2772
at_projections,"-18.-46.10.1",16384,1887
at_projections,"-18.-46.18.-13",65536,0
at_projections,"-18.-46.2.15",196608,3072
at_projections,"-18.-47.-12.40",49152,2142
at_projections,"-18.-47.-4.26",163840,3200
at_projections,"-18.-47.-8.33",49152,2014
at_projections,"-18.-47.0.19",131072,4084
at_projections,"-18.-47.4.12",65536,6144
at_projections,"-18.-47.8.5",98304,7248
at_projections,"-18.-48.-10.37",81920,7340
at_projections,"-18.-48.-14.44",16384,256
at_projections,"-18.-48.-18.51",65536,2304
at_projections,"-18.-48.-2.23",98304,6660
at_projections,"-18.-48.-6.30",196608,3648
at_projections,"-18.-48.10.2",49152,1824
at_projections,"-18.-48.18.-12",65536,1792
at_projections,"-18.-48.2.16",147456,2680
at_projections,"-18.-48.6.9",163840,9152
at_projections,"-18.-49.-12.41",49152,5504
at_projections,"-18.-49.-4.27",49152,4318
at_projections,"-18.-49.-8.34",229376,6228
at_projections,"-18.-49.0.20",65536,4560
at_projections,"-18.-49.12.-1",49152,3340
at_projections,"-18.-49.4.13",131072,9892
at_projections,"-18.-49.8.6",114688,6940
at_projections,"-18.-50.-10.38",131072,0
at_projections,"-18.-50.-14.45",32768,2908
at_projections,"-18.-50.-18.52",65536,3624
at_projections,"-18.-50.-2.24",16384,1186
at_projections,"-18.-50.-6.31",49152,1704
at_projections,"-18.-50.10.3",180224,3392
at_projections,"-18.-50.18.-11",65536,2560
at_projections,"-18.-50.2.17",98304,6660
at_projections,"-18.-50.6.10",16384,1608
at_projections,"-18.-51.-12.42",131072,1536
at_projections,"-18.-51.-16.49",32768,1536
at_projections,"-18.-51.-4.28",16384,312
at_projections,"-18.-51.-8.35",32768,0
at_projections,"-18.-51.12.0",65536,2848
at_projections,"-18.-51.16.-7",32768,1652
at_projections,"-18.-51.4.14",163840,3200
at_projections,"-18.-51.8.7",49152,2472
at_projections,"-18.-52.-10.39",32768,384
at_projections,"-18.-52.-14.46",131072,2512
at_projections,"-18.-52.-18.53",98304,4092
at_projections,"-18.-52.-6.32",32768,512
at_projections,"-18.-52.14.-3",131072,1024
at_projections,"-18.-52.18.-10",65536,1536
at_projections,"-18.-52.2.18",16384,1186
at_projections,"-18.-52.6.11",32768,2772
at_projections,"-18.-53.-12.43",32768,2000
at_projections,"-18.-53.-16.50",131072,2560
at_projections,"-18.-53.12.1",32768,1536
at_projections,"-18.-53.16.-6",65536,2304
at_projections,"-18.-53.4.15",49152,4318
at_projections,"-18.-54.-14.47",32768,3456
at_projections,"-18.-54.-18.54",294912,128
at_projections,"-18.-54.18.-9",196608,0
at_projections,"-18.-54.6.12",196608,3648
at_projections,"-18.-55.-16.51",32768,1536
at_projections,"-18.-55.16.-5",32768,128
at_projections,"-18.-55.4.16",16384,312
at_projections,"-18.-55.8.9",49152,2014
at_projections,"-18.-56.10.6",49152,4484
at_projections,"-18.-56.18.-8",65536,1536
at_projections,"-18.-56.6.13",49152,1704
at_projections,"-18.-57.12.3",32768,3424
at_projections,"-18.-57.8.10",229376,6228
at_projections,"-18.-58.10.7",81920,7340
at_projections,"-18.-58.18.-7",65536,2560
at_projections,"-18.-58.6.14",32768,512
at_projections,"-18.-59.12.4",49152,2142
at_projections,"-18.-59.8.11",32768,0
at_projections,"-18.-60.10.8",131072,0
at_projections,"-18.-60.14.1",32768,496
at_projections,"-18.-60.18.-6",65536,1792
at_projections,"-18.-61.12.5",49152,5504
at_projections,"-18.-62.10.9",32768,384
at_projections,"-18.-62.14.2",16384,256
at_projections,"-18.-62.18.-5",65536,0
at_projections,"-18.-63.12.6",131072,1536
at_projections,"-18.-64.14.3",32768,2908
at_projections,"-18.-64.18.-4",65536,0
at_projections,"-18.-65.12.7",32768,2000
at_projections,"-18.-66.14.4",131072,2512
at_projections,"-18.-66.18.-3",65536,2304
at_projections,"-18.-67.16.1",32768,1536
at_projections,"-18.-68.14.5",32768,3456
at_projections,"-18.-68.18.-2",65536,3624
at_projections,"-18.-69.16.2",131072,2560
at_projections,"-18.-70.18.-1",98304,4092
at_projections,"-18.-71.16.3",32768,1536
at_projections,"-18.-72.18.0",294912,128
at_projections,"-19.-22.-17.36",98304,6400
at_projections,"-19.-24.-17.37",32768,4024
at_projections,"-19.-25.-15.34",65536,5488
at_projections,"-19.-26.-17.38",32768,1360
at_projections,"-19.-28.-13.32",65536,1536
at_projections,"-19.-28.-17.39",32768,0
at_projections,"-19.-29.-3.15",16384,2526
at_projections,"-19.-30.-1.12",229376,3344
at_projections,"-19.-30.-17.40",32768,128
at_projections,"-19.-31.-11.30",65536,0
at_projections,"-19.-31.-3.16",65536,6244
at_projections,"-19.-31.1.9",229376,3344
at_projections,"-19.-32.-1.13",131072,7848
at_projections,"-19.-32.-17.41",32768,2688
at_projections,"-19.-32.-5.20",16384,552
at_projections,"-19.-32.3.6",16384,2526
at_projections,"-19.-33.-3.17",98304,8092
at_projections,"-19.-33.1.10",131072,7848
at_projections,"-19.-34.-1.14",16384,3614
at_projections,"-19.-34.-17.42",32768,2688
at_projections,"-19.-34.-5.21",65536,624
at_projections,"-19.-34.-9.28",65536,0
at_projections,"-19.-34.3.7",65536,6244
at_projections,"-19.-35.-3.18",65536,5216
at_projections,"-19.-35.-7.25",16384,192
at_projections,"-19.-35.1.11",16384,3614
at_projections,"-19.-36.-17.43",32768,256
at_projections,"-19.-36.-5.22",98304,928
at_projections,"-19.-36.3.8",98304,8092
at_projections,"-19.-37.-3.19",16384,768
at_projections,"-19.-37.-7.26",131072,5984
at_projections,"-19.-37.5.5",16384,552
at_projections,"-19.-38.-17.44",98304,0
at_projections,"-19.-38.-5.23",65536,32
at_projections,"-19.-38.-9.30",16384,960
at_projections,"-19.-38.3.9",65536,5216
at_projections,"-19.-39.-15.41",65536,2560
at_projections,"-19.-39.-7.27",98304,1728
at_projections,"-19.-39.17.-15",98304,6400
at_projections,"-19.-39.5.6",65536,624
at_projections,"-19.-40.-13.38",65536,768
at_projections,"-19.-40.-17.45",98304,1920
at_projections,"-19.-40.-5.24",81920,4960
at_projections,"-19.-40.-9.31",65536,2572
at_projections,"-19.-40.15.-11",65536,5488
at_projections,"-19.-40.3.10",16384,768
at_projections,"-19.-41.-11.35",65536,3008
at_projections,"-19.-41.-15.42",65536,0
at_projections,"-19.-41.-7.28",65536,2344
at_projections,"-19.-41.13.-7",65536,1536
at_projections,"-19.-41.17.-14",32768,4024
at_projections,"-19.-41.5.7",98304,928
at_projections,"-19.-42.-13.39",65536,3536
at_projections,"-19.-42.-17.46",32768,4024
at_projections,"-19.-42.-9.32",180224,6984
at_projections,"-19.-42.11.-3",65536,0
at_projections,"-19.-42.7.4",16384,192
at_projections,"-19.-43.-11.36",65536,1024
at_projections,"-19.-43.-3.22",65536,0
at_projections,"-19.-43.-7.29",81920,4992
at_projections,"-19.-43.17.-13",32768,1360
at_projections,"-19.-43.5.8",65536,32
at_projections,"-19.-43.9.1",65536,0
at_projections,"-19.-44.-17.47",32768,2560
at_projections,"-19.-44.-5.26",65536,6144
at_projections,"-19.-44.-9.33",98304,4760
at_projections,"-19.-44.7.5",131072,5984
at_projections,"-19.-45.-3.23",65536,0
at_projections,"-19.-45.-7.30",131072,4616
at_projections,"-19.-45.17.-12",32768,0
at_projections,"-19.-45.5.9",81920,4960
at_projections,"-19.-46.-1.20",163840,0
at_projections,"-19.-46.-17.48",32768,0
at_projections,"-19.-46.-5.27",81920,5292
at_projections,"-19.-46.3.13",65536,0
at_projections,"-19.-46.7.6",98304,1728
at_projections,"-19.-47.-3.24",81920,5168
at_projections,"-19.-47.1.17",163840,0
at_projections,"-19.-47.17.-11",32768,128
at_projections,"-19.-47.9.3",16384,960
at_projections,"-19.-48.-1.21",163840,2112
at_projections,"-19.-48.-13.42",16384,2032
at_projections,"-19.-48.-17.49",32768,0
at_projections,"-19.-48.-5.28",32768,3690
at_projections,"-19.-48.3.14",65536,0
at_projections,"-19.-48.7.7",65536,2344
at_projections,"-19.-49.-11.39",98304,7182
at_projections,"-19.-49.-3.25",98304,9128
at_projections,"-19.-49.-7.32",16384,256
at_projections,"-19.-49.1.18",163840,2112
at_projections,"-19.-49.17.-10",32768,2688
at_projections,"-19.-49.5.11",65536,6144
at_projections,"-19.-49.9.4",65536,2572
at_projections,"-19.-50.-1.22",65536,5386
at_projections,"-19.-50.-13.43",65536,512
at_projections,"-19.-50.-17.50",32768,1536
at_projections,"-19.-50.-5.29",81920,4448
at_projections,"-19.-50.-9.36",49152,2440
at_projections,"-19.-50.3.15",81920,5168
at_projections,"-19.-50.7.8",81920,4992
at_projections,"-19.-51.-11.40",16384,464
at_projections,"-19.-51.-3.26",65536,1120
at_projections,"-19.-51.-7.33",114688,2309
at_projections,"-19.-51.1.19",65536,5386
at_projections,"-19.-51.17.-9",32768,2688
at_projections,"-19.-51.5.12",81920,5292
at_projections,"-19.-51.9.5",180224,6984
at_projections,"-19.-52.-1.23",32768,3040
at_projections,"-19.-52.-17.51",32768,3934
at_projections,"-19.-52.-5.30",32768,352
at_projections,"-19.-52.-9.37",114688,3360
at_projections,"-19.-52.11.2",65536,3008
at_projections,"-19.-52.3.16",98304,9128
at_projections,"-19.-52.7.9",131072,4616
at_projections,"-19.-53.-11.41",65536,2304
at_projections,"-19.-53.-7.34",32768,1408
at_projections,"-19.-53.1.20",32768,3040
at_projections,"-19.-53.13.-1",65536,768
at_projections,"-19.-53.17.-8",32768,256
at_projections,"-19.-53.5.13",32768,3690
at_projections,"-19.-53.9.6",98304,4760
at_projections,"-19.-54.-13.45",65536,4796
at_projections,"-19.-54.-17.52",32768,1744
at_projections,"-19.-54.-5.31",32768,256
at_projections,"-19.-54.11.3",65536,1024
at_projections,"-19.-54.15.-4",65536,2560
at_projections,"-19.-54.3.17",65536,1120
at_projections,"-19.-55.-15.49",65536,2304
at_projections,"-19.-55.13.0",65536,3536
at_projections,"-19.-55.17.-7",98304,0
at_projections,"-19.-55.5.14",81920,4448
at_projections,"-19.-56.-17.53",98304,0
at_projections,"-19.-56.15.-3",65536,0
at_projections,"-19.-56.7.11",16384,256
at_projections,"-19.-57.17.-6",98304,1920
at_projections,"-19.-57.5.15",32768,352
at_projections,"-19.-58.7.12",114688,2309
at_projections,"-19.-59.17.-5",32768,4024
at_projections,"-19.-59.5.16",32768,256
at_projections,"-19.-59.9.9",49152,2440
at_projections,"-19.-60.11.6",98304,7182
at_projections,"-19.-60.7.13",32768,1408
at_projections,"-19.-61.13.3",16384,2032
at_projections,"-19.-61.17.-4",32768,2560
at_projections,"-19.-61.9.10",114688,3360
at_projections,"-19.-62.11.7",16384,464
at_projections,"-19.-63.13.4",65536,512
at_projections,"-19.-63.17.-3",32768,0
at_projections,"-19.-64.11.8",65536,2304
at_projections,"-19.-65.17.-2",32768,0
at_projections,"-19.-67.13.6",65536,4796
at_projections,"-19.-67.17.-1",32768,1536
at_projections,"-19.-69.17.0",32768,3934
at_projections,"-19.-70.15.4",65536,2304
at_projections,"-19.-71.17.1",32768,1744
at_projections,"-19.-73.17.2",98304,0
at_projections,"-2.-1.-12.21",131072,8832
at_projections,"-2.-1.-16.28",16384,2154
at_projections,"-2.-1.-4.7",524288,10224
at_projections,"-2.-1.-8.14",327680,6768
at_projections,"-2.-1.0.0",786432,47152
at_projections,"-2.-1.12.-21",65536,1920
at_projections,"-2.-1.4.-7",262144,22988
at_projections,"-2.-1.8.-14",131072,1536
at_projections,"-2.-10.-10.22",131072,0
at_projections,"-2.-10.-14.29",65536,2560
at_projections,"-2.-10.-2.8",131072,8376
at_projections,"-2.-10.-6.15",65536,5544
at_projections,"-2.-10.10.-13",393216,5024
at_projections,"-2.-10.14.-20",393216,4096
at_projections,"-2.-10.2.1",131072,11010
at_projections,"-2.-10.6.-6",81920,4448
at_projections,"-2.-11.-12.26",131072,0
at_projections,"-2.-11.-16.33",65536,2798
at_projections,"-2.-11.-4.12",98304,7960
at_projections,"-2.-11.-8.19",65536,5120
at_projections,"-2.-11.0.5",524288,34888
at_projections,"-2.-11.12.-16",327680,6204
at_projections,"-2.-11.16.-23",360448,2176
at_projections,"-2.-11.4.-2",131072,3584
at_projections,"-2.-11.8.-9",114688,6624
at_projections,"-2.-12.-10.23",65536,3456
at_projections,"-2.-12.-14.30",131072,768
at_projections,"-2.-12.-18.37",65536,1152
at_projections,"-2.-12.-2.9",98304,10624
at_projections,"-2.-12.-6.16",16384,1576
at_projections,"-2.-12.10.-12",65536,2048
at_projections,"-2.-12.14.-19",409600,5088
at_projections,"-2.-12.18.-26",65536,2048
at_projections,"-2.-12.2.2",131072,8376
at_projections,"-2.-12.22.-33",16384,2112
at_projections,"-2.-12.6.-5",114688,11829
at_projections,"-2.-13.-12.27",65536,2368
at_projections,"-2.-13.-16.34",131072,1536
at_projections,"-2.-13.-4.13",98304,11248
at_projections,"-2.-13.0.6",589824,26968
at_projections,"-2.-13.12.-15",131072,8832
at_projections,"-2.-13.16.-22",344064,5008
at_projections,"-2.-13.20.-29",65536,2912
at_projections,"-2.-13.4.-1",114688,8408
at_projections,"-2.-13.8.-8",49152,4225
at_projections,"-2.-14.-14.31",65536,2696
at_projections,"-2.-14.-18.38",131072,768
at_projections,"-2.-14.-2.10",49152,5544
at_projections,"-2.-14.-6.17",65536,8920
at_projections,"-2.-14.10.-11",98304,4128
at_projections,"-2.-14.14.-18",98304,9016
at_projections,"-2.-14.18.-25",278528,1216
at_projections,"-2.-14.2.3",98304,10624
at_projections,"-2.-14.22.-32",32768,2784
at_projections,"-2.-14.6.-4",163840,6016
at_projections,"-2.-15.-16.35",65536,3732
at_projections,"-2.-15.-4.14",65536,7754
at_projections,"-2.-15.-8.21",16384,2040
at_projections,"-2.-15.0.7",425984,18400
at_projections,"-2.-15.12.-14",49152,5385
at_projections,"-2.-15.16.-21",131072,8656
at_projections,"-2.-15.20.-28",147456,10392
at_projections,"-2.-15.24.-35",32768,0
at_projections,"-2.-15.4.0",98304,7960
at_projections,"-2.-15.8.-7",98304,3968
at_projections,"-2.-16.-6.18",98304,9550
at_projections,"-2.-16.10.-10",16384,1576
at_projections,"-2.-16.14.-17",16384,1828
at_projections,"-2.-16.18.-24",163840,13112
at_projections,"-2.-16.2.4",49152,5544
at_projections,"-2.-16.22.-31",147456,2346
at_projections,"-2.-16.6.-3",65536,5544
at_projections,"-2.-17.-4.15",16384,2805
at_projections,"-2.-17.-8.22",65536,7444
at_projections,"-2.-17.0.8",393216,17092
at_projections,"-2.-17.12.-13",16384,1152
at_projections,"-2.-17.16.-20",16384,2154
at_projections,"-2.-17.20.-27",98304,8276
at_projections,"-2.-17.24.-34",65536,1536
at_projections,"-2.-17.28.-41",32768,1264
at_projections,"-2.-17.4.1",98304,11248
at_projections,"-2.-17.8.-6",131072,1536
at_projections,"-2.-18.-10.26",16384,1608
at_projections,"-2.-18.-6.19",65536,6336
at_projections,"-2.-18.10.-9",65536,384
at_projections,"-2.-18.14.-16",65536,4880
at_projections,"-2.-18.18.-23",81920,8295
at_projections,"-2.-18.26.-37",131072,0
at_projections,"-2.-18.6.-2",16384,1576
at_projections,"-2.-19.-8.23",98304,8458
at_projections,"-2.-19.0.9",360448,11856
at_projections,"-2.-19.16.-19",49152,4470
at_projections,"-2.-19.20.-26",16384,1876
at_projections,"-2.-19.24.-33",32768,1280
at_projections,"-2.-19.28.-40",65536,1408
at_projections,"-2.-19.32.-47",32768,1152
at_projections,"-2.-19.4.2",65536,7754
at_projections,"-2.-19.8.-5",65536,5120
at_projections,"-2.-2.-10.18",65536,2048
at_projections,"-2.-2.-14.25",16384,1828
at_projections,"-2.-2.-18.32",49152,3544
at_projections,"-2.-2.-2.4",638976,9834
at_projections,"-2.-2.-22.39",32768,1952
at_projections,"-2.-2.-6.11",393216,3584
at_projections,"-2.-2.10.-17",65536,3822
at_projections,"-2.-2.2.-3",393216,8594
at_projections,"-2.-2.6.-10",245760,11509
at_projections,"-2.-20.-10.27",32768,6836
at_projections,"-2.-20.-6.20",16384,1912
at_projections,"-2.-20.10.-8",131072,0
at_projections,"-2.-20.18.-22",49152,3544
at_projections,"-2.-20.30.-43",131072,1024
at_projections,"-2.-20.6.-1",65536,8920
at_projections,"-2.-21.-8.24",65536,7922
at_projections,"-2.-21.0.10",327680,7376
at_projections,"-2.-21.12.-11",65536,1088
at_projections,"-2.-21.16.-18",49152,6224
at_projections,"-2.-21.28.-39",32768,1024
at_projections,"-2.-21.32.-46",65536,6224
at_projections,"-2.-21.4.3",16384,2805
at_projections,"-2.-22.-10.28",16384,2329
at_projections,"-2.-22.-2.14",65536,768
at_projections,"-2.-22.-6.21",16384,2386
at_projections,"-2.-22.10.-7",65536,3456
at_projections,"-2.-22.18.-21",32768,2964
at_projections,"-2.-22.34.-49",131072,2048
at_projections,"-2.-22.6.0",98304,9550
at_projections,"-2.-23.-4.18",16384,3926
at_projections,"-2.-23.-8.25",16384,2475
at_projections,"-2.-23.0.11",294912,7632
at_projections,"-2.-23.12.-10",131072,0
at_projections,"-2.-23.20.-24",32768,3960
at_projections,"-2.-23.32.-45",32768,2384
at_projections,"-2.-23.8.-3",16384,2040
at_projections,"-2.-24.14.-13",65536,2560
at_projections,"-2.-24.2.8",65536,768
at_projections,"-2.-24.22.-27",32768,1952
at_projections,"-2.-24.6.1",65536,6336
at_projections,"-2.-25.-4.19",32768,4112
at_projections,"-2.-25.0.12",262144,16532
at_projections,"-2.-25.12.-9",65536,2368
at_projections,"-2.-25.20.-23",16384,2141
at_projections,"-2.-25.8.-2",65536,7444
at_projections,"-2.-26.-2.16",32768,3710
at_projections,"-2.-26.-6.23",16384,2448
at_projections,"-2.-26.14.-12",131072,768
at_projections,"-2.-26.22.-26",16384,2176
at_projections,"-2.-26.6.2",16384,1912
at_projections,"-2.-27.-4.20",16384,3390
at_projections,"-2.-27.0.13",294912,27056
at_projections,"-2.-27.16.-15",65536,2798
at_projections,"-2.-27.4.6",16384,3926
at_projections,"-2.-27.8.-1",98304,8458
at_projections,"-2.-28.-2.17",81920,8272
at_projections,"-2.-28.-6.24",32768,3528
at_projections,"-2.-28.10.-4",16384,1608
at_projections,"-2.-28.14.-11",65536,2696
at_projections,"-2.-28.2.10",32768,3710
at_projections,"-2.-28.6.3",16384,2386
at_projections,"-2.-29.-4.21",32768,3196
at_projections,"-2.-29.0.14",229376,8896
at_projections,"-2.-29.16.-14",131072,1536
at_projections,"-2.-29.4.7",32768,4112
at_projections,"-2.-29.8.0",65536,7922
at_projections,"-2.-3.-12.22",49152,5385
at_projections,"-2.-3.-16.29",49152,4470
at_projections,"-2.-3.-20.36",32768,3960
at_projections,"-2.-3.-4.8",360448,8736
at_projections,"-2.-3.-8.15",114688,6624
at_projections,"-2.-3.0.1",1146880,27568
at_projections,"-2.-3.4.-6",475136,12304
at_projections,"-2.-3.8.-13",131072,9724
at_projections,"-2.-30.10.-3",32768,6836
at_projections,"-2.-30.18.-17",65536,1152
at_projections,"-2.-30.2.11",81920,8272
at_projections,"-2.-31.0.15",163840,1020
at_projections,"-2.-31.16.-13",65536,3732
at_projections,"-2.-31.4.8",16384,3390
at_projections,"-2.-31.8.1",16384,2475
at_projections,"-2.-32.10.-2",16384,2329
at_projections,"-2.-32.18.-16",131072,768
at_projections,"-2.-32.6.5",16384,2448
at_projections,"-2.-33.0.16",131072,1280
at_projections,"-2.-33.4.9",32768,3196
at_projections,"-2.-34.6.6",32768,3528
at_projections,"-2.-35.0.17",98304,5536
at_projections,"-2.-37.0.18",65536,6912
at_projections,"-2.-39.0.19",32768,1536
at_projections,"-2.-4.-10.19",98304,4128
at_projections,"-2.-4.-14.26",65536,4880
at_projections,"-2.-4.-18.33",32768,2964
at_projections,"-2.-4.-2.5",655360,12496
at_projections,"-2.-4.-22.40",16384,2176
at_projections,"-2.-4.-6.12",81920,4448
at_projections,"-2.-4.10.-16",65536,2048
at_projections,"-2.-4.2.-2",638976,9834
at_projections,"-2.-4.6.-9",344064,8632
at_projections,"-2.-5.-12.23",16384,1152
at_projections,"-2.-5.-16.30",49152,6224
at_projections,"-2.-5.-20.37",16384,2141
at_projections,"-2.-5.-4.9",229376,14336
at_projections,"-2.-5.-8.16",49152,4225
at_projections,"-2.-5.0.2",1507328,34436
at_projections,"-2.-5.12.-19",81920,4368
at_projections,"-2.-5.4.-5",524288,10224
at_projections,"-2.-5.8.-12",360448,9264
at_projections,"-2.-6.-10.20",16384,1576
at_projections,"-2.-6.-2.6",245760,5920
at_projections,"-2.-6.-6.13",114688,11829
at_projections,"-2.-6.10.-15",311296,4764
at_projections,"-2.-6.14.-22",81920,4382
at_projections,"-2.-6.18.-29",32768,1200
at_projections,"-2.-6.2.-1",655360,12496
at_projections,"-2.-6.22.-36",16384,1152
at_projections,"-2.-6.6.-8",458752,6528
at_projections,"-2.-7.-4.10",131072,3584
at_projections,"-2.-7.-8.17",98304,3968
at_projections,"-2.-7.0.3",1015808,61216
at_projections,"-2.-7.12.-18",294912,4544
at_projections,"-2.-7.16.-25",65536,2112
at_projections,"-2.-7.20.-32",32768,1344
at_projections,"-2.-7.24.-39",16384,640
at_projections,"-2.-7.4.-4",360448,8736
at_projections,"-2.-7.8.-11",442368,9352
at_projections,"-2.-8.-10.21",65536,384
at_projections,"-2.-8.-2.7",131072,11010
at_projections,"-2.-8.-6.14",163840,6016
at_projections,"-2.-8.10.-14",442368,8714
at_projections,"-2.-8.14.-21",294912,1664
at_projections,"-2.-8.18.-28",16384,1186
at_projections,"-2.-8.2.0",245760,5920
at_projections,"-2.-8.22.-35",32768,720
at_projections,"-2.-8.6.-7",393216,3584
at_projections,"-2.-9.-12.25",65536,1088
at_projections,"-2.-9.-4.11",114688,8408
at_projections,"-2.-9.-8.18",131072,1536
at_projections,"-2.-9.0.4",655360,65068
at_projections,"-2.-9.12.-17",458752,10632
at_projections,"-2.-9.16.-24",131072,0
at_projections,"-2.-9.20.-31",16384,1140
at_projections,"-2.-9.24.-38",32768,624
at_projections,"-2.-9.4.-3",229376,14336
at_projections,"-2.-9.8.-10",327680,6768
at_projections,"-2.0.-10.17",393216,5024
at_projections,"-2.0.-14.24",98304,9016
at_projections,"-2.0.-18.31",81920,8295
at_projections,"-2.0.-2.3",393216,8594
at_projections,"-2.0.-6.10",458752,6528
at_projections,"-2.0.10.-18",131072,0
at_projections,"-2.0.14.-25",65536,1768
at_projections,"-2.0.2.-4",114688,7928
at_projections,"-2.0.6.-11",147456,13386
at_projections,"-2.1.-12.20",327680,6204
at_projections,"-2.1.-16.27",131072,8656
at_projections,"-2.1.-20.34",16384,1876
at_projections,"-2.1.-4.6",475136,12304
at_projections,"-2.1.-8.13",442368,9352
at_projections,"-2.1.0.-1",622592,84400
at_projections,"-2.1.12.-22",131072,0
at_projections,"-2.1.16.-29",65536,3952
at_projections,"-2.1.4.-8",81920,9960
at_projections,"-2.1.8.-15",81920,2582
at_projections,"-2.10.-10.12",131072,0
at_projections,"-2.10.-18.26",16384,1186
at_projections,"-2.10.-22.33",16384,2112
at_projections,"-2.10.-30.47",131072,1024
at_projections,"-2.10.-6.5",65536,7316
at_projections,"-2.10.10.-23",16384,576
at_projections,"-2.11.-12.15",65536,1920
at_projections,"-2.11.-20.29",16384,1140
at_projections,"-2.11.-28.43",32768,1264
at_projections,"-2.11.-32.50",65536,6224
at_projections,"-2.11.-8.8",65536,6804
at_projections,"-2.11.0.-6",327680,38952
at_projections,"-2.11.8.-20",16384,576
at_projections,"-2.12.-10.11",65536,0
at_projections,"-2.12.-18.25",32768,1200
at_projections,"-2.12.-34.53",131072,2048
at_projections,"-2.12.-6.4",16384,2704
at_projections,"-2.12.2.-10",65536,768
at_projections,"-2.12.6.-17",65536,2432
at_projections,"-2.13.-12.14",131072,0
at_projections,"-2.13.-20.28",32768,1344
at_projections,"-2.13.-32.49",32768,1152
at_projections,"-2.13.-8.7",98304,11997
at_projections,"-2.13.0.-7",294912,26608
at_projections,"-2.13.4.-14",16384,1044
at_projections,"-2.14.-10.10",16384,2992
at_projections,"-2.14.-14.17",65536,1768
at_projections,"-2.14.-2.-4",65536,768
at_projections,"-2.14.-22.31",32768,720
at_projections,"-2.14.2.-11",16384,1904
at_projections,"-2.15.-12.13",65536,1536
at_projections,"-2.15.-24.34",32768,624
at_projections,"-2.15.-8.6",65536,11782
at_projections,"-2.15.0.-8",262144,15696
at_projections,"-2.15.4.-15",32768,1184
at_projections,"-2.16.-10.9",32768,4298
at_projections,"-2.16.-14.16",131072,768
at_projections,"-2.16.-2.-5",16384,1904
at_projections,"-2.16.-22.30",16384,1152
at_projections,"-2.16.2.-12",65536,5728
at_projections,"-2.16.6.-19",16384,1040
at_projections,"-2.17.-12.12",16384,2314
at_projections,"-2.17.-16.19",65536,3952
at_projections,"-2.17.-24.33",16384,640
at_projections,"-2.17.-4.-2",16384,1044
at_projections,"-2.17.-8.5",49152,2676
at_projections,"-2.17.0.-9",294912,21248
at_projections,"-2.17.4.-16",65536,2560
at_projections,"-2.18.-10.8",49152,1632
at_projections,"-2.18.-14.15",81920,7453
at_projections,"-2.18.-2.-6",65536,5728
at_projections,"-2.18.-6.1",65536,2432
at_projections,"-2.18.2.-13",16384,2058
at_projections,"-2.19.-12.11",32768,2688
at_projections,"-2.19.-16.18",131072,1536
at_projections,"-2.19.-4.-3",32768,1184
at_projections,"-2.19.-8.4",16384,576
at_projections,"-2.19.0.-10",229376,17994
at_projections,"-2.2.-10.16",442368,8714
at_projections,"-2.2.-14.23",409600,5088
at_projections,"-2.2.-18.30",163840,13112
at_projections,"-2.2.-2.2",114688,7928
at_projections,"-2.2.-6.9",344064,8632
at_projections,"-2.2.10.-19",65536,0
at_projections,"-2.2.14.-26",131072,768
at_projections,"-2.2.18.-33",65536,5568
at_projections,"-2.2.2.-5",81920,8170
at_projections,"-2.2.6.-12",98304,7354
at_projections,"-2.20.-10.7",16384,576
at_projections,"-2.20.-18.21",65536,5568
at_projections,"-2.20.-2.-7",16384,2058
at_projections,"-2.21.-16.17",65536,2670
at_projections,"-2.21.-4.-4",65536,2560
at_projections,"-2.21.0.-11",163840,8552
at_projections,"-2.22.-18.20",131072,768
at_projections,"-2.22.-6.-1",16384,1040
at_projections,"-2.23.0.-12",131072,7412
at_projections,"-2.25.0.-13",98304,6512
at_projections,"-2.27.0.-14",65536,7904
at_projections,"-2.29.0.-15",32768,5232
at_projections,"-2.3.-12.19",458752,10632
at_projections,"-2.3.-16.26",344064,5008
at_projections,"-2.3.-20.33",98304,8276
at_projections,"-2.3.-4.5",262144,22988
at_projections,"-2.3.-8.12",360448,9264
at_projections,"-2.3.0.-2",491520,52072
at_projections,"-2.3.12.-23",65536,1536
at_projections,"-2.3.16.-30",131072,1536
at_projections,"-2.3.4.-9",49152,2432
at_projections,"-2.3.8.-16",65536,6804
at_projections,"-2.4.-10.15",311296,4764
at_projections,"-2.4.-14.22",393216,4096
at_projections,"-2.4.-18.29",278528,1216
at_projections,"-2.4.-2.1",81920,8170
at_projections,"-2.4.-6.8",245760,11509
at_projections,"-2.4.10.-20",16384,2992
at_projections,"-2.4.14.-27",81920,7453
at_projections,"-2.4.18.-34",131072,768
at_projections,"-2.4.6.-13",65536,7316
at_projections,"-2.5.-12.18",294912,4544
at_projections,"-2.5.-16.25",360448,2176
at_projections,"-2.5.-20.32",147456,10392
at_projections,"-2.5.-24.39",32768,1280
at_projections,"-2.5.-4.4",81920,9960
at_projections,"-2.5.-8.11",131072,9724
at_projections,"-2.5.0.-3",425984,21916
at_projections,"-2.5.12.-24",16384,2314
at_projections,"-2.5.16.-31",65536,2670
at_projections,"-2.5.8.-17",98304,11997
at_projections,"-2.6.-10.14",65536,2048
at_projections,"-2.6.-14.21",294912,1664
at_projections,"-2.6.-18.28",65536,2048
at_projections,"-2.6.-22.35",147456,2346
at_projections,"-2.6.-6.7",147456,13386
at_projections,"-2.6.10.-21",32768,4298
at_projections,"-2.6.6.-14",16384,2704
at_projections,"-2.7.-12.17",81920,4368
at_projections,"-2.7.-16.24",131072,0
at_projections,"-2.7.-20.31",65536,2912
at_projections,"-2.7.-24.38",65536,1536
at_projections,"-2.7.-28.45",32768,1024
at_projections,"-2.7.-4.3",49152,2432
at_projections,"-2.7.-8.10",131072,1536
at_projections,"-2.7.0.-4",393216,21560
at_projections,"-2.7.12.-25",32768,2688
at_projections,"-2.7.8.-18",65536,11782
at_projections,"-2.8.-10.13",65536,3822
at_projections,"-2.8.-14.20",81920,4382
at_projections,"-2.8.-22.34",32768,2784
at_projections,"-2.8.-26.41",131072,0
at_projections,"-2.8.-6.6",98304,7354
at_projections,"-2.8.10.-22",49152,1632
at_projections,"-2.9.-16.23",65536,2112
at_projections,"-2.9.-24.37",32768,0
at_projections,"-2.9.-28.44",65536,1408
at_projections,"-2.9.-32.51",32768,2384
at_projections,"-2.9.-8.9",81920,2582
at_projections,"-2.9.0.-5",360448,29980
at_projections,"-2.9.8.-19",49152,2676
at_projections,"-20.-33.-2.15",32768,3744
at_projections,"-20.-34.-4.19",16384,1876
at_projections,"-20.-34.0.12",131072,6656
at_projections,"-20.-35.-2.16",81920,7996
at_projections,"-20.-35.2.9",32768,3744
at_projections,"-20.-36.-4.20",65536,2144
at_projections,"-20.-36.0.13",32768,4308
at_projections,"-20.-37.-2.17",65536,6420
at_projections,"-20.-37.-6.24",16384,128
at_projections,"-20.-37.2.10",81920,7996
at_projections,"-20.-38.-4.21",98304,4188
at_projections,"-20.-38.4.7",16384,1876
at_projections,"-20.-39.-2.18",16384,3504
at_projections,"-20.-39.-6.25",65536,384
at_projections,"-20.-39.2.11",65536,6420
at_projections,"-20.-40.-4.22",65536,3488
at_projections,"-20.-40.-8.29",16384,621
at_projections,"-20.-40.4.8",65536,2144
at_projections,"-20.-41.-14.40",32768,768
at_projections,"-20.-41.-6.26",98304,2545
at_projections,"-20.-41.2.12",16384,3504
at_projections,"-20.-42.-16.44",131072,512
at_projections,"-20.-42.-4.23",16384,1527
at_projections,"-20.-42.-8.30",65536,1984
at_projections,"-20.-42.4.9",98304,4188
at_projections,"-20.-43.-10.34",49152,3760
at_projections,"-20.-43.-14.41",65536,3512
at_projections,"-20.-43.-6.27",65536,1280
at_projections,"-20.-43.6.6",16384,128
at_projections,"-20.-44.-12.38",131072,3040
at_projections,"-20.-44.-8.31",98304,4848
at_projections,"-20.-44.4.10",65536,3488
at_projections,"-20.-45.-10.35",98304,7632
at_projections,"-20.-45.-14.42",32768,2304
at_projections,"-20.-45.-6.28",49152,3732
at_projections,"-20.-45.6.7",65536,384
at_projections,"-20.-46.-8.32",212992,8076
at_projections,"-20.-46.4.11",16384,1527
at_projections,"-20.-47.-10.36",49152,6185
at_projections,"-20.-47.-2.22",32768,0
at_projections,"-20.-47.-6.29",81920,8576
at_projections,"-20.-47.6.8",98304,2545
at_projections,"-20.-48.-4.26",131072,1024
at_projections,"-20.-48.-8.33",16384,2530
at_projections,"-20.-48.8.5",16384,621
at_projections,"-20.-49.-2.23",65536,1024
at_projections,"-20.-49.-6.30",65536,5238
at_projections,"-20.-49.2.16",32768,0
at_projections,"-20.-49.6.9",65536,1280
at_projections,"-20.-50.-4.27",32768,6926
at_projections,"-20.-50.0.20",262144,2304
at_projections,"-20.-50.8.6",65536,1984
at_projections,"-20.-51.-10.38",16384,2496
at_projections,"-20.-51.-14.45",16384,640
at_projections,"-20.-51.-2.24",65536,4728
at_projections,"-20.-51.2.17",65536,1024
at_projections,"-20.-51.6.10",49152,3732
at_projections,"-20.-52.-12.42",49152,4680
at_projections,"-20.-52.-4.28",32768,3772
at_projections,"-20.-52.-8.35",32768,0
at_projections,"-20.-52.4.14",131072,1024
at_projections,"-20.-52.8.7",98304,4848
at_projections,"-20.-53.-10.39",98304,4288
at_projections,"-20.-53.-2.25",32768,3281
at_projections,"-20.-53.-6.32",32768,0
at_projections,"-20.-53.10.4",49152,3760
at_projections,"-20.-53.2.18",65536,4728
at_projections,"-20.-53.6.11",81920,8576
at_projections,"-20.-54.-12.43",32768,480
at_projections,"-20.-54.-4.29",32768,256
at_projections,"-20.-54.-8.36",49152,3520
at_projections,"-20.-54.0.22",131072,5760
at_projections,"-20.-54.4.15",32768,6926
at_projections,"-20.-54.8.8",212992,8076
at_projections,"-20.-55.-2.26",32768,1344
at_projections,"-20.-55.-6.33",49152,1528
at_projections,"-20.-55.10.5",98304,7632
at_projections,"-20.-55.14.-2",32768,768
at_projections,"-20.-55.2.19",32768,3281
at_projections,"-20.-55.6.12",65536,5238
at_projections,"-20.-56.-8.37",16384,752
at_projections,"-20.-56.12.2",131072,3040
at_projections,"-20.-56.4.16",32768,3772
at_projections,"-20.-56.8.9",16384,2530
at_projections,"-20.-57.-6.34",16384,440
at_projections,"-20.-57.10.6",49152,6185
at_projections,"-20.-57.14.-1",65536,3512
at_projections,"-20.-57.2.20",32768,1344
at_projections,"-20.-58.16.-4",131072,512
at_projections,"-20.-58.4.17",32768,256
at_projections,"-20.-59.14.0",32768,2304
at_projections,"-20.-59.6.14",32768,0
at_projections,"-20.-60.8.11",32768,0
at_projections,"-20.-61.10.8",16384,2496
at_projections,"-20.-61.6.15",49152,1528
at_projections,"-20.-62.8.12",49152,3520
at_projections,"-20.-63.10.9",98304,4288
at_projections,"-20.-63.6.16",16384,440
at_projections,"-20.-64.12.6",49152,4680
at_projections,"-20.-64.8.13",16384,752
at_projections,"-20.-65.14.3",16384,640
at_projections,"-20.-66.12.7",32768,480
at_projections,"-21.-37.-1.15",16384,2526
at_projections,"-21.-38.-3.19",32768,3196
at_projections,"-21.-38.1.12",16384,2526
at_projections,"-21.-39.-1.16",32768,4104
at_projections,"-21.-39.-5.23",16384,912
at_projections,"-21.-40.-3.20",81920,3688
at_projections,"-21.-40.1.13",32768,4104
at_projections,"-21.-41.-1.17",16384,1776
at_projections,"-21.-41.-5.24",65536,3536
at_projections,"-21.-41.3.10",32768,3196
at_projections,"-21.-42.-3.21",65536,8228
at_projections,"-21.-42.-7.28",16384,344
at_projections,"-21.-42.1.14",16384,1776
at_projections,"-21.-43.-5.25",98304,7308
at_projections,"-21.-43.3.11",81920,3688
at_projections,"-21.-44.-15.43",65536,0
at_projections,"-21.-44.-3.22",16384,3180
at_projections,"-21.-44.-7.29",65536,3076
at_projections,"-21.-44.5.8",16384,912
at_projections,"-21.-45.-13.40",65536,2512
at_projections,"-21.-45.-5.26",65536,6292
at_projections,"-21.-45.-9.33",16384,576
at_projections,"-21.-45.3.12",65536,8228
at_projections,"-21.-46.-11.37",65536,5048
at_projections,"-21.-46.-15.44",65536,4816
at_projections,"-21.-46.-7.30",98304,4400
at_projections,"-21.-46.5.9",65536,3536
at_projections,"-21.-47.-13.41",65536,2036
at_projections,"-21.-47.-5.27",16384,1536
at_projections,"-21.-47.-9.34",131072,7760
at_projections,"-21.-47.3.13",16384,3180
at_projections,"-21.-48.-11.38",65536,4304
at_projections,"-21.-48.-7.31",131072,10088
at_projections,"-21.-48.5.10",98304,7308
at_projections,"-21.-49.-5.28",65536,2304
at_projections,"-21.-49.-9.35",147456,11940
at_projections,"-21.-49.7.7",16384,344
at_projections,"-21.-50.-3.25",65536,1536
at_projections,"-21.-50.-7.32",81920,4830
at_projections,"-21.-50.5.11",65536,6292
at_projections,"-21.-51.-1.22",98304,192
at_projections,"-21.-51.-5.29",98304,6820
at_projections,"-21.-51.-9.36",32768,4182
at_projections,"-21.-51.7.8",65536,3076
at_projections,"-21.-52.-3.26",65536,768
at_projections,"-21.-52.1.19",98304,192
at_projections,"-21.-52.5.12",16384,1536
at_projections,"-21.-53.-1.23",98304,4380
at_projections,"-21.-53.3.16",65536,1536
at_projections,"-21.-53.7.9",98304,4400
at_projections,"-21.-54.-11.41",49152,5310
at_projections,"-21.-54.-3.27",65536,6868
at_projections,"-21.-54.1.20",98304,4380
at_projections,"-21.-54.5.13",65536,2304
at_projections,"-21.-54.9.6",16384,576
at_projections,"-21.-55.-1.24",32768,2072
at_projections,"-21.-55.-13.45",32768,1584
at_projections,"-21.-55.-5.31",32768,288
at_projections,"-21.-55.-9.38",49152,3680
at_projections,"-21.-55.3.17",65536,768
at_projections,"-21.-55.7.10",131072,10088
at_projections,"-21.-56.-11.42",49152,3260
at_projections,"-21.-56.-3.28",32768,1872
at_projections,"-21.-56.-7.35",65536,0
at_projections,"-21.-56.1.21",32768,2072
at_projections,"-21.-56.5.14",98304,6820
at_projections,"-21.-56.9.7",131072,7760
at_projections,"-21.-57.-1.25",65536,3586
at_projections,"-21.-57.-5.32",16384,512
at_projections,"-21.-57.-9.39",49152,2138
at_projections,"-21.-57.11.4",65536,5048
at_projections,"-21.-57.3.18",65536,6868
at_projections,"-21.-57.7.11",81920,4830
at_projections,"-21.-58.-3.29",16384,448
at_projections,"-21.-58.-7.36",65536,2240
at_projections,"-21.-58.1.22",65536,3586
at_projections,"-21.-58.13.1",65536,2512
at_projections,"-21.-58.9.8",147456,11940
at_projections,"-21.-59.11.5",65536,4304
at_projections,"-21.-59.15.-2",65536,0
at_projections,"-21.-59.3.19",32768,1872
at_projections,"-21.-60.13.2",65536,2036
at_projections,"-21.-60.5.16",32768,288
at_projections,"-21.-60.9.9",32768,4182
at_projections,"-21.-61.15.-1",65536,4816
at_projections,"-21.-61.3.20",16384,448
at_projections,"-21.-62.5.17",16384,512
at_projections,"-21.-63.7.14",65536,0
at_projections,"-21.-64.9.11",49152,3680
at_projections,"-21.-65.11.8",49152,5310
at_projections,"-21.-65.7.15",65536,2240
at_projections,"-21.-66.9.12",49152,2138
at_projections,"-21.-67.11.9",49152,3260
at_projections,"-21.-68.13.6",32768,1584
at_projections,"-22.-42.-2.19",16384,1834
at_projections,"-22.-43.-4.23",32768,1724
at_projections,"-22.-44.-2.20",32768,2784
at_projections,"-22.-44.-6.27",16384,1888
at_projections,"-22.-44.2.13",16384,1834
at_projections,"-22.-45.-4.24",81920,7777
at_projections,"-22.-46.-2.21",16384,2112
at_projections,"-22.-46.-6.28",65536,5104
at_projections,"-22.-46.2.14",32768,2784
at_projections,"-22.-47.-12.39",32768,2964
at_projections,"-22.-47.-4.25",65536,7774
at_projections,"-22.-47.-8.32",16384,1196
at_projections,"-22.-47.4.11",32768,1724
at_projections,"-22.-48.-14.43",131072,2560
at_projections,"-22.-48.-6.29",98304,7448
at_projections,"-22.-48.2.15",16384,2112
at_projections,"-22.-49.-12.40",65536,5170
at_projections,"-22.-49.-4.26",16384,2496
at_projections,"-22.-49.-8.33",98304,7608
at_projections,"-22.-49.4.12",81920,7777
at_projections,"-22.-50.-10.37",147456,6710
at_projections,"-22.-50.-6.30",65536,5920
at_projections,"-22.-50.6.9",16384,1888
at_projections,"-22.-51.-12.41",32768,3072
at_projections,"-22.-51.-4.27",32768,256
at_projections,"-22.-51.-8.34",163840,15858
at_projections,"-22.-51.4.13",65536,7774
at_projections,"-22.-52.-10.38",32768,4016
at_projections,"-22.-52.-6.31",147456,4346
at_projections,"-22.-52.6.10",65536,5104
at_projections,"-22.-53.-4.28",65536,4292
at_projections,"-22.-53.-8.35",98304,9616
at_projections,"-22.-53.0.21",32768,0
at_projections,"-22.-53.4.14",16384,2496
at_projections,"-22.-54.-10.39",16384,384
at_projections,"-22.-54.-2.25",131072,512
at_projections,"-22.-54.6.11",98304,7448
at_projections,"-22.-55.-4.29",49152,4379
at_projections,"-22.-55.-8.36",16384,1088
at_projections,"-22.-55.0.22",196608,5116
at_projections,"-22.-55.4.15",32768,256
at_projections,"-22.-55.8.8",16384,1196
at_projections,"-22.-56.-2.26",16384,2176
at_projections,"-22.-56.2.19",131072,512
at_projections,"-22.-56.6.12",65536,5920
at_projections,"-22.-57.-12.44",49152,4236
at_projections,"-22.-57.-8.37",16384,960
at_projections,"-22.-57.0.23",32768,1536
at_projections,"-22.-57.4.16",65536,4292
at_projections,"-22.-57.8.9",98304,7608
at_projections,"-22.-58.-10.41",98304,5376
at_projections,"-22.-58.-2.27",65536,2672
at_projections,"-22.-58.-6.34",16384,224
at_projections,"-22.-58.2.20",16384,2176
at_projections,"-22.-58.6.13",147456,4346
at_projections,"-22.-59.-12.45",16384,1382
at_projections,"-22.-59.-4.31",65536,1440
at_projections,"-22.-59.-8.38",49152,1824
at_projections,"-22.-59.0.24",65536,704
at_projections,"-22.-59.12.3",32768,2964
at_projections,"-22.-59.4.17",49152,4379
at_projections,"-22.-59.8.10",163840,15858
at_projections,"-22.-60.-10.42",16384,1010
at_projections,"-22.-60.-2.28",16384,1152
at_projections,"-22.-60.-6.35",49152,1280
at_projections,"-22.-60.10.7",147456,6710
at_projections,"-22.-60.2.21",65536,2672
at_projections,"-22.-61.-8.39",32768,1804
at_projections,"-22.-61.0.25",32768,1792
at_projections,"-22.-61.12.4",65536,5170
at_projections,"-22.-61.8.11",98304,9616
at_projections,"-22.-62.10.8",32768,4016
at_projections,"-22.-62.14.1",131072,2560
at_projections,"-22.-62.2.22",16384,1152
at_projections,"-22.-63.12.5",32768,3072
at_projections,"-22.-63.4.19",65536,1440
at_projections,"-22.-63.8.12",16384,1088
at_projections,"-22.-64.10.9",16384,384
at_projections,"-22.-64.6.16",16384,224
at_projections,"-22.-65.8.13",16384,960
at_projections,"-22.-66.6.17",49152,1280
at_projections,"-22.-67.8.14",49152,1824
at_projections,"-22.-68.10.11",98304,5376
at_projections,"-22.-69.12.8",49152,4236
at_projections,"-22.-69.8.15",32768,1804
at_projections,"-22.-70.10.12",16384,1010
at_projections,"-22.-71.12.9",16384,1382
at_projections,"-23.-47.-3.23",16384,2116
at_projections,"-23.-48.-5.27",32768,3360
at_projections,"-23.-49.-3.24",32768,3072
at_projections,"-23.-49.-7.31",16384,1866
at_projections,"-23.-50.-13.42",65536,4864
at_projections,"-23.-50.-5.28",81920,4182
at_projections,"-23.-50.3.14",16384,2116
at_projections,"-23.-51.-11.39",65536,3000
at_projections,"-23.-51.-3.25",16384,544
at_projections,"-23.-51.-7.32",65536,5272
at_projections,"-23.-52.-13.43",65536,4096
at_projections,"-23.-52.-5.29",65536,5856
at_projections,"-23.-52.-9.36",81920,6548
at_projections,"-23.-52.3.15",32768,3072
at_projections,"-23.-53.-11.40",65536,2560
at_projections,"-23.-53.-7.33",163840,15008
at_projections,"-23.-53.5.12",32768,3360
at_projections,"-23.-54.-5.30",81920,3888
at_projections,"-23.-54.-9.37",131072,8992
at_projections,"-23.-54.3.16",16384,544
at_projections,"-23.-55.-3.27",65536,0
at_projections,"-23.-55.-7.34",131072,11884
at_projections,"-23.-55.5.13",81920,4182
at_projections,"-23.-56.-1.24",98304,2688
at_projections,"-23.-56.-5.31",65536,3184
at_projections,"-23.-56.-9.38",81920,3551
at_projections,"-23.-56.7.10",16384,1866
at_projections,"-23.-57.-3.28",65536,2976
at_projections,"-23.-57.-7.35",16384,1872
at_projections,"-23.-57.1.21",98304,2688
at_projections,"-23.-57.5.14",65536,5856
at_projections,"-23.-58.-1.25",98304,3520
at_projections,"-23.-58.-9.39",32768,256
at_projections,"-23.-58.3.18",65536,0
at_projections,"-23.-58.7.11",65536,5272
at_projections,"-23.-59.1.22",98304,3520
at_projections,"-23.-59.5.15",81920,3888
at_projections,"-23.-60.-1.26",32768,608
at_projections,"-23.-60.-5.33",16384,914
at_projections,"-23.-60.-9.40",49152,4122
at_projections,"-23.-60.3.19",65536,2976
at_projections,"-23.-60.7.12",163840,15008
at_projections,"-23.-61.-11.44",98304,6356
at_projections,"-23.-61.-3.30",16384,680
at_projections,"-23.-61.-7.37",32768,1568
at_projections,"-23.-61.1.23",32768,608
at_projections,"-23.-61.5.16",65536,3184
at_projections,"-23.-61.9.9",81920,6548
at_projections,"-23.-62.-1.27",65536,512
at_projections,"-23.-62.-5.34",32768,448
at_projections,"-23.-62.-9.41",49152,3534
at_projections,"-23.-62.11.6",65536,3000
at_projections,"-23.-62.7.13",131072,11884
at_projections,"-23.-63.-3.31",32768,1776
at_projections,"-23.-63.-7.38",49152,3216
at_projections,"-23.-63.1.24",65536,512
at_projections,"-23.-63.13.3",65536,4864
at_projections,"-23.-63.9.10",131072,8992
at_projections,"-23.-64.11.7",65536,2560
at_projections,"-23.-64.3.21",16384,680
at_projections,"-23.-64.7.14",16384,1872
at_projections,"-23.-65.13.4",65536,4096
at_projections,"-23.-65.5.18",16384,914
at_projections,"-23.-65.9.11",81920,3551
at_projections,"-23.-66.3.22",32768,1776
at_projections,"-23.-67.5.19",32768,448
at_projections,"-23.-67.9.12",32768,256
at_projections,"-23.-68.7.16",32768,1568
at_projections,"-23.-69.9.13",49152,4122
at_projections,"-23.-70.7.17",49152,3216
at_projections,"-23.-71.9.14",49152,3534
at_projections,"-23.-72.11.11",98304,6356
at_projections,"-24.-52.-4.27",16384,1552
at_projections,"-24.-53.-10.38",32768,3348
at_projections,"-24.-53.-6.31",32768,2144
at_projections,"-24.-54.-12.42",131072,3072
at_projections,"-24.-54.-4.28",32768,896
at_projections,"-24.-54.-8.35",16384,2346
at_projections,"-24.-55.-10.39",65536,3200
at_projections,"-24.-55.-6.32",114688,7901
at_projections,"-24.-56.-4.29",16384,1040
at_projections,"-24.-56.-8.36",196608,8016
at_projections,"-24.-56.4.15",16384,1552
at_projections,"-24.-57.-10.40",49152,1600
at_projections,"-24.-57.-2.26",32768,384
at_projections,"-24.-57.-6.33",131072,13520
at_projections,"-24.-58.-4.30",131072,1024
at_projections,"-24.-58.-8.37",98304,10828
at_projections,"-24.-58.4.16",32768,896
at_projections,"-24.-59.-10.41",32768,1280
at_projections,"-24.-59.-2.27",65536,1280
at_projections,"-24.-59.-6.34",49152,4674
at_projections,"-24.-59.2.20",32768,384
at_projections,"-24.-59.6.13",32768,2144
at_projections,"-24.-60.-8.38",65536,4048
at_projections,"-24.-60.0.24",262144,3584
at_projections,"-24.-60.4.17",16384,1040
at_projections,"-24.-61.-10.42",16384,1328
at_projections,"-24.-61.-2.28",32768,1152
at_projections,"-24.-61.2.21",65536,1280
at_projections,"-24.-61.6.14",114688,7901
at_projections,"-24.-62.-12.46",16384,2586
at_projections,"-24.-62.-8.39",16384,512
at_projections,"-24.-62.4.18",131072,1024
at_projections,"-24.-62.8.11",16384,2346
at_projections,"-24.-63.-10.43",49152,4938
at_projections,"-24.-63.-2.29",16384,640
at_projections,"-24.-63.-6.36",32768,1296
at_projections,"-24.-63.10.8",32768,3348
at_projections,"-24.-63.2.22",32768,1152
at_projections,"-24.-63.6.15",131072,13520
at_projections,"-24.-64.-4.33",32768,2112
at_projections,"-24.-64.-8.40",98304,6996
at_projections,"-24.-64.0.26",32768,512
at_projections,"-24.-64.8.12",196608,8016
at_projections,"-24.-65.-10.44",49152,4128
at_projections,"-24.-65.-2.30",32768,624
at_projections,"-24.-65.-6.37",16384,1582
at_projections,"-24.-65.10.9",65536,3200
at_projections,"-24.-65.2.23",16384,640
at_projections,"-24.-65.6.16",49152,4674
at_projections,"-24.-66.-4.34",16384,1026
at_projections,"-24.-66.-8.41",16384,1184
at_projections,"-24.-66.12.6",131072,3072
at_projections,"-24.-66.8.13",98304,10828
at_projections,"-24.-67.10.10",49152,1600
at_projections,"-24.-67.2.24",32768,624
at_projections,"-24.-68.4.21",32768,2112
at_projections,"-24.-68.8.14",65536,4048
at_projections,"-24.-69.10.11",32768,1280
at_projections,"-24.-69.6.18",32768,1296
at_projections,"-24.-70.4.22",16384,1026
at_projections,"-24.-70.8.15",16384,512
at_projections,"-24.-71.10.12",16384,1328
at_projections,"-24.-71.6.19",16384,1582
at_projections,"-24.-72.8.16",98304,6996
at_projections,"-24.-73.10.13",49152,4938
at_projections,"-24.-74.12.10",16384,2586
at_projections,"-24.-74.8.17",16384,1184
at_projections,"-24.-75.10.14",49152,4128
at_projections,"-25.-56.-11.41",65536,4864
at_projections,"-25.-57.-5.31",16384,988
at_projections,"-25.-57.-9.38",65536,1792
at_projections,"-25.-58.-11.42",65536,0
at_projections,"-25.-58.-7.35",98304,4372
at_projections,"-25.-59.-5.32",98304,6684
at_projections,"-25.-59.-9.39",81920,2112
at_projections,"-25.-60.-3.29",65536,1768
at_projections,"-25.-60.-7.36",147456,10444
at_projections,"-25.-61.-1.26",98304,2944
at_projections,"-25.-61.-5.33",81920,3664
at_projections,"-25.-61.-9.40",65536,4640
at_projections,"-25.-62.-3.30",65536,0
at_projections,"-25.-62.-7.37",65536,7768
at_projections,"-25.-62.1.23",98304,2944
at_projections,"-25.-62.5.16",16384,988
at_projections,"-25.-63.-1.27",98304,512
at_projections,"-25.-63.-9.41",81920,5238
at_projections,"-25.-63.3.20",65536,1768
at_projections,"-25.-64.-7.38",16384,1898
at_projections,"-25.-64.1.24",98304,512
at_projections,"-25.-64.5.17",98304,6684
at_projections,"-25.-65.-9.42",49152,4440
at_projections,"-25.-65.3.21",65536,0
at_projections,"-25.-65.7.14",98304,4372
at_projections,"-25.-66.-11.46",49152,4232
at_projections,"-25.-66.-3.32",32768,1600
at_projections,"-25.-66.-7.39",16384,798
at_projections,"-25.-66.5.18",81920,3664
at_projections,"-25.-66.9.11",65536,1792
at_projections,"-25.-67.-5.36",65536,3104
at_projections,"-25.-67.-9.43",98304,6848
at_projections,"-25.-67.11.8",65536,4864
at_projections,"-25.-67.7.15",147456,10444
at_projections,"-25.-68.-7.40",32768,3008
at_projections,"-25.-68.9.12",81920,2112
at_projections,"-25.-69.11.9",65536,0
at_projections,"-25.-69.3.23",32768,1600
at_projections,"-25.-69.7.16",65536,7768
at_projections,"-25.-70.9.13",65536,4640
at_projections,"-25.-71.7.17",16384,1898
at_projections,"-25.-72.5.21",65536,3104
at_projections,"-25.-72.9.14",81920,5238
at_projections,"-25.-73.7.18",16384,798
at_projections,"-25.-74.9.15",49152,4440
at_projections,"-25.-75.7.19",32768,3008
at_projections,"-25.-76.9.16",98304,6848
at_projections,"-25.-77.11.13",49152,4232
at_projections,"-26.-59.-8.37",32768,1152
at_projections,"-26.-60.-10.41",131072,0
at_projections,"-26.-61.-4.31",32768,1652
at_projections,"-26.-61.-8.38",65536,2304
at_projections,"-26.-62.-6.35",147456,4288
at_projections,"-26.-63.-4.32",65536,4864
at_projections,"-26.-63.-8.39",65536,2848
at_projections,"-26.-63.0.25",32768,384
at_projections,"-26.-64.-10.43",16384,1872
at_projections,"-26.-64.-2.29",131072,0
at_projections,"-26.-64.-6.36",32768,3768
at_projections,"-26.-65.-4.33",32768,256
at_projections,"-26.-65.-8.40",81920,5264
at_projections,"-26.-65.0.26",196608,768
at_projections,"-26.-65.4.19",32768,1652
at_projections,"-26.-66.-10.44",32768,4378
at_projections,"-26.-66.-6.37",16384,2172
at_projections,"-26.-66.2.23",131072,0
at_projections,"-26.-67.-8.41",65536,5912
at_projections,"-26.-67.0.27",32768,508
at_projections,"-26.-67.4.20",65536,4864
at_projections,"-26.-67.8.13",32768,1152
at_projections,"-26.-68.-10.45",49152,3671
at_projections,"-26.-68.-6.38",16384,2298
at_projections,"-26.-68.6.17",147456,4288
at_projections,"-26.-69.-4.35",16384,1398
at_projections,"-26.-69.-8.42",65536,4120
at_projections,"-26.-69.4.21",32768,256
at_projections,"-26.-69.8.14",65536,2304
at_projections,"-26.-70.-10.46",49152,2128
at_projections,"-26.-70.-6.39",32768,1920
at_projections,"-26.-70.10.11",131072,0
at_projections,"-26.-70.6.18",32768,3768
at_projections,"-26.-71.-8.43",16384,1728
at_projections,"-26.-71.8.15",65536,2848
at_projections,"-26.-72.6.19",16384,2172
at_projections,"-26.-73.4.23",16384,1398
at_projections,"-26.-73.8.16",81920,5264
at_projections,"-26.-74.10.13",16384,1872
at_projections,"-26.-74.6.20",16384,2298
at_projections,"-26.-75.8.17",65536,5912
at_projections,"-26.-76.10.14",32768,4378
at_projections,"-26.-76.6.21",32768,1920
at_projections,"-26.-77.8.18",65536,4120
at_projections,"-26.-78.10.15",49152,3671
at_projections,"-26.-79.8.19",16384,1728
at_projections,"-26.-80.10.16",49152,2128
at_projections,"-27.-62.-9.40",65536,0
at_projections,"-27.-63.-7.37",65536,3840
at_projections,"-27.-64.-5.34",65536,2048
at_projections,"-27.-64.-9.41",65536,0
at_projections,"-27.-65.-3.31",65536,2048
at_projections,"-27.-65.-7.38",65536,0
at_projections,"-27.-66.-1.28",98304,128
at_projections,"-27.-66.-5.35",65536,2816
at_projections,"-27.-67.-3.32",65536,1536
at_projections,"-27.-67.-7.39",16384,1524
at_projections,"-27.-67.1.25",98304,128
at_projections,"-27.-68.-1.29",98304,512
at_projections,"-27.-68.-9.43",32768,2928
at_projections,"-27.-68.3.22",65536,2048
at_projections,"-27.-69.-7.40",32768,3060
at_projections,"-27.-69.1.26",98304,512
at_projections,"-27.-69.5.19",65536,2048
at_projections,"-27.-70.-9.44",65536,4564
at_projections,"-27.-70.3.23",65536,1536
at_projections,"-27.-70.7.16",65536,3840
at_projections,"-27.-71.-7.41",49152,4157
at_projections,"-27.-71.5.20",65536,2816
at_projections,"-27.-71.9.13",65536,0
at_projections,"-27.-72.-9.45",147456,2232
at_projections,"-27.-72.7.17",65536,0
at_projections,"-27.-73.9.14",65536,0
at_projections,"-27.-74.7.18",16384,1524
at_projections,"-27.-76.7.19",32768,3060
at_projections,"-27.-77.9.16",32768,2928
at_projections,"-27.-78.7.20",49152,4157
at_projections,"-27.-79.9.17",65536,4564
at_projections,"-27.-81.9.18",147456,2232
at_projections,"-28.-65.-6.36",32768,1274
at_projections,"-28.-66.-8.40",131072,0
at_projections,"-28.-67.-2.30",32768,1152
at_projections,"-28.-67.-6.37",65536,5248
at_projections,"-28.-68.-4.34",131072,2048
at_projections,"-28.-69.-2.31",65536,2288
at_projections,"-28.-69.-6.38",32768,384
at_projections,"-28.-69.2.24",32768,1152
at_projections,"-28.-70.0.28",262144,0
at_projections,"-28.-71.-2.32",32768,256
at_projections,"-28.-71.2.25",65536,2288
at_projections,"-28.-71.6.18",32768,1274
at_projections,"-28.-72.-8.43",16384,2160
at_projections,"-28.-72.4.22",131072,2048
at_projections,"-28.-73.2.26",32768,256
at_projections,"-28.-73.6.19",65536,5248
at_projections,"-28.-74.-8.44",49152,2176
at_projections,"-28.-74.8.16",131072,0
at_projections,"-28.-75.6.20",32768,384
at_projections,"-28.-80.8.19",16384,2160
at_projections,"-28.-82.8.20",49152,2176
at_projections,"-29.-68.-7.39",65536,0
at_projections,"-29.-69.-5.36",65536,3840
at_projections,"-29.-70.-3.33",65536,2048
at_projections,"-29.-70.-7.40",65536,2304
at_projections,"-29.-71.-1.30",98304,2048
at_projections,"-29.-71.-5.37",65536,1536
at_projections,"-29.-72.-3.34",65536,1016
at_projections,"-29.-72.1.27",98304,2048
at_projections,"-29.-73.-1.31",98304,1536
at_projections,"-29.-73.3.24",65536,2048
at_projections,"-29.-74.1.28",98304,1536
at_projections,"-29.-74.5.21",65536,3840
at_projections,"-29.-75.3.25",65536,1016
at_projections,"-29.-75.7.18",65536,0
at_projections,"-29.-76.5.22",65536,1536
at_projections,"-29.-77.7.19",65536,2304
at_projections,"-3.-1.-11.19",344064,7264
at_projections,"-3.-1.-15.26",163840,7976
at_projections,"-3.-1.-19.33",98304,8974
at_projections,"-3.-1.-3.5",409600,13208
at_projections,"-3.-1.-7.12",442368,9080
at_projections,"-3.-1.1.-2",131072,12108
at_projections,"-3.-1.13.-23",131072,2800
at_projections,"-3.-1.17.-30",65536,3768
at_projections,"-3.-1.5.-9",131072,9146
at_projections,"-3.-1.9.-16",81920,2208
at_projections,"-3.-10.-1.6",196608,15752
at_projections,"-3.-10.-5.13",163840,11920
at_projections,"-3.-10.-9.20",65536,1536
at_projections,"-3.-10.11.-15",409600,6016
at_projections,"-3.-10.15.-22",163840,1152
at_projections,"-3.-10.19.-29",65536,1120
at_projections,"-3.-10.23.-36",32768,1776
at_projections,"-3.-10.3.-1",245760,15570
at_projections,"-3.-10.7.-8",360448,9120
at_projections,"-3.-11.-11.24",65536,0
at_projections,"-3.-11.-15.31",16384,2880
at_projections,"-3.-11.-3.10",81920,5320
at_projections,"-3.-11.-7.17",147456,7360
at_projections,"-3.-11.1.3",196608,15752
at_projections,"-3.-11.13.-18",409600,5120
at_projections,"-3.-11.17.-25",32768,1320
at_projections,"-3.-11.21.-32",16384,448
at_projections,"-3.-11.25.-39",32768,1600
at_projections,"-3.-11.5.-4",147456,7765
at_projections,"-3.-11.9.-11",327680,4464
at_projections,"-3.-12.-1.7",114688,8672
at_projections,"-3.-12.-13.28",65536,1280
at_projections,"-3.-12.-5.14",81920,4464
at_projections,"-3.-12.-9.21",131072,3328
at_projections,"-3.-12.11.-14",344064,7264
at_projections,"-3.-12.15.-21",327680,2048
at_projections,"-3.-12.23.-35",16384,680
at_projections,"-3.-12.3.0",163840,10048
at_projections,"-3.-12.7.-7",131072,6656
at_projections,"-3.-13.-11.25",131072,4744
at_projections,"-3.-13.-15.32",65536,1152
at_projections,"-3.-13.-3.11",131072,7388
at_projections,"-3.-13.-7.18",65536,5376
at_projections,"-3.-13.1.4",114688,8672
at_projections,"-3.-13.13.-17",327680,3328
at_projections,"-3.-13.17.-24",65536,2048
at_projections,"-3.-13.5.-3",98304,8032
at_projections,"-3.-13.9.-10",131072,5120
at_projections,"-3.-14.-1.8",98304,8970
at_projections,"-3.-14.-13.29",131072,2688
at_projections,"-3.-14.-17.36",65536,1024
at_projections,"-3.-14.-5.15",16384,2096
at_projections,"-3.-14.-9.22",65536,5596
at_projections,"-3.-14.11.-13",131072,4608
at_projections,"-3.-14.15.-20",327680,2560
at_projections,"-3.-14.23.-34",16384,544
at_projections,"-3.-14.3.1",81920,5320
at_projections,"-3.-14.7.-6",32768,2472
at_projections,"-3.-15.-11.26",65536,3072
at_projections,"-3.-15.-15.33",131072,3760
at_projections,"-3.-15.-19.40",65536,0
at_projections,"-3.-15.-3.12",131072,14416
at_projections,"-3.-15.1.5",98304,8970
at_projections,"-3.-15.13.-16",131072,8192
at_projections,"-3.-15.17.-23",196608,0
at_projections,"-3.-15.21.-30",32768,3912
at_projections,"-3.-15.5.-2",163840,11920
at_projections,"-3.-15.9.-9",49152,2624
at_projections,"-3.-16.-1.9",81920,9078
at_projections,"-3.-16.-13.30",65536,3072
at_projections,"-3.-16.-17.37",131072,3256
at_projections,"-3.-16.-5.16",65536,9078
at_projections,"-3.-16.11.-12",16384,544
at_projections,"-3.-16.15.-19",163840,7976
at_projections,"-3.-16.19.-26",81920,1500
at_projections,"-3.-16.23.-33",32768,3072
at_projections,"-3.-16.3.2",131072,7388
at_projections,"-3.-16.7.-5",114688,4224
at_projections,"-3.-17.-15.34",65536,3768
at_projections,"-3.-17.-3.13",65536,9144
at_projections,"-3.-17.-7.20",16384,3284
at_projections,"-3.-17.1.6",81920,9078
at_projections,"-3.-17.13.-15",65536,5616
at_projections,"-3.-17.17.-22",163840,11448
at_projections,"-3.-17.21.-29",147456,7084
at_projections,"-3.-17.5.-1",81920,4464
at_projections,"-3.-17.9.-8",49152,752
at_projections,"-3.-18.-17.38",65536,5432
at_projections,"-3.-18.-5.17",98304,9492
at_projections,"-3.-18.11.-11",98304,1792
at_projections,"-3.-18.15.-18",16384,3568
at_projections,"-3.-18.19.-25",131072,9544
at_projections,"-3.-18.23.-32",81920,2116
at_projections,"-3.-18.3.3",131072,14416
at_projections,"-3.-18.7.-4",147456,7360
at_projections,"-3.-19.-3.14",16384,1024
at_projections,"-3.-19.-7.21",65536,7076
at_projections,"-3.-19.13.-14",16384,1644
at_projections,"-3.-19.17.-21",32768,5726
at_projections,"-3.-19.21.-28",131072,9048
at_projections,"-3.-19.25.-35",65536,0
at_projections,"-3.-19.5.0",16384,2096
at_projections,"-3.-19.9.-7",65536,1536
at_projections,"-3.-2.-1.2",278528,2256
at_projections,"-3.-2.-13.23",131072,8192
at_projections,"-3.-2.-17.30",32768,5726
at_projections,"-3.-2.-5.9",491520,11336
at_projections,"-3.-2.-9.16",327680,4464
at_projections,"-3.-2.11.-19",131072,1024
at_projections,"-3.-2.15.-26",65536,3072
at_projections,"-3.-2.3.-5",147456,11114
at_projections,"-3.-2.7.-12",131072,6570
at_projections,"-3.-20.-5.18",65536,4416
at_projections,"-3.-20.-9.25",16384,2238
at_projections,"-3.-20.15.-17",16384,1920
at_projections,"-3.-20.19.-24",98304,8974
at_projections,"-3.-20.23.-31",65536,2976
at_projections,"-3.-20.27.-38",65536,2048
at_projections,"-3.-20.3.4",65536,9144
at_projections,"-3.-20.7.-3",65536,5376
at_projections,"-3.-21.-7.22",98304,5272
at_projections,"-3.-21.13.-13",32768,2592
at_projections,"-3.-21.17.-20",65536,9064
at_projections,"-3.-21.21.-27",16384,552
at_projections,"-3.-21.25.-34",65536,1768
at_projections,"-3.-21.29.-41",65536,1016
at_projections,"-3.-21.5.1",65536,9078
at_projections,"-3.-21.9.-6",131072,3328
at_projections,"-3.-22.-5.19",16384,1728
at_projections,"-3.-22.-9.26",65536,7334
at_projections,"-3.-22.11.-9",65536,0
at_projections,"-3.-22.15.-16",49152,5492
at_projections,"-3.-22.19.-23",65536,3452
at_projections,"-3.-22.27.-37",65536,1536
at_projections,"-3.-22.3.5",16384,1024
at_projections,"-3.-22.31.-44",65536,1536
at_projections,"-3.-23.-3.16",32768,128
at_projections,"-3.-23.-7.23",65536,5124
at_projections,"-3.-23.17.-19",114688,8416
at_projections,"-3.-23.29.-40",65536,2048
at_projections,"-3.-23.33.-47",65536,2304
at_projections,"-3.-23.5.2",98304,9492
at_projections,"-3.-23.9.-5",65536,5596
at_projections,"-3.-24.-9.27",81920,8072
at_projections,"-3.-24.11.-8",131072,4744
at_projections,"-3.-24.15.-15",32768,3912
at_projections,"-3.-24.19.-22",49152,4632
at_projections,"-3.-24.31.-43",65536,3624
at_projections,"-3.-24.7.-1",16384,3284
at_projections,"-3.-25.-3.17",32768,3176
at_projections,"-3.-25.-7.24",16384,1264
at_projections,"-3.-25.13.-11",65536,1280
at_projections,"-3.-25.17.-18",49152,5694
at_projections,"-3.-25.33.-46",65536,4976
at_projections,"-3.-25.5.3",65536,4416
at_projections,"-3.-26.-9.28",32768,896
at_projections,"-3.-26.11.-7",65536,3072
at_projections,"-3.-26.15.-14",16384,2880
at_projections,"-3.-26.19.-21",16384,3632
at_projections,"-3.-26.3.7",32768,128
at_projections,"-3.-26.7.0",65536,7076
at_projections,"-3.-27.-3.18",32768,4080
at_projections,"-3.-27.13.-10",131072,2688
at_projections,"-3.-27.21.-24",65536,6868
at_projections,"-3.-27.5.4",16384,1728
at_projections,"-3.-28.15.-13",65536,1152
at_projections,"-3.-28.3.8",32768,3176
at_projections,"-3.-28.7.1",98304,5272
at_projections,"-3.-29.-3.19",16384,1944
at_projections,"-3.-29.-7.26",32768,4360
at_projections,"-3.-29.13.-9",65536,3072
at_projections,"-3.-29.9.-2",16384,2238
at_projections,"-3.-3.-11.20",131072,4608
at_projections,"-3.-3.-15.27",16384,3568
at_projections,"-3.-3.-19.34",65536,3452
at_projections,"-3.-3.-3.6",622592,17064
at_projections,"-3.-3.-7.13",360448,9120
at_projections,"-3.-3.1.-1",278528,2256
at_projections,"-3.-3.13.-22",65536,3072
at_projections,"-3.-3.5.-8",229376,15600
at_projections,"-3.-3.9.-15",131072,5096
at_projections,"-3.-30.-1.16",81920,2715
at_projections,"-3.-30.-5.23",32768,3168
at_projections,"-3.-30.15.-12",131072,3760
at_projections,"-3.-30.3.9",32768,4080
at_projections,"-3.-30.7.2",65536,5124
at_projections,"-3.-31.-3.20",32768,3140
at_projections,"-3.-31.1.13",81920,2715
at_projections,"-3.-31.17.-15",65536,1024
at_projections,"-3.-31.9.-1",65536,7334
at_projections,"-3.-32.-1.17",32768,1536
at_projections,"-3.-32.-5.24",16384,1614
at_projections,"-3.-32.15.-11",65536,3768
at_projections,"-3.-32.3.10",16384,1944
at_projections,"-3.-32.7.3",16384,1264
at_projections,"-3.-33.1.14",32768,1536
at_projections,"-3.-33.17.-14",131072,3256
at_projections,"-3.-33.9.0",81920,8072
at_projections,"-3.-34.19.-17",65536,0
at_projections,"-3.-34.3.11",32768,3140
at_projections,"-3.-35.17.-13",65536,5432
at_projections,"-3.-35.5.8",32768,3168
at_projections,"-3.-35.9.1",32768,896
at_projections,"-3.-36.7.5",32768,4360
at_projections,"-3.-37.5.9",16384,1614
at_projections,"-3.-4.-1.3",475136,8312
at_projections,"-3.-4.-13.24",65536,5616
at_projections,"-3.-4.-17.31",65536,9064
at_projections,"-3.-4.-5.10",360448,3360
at_projections,"-3.-4.-9.17",131072,5120
at_projections,"-3.-4.11.-18",65536,5596
at_projections,"-3.-4.3.-4",409600,13208
at_projections,"-3.-4.7.-11",212992,12416
at_projections,"-3.-5.-11.21",16384,544
at_projections,"-3.-5.-15.28",16384,1920
at_projections,"-3.-5.-19.35",49152,4632
at_projections,"-3.-5.-3.7",491520,12600
at_projections,"-3.-5.-7.14",131072,6656
at_projections,"-3.-5.1.0",475136,8312
at_projections,"-3.-5.5.-7",524288,16984
at_projections,"-3.-5.9.-14",131072,7424
at_projections,"-3.-6.-1.4",655360,8812
at_projections,"-3.-6.-13.25",16384,1644
at_projections,"-3.-6.-17.32",114688,8416
at_projections,"-3.-6.-21.39",65536,6868
at_projections,"-3.-6.-5.11",147456,7765
at_projections,"-3.-6.-9.18",49152,2624
at_projections,"-3.-6.11.-17",65536,2048
at_projections,"-3.-6.3.-3",622592,17064
at_projections,"-3.-6.7.-10",344064,7200
at_projections,"-3.-7.-11.22",98304,1792
at_projections,"-3.-7.-15.29",49152,5492
at_projections,"-3.-7.-19.36",16384,3632
at_projections,"-3.-7.-3.8",245760,15570
at_projections,"-3.-7.-7.15",32768,2472
at_projections,"-3.-7.1.1",655360,8812
at_projections,"-3.-7.13.-20",65536,2048
at_projections,"-3.-7.5.-6",491520,11336
at_projections,"-3.-7.9.-13",262144,0
at_projections,"-3.-8.-1.5",557056,32341
at_projections,"-3.-8.-13.26",32768,2592
at_projections,"-3.-8.-17.33",49152,5694
at_projections,"-3.-8.-5.12",98304,8032
at_projections,"-3.-8.-9.19",49152,752
at_projections,"-3.-8.11.-16",294912,5472
at_projections,"-3.-8.15.-23",16384,664
at_projections,"-3.-8.3.-2",491520,12600
at_projections,"-3.-8.7.-9",442368,9080
at_projections,"-3.-9.-15.30",32768,3912
at_projections,"-3.-9.-3.9",163840,10048
at_projections,"-3.-9.-7.16",114688,4224
at_projections,"-3.-9.1.2",557056,32341
at_projections,"-3.-9.13.-19",294912,608
at_projections,"-3.-9.17.-26",16384,352
at_projections,"-3.-9.21.-33",32768,1872
at_projections,"-3.-9.5.-5",360448,3360
at_projections,"-3.-9.9.-12",491520,12136
at_projections,"-3.0.-1.1",131072,12108
at_projections,"-3.0.-13.22",327680,3328
at_projections,"-3.0.-17.29",163840,11448
at_projections,"-3.0.-21.36",16384,552
at_projections,"-3.0.-5.8",524288,16984
at_projections,"-3.0.-9.15",491520,12136
at_projections,"-3.0.11.-20",65536,1280
at_projections,"-3.0.15.-27",163840,8822
at_projections,"-3.0.19.-34",65536,5408
at_projections,"-3.0.3.-6",16384,1944
at_projections,"-3.0.7.-13",98304,5752
at_projections,"-3.1.-11.18",409600,6016
at_projections,"-3.1.-15.25",327680,2560
at_projections,"-3.1.-19.32",131072,9544
at_projections,"-3.1.-3.4",147456,11114
at_projections,"-3.1.-7.11",344064,7200
at_projections,"-3.1.1.-3",16384,2304
at_projections,"-3.1.13.-24",65536,1152
at_projections,"-3.1.17.-31",131072,5980
at_projections,"-3.1.5.-10",16384,2240
at_projections,"-3.1.9.-17",65536,5480
at_projections,"-3.10.-13.17",65536,3072
at_projections,"-3.10.-21.31",16384,448
at_projections,"-3.10.-33.52",65536,2304
at_projections,"-3.10.-9.10",65536,5480
at_projections,"-3.10.3.-11",32768,128
at_projections,"-3.10.7.-18",16384,960
at_projections,"-3.11.-11.13",65536,1280
at_projections,"-3.11.-23.34",16384,680
at_projections,"-3.11.-3.-1",32768,3176
at_projections,"-3.11.-7.6",16384,3560
at_projections,"-3.11.5.-15",16384,576
at_projections,"-3.12.-13.16",131072,2800
at_projections,"-3.12.-21.30",32768,1872
at_projections,"-3.12.-9.9",81920,10120
at_projections,"-3.12.3.-12",65536,1472
at_projections,"-3.13.-15.19",65536,3072
at_projections,"-3.13.-23.33",32768,1776
at_projections,"-3.13.-3.-2",32768,128
at_projections,"-3.13.1.-9",32768,3426
at_projections,"-3.13.5.-16",32768,1408
at_projections,"-3.14.-1.-6",32768,3426
at_projections,"-3.14.-13.15",65536,1152
at_projections,"-3.14.-25.36",32768,1600
at_projections,"-3.14.-5.1",32768,1078
at_projections,"-3.14.-9.8",49152,5180
at_projections,"-3.14.3.-13",32768,1872
at_projections,"-3.15.-11.11",16384,1560
at_projections,"-3.15.-15.18",163840,8822
at_projections,"-3.15.-3.-3",65536,1472
at_projections,"-3.15.-7.4",32768,1182
at_projections,"-3.15.1.-10",65536,6960
at_projections,"-3.16.-1.-7",65536,6960
at_projections,"-3.16.-13.14",65536,6204
at_projections,"-3.16.-17.21",65536,3768
at_projections,"-3.16.-5.0",16384,576
at_projections,"-3.16.-9.7",32768,1182
at_projections,"-3.16.3.-14",16384,700
at_projections,"-3.17.-11.10",32768,1216
at_projections,"-3.17.-15.17",65536,1024
at_projections,"-3.17.-3.-4",32768,1872
at_projections,"-3.17.-7.3",16384,960
at_projections,"-3.18.-17.20",131072,5980
at_projections,"-3.18.-5.-1",32768,1408
at_projections,"-3.19.-19.23",65536,5408
at_projections,"-3.19.-3.-5",16384,700
at_projections,"-3.2.-1.0",16384,2304
at_projections,"-3.2.-13.21",409600,5120
at_projections,"-3.2.-17.28",196608,0
at_projections,"-3.2.-21.35",131072,9048
at_projections,"-3.2.-5.7",229376,15600
at_projections,"-3.2.-9.14",262144,0
at_projections,"-3.2.15.-28",65536,1024
at_projections,"-3.2.7.-14",65536,8396
at_projections,"-3.20.-17.19",65536,0
at_projections,"-3.3.-11.17",294912,5472
at_projections,"-3.3.-15.24",327680,2048
at_projections,"-3.3.-19.31",81920,1500
at_projections,"-3.3.-23.38",65536,2976
at_projections,"-3.3.-3.3",16384,1944
at_projections,"-3.3.-7.10",212992,12416
at_projections,"-3.3.13.-25",65536,6204
at_projections,"-3.3.17.-32",65536,0
at_projections,"-3.3.9.-18",81920,10120
at_projections,"-3.4.-13.20",294912,608
at_projections,"-3.4.-17.27",65536,2048
at_projections,"-3.4.-21.34",147456,7084
at_projections,"-3.4.-25.41",65536,1768
at_projections,"-3.4.-5.6",131072,9146
at_projections,"-3.4.-9.13",131072,7424
at_projections,"-3.4.11.-22",16384,1560
at_projections,"-3.4.7.-15",16384,3560
at_projections,"-3.5.-11.16",65536,2048
at_projections,"-3.5.-15.23",163840,1152
at_projections,"-3.5.-23.37",81920,2116
at_projections,"-3.5.-27.44",65536,1536
at_projections,"-3.5.-7.9",131072,6570
at_projections,"-3.5.9.-19",49152,5180
at_projections,"-3.6.-13.19",65536,2048
at_projections,"-3.6.-17.26",32768,1320
at_projections,"-3.6.-21.33",32768,3912
at_projections,"-3.6.-25.40",65536,0
at_projections,"-3.6.-29.47",65536,2048
at_projections,"-3.6.-5.5",16384,2240
at_projections,"-3.6.-9.12",131072,5096
at_projections,"-3.6.11.-23",32768,1216
at_projections,"-3.7.-11.15",65536,5596
at_projections,"-3.7.-15.22",16384,664
at_projections,"-3.7.-23.36",32768,3072
at_projections,"-3.7.-27.43",65536,2048
at_projections,"-3.7.-31.50",65536,3624
at_projections,"-3.7.-7.8",98304,5752
at_projections,"-3.7.9.-20",32768,1182
at_projections,"-3.8.-17.25",16384,352
at_projections,"-3.8.-29.46",65536,1016
at_projections,"-3.8.-33.53",65536,4976
at_projections,"-3.8.-9.11",81920,2208
at_projections,"-3.8.3.-10",32768,3176
at_projections,"-3.8.7.-17",32768,1182
at_projections,"-3.9.-11.14",131072,1024
at_projections,"-3.9.-19.28",65536,1120
at_projections,"-3.9.-23.35",16384,544
at_projections,"-3.9.-31.49",65536,1536
at_projections,"-3.9.-7.7",65536,8396
at_projections,"-3.9.5.-14",32768,1078
at_projections,"-30.-71.-4.35",32768,1024
at_projections,"-30.-72.-6.39",131072,1536
at_projections,"-30.-73.-4.36",65536,4852
at_projections,"-30.-73.0.29",32768,1984
at_projections,"-30.-74.-2.33",131072,1024
at_projections,"-30.-75.-4.37",32768,2000
at_projections,"-30.-75.0.30",196608,6912
at_projections,"-30.-75.4.23",32768,1024
at_projections,"-30.-76.2.27",131072,1024
at_projections,"-30.-77.0.31",32768,1536
at_projections,"-30.-77.4.24",65536,4852
at_projections,"-30.-78.6.21",131072,1536
at_projections,"-30.-79.4.25",32768,2000
at_projections,"-31.-74.-5.38",65536,1536
at_projections,"-31.-75.-3.35",65536,1536
at_projections,"-31.-76.-1.32",98304,3888
at_projections,"-31.-76.-5.39",65536,4796
at_projections,"-31.-77.-3.36",65536,3624
at_projections,"-31.-77.1.29",98304,3888
at_projections,"-31.-78.-1.33",98304,6750
at_projections,"-31.-78.3.26",65536,1536
at_projections,"-31.-79.1.30",98304,6750
at_projections,"-31.-79.5.23",65536,1536
at_projections,"-31.-80.3.27",65536,3624
at_projections,"-31.-81.5.24",65536,4796
at_projections,"-32.-77.-2.34",32768,2768
at_projections,"-32.-78.-4.38",131072,2512
at_projections,"-32.-79.-2.35",65536,3536
at_projections,"-32.-79.2.28",32768,2768
at_projections,"-32.-80.0.32",262144,10816
at_projections,"-32.-81.-2.36",32768,3456
at_projections,"-32.-81.2.29",65536,3536
at_projections,"-32.-82.4.26",131072,2512
at_projections,"-32.-83.2.30",32768,3456
at_projections,"-33.-80.-3.37",65536,4976
at_projections,"-33.-81.-1.34",98304,7328
at_projections,"-33.-82.-3.38",65536,2304
at_projections,"-33.-82.1.31",98304,7328
at_projections,"-33.-83.-1.35",98304,4560
at_projections,"-33.-83.3.28",65536,4976
at_projections,"-33.-84.1.32",98304,4560
at_projections,"-33.-85.3.29",65536,2304
at_projections,"-34.-83.0.33",32768,3804
at_projections,"-34.-84.-2.37",131072,2048
at_projections,"-34.-85.0.34",196608,6904
at_projections,"-34.-86.2.31",131072,2048
at_projections,"-34.-87.0.35",32768,1536
at_projections,"-35.-86.-1.36",98304,5248
at_projections,"-35.-87.1.33",98304,5248
at_projections,"-35.-88.-1.37",98304,0
at_projections,"-35.-89.1.34",98304,0
at_projections,"-36.-90.0.36",294912,128
at_projections,"-4.-1.-10.17",409600,8360
at_projections,"-4.-1.-14.24",294912,3072
at_projections,"-4.-1.-18.31",65536,3560
at_projections,"-4.-1.-2.3",98304,5244
at_projections,"-4.-1.-22.38",49152,4413
at_projections,"-4.-1.-6.10",458752,6880
at_projections,"-4.-1.10.-18",32768,2000
at_projections,"-4.-1.14.-25",98304,8832
at_projections,"-4.-1.18.-32",131072,2816
at_projections,"-4.-1.6.-11",16384,1754
at_projections,"-4.-10.-12.25",32768,1824
at_projections,"-4.-10.-16.32",81920,9065
at_projections,"-4.-10.-20.39",32768,6926
at_projections,"-4.-10.-4.11",98304,7650
at_projections,"-4.-10.-8.18",98304,1024
at_projections,"-4.-10.0.4",655360,22592
at_projections,"-4.-10.12.-17",262144,0
at_projections,"-4.-10.4.-3",425984,11314
at_projections,"-4.-10.8.-10",409600,5930
at_projections,"-4.-11.-10.22",49152,896
at_projections,"-4.-11.-14.29",16384,2040
at_projections,"-4.-11.-18.36",16384,2032
at_projections,"-4.-11.-2.8",262144,16458
at_projections,"-4.-11.-6.15",81920,8860
at_projections,"-4.-11.10.-13",409600,8360
at_projections,"-4.-11.14.-20",163840,224
at_projections,"-4.-11.18.-27",16384,862
at_projections,"-4.-11.2.1",442368,30977
at_projections,"-4.-11.6.-6",327680,7464
at_projections,"-4.-12.-16.33",81920,8084
at_projections,"-4.-12.-4.12",147456,6432
at_projections,"-4.-12.-8.19",81920,6588
at_projections,"-4.-12.0.5",327680,31356
at_projections,"-4.-12.12.-16",458752,6656
at_projections,"-4.-12.16.-23",32768,192
at_projections,"-4.-12.20.-30",16384,804
at_projections,"-4.-12.24.-37",32768,2112
at_projections,"-4.-12.4.-2",229376,10721
at_projections,"-4.-12.8.-9",311296,5264
at_projections,"-4.-13.-10.23",65536,4514
at_projections,"-4.-13.-14.30",16384,2064
at_projections,"-4.-13.-2.9",98304,8944
at_projections,"-4.-13.-6.16",196608,5216
at_projections,"-4.-13.10.-12",327680,8072
at_projections,"-4.-13.14.-19",344064,2304
at_projections,"-4.-13.18.-26",32768,384
at_projections,"-4.-13.2.2",262144,16458
at_projections,"-4.-13.22.-33",65536,1440
at_projections,"-4.-13.6.-5",147456,12228
at_projections,"-4.-14.-12.27",65536,4548
at_projections,"-4.-14.-16.34",32768,3444
at_projections,"-4.-14.-4.13",81920,7976
at_projections,"-4.-14.-8.20",131072,3072
at_projections,"-4.-14.0.6",196608,8064
at_projections,"-4.-14.12.-15",262144,0
at_projections,"-4.-14.16.-22",81920,2624
at_projections,"-4.-14.20.-29",32768,256
at_projections,"-4.-14.24.-36",16384,1026
at_projections,"-4.-14.4.-1",98304,7650
at_projections,"-4.-14.8.-8",196608,6144
at_projections,"-4.-15.-10.24",131072,3584
at_projections,"-4.-15.-14.31",98304,5882
at_projections,"-4.-15.-2.10",81920,6372
at_projections,"-4.-15.-6.17",65536,5540
at_projections,"-4.-15.10.-11",131072,6524
at_projections,"-4.-15.14.-18",294912,3072
at_projections,"-4.-15.2.3",98304,8944
at_projections,"-4.-15.26.-39",16384,1398
at_projections,"-4.-15.6.-4",65536,6462
at_projections,"-4.-16.-12.28",131072,2816
at_projections,"-4.-16.-16.35",65536,3728
at_projections,"-4.-16.-4.14",49152,2090
at_projections,"-4.-16.-8.21",65536,5358
at_projections,"-4.-16.0.7",131072,6464
at_projections,"-4.-16.12.-14",196608,5120
at_projections,"-4.-16.16.-21",131072,0
at_projections,"-4.-16.24.-35",16384,1040
at_projections,"-4.-16.4.0",147456,6432
at_projections,"-4.-17.-10.25",65536,7050
at_projections,"-4.-17.-14.32",147456,2768
at_projections,"-4.-17.-18.39",65536,3624
at_projections,"-4.-17.-2.11",163840,14648
at_projections,"-4.-17.10.-10",32768,2304
at_projections,"-4.-17.14.-17",131072,7640
at_projections,"-4.-17.18.-24",32768,1536
at_projections,"-4.-17.2.4",81920,6372
at_projections,"-4.-17.22.-31",32768,2048
at_projections,"-4.-17.6.-3",81920,8860
at_projections,"-4.-18.-12.29",65536,4840
at_projections,"-4.-18.-16.36",131072,3536
at_projections,"-4.-18.-4.15",65536,7456
at_projections,"-4.-18.0.8",98304,9704
at_projections,"-4.-18.12.-13",16384,2175
at_projections,"-4.-18.16.-20",196608,6640
at_projections,"-4.-18.20.-27",16384,1948
at_projections,"-4.-18.24.-34",32768,896
at_projections,"-4.-18.4.1",81920,7976
at_projections,"-4.-18.8.-6",98304,1024
at_projections,"-4.-19.-14.33",65536,4232
at_projections,"-4.-19.-18.40",131072,2816
at_projections,"-4.-19.-2.12",81920,13934
at_projections,"-4.-19.-6.19",16384,2320
at_projections,"-4.-19.10.-9",49152,416
at_projections,"-4.-19.14.-16",49152,6436
at_projections,"-4.-19.18.-23",65536,3560
at_projections,"-4.-19.2.5",163840,14648
at_projections,"-4.-19.22.-30",114688,10152
at_projections,"-4.-19.6.-2",196608,5216
at_projections,"-4.-2.-12.21",262144,0
at_projections,"-4.-2.-16.28",196608,6640
at_projections,"-4.-2.-20.35",98304,5515
at_projections,"-4.-2.-4.7",409600,13080
at_projections,"-4.-2.-8.14",409600,5930
at_projections,"-4.-2.0.0",131072,9248
at_projections,"-4.-2.12.-21",65536,4444
at_projections,"-4.-2.16.-28",163840,7264
at_projections,"-4.-2.4.-7",16384,1872
at_projections,"-4.-2.8.-14",98304,6040
at_projections,"-4.-20.-16.37",65536,5268
at_projections,"-4.-20.-4.16",98304,7103
at_projections,"-4.-20.0.9",32768,4330
at_projections,"-4.-20.12.-12",49152,1120
at_projections,"-4.-20.16.-19",65536,5568
at_projections,"-4.-20.20.-26",196608,6144
at_projections,"-4.-20.24.-33",16384,1552
at_projections,"-4.-20.4.2",49152,2090
at_projections,"-4.-20.8.-5",81920,6588
at_projections,"-4.-21.-2.13",16384,2320
at_projections,"-4.-21.-6.20",65536,3432
at_projections,"-4.-21.10.-8",49152,896
at_projections,"-4.-21.14.-15",32768,3456
at_projections,"-4.-21.18.-22",65536,8799
at_projections,"-4.-21.2.6",81920,13934
at_projections,"-4.-21.22.-29",131072,9706
at_projections,"-4.-21.26.-36",32768,2560
at_projections,"-4.-21.6.-1",65536,5540
at_projections,"-4.-22.-4.17",65536,1888
at_projections,"-4.-22.-8.24",16384,1866
at_projections,"-4.-22.12.-11",32768,1824
at_projections,"-4.-22.20.-25",98304,5515
at_projections,"-4.-22.24.-32",131072,1024
at_projections,"-4.-22.4.3",65536,7456
at_projections,"-4.-22.8.-4",131072,3072
at_projections,"-4.-23.-6.21",98304,4246
at_projections,"-4.-23.10.-7",65536,4514
at_projections,"-4.-23.14.-14",32768,3136
at_projections,"-4.-23.18.-21",65536,3508
at_projections,"-4.-23.2.7",16384,2320
at_projections,"-4.-23.22.-28",49152,4413
at_projections,"-4.-23.26.-35",65536,1908
at_projections,"-4.-23.30.-42",32768,2548
at_projections,"-4.-24.-4.18",16384,576
at_projections,"-4.-24.-8.25",65536,4164
at_projections,"-4.-24.16.-17",49152,7344
at_projections,"-4.-24.20.-24",65536,512
at_projections,"-4.-24.28.-38",131072,2048
at_projections,"-4.-24.4.4",98304,7103
at_projections,"-4.-24.8.-3",65536,5358
at_projections,"-4.-25.-10.29",16384,2192
at_projections,"-4.-25.-6.22",65536,2664
at_projections,"-4.-25.10.-6",131072,3584
at_projections,"-4.-25.14.-13",16384,2040
at_projections,"-4.-25.18.-20",98304,3946
at_projections,"-4.-25.26.-34",32768,2304
at_projections,"-4.-25.30.-41",65536,3024
at_projections,"-4.-25.6.1",16384,2320
at_projections,"-4.-26.-4.19",65536,2048
at_projections,"-4.-26.-8.26",98304,6874
at_projections,"-4.-26.12.-9",65536,4548
at_projections,"-4.-26.16.-16",81920,9065
at_projections,"-4.-26.20.-23",16384,128
at_projections,"-4.-26.32.-44",131072,2512
at_projections,"-4.-26.4.5",65536,1888
at_projections,"-4.-27.-10.30",32768,640
at_projections,"-4.-27.-6.23",16384,1134
at_projections,"-4.-27.10.-5",65536,7050
at_projections,"-4.-27.14.-12",16384,2064
at_projections,"-4.-27.18.-19",131072,8332
at_projections,"-4.-27.30.-40",32768,2304
at_projections,"-4.-27.6.2",65536,3432
at_projections,"-4.-28.-8.27",65536,3002
at_projections,"-4.-28.12.-8",131072,2816
at_projections,"-4.-28.16.-15",81920,8084
at_projections,"-4.-28.20.-22",16384,2968
at_projections,"-4.-28.4.6",16384,576
at_projections,"-4.-29.-10.31",16384,640
at_projections,"-4.-29.14.-11",98304,5882
at_projections,"-4.-29.18.-18",16384,2032
at_projections,"-4.-29.22.-25",16384,2379
at_projections,"-4.-29.6.3",98304,4246
at_projections,"-4.-3.-10.18",327680,8072
at_projections,"-4.-3.-14.25",131072,7640
at_projections,"-4.-3.-18.32",65536,8799
at_projections,"-4.-3.-2.4",344064,5950
at_projections,"-4.-3.-6.11",507904,13080
at_projections,"-4.-3.10.-17",81920,5352
at_projections,"-4.-3.14.-24",131072,2048
at_projections,"-4.-3.18.-31",65536,6996
at_projections,"-4.-3.2.-3",98304,5244
at_projections,"-4.-3.6.-10",81920,5024
at_projections,"-4.-30.-8.28",16384,256
at_projections,"-4.-30.12.-7",65536,4840
at_projections,"-4.-30.16.-14",32768,3444
at_projections,"-4.-30.20.-21",32768,6926
at_projections,"-4.-30.4.7",65536,2048
at_projections,"-4.-30.8.0",16384,1866
at_projections,"-4.-31.-2.18",16384,1040
at_projections,"-4.-31.14.-10",147456,2768
at_projections,"-4.-31.6.4",65536,2664
at_projections,"-4.-32.-4.22",32768,3472
at_projections,"-4.-32.-8.29",16384,1980
at_projections,"-4.-32.0.15",32768,480
at_projections,"-4.-32.16.-13",65536,3728
at_projections,"-4.-32.8.1",65536,4164
at_projections,"-4.-33.-2.19",32768,1280
at_projections,"-4.-33.-6.26",65536,4152
at_projections,"-4.-33.14.-9",65536,4232
at_projections,"-4.-33.2.12",16384,1040
at_projections,"-4.-33.6.5",16384,1134
at_projections,"-4.-34.-4.23",16384,1872
at_projections,"-4.-34.0.16",65536,1024
at_projections,"-4.-34.16.-12",131072,3536
at_projections,"-4.-34.8.2",98304,6874
at_projections,"-4.-35.-2.20",16384,848
at_projections,"-4.-35.10.-1",16384,2192
at_projections,"-4.-35.18.-15",65536,3624
at_projections,"-4.-35.2.13",32768,1280
at_projections,"-4.-36.16.-11",65536,5268
at_projections,"-4.-36.4.10",32768,3472
at_projections,"-4.-36.8.3",65536,3002
at_projections,"-4.-37.10.0",32768,640
at_projections,"-4.-37.18.-14",131072,2816
at_projections,"-4.-37.2.14",16384,848
at_projections,"-4.-38.4.11",16384,1872
at_projections,"-4.-38.8.4",16384,256
at_projections,"-4.-39.10.1",16384,640
at_projections,"-4.-39.6.8",65536,4152
at_projections,"-4.-4.-12.22",196608,5120
at_projections,"-4.-4.-16.29",65536,5568
at_projections,"-4.-4.-20.36",65536,512
at_projections,"-4.-4.-4.8",655360,13994
at_projections,"-4.-4.-8.15",311296,5264
at_projections,"-4.-4.0.1",294912,2844
at_projections,"-4.-4.12.-20",131072,2816
at_projections,"-4.-4.16.-27",81920,6256
at_projections,"-4.-4.4.-6",114688,7854
at_projections,"-4.-4.8.-13",131072,8616
at_projections,"-4.-40.8.5",16384,1980
at_projections,"-4.-5.-10.19",131072,6524
at_projections,"-4.-5.-14.26",49152,6436
at_projections,"-4.-5.-18.33",65536,3508
at_projections,"-4.-5.-2.5",475136,15440
at_projections,"-4.-5.-6.12",327680,7464
at_projections,"-4.-5.10.-16",131072,3584
at_projections,"-4.-5.14.-23",65536,3496
at_projections,"-4.-5.18.-30",16384,312
at_projections,"-4.-5.2.-2",344064,5950
at_projections,"-4.-5.6.-9",262144,15679
at_projections,"-4.-6.-12.23",16384,2175
at_projections,"-4.-6.-20.37",16384,128
at_projections,"-4.-6.-4.9",425984,11314
at_projections,"-4.-6.-8.16",196608,6144
at_projections,"-4.-6.0.2",393216,4096
at_projections,"-4.-6.12.-19",65536,4992
at_projections,"-4.-6.4.-5",409600,13080
at_projections,"-4.-6.8.-12",212992,6306
at_projections,"-4.-7.-10.20",32768,2304
at_projections,"-4.-7.-14.27",32768,3456
at_projections,"-4.-7.-18.34",98304,3946
at_projections,"-4.-7.-2.6",491520,12912
at_projections,"-4.-7.-22.41",16384,2379
at_projections,"-4.-7.-6.13",147456,12228
at_projections,"-4.-7.10.-15",131072,9204
at_projections,"-4.-7.2.-1",475136,15440
at_projections,"-4.-7.6.-8",458752,6880
at_projections,"-4.-8.-12.24",49152,1120
at_projections,"-4.-8.-16.31",49152,7344
at_projections,"-4.-8.-20.38",16384,2968
at_projections,"-4.-8.-4.10",229376,10721
at_projections,"-4.-8.0.3",393216,11376
at_projections,"-4.-8.12.-18",65536,2048
at_projections,"-4.-8.4.-4",655360,13994
at_projections,"-4.-8.8.-11",327680,7080
at_projections,"-4.-9.-10.21",49152,416
at_projections,"-4.-9.-14.28",32768,3136
at_projections,"-4.-9.-18.35",131072,8332
at_projections,"-4.-9.-2.7",442368,30977
at_projections,"-4.-9.-6.14",65536,6462
at_projections,"-4.-9.10.-14",262144,0
at_projections,"-4.-9.2.0",491520,12912
at_projections,"-4.-9.6.-7",507904,13080
at_projections,"-4.0.-12.20",458752,6656
at_projections,"-4.0.-16.27",131072,0
at_projections,"-4.0.-20.34",196608,6144
at_projections,"-4.0.-4.6",114688,7854
at_projections,"-4.0.-8.13",327680,7080
at_projections,"-4.0.12.-22",32768,3228
at_projections,"-4.0.16.-29",65536,4014
at_projections,"-4.0.8.-15",65536,4360
at_projections,"-4.1.-10.16",262144,0
at_projections,"-4.1.-14.23",344064,2304
at_projections,"-4.1.-18.30",32768,1536
at_projections,"-4.1.-22.37",131072,9706
at_projections,"-4.1.-26.44",32768,2304
at_projections,"-4.1.-6.9",262144,15679
at_projections,"-4.1.10.-19",16384,2451
at_projections,"-4.1.14.-26",16384,2146
at_projections,"-4.10.-12.15",65536,4444
at_projections,"-4.10.-24.36",16384,1026
at_projections,"-4.10.-4.1",65536,2048
at_projections,"-4.10.-8.8",16384,2320
at_projections,"-4.10.4.-13",32768,2016
at_projections,"-4.11.-10.11",16384,2451
at_projections,"-4.11.-14.18",131072,2048
at_projections,"-4.11.-2.-3",32768,512
at_projections,"-4.11.-26.39",16384,1398
at_projections,"-4.11.-6.4",16384,616
at_projections,"-4.11.2.-10",32768,3704
at_projections,"-4.12.-12.14",32768,3228
at_projections,"-4.12.-16.21",81920,6256
at_projections,"-4.12.-24.35",32768,2112
at_projections,"-4.12.-4.0",32768,256
at_projections,"-4.12.-8.7",16384,616
at_projections,"-4.12.0.-7",131072,10240
at_projections,"-4.12.4.-14",32768,896
at_projections,"-4.13.-10.10",65536,2240
at_projections,"-4.13.-14.17",98304,8832
at_projections,"-4.13.-18.24",16384,312
at_projections,"-4.13.-2.-4",32768,3704
at_projections,"-4.13.-6.3",32768,768
at_projections,"-4.13.2.-11",32768,1568
at_projections,"-4.14.-12.13",16384,1791
at_projections,"-4.14.-16.20",163840,7264
at_projections,"-4.14.-4.-1",32768,2016
at_projections,"-4.14.-8.6",32768,1728
at_projections,"-4.15.-14.16",16384,2146
at_projections,"-4.15.-18.23",65536,6996
at_projections,"-4.15.-2.-5",32768,1568
at_projections,"-4.16.-16.19",65536,4014
at_projections,"-4.16.-4.-2",32768,896
at_projections,"-4.17.-18.22",131072,2816
at_projections,"-4.2.-12.19",262144,0
at_projections,"-4.2.-16.26",81920,2624
at_projections,"-4.2.-20.33",16384,1948
at_projections,"-4.2.-24.40",131072,1024
at_projections,"-4.2.-4.5",16384,1872
at_projections,"-4.2.-8.12",212992,6306
at_projections,"-4.2.12.-23",16384,1791
at_projections,"-4.2.8.-16",16384,2320
at_projections,"-4.3.-10.15",131072,9204
at_projections,"-4.3.-14.22",163840,224
at_projections,"-4.3.-22.36",114688,10152
at_projections,"-4.3.-26.43",65536,1908
at_projections,"-4.3.-30.50",32768,2304
at_projections,"-4.3.-6.8",81920,5024
at_projections,"-4.3.10.-20",65536,2240
at_projections,"-4.4.-12.18",65536,2048
at_projections,"-4.4.-16.25",32768,192
at_projections,"-4.4.-24.39",16384,1552
at_projections,"-4.4.-28.46",131072,2048
at_projections,"-4.4.-8.11",131072,8616
at_projections,"-4.4.8.-17",16384,616
at_projections,"-4.5.-10.14",131072,3584
at_projections,"-4.5.-18.28",32768,384
at_projections,"-4.5.-22.35",32768,2048
at_projections,"-4.5.-26.42",32768,2560
at_projections,"-4.5.-30.49",65536,3024
at_projections,"-4.5.-6.7",16384,1754
at_projections,"-4.5.6.-14",16384,616
at_projections,"-4.6.-12.17",65536,4992
at_projections,"-4.6.-20.31",32768,256
at_projections,"-4.6.-24.38",32768,896
at_projections,"-4.6.-32.52",131072,2512
at_projections,"-4.6.-8.10",98304,6040
at_projections,"-4.6.4.-11",65536,2048
at_projections,"-4.6.8.-18",32768,1728
at_projections,"-4.7.-10.13",81920,5352
at_projections,"-4.7.-18.27",16384,862
at_projections,"-4.7.-30.48",32768,2548
at_projections,"-4.7.6.-15",32768,768
at_projections,"-4.8.-12.16",131072,2816
at_projections,"-4.8.-20.30",16384,804
at_projections,"-4.8.-24.37",16384,1040
at_projections,"-4.8.-8.9",65536,4360
at_projections,"-4.8.4.-12",32768,256
at_projections,"-4.9.-10.12",32768,2000
at_projections,"-4.9.-14.19",65536,3496
at_projections,"-4.9.-22.33",65536,1440
at_projections,"-4.9.2.-9",32768,512
at_projections,"-5.-1.-13.22",344064,2864
at_projections,"-5.-1.-21.36",131072,9940
at_projections,"-5.-1.-25.43",65536,1536
at_projections,"-5.-1.-5.8",114688,5328
at_projections,"-5.-1.-9.15",327680,3328
at_projections,"-5.-1.11.-20",32768,2328
at_projections,"-5.-10.-11.23",32768,256
at_projections,"-5.-10.-19.37",81920,3388
at_projections,"-5.-10.-3.9",311296,23229
at_projections,"-5.-10.-7.16",65536,5160
at_projections,"-5.-10.1.2",327680,6912
at_projections,"-5.-10.5.-5",622592,15424
at_projections,"-5.-10.9.-12",327680,3328
at_projections,"-5.-11.-1.6",393216,30789
at_projections,"-5.-11.-13.27",49152,2400
at_projections,"-5.-11.-17.34",81920,6236
at_projections,"-5.-11.-21.41",32768,4076
at_projections,"-5.-11.-5.13",65536,6000
at_projections,"-5.-11.-9.20",16384,384
at_projections,"-5.-11.11.-15",262144,0
at_projections,"-5.-11.3.-1",458752,14416
at_projections,"-5.-11.7.-8",475136,8576
at_projections,"-5.-12.-11.24",49152,1792
at_projections,"-5.-12.-15.31",65536,6272
at_projections,"-5.-12.-19.38",49152,4090
at_projections,"-5.-12.-3.10",262144,21846
at_projections,"-5.-12.-7.17",16384,1152
at_projections,"-5.-12.1.3",393216,30789
at_projections,"-5.-12.13.-18",131072,0
at_projections,"-5.-12.5.-4",409600,6472
at_projections,"-5.-12.9.-11",393216,4096
at_projections,"-5.-13.-1.7",425984,29154
at_projections,"-5.-13.-13.28",16384,1536
at_projections,"-5.-13.-17.35",131072,10208
at_projections,"-5.-13.-5.14",131072,10032
at_projections,"-5.-13.-9.21",98304,512
at_projections,"-5.-13.11.-14",409600,5120
at_projections,"-5.-13.3.0",311296,23229
at_projections,"-5.-13.7.-7",294912,3708
at_projections,"-5.-14.-11.25",16384,816
at_projections,"-5.-14.-15.32",16384,3196
at_projections,"-5.-14.-3.11",163840,10036
at_projections,"-5.-14.-7.18",114688,7976
at_projections,"-5.-14.1.4",425984,29154
at_projections,"-5.-14.13.-17",344064,2864
at_projections,"-5.-14.17.-24",32768,960
at_projections,"-5.-14.21.-31",16384,512
at_projections,"-5.-14.5.-3",212992,16380
at_projections,"-5.-14.9.-10",294912,3672
at_projections,"-5.-15.-1.8",196608,12192
at_projections,"-5.-15.-17.36",65536,5672
at_projections,"-5.-15.-5.15",147456,10024
at_projections,"-5.-15.-9.22",65536,6144
at_projections,"-5.-15.11.-13",294912,5472
at_projections,"-5.-15.15.-20",131072,2304
at_projections,"-5.-15.19.-27",32768,352
at_projections,"-5.-15.23.-34",16384,914
at_projections,"-5.-15.3.1",262144,21846
at_projections,"-5.-15.7.-6",147456,7850
at_projections,"-5.-16.-11.26",65536,7304
at_projections,"-5.-16.-15.33",65536,7636
at_projections,"-5.-16.-3.12",65536,4000
at_projections,"-5.-16.-7.19",163840,8520
at_projections,"-5.-16.1.5",196608,12192
at_projections,"-5.-16.13.-16",294912,608
at_projections,"-5.-16.17.-23",16384,16
at_projections,"-5.-16.21.-30",32768,288
at_projections,"-5.-16.25.-37",65536,3104
at_projections,"-5.-16.5.-2",65536,6000
at_projections,"-5.-16.9.-9",147456,11056
at_projections,"-5.-17.-1.9",131072,5248
at_projections,"-5.-17.-13.30",65536,5760
at_projections,"-5.-17.-17.37",16384,1884
at_projections,"-5.-17.-5.16",98304,5552
at_projections,"-5.-17.-9.23",131072,5608
at_projections,"-5.-17.11.-12",131072,7424
at_projections,"-5.-17.15.-19",131072,0
at_projections,"-5.-17.19.-26",16384,96
at_projections,"-5.-17.23.-33",32768,448
at_projections,"-5.-17.3.2",163840,10036
at_projections,"-5.-17.7.-5",65536,5160
at_projections,"-5.-18.-11.27",131072,5908
at_projections,"-5.-18.-15.34",147456,8374
at_projections,"-5.-18.-3.13",49152,3862
at_projections,"-5.-18.-7.20",65536,3328
at_projections,"-5.-18.1.6",131072,5248
at_projections,"-5.-18.13.-15",131072,5376
at_projections,"-5.-18.25.-36",16384,2128
at_projections,"-5.-18.5.-1",131072,10032
at_projections,"-5.-18.9.-8",65536,1536
at_projections,"-5.-19.-1.10",147456,8226
at_projections,"-5.-19.-13.31",147456,5904
at_projections,"-5.-19.-17.38",65536,5232
at_projections,"-5.-19.-9.24",65536,5376
at_projections,"-5.-19.11.-11",65536,1536
at_projections,"-5.-19.15.-18",131072,7424
at_projections,"-5.-19.23.-32",32768,1408
at_projections,"-5.-19.3.3",65536,4000
at_projections,"-5.-19.7.-4",16384,1152
at_projections,"-5.-2.-11.19",409600,5120
at_projections,"-5.-2.-15.26",131072,0
at_projections,"-5.-2.-19.33",65536,2304
at_projections,"-5.-2.-23.40",81920,3926
at_projections,"-5.-2.-3.5",98304,5216
at_projections,"-5.-2.-7.12",458752,8952
at_projections,"-5.-2.13.-23",32768,3056
at_projections,"-5.-2.17.-30",65536,4864
at_projections,"-5.-2.9.-16",32768,752
at_projections,"-5.-20.-11.28",65536,5376
at_projections,"-5.-20.-15.35",163840,7120
at_projections,"-5.-20.-19.42",65536,4864
at_projections,"-5.-20.-3.14",81920,7634
at_projections,"-5.-20.1.7",147456,8226
at_projections,"-5.-20.13.-14",65536,2792
at_projections,"-5.-20.17.-21",65536,4500
at_projections,"-5.-20.21.-28",16384,2736
at_projections,"-5.-20.25.-35",32768,2112
at_projections,"-5.-20.5.0",147456,10024
at_projections,"-5.-20.9.-7",16384,384
at_projections,"-5.-21.-1.11",147456,14106
at_projections,"-5.-21.-13.32",98304,4480
at_projections,"-5.-21.-17.39",131072,6128
at_projections,"-5.-21.-5.18",16384,1024
at_projections,"-5.-21.11.-10",32768,256
at_projections,"-5.-21.15.-17",81920,8572
at_projections,"-5.-21.19.-24",65536,2304
at_projections,"-5.-21.23.-31",81920,4144
at_projections,"-5.-21.3.4",49152,3862
at_projections,"-5.-21.7.-3",114688,7976
at_projections,"-5.-22.-15.36",65536,4920
at_projections,"-5.-22.-3.15",98304,11192
at_projections,"-5.-22.1.8",147456,14106
at_projections,"-5.-22.13.-13",32768,4960
at_projections,"-5.-22.17.-20",65536,3072
at_projections,"-5.-22.21.-27",131072,9940
at_projections,"-5.-22.25.-34",16384,988
at_projections,"-5.-22.5.1",98304,5552
at_projections,"-5.-22.9.-6",98304,512
at_projections,"-5.-23.-1.12",16384,3284
at_projections,"-5.-23.-13.33",16384,2064
at_projections,"-5.-23.-17.40",65536,4352
at_projections,"-5.-23.-5.19",65536,1760
at_projections,"-5.-23.11.-9",49152,1792
at_projections,"-5.-23.15.-16",32768,3040
at_projections,"-5.-23.19.-23",81920,6672
at_projections,"-5.-23.23.-30",131072,10992
at_projections,"-5.-23.3.5",81920,7634
at_projections,"-5.-23.7.-2",163840,8520
at_projections,"-5.-24.-3.16",65536,3968
at_projections,"-5.-24.-7.23",16384,664
at_projections,"-5.-24.1.9",16384,3284
at_projections,"-5.-24.13.-12",49152,2400
at_projections,"-5.-24.17.-19",32768,3768
at_projections,"-5.-24.21.-26",163840,9572
at_projections,"-5.-24.25.-33",65536,4572
at_projections,"-5.-24.9.-5",65536,6144
at_projections,"-5.-25.-5.20",98304,1504
at_projections,"-5.-25.11.-8",16384,816
at_projections,"-5.-25.19.-22",65536,256
at_projections,"-5.-25.23.-29",81920,3926
at_projections,"-5.-25.27.-36",65536,2816
at_projections,"-5.-25.3.6",98304,11192
at_projections,"-5.-25.7.-1",65536,3328
at_projections,"-5.-26.-3.17",16384,664
at_projections,"-5.-26.-7.24",65536,2730
at_projections,"-5.-26.13.-11",16384,1536
at_projections,"-5.-26.17.-18",16384,768
at_projections,"-5.-26.21.-25",65536,2192
at_projections,"-5.-26.25.-32",65536,1536
at_projections,"-5.-26.29.-39",65536,3840
at_projections,"-5.-26.5.3",16384,1024
at_projections,"-5.-26.9.-4",131072,5608
at_projections,"-5.-27.-5.21",98304,4968
at_projections,"-5.-27.-9.28",16384,832
at_projections,"-5.-27.11.-7",65536,7304
at_projections,"-5.-27.15.-14",65536,6272
at_projections,"-5.-27.19.-21",98304,648
at_projections,"-5.-27.27.-35",65536,2048
at_projections,"-5.-27.3.7",65536,3968
at_projections,"-5.-27.31.-42",65536,4796
at_projections,"-5.-28.-7.25",98304,3584
at_projections,"-5.-28.17.-17",81920,6236
at_projections,"-5.-28.21.-24",16384,192
at_projections,"-5.-28.29.-38",65536,1536
at_projections,"-5.-28.5.4",65536,1760
at_projections,"-5.-28.9.-3",65536,5376
at_projections,"-5.-29.-5.22",49152,2528
at_projections,"-5.-29.-9.29",65536,3690
at_projections,"-5.-29.11.-6",131072,5908
at_projections,"-5.-29.15.-13",16384,3196
at_projections,"-5.-29.19.-20",81920,3388
at_projections,"-5.-29.3.8",16384,664
at_projections,"-5.-29.31.-41",65536,1536
at_projections,"-5.-3.-1.2",65536,2048
at_projections,"-5.-3.-13.23",294912,608
at_projections,"-5.-3.-17.30",65536,4500
at_projections,"-5.-3.-21.37",163840,9572
at_projections,"-5.-3.-5.9",409600,9906
at_projections,"-5.-3.-9.16",393216,4096
at_projections,"-5.-3.15.-26",98304,9160
at_projections,"-5.-3.7.-12",16384,928
at_projections,"-5.-30.-7.26",65536,2264
at_projections,"-5.-30.13.-9",65536,5760
at_projections,"-5.-30.17.-16",131072,10208
at_projections,"-5.-30.5.5",98304,1504
at_projections,"-5.-31.-9.30",81920,1504
at_projections,"-5.-31.11.-5",65536,5376
at_projections,"-5.-31.15.-12",65536,7636
at_projections,"-5.-31.19.-19",49152,4090
at_projections,"-5.-31.7.2",16384,664
at_projections,"-5.-32.-7.27",16384,680
at_projections,"-5.-32.13.-8",147456,5904
at_projections,"-5.-32.17.-15",65536,5672
at_projections,"-5.-32.21.-22",32768,4076
at_projections,"-5.-32.5.6",98304,4968
at_projections,"-5.-33.-9.31",32768,1664
at_projections,"-5.-33.15.-11",147456,8374
at_projections,"-5.-33.7.3",65536,2730
at_projections,"-5.-34.-7.28",16384,2538
at_projections,"-5.-34.13.-7",98304,4480
at_projections,"-5.-34.17.-14",16384,1884
at_projections,"-5.-34.5.7",49152,2528
at_projections,"-5.-35.-1.18",32768,256
at_projections,"-5.-35.-5.25",16384,1866
at_projections,"-5.-35.15.-10",163840,7120
at_projections,"-5.-35.7.4",98304,3584
at_projections,"-5.-36.-3.22",65536,2400
at_projections,"-5.-36.-7.29",32768,2868
at_projections,"-5.-36.1.15",32768,256
at_projections,"-5.-36.13.-6",16384,2064
at_projections,"-5.-36.17.-13",65536,5232
at_projections,"-5.-36.9.1",16384,832
at_projections,"-5.-37.-5.26",32768,2928
at_projections,"-5.-37.15.-9",65536,4920
at_projections,"-5.-37.7.5",65536,2264
at_projections,"-5.-38.17.-12",131072,6128
at_projections,"-5.-38.9.2",65536,3690
at_projections,"-5.-39.19.-15",65536,4864
at_projections,"-5.-39.3.13",65536,2400
at_projections,"-5.-39.7.6",16384,680
at_projections,"-5.-4.-11.20",294912,5472
at_projections,"-5.-4.-15.27",131072,7424
at_projections,"-5.-4.-19.34",81920,6672
at_projections,"-5.-4.-3.6",278528,1614
at_projections,"-5.-4.-7.13",475136,8576
at_projections,"-5.-4.1.-1",65536,2048
at_projections,"-5.-4.13.-22",81920,6450
at_projections,"-5.-4.17.-29",131072,6072
at_projections,"-5.-4.9.-15",81920,1752
at_projections,"-5.-40.17.-11",65536,4352
at_projections,"-5.-40.5.10",16384,1866
at_projections,"-5.-40.9.3",81920,1504
at_projections,"-5.-41.7.7",16384,2538
at_projections,"-5.-42.5.11",32768,2928
at_projections,"-5.-42.9.4",32768,1664
at_projections,"-5.-43.7.8",32768,2868
at_projections,"-5.-5.-1.3",344064,7304
at_projections,"-5.-5.-13.24",131072,5376
at_projections,"-5.-5.-17.31",65536,3072
at_projections,"-5.-5.-21.38",65536,2192
at_projections,"-5.-5.-5.10",622592,15424
at_projections,"-5.-5.-9.17",294912,3672
at_projections,"-5.-5.11.-18",65536,5760
at_projections,"-5.-5.15.-25",147456,9480
at_projections,"-5.-5.19.-32",65536,4352
at_projections,"-5.-5.3.-4",98304,5216
at_projections,"-5.-5.7.-11",65536,3386
at_projections,"-5.-6.-11.21",131072,7424
at_projections,"-5.-6.-15.28",81920,8572
at_projections,"-5.-6.-19.35",65536,256
at_projections,"-5.-6.-3.7",507904,11808
at_projections,"-5.-6.-7.14",294912,3708
at_projections,"-5.-6.1.0",344064,7304
at_projections,"-5.-6.13.-21",131072,4200
at_projections,"-5.-6.17.-28",131072,6168
at_projections,"-5.-6.5.-7",114688,5328
at_projections,"-5.-6.9.-14",131072,11070
at_projections,"-5.-7.-1.4",425984,5632
at_projections,"-5.-7.-13.25",65536,2792
at_projections,"-5.-7.-17.32",32768,3768
at_projections,"-5.-7.-21.39",16384,192
at_projections,"-5.-7.-5.11",409600,6472
at_projections,"-5.-7.-9.18",147456,11056
at_projections,"-5.-7.11.-17",131072,7440
at_projections,"-5.-7.15.-24",65536,3072
at_projections,"-5.-7.3.-3",278528,1614
at_projections,"-5.-7.7.-10",262144,14192
at_projections,"-5.-8.-11.22",65536,1536
at_projections,"-5.-8.-15.29",32768,3040
at_projections,"-5.-8.-19.36",98304,648
at_projections,"-5.-8.-3.8",458752,14416
at_projections,"-5.-8.-7.15",147456,7850
at_projections,"-5.-8.1.1",425984,5632
at_projections,"-5.-8.13.-20",65536,5376
at_projections,"-5.-8.5.-6",409600,9906
at_projections,"-5.-8.9.-13",212992,8896
at_projections,"-5.-9.-1.5",327680,6912
at_projections,"-5.-9.-13.26",32768,4960
at_projections,"-5.-9.-17.33",16384,768
at_projections,"-5.-9.-5.12",212992,16380
at_projections,"-5.-9.-9.19",65536,1536
at_projections,"-5.-9.11.-16",131072,7424
at_projections,"-5.-9.19.-30",32768,256
at_projections,"-5.-9.3.-2",507904,11808
at_projections,"-5.-9.7.-9",458752,8952
at_projections,"-5.0.-11.18",262144,0
at_projections,"-5.0.-15.25",131072,2304
at_projections,"-5.0.-23.39",131072,10992
at_projections,"-5.0.-27.46",65536,2048
at_projections,"-5.0.-7.11",262144,14192
at_projections,"-5.0.9.-17",32768,1042
at_projections,"-5.1.-13.21",131072,0
at_projections,"-5.1.-17.28",16384,16
at_projections,"-5.1.-21.35",16384,2736
at_projections,"-5.1.-25.42",65536,4572
at_projections,"-5.1.-29.49",65536,1536
at_projections,"-5.1.-9.14",212992,8896
at_projections,"-5.1.11.-21",16384,576
at_projections,"-5.10.-11.13",32768,2328
at_projections,"-5.10.-15.20",147456,9480
at_projections,"-5.10.-19.27",32768,256
at_projections,"-5.10.-3.-1",32768,1824
at_projections,"-5.10.-7.6",65536,1152
at_projections,"-5.10.1.-8",32768,3996
at_projections,"-5.11.-1.-5",32768,3996
at_projections,"-5.11.-13.16",32768,3056
at_projections,"-5.11.-17.23",131072,6168
at_projections,"-5.11.-5.2",32768,1088
at_projections,"-5.11.-9.9",16384,960
at_projections,"-5.12.-11.12",16384,576
at_projections,"-5.12.-15.19",98304,9160
at_projections,"-5.12.-3.-2",65536,1792
at_projections,"-5.13.-17.22",131072,6072
at_projections,"-5.13.-5.1",16384,544
at_projections,"-5.14.-19.25",65536,4352
at_projections,"-5.15.-17.21",65536,4864
at_projections,"-5.2.-11.17",131072,7424
at_projections,"-5.2.-19.31",16384,96
at_projections,"-5.2.-23.38",81920,4144
at_projections,"-5.2.-27.45",65536,2816
at_projections,"-5.2.-31.52",65536,1536
at_projections,"-5.2.-7.10",65536,3386
at_projections,"-5.2.5.-11",32768,2432
at_projections,"-5.2.9.-18",16384,960
at_projections,"-5.3.-17.27",32768,960
at_projections,"-5.3.-25.41",16384,988
at_projections,"-5.3.-29.48",65536,3840
at_projections,"-5.3.-9.13",131072,11070
at_projections,"-5.3.7.-15",65536,1152
at_projections,"-5.4.-11.16",131072,7440
at_projections,"-5.4.-19.30",32768,352
at_projections,"-5.4.-23.37",32768,1408
at_projections,"-5.4.-31.51",65536,4796
at_projections,"-5.4.-7.9",16384,928
at_projections,"-5.4.5.-12",49152,2784
at_projections,"-5.5.-13.19",65536,5376
at_projections,"-5.5.-21.33",32768,288
at_projections,"-5.5.-25.40",32768,2112
at_projections,"-5.5.-9.12",81920,1752
at_projections,"-5.5.3.-9",16384,0
at_projections,"-5.6.-11.15",65536,5760
at_projections,"-5.6.-23.36",32768,448
at_projections,"-5.6.5.-13",32768,1088
at_projections,"-5.7.-13.18",131072,4200
at_projections,"-5.7.-21.32",16384,512
at_projections,"-5.7.-25.39",16384,2128
at_projections,"-5.7.-5.4",32768,2432
at_projections,"-5.7.-9.11",32768,752
at_projections,"-5.7.3.-10",32768,1824
at_projections,"-5.8.-15.21",65536,3072
at_projections,"-5.8.-23.35",16384,914
at_projections,"-5.8.-3.0",16384,0
at_projections,"-5.8.1.-7",65536,6372
at_projections,"-5.8.5.-14",16384,544
at_projections,"-5.9.-1.-4",65536,6372
at_projections,"-5.9.-13.17",81920,6450
at_projections,"-5.9.-25.38",65536,3104
at_projections,"-5.9.-5.3",49152,2784
at_projections,"-5.9.-9.10",32768,1042
at_projections,"-5.9.3.-11",65536,1792
at_projections,"-6.-1.-12.20",131072,0
at_projections,"-6.-1.-16.27",16384,576
at_projections,"-6.-1.-24.41",98304,11024
at_projections,"-6.-1.-28.48",65536,1658
at_projections,"-6.-1.-8.13",229376,13479
at_projections,"-6.-1.8.-15",32768,768
at_projections,"-6.-10.-10.21",131072,1536
at_projections,"-6.-10.-14.28",32768,1632
at_projections,"-6.-10.-18.35",16384,0
at_projections,"-6.-10.-2.7",344064,10040
at_projections,"-6.-10.-6.14",98304,5082
at_projections,"-6.-10.10.-14",212992,7946
at_projections,"-6.-10.14.-21",65536,4636
at_projections,"-6.-10.18.-28",32768,512
at_projections,"-6.-10.2.0",425984,7624
at_projections,"-6.-10.6.-7",409600,9260
at_projections,"-6.-11.-12.25",32768,1024
at_projections,"-6.-11.-16.32",16384,1732
at_projections,"-6.-11.-20.39",65536,768
at_projections,"-6.-11.-4.11",278528,20014
at_projections,"-6.-11.-8.18",65536,4536
at_projections,"-6.-11.0.4",262144,0
at_projections,"-6.-11.12.-17",65536,5332
at_projections,"-6.-11.20.-31",32768,1280
at_projections,"-6.-11.4.-3",475136,12580
at_projections,"-6.-11.8.-10",475136,4560
at_projections,"-6.-12.-14.29",16384,3504
at_projections,"-6.-12.-18.36",65536,0
at_projections,"-6.-12.-2.8",212992,8478
at_projections,"-6.-12.-6.15",163840,8536
at_projections,"-6.-12.10.-13",327680,3072
at_projections,"-6.-12.2.1",344064,10040
at_projections,"-6.-12.6.-6",622592,11472
at_projections,"-6.-13.-12.26",65536,2112
at_projections,"-6.-13.-16.33",16384,3652
at_projections,"-6.-13.-20.40",49152,4487
at_projections,"-6.-13.-4.12",163840,16102
at_projections,"-6.-13.-8.19",32768,1024
at_projections,"-6.-13.0.5",229376,28840
at_projections,"-6.-13.12.-16",131072,0
at_projections,"-6.-13.20.-30",16384,440
at_projections,"-6.-13.4.-2",458752,5632
at_projections,"-6.-13.8.-9",475136,8352
at_projections,"-6.-14.-10.23",49152,896
at_projections,"-6.-14.-14.30",16384,2336
at_projections,"-6.-14.-18.37",131072,7149
at_projections,"-6.-14.-2.9",360448,28326
at_projections,"-6.-14.-6.16",16384,1848
at_projections,"-6.-14.10.-12",393216,4096
at_projections,"-6.-14.2.2",212992,8478
at_projections,"-6.-14.22.-33",16384,1280
at_projections,"-6.-14.6.-5",393216,6120
at_projections,"-6.-15.-12.27",65536,3072
at_projections,"-6.-15.-16.34",49152,4791
at_projections,"-6.-15.-20.41",16384,1572
at_projections,"-6.-15.-4.13",131072,12014
at_projections,"-6.-15.-8.20",49152,2016
at_projections,"-6.-15.0.6",524288,24372
at_projections,"-6.-15.12.-15",327680,2048
at_projections,"-6.-15.4.-1",278528,20014
at_projections,"-6.-15.8.-8",262144,0
at_projections,"-6.-16.-10.24",49152,608
at_projections,"-6.-16.-14.31",32768,3200
at_projections,"-6.-16.-18.38",81920,3888
at_projections,"-6.-16.-2.10",311296,17296
at_projections,"-6.-16.-6.17",98304,10500
at_projections,"-6.-16.10.-11",294912,4544
at_projections,"-6.-16.14.-18",81920,2624
at_projections,"-6.-16.2.3",360448,28326
at_projections,"-6.-16.6.-4",98304,5082
at_projections,"-6.-17.-16.35",65536,6270
at_projections,"-6.-17.-4.14",163840,8336
at_projections,"-6.-17.-8.21",114688,8988
at_projections,"-6.-17.0.7",229376,16848
at_projections,"-6.-17.12.-14",294912,1664
at_projections,"-6.-17.16.-21",16384,576
at_projections,"-6.-17.20.-28",32768,0
at_projections,"-6.-17.24.-35",16384,1582
at_projections,"-6.-17.4.0",163840,16102
at_projections,"-6.-17.8.-7",163840,14376
at_projections,"-6.-18.-10.25",65536,8832
at_projections,"-6.-18.-18.39",16384,1292
at_projections,"-6.-18.-2.11",131072,10896
at_projections,"-6.-18.-6.18",163840,6000
at_projections,"-6.-18.10.-10",81920,4257
at_projections,"-6.-18.14.-17",163840,224
at_projections,"-6.-18.18.-24",65536,576
at_projections,"-6.-18.2.4",311296,17296
at_projections,"-6.-18.22.-31",32768,0
at_projections,"-6.-18.26.-38",16384,2298
at_projections,"-6.-18.6.-3",163840,8536
at_projections,"-6.-19.-12.29",65536,6986
at_projections,"-6.-19.-16.36",98304,8880
at_projections,"-6.-19.-4.15",98304,7152
at_projections,"-6.-19.-8.22",131072,3072
at_projections,"-6.-19.0.8",131072,7808
at_projections,"-6.-19.12.-13",114688,9360
at_projections,"-6.-19.16.-20",32768,192
at_projections,"-6.-19.20.-27",16384,248
at_projections,"-6.-19.24.-34",32768,1296
at_projections,"-6.-19.4.1",131072,12014
at_projections,"-6.-19.8.-6",65536,4536
at_projections,"-6.-2.-10.17",327680,3072
at_projections,"-6.-2.-14.24",81920,2624
at_projections,"-6.-2.-22.38",65536,7380
at_projections,"-6.-2.-26.45",131072,2560
at_projections,"-6.-2.-6.10",114688,7142
at_projections,"-6.-2.10.-18",32768,256
at_projections,"-6.-20.-10.26",131072,4840
at_projections,"-6.-20.-14.33",81920,7708
at_projections,"-6.-20.-2.12",32768,2944
at_projections,"-6.-20.-6.19",81920,4973
at_projections,"-6.-20.10.-9",131072,1536
at_projections,"-6.-20.14.-16",65536,2048
at_projections,"-6.-20.2.5",131072,10896
at_projections,"-6.-20.22.-30",16384,224
at_projections,"-6.-20.26.-37",49152,4092
at_projections,"-6.-20.6.-2",16384,1848
at_projections,"-6.-21.-12.30",131072,4608
at_projections,"-6.-21.-16.37",131072,10872
at_projections,"-6.-21.-4.16",16384,616
at_projections,"-6.-21.-8.23",65536,2356
at_projections,"-6.-21.0.9",196608,14288
at_projections,"-6.-21.12.-12",65536,2670
at_projections,"-6.-21.16.-19",32768,5066
at_projections,"-6.-21.24.-33",32768,3616
at_projections,"-6.-21.4.2",163840,8336
at_projections,"-6.-21.8.-5",32768,1024
at_projections,"-6.-22.-10.27",65536,3456
at_projections,"-6.-22.-14.34",196608,8096
at_projections,"-6.-22.-18.41",65536,6504
at_projections,"-6.-22.-2.13",147456,11164
at_projections,"-6.-22.14.-15",131072,3584
at_projections,"-6.-22.2.6",32768,2944
at_projections,"-6.-22.22.-29",16384,720
at_projections,"-6.-22.26.-36",32768,3768
at_projections,"-6.-22.6.-1",98304,10500
at_projections,"-6.-23.-12.31",65536,5224
at_projections,"-6.-23.-16.38",147456,7482
at_projections,"-6.-23.-4.17",16384,2805
at_projections,"-6.-23.0.10",163840,13678
at_projections,"-6.-23.12.-11",32768,1024
at_projections,"-6.-23.16.-18",65536,6072
at_projections,"-6.-23.20.-25",32768,3456
at_projections,"-6.-23.24.-32",81920,7148
at_projections,"-6.-23.4.3",98304,7152
at_projections,"-6.-23.8.-4",49152,2016
at_projections,"-6.-24.-14.35",147456,12572
at_projections,"-6.-24.-18.42",131072,3072
at_projections,"-6.-24.-2.14",98304,9793
at_projections,"-6.-24.10.-7",49152,896
at_projections,"-6.-24.14.-14",32768,1632
at_projections,"-6.-24.18.-21",131072,4608
at_projections,"-6.-24.2.7",147456,11164
at_projections,"-6.-24.22.-28",65536,7380
at_projections,"-6.-24.26.-35",16384,1728
at_projections,"-6.-24.6.0",163840,6000
at_projections,"-6.-25.-12.32",16384,1184
at_projections,"-6.-25.-16.39",65536,4608
at_projections,"-6.-25.-4.18",65536,4160
at_projections,"-6.-25.0.11",98304,9552
at_projections,"-6.-25.12.-10",65536,2112
at_projections,"-6.-25.16.-17",65536,6352
at_projections,"-6.-25.20.-24",81920,5792
at_projections,"-6.-25.24.-31",98304,11024
at_projections,"-6.-25.4.4",16384,616
at_projections,"-6.-25.8.-3",114688,8988
at_projections,"-6.-26.-14.36",32768,3696
at_projections,"-6.-26.-2.15",65536,7388
at_projections,"-6.-26.-6.22",16384,576
at_projections,"-6.-26.10.-6",49152,608
at_projections,"-6.-26.14.-13",16384,3504
at_projections,"-6.-26.2.8",98304,9793
at_projections,"-6.-26.22.-27",229376,11666
at_projections,"-6.-26.6.1",81920,4973
at_projections,"-6.-27.-12.33",32768,3616
at_projections,"-6.-27.-4.19",98304,4122
at_projections,"-6.-27.12.-9",65536,3072
at_projections,"-6.-27.16.-16",16384,1732
at_projections,"-6.-27.20.-23",98304,4444
at_projections,"-6.-27.24.-30",81920,5427
at_projections,"-6.-27.28.-37",32768,4224
at_projections,"-6.-27.4.5",16384,2805
at_projections,"-6.-27.8.-2",131072,3072
at_projections,"-6.-28.-2.16",16384,1866
at_projections,"-6.-28.-6.23",65536,576
at_projections,"-6.-28.10.-5",65536,8832
at_projections,"-6.-28.14.-12",16384,2336
at_projections,"-6.-28.18.-19",16384,0
at_projections,"-6.-28.2.9",65536,7388
at_projections,"-6.-28.22.-26",65536,3644
at_projections,"-6.-28.26.-33",131072,2560
at_projections,"-6.-29.-12.34",16384,2592
at_projections,"-6.-29.-4.20",65536,1392
at_projections,"-6.-29.-8.27",16384,862
at_projections,"-6.-29.16.-15",16384,3652
at_projections,"-6.-29.20.-22",98304,1364
at_projections,"-6.-29.24.-29",32768,1024
at_projections,"-6.-29.28.-36",65536,1658
at_projections,"-6.-29.4.6",65536,4160
at_projections,"-6.-29.8.-1",65536,2356
at_projections,"-6.-3.-12.21",327680,2048
at_projections,"-6.-3.-16.28",32768,192
at_projections,"-6.-3.-20.35",32768,3456
at_projections,"-6.-3.-24.42",81920,5427
at_projections,"-6.-3.-28.49",32768,1024
at_projections,"-6.-3.-4.7",65536,2048
at_projections,"-6.-3.-8.14",475136,4560
at_projections,"-6.-3.12.-21",32768,1184
at_projections,"-6.-30.-6.24",163840,4372
at_projections,"-6.-30.10.-4",131072,4840
at_projections,"-6.-30.14.-11",32768,3200
at_projections,"-6.-30.18.-18",65536,0
at_projections,"-6.-30.2.10",16384,1866
at_projections,"-6.-30.22.-25",16384,1296
at_projections,"-6.-30.30.-39",131072,1536
at_projections,"-6.-31.-4.21",16384,862
at_projections,"-6.-31.-8.28",65536,1344
at_projections,"-6.-31.12.-7",65536,6986
at_projections,"-6.-31.16.-14",49152,4791
at_projections,"-6.-31.20.-21",65536,768
at_projections,"-6.-31.28.-35",32768,1024
at_projections,"-6.-31.4.7",98304,4122
at_projections,"-6.-32.-10.32",16384,1152
at_projections,"-6.-32.-6.25",65536,256
at_projections,"-6.-32.10.-3",65536,3456
at_projections,"-6.-32.18.-17",131072,7149
at_projections,"-6.-32.6.4",16384,576
at_projections,"-6.-33.-8.29",98304,3392
at_projections,"-6.-33.12.-6",131072,4608
at_projections,"-6.-33.16.-13",65536,6270
at_projections,"-6.-33.20.-20",49152,4487
at_projections,"-6.-33.4.8",65536,1392
at_projections,"-6.-34.-10.33",32768,2304
at_projections,"-6.-34.-6.26",16384,224
at_projections,"-6.-34.14.-9",81920,7708
at_projections,"-6.-34.18.-16",81920,3888
at_projections,"-6.-34.6.5",65536,576
at_projections,"-6.-35.-8.30",65536,2232
at_projections,"-6.-35.12.-5",65536,5224
at_projections,"-6.-35.16.-12",98304,8880
at_projections,"-6.-35.20.-19",16384,1572
at_projections,"-6.-35.4.9",16384,862
at_projections,"-6.-36.-10.34",16384,2925
at_projections,"-6.-36.14.-8",196608,8096
at_projections,"-6.-36.18.-15",16384,1292
at_projections,"-6.-36.6.6",163840,4372
at_projections,"-6.-37.-4.24",16384,1328
at_projections,"-6.-37.-8.31",49152,4738
at_projections,"-6.-37.12.-4",16384,1184
at_projections,"-6.-37.16.-11",131072,10872
at_projections,"-6.-37.8.3",16384,862
at_projections,"-6.-38.-2.21",16384,512
at_projections,"-6.-38.-6.28",32768,4276
at_projections,"-6.-38.14.-7",147456,12572
at_projections,"-6.-38.6.7",65536,256
at_projections,"-6.-39.-4.25",32768,1964
at_projections,"-6.-39.12.-3",32768,3616
at_projections,"-6.-39.16.-10",147456,7482
at_projections,"-6.-39.8.4",65536,1344
at_projections,"-6.-4.-10.18",393216,4096
at_projections,"-6.-4.-14.25",163840,224
at_projections,"-6.-4.-2.4",65536,2048
at_projections,"-6.-4.-22.39",229376,11666
at_projections,"-6.-4.-6.11",409600,9260
at_projections,"-6.-4.10.-17",16384,1044
at_projections,"-6.-40.-6.29",16384,2160
at_projections,"-6.-40.14.-6",32768,3696
at_projections,"-6.-40.18.-13",65536,6504
at_projections,"-6.-40.2.15",16384,512
at_projections,"-6.-40.6.8",16384,224
at_projections,"-6.-41.12.-2",16384,2592
at_projections,"-6.-41.16.-9",65536,4608
at_projections,"-6.-41.4.12",16384,1328
at_projections,"-6.-41.8.5",98304,3392
at_projections,"-6.-42.10.2",16384,1152
at_projections,"-6.-42.18.-12",131072,3072
at_projections,"-6.-43.4.13",32768,1964
at_projections,"-6.-43.8.6",65536,2232
at_projections,"-6.-44.10.3",32768,2304
at_projections,"-6.-44.6.10",32768,4276
at_projections,"-6.-45.8.7",49152,4738
at_projections,"-6.-46.10.4",16384,2925
at_projections,"-6.-46.6.11",16384,2160
at_projections,"-6.-5.-12.22",294912,1664
at_projections,"-6.-5.-16.29",32768,5066
at_projections,"-6.-5.-20.36",81920,5792
at_projections,"-6.-5.-24.43",32768,1024
at_projections,"-6.-5.-4.8",327680,4152
at_projections,"-6.-5.-8.15",475136,8352
at_projections,"-6.-5.0.1",65536,2048
at_projections,"-6.-5.12.-20",16384,1872
at_projections,"-6.-5.16.-27",65536,5780
at_projections,"-6.-5.8.-13",16384,640
at_projections,"-6.-6.-10.19",294912,4544
at_projections,"-6.-6.-14.26",65536,2048
at_projections,"-6.-6.-18.33",131072,4608
at_projections,"-6.-6.-2.5",278528,2448
at_projections,"-6.-6.-22.40",65536,3644
at_projections,"-6.-6.-6.12",622592,11472
at_projections,"-6.-6.10.-16",16384,256
at_projections,"-6.-6.14.-23",131072,10984
at_projections,"-6.-6.18.-30",131072,3072
at_projections,"-6.-6.2.-2",65536,2048
at_projections,"-6.-7.-12.23",114688,9360
at_projections,"-6.-7.-16.30",65536,6072
at_projections,"-6.-7.-20.37",98304,4444
at_projections,"-6.-7.-4.9",475136,12580
at_projections,"-6.-7.-8.16",262144,0
at_projections,"-6.-7.0.2",262144,0
at_projections,"-6.-7.12.-19",65536,6812
at_projections,"-6.-7.16.-26",147456,7496
at_projections,"-6.-7.4.-5",65536,2048
at_projections,"-6.-7.8.-12",65536,3180
at_projections,"-6.-8.-10.20",81920,4257
at_projections,"-6.-8.-14.27",131072,3584
at_projections,"-6.-8.-2.6",425984,7624
at_projections,"-6.-8.-22.41",16384,1296
at_projections,"-6.-8.-6.13",393216,6120
at_projections,"-6.-8.10.-15",98304,9864
at_projections,"-6.-8.14.-22",131072,3072
at_projections,"-6.-8.18.-29",81920,4476
at_projections,"-6.-8.2.-1",278528,2448
at_projections,"-6.-8.6.-8",114688,7142
at_projections,"-6.-9.-12.24",65536,2670
at_projections,"-6.-9.-16.31",65536,6352
at_projections,"-6.-9.-20.38",98304,1364
at_projections,"-6.-9.-4.10",458752,5632
at_projections,"-6.-9.-8.17",163840,14376
at_projections,"-6.-9.0.3",458752,10944
at_projections,"-6.-9.12.-18",131072,4608
at_projections,"-6.-9.16.-25",98304,8248
at_projections,"-6.-9.4.-4",327680,4152
at_projections,"-6.-9.8.-11",229376,13479
at_projections,"-6.0.-10.16",212992,7946
at_projections,"-6.0.-18.30",65536,576
at_projections,"-6.0.-22.37",16384,720
at_projections,"-6.0.-30.51",131072,1536
at_projections,"-6.0.6.-12",98304,1792
at_projections,"-6.1.-12.19",65536,5332
at_projections,"-6.1.-20.33",16384,248
at_projections,"-6.1.-24.40",81920,7148
at_projections,"-6.1.-28.47",32768,4224
at_projections,"-6.1.-8.12",65536,3180
at_projections,"-6.1.8.-16",16384,621
at_projections,"-6.10.-18.25",81920,4476
at_projections,"-6.10.-2.-3",16384,1552
at_projections,"-6.11.-16.21",65536,5780
at_projections,"-6.12.-18.24",131072,3072
at_projections,"-6.2.-10.15",98304,9864
at_projections,"-6.2.-22.36",16384,224
at_projections,"-6.2.-26.43",16384,1728
at_projections,"-6.2.6.-13",16384,621
at_projections,"-6.3.-12.18",131072,4608
at_projections,"-6.3.-20.32",32768,0
at_projections,"-6.3.-24.39",32768,3616
at_projections,"-6.3.-8.11",16384,640
at_projections,"-6.3.4.-10",65536,192
at_projections,"-6.4.-10.14",16384,256
at_projections,"-6.4.-14.21",65536,4636
at_projections,"-6.4.-22.35",32768,0
at_projections,"-6.4.-26.42",32768,3768
at_projections,"-6.4.2.-7",16384,1527
at_projections,"-6.5.-12.17",65536,6812
at_projections,"-6.5.-24.38",32768,1296
at_projections,"-6.5.0.-4",32768,3464
at_projections,"-6.5.4.-11",32768,2048
at_projections,"-6.6.-10.13",16384,1044
at_projections,"-6.6.-14.20",131072,3072
at_projections,"-6.6.-2.-1",16384,1527
at_projections,"-6.6.-26.41",49152,4092
at_projections,"-6.6.-6.6",98304,1792
at_projections,"-6.6.2.-8",65536,5076
at_projections,"-6.7.-12.16",16384,1872
at_projections,"-6.7.-16.23",98304,8248
at_projections,"-6.7.-20.30",16384,440
at_projections,"-6.7.-24.37",16384,1582
at_projections,"-6.7.-4.2",65536,192
at_projections,"-6.7.-8.9",32768,768
at_projections,"-6.7.0.-5",65536,11452
at_projections,"-6.8.-10.12",32768,256
at_projections,"-6.8.-14.19",131072,10984
at_projections,"-6.8.-18.26",32768,512
at_projections,"-6.8.-2.-2",65536,5076
at_projections,"-6.8.-22.33",16384,1280
at_projections,"-6.8.-26.40",16384,2298
at_projections,"-6.8.-6.5",16384,621
at_projections,"-6.8.2.-9",16384,1552
at_projections,"-6.9.-12.15",32768,1184
at_projections,"-6.9.-16.22",147456,7496
at_projections,"-6.9.-20.29",32768,1280
at_projections,"-6.9.-4.1",32768,2048
at_projections,"-6.9.-8.8",16384,621
at_projections,"-7.-1.-11.18",131072,6312
at_projections,"-7.-1.-19.32",16384,256
at_projections,"-7.-1.-23.39",16384,2112
at_projections,"-7.-1.5.-10",32768,32
at_projections,"-7.-10.-1.5",393216,4096
at_projections,"-7.-10.-13.26",65536,5596
at_projections,"-7.-10.-17.33",65536,5376
at_projections,"-7.-10.-21.40",98304,3682
at_projections,"-7.-10.-5.12",458752,10512
at_projections,"-7.-10.-9.19",81920,6102
at_projections,"-7.-10.11.-16",65536,6144
at_projections,"-7.-10.15.-23",163840,9056
at_projections,"-7.-10.19.-30",65536,0
at_projections,"-7.-10.3.-2",262144,0
at_projections,"-7.-10.7.-9",81920,3004
at_projections,"-7.-11.-11.23",65536,2304
at_projections,"-7.-11.-15.30",65536,1024
at_projections,"-7.-11.-19.37",16384,0
at_projections,"-7.-11.-3.9",327680,5488
at_projections,"-7.-11.-7.16",98304,5280
at_projections,"-7.-11.1.2",393216,4096
at_projections,"-7.-11.13.-19",131072,6932
at_projections,"-7.-11.17.-26",98304,5632
at_projections,"-7.-11.5.-5",278528,2538
at_projections,"-7.-11.9.-12",212992,13620
at_projections,"-7.-12.-1.6",278528,2038
at_projections,"-7.-12.-13.27",65536,0
at_projections,"-7.-12.-17.34",16384,1776
at_projections,"-7.-12.-21.41",65536,3464
at_projections,"-7.-12.-5.13",229376,7072
at_projections,"-7.-12.-9.20",98304,5910
at_projections,"-7.-12.11.-15",131072,6312
at_projections,"-7.-12.15.-22",65536,3348
at_projections,"-7.-12.19.-29",32768,1408
at_projections,"-7.-12.3.-1",425984,8456
at_projections,"-7.-12.7.-8",458752,12360
at_projections,"-7.-13.-11.24",65536,0
at_projections,"-7.-13.-15.31",65536,3136
at_projections,"-7.-13.-19.38",65536,1116
at_projections,"-7.-13.-3.10",212992,10848
at_projections,"-7.-13.-7.17",98304,12060
at_projections,"-7.-13.1.3",278528,2038
at_projections,"-7.-13.13.-18",65536,2304
at_projections,"-7.-13.17.-25",16384,1746
at_projections,"-7.-13.5.-4",507904,13148
at_projections,"-7.-13.9.-11",458752,6510
at_projections,"-7.-14.-1.7",131072,8960
at_projections,"-7.-14.-13.28",16384,912
at_projections,"-7.-14.-21.42",16384,960
at_projections,"-7.-14.-5.14",163840,10754
at_projections,"-7.-14.-9.21",65536,0
at_projections,"-7.-14.11.-14",196608,0
at_projections,"-7.-14.19.-28",16384,1957
at_projections,"-7.-14.3.0",327680,5488
at_projections,"-7.-14.7.-7",622592,10996
at_projections,"-7.-15.-11.25",16384,464
at_projections,"-7.-15.-19.39",98304,2496
at_projections,"-7.-15.-3.11",229376,15652
at_projections,"-7.-15.-7.18",65536,0
at_projections,"-7.-15.1.4",131072,8960
at_projections,"-7.-15.21.-31",65536,2240
at_projections,"-7.-15.5.-3",458752,10512
at_projections,"-7.-15.9.-10",475136,4864
at_projections,"-7.-16.-1.8",294912,21220
at_projections,"-7.-16.-13.29",49152,5852
at_projections,"-7.-16.-17.36",49152,3488
at_projections,"-7.-16.-5.15",98304,7200
at_projections,"-7.-16.11.-13",327680,2048
at_projections,"-7.-16.3.1",212992,10848
at_projections,"-7.-16.7.-6",393216,2592
at_projections,"-7.-17.-11.26",49152,1184
at_projections,"-7.-17.-15.33",32768,6976
at_projections,"-7.-17.-19.40",131072,4940
at_projections,"-7.-17.-3.12",262144,22132
at_projections,"-7.-17.-7.19",32768,3168
at_projections,"-7.-17.1.5",294912,21220
at_projections,"-7.-17.13.-16",65536,2048
at_projections,"-7.-17.5.-2",229376,7072
at_projections,"-7.-17.9.-9",262144,0
at_projections,"-7.-18.-1.9",393216,15944
at_projections,"-7.-18.-13.30",32768,4344
at_projections,"-7.-18.-17.37",81920,5005
at_projections,"-7.-18.-5.16",98304,9196
at_projections,"-7.-18.-9.23",98304,1536
at_projections,"-7.-18.11.-12",262144,0
at_projections,"-7.-18.23.-33",32768,2448
at_projections,"-7.-18.3.2",229376,15652
at_projections,"-7.-18.7.-5",98304,5280
at_projections,"-7.-19.-11.27",32768,1856
at_projections,"-7.-19.-15.34",16384,1728
at_projections,"-7.-19.-19.41",16384,576
at_projections,"-7.-19.-3.13",229376,15676
at_projections,"-7.-19.-7.20",114688,8744
at_projections,"-7.-19.1.6",393216,15944
at_projections,"-7.-19.13.-15",163840,1152
at_projections,"-7.-19.17.-22",16384,96
at_projections,"-7.-19.5.-1",163840,10754
at_projections,"-7.-19.9.-8",81920,6102
at_projections,"-7.-2.-17.29",16384,96
at_projections,"-7.-2.-25.43",65536,6628
at_projections,"-7.-2.-29.50",65536,2304
at_projections,"-7.-2.-9.15",212992,13620
at_projections,"-7.-2.7.-13",65536,2720
at_projections,"-7.-20.-1.10",163840,11024
at_projections,"-7.-20.-17.38",98304,5520
at_projections,"-7.-20.-5.17",147456,12570
at_projections,"-7.-20.-9.24",81920,6080
at_projections,"-7.-20.11.-11",131072,9080
at_projections,"-7.-20.15.-18",32768,1320
at_projections,"-7.-20.19.-25",16384,256
at_projections,"-7.-20.23.-32",32768,1568
at_projections,"-7.-20.3.3",262144,22132
at_projections,"-7.-20.7.-4",98304,12060
at_projections,"-7.-21.-11.28",65536,7188
at_projections,"-7.-21.-15.35",16384,1536
at_projections,"-7.-21.-3.14",81920,4480
at_projections,"-7.-21.-7.21",147456,7776
at_projections,"-7.-21.1.7",163840,11024
at_projections,"-7.-21.13.-14",81920,2944
at_projections,"-7.-21.17.-21",32768,960
at_projections,"-7.-21.21.-28",65536,0
at_projections,"-7.-21.25.-35",32768,3008
at_projections,"-7.-21.5.0",98304,7200
at_projections,"-7.-21.9.-7",98304,5910
at_projections,"-7.-22.-1.11",114688,11612
at_projections,"-7.-22.-13.32",65536,6144
at_projections,"-7.-22.-17.39",65536,5904
at_projections,"-7.-22.-5.18",131072,2944
at_projections,"-7.-22.-9.25",131072,4224
at_projections,"-7.-22.11.-10",65536,2304
at_projections,"-7.-22.15.-17",16384,664
at_projections,"-7.-22.19.-24",32768,352
at_projections,"-7.-22.23.-31",16384,768
at_projections,"-7.-22.27.-38",49152,4157
at_projections,"-7.-22.3.4",229376,15676
at_projections,"-7.-22.7.-3",65536,0
at_projections,"-7.-23.-11.29",131072,3072
at_projections,"-7.-23.-15.36",131072,12128
at_projections,"-7.-23.-3.15",16384,960
at_projections,"-7.-23.-7.22",65536,0
at_projections,"-7.-23.1.8",114688,11612
at_projections,"-7.-23.13.-13",65536,5596
at_projections,"-7.-23.25.-34",49152,5542
at_projections,"-7.-23.5.1",98304,9196
at_projections,"-7.-23.9.-6",65536,0
at_projections,"-7.-24.-1.12",147456,17816
at_projections,"-7.-24.-13.33",131072,4328
at_projections,"-7.-24.-17.40",81920,6846
at_projections,"-7.-24.-9.26",65536,0
at_projections,"-7.-24.11.-9",65536,0
at_projections,"-7.-24.15.-16",65536,4208
at_projections,"-7.-24.23.-30",16384,2112
at_projections,"-7.-24.27.-37",32768,3060
at_projections,"-7.-24.3.5",81920,4480
at_projections,"-7.-24.7.-2",32768,3168
at_projections,"-7.-25.-11.30",65536,2304
at_projections,"-7.-25.-15.37",229376,18260
at_projections,"-7.-25.-19.44",65536,4864
at_projections,"-7.-25.-3.16",49152,3102
at_projections,"-7.-25.1.9",147456,17816
at_projections,"-7.-25.13.-12",65536,0
at_projections,"-7.-25.17.-19",65536,5376
at_projections,"-7.-25.25.-33",81920,7594
at_projections,"-7.-25.5.2",147456,12570
at_projections,"-7.-26.-1.13",180224,14774
at_projections,"-7.-26.-13.34",81920,5544
at_projections,"-7.-26.-17.41",131072,5376
at_projections,"-7.-26.11.-8",16384,464
at_projections,"-7.-26.15.-15",65536,1024
at_projections,"-7.-26.19.-22",65536,3840
at_projections,"-7.-26.23.-29",65536,9532
at_projections,"-7.-26.27.-36",16384,1524
at_projections,"-7.-26.3.6",16384,960
at_projections,"-7.-26.7.-1",114688,8744
at_projections,"-7.-27.-15.38",131072,8948
at_projections,"-7.-27.-3.17",65536,7952
at_projections,"-7.-27.1.10",180224,14774
at_projections,"-7.-27.13.-11",16384,912
at_projections,"-7.-27.17.-18",65536,5376
at_projections,"-7.-27.21.-25",81920,4932
at_projections,"-7.-27.25.-32",65536,6628
at_projections,"-7.-27.5.3",131072,2944
at_projections,"-7.-27.9.-4",98304,1536
at_projections,"-7.-28.-1.14",65536,7268
at_projections,"-7.-28.-13.35",65536,9260
at_projections,"-7.-28.-17.42",65536,0
at_projections,"-7.-28.-5.21",16384,1728
at_projections,"-7.-28.11.-7",49152,1184
at_projections,"-7.-28.15.-14",65536,3136
at_projections,"-7.-28.19.-21",65536,2024
at_projections,"-7.-28.23.-28",163840,14858
at_projections,"-7.-28.3.7",49152,3102
at_projections,"-7.-28.7.0",147456,7776
at_projections,"-7.-29.-15.39",16384,2208
at_projections,"-7.-29.-3.18",98304,7456
at_projections,"-7.-29.1.11",65536,7268
at_projections,"-7.-29.13.-10",49152,5852
at_projections,"-7.-29.17.-17",16384,1776
at_projections,"-7.-29.21.-24",131072,9700
at_projections,"-7.-29.25.-31",81920,4748
at_projections,"-7.-29.9.-3",81920,6080
at_projections,"-7.-3.-11.19",196608,0
at_projections,"-7.-3.-19.33",32768,352
at_projections,"-7.-3.-23.40",65536,9532
at_projections,"-7.-3.-27.47",65536,3840
at_projections,"-7.-3.-7.12",81920,3004
at_projections,"-7.-3.9.-16",32768,1088
at_projections,"-7.-30.-1.15",16384,2238
at_projections,"-7.-30.-13.36",81920,7674
at_projections,"-7.-30.-5.22",65536,2806
at_projections,"-7.-30.11.-6",32768,1856
at_projections,"-7.-30.19.-20",16384,0
at_projections,"-7.-30.23.-27",131072,7624
at_projections,"-7.-30.27.-34",65536,3840
at_projections,"-7.-30.3.8",65536,7952
at_projections,"-7.-30.7.1",65536,0
at_projections,"-7.-31.-11.33",16384,2134
at_projections,"-7.-31.-3.19",65536,5478
at_projections,"-7.-31.-7.26",49152,2784
at_projections,"-7.-31.1.12",16384,2238
at_projections,"-7.-31.13.-9",32768,4344
at_projections,"-7.-31.21.-23",98304,3682
at_projections,"-7.-31.25.-30",65536,768
at_projections,"-7.-31.29.-37",65536,2304
at_projections,"-7.-31.9.-2",131072,4224
at_projections,"-7.-32.-13.37",32768,3360
at_projections,"-7.-32.-5.23",98304,2064
at_projections,"-7.-32.11.-5",65536,7188
at_projections,"-7.-32.15.-12",32768,6976
at_projections,"-7.-32.19.-19",65536,1116
at_projections,"-7.-32.23.-26",16384,1776
at_projections,"-7.-32.27.-33",65536,0
at_projections,"-7.-32.3.9",98304,7456
at_projections,"-7.-33.-11.34",32768,4744
at_projections,"-7.-33.-3.20",16384,832
at_projections,"-7.-33.-7.27",98304,704
at_projections,"-7.-33.17.-15",49152,3488
at_projections,"-7.-33.21.-22",65536,3464
at_projections,"-7.-33.29.-36",65536,0
at_projections,"-7.-33.5.6",16384,1728
at_projections,"-7.-33.9.-1",65536,0
at_projections,"-7.-34.-5.24",65536,2252
at_projections,"-7.-34.-9.31",16384,512
at_projections,"-7.-34.11.-4",131072,3072
at_projections,"-7.-34.15.-11",16384,1728
at_projections,"-7.-34.19.-18",98304,2496
at_projections,"-7.-34.3.10",65536,5478
at_projections,"-7.-35.-11.35",16384,2982
at_projections,"-7.-35.-7.28",98304,1404
at_projections,"-7.-35.13.-7",65536,6144
at_projections,"-7.-35.17.-14",81920,5005
at_projections,"-7.-35.21.-21",16384,960
at_projections,"-7.-35.5.7",65536,2806
at_projections,"-7.-36.-5.25",16384,512
at_projections,"-7.-36.-9.32",65536,3768
at_projections,"-7.-36.11.-3",65536,2304
at_projections,"-7.-36.15.-10",16384,1536
at_projections,"-7.-36.19.-17",131072,4940
at_projections,"-7.-36.3.11",16384,832
at_projections,"-7.-37.-7.29",65536,2280
at_projections,"-7.-37.13.-6",131072,4328
at_projections,"-7.-37.17.-13",98304,5520
at_projections,"-7.-37.5.8",98304,2064
at_projections,"-7.-38.-9.33",81920,6056
at_projections,"-7.-38.15.-9",131072,12128
at_projections,"-7.-38.19.-16",16384,576
at_projections,"-7.-38.7.5",49152,2784
at_projections,"-7.-39.-7.30",16384,876
at_projections,"-7.-39.13.-5",81920,5544
at_projections,"-7.-39.17.-12",65536,5904
at_projections,"-7.-39.5.9",65536,2252
at_projections,"-7.-4.-13.23",65536,2048
at_projections,"-7.-4.-17.30",32768,960
at_projections,"-7.-4.-25.44",81920,4748
at_projections,"-7.-4.-29.51",65536,0
at_projections,"-7.-4.-5.9",65536,2048
at_projections,"-7.-4.-9.16",458752,6510
at_projections,"-7.-4.7.-12",49152,96
at_projections,"-7.-40.-5.27",32768,2640
at_projections,"-7.-40.-9.34",49152,4514
at_projections,"-7.-40.15.-8",229376,18260
at_projections,"-7.-40.7.6",98304,704
at_projections,"-7.-41.-7.31",65536,4288
at_projections,"-7.-41.13.-4",65536,9260
at_projections,"-7.-41.17.-11",81920,6846
at_projections,"-7.-41.5.10",16384,512
at_projections,"-7.-42.11.0",16384,2134
at_projections,"-7.-42.15.-7",131072,8948
at_projections,"-7.-42.7.7",98304,1404
at_projections,"-7.-43.13.-3",81920,7674
at_projections,"-7.-43.17.-10",131072,5376
at_projections,"-7.-43.9.4",16384,512
at_projections,"-7.-44.11.1",32768,4744
at_projections,"-7.-44.15.-6",16384,2208
at_projections,"-7.-44.19.-13",65536,4864
at_projections,"-7.-44.7.8",65536,2280
at_projections,"-7.-45.13.-2",32768,3360
at_projections,"-7.-45.17.-9",65536,0
at_projections,"-7.-45.5.12",32768,2640
at_projections,"-7.-45.9.5",65536,3768
at_projections,"-7.-46.11.2",16384,2982
at_projections,"-7.-46.7.9",16384,876
at_projections,"-7.-47.9.6",81920,6056
at_projections,"-7.-48.7.10",65536,4288
at_projections,"-7.-49.9.7",49152,4514
at_projections,"-7.-5.-11.20",327680,2048
at_projections,"-7.-5.-15.27",32768,1320
at_projections,"-7.-5.-23.41",163840,14858
at_projections,"-7.-5.-27.48",65536,0
at_projections,"-7.-5.-3.6",65536,2048
at_projections,"-7.-5.-7.13",458752,12360
at_projections,"-7.-5.9.-15",16384,0
at_projections,"-7.-6.-1.3",65536,2048
at_projections,"-7.-6.-13.24",163840,1152
at_projections,"-7.-6.-21.38",81920,4932
at_projections,"-7.-6.-25.45",65536,768
at_projections,"-7.-6.-5.10",278528,2538
at_projections,"-7.-6.-9.17",475136,4864
at_projections,"-7.-6.11.-18",65536,1472
at_projections,"-7.-7.-11.21",262144,0
at_projections,"-7.-7.-15.28",16384,664
at_projections,"-7.-7.-19.35",65536,3840
at_projections,"-7.-7.-23.42",131072,7624
at_projections,"-7.-7.-3.7",262144,0
at_projections,"-7.-7.-7.14",622592,10996
at_projections,"-7.-7.1.0",65536,2048
at_projections,"-7.-7.13.-21",16384,1776
at_projections,"-7.-7.17.-28",65536,4864
at_projections,"-7.-8.-1.4",262144,0
at_projections,"-7.-8.-13.25",81920,2944
at_projections,"-7.-8.-17.32",65536,5376
at_projections,"-7.-8.-21.39",131072,9700
at_projections,"-7.-8.-5.11",507904,13148
at_projections,"-7.-8.-9.18",262144,0
at_projections,"-7.-8.15.-24",81920,6900
at_projections,"-7.-8.3.-3",65536,2048
at_projections,"-7.-9.-11.22",131072,9080
at_projections,"-7.-9.-15.29",65536,4208
at_projections,"-7.-9.-19.36",65536,2024
at_projections,"-7.-9.-23.43",16384,1776
at_projections,"-7.-9.-3.8",425984,8456
at_projections,"-7.-9.-7.15",393216,2592
at_projections,"-7.-9.1.1",262144,0
at_projections,"-7.-9.13.-20",98304,7776
at_projections,"-7.-9.17.-27",131072,3768
at_projections,"-7.-9.5.-6",65536,2048
at_projections,"-7.-9.9.-13",32768,1680
at_projections,"-7.0.-13.21",65536,2304
at_projections,"-7.0.-21.35",65536,0
at_projections,"-7.0.-25.42",81920,7594
at_projections,"-7.0.-9.14",32768,1680
at_projections,"-7.0.3.-7",32768,0
at_projections,"-7.1.-11.17",65536,6144
at_projections,"-7.1.-23.38",16384,768
at_projections,"-7.1.-27.45",16384,1524
at_projections,"-7.1.5.-11",16384,192
at_projections,"-7.10.-17.23",65536,4864
at_projections,"-7.2.-13.20",131072,6932
at_projections,"-7.2.-25.41",49152,5542
at_projections,"-7.2.3.-8",32768,3072
at_projections,"-7.3.-15.23",65536,3348
at_projections,"-7.3.-23.37",32768,1568
at_projections,"-7.3.-27.44",32768,3060
at_projections,"-7.3.-3.2",32768,0
at_projections,"-7.3.-7.9",49152,96
at_projections,"-7.3.1.-5",81920,7560
at_projections,"-7.4.-1.-2",81920,7560
at_projections,"-7.4.-13.19",98304,7776
at_projections,"-7.4.-17.26",16384,1746
at_projections,"-7.4.-25.40",32768,3008
at_projections,"-7.4.-5.5",32768,32
at_projections,"-7.4.-9.12",16384,0
at_projections,"-7.4.3.-9",32768,3072
at_projections,"-7.5.-11.15",65536,1472
at_projections,"-7.5.-15.22",163840,9056
at_projections,"-7.5.-19.29",16384,1957
at_projections,"-7.5.-23.36",32768,2448
at_projections,"-7.5.-27.43",49152,4157
at_projections,"-7.5.-3.1",32768,3072
at_projections,"-7.5.-7.8",65536,2720
at_projections,"-7.5.1.-6",32768,3360
at_projections,"-7.6.-1.-3",32768,3360
at_projections,"-7.6.-13.18",16384,1776
at_projections,"-7.6.-17.25",98304,5632
at_projections,"-7.6.-21.32",65536,2240
at_projections,"-7.6.-5.4",16384,192
at_projections,"-7.6.-9.11",32768,1088
at_projections,"-7.7.-15.21",81920,6900
at_projections,"-7.7.-19.28",32768,1408
at_projections,"-7.7.-3.0",32768,3072
at_projections,"-7.8.-17.24",131072,3768
at_projections,"-7.9.-19.27",65536,0
at_projections,"-8.-1.-14.23",65536,5828
at_projections,"-8.-1.-22.37",16384,960
at_projections,"-8.-1.-26.44",81920,5768
at_projections,"-8.-1.2.-5",32768,384
at_projections,"-8.-10.-12.24",81920,4382
at_projections,"-8.-10.-20.38",131072,3072
at_projections,"-8.-10.-24.45",16384,2176
at_projections,"-8.-10.-4.10",393216,4096
at_projections,"-8.-10.-8.17",393216,4544
at_projections,"-8.-10.0.3",262144,0
at_projections,"-8.-10.12.-18",32768,1696
at_projections,"-8.-10.16.-25",65536,3732
at_projections,"-8.-10.4.-4",65536,2048
at_projections,"-8.-11.-10.21",81920,4853
at_projections,"-8.-11.-14.28",32768,3072
at_projections,"-8.-11.-18.35",65536,4840
at_projections,"-8.-11.-2.7",393216,4096
at_projections,"-8.-11.-22.42",131072,9676
at_projections,"-8.-11.-6.14",458752,4680
at_projections,"-8.-11.14.-21",98304,7608
at_projections,"-8.-11.18.-28",131072,0
at_projections,"-8.-11.2.0",262144,0
at_projections,"-8.-11.6.-7",65536,2048
at_projections,"-8.-12.-12.25",32768,3208
at_projections,"-8.-12.-16.32",131072,2560
at_projections,"-8.-12.-20.39",16384,1840
at_projections,"-8.-12.-4.11",344064,9336
at_projections,"-8.-12.-8.18",81920,3090
at_projections,"-8.-12.0.4",393216,4096
at_projections,"-8.-12.12.-17",65536,5386
at_projections,"-8.-12.16.-24",163840,4928
at_projections,"-8.-12.4.-3",262144,0
at_projections,"-8.-12.8.-10",81920,4685
at_projections,"-8.-13.-10.22",65536,8632
at_projections,"-8.-13.-14.29",65536,2816
at_projections,"-8.-13.-18.36",32768,2524
at_projections,"-8.-13.-2.8",262144,0
at_projections,"-8.-13.-22.43",65536,5488
at_projections,"-8.-13.-6.15",229376,11352
at_projections,"-8.-13.10.-13",81920,6040
at_projections,"-8.-13.14.-20",147456,4618
at_projections,"-8.-13.18.-27",65536,1152
at_projections,"-8.-13.2.1",393216,4096
at_projections,"-8.-13.6.-6",262144,0
at_projections,"-8.-14.-12.26",131072,0
at_projections,"-8.-14.-20.40",65536,3532
at_projections,"-8.-14.-4.12",212992,5922
at_projections,"-8.-14.-8.19",32768,3210
at_projections,"-8.-14.0.5",262144,0
at_projections,"-8.-14.12.-16",131072,1024
at_projections,"-8.-14.16.-23",81920,8269
at_projections,"-8.-14.4.-2",393216,4096
at_projections,"-8.-14.8.-9",409600,9718
at_projections,"-8.-15.-10.23",65536,128
at_projections,"-8.-15.-14.30",49152,1756
at_projections,"-8.-15.-2.9",131072,9600
at_projections,"-8.-15.-22.44",16384,1863
at_projections,"-8.-15.-6.16",131072,8136
at_projections,"-8.-15.10.-12",294912,2016
at_projections,"-8.-15.14.-19",65536,5828
at_projections,"-8.-15.18.-26",65536,5972
at_projections,"-8.-15.2.2",262144,0
at_projections,"-8.-15.6.-5",507904,13816
at_projections,"-8.-16.-16.34",32768,2784
at_projections,"-8.-16.-20.41",98304,5583
at_projections,"-8.-16.-4.13",131072,6744
at_projections,"-8.-16.-8.20",147456,1576
at_projections,"-8.-16.0.6",65536,2048
at_projections,"-8.-16.12.-15",65536,2496
at_projections,"-8.-16.20.-29",16384,752
at_projections,"-8.-16.4.-1",344064,9336
at_projections,"-8.-16.8.-8",655360,11016
at_projections,"-8.-17.-10.24",32768,0
at_projections,"-8.-17.-14.31",32768,1724
at_projections,"-8.-17.-18.38",16384,652
at_projections,"-8.-17.-2.10",163840,5376
at_projections,"-8.-17.-6.17",98304,8096
at_projections,"-8.-17.10.-11",409600,3976
at_projections,"-8.-17.2.3",131072,9600
at_projections,"-8.-17.22.-32",16384,1824
at_projections,"-8.-17.6.-4",458752,4680
at_projections,"-8.-18.-12.28",32768,3392
at_projections,"-8.-18.-20.42",81920,3456
at_projections,"-8.-18.-4.14",294912,10314
at_projections,"-8.-18.0.7",131072,11376
at_projections,"-8.-18.12.-14",65536,2048
at_projections,"-8.-18.20.-28",32768,3328
at_projections,"-8.-18.4.0",212992,5922
at_projections,"-8.-18.8.-7",393216,4544
at_projections,"-8.-19.-10.25",49152,1408
at_projections,"-8.-19.-14.32",32768,3200
at_projections,"-8.-19.-18.39",81920,2864
at_projections,"-8.-19.-2.11",229376,16770
at_projections,"-8.-19.-6.18",32768,384
at_projections,"-8.-19.10.-10",262144,0
at_projections,"-8.-19.2.4",163840,5376
at_projections,"-8.-19.22.-31",32768,1804
at_projections,"-8.-19.6.-3",229376,11352
at_projections,"-8.-2.-12.20",131072,1024
at_projections,"-8.-2.-20.34",16384,192
at_projections,"-8.-2.-24.41",16384,2640
at_projections,"-8.-2.4.-8",32768,0
at_projections,"-8.-20.-12.29",49152,4897
at_projections,"-8.-20.-16.36",65536,5712
at_projections,"-8.-20.-20.43",16384,576
at_projections,"-8.-20.-4.15",163840,13804
at_projections,"-8.-20.-8.22",16384,1576
at_projections,"-8.-20.0.8",557056,7728
at_projections,"-8.-20.12.-13",131072,0
at_projections,"-8.-20.24.-34",32768,3700
at_projections,"-8.-20.4.1",131072,6744
at_projections,"-8.-20.8.-6",81920,3090
at_projections,"-8.-21.-10.26",49152,3351
at_projections,"-8.-21.-14.33",16384,3628
at_projections,"-8.-21.-18.40",131072,5264
at_projections,"-8.-21.-2.12",294912,18124
at_projections,"-8.-21.-6.19",131072,13682
at_projections,"-8.-21.10.-9",81920,4853
at_projections,"-8.-21.2.5",229376,16770
at_projections,"-8.-21.6.-2",131072,8136
at_projections,"-8.-22.-12.30",16384,2336
at_projections,"-8.-22.-16.37",16384,1044
at_projections,"-8.-22.-4.16",163840,7906
at_projections,"-8.-22.-8.23",163840,10058
at_projections,"-8.-22.0.9",196608,7392
at_projections,"-8.-22.12.-12",81920,4382
at_projections,"-8.-22.16.-19",32768,384
at_projections,"-8.-22.20.-26",16384,192
at_projections,"-8.-22.24.-33",16384,1184
at_projections,"-8.-22.4.2",294912,10314
at_projections,"-8.-22.8.-5",32768,3210
at_projections,"-8.-23.-10.27",65536,4456
at_projections,"-8.-23.-18.41",65536,3968
at_projections,"-8.-23.-2.13",180224,15183
at_projections,"-8.-23.-6.20",147456,3693
at_projections,"-8.-23.10.-8",65536,8632
at_projections,"-8.-23.14.-15",65536,2112
at_projections,"-8.-23.18.-22",32768,256
at_projections,"-8.-23.2.6",294912,18124
at_projections,"-8.-23.22.-29",16384,960
at_projections,"-8.-23.26.-36",49152,2888
at_projections,"-8.-23.6.-1",98304,8096
at_projections,"-8.-24.-12.31",65536,4608
at_projections,"-8.-24.-16.38",65536,5020
at_projections,"-8.-24.-4.17",81920,7144
at_projections,"-8.-24.-8.24",131072,768
at_projections,"-8.-24.0.10",32768,5396
at_projections,"-8.-24.12.-11",32768,3208
at_projections,"-8.-24.16.-18",16384,1186
at_projections,"-8.-24.20.-25",32768,0
at_projections,"-8.-24.24.-32",65536,3296
at_projections,"-8.-24.4.3",163840,13804
at_projections,"-8.-24.8.-4",147456,1576
at_projections,"-8.-25.-10.28",131072,0
at_projections,"-8.-25.-14.35",65536,3804
at_projections,"-8.-25.-18.42",16384,2169
at_projections,"-8.-25.-2.14",65536,7418
at_projections,"-8.-25.-6.21",98304,4648
at_projections,"-8.-25.10.-7",65536,128
at_projections,"-8.-25.14.-14",32768,3072
at_projections,"-8.-25.18.-21",16384,862
at_projections,"-8.-25.2.7",180224,15183
at_projections,"-8.-25.22.-28",32768,0
at_projections,"-8.-25.26.-35",49152,5580
at_projections,"-8.-25.6.0",32768,384
at_projections,"-8.-26.-12.32",131072,1024
at_projections,"-8.-26.-16.39",163840,15855
at_projections,"-8.-26.-4.18",32768,1728
at_projections,"-8.-26.-8.25",65536,128
at_projections,"-8.-26.0.11",131072,15488
at_projections,"-8.-26.12.-10",131072,0
at_projections,"-8.-26.24.-31",16384,2640
at_projections,"-8.-26.28.-38",49152,2176
at_projections,"-8.-26.4.4",163840,7906
at_projections,"-8.-27.-10.29",65536,256
at_projections,"-8.-27.-14.36",147456,4597
at_projections,"-8.-27.-18.43",65536,3968
at_projections,"-8.-27.-2.15",65536,5464
at_projections,"-8.-27.10.-6",32768,0
at_projections,"-8.-27.14.-13",65536,2816
at_projections,"-8.-27.18.-20",32768,3072
at_projections,"-8.-27.2.8",65536,7418
at_projections,"-8.-27.26.-34",81920,5768
at_projections,"-8.-27.6.1",131072,13682
at_projections,"-8.-28.-12.33",65536,3226
at_projections,"-8.-28.-16.40",196608,8926
at_projections,"-8.-28.0.12",262144,19968
at_projections,"-8.-28.16.-16",131072,2560
at_projections,"-8.-28.24.-30",65536,7328
at_projections,"-8.-28.28.-37",16384,2160
at_projections,"-8.-28.4.5",81920,7144
at_projections,"-8.-28.8.-2",16384,1576
at_projections,"-8.-29.-14.37",131072,14592
at_projections,"-8.-29.-18.44",131072,0
at_projections,"-8.-29.-2.16",81920,9248
at_projections,"-8.-29.10.-5",49152,1408
at_projections,"-8.-29.14.-12",49152,1756
at_projections,"-8.-29.18.-19",65536,4840
at_projections,"-8.-29.2.9",65536,5464
at_projections,"-8.-29.22.-26",49152,6603
at_projections,"-8.-29.26.-33",65536,4908
at_projections,"-8.-29.6.2",147456,3693
at_projections,"-8.-3.-10.17",81920,6040
at_projections,"-8.-3.-22.38",32768,0
at_projections,"-8.-3.-26.45",65536,4908
at_projections,"-8.-3.6.-11",32768,0
at_projections,"-8.-30.-16.41",81920,4392
at_projections,"-8.-30.-4.20",16384,1912
at_projections,"-8.-30.0.13",163840,9216
at_projections,"-8.-30.12.-8",32768,3392
at_projections,"-8.-30.20.-22",131072,3072
at_projections,"-8.-30.24.-29",98304,8870
at_projections,"-8.-30.4.6",32768,1728
at_projections,"-8.-30.8.-1",163840,10058
at_projections,"-8.-31.-14.38",98304,8174
at_projections,"-8.-31.-2.17",98304,9282
at_projections,"-8.-31.10.-4",49152,3351
at_projections,"-8.-31.14.-11",32768,1724
at_projections,"-8.-31.18.-18",32768,2524
at_projections,"-8.-31.2.10",81920,9248
at_projections,"-8.-31.22.-25",131072,11736
at_projections,"-8.-31.26.-32",49152,3032
at_projections,"-8.-31.6.3",98304,4648
at_projections,"-8.-32.-12.35",16384,3518
at_projections,"-8.-32.-4.21",65536,6144
at_projections,"-8.-32.0.14",32768,3232
at_projections,"-8.-32.12.-7",49152,4897
at_projections,"-8.-32.16.-14",32768,2784
at_projections,"-8.-32.20.-21",16384,1840
at_projections,"-8.-32.24.-28",196608,4736
at_projections,"-8.-32.8.0",131072,768
at_projections,"-8.-33.-14.39",65536,4380
at_projections,"-8.-33.-2.18",65536,9914
at_projections,"-8.-33.-6.25",16384,1182
at_projections,"-8.-33.10.-3",65536,4456
at_projections,"-8.-33.14.-10",32768,3200
at_projections,"-8.-33.2.11",98304,9282
at_projections,"-8.-33.22.-24",131072,9676
at_projections,"-8.-33.26.-31",65536,1152
at_projections,"-8.-34.-12.36",65536,7448
at_projections,"-8.-34.-4.22",98304,6482
at_projections,"-8.-34.-8.29",65536,0
at_projections,"-8.-34.12.-6",16384,2336
at_projections,"-8.-34.20.-20",65536,3532
at_projections,"-8.-34.24.-27",16384,2176
at_projections,"-8.-34.28.-34",131072,0
at_projections,"-8.-34.4.8",16384,1912
at_projections,"-8.-34.8.1",65536,128
at_projections,"-8.-35.-14.40",16384,1920
at_projections,"-8.-35.-2.19",16384,2189
at_projections,"-8.-35.-6.26",65536,1228
at_projections,"-8.-35.10.-2",131072,0
at_projections,"-8.-35.14.-9",16384,3628
at_projections,"-8.-35.18.-16",16384,652
at_projections,"-8.-35.2.12",65536,9914
at_projections,"-8.-35.22.-23",65536,5488
at_projections,"-8.-35.26.-30",32768,0
at_projections,"-8.-36.-12.37",81920,6104
at_projections,"-8.-36.-4.23",65536,1840
at_projections,"-8.-36.-8.30",16384,256
at_projections,"-8.-36.12.-5",65536,4608
at_projections,"-8.-36.16.-12",65536,5712
at_projections,"-8.-36.20.-19",98304,5583
at_projections,"-8.-36.4.9",65536,6144
at_projections,"-8.-37.-10.34",16384,2124
at_projections,"-8.-37.-6.27",98304,2424
at_projections,"-8.-37.10.-1",65536,256
at_projections,"-8.-37.18.-15",81920,2864
at_projections,"-8.-37.2.13",16384,2189
at_projections,"-8.-37.22.-22",16384,1863
at_projections,"-8.-38.-12.38",32768,4954
at_projections,"-8.-38.-4.24",16384,1152
at_projections,"-8.-38.-8.31",65536,1488
at_projections,"-8.-38.12.-4",131072,1024
at_projections,"-8.-38.16.-11",16384,1044
at_projections,"-8.-38.20.-18",81920,3456
at_projections,"-8.-38.4.10",98304,6482
at_projections,"-8.-39.-10.35",49152,5707
at_projections,"-8.-39.-6.28",65536,2208
at_projections,"-8.-39.14.-7",65536,3804
at_projections,"-8.-39.18.-14",131072,5264
at_projections,"-8.-39.6.7",16384,1182
at_projections,"-8.-4.-12.21",65536,2496
at_projections,"-8.-4.-20.35",32768,0
at_projections,"-8.-4.-24.42",65536,7328
at_projections,"-8.-4.-8.14",81920,4685
at_projections,"-8.-4.4.-7",16384,0
at_projections,"-8.-40.-8.32",98304,7423
at_projections,"-8.-40.12.-3",65536,3226
at_projections,"-8.-40.16.-10",65536,5020
at_projections,"-8.-40.20.-17",16384,576
at_projections,"-8.-40.4.11",65536,1840
at_projections,"-8.-41.-10.36",49152,4661
at_projections,"-8.-41.-6.29",16384,1727
at_projections,"-8.-41.14.-6",147456,4597
at_projections,"-8.-41.18.-13",65536,3968
at_projections,"-8.-41.6.8",65536,1228
at_projections,"-8.-42.-8.33",81920,5990
at_projections,"-8.-42.16.-9",163840,15855
at_projections,"-8.-42.4.12",16384,1152
at_projections,"-8.-42.8.5",65536,0
at_projections,"-8.-43.-6.30",16384,1232
at_projections,"-8.-43.14.-5",131072,14592
at_projections,"-8.-43.18.-12",16384,2169
at_projections,"-8.-43.6.9",98304,2424
at_projections,"-8.-44.-8.34",49152,2152
at_projections,"-8.-44.12.-1",16384,3518
at_projections,"-8.-44.16.-8",196608,8926
at_projections,"-8.-44.8.6",16384,256
at_projections,"-8.-45.14.-4",98304,8174
at_projections,"-8.-45.18.-11",65536,3968
at_projections,"-8.-45.6.10",65536,2208
at_projections,"-8.-46.12.0",65536,7448
at_projections,"-8.-46.16.-7",81920,4392
at_projections,"-8.-46.8.7",65536,1488
at_projections,"-8.-47.10.4",16384,2124
at_projections,"-8.-47.14.-3",65536,4380
at_projections,"-8.-47.18.-10",131072,0
at_projections,"-8.-47.6.11",16384,1727
at_projections,"-8.-48.12.1",81920,6104
at_projections,"-8.-48.8.8",98304,7423
at_projections,"-8.-49.10.5",49152,5707
at_projections,"-8.-49.14.-2",16384,1920
at_projections,"-8.-49.6.12",16384,1232
at_projections,"-8.-5.-10.18",294912,2016
at_projections,"-8.-5.-18.32",32768,256
at_projections,"-8.-5.-26.46",49152,3032
at_projections,"-8.-5.-6.11",65536,2048
at_projections,"-8.-5.6.-10",16384,0
at_projections,"-8.-50.12.2",32768,4954
at_projections,"-8.-50.8.9",81920,5990
at_projections,"-8.-51.10.6",49152,4661
at_projections,"-8.-52.8.10",49152,2152
at_projections,"-8.-6.-12.22",65536,2048
at_projections,"-8.-6.-16.29",32768,384
at_projections,"-8.-6.-24.43",98304,8870
at_projections,"-8.-6.-28.50",131072,0
at_projections,"-8.-6.-4.8",65536,2048
at_projections,"-8.-6.-8.15",409600,9718
at_projections,"-8.-6.8.-13",131072,192
at_projections,"-8.-7.-10.19",409600,3976
at_projections,"-8.-7.-18.33",16384,862
at_projections,"-8.-7.-2.5",65536,2048
at_projections,"-8.-7.-22.40",49152,6603
at_projections,"-8.-7.-26.47",65536,1152
at_projections,"-8.-7.-6.12",262144,0
at_projections,"-8.-7.10.-16",16384,1296
at_projections,"-8.-8.-12.23",131072,0
at_projections,"-8.-8.-16.30",16384,1186
at_projections,"-8.-8.-24.44",196608,4736
at_projections,"-8.-8.-4.9",262144,0
at_projections,"-8.-8.-8.16",655360,11016
at_projections,"-8.-8.0.2",65536,2048
at_projections,"-8.-8.12.-19",16384,1112
at_projections,"-8.-9.-10.20",262144,0
at_projections,"-8.-9.-14.27",65536,2112
at_projections,"-8.-9.-18.34",32768,3072
at_projections,"-8.-9.-2.6",262144,0
at_projections,"-8.-9.-22.41",131072,11736
at_projections,"-8.-9.-26.48",32768,0
at_projections,"-8.-9.-6.13",507904,13816
at_projections,"-8.-9.10.-15",32768,512
at_projections,"-8.-9.2.-1",65536,2048
at_projections,"-8.0.-12.19",65536,5386
at_projections,"-8.0.-24.40",65536,3296
at_projections,"-8.0.-28.47",16384,2160
at_projections,"-8.0.-4.5",16384,0
at_projections,"-8.0.0.-2",65536,6976
at_projections,"-8.0.4.-9",16384,2016
at_projections,"-8.1.-10.15",32768,512
at_projections,"-8.1.-14.22",147456,4618
at_projections,"-8.1.-2.1",32768,384
at_projections,"-8.1.-26.43",49152,5580
at_projections,"-8.1.-6.8",16384,0
at_projections,"-8.1.2.-6",81920,7777
at_projections,"-8.2.-12.18",32768,1696
at_projections,"-8.2.-16.25",81920,8269
at_projections,"-8.2.-20.32",32768,3328
at_projections,"-8.2.-24.39",16384,1184
at_projections,"-8.2.-28.46",49152,2176
at_projections,"-8.2.-4.4",32768,0
at_projections,"-8.2.-8.11",131072,192
at_projections,"-8.2.0.-3",32768,3776
at_projections,"-8.3.-10.14",16384,1296
at_projections,"-8.3.-14.21",98304,7608
at_projections,"-8.3.-18.28",65536,5972
at_projections,"-8.3.-2.0",81920,7777
at_projections,"-8.3.-22.35",32768,1804
at_projections,"-8.3.-26.42",49152,2888
at_projections,"-8.3.-6.7",32768,0
at_projections,"-8.4.-12.17",16384,1112
at_projections,"-8.4.-16.24",163840,4928
at_projections,"-8.4.-20.31",16384,752
at_projections,"-8.4.-24.38",32768,3700
at_projections,"-8.4.-4.3",16384,2016
at_projections,"-8.5.-18.27",65536,1152
at_projections,"-8.5.-22.34",16384,1824
at_projections,"-8.6.-16.23",65536,3732
at_projections,"-8.7.-18.26",131072,0
at_projections,"-9.-1.-1.0",65536,7484
at_projections,"-9.-1.-13.21",81920,3420
at_projections,"-9.-1.-17.28",32768,6968
at_projections,"-9.-1.-21.35",16384,1754
at_projections,"-9.-1.-25.42",16384,1800
at_projections,"-9.-1.-5.7",65536,0
at_projections,"-9.-1.-9.14",65536,1824
at_projections,"-9.-10.-11.22",131072,0
at_projections,"-9.-10.-15.29",16384,352
at_projections,"-9.-10.-23.43",131072,5360
at_projections,"-9.-10.-27.50",65536,0
at_projections,"-9.-10.-3.8",262144,0
at_projections,"-9.-10.-7.15",475136,7432
at_projections,"-9.-10.1.1",65536,2048
at_projections,"-9.-10.9.-13",65536,1824
at_projections,"-9.-11.-1.5",262144,0
at_projections,"-9.-11.-13.26",16384,1728
at_projections,"-9.-11.-21.40",65536,3488
at_projections,"-9.-11.-25.47",65536,0
at_projections,"-9.-11.-5.12",393216,4096
at_projections,"-9.-11.-9.19",360448,3310
at_projections,"-9.-11.11.-16",32768,1676
at_projections,"-9.-11.3.-2",65536,2048
at_projections,"-9.-12.-11.23",65536,2048
at_projections,"-9.-12.-15.30",32768,1770
at_projections,"-9.-12.-19.37",65536,3072
at_projections,"-9.-12.-23.44",147456,8084
at_projections,"-9.-12.-3.9",393216,4096
at_projections,"-9.-12.-7.16",475136,12394
at_projections,"-9.-12.1.2",262144,0
at_projections,"-9.-12.13.-19",32768,2704
at_projections,"-9.-12.17.-26",65536,0
at_projections,"-9.-12.5.-5",65536,2048
at_projections,"-9.-13.-1.6",393216,4096
at_projections,"-9.-13.-13.27",32768,3360
at_projections,"-9.-13.-17.34",65536,1792
at_projections,"-9.-13.-21.41",81920,5448
at_projections,"-9.-13.-5.13",327680,2816
at_projections,"-9.-13.-9.20",65536,2048
at_projections,"-9.-13.11.-15",16384,1536
at_projections,"-9.-13.15.-22",65536,1024
at_projections,"-9.-13.3.-1",262144,0
at_projections,"-9.-13.7.-8",65536,2048
at_projections,"-9.-14.-11.24",32768,3264
at_projections,"-9.-14.-15.31",65536,3072
at_projections,"-9.-14.-19.38",65536,4608
at_projections,"-9.-14.-23.45",32768,3888
at_projections,"-9.-14.-3.10",262144,0
at_projections,"-9.-14.-7.17",212992,9504
at_projections,"-9.-14.1.3",393216,4096
at_projections,"-9.-14.13.-18",81920,3420
at_projections,"-9.-14.17.-25",131072,2560
at_projections,"-9.-14.5.-4",262144,0
at_projections,"-9.-15.-1.7",262144,0
at_projections,"-9.-15.-13.28",65536,0
at_projections,"-9.-15.-17.35",65536,1520
at_projections,"-9.-15.-21.42",65536,7190
at_projections,"-9.-15.-5.14",212992,14560
at_projections,"-9.-15.-9.21",32768,3386
at_projections,"-9.-15.11.-14",65536,1536
at_projections,"-9.-15.15.-21",196608,12976
at_projections,"-9.-15.19.-28",65536,0
at_projections,"-9.-15.3.0",393216,4096
at_projections,"-9.-15.7.-7",262144,0
at_projections,"-9.-16.-11.25",81920,3284
at_projections,"-9.-16.-15.32",65536,1024
at_projections,"-9.-16.-3.11",131072,5376
at_projections,"-9.-16.-7.18",32768,1776
at_projections,"-9.-16.1.4",262144,0
at_projections,"-9.-16.13.-17",131072,5512
at_projections,"-9.-16.17.-24",81920,5100
at_projections,"-9.-16.5.-3",393216,4096
at_projections,"-9.-16.9.-10",245760,4439
at_projections,"-9.-17.-1.8",65536,2048
at_projections,"-9.-17.-13.29",65536,256
at_projections,"-9.-17.-21.43",81920,7068
at_projections,"-9.-17.-5.15",131072,6354
at_projections,"-9.-17.-9.22",81920,1644
at_projections,"-9.-17.11.-13",131072,1152
at_projections,"-9.-17.15.-20",65536,3464
at_projections,"-9.-17.19.-27",16384,2208
at_projections,"-9.-17.3.1",262144,0
at_projections,"-9.-17.7.-6",475136,7432
at_projections,"-9.-18.-11.26",65536,0
at_projections,"-9.-18.-15.33",32768,3720
at_projections,"-9.-18.-19.40",16384,1608
at_projections,"-9.-18.-3.12",131072,7132
at_projections,"-9.-18.-7.19",131072,1536
at_projections,"-9.-18.1.5",65536,2048
at_projections,"-9.-18.13.-16",65536,1152
at_projections,"-9.-18.17.-23",32768,6968
at_projections,"-9.-18.5.-2",327680,2816
at_projections,"-9.-18.9.-9",622592,6524
at_projections,"-9.-19.-1.9",65536,2304
at_projections,"-9.-19.-13.30",32768,2880
at_projections,"-9.-19.-21.44",32768,1264
at_projections,"-9.-19.-5.16",163840,8640
at_projections,"-9.-19.-9.23",65536,0
at_projections,"-9.-19.11.-12",131072,2048
at_projections,"-9.-19.19.-26",32768,2912
at_projections,"-9.-19.3.2",131072,5376
at_projections,"-9.-19.7.-5",475136,12394
at_projections,"-9.-2.-11.18",16384,1536
at_projections,"-9.-2.-15.25",65536,3464
at_projections,"-9.-2.-23.39",16384,798
at_projections,"-9.-2.-27.46",65536,4564
at_projections,"-9.-2.-3.4",16384,768
at_projections,"-9.-2.-7.11",32768,0
at_projections,"-9.-2.1.-3",65536,7484
at_projections,"-9.-20.-15.34",16384,2116
at_projections,"-9.-20.-19.41",65536,2948
at_projections,"-9.-20.-3.13",163840,4456
at_projections,"-9.-20.-7.20",65536,2304
at_projections,"-9.-20.1.6",65536,2304
at_projections,"-9.-20.21.-29",32768,3168
at_projections,"-9.-20.5.-1",212992,14560
at_projections,"-9.-20.9.-8",360448,3310
at_projections,"-9.-21.-1.10",294912,5488
at_projections,"-9.-21.-13.31",16384,3164
at_projections,"-9.-21.-17.38",16384,2061
at_projections,"-9.-21.-5.17",131072,3840
at_projections,"-9.-21.11.-11",131072,0
at_projections,"-9.-21.23.-32",32768,2736
at_projections,"-9.-21.3.3",131072,7132
at_projections,"-9.-21.7.-4",212992,9504
at_projections,"-9.-22.-11.28",98304,6780
at_projections,"-9.-22.-15.35",16384,1728
at_projections,"-9.-22.-19.42",114688,1728
at_projections,"-9.-22.-3.14",229376,13132
at_projections,"-9.-22.-7.21",16384,4054
at_projections,"-9.-22.1.7",294912,5488
at_projections,"-9.-22.21.-28",16384,1754
at_projections,"-9.-22.5.0",131072,6354
at_projections,"-9.-22.9.-7",65536,2048
at_projections,"-9.-23.-1.11",360448,13308
at_projections,"-9.-23.-13.32",65536,6272
at_projections,"-9.-23.-17.39",49152,2368
at_projections,"-9.-23.-5.18",81920,5424
at_projections,"-9.-23.-9.25",49152,3666
at_projections,"-9.-23.11.-10",65536,2048
at_projections,"-9.-23.23.-31",16384,2394
at_projections,"-9.-23.3.4",163840,4456
at_projections,"-9.-23.7.-3",32768,1776
at_projections,"-9.-24.-11.29",16384,1920
at_projections,"-9.-24.-15.36",32768,3264
at_projections,"-9.-24.-19.43",32768,1312
at_projections,"-9.-24.-3.15",278528,19006
at_projections,"-9.-24.-7.22",114688,6422
at_projections,"-9.-24.1.8",360448,13308
at_projections,"-9.-24.13.-13",16384,1728
at_projections,"-9.-24.25.-34",65536,3712
at_projections,"-9.-24.5.1",163840,8640
at_projections,"-9.-24.9.-6",32768,3386
at_projections,"-9.-25.-1.12",114688,7510
at_projections,"-9.-25.-17.40",65536,4256
at_projections,"-9.-25.-5.19",163840,14304
at_projections,"-9.-25.-9.26",114688,4620
at_projections,"-9.-25.11.-9",32768,3264
at_projections,"-9.-25.15.-16",16384,352
at_projections,"-9.-25.19.-23",32768,232
at_projections,"-9.-25.23.-30",16384,798
at_projections,"-9.-25.3.5",229376,13132
at_projections,"-9.-25.7.-2",131072,1536
at_projections,"-9.-26.-11.30",65536,0
at_projections,"-9.-26.-3.16",98304,6514
at_projections,"-9.-26.-7.23",163840,8276
at_projections,"-9.-26.1.9",114688,7510
at_projections,"-9.-26.13.-12",32768,3360
at_projections,"-9.-26.17.-19",65536,1120
at_projections,"-9.-26.21.-26",32768,384
at_projections,"-9.-26.25.-33",16384,1800
at_projections,"-9.-26.5.2",131072,3840
at_projections,"-9.-26.9.-5",81920,1644
at_projections,"-9.-27.-1.13",65536,7692
at_projections,"-9.-27.-13.34",65536,1536
at_projections,"-9.-27.-17.41",81920,8364
at_projections,"-9.-27.-5.20",98304,4114
at_projections,"-9.-27.-9.27",131072,0
at_projections,"-9.-27.11.-8",81920,3284
at_projections,"-9.-27.15.-15",32768,1770
at_projections,"-9.-27.19.-22",16384,448
at_projections,"-9.-27.23.-29",32768,1728
at_projections,"-9.-27.27.-36",147456,2232
at_projections,"-9.-27.3.6",278528,19006
at_projections,"-9.-27.7.-1",65536,2304
at_projections,"-9.-28.-11.31",131072,1536
at_projections,"-9.-28.-15.38",81920,3378
at_projections,"-9.-28.-3.17",32768,1182
at_projections,"-9.-28.-7.24",65536,0
at_projections,"-9.-28.1.10",65536,7692
at_projections,"-9.-28.13.-11",65536,0
at_projections,"-9.-28.21.-25",16384,512
at_projections,"-9.-28.25.-32",49152,5974
at_projections,"-9.-28.5.3",81920,5424
at_projections,"-9.-28.9.-4",65536,0
at_projections,"-9.-29.-1.14",98304,6498
at_projections,"-9.-29.-13.35",131072,3092
at_projections,"-9.-29.-17.42",98304,4910
at_projections,"-9.-29.-5.21",16384,960
at_projections,"-9.-29.-9.28",65536,0
at_projections,"-9.-29.11.-7",65536,0
at_projections,"-9.-29.15.-14",65536,3072
at_projections,"-9.-29.27.-35",65536,4564
at_projections,"-9.-29.3.7",98304,6514
at_projections,"-9.-29.7.0",16384,4054
at_projections,"-9.-3.-1.1",16384,528
at_projections,"-9.-3.-13.22",131072,5512
at_projections,"-9.-3.-25.43",49152,5974
at_projections,"-9.-3.3.-6",65536,4088
at_projections,"-9.-30.-11.32",65536,1152
at_projections,"-9.-30.-15.39",196608,14300
at_projections,"-9.-30.-19.46",65536,0
at_projections,"-9.-30.-3.18",16384,960
at_projections,"-9.-30.1.11",98304,6498
at_projections,"-9.-30.13.-10",65536,256
at_projections,"-9.-30.17.-17",65536,1792
at_projections,"-9.-30.25.-31",65536,6000
at_projections,"-9.-30.5.4",163840,14304
at_projections,"-9.-31.-1.15",163840,5312
at_projections,"-9.-31.-13.36",65536,3344
at_projections,"-9.-31.-17.43",131072,4608
at_projections,"-9.-31.15.-13",65536,1024
at_projections,"-9.-31.19.-20",65536,3072
at_projections,"-9.-31.23.-27",16384,2015
at_projections,"-9.-31.27.-34",32768,2928
at_projections,"-9.-31.3.8",32768,1182
at_projections,"-9.-31.7.1",114688,6422
at_projections,"-9.-32.-15.40",147456,6348
at_projections,"-9.-32.-3.19",16384,3060
at_projections,"-9.-32.1.12",163840,5312
at_projections,"-9.-32.13.-9",32768,2880
at_projections,"-9.-32.17.-16",65536,1520
at_projections,"-9.-32.21.-23",65536,3488
at_projections,"-9.-32.25.-30",81920,4512
at_projections,"-9.-32.5.5",98304,4114
at_projections,"-9.-32.9.-2",49152,3666
at_projections,"-9.-33.-1.16",81920,4800
at_projections,"-9.-33.-13.37",16384,1881
at_projections,"-9.-33.-17.44",65536,0
at_projections,"-9.-33.11.-5",98304,6780
at_projections,"-9.-33.15.-12",32768,3720
at_projections,"-9.-33.19.-19",65536,4608
at_projections,"-9.-33.23.-26",131072,5360
at_projections,"-9.-33.3.9",16384,960
at_projections,"-9.-33.7.2",163840,8276
at_projections,"-9.-34.-15.41",32768,1408
at_projections,"-9.-34.-3.20",65536,7956
at_projections,"-9.-34.1.13",81920,4800
at_projections,"-9.-34.13.-8",16384,3164
at_projections,"-9.-34.21.-22",81920,5448
at_projections,"-9.-34.25.-29",98304,3072
at_projections,"-9.-34.5.6",16384,960
at_projections,"-9.-34.9.-1",114688,4620
at_projections,"-9.-35.-1.17",32768,3738
at_projections,"-9.-35.-13.38",65536,3508
at_projections,"-9.-35.-5.24",16384,1240
at_projections,"-9.-35.-9.31",32768,128
at_projections,"-9.-35.11.-4",16384,1920
at_projections,"-9.-35.15.-11",16384,2116
at_projections,"-9.-35.23.-25",147456,8084
at_projections,"-9.-35.27.-32",65536,0
at_projections,"-9.-35.3.10",16384,3060
at_projections,"-9.-35.7.3",65536,0
at_projections,"-9.-36.-3.21",81920,9268
at_projections,"-9.-36.1.14",32768,3738
at_projections,"-9.-36.13.-7",65536,6272
at_projections,"-9.-36.21.-21",65536,7190
at_projections,"-9.-36.25.-28",65536,0
at_projections,"-9.-36.9.0",131072,0
at_projections,"-9.-37.-13.39",81920,4198
at_projections,"-9.-37.-5.25",65536,2726
at_projections,"-9.-37.-9.32",32768,0
at_projections,"-9.-37.11.-3",65536,0
at_projections,"-9.-37.15.-10",16384,1728
at_projections,"-9.-37.19.-17",16384,1608
at_projections,"-9.-37.23.-24",32768,3888
at_projections,"-9.-37.27.-31",65536,0
at_projections,"-9.-37.3.11",65536,7956
at_projections,"-9.-38.-11.36",16384,2010
at_projections,"-9.-38.-3.22",32768,1744
at_projections,"-9.-38.-7.29",16384,896
at_projections,"-9.-38.17.-13",16384,2061
at_projections,"-9.-38.21.-20",81920,7068
at_projections,"-9.-38.9.1",65536,0
at_projections,"-9.-39.-13.40",32768,3120
at_projections,"-9.-39.-5.26",81920,960
at_projections,"-9.-39.11.-2",131072,1536
at_projections,"-9.-39.15.-9",32768,3264
at_projections,"-9.-39.19.-16",65536,2948
at_projections,"-9.-39.3.12",81920,9268
at_projections,"-9.-4.-11.19",65536,1536
at_projections,"-9.-4.-23.40",32768,1728
at_projections,"-9.-4.-27.47",32768,2928
at_projections,"-9.-4.1.-2",16384,528
at_projections,"-9.-40.-11.37",65536,5892
at_projections,"-9.-40.-7.30",65536,2192
at_projections,"-9.-40.13.-5",65536,1536
at_projections,"-9.-40.17.-12",49152,2368
at_projections,"-9.-40.21.-19",32768,1264
at_projections,"-9.-40.5.9",16384,1240
at_projections,"-9.-41.-5.27",32768,1792
at_projections,"-9.-41.-9.34",16384,876
at_projections,"-9.-41.11.-1",65536,1152
at_projections,"-9.-41.19.-15",114688,1728
at_projections,"-9.-41.3.13",32768,1744
at_projections,"-9.-42.-11.38",65536,5140
at_projections,"-9.-42.-7.31",81920,4256
at_projections,"-9.-42.13.-4",131072,3092
at_projections,"-9.-42.17.-11",65536,4256
at_projections,"-9.-42.5.10",65536,2726
at_projections,"-9.-43.-9.35",81920,7749
at_projections,"-9.-43.15.-7",81920,3378
at_projections,"-9.-43.19.-14",32768,1312
at_projections,"-9.-44.-7.32",32768,3182
at_projections,"-9.-44.13.-3",65536,3344
at_projections,"-9.-44.17.-10",81920,8364
at_projections,"-9.-44.5.11",81920,960
at_projections,"-9.-44.9.4",32768,128
at_projections,"-9.-45.-9.36",147456,2448
at_projections,"-9.-45.15.-6",196608,14300
at_projections,"-9.-45.7.8",16384,896
at_projections,"-9.-46.13.-2",16384,1881
at_projections,"-9.-46.17.-9",98304,4910
at_projections,"-9.-46.5.12",32768,1792
at_projections,"-9.-46.9.5",32768,0
at_projections,"-9.-47.15.-5",147456,6348
at_projections,"-9.-47.7.9",65536,2192
at_projections,"-9.-48.13.-1",65536,3508
at_projections,"-9.-48.17.-8",131072,4608
at_projections,"-9.-49.11.3",16384,2010
at_projections,"-9.-49.15.-4",32768,1408
at_projections,"-9.-49.19.-11",65536,0
at_projections,"-9.-49.7.10",81920,4256
at_projections,"-9.-5.-13.23",65536,1152
at_projections,"-9.-5.-21.37",32768,384
at_projections,"-9.-5.-25.44",65536,6000
at_projections,"-9.-5.3.-5",16384,768
at_projections,"-9.-50.13.0",81920,4198
at_projections,"-9.-50.17.-7",65536,0
at_projections,"-9.-50.9.7",16384,876
at_projections,"-9.-51.11.4",65536,5892
at_projections,"-9.-51.7.11",32768,3182
at_projections,"-9.-52.13.1",32768,3120
at_projections,"-9.-52.9.8",81920,7749
at_projections,"-9.-53.11.5",65536,5140
at_projections,"-9.-54.9.9",147456,2448
at_projections,"-9.-6.-11.20",131072,1152
at_projections,"-9.-6.-19.34",32768,232
at_projections,"-9.-6.-7.13",65536,2048
at_projections,"-9.-6.5.-8",65536,0
at_projections,"-9.-7.-21.38",16384,512
at_projections,"-9.-7.-25.45",81920,4512
at_projections,"-9.-7.-5.10",65536,2048
at_projections,"-9.-7.-9.17",245760,4439
at_projections,"-9.-7.7.-11",16384,192
at_projections,"-9.-8.-11.21",131072,2048
at_projections,"-9.-8.-19.35",16384,448
at_projections,"-9.-8.-23.42",16384,2015
at_projections,"-9.-8.-27.49",65536,0
at_projections,"-9.-8.-3.7",65536,2048
at_projections,"-9.-8.-7.14",262144,0
at_projections,"-9.-8.9.-14",49152,408
at_projections,"-9.-9.-1.4",65536,2048
at_projections,"-9.-9.-17.32",65536,1120
at_projections,"-9.-9.-25.46",98304,3072
at_projections,"-9.-9.-5.11",262144,0
at_projections,"-9.-9.-9.18",622592,6524
at_projections,"-9.-9.7.-10",32768,0
at_projections,"-9.0.-11.17",32768,1676
at_projections,"-9.0.-15.24",196608,12976
at_projections,"-9.0.-19.31",32768,2912
at_projections,"-9.0.-23.38",16384,2394
at_projections,"-9.0.-27.45",147456,2232
at_projections,"-9.0.-3.3",65536,4088
at_projections,"-9.0.-7.10",16384,192
at_projections,"-9.0.1.-4",16384,2116
at_projections,"-9.1.-1.-1",16384,2116
at_projections,"-9.1.-13.20",32768,2704
at_projections,"-9.1.-17.27",81920,5100
at_projections,"-9.1.-21.34",32768,3168
at_projections,"-9.1.-25.41",65536,3712
at_projections,"-9.1.-9.13",49152,408
at_projections,"-9.2.-15.23",65536,1024
at_projections,"-9.2.-19.30",16384,2208
at_projections,"-9.2.-23.37",32768,2736
at_projections,"-9.3.-17.26",131072,2560
at_projections,"-9.4.-19.29",65536,0
at_projections,"-9.5.-17.25",65536,0
at_projections,"0.-1.-2.4",1081344,38908
at_projections,"0.-1.-6.11",180224,17954
at_projections,"0.-1.10.-17",163840,10340
at_projections,"0.-1.14.-24",32768,3208
at_projections,"0.-1.18.-31",16384,1850
at_projections,"0.-1.2.-3",1245184,46260
at_projections,"0.-1.22.-38",32768,352
at_projections,"0.-1.6.-10",327680,3810
at_projections,"0.-10.-16.33",65536,3072
at_projections,"0.-10.-4.12",16384,608
at_projections,"0.-10.-8.19",65536,6464
at_projections,"0.-10.0.5",1835008,29312
at_projections,"0.-10.12.-16",114688,5889
at_projections,"0.-10.16.-23",278528,1168
at_projections,"0.-10.20.-30",262144,6656
at_projections,"0.-10.4.-2",131072,4960
at_projections,"0.-10.8.-9",81920,6424
at_projections,"0.-11.-10.23",16384,736
at_projections,"0.-11.-2.9",393216,26448
at_projections,"0.-11.-6.16",65536,6336
at_projections,"0.-11.14.-19",81920,4853
at_projections,"0.-11.18.-26",180224,1344
at_projections,"0.-11.2.2",442368,29336
at_projections,"0.-11.22.-33",65536,1536
at_projections,"0.-11.26.-40",32768,384
at_projections,"0.-11.6.-5",81920,7200
at_projections,"0.-12.-16.34",65536,1152
at_projections,"0.-12.-8.20",98304,10234
at_projections,"0.-12.0.6",1703936,28400
at_projections,"0.-12.12.-15",32768,7096
at_projections,"0.-12.16.-22",65536,2048
at_projections,"0.-12.20.-29",16384,2154
at_projections,"0.-12.24.-36",131072,0
at_projections,"0.-12.32.-50",65536,3624
at_projections,"0.-12.4.-1",81920,3024
at_projections,"0.-12.8.-8",131072,0
at_projections,"0.-13.-10.24",49152,1344
at_projections,"0.-13.-2.10",360448,21888
at_projections,"0.-13.-6.17",16384,3656
at_projections,"0.-13.10.-11",65536,128
at_projections,"0.-13.14.-18",32768,3208
at_projections,"0.-13.2.3",393216,26448
at_projections,"0.-13.22.-32",32768,254
at_projections,"0.-13.26.-39",65536,892
at_projections,"0.-13.30.-46",32768,1152
at_projections,"0.-13.6.-4",65536,2592
at_projections,"0.-14.-8.21",81920,5888
at_projections,"0.-14.0.7",1572864,23552
at_projections,"0.-14.16.-21",32768,2496
at_projections,"0.-14.28.-42",131072,0
at_projections,"0.-14.4.0",16384,608
at_projections,"0.-14.8.-7",65536,1536
at_projections,"0.-15.-10.25",16384,1572
at_projections,"0.-15.-14.32",65536,2304
at_projections,"0.-15.-2.11",327680,21504
at_projections,"0.-15.10.-10",131072,0
at_projections,"0.-15.18.-24",32768,2280
at_projections,"0.-15.2.4",360448,21888
at_projections,"0.-15.26.-38",32768,384
at_projections,"0.-15.30.-45",65536,3520
at_projections,"0.-15.34.-52",98304,3452
at_projections,"0.-15.6.-3",98304,6264
at_projections,"0.-16.-8.22",49152,1728
at_projections,"0.-16.0.8",1441792,29568
at_projections,"0.-16.12.-13",65536,384
at_projections,"0.-16.16.-20",16384,1866
at_projections,"0.-16.32.-48",131072,3568
at_projections,"0.-16.8.-6",16384,2336
at_projections,"0.-17.-2.12",294912,19020
at_projections,"0.-17.-6.19",32768,2736
at_projections,"0.-17.10.-9",65536,128
at_projections,"0.-17.18.-23",16384,1850
at_projections,"0.-17.2.5",327680,21504
at_projections,"0.-17.30.-44",32768,1152
at_projections,"0.-17.34.-51",65536,5340
at_projections,"0.-17.6.-2",65536,6336
at_projections,"0.-18.-12.30",65536,1792
at_projections,"0.-18.-4.16",32768,3276
at_projections,"0.-18.0.9",1441792,17408
at_projections,"0.-18.12.-12",131072,0
at_projections,"0.-18.20.-26",65536,2880
at_projections,"0.-18.36.-54",294912,128
at_projections,"0.-18.8.-5",65536,6464
at_projections,"0.-19.-2.13",262144,17724
at_projections,"0.-19.-6.20",16384,1815
at_projections,"0.-19.14.-15",65536,1600
at_projections,"0.-19.2.6",294912,19020
at_projections,"0.-19.22.-29",16384,896
at_projections,"0.-19.34.-50",98304,3452
at_projections,"0.-19.6.-1",16384,3656
at_projections,"0.-2.-4.8",212992,8512
at_projections,"0.-2.-8.15",81920,6424
at_projections,"0.-2.0.1",2883584,36544
at_projections,"0.-2.12.-20",114688,5889
at_projections,"0.-2.16.-27",32768,2496
at_projections,"0.-2.20.-34",65536,2880
at_projections,"0.-2.4.-6",557056,5568
at_projections,"0.-2.8.-13",294912,3312
at_projections,"0.-20.-4.17",16384,2165
at_projections,"0.-20.0.10",1179648,18304
at_projections,"0.-20.12.-11",65536,640
at_projections,"0.-20.24.-32",16384,256
at_projections,"0.-20.32.-46",65536,3624
at_projections,"0.-20.8.-4",98304,10234
at_projections,"0.-21.-10.28",65536,0
at_projections,"0.-21.-2.14",311296,25924
at_projections,"0.-21.-6.21",32768,3424
at_projections,"0.-21.10.-7",16384,736
at_projections,"0.-21.14.-14",131072,0
at_projections,"0.-21.2.7",262144,17724
at_projections,"0.-21.22.-28",32768,352
at_projections,"0.-21.30.-42",65536,2304
at_projections,"0.-22.-4.18",32768,3600
at_projections,"0.-22.0.11",1081344,30026
at_projections,"0.-22.16.-17",65536,3200
at_projections,"0.-22.28.-38",65536,0
at_projections,"0.-22.4.4",32768,3276
at_projections,"0.-22.8.-3",81920,5888
at_projections,"0.-23.-2.15",229376,15472
at_projections,"0.-23.10.-6",49152,1344
at_projections,"0.-23.14.-13",65536,2980
at_projections,"0.-23.2.8",311296,25924
at_projections,"0.-23.26.-34",65536,0
at_projections,"0.-23.6.1",32768,2736
at_projections,"0.-24.-4.19",16384,1422
at_projections,"0.-24.-8.26",65536,0
at_projections,"0.-24.0.12",983040,19456
at_projections,"0.-24.16.-16",131072,3056
at_projections,"0.-24.24.-30",65536,1792
at_projections,"0.-24.4.5",16384,2165
at_projections,"0.-24.8.-2",49152,1728
at_projections,"0.-25.-2.16",163840,8832
at_projections,"0.-25.10.-5",16384,1572
at_projections,"0.-25.18.-19",65536,2472
at_projections,"0.-25.2.9",229376,15472
at_projections,"0.-25.22.-26",65536,2304
at_projections,"0.-25.6.2",16384,1815
at_projections,"0.-26.0.13",786432,7168
at_projections,"0.-26.16.-15",65536,3072
at_projections,"0.-26.20.-22",65536,1152
at_projections,"0.-26.4.6",32768,3600
at_projections,"0.-27.-2.17",131072,8808
at_projections,"0.-27.-6.24",65536,2304
at_projections,"0.-27.18.-18",196608,0
at_projections,"0.-27.2.10",163840,8832
at_projections,"0.-27.6.3",32768,3424
at_projections,"0.-28.0.14",655360,6144
at_projections,"0.-28.16.-14",65536,1152
at_projections,"0.-28.4.7",16384,1422
at_projections,"0.-29.-2.18",98304,7272
at_projections,"0.-29.14.-10",65536,2304
at_projections,"0.-29.2.11",131072,8808
at_projections,"0.-3.-10.19",65536,128
at_projections,"0.-3.-2.5",753664,44940
at_projections,"0.-3.-22.40",65536,2304
at_projections,"0.-3.-6.12",147456,7804
at_projections,"0.-3.10.-16",311296,7256
at_projections,"0.-3.14.-23",81920,4853
at_projections,"0.-3.18.-30",32768,2280
at_projections,"0.-3.2.-2",1081344,38908
at_projections,"0.-3.22.-37",16384,896
at_projections,"0.-3.26.-44",65536,0
at_projections,"0.-3.6.-9",458752,11504
at_projections,"0.-30.-4.22",65536,3624
at_projections,"0.-30.0.15",524288,7168
at_projections,"0.-30.12.-6",65536,1792
at_projections,"0.-31.-2.19",65536,4816
at_projections,"0.-31.10.-2",65536,0
at_projections,"0.-31.2.12",98304,7272
at_projections,"0.-32.0.16",393216,10592
at_projections,"0.-32.8.2",65536,0
at_projections,"0.-33.-2.20",98304,4220
at_projections,"0.-33.2.13",65536,4816
at_projections,"0.-33.6.6",65536,2304
at_projections,"0.-34.0.17",262144,6144
at_projections,"0.-34.4.10",65536,3624
at_projections,"0.-35.2.14",98304,4220
at_projections,"0.-36.0.18",294912,128
at_projections,"0.-4.-12.23",65536,384
at_projections,"0.-4.-4.9",196608,18198
at_projections,"0.-4.-8.16",131072,0
at_projections,"0.-4.0.2",2326528,51424
at_projections,"0.-4.12.-19",278528,1732
at_projections,"0.-4.16.-26",65536,2048
at_projections,"0.-4.24.-40",16384,256
at_projections,"0.-4.4.-5",360448,8736
at_projections,"0.-4.8.-12",524288,8128
at_projections,"0.-5.-10.20",131072,0
at_projections,"0.-5.-14.27",65536,1600
at_projections,"0.-5.-2.6",573440,41251
at_projections,"0.-5.-6.13",81920,7200
at_projections,"0.-5.10.-15",458752,11436
at_projections,"0.-5.14.-22",360448,8000
at_projections,"0.-5.2.-1",753664,44940
at_projections,"0.-5.6.-8",327680,3810
at_projections,"0.-6.-12.24",131072,0
at_projections,"0.-6.-16.31",65536,3200
at_projections,"0.-6.-20.38",65536,1152
at_projections,"0.-6.-4.10",131072,4960
at_projections,"0.-6.-8.17",65536,1536
at_projections,"0.-6.0.3",2129920,58746
at_projections,"0.-6.12.-18",524288,10096
at_projections,"0.-6.16.-25",278528,1168
at_projections,"0.-6.28.-46",65536,0
at_projections,"0.-6.4.-4",212992,8512
at_projections,"0.-6.8.-11",294912,3312
at_projections,"0.-7.-10.21",65536,128
at_projections,"0.-7.-14.28",131072,0
at_projections,"0.-7.-18.35",65536,2472
at_projections,"0.-7.-2.7",540672,37736
at_projections,"0.-7.-6.14",65536,2592
at_projections,"0.-7.10.-14",311296,7256
at_projections,"0.-7.14.-21",458752,9660
at_projections,"0.-7.18.-28",180224,1344
at_projections,"0.-7.2.0",573440,41251
at_projections,"0.-7.6.-7",180224,17954
at_projections,"0.-8.-12.25",65536,640
at_projections,"0.-8.-16.32",131072,3056
at_projections,"0.-8.-4.11",81920,3024
at_projections,"0.-8.-8.18",16384,2336
at_projections,"0.-8.0.4",2031616,35776
at_projections,"0.-8.12.-17",278528,1732
at_projections,"0.-8.16.-24",589824,8064
at_projections,"0.-8.20.-31",16384,2154
at_projections,"0.-8.4.-3",196608,18198
at_projections,"0.-8.8.-10",114688,7384
at_projections,"0.-9.-14.29",65536,2980
at_projections,"0.-9.-18.36",196608,0
at_projections,"0.-9.-2.8",442368,29336
at_projections,"0.-9.-6.15",98304,6264
at_projections,"0.-9.10.-13",163840,10340
at_projections,"0.-9.14.-20",360448,8000
at_projections,"0.-9.18.-27",524288,5888
at_projections,"0.-9.2.1",540672,37736
at_projections,"0.-9.22.-34",32768,254
at_projections,"0.-9.30.-48",65536,2304
at_projections,"0.-9.6.-6",147456,7804
at_projections,"0.0.-12.21",32768,7096
at_projections,"0.0.-16.28",16384,1866
at_projections,"0.0.-24.42",65536,1792
at_projections,"0.0.-4.7",360448,8736
at_projections,"0.0.-8.14",114688,7384
at_projections,"0.0.0.0",3932160,40544
at_projections,"0.0.12.-21",32768,7096
at_projections,"0.0.16.-28",16384,1866
at_projections,"0.0.24.-42",65536,1792
at_projections,"0.0.4.-7",360448,8736
at_projections,"0.0.8.-14",114688,7384
at_projections,"0.1.-10.17",163840,10340
at_projections,"0.1.-14.24",32768,3208
at_projections,"0.1.-18.31",16384,1850
at_projections,"0.1.-2.3",1245184,46260
at_projections,"0.1.-22.38",32768,352
at_projections,"0.1.-6.10",327680,3810
at_projections,"0.1.2.-4",1081344,38908
at_projections,"0.1.6.-11",180224,17954
at_projections,"0.10.-12.16",114688,5889
at_projections,"0.10.-16.23",278528,1168
at_projections,"0.10.-20.30",262144,6656
at_projections,"0.10.-4.2",131072,4960
at_projections,"0.10.-8.9",81920,6424
at_projections,"0.10.0.-5",1835008,29312
at_projections,"0.10.16.-33",65536,3072
at_projections,"0.10.4.-12",16384,608
at_projections,"0.10.8.-19",65536,6464
at_projections,"0.11.-14.19",81920,4853
at_projections,"0.11.-18.26",180224,1344
at_projections,"0.11.-2.-2",442368,29336
at_projections,"0.11.-22.33",65536,1536
at_projections,"0.11.-26.40",32768,384
at_projections,"0.11.-6.5",81920,7200
at_projections,"0.11.10.-23",16384,736
at_projections,"0.11.2.-9",393216,26448
at_projections,"0.11.6.-16",65536,6336
at_projections,"0.12.-12.15",32768,7096
at_projections,"0.12.-16.22",65536,2048
at_projections,"0.12.-20.29",16384,2154
at_projections,"0.12.-24.36",131072,0
at_projections,"0.12.-32.50",65536,3624
at_projections,"0.12.-4.1",81920,3024
at_projections,"0.12.-8.8",131072,0
at_projections,"0.12.0.-6",1703936,28400
at_projections,"0.12.16.-34",65536,1152
at_projections,"0.12.8.-20",98304,10234
at_projections,"0.13.-10.11",65536,128
at_projections,"0.13.-14.18",32768,3208
at_projections,"0.13.-2.-3",393216,26448
at_projections,"0.13.-22.32",32768,254
at_projections,"0.13.-26.39",65536,892
at_projections,"0.13.-30.46",32768,1152
at_projections,"0.13.-6.4",65536,2592
at_projections,"0.13.10.-24",49152,1344
at_projections,"0.13.2.-10",360448,21888
at_projections,"0.13.6.-17",16384,3656
at_projections,"0.14.-16.21",32768,2496
at_projections,"0.14.-28.42",131072,0
at_projections,"0.14.-4.0",16384,608
at_projections,"0.14.-8.7",65536,1536
at_projections,"0.14.0.-7",1572864,23552
at_projections,"0.14.8.-21",81920,5888
at_projections,"0.15.-10.10",131072,0
at_projections,"0.15.-18.24",32768,2280
at_projections,"0.15.-2.-4",360448,21888
at_projections,"0.15.-26.38",32768,384
at_projections,"0.15.-30.45",65536,3520
at_projections,"0.15.-34.52",98304,3452
at_projections,"0.15.-6.3",98304,6264
at_projections,"0.15.10.-25",16384,1572
at_projections,"0.15.14.-32",65536,2304
at_projections,"0.15.2.-11",327680,21504
at_projections,"0.16.-12.13",65536,384
at_projections,"0.16.-16.20",16384,1866
at_projections,"0.16.-32.48",131072,3568
at_projections,"0.16.-8.6",16384,2336
at_projections,"0.16.0.-8",1441792,29568
at_projections,"0.16.8.-22",49152,1728
at_projections,"0.17.-10.9",65536,128
at_projections,"0.17.-18.23",16384,1850
at_projections,"0.17.-2.-5",327680,21504
at_projections,"0.17.-30.44",32768,1152
at_projections,"0.17.-34.51",65536,5340
at_projections,"0.17.-6.2",65536,6336
at_projections,"0.17.2.-12",294912,19020
at_projections,"0.17.6.-19",32768,2736
at_projections,"0.18.-12.12",131072,0
at_projections,"0.18.-20.26",65536,2880
at_projections,"0.18.-36.54",294912,128
at_projections,"0.18.-8.5",65536,6464
at_projections,"0.18.0.-9",1441792,17408
at_projections,"0.18.12.-30",65536,1792
at_projections,"0.18.4.-16",32768,3276
at_projections,"0.19.-14.15",65536,1600
at_projections,"0.19.-2.-6",294912,19020
at_projections,"0.19.-22.29",16384,896
at_projections,"0.19.-34.50",98304,3452
at_projections,"0.19.-6.1",16384,3656
at_projections,"0.19.2.-13",262144,17724
at_projections,"0.19.6.-20",16384,1815
at_projections,"0.2.-12.20",114688,5889
at_projections,"0.2.-16.27",32768,2496
at_projections,"0.2.-20.34",65536,2880
at_projections,"0.2.-4.6",557056,5568
at_projections,"0.2.-8.13",294912,3312
at_projections,"0.2.0.-1",2883584,36544
at_projections,"0.2.4.-8",212992,8512
at_projections,"0.2.8.-15",81920,6424
at_projections,"0.20.-12.11",65536,640
at_projections,"0.20.-24.32",16384,256
at_projections,"0.20.-32.46",65536,3624
at_projections,"0.20.-8.4",98304,10234
at_projections,"0.20.0.-10",1179648,18304
at_projections,"0.20.4.-17",16384,2165
at_projections,"0.21.-10.7",16384,736
at_projections,"0.21.-14.14",131072,0
at_projections,"0.21.-2.-7",262144,17724
at_projections,"0.21.-22.28",32768,352
at_projections,"0.21.-30.42",65536,2304
at_projections,"0.21.10.-28",65536,0
at_projections,"0.21.2.-14",311296,25924
at_projections,"0.21.6.-21",32768,3424
at_projections,"0.22.-16.17",65536,3200
at_projections,"0.22.-28.38",65536,0
at_projections,"0.22.-4.-4",32768,3276
at_projections,"0.22.-8.3",81920,5888
at_projections,"0.22.0.-11",1081344,30026
at_projections,"0.22.4.-18",32768,3600
at_projections,"0.23.-10.6",49152,1344
at_projections,"0.23.-14.13",65536,2980
at_projections,"0.23.-2.-8",311296,25924
at_projections,"0.23.-26.34",65536,0
at_projections,"0.23.-6.-1",32768,2736
at_projections,"0.23.2.-15",229376,15472
at_projections,"0.24.-16.16",131072,3056
at_projections,"0.24.-24.30",65536,1792
at_projections,"0.24.-4.-5",16384,2165
at_projections,"0.24.-8.2",49152,1728
at_projections,"0.24.0.-12",983040,19456
at_projections,"0.24.4.-19",16384,1422
at_projections,"0.24.8.-26",65536,0
at_projections,"0.25.-10.5",16384,1572
at_projections,"0.25.-18.19",65536,2472
at_projections,"0.25.-2.-9",229376,15472
at_projections,"0.25.-22.26",65536,2304
at_projections,"0.25.-6.-2",16384,1815
at_projections,"0.25.2.-16",163840,8832
at_projections,"0.26.-16.15",65536,3072
at_projections,"0.26.-20.22",65536,1152
at_projections,"0.26.-4.-6",32768,3600
at_projections,"0.26.0.-13",786432,7168
at_projections,"0.27.-18.18",196608,0
at_projections,"0.27.-2.-10",163840,8832
at_projections,"0.27.-6.-3",32768,3424
at_projections,"0.27.2.-17",131072,8808
at_projections,"0.27.6.-24",65536,2304
at_projections,"0.28.-16.14",65536,1152
at_projections,"0.28.-4.-7",16384,1422
at_projections,"0.28.0.-14",655360,6144
at_projections,"0.29.-14.10",65536,2304
at_projections,"0.29.-2.-11",131072,8808
at_projections,"0.29.2.-18",98304,7272
at_projections,"0.3.-10.16",311296,7256
at_projections,"0.3.-14.23",81920,4853
at_projections,"0.3.-18.30",32768,2280
at_projections,"0.3.-2.2",1081344,38908
at_projections,"0.3.-22.37",16384,896
at_projections,"0.3.-26.44",65536,0
at_projections,"0.3.-6.9",458752,11504
at_projections,"0.3.10.-19",65536,128
at_projections,"0.3.2.-5",753664,44940
at_projections,"0.3.22.-40",65536,2304
at_projections,"0.3.6.-12",147456,7804
at_projections,"0.30.-12.6",65536,1792
at_projections,"0.30.0.-15",524288,7168
at_projections,"0.30.4.-22",65536,3624
at_projections,"0.31.-10.2",65536,0
at_projections,"0.31.-2.-12",98304,7272
at_projections,"0.31.2.-19",65536,4816
at_projections,"0.32.-8.-2",65536,0
at_projections,"0.32.0.-16",393216,10592
at_projections,"0.33.-2.-13",65536,4816
at_projections,"0.33.-6.-6",65536,2304
at_projections,"0.33.2.-20",98304,4220
at_projections,"0.34.-4.-10",65536,3624
at_projections,"0.34.0.-17",262144,6144
at_projections,"0.35.-2.-14",98304,4220
at_projections,"0.36.0.-18",294912,128
at_projections,"0.4.-12.19",278528,1732
at_projections,"0.4.-16.26",65536,2048
at_projections,"0.4.-24.40",16384,256
at_projections,"0.4.-4.5",360448,8736
at_projections,"0.4.-8.12",524288,8128
at_projections,"0.4.0.-2",2326528,51424
at_projections,"0.4.12.-23",65536,384
at_projections,"0.4.4.-9",196608,18198
at_projections,"0.4.8.-16",131072,0
at_projections,"0.5.-10.15",458752,11436
at_projections,"0.5.-14.22",360448,8000
at_projections,"0.5.-2.1",753664,44940
at_projections,"0.5.-6.8",327680,3810
at_projections,"0.5.10.-20",131072,0
at_projections,"0.5.14.-27",65536,1600
at_projections,"0.5.2.-6",573440,41251
at_projections,"0.5.6.-13",81920,7200
at_projections,"0.6.-12.18",524288,10096
at_projections,"0.6.-16.25",278528,1168
at_projections,"0.6.-28.46",65536,0
at_projections,"0.6.-4.4",212992,8512
at_projections,"0.6.-8.11",294912,3312
at_projections,"0.6.0.-3",2129920,58746
at_projections,"0.6.12.-24",131072,0
at_projections,"0.6.16.-31",65536,3200
at_projections,"0.6.20.-38",65536,1152
at_projections,"0.6.4.-10",131072,4960
at_projections,"0.6.8.-17",65536,1536
at_projections,"0.7.-10.14",311296,7256
at_projections,"0.7.-14.21",458752,9660
at_projections,"0.7.-18.28",180224,1344
at_projections,"0.7.-2.0",573440,41251
at_projections,"0.7.-6.7",180224,17954
at_projections,"0.7.10.-21",65536,128
at_projections,"0.7.14.-28",131072,0
at_projections,"0.7.18.-35",65536,2472
at_projections,"0.7.2.-7",540672,37736
at_projections,"0.7.6.-14",65536,2592
at_projections,"0.8.-12.17",278528,1732
at_projections,"0.8.-16.24",589824,8064
at_projections,"0.8.-20.31",16384,2154
at_projections,"0.8.-4.3",196608,18198
at_projections,"0.8.-8.10",114688,7384
at_projections,"0.8.0.-4",2031616,35776
at_projections,"0.8.12.-25",65536,640
at_projections,"0.8.16.-32",131072,3056
at_projections,"0.8.4.-11",81920,3024
at_projections,"0.8.8.-18",16384,2336
at_projections,"0.9.-10.13",163840,10340
at_projections,"0.9.-14.20",360448,8000
at_projections,"0.9.-18.27",524288,5888
at_projections,"0.9.-2.-1",540672,37736
at_projections,"0.9.-22.34",32768,254
at_projections,"0.9.-30.48",65536,2304
at_projections,"0.9.-6.6",147456,7804
at_projections,"0.9.14.-29",65536,2980
at_projections,"0.9.18.-36",196608,0
at_projections,"0.9.2.-8",442368,29336
at_projections,"0.9.6.-15",98304,6264
at_projections,"1.-1.-11.20",65536,0
at_projections,"1.-1.-3.6",262144,18661
at_projections,"1.-1.-7.13",131072,10428
at_projections,"1.-1.1.-1",1507328,38128
at_projections,"1.-1.13.-22",98304,5088
at_projections,"1.-1.17.-29",16384,1500
at_projections,"1.-1.21.-36",16384,1216
at_projections,"1.-1.5.-8",475136,8992
at_projections,"1.-1.9.-15",327680,4000
at_projections,"1.-10.-1.7",786432,32616
at_projections,"1.-10.-9.21",81920,5058
at_projections,"1.-10.15.-21",81920,2944
at_projections,"1.-10.23.-35",65536,1024
at_projections,"1.-10.27.-42",65536,0
at_projections,"1.-10.7.-7",81920,1644
at_projections,"1.-11.-15.32",32768,192
at_projections,"1.-11.-7.18",16384,2178
at_projections,"1.-11.1.4",786432,32616
at_projections,"1.-11.17.-24",16384,1728
at_projections,"1.-11.21.-31",16384,1776
at_projections,"1.-11.25.-38",65536,256
at_projections,"1.-11.29.-45",65536,0
at_projections,"1.-11.33.-52",32768,3768
at_projections,"1.-11.5.-3",65536,3616
at_projections,"1.-11.9.-10",131072,0
at_projections,"1.-12.-1.8",720896,45408
at_projections,"1.-12.-9.22",98304,768
at_projections,"1.-12.11.-13",65536,0
at_projections,"1.-12.15.-20",32768,3360
at_projections,"1.-12.27.-41",65536,512
at_projections,"1.-12.31.-48",65536,2528
at_projections,"1.-12.7.-6",65536,5572
at_projections,"1.-13.-7.19",16384,1152
at_projections,"1.-13.1.5",720896,45408
at_projections,"1.-13.17.-23",32768,1770
at_projections,"1.-13.29.-44",65536,2048
at_projections,"1.-13.33.-51",65536,2816
at_projections,"1.-13.5.-2",16384,1536
at_projections,"1.-13.9.-9",65536,0
at_projections,"1.-14.-1.9",688128,39944
at_projections,"1.-14.-13.30",32768,2688
at_projections,"1.-14.-5.16",16384,1608
at_projections,"1.-14.11.-12",131072,256
at_projections,"1.-14.19.-26",32768,1582
at_projections,"1.-14.31.-47",65536,2816
at_projections,"1.-14.35.-54",98304,5248
at_projections,"1.-14.7.-5",98304,10046
at_projections,"1.-15.-7.20",32768,1264
at_projections,"1.-15.1.6",688128,39944
at_projections,"1.-15.13.-15",65536,256
at_projections,"1.-15.21.-29",32768,1890
at_projections,"1.-15.33.-50",65536,3560
at_projections,"1.-15.9.-8",16384,1920
at_projections,"1.-16.-1.10",622592,24480
at_projections,"1.-16.-5.17",32768,2376
at_projections,"1.-16.11.-11",65536,0
at_projections,"1.-16.19.-25",16384,832
at_projections,"1.-16.35.-53",98304,0
at_projections,"1.-16.7.-4",65536,10624
at_projections,"1.-17.-11.28",32768,2688
at_projections,"1.-17.-3.14",32768,3128
at_projections,"1.-17.1.7",622592,24480
at_projections,"1.-17.13.-14",131072,512
at_projections,"1.-17.21.-28",16384,856
at_projections,"1.-17.33.-49",32768,1744
at_projections,"1.-17.9.-7",65536,7258
at_projections,"1.-18.-1.11",557056,25632
at_projections,"1.-18.-5.18",16384,2016
at_projections,"1.-18.15.-17",65536,0
at_projections,"1.-18.23.-31",65536,512
at_projections,"1.-18.31.-45",32768,3934
at_projections,"1.-18.7.-3",16384,2178
at_projections,"1.-19.-3.15",32768,4032
at_projections,"1.-19.1.8",557056,25632
at_projections,"1.-19.13.-13",65536,1536
at_projections,"1.-19.29.-41",32768,1536
at_projections,"1.-19.5.1",16384,1608
at_projections,"1.-19.9.-6",81920,5058
at_projections,"1.-2.-1.3",1130496,76281
at_projections,"1.-2.-13.24",65536,256
at_projections,"1.-2.-21.38",32768,3612
at_projections,"1.-2.-5.10",147456,12254
at_projections,"1.-2.-9.17",131072,0
at_projections,"1.-2.11.-18",327680,5928
at_projections,"1.-2.15.-25",98304,4904
at_projections,"1.-2.27.-46",32768,128
at_projections,"1.-2.3.-4",458752,8928
at_projections,"1.-2.7.-11",475136,9416
at_projections,"1.-20.-1.12",540672,29822
at_projections,"1.-20.-5.19",32768,1536
at_projections,"1.-20.-9.26",32768,128
at_projections,"1.-20.11.-9",32768,1544
at_projections,"1.-20.15.-16",131072,5280
at_projections,"1.-20.27.-37",32768,0
at_projections,"1.-20.3.5",32768,3128
at_projections,"1.-20.7.-2",16384,1152
at_projections,"1.-21.-3.16",32768,3028
at_projections,"1.-21.1.9",540672,29822
at_projections,"1.-21.17.-19",65536,2048
at_projections,"1.-21.25.-33",32768,0
at_projections,"1.-21.5.2",32768,2376
at_projections,"1.-21.9.-5",98304,768
at_projections,"1.-22.-1.13",393216,17092
at_projections,"1.-22.15.-15",65536,1920
at_projections,"1.-22.23.-29",32768,2496
at_projections,"1.-22.3.6",32768,4032
at_projections,"1.-22.7.-1",32768,1264
at_projections,"1.-23.-7.24",32768,0
at_projections,"1.-23.1.10",393216,17092
at_projections,"1.-23.17.-18",131072,4536
at_projections,"1.-23.21.-25",32768,3612
at_projections,"1.-23.5.3",16384,2016
at_projections,"1.-24.-1.14",327680,11008
at_projections,"1.-24.19.-21",98304,2112
at_projections,"1.-24.3.7",32768,3028
at_projections,"1.-25.1.11",327680,11008
at_projections,"1.-25.17.-17",98304,0
at_projections,"1.-25.5.4",32768,1536
at_projections,"1.-26.-1.15",262144,11008
at_projections,"1.-26.-5.22",32768,1360
at_projections,"1.-26.15.-13",32768,192
at_projections,"1.-27.1.12",262144,11008
at_projections,"1.-27.13.-9",32768,2688
at_projections,"1.-28.-1.16",196608,8608
at_projections,"1.-28.11.-5",32768,2688
at_projections,"1.-29.-3.20",32768,3768
at_projections,"1.-29.1.13",196608,8608
at_projections,"1.-29.9.-1",32768,128
at_projections,"1.-3.-11.21",131072,256
at_projections,"1.-3.-15.28",65536,0
at_projections,"1.-3.-3.7",98304,9285
at_projections,"1.-3.-7.14",81920,1644
at_projections,"1.-3.1.0",1130496,76281
at_projections,"1.-3.13.-21",344064,5360
at_projections,"1.-3.17.-28",98304,4800
at_projections,"1.-3.5.-7",360448,3360
at_projections,"1.-3.9.-14",458752,9584
at_projections,"1.-30.-1.17",131072,11536
at_projections,"1.-30.7.3",32768,0
at_projections,"1.-31.1.14",131072,11536
at_projections,"1.-31.5.7",32768,1360
at_projections,"1.-32.-1.18",98304,6784
at_projections,"1.-32.3.11",32768,3768
at_projections,"1.-33.1.15",98304,6784
at_projections,"1.-4.-1.4",1064960,76876
at_projections,"1.-4.-13.25",131072,512
at_projections,"1.-4.-17.32",65536,2048
at_projections,"1.-4.-5.11",131072,5460
at_projections,"1.-4.-9.18",65536,0
at_projections,"1.-4.11.-17",458752,8560
at_projections,"1.-4.15.-24",344064,7744
at_projections,"1.-4.19.-31",32768,3048
at_projections,"1.-4.3.-3",262144,18661
at_projections,"1.-4.7.-10",311296,5388
at_projections,"1.-5.-11.22",65536,0
at_projections,"1.-5.-15.29",131072,5280
at_projections,"1.-5.-19.36",98304,2112
at_projections,"1.-5.-3.8",49152,1920
at_projections,"1.-5.-7.15",65536,5572
at_projections,"1.-5.1.1",1064960,76876
at_projections,"1.-5.13.-20",491520,13792
at_projections,"1.-5.17.-27",425984,2768
at_projections,"1.-5.29.-48",32768,0
at_projections,"1.-5.5.-6",245760,21978
at_projections,"1.-5.9.-13",311296,5824
at_projections,"1.-6.-1.5",950272,38128
at_projections,"1.-6.-13.26",65536,1536
at_projections,"1.-6.-17.33",131072,4536
at_projections,"1.-6.-5.12",65536,3616
at_projections,"1.-6.-9.19",16384,1920
at_projections,"1.-6.11.-16",360448,6808
at_projections,"1.-6.15.-23",491520,6656
at_projections,"1.-6.19.-30",311296,6958
at_projections,"1.-6.3.-2",98304,9285
at_projections,"1.-6.7.-9",163840,9248
at_projections,"1.-7.-15.30",65536,1920
at_projections,"1.-7.-7.16",98304,10046
at_projections,"1.-7.1.2",950272,38128
at_projections,"1.-7.13.-19",278528,1500
at_projections,"1.-7.17.-26",393216,2816
at_projections,"1.-7.21.-33",81920,3294
at_projections,"1.-7.5.-5",147456,12254
at_projections,"1.-7.9.-12",114688,7312
at_projections,"1.-8.-1.6",851968,34120
at_projections,"1.-8.-17.34",98304,0
at_projections,"1.-8.-5.13",16384,1536
at_projections,"1.-8.-9.20",65536,7258
at_projections,"1.-8.11.-15",81920,6102
at_projections,"1.-8.15.-22",262144,0
at_projections,"1.-8.19.-29",163840,4800
at_projections,"1.-8.23.-36",65536,0
at_projections,"1.-8.3.-1",49152,1920
at_projections,"1.-8.31.-50",32768,1360
at_projections,"1.-8.7.-8",131072,10428
at_projections,"1.-9.-11.24",32768,1544
at_projections,"1.-9.-7.17",65536,10624
at_projections,"1.-9.1.3",851968,34120
at_projections,"1.-9.13.-18",131072,9080
at_projections,"1.-9.17.-25",131072,0
at_projections,"1.-9.21.-32",98304,4104
at_projections,"1.-9.25.-39",65536,512
at_projections,"1.-9.5.-4",131072,5460
at_projections,"1.-9.9.-11",65536,2304
at_projections,"1.0.-1.2",1507328,38128
at_projections,"1.0.-5.9",245760,21978
at_projections,"1.0.-9.16",65536,2304
at_projections,"1.0.11.-19",114688,9792
at_projections,"1.0.15.-26",32768,3264
at_projections,"1.0.19.-33",16384,2208
at_projections,"1.0.23.-40",32768,608
at_projections,"1.0.3.-5",606208,10912
at_projections,"1.0.7.-12",327680,3328
at_projections,"1.1.-23.40",32768,2496
at_projections,"1.1.-3.5",458752,8928
at_projections,"1.1.-7.12",163840,9248
at_projections,"1.1.1.-2",2015232,47600
at_projections,"1.1.13.-23",32768,3386
at_projections,"1.1.17.-30",65536,3000
at_projections,"1.1.21.-37",32768,1696
at_projections,"1.1.25.-44",32768,2688
at_projections,"1.1.5.-9",360448,6720
at_projections,"1.1.9.-16",114688,8326
at_projections,"1.10.-1.-3",1064960,37360
at_projections,"1.10.-13.18",344064,5360
at_projections,"1.10.-17.25",393216,2816
at_projections,"1.10.-21.32",16384,1776
at_projections,"1.10.-29.46",32768,1536
at_projections,"1.10.-5.4",147456,15276
at_projections,"1.10.-9.11",114688,8326
at_projections,"1.10.11.-24",65536,256
at_projections,"1.10.15.-31",131072,3712
at_projections,"1.10.19.-38",98304,0
at_projections,"1.10.3.-10",131072,6524
at_projections,"1.10.7.-17",16384,816
at_projections,"1.11.-11.14",114688,9792
at_projections,"1.11.-15.21",344064,7744
at_projections,"1.11.-19.28",163840,4800
at_projections,"1.11.-3.0",131072,10312
at_projections,"1.11.-7.7",131072,9540
at_projections,"1.11.1.-7",950272,33926
at_projections,"1.11.13.-28",65536,0
at_projections,"1.11.17.-35",131072,3584
at_projections,"1.11.5.-14",98304,6406
at_projections,"1.12.-1.-4",950272,33926
at_projections,"1.12.-13.17",98304,5088
at_projections,"1.12.-17.24",425984,2768
at_projections,"1.12.-21.31",98304,4104
at_projections,"1.12.-5.3",114688,6896
at_projections,"1.12.-9.10",49152,3696
at_projections,"1.12.15.-32",65536,2048
at_projections,"1.12.3.-11",16384,2784
at_projections,"1.12.7.-18",65536,6936
at_projections,"1.13.-11.13",49152,4518
at_projections,"1.13.-15.20",98304,4904
at_projections,"1.13.-19.27",311296,6958
at_projections,"1.13.-23.34",65536,1024
at_projections,"1.13.-3.-1",131072,6524
at_projections,"1.13.-31.48",32768,3934
at_projections,"1.13.-7.6",131072,6912
at_projections,"1.13.1.-8",851968,28896
at_projections,"1.13.17.-36",98304,2112
at_projections,"1.13.5.-15",65536,5242
at_projections,"1.13.9.-22",16384,1728
at_projections,"1.14.-1.-5",851968,28896
at_projections,"1.14.-13.16",32768,3386
at_projections,"1.14.-17.23",98304,4800
at_projections,"1.14.-21.30",81920,3294
at_projections,"1.14.-25.37",65536,256
at_projections,"1.14.-5.2",65536,3680
at_projections,"1.14.-9.9",65536,0
at_projections,"1.14.7.-19",98304,10240
at_projections,"1.15.-15.19",32768,3264
at_projections,"1.15.-19.26",32768,3048
at_projections,"1.15.-23.33",65536,0
at_projections,"1.15.-27.40",65536,512
at_projections,"1.15.-3.-2",16384,2784
at_projections,"1.15.-7.5",65536,2304
at_projections,"1.15.1.-9",786432,26000
at_projections,"1.15.5.-16",16384,1920
at_projections,"1.15.9.-23",65536,4544
at_projections,"1.16.-1.-6",786432,26000
at_projections,"1.16.-13.15",16384,3284
at_projections,"1.16.-17.22",16384,1500
at_projections,"1.16.-25.36",65536,512
at_projections,"1.16.-29.43",65536,2048
at_projections,"1.16.-33.50",32768,1744
at_projections,"1.16.-5.1",98304,6406
at_projections,"1.16.-9.8",131072,2304
at_projections,"1.16.15.-34",32768,3600
at_projections,"1.16.7.-20",65536,8080
at_projections,"1.17.-11.11",65536,0
at_projections,"1.17.-15.18",16384,2240
at_projections,"1.17.-27.39",65536,0
at_projections,"1.17.-31.46",65536,2816
at_projections,"1.17.-7.4",16384,816
at_projections,"1.17.1.-10",720896,15616
at_projections,"1.17.9.-24",81920,6044
at_projections,"1.18.-1.-7",720896,15616
at_projections,"1.18.-17.21",65536,3000
at_projections,"1.18.-29.42",65536,0
at_projections,"1.18.-33.49",65536,3560
at_projections,"1.18.-5.0",65536,5242
at_projections,"1.18.-9.7",65536,0
at_projections,"1.18.7.-21",49152,4676
at_projections,"1.19.-11.10",131072,0
at_projections,"1.19.-19.24",16384,2208
at_projections,"1.19.-31.45",65536,2528
at_projections,"1.19.-35.52",98304,0
at_projections,"1.19.-7.3",65536,6936
at_projections,"1.19.1.-11",688128,15856
at_projections,"1.19.13.-32",32768,2496
at_projections,"1.19.9.-25",32768,4172
at_projections,"1.2.-1.1",2015232,47600
at_projections,"1.2.-5.8",360448,3360
at_projections,"1.2.-9.15",114688,7312
at_projections,"1.2.11.-20",49152,4518
at_projections,"1.2.15.-27",16384,2240
at_projections,"1.2.19.-34",32768,3804
at_projections,"1.2.3.-6",425984,0
at_projections,"1.2.7.-13",131072,6592
at_projections,"1.20.-1.-8",688128,15856
at_projections,"1.20.-13.13",65536,0
at_projections,"1.20.-21.27",16384,1216
at_projections,"1.20.-33.48",65536,2816
at_projections,"1.20.-5.-1",16384,1920
at_projections,"1.21.-11.9",65536,256
at_projections,"1.21.-19.23",32768,3804
at_projections,"1.21.-35.51",98304,5248
at_projections,"1.21.-7.2",98304,10240
at_projections,"1.21.1.-12",622592,16264
at_projections,"1.21.5.-19",65536,6300
at_projections,"1.22.-1.-9",622592,16264
at_projections,"1.22.-13.12",131072,2300
at_projections,"1.22.-21.26",32768,1696
at_projections,"1.22.-33.47",32768,3768
at_projections,"1.22.-9.5",16384,1728
at_projections,"1.22.11.-30",32768,0
at_projections,"1.22.3.-16",16384,1818
at_projections,"1.23.-15.15",65536,1496
at_projections,"1.23.-23.29",32768,608
at_projections,"1.23.-31.43",32768,1360
at_projections,"1.23.-7.1",65536,8080
at_projections,"1.23.1.-13",540672,30968
at_projections,"1.24.-1.-10",540672,30968
at_projections,"1.24.-13.11",65536,0
at_projections,"1.24.-29.39",32768,0
at_projections,"1.24.-9.4",65536,4544
at_projections,"1.24.3.-17",65536,10886
at_projections,"1.24.7.-24",16384,2038
at_projections,"1.25.-15.14",131072,3712
at_projections,"1.25.-27.35",32768,128
at_projections,"1.25.-3.-7",16384,1818
at_projections,"1.25.-7.0",49152,4676
at_projections,"1.25.1.-14",524288,27720
at_projections,"1.25.5.-21",65536,5288
at_projections,"1.25.9.-28",32768,0
at_projections,"1.26.-1.-11",524288,27720
at_projections,"1.26.-17.17",65536,1920
at_projections,"1.26.-25.31",32768,2688
at_projections,"1.26.-5.-4",65536,6300
at_projections,"1.26.-9.3",81920,6044
at_projections,"1.26.3.-18",16384,2304
at_projections,"1.27.-15.13",65536,2048
at_projections,"1.27.-23.27",32768,2688
at_projections,"1.27.-3.-8",65536,10886
at_projections,"1.27.1.-15",409600,7500
at_projections,"1.28.-1.-12",409600,7500
at_projections,"1.28.-17.16",131072,3584
at_projections,"1.28.-21.23",32768,192
at_projections,"1.28.-9.2",32768,4172
at_projections,"1.28.7.-26",32768,1536
at_projections,"1.29.-19.19",98304,0
at_projections,"1.29.-3.-9",16384,2304
at_projections,"1.29.1.-16",327680,5376
at_projections,"1.3.-11.18",81920,6102
at_projections,"1.3.-15.25",32768,3360
at_projections,"1.3.-19.32",16384,832
at_projections,"1.3.-3.4",606208,10912
at_projections,"1.3.-7.11",311296,5388
at_projections,"1.3.1.-3",1933312,44072
at_projections,"1.3.13.-24",16384,3284
at_projections,"1.3.5.-10",147456,7765
at_projections,"1.3.9.-17",49152,3696
at_projections,"1.30.-1.-13",327680,5376
at_projections,"1.30.-17.15",98304,2112
at_projections,"1.30.-5.-6",65536,5288
at_projections,"1.31.-15.11",32768,3600
at_projections,"1.31.-7.-3",16384,2038
at_projections,"1.31.1.-17",262144,5360
at_projections,"1.31.5.-24",32768,3934
at_projections,"1.32.-1.-14",262144,5360
at_projections,"1.32.-13.7",32768,2496
at_projections,"1.33.-11.3",32768,0
at_projections,"1.33.1.-18",196608,11748
at_projections,"1.34.-1.-15",196608,11748
at_projections,"1.34.-9.-1",32768,0
at_projections,"1.34.3.-22",32768,1744
at_projections,"1.35.-7.-5",32768,1536
at_projections,"1.35.1.-19",131072,5632
at_projections,"1.36.-1.-16",131072,5632
at_projections,"1.36.-5.-9",32768,3934
at_projections,"1.37.-3.-13",32768,1744
at_projections,"1.37.1.-20",98304,0
at_projections,"1.38.-1.-17",98304,0
at_projections,"1.4.-1.0",1933312,44072
at_projections,"1.4.-13.21",131072,9080
at_projections,"1.4.-17.28",32768,1770
at_projections,"1.4.-21.35",16384,856
at_projections,"1.4.-25.42",32768,0
at_projections,"1.4.-5.7",475136,8992
at_projections,"1.4.-9.14",311296,5824
at_projections,"1.4.23.-42",32768,2688
at_projections,"1.4.3.-7",229376,13608
at_projections,"1.4.7.-14",131072,9540
at_projections,"1.5.-11.17",360448,6808
at_projections,"1.5.-15.24",81920,2944
at_projections,"1.5.-19.31",32768,1582
at_projections,"1.5.-23.38",65536,512
at_projections,"1.5.-3.3",425984,0
at_projections,"1.5.-7.10",475136,9416
at_projections,"1.5.1.-4",1359872,70237
at_projections,"1.5.5.-11",147456,15276
at_projections,"1.5.9.-18",65536,0
at_projections,"1.6.-1.-1",1359872,70237
at_projections,"1.6.-13.20",278528,1500
at_projections,"1.6.-17.27",16384,1728
at_projections,"1.6.-21.34",32768,1890
at_projections,"1.6.-5.6",360448,6720
at_projections,"1.6.-9.13",458752,9584
at_projections,"1.6.11.-22",65536,0
at_projections,"1.6.3.-8",147456,9600
at_projections,"1.6.7.-15",131072,6912
at_projections,"1.7.-11.16",458752,8560
at_projections,"1.7.-15.23",262144,0
at_projections,"1.7.-27.44",32768,0
at_projections,"1.7.-3.2",229376,13608
at_projections,"1.7.-7.9",327680,3328
at_projections,"1.7.1.-5",1114112,56000
at_projections,"1.7.13.-26",65536,0
at_projections,"1.7.21.-40",32768,192
at_projections,"1.7.5.-12",114688,6896
at_projections,"1.7.9.-19",131072,2304
at_projections,"1.8.-1.-2",1114112,56000
at_projections,"1.8.-13.19",491520,13792
at_projections,"1.8.-17.26",131072,0
at_projections,"1.8.-5.5",147456,7765
at_projections,"1.8.-9.12",327680,4000
at_projections,"1.8.11.-23",131072,0
at_projections,"1.8.15.-30",65536,1496
at_projections,"1.8.3.-9",131072,10312
at_projections,"1.8.7.-16",65536,2304
at_projections,"1.9.-11.15",327680,5928
at_projections,"1.9.-15.22",491520,6656
at_projections,"1.9.-3.1",147456,9600
at_projections,"1.9.-7.8",131072,6592
at_projections,"1.9.1.-6",1064960,37360
at_projections,"1.9.13.-27",131072,2300
at_projections,"1.9.17.-34",65536,1920
at_projections,"1.9.5.-13",65536,3680
at_projections,"1.9.9.-20",65536,0
at_projections,"10.-1.16.-25",65536,2560
at_projections,"10.-2.18.-28",131072,0
at_projections,"10.0.18.-29",65536,3072
at_projections,"10.1.16.-26",147456,5274
at_projections,"10.1.20.-33",32768,2944
at_projections,"10.1.24.-40",16384,2112
at_projections,"10.10.-6.8",32768,0
at_projections,"10.10.10.-20",245760,4248
at_projections,"10.10.18.-34",16384,788
at_projections,"10.10.2.-6",65536,2048
at_projections,"10.10.6.-13",262144,0
at_projections,"10.11.-8.11",32768,256
at_projections,"10.11.0.-3",65536,2048
at_projections,"10.11.16.-31",16384,1092
at_projections,"10.11.24.-45",65536,2048
at_projections,"10.11.4.-10",262144,0
at_projections,"10.11.8.-17",425984,6860
at_projections,"10.12.-10.14",98304,1844
at_projections,"10.12.-2.0",65536,2048
at_projections,"10.12.10.-21",212992,2368
at_projections,"10.12.18.-35",32768,1344
at_projections,"10.12.2.-7",262144,0
at_projections,"10.12.26.-49",131072,0
at_projections,"10.12.6.-14",393216,4096
at_projections,"10.13.-4.3",65536,2048
at_projections,"10.13.-8.10",16384,1527
at_projections,"10.13.0.-4",262144,0
at_projections,"10.13.16.-32",32768,1200
at_projections,"10.13.20.-39",32768,2464
at_projections,"10.13.24.-46",81920,4948
at_projections,"10.13.4.-11",393216,4096
at_projections,"10.13.8.-18",442368,4661
at_projections,"10.14.-10.13",16384,1588
at_projections,"10.14.-2.-1",262144,0
at_projections,"10.14.-6.6",65536,2048
at_projections,"10.14.10.-22",65536,2048
at_projections,"10.14.14.-29",32768,2280
at_projections,"10.14.2.-8",393216,4096
at_projections,"10.14.22.-43",147456,4944
at_projections,"10.14.6.-15",327680,5760
at_projections,"10.15.-12.16",65536,5096
at_projections,"10.15.-16.23",65536,2560
at_projections,"10.15.-4.2",262144,0
at_projections,"10.15.0.-5",393216,4096
at_projections,"10.15.12.-26",32768,2496
at_projections,"10.15.16.-33",32768,1664
at_projections,"10.15.20.-40",65536,5488
at_projections,"10.15.24.-47",32768,2432
at_projections,"10.15.4.-12",262144,0
at_projections,"10.15.8.-19",147456,7655
at_projections,"10.16.-14.19",81920,6701
at_projections,"10.16.-18.26",131072,0
at_projections,"10.16.-2.-2",393216,4096
at_projections,"10.16.-6.5",262144,0
at_projections,"10.16.14.-30",16384,1866
at_projections,"10.16.18.-37",131072,2048
at_projections,"10.16.2.-9",262144,0
at_projections,"10.16.22.-44",32768,4016
at_projections,"10.16.6.-16",212992,9813
at_projections,"10.17.-12.15",65536,1536
at_projections,"10.17.-16.22",147456,5274
at_projections,"10.17.-4.1",393216,4096
at_projections,"10.17.-8.8",147456,2124
at_projections,"10.17.0.-6",262144,0
at_projections,"10.17.12.-27",49152,1558
at_projections,"10.17.16.-34",65536,3304
at_projections,"10.17.20.-41",32768,2432
at_projections,"10.17.4.-13",131072,10668
at_projections,"10.18.-10.11",65536,314
at_projections,"10.18.-14.18",163840,5152
at_projections,"10.18.-18.25",65536,3072
at_projections,"10.18.-2.-3",262144,0
at_projections,"10.18.-6.4",393216,4096
at_projections,"10.18.10.-24",65536,4880
at_projections,"10.18.14.-31",131072,0
at_projections,"10.18.2.-10",65536,2048
at_projections,"10.18.22.-45",16384,2150
at_projections,"10.18.6.-17",98304,8832
at_projections,"10.19.-12.14",131072,768
at_projections,"10.19.-16.21",98304,9296
at_projections,"10.19.-4.0",262144,0
at_projections,"10.19.-8.7",425984,6860
at_projections,"10.19.0.-7",65536,2048
at_projections,"10.19.12.-28",65536,384
at_projections,"10.19.16.-35",32768,510
at_projections,"10.19.20.-42",16384,3881
at_projections,"10.19.4.-14",131072,3584
at_projections,"10.19.8.-21",49152,1152
at_projections,"10.2.10.-16",98304,1844
at_projections,"10.2.14.-23",81920,6701
at_projections,"10.2.18.-30",32768,3696
at_projections,"10.2.2.-2",32768,2784
at_projections,"10.2.22.-37",65536,3960
at_projections,"10.2.26.-44",49152,2128
at_projections,"10.2.6.-9",16384,128
at_projections,"10.20.-10.10",245760,4248
at_projections,"10.20.-14.17",65536,2920
at_projections,"10.20.-18.24",32768,3696
at_projections,"10.20.-2.-4",65536,2048
at_projections,"10.20.-6.3",327680,5760
at_projections,"10.20.10.-25",131072,0
at_projections,"10.20.2.-11",65536,3456
at_projections,"10.20.6.-18",32768,1760
at_projections,"10.21.-12.13",65536,1920
at_projections,"10.21.-20.27",32768,2944
at_projections,"10.21.-4.-1",131072,10668
at_projections,"10.21.-8.6",442368,4661
at_projections,"10.21.12.-29",32768,128
at_projections,"10.21.16.-36",16384,2064
at_projections,"10.21.20.-43",32768,2736
at_projections,"10.21.4.-15",114688,6144
at_projections,"10.21.8.-22",98304,3360
at_projections,"10.22.-10.9",212992,2368
at_projections,"10.22.-18.23",16384,3308
at_projections,"10.22.-2.-5",65536,3456
at_projections,"10.22.-6.2",212992,9813
at_projections,"10.22.14.-33",65536,5824
at_projections,"10.22.2.-12",131072,0
at_projections,"10.22.6.-19",163840,2304
at_projections,"10.23.-20.26",16384,2496
at_projections,"10.23.-4.-2",131072,3584
at_projections,"10.23.-8.5",147456,7655
at_projections,"10.23.0.-9",163840,4284
at_projections,"10.23.12.-30",16384,1744
at_projections,"10.23.20.-44",16384,576
at_projections,"10.23.4.-16",131072,8872
at_projections,"10.23.8.-23",32768,128
at_projections,"10.24.-10.8",65536,2048
at_projections,"10.24.-2.-6",131072,0
at_projections,"10.24.-22.29",65536,3960
at_projections,"10.24.-6.1",98304,8832
at_projections,"10.24.10.-27",16384,1588
at_projections,"10.24.14.-34",16384,2691
at_projections,"10.24.18.-41",49152,1344
at_projections,"10.24.2.-13",294912,8960
at_projections,"10.25.-24.32",16384,2112
at_projections,"10.25.-4.-3",114688,6144
at_projections,"10.25.0.-10",458752,7504
at_projections,"10.25.12.-31",49152,7734
at_projections,"10.25.16.-38",32768,4256
at_projections,"10.25.4.-17",147456,14740
at_projections,"10.25.8.-24",32768,7096
at_projections,"10.26.-2.-7",294912,8960
at_projections,"10.26.-6.0",32768,1760
at_projections,"10.26.10.-28",98304,6724
at_projections,"10.26.14.-35",32768,3264
at_projections,"10.26.18.-42",49152,1824
at_projections,"10.26.2.-14",180224,5739
at_projections,"10.26.6.-21",98304,12104
at_projections,"10.27.-12.10",32768,2496
at_projections,"10.27.-16.17",16384,1092
at_projections,"10.27.-24.31",32768,3228
at_projections,"10.27.-4.-4",131072,8872
at_projections,"10.27.-8.3",49152,1152
at_projections,"10.27.0.-11",294912,16704
at_projections,"10.27.12.-32",32768,3840
at_projections,"10.27.16.-39",16384,672
at_projections,"10.27.4.-18",163840,6496
at_projections,"10.27.8.-25",114688,6999
at_projections,"10.28.-10.6",65536,4880
at_projections,"10.28.-14.13",32768,2280
at_projections,"10.28.-18.20",16384,788
at_projections,"10.28.-2.-8",180224,5739
at_projections,"10.28.-22.27",32768,1416
at_projections,"10.28.-26.34",49152,2128
at_projections,"10.28.-6.-1",163840,2304
at_projections,"10.28.10.-29",65536,128
at_projections,"10.28.18.-43",16384,1887
at_projections,"10.28.2.-15",131072,12034
at_projections,"10.28.6.-22",180224,7305
at_projections,"10.29.-12.9",49152,1558
at_projections,"10.29.-16.16",32768,1200
at_projections,"10.29.-20.23",65536,1344
at_projections,"10.29.-24.30",32768,2016
at_projections,"10.29.-4.-5",147456,14740
at_projections,"10.29.-8.2",98304,3360
at_projections,"10.29.12.-33",65536,1024
at_projections,"10.29.16.-40",16384,2602
at_projections,"10.29.4.-19",65536,5660
at_projections,"10.29.8.-26",147456,1296
at_projections,"10.3.0.1",65536,3448
at_projections,"10.3.12.-20",65536,5096
at_projections,"10.3.16.-27",98304,9296
at_projections,"10.3.20.-34",16384,2496
at_projections,"10.3.24.-41",32768,3228
at_projections,"10.3.4.-6",16384,128
at_projections,"10.3.8.-13",32768,256
at_projections,"10.30.-10.5",131072,0
at_projections,"10.30.-14.12",16384,1866
at_projections,"10.30.-18.19",32768,1344
at_projections,"10.30.-2.-9",131072,12034
at_projections,"10.30.-22.26",16384,1010
at_projections,"10.30.-26.33",49152,3671
at_projections,"10.30.10.-30",131072,0
at_projections,"10.30.14.-37",65536,3082
at_projections,"10.30.2.-16",16384,1608
at_projections,"10.30.6.-23",81920,5652
at_projections,"10.31.-12.8",65536,384
at_projections,"10.31.-16.15",32768,1664
at_projections,"10.31.-24.29",16384,1710
at_projections,"10.31.-4.-6",163840,6496
at_projections,"10.31.-8.1",32768,128
at_projections,"10.31.0.-13",32768,3144
at_projections,"10.31.12.-34",131072,768
at_projections,"10.31.16.-41",98304,7188
at_projections,"10.31.4.-20",65536,2240
at_projections,"10.31.8.-27",65536,1024
at_projections,"10.32.-14.11",131072,0
at_projections,"10.32.-2.-10",16384,1608
at_projections,"10.32.-26.32",32768,4378
at_projections,"10.32.-6.-3",98304,12104
at_projections,"10.32.10.-31",65536,1274
at_projections,"10.32.14.-38",131072,1024
at_projections,"10.32.18.-45",65536,1658
at_projections,"10.32.2.-17",16384,576
at_projections,"10.33.-12.7",32768,128
at_projections,"10.33.-16.14",65536,3304
at_projections,"10.33.-20.21",32768,2464
at_projections,"10.33.-24.28",16384,1328
at_projections,"10.33.-4.-7",65536,5660
at_projections,"10.33.-8.0",32768,7096
at_projections,"10.33.0.-14",98304,2688
at_projections,"10.33.12.-35",65536,2372
at_projections,"10.33.16.-42",147456,5240
at_projections,"10.34.-10.3",16384,1588
at_projections,"10.34.-18.17",131072,2048
at_projections,"10.34.-2.-11",16384,576
at_projections,"10.34.-26.31",16384,1872
at_projections,"10.34.-6.-4",180224,7305
at_projections,"10.34.14.-39",81920,5164
at_projections,"10.34.18.-46",131072,0
at_projections,"10.34.2.-18",49152,1632
at_projections,"10.35.-12.6",16384,1744
at_projections,"10.35.-16.13",32768,510
at_projections,"10.35.-20.20",65536,5488
at_projections,"10.35.-24.27",65536,2048
at_projections,"10.35.-4.-8",65536,2240
at_projections,"10.35.-8.-1",114688,6999
at_projections,"10.35.0.-15",32768,1472
at_projections,"10.35.16.-43",65536,4608
at_projections,"10.36.-10.2",98304,6724
at_projections,"10.36.-14.9",65536,5824
at_projections,"10.36.-2.-12",49152,1632
at_projections,"10.36.-22.23",147456,4944
at_projections,"10.36.-6.-5",81920,5652
at_projections,"10.36.14.-40",32768,512
at_projections,"10.36.2.-19",32768,4298
at_projections,"10.37.-12.5",49152,7734
at_projections,"10.37.-16.12",16384,2064
at_projections,"10.37.-20.19",32768,2432
at_projections,"10.37.-24.26",81920,4948
at_projections,"10.37.-8.-2",147456,1296
at_projections,"10.37.4.-23",16384,2451
at_projections,"10.38.-10.1",65536,128
at_projections,"10.38.-14.8",16384,2691
at_projections,"10.38.-2.-13",32768,4298
at_projections,"10.38.-22.22",32768,4016
at_projections,"10.38.-26.29",131072,0
at_projections,"10.38.10.-34",65536,0
at_projections,"10.38.14.-41",16384,824
at_projections,"10.38.2.-20",16384,2992
at_projections,"10.39.-12.4",32768,3840
at_projections,"10.39.-20.18",16384,3881
at_projections,"10.39.-24.25",32768,2432
at_projections,"10.39.-8.-3",65536,1024
at_projections,"10.39.12.-38",16384,584
at_projections,"10.39.4.-24",32768,2000
at_projections,"10.4.-2.4",32768,2784
at_projections,"10.4.10.-17",16384,1588
at_projections,"10.4.14.-24",163840,5152
at_projections,"10.4.18.-31",16384,3308
at_projections,"10.4.2.-3",81920,3964
at_projections,"10.4.26.-45",49152,3671
at_projections,"10.4.6.-10",32768,0
at_projections,"10.40.-10.0",131072,0
at_projections,"10.40.-14.7",32768,3264
at_projections,"10.40.-2.-14",16384,2992
at_projections,"10.40.-22.21",16384,2150
at_projections,"10.40.6.-28",16384,256
at_projections,"10.41.-12.3",65536,1024
at_projections,"10.41.-16.10",32768,4256
at_projections,"10.41.-20.17",32768,2736
at_projections,"10.41.-4.-11",16384,2451
at_projections,"10.41.12.-39",32768,2220
at_projections,"10.41.4.-25",16384,896
at_projections,"10.42.-10.-1",65536,1274
at_projections,"10.42.-18.13",49152,1344
at_projections,"10.42.6.-29",32768,768
at_projections,"10.43.-12.2",131072,768
at_projections,"10.43.-16.9",16384,672
at_projections,"10.43.-20.16",16384,576
at_projections,"10.43.-4.-12",32768,2000
at_projections,"10.43.12.-40",16384,2208
at_projections,"10.43.8.-33",16384,1526
at_projections,"10.44.-14.5",65536,3082
at_projections,"10.44.-18.12",49152,1824
at_projections,"10.44.10.-37",16384,1280
at_projections,"10.44.6.-30",16384,1058
at_projections,"10.45.-12.1",65536,2372
at_projections,"10.45.-16.8",16384,2602
at_projections,"10.45.-4.-13",16384,896
at_projections,"10.45.8.-34",32768,2016
at_projections,"10.46.-14.4",131072,1024
at_projections,"10.46.-18.11",16384,1887
at_projections,"10.46.-6.-10",16384,256
at_projections,"10.46.10.-38",49152,2200
at_projections,"10.47.-16.7",98304,7188
at_projections,"10.47.8.-35",16384,1736
at_projections,"10.48.-10.-4",65536,0
at_projections,"10.48.-14.3",81920,5164
at_projections,"10.48.-6.-11",32768,768
at_projections,"10.49.-16.6",147456,5240
at_projections,"10.5.0.0",32768,7008
at_projections,"10.5.12.-21",65536,1536
at_projections,"10.5.24.-42",32768,2016
at_projections,"10.5.4.-7",32768,0
at_projections,"10.5.8.-14",16384,1527
at_projections,"10.50.-14.2",32768,512
at_projections,"10.50.-18.9",65536,1658
at_projections,"10.50.-6.-12",16384,1058
at_projections,"10.51.-12.-2",16384,584
at_projections,"10.51.-16.5",65536,4608
at_projections,"10.51.-8.-9",16384,1526
at_projections,"10.52.-14.1",16384,824
at_projections,"10.52.-18.8",131072,0
at_projections,"10.53.-12.-3",32768,2220
at_projections,"10.53.-8.-10",32768,2016
at_projections,"10.54.-10.-7",16384,1280
at_projections,"10.55.-12.-4",16384,2208
at_projections,"10.55.-8.-11",16384,1736
at_projections,"10.56.-10.-8",49152,2200
at_projections,"10.6.-2.3",81920,3964
at_projections,"10.6.14.-25",65536,2920
at_projections,"10.6.22.-39",32768,1416
at_projections,"10.6.26.-46",32768,4378
at_projections,"10.7.-4.6",16384,128
at_projections,"10.7.12.-22",131072,768
at_projections,"10.7.24.-43",16384,1710
at_projections,"10.8.-6.9",16384,128
at_projections,"10.8.10.-19",65536,314
at_projections,"10.8.22.-40",16384,1010
at_projections,"10.8.26.-47",16384,1872
at_projections,"10.8.6.-12",65536,2048
at_projections,"10.9.-4.5",32768,0
at_projections,"10.9.12.-23",65536,1920
at_projections,"10.9.20.-37",65536,1344
at_projections,"10.9.24.-44",16384,1328
at_projections,"10.9.4.-9",65536,2048
at_projections,"10.9.8.-16",147456,2124
at_projections,"11.0.17.-27",65536,0
at_projections,"11.1.19.-31",65536,2304
at_projections,"11.10.-3.3",32768,256
at_projections,"11.10.13.-25",65536,1280
at_projections,"11.10.21.-39",16384,950
at_projections,"11.10.5.-11",65536,2048
at_projections,"11.11.-5.6",32768,256
at_projections,"11.11.11.-22",131072,1280
at_projections,"11.11.19.-36",16384,464
at_projections,"11.11.3.-8",65536,2048
at_projections,"11.11.7.-15",147456,2134
at_projections,"11.12.-7.9",32768,368
at_projections,"11.12.1.-5",65536,2048
at_projections,"11.12.21.-40",32768,1760
at_projections,"11.12.5.-12",262144,0
at_projections,"11.12.9.-19",163840,5108
at_projections,"11.13.-1.-2",65536,2048
at_projections,"11.13.-5.5",16384,768
at_projections,"11.13.11.-23",65536,1152
at_projections,"11.13.19.-37",32768,1870
at_projections,"11.13.3.-9",262144,0
at_projections,"11.13.7.-16",360448,6792
at_projections,"11.14.-11.15",32768,0
at_projections,"11.14.-3.1",65536,2048
at_projections,"11.14.-7.8",16384,464
at_projections,"11.14.1.-6",262144,0
at_projections,"11.14.17.-34",32768,1884
at_projections,"11.14.25.-48",65536,0
at_projections,"11.14.5.-13",393216,4096
at_projections,"11.14.9.-20",344064,8302
at_projections,"11.15.-1.-3",262144,0
at_projections,"11.15.-5.4",65536,2048
at_projections,"11.15.-9.11",65536,4188
at_projections,"11.15.15.-31",32768,1468
at_projections,"11.15.23.-45",65536,3000
at_projections,"11.15.3.-10",393216,4096
at_projections,"11.15.7.-17",344064,2982
at_projections,"11.16.-11.14",49152,3898
at_projections,"11.16.-3.0",262144,0
at_projections,"11.16.1.-7",393216,4096
at_projections,"11.16.17.-35",16384,832
at_projections,"11.16.21.-42",65536,4304
at_projections,"11.16.25.-49",65536,4864
at_projections,"11.16.5.-14",262144,0
at_projections,"11.16.9.-21",163840,6416
at_projections,"11.17.-1.-4",393216,4096
at_projections,"11.17.-13.17",16384,1614
at_projections,"11.17.-17.24",65536,0
at_projections,"11.17.-5.3",262144,0
at_projections,"11.17.15.-32",16384,2208
at_projections,"11.17.19.-39",65536,3008
at_projections,"11.17.23.-46",65536,2560
at_projections,"11.17.3.-11",262144,0
at_projections,"11.17.7.-18",196608,11540
at_projections,"11.18.-11.13",32768,4372
at_projections,"11.18.-15.20",65536,2304
at_projections,"11.18.-3.-1",393216,4096
at_projections,"11.18.-7.6",147456,2134
at_projections,"11.18.1.-8",262144,0
at_projections,"11.18.13.-29",65536,3000
at_projections,"11.18.17.-36",65536,3072
at_projections,"11.18.21.-43",65536,5048
at_projections,"11.18.5.-15",131072,6932
at_projections,"11.19.-1.-5",262144,0
at_projections,"11.19.-13.16",98304,6120
at_projections,"11.19.-17.23",131072,6144
at_projections,"11.19.-5.2",393216,4096
at_projections,"11.19.11.-26",16384,2240
at_projections,"11.19.15.-33",65536,1024
at_projections,"11.19.19.-40",65536,1024
at_projections,"11.19.3.-12",65536,2048
at_projections,"11.19.7.-19",65536,3072
at_projections,"11.2.17.-28",131072,6144
at_projections,"11.20.-11.12",65536,0
at_projections,"11.20.-15.19",163840,8780
at_projections,"11.20.-19.26",65536,2304
at_projections,"11.20.-3.-2",262144,0
at_projections,"11.20.-7.5",360448,6792
at_projections,"11.20.1.-9",65536,2048
at_projections,"11.20.13.-30",65536,256
at_projections,"11.20.17.-37",65536,768
at_projections,"11.20.5.-16",131072,12680
at_projections,"11.20.9.-23",16384,1920
at_projections,"11.21.-1.-6",65536,2048
at_projections,"11.21.-13.15",131072,512
at_projections,"11.21.-17.22",98304,6388
at_projections,"11.21.-5.1",262144,0
at_projections,"11.21.-9.8",163840,5108
at_projections,"11.21.11.-27",98304,3716
at_projections,"11.21.15.-34",65536,512
at_projections,"11.21.3.-13",65536,4488
at_projections,"11.22.-11.11",131072,1280
at_projections,"11.22.-15.18",81920,2304
at_projections,"11.22.-3.-3",65536,2048
at_projections,"11.22.-7.4",344064,2982
at_projections,"11.22.13.-31",65536,0
at_projections,"11.22.5.-17",65536,1024
at_projections,"11.22.9.-24",98304,2592
at_projections,"11.23.-13.14",65536,1280
at_projections,"11.23.-17.21",16384,2064
at_projections,"11.23.-5.0",131072,6932
at_projections,"11.23.-9.7",344064,8302
at_projections,"11.23.11.-28",65536,0
at_projections,"11.23.3.-14",131072,3072
at_projections,"11.23.7.-21",98304,4160
at_projections,"11.24.-11.10",65536,1152
at_projections,"11.24.-19.24",65536,5312
at_projections,"11.24.-3.-4",65536,4488
at_projections,"11.24.-7.3",196608,11540
at_projections,"11.24.1.-11",65536,0
at_projections,"11.24.13.-32",16384,2592
at_projections,"11.24.5.-18",98304,2560
at_projections,"11.24.9.-25",65536,0
at_projections,"11.25.-1.-8",65536,0
at_projections,"11.25.-21.27",16384,1500
at_projections,"11.25.-5.-1",131072,12680
at_projections,"11.25.-9.6",163840,6416
at_projections,"11.25.15.-36",32768,3072
at_projections,"11.25.3.-15",131072,5744
at_projections,"11.25.7.-22",81920,816
at_projections,"11.26.-3.-5",131072,3072
at_projections,"11.26.-7.2",65536,3072
at_projections,"11.26.1.-12",294912,6184
at_projections,"11.26.13.-33",32768,3264
at_projections,"11.26.5.-19",81920,6192
at_projections,"11.27.-1.-9",294912,6184
at_projections,"11.27.-21.26",32768,4360
at_projections,"11.27.-5.-2",65536,1024
at_projections,"11.27.11.-30",49152,6612
at_projections,"11.27.15.-37",32768,3488
at_projections,"11.27.3.-16",196608,4096
at_projections,"11.28.-23.29",32768,2868
at_projections,"11.28.-3.-6",131072,5744
at_projections,"11.28.1.-13",327680,13990
at_projections,"11.28.13.-34",32768,4688
at_projections,"11.28.17.-41",65536,2304
at_projections,"11.28.5.-20",98304,9840
at_projections,"11.28.9.-27",49152,4960
at_projections,"11.29.-1.-10",327680,13990
at_projections,"11.29.-5.-3",98304,2560
at_projections,"11.29.-9.4",16384,1920
at_projections,"11.29.11.-31",49152,6078
at_projections,"11.29.15.-38",16384,2916
at_projections,"11.29.3.-17",163840,12348
at_projections,"11.29.7.-24",131072,11808
at_projections,"11.3.11.-18",32768,0
at_projections,"11.3.15.-25",65536,2304
at_projections,"11.30.-11.7",16384,2240
at_projections,"11.30.-15.14",32768,1468
at_projections,"11.30.-19.21",16384,464
at_projections,"11.30.-3.-7",196608,4096
at_projections,"11.30.-7.0",98304,4160
at_projections,"11.30.1.-14",131072,7534
at_projections,"11.30.13.-35",16384,1920
at_projections,"11.30.5.-21",147456,12160
at_projections,"11.30.9.-28",114688,4800
at_projections,"11.31.-1.-11",131072,7534
at_projections,"11.31.-13.10",65536,3000
at_projections,"11.31.-17.17",32768,1884
at_projections,"11.31.-21.24",16384,950
at_projections,"11.31.-25.31",49152,4232
at_projections,"11.31.-5.-4",81920,6192
at_projections,"11.31.-9.3",98304,2592
at_projections,"11.31.11.-32",65536,0
at_projections,"11.31.3.-18",81920,2944
at_projections,"11.31.7.-25",196608,7616
at_projections,"11.32.-11.6",98304,3716
at_projections,"11.32.-15.13",16384,2208
at_projections,"11.32.-19.20",32768,1870
at_projections,"11.32.-23.27",65536,3488
at_projections,"11.32.-3.-8",163840,12348
at_projections,"11.32.-7.-1",81920,816
at_projections,"11.32.13.-36",65536,0
at_projections,"11.32.5.-22",81920,3648
at_projections,"11.32.9.-29",131072,1536
at_projections,"11.33.-13.9",65536,256
at_projections,"11.33.-17.16",16384,832
at_projections,"11.33.-21.23",32768,1760
at_projections,"11.33.-5.-5",98304,9840
at_projections,"11.33.-9.2",65536,0
at_projections,"11.33.11.-33",131072,1152
at_projections,"11.33.15.-40",65536,1768
at_projections,"11.33.3.-19",16384,1560
at_projections,"11.33.7.-26",65536,1536
at_projections,"11.34.-11.5",65536,0
at_projections,"11.34.-15.12",65536,1024
at_projections,"11.34.-3.-9",81920,2944
at_projections,"11.34.13.-37",131072,3464
at_projections,"11.34.17.-44",65536,2304
at_projections,"11.34.5.-23",32768,2328
at_projections,"11.34.9.-30",65536,1152
at_projections,"11.35.-13.8",65536,0
at_projections,"11.35.-17.15",65536,3072
at_projections,"11.35.-5.-6",147456,12160
at_projections,"11.35.11.-34",65536,1280
at_projections,"11.35.15.-41",131072,4096
at_projections,"11.35.19.-48",65536,0
at_projections,"11.35.3.-20",32768,1216
at_projections,"11.36.-15.11",65536,512
at_projections,"11.36.-19.18",65536,3008
at_projections,"11.36.-3.-10",16384,1560
at_projections,"11.36.-7.-3",131072,11808
at_projections,"11.36.1.-17",32768,1544
at_projections,"11.36.13.-38",65536,0
at_projections,"11.36.17.-45",131072,4608
at_projections,"11.37.-1.-14",32768,1544
at_projections,"11.37.-13.7",16384,2592
at_projections,"11.37.-17.14",65536,768
at_projections,"11.37.-21.21",65536,4304
at_projections,"11.37.-5.-7",81920,3648
at_projections,"11.37.-9.0",49152,4960
at_projections,"11.37.15.-42",65536,3072
at_projections,"11.38.-11.3",49152,6612
at_projections,"11.38.-19.17",65536,1024
at_projections,"11.38.-23.24",65536,3000
at_projections,"11.38.-3.-11",32768,1216
at_projections,"11.38.-7.-4",196608,7616
at_projections,"11.38.17.-46",65536,2304
at_projections,"11.39.-13.6",32768,3264
at_projections,"11.39.-21.20",65536,5048
at_projections,"11.39.-25.27",65536,0
at_projections,"11.39.-5.-8",32768,2328
at_projections,"11.39.-9.-1",114688,4800
at_projections,"11.39.11.-36",32768,0
at_projections,"11.4.13.-22",16384,1614
at_projections,"11.4.17.-29",98304,6388
at_projections,"11.4.21.-36",16384,1500
at_projections,"11.40.-11.2",49152,6078
at_projections,"11.40.-15.9",32768,3072
at_projections,"11.40.-23.23",65536,2560
at_projections,"11.40.-7.-5",65536,1536
at_projections,"11.41.-13.5",32768,4688
at_projections,"11.41.-25.26",65536,4864
at_projections,"11.41.-9.-2",131072,1536
at_projections,"11.41.11.-37",32768,1536
at_projections,"11.42.-11.1",65536,0
at_projections,"11.42.-15.8",32768,3488
at_projections,"11.43.-13.4",16384,1920
at_projections,"11.43.-9.-3",65536,1152
at_projections,"11.44.-11.0",131072,1152
at_projections,"11.44.-15.7",16384,2916
at_projections,"11.45.-13.3",65536,0
at_projections,"11.45.-17.10",65536,2304
at_projections,"11.46.-11.-1",65536,1280
at_projections,"11.47.-13.2",131072,3464
at_projections,"11.48.-15.5",65536,1768
at_projections,"11.49.-13.1",65536,0
at_projections,"11.5.11.-19",49152,3898
at_projections,"11.5.15.-26",163840,8780
at_projections,"11.5.19.-33",65536,5312
at_projections,"11.5.23.-40",32768,2868
at_projections,"11.5.3.-5",32768,2320
at_projections,"11.5.7.-12",32768,368
at_projections,"11.50.-11.-3",32768,0
at_projections,"11.50.-15.4",131072,4096
at_projections,"11.51.-17.7",65536,2304
at_projections,"11.52.-11.-4",32768,1536
at_projections,"11.52.-15.3",65536,3072
at_projections,"11.53.-17.6",131072,4608
at_projections,"11.54.-19.9",65536,0
at_projections,"11.55.-17.5",65536,2304
at_projections,"11.6.1.-2",81920,4048
at_projections,"11.6.13.-23",98304,6120
at_projections,"11.6.17.-30",16384,2064
at_projections,"11.6.21.-37",32768,4360
at_projections,"11.6.25.-44",49152,4232
at_projections,"11.6.5.-9",32768,256
at_projections,"11.6.9.-16",65536,4188
at_projections,"11.7.-1.1",81920,4048
at_projections,"11.7.11.-20",32768,4372
at_projections,"11.7.15.-27",81920,2304
at_projections,"11.7.3.-6",32768,256
at_projections,"11.7.7.-13",16384,464
at_projections,"11.8.-3.4",32768,2320
at_projections,"11.8.1.-3",32768,4960
at_projections,"11.8.13.-24",131072,512
at_projections,"11.8.5.-10",16384,768
at_projections,"11.9.-1.0",32768,4960
at_projections,"11.9.11.-21",65536,0
at_projections,"11.9.23.-42",65536,3488
at_projections,"12.10.0.-2",65536,3264
at_projections,"12.10.12.-23",81920,3264
at_projections,"12.10.24.-44",16384,2586
at_projections,"12.10.4.-9",16384,2175
at_projections,"12.10.8.-16",32768,3392
at_projections,"12.11.-2.1",65536,6368
at_projections,"12.11.14.-27",65536,508
at_projections,"12.11.2.-6",16384,2175
at_projections,"12.11.22.-41",16384,1382
at_projections,"12.12.-4.4",32768,512
at_projections,"12.12.12.-24",131072,0
at_projections,"12.12.4.-10",65536,2048
at_projections,"12.13.-2.0",16384,2175
at_projections,"12.13.10.-21",65536,0
at_projections,"12.13.2.-7",65536,2048
at_projections,"12.13.22.-42",32768,2208
at_projections,"12.13.6.-14",147456,1184
at_projections,"12.14.-4.3",16384,2175
at_projections,"12.14.0.-4",65536,2048
at_projections,"12.14.12.-25",65536,1536
at_projections,"12.14.20.-39",32768,480
at_projections,"12.14.4.-11",262144,0
at_projections,"12.14.8.-18",98304,5816
at_projections,"12.15.-2.-1",65536,2048
at_projections,"12.15.-6.6",65536,2112
at_projections,"12.15.10.-22",147456,2976
at_projections,"12.15.18.-36",32768,702
at_projections,"12.15.2.-8",262144,0
at_projections,"12.15.6.-15",360448,5664
at_projections,"12.16.-4.2",65536,2048
at_projections,"12.16.-8.9",16384,1761
at_projections,"12.16.0.-5",262144,0
at_projections,"12.16.20.-40",16384,1152
at_projections,"12.16.4.-12",393216,4096
at_projections,"12.16.8.-19",278528,9926
at_projections,"12.17.-10.12",16384,1744
at_projections,"12.17.-2.-2",262144,0
at_projections,"12.17.10.-23",98304,5616
at_projections,"12.17.18.-37",16384,896
at_projections,"12.17.2.-9",393216,4096
at_projections,"12.17.22.-44",32768,2360
at_projections,"12.17.6.-16",278528,2592
at_projections,"12.18.-12.15",65536,2304
at_projections,"12.18.-4.1",262144,0
at_projections,"12.18.-8.8",32768,3392
at_projections,"12.18.0.-6",393216,4096
at_projections,"12.18.16.-34",65536,2976
at_projections,"12.18.24.-48",131072,3072
at_projections,"12.18.4.-13",262144,0
at_projections,"12.18.8.-20",262144,11706
at_projections,"12.19.-10.11",32768,5694
at_projections,"12.19.-2.-3",393216,4096
at_projections,"12.19.-6.4",147456,1184
at_projections,"12.19.10.-24",16384,584
at_projections,"12.19.14.-31",16384,1754
at_projections,"12.19.18.-38",32768,2464
at_projections,"12.19.2.-10",262144,0
at_projections,"12.19.22.-45",65536,6036
at_projections,"12.19.6.-17",131072,8994
at_projections,"12.20.-12.14",32768,2868
at_projections,"12.20.-16.21",65536,3962
at_projections,"12.20.-4.0",393216,4096
at_projections,"12.20.0.-7",262144,0
at_projections,"12.20.12.-28",16384,1912
at_projections,"12.20.20.-42",131072,3040
at_projections,"12.20.4.-14",65536,2048
at_projections,"12.20.8.-21",81920,7530
at_projections,"12.21.-14.17",98304,4788
at_projections,"12.21.-18.24",131072,1536
at_projections,"12.21.-2.-4",262144,0
at_projections,"12.21.-6.3",360448,5664
at_projections,"12.21.14.-32",65536,2964
at_projections,"12.21.18.-39",65536,3328
at_projections,"12.21.2.-11",65536,2048
at_projections,"12.21.22.-46",32768,2810
at_projections,"12.21.6.-18",131072,4608
at_projections,"12.22.-12.13",81920,3264
at_projections,"12.22.-16.20",131072,2560
at_projections,"12.22.-4.-1",262144,0
at_projections,"12.22.-8.6",98304,5816
at_projections,"12.22.0.-8",65536,2048
at_projections,"12.22.12.-29",32768,4180
at_projections,"12.22.16.-36",131072,512
at_projections,"12.22.4.-15",65536,7620
at_projections,"12.23.-10.9",65536,0
at_projections,"12.23.-14.16",147456,720
at_projections,"12.23.-18.23",65536,6608
at_projections,"12.23.-2.-5",65536,2048
at_projections,"12.23.-6.2",278528,2592
at_projections,"12.23.10.-26",65536,3840
at_projections,"12.23.14.-33",65536,1536
at_projections,"12.23.18.-40",32768,384
at_projections,"12.23.6.-19",65536,5264
at_projections,"12.24.-12.12",131072,0
at_projections,"12.24.-16.19",131072,6208
at_projections,"12.24.-4.-2",65536,2048
at_projections,"12.24.-8.5",278528,9926
at_projections,"12.24.12.-30",131072,0
at_projections,"12.24.4.-16",131072,2816
at_projections,"12.24.8.-23",32768,3136
at_projections,"12.25.-10.8",147456,2976
at_projections,"12.25.-14.15",65536,508
at_projections,"12.25.-18.22",16384,1440
at_projections,"12.25.-6.1",131072,8994
at_projections,"12.25.10.-27",81920,2168
at_projections,"12.25.14.-34",32768,640
at_projections,"12.25.2.-13",65536,2688
at_projections,"12.25.6.-20",32768,384
at_projections,"12.26.-12.11",65536,1536
at_projections,"12.26.-4.-3",65536,7620
at_projections,"12.26.-8.4",262144,11706
at_projections,"12.26.4.-17",65536,1768
at_projections,"12.26.8.-24",147456,2336
at_projections,"12.27.-10.7",98304,5616
at_projections,"12.27.-18.21",32768,3424
at_projections,"12.27.-2.-7",65536,2688
at_projections,"12.27.-6.0",131072,4608
at_projections,"12.27.10.-28",32768,384
at_projections,"12.27.14.-35",32768,2048
at_projections,"12.27.2.-14",163840,4284
at_projections,"12.27.6.-21",131072,9088
at_projections,"12.28.-20.24",32768,3528
at_projections,"12.28.-4.-4",131072,2816
at_projections,"12.28.-8.3",81920,7530
at_projections,"12.28.0.-11",131072,0
at_projections,"12.28.12.-32",32768,2868
at_projections,"12.28.4.-18",147456,3680
at_projections,"12.29.-10.6",16384,584
at_projections,"12.29.-2.-8",163840,4284
at_projections,"12.29.-6.-1",65536,5264
at_projections,"12.29.14.-36",16384,1552
at_projections,"12.29.18.-43",16384,1548
at_projections,"12.29.2.-15",212992,9832
at_projections,"12.29.6.-22",32768,2286
at_projections,"12.3.18.-30",131072,1536
at_projections,"12.30.-4.-5",65536,1768
at_projections,"12.30.0.-12",524288,9584
at_projections,"12.30.12.-33",49152,6676
at_projections,"12.30.16.-40",16384,1600
at_projections,"12.30.4.-19",98304,6816
at_projections,"12.30.8.-26",16384,2334
at_projections,"12.31.-2.-9",212992,9832
at_projections,"12.31.-22.26",16384,2028
at_projections,"12.31.-6.-2",32768,384
at_projections,"12.31.10.-30",98304,7592
at_projections,"12.31.14.-37",65536,6064
at_projections,"12.31.2.-16",229376,9674
at_projections,"12.31.6.-23",81920,10660
at_projections,"12.32.-12.8",16384,1912
at_projections,"12.32.-4.-6",147456,3680
at_projections,"12.32.-8.1",32768,3136
at_projections,"12.32.0.-13",196608,16240
at_projections,"12.32.12.-34",16384,1912
at_projections,"12.32.16.-41",32768,3722
at_projections,"12.32.4.-20",196608,5376
at_projections,"12.32.8.-27",114688,8544
at_projections,"12.33.-10.4",65536,3840
at_projections,"12.33.-14.11",16384,1754
at_projections,"12.33.-18.18",32768,702
at_projections,"12.33.-2.-10",229376,9674
at_projections,"12.33.-22.25",16384,1382
at_projections,"12.33.-6.-3",131072,9088
at_projections,"12.33.10.-31",81920,1814
at_projections,"12.33.2.-17",81920,4816
at_projections,"12.33.6.-24",180224,8144
at_projections,"12.34.-12.7",32768,4180
at_projections,"12.34.-16.14",65536,2976
at_projections,"12.34.-20.21",32768,480
at_projections,"12.34.-24.28",16384,2586
at_projections,"12.34.-4.-7",98304,6816
at_projections,"12.34.-8.0",147456,2336
at_projections,"12.34.0.-14",32768,4418
at_projections,"12.34.12.-35",65536,704
at_projections,"12.34.4.-21",65536,4444
at_projections,"12.34.8.-28",163840,2720
at_projections,"12.35.-10.3",81920,2168
at_projections,"12.35.-14.10",65536,2964
at_projections,"12.35.-18.17",16384,896
at_projections,"12.35.-2.-11",81920,4816
at_projections,"12.35.-22.24",32768,2208
at_projections,"12.35.-6.-4",32768,2286
at_projections,"12.35.10.-32",131072,768
at_projections,"12.35.14.-39",65536,1664
at_projections,"12.35.6.-25",98304,4988
at_projections,"12.36.-12.6",131072,0
at_projections,"12.36.-20.20",16384,1152
at_projections,"12.36.-4.-8",196608,5376
at_projections,"12.36.12.-36",131072,0
at_projections,"12.36.16.-43",65536,3712
at_projections,"12.36.4.-22",32768,3228
at_projections,"12.36.8.-29",65536,3658
at_projections,"12.37.-10.2",32768,384
at_projections,"12.37.-14.9",65536,1536
at_projections,"12.37.-18.16",32768,2464
at_projections,"12.37.-6.-5",81920,10660
at_projections,"12.37.10.-33",65536,3200
at_projections,"12.37.14.-40",131072,0
at_projections,"12.37.18.-47",65536,2432
at_projections,"12.37.2.-19",32768,2688
at_projections,"12.38.-16.12",131072,512
at_projections,"12.38.-4.-9",65536,4444
at_projections,"12.38.-8.-2",16384,2334
at_projections,"12.38.12.-37",65536,1600
at_projections,"12.38.16.-44",131072,2560
at_projections,"12.38.4.-23",16384,1791
at_projections,"12.39.-14.8",32768,640
at_projections,"12.39.-18.15",65536,3328
at_projections,"12.39.-2.-13",32768,2688
at_projections,"12.39.-22.22",32768,2360
at_projections,"12.39.-6.-6",180224,8144
at_projections,"12.39.14.-41",65536,1792
at_projections,"12.39.18.-48",131072,1536
at_projections,"12.39.2.-20",16384,2314
at_projections,"12.4.16.-27",65536,3962
at_projections,"12.40.-12.4",32768,2868
at_projections,"12.40.-20.18",131072,3040
at_projections,"12.40.-4.-10",32768,3228
at_projections,"12.40.-8.-3",114688,8544
at_projections,"12.40.16.-45",65536,3328
at_projections,"12.41.-10.0",98304,7592
at_projections,"12.41.-14.7",32768,2048
at_projections,"12.41.-18.14",32768,384
at_projections,"12.41.-2.-14",16384,2314
at_projections,"12.41.-22.21",65536,6036
at_projections,"12.41.-6.-7",98304,4988
at_projections,"12.42.-12.3",49152,6676
at_projections,"12.42.-24.24",131072,3072
at_projections,"12.42.-4.-11",16384,1791
at_projections,"12.42.-8.-4",163840,2720
at_projections,"12.42.12.-39",65536,2304
at_projections,"12.43.-10.-1",81920,1814
at_projections,"12.43.-14.6",16384,1552
at_projections,"12.43.-22.20",32768,2810
at_projections,"12.44.-12.2",16384,1912
at_projections,"12.44.-8.-5",65536,3658
at_projections,"12.45.-10.-2",131072,768
at_projections,"12.45.-14.5",65536,6064
at_projections,"12.46.-12.1",65536,704
at_projections,"12.46.-16.8",16384,1600
at_projections,"12.47.-10.-3",65536,3200
at_projections,"12.47.-18.11",16384,1548
at_projections,"12.48.-12.0",131072,0
at_projections,"12.48.-16.7",32768,3722
at_projections,"12.49.-14.3",65536,1664
at_projections,"12.5.18.-31",65536,6608
at_projections,"12.50.-12.-1",65536,1600
at_projections,"12.51.-14.2",131072,0
at_projections,"12.52.-16.5",65536,3712
at_projections,"12.53.-14.1",65536,1792
at_projections,"12.54.-12.-3",65536,2304
at_projections,"12.54.-16.4",131072,2560
at_projections,"12.55.-18.7",65536,2432
at_projections,"12.56.-16.3",65536,3328
at_projections,"12.57.-18.6",131072,1536
at_projections,"12.6.12.-21",65536,2304
at_projections,"12.6.16.-28",131072,2560
at_projections,"12.7.10.-18",16384,1744
at_projections,"12.7.14.-25",98304,4788
at_projections,"12.7.18.-32",16384,1440
at_projections,"12.8.0.-1",32768,3464
at_projections,"12.8.12.-22",32768,2868
at_projections,"12.8.16.-29",131072,6208
at_projections,"12.8.20.-36",32768,3528
at_projections,"12.8.4.-8",32768,512
at_projections,"12.8.8.-15",16384,1761
at_projections,"12.9.10.-19",32768,5694
at_projections,"12.9.14.-26",147456,720
at_projections,"12.9.18.-33",32768,3424
at_projections,"12.9.2.-5",65536,6368
at_projections,"12.9.22.-40",16384,2028
at_projections,"12.9.6.-12",65536,2112
at_projections,"13.10.11.-21",32768,3264
at_projections,"13.10.15.-28",147456,3404
at_projections,"13.10.7.-14",16384,912
at_projections,"13.11.1.-4",65536,6808
at_projections,"13.11.13.-25",131072,1792
at_projections,"13.11.17.-32",32768,1536
at_projections,"13.11.5.-11",16384,544
at_projections,"13.11.9.-18",32768,2880
at_projections,"13.12.-1.-1",65536,6808
at_projections,"13.12.11.-22",16384,2592
at_projections,"13.12.15.-29",98304,1920
at_projections,"13.12.19.-36",16384,2032
at_projections,"13.12.3.-8",65536,5616
at_projections,"13.12.7.-15",32768,4316
at_projections,"13.13.1.-5",32768,5068
at_projections,"13.13.13.-26",131072,768
at_projections,"13.13.5.-12",32768,4960
at_projections,"13.13.9.-19",16384,3164
at_projections,"13.14.-1.-2",32768,5068
at_projections,"13.14.11.-23",65536,256
at_projections,"13.14.3.-9",65536,2048
at_projections,"13.15.-3.1",65536,5616
at_projections,"13.15.1.-6",65536,2048
at_projections,"13.15.13.-27",65536,512
at_projections,"13.15.21.-41",32768,1584
at_projections,"13.15.5.-13",147456,544
at_projections,"13.16.-1.-3",65536,2048
at_projections,"13.16.-5.4",16384,544
at_projections,"13.16.11.-24",131072,0
at_projections,"13.16.3.-10",262144,0
at_projections,"13.16.7.-17",98304,4160
at_projections,"13.17.-3.0",65536,2048
at_projections,"13.17.-7.7",16384,912
at_projections,"13.17.1.-7",262144,0
at_projections,"13.17.5.-14",360448,3456
at_projections,"13.17.9.-21",81920,1638
at_projections,"13.18.-1.-4",262144,0
at_projections,"13.18.-5.3",32768,4960
at_projections,"13.18.11.-25",65536,3208
at_projections,"13.18.19.-39",65536,512
at_projections,"13.18.3.-11",393216,4096
at_projections,"13.18.7.-18",212992,7976
at_projections,"13.19.-3.-1",262144,0
at_projections,"13.19.-7.6",32768,4316
at_projections,"13.19.1.-8",393216,4096
at_projections,"13.19.17.-36",16384,928
at_projections,"13.19.5.-15",278528,2064
at_projections,"13.19.9.-22",196608,11252
at_projections,"13.20.-1.-5",393216,4096
at_projections,"13.20.-13.16",32768,1360
at_projections,"13.20.-5.2",147456,544
at_projections,"13.20.-9.9",32768,2880
at_projections,"13.20.15.-33",16384,1240
at_projections,"13.20.23.-47",65536,4096
at_projections,"13.20.3.-12",262144,0
at_projections,"13.20.7.-19",196608,14860
at_projections,"13.21.-11.12",32768,3264
at_projections,"13.21.-3.-2",393216,4096
at_projections,"13.21.1.-9",262144,0
at_projections,"13.21.17.-37",32768,1744
at_projections,"13.21.21.-44",65536,2512
at_projections,"13.21.5.-16",65536,2048
at_projections,"13.21.9.-23",147456,7533
at_projections,"13.22.-1.-6",262144,0
at_projections,"13.22.-13.15",32768,3934
at_projections,"13.22.-17.22",65536,1536
at_projections,"13.22.-5.1",360448,3456
at_projections,"13.22.-9.8",16384,3164
at_projections,"13.22.15.-34",32768,3708
at_projections,"13.22.19.-41",65536,3536
at_projections,"13.22.23.-48",65536,4864
at_projections,"13.22.3.-13",65536,2048
at_projections,"13.22.7.-20",147456,11386
at_projections,"13.23.-11.11",16384,2592
at_projections,"13.23.-15.18",65536,2304
at_projections,"13.23.-3.-3",262144,0
at_projections,"13.23.-7.4",98304,4160
at_projections,"13.23.1.-10",65536,2048
at_projections,"13.23.13.-31",32768,3736
at_projections,"13.23.17.-38",65536,2816
at_projections,"13.23.21.-45",65536,2036
at_projections,"13.23.5.-17",65536,3840
at_projections,"13.23.9.-24",32768,256
at_projections,"13.24.-1.-7",65536,2048
at_projections,"13.24.-13.14",131072,1792
at_projections,"13.24.-17.21",131072,8232
at_projections,"13.24.-5.0",278528,2064
at_projections,"13.24.11.-28",32768,4688
at_projections,"13.24.15.-35",65536,0
at_projections,"13.24.19.-42",65536,768
at_projections,"13.24.7.-21",65536,2024
at_projections,"13.25.-11.10",65536,256
at_projections,"13.25.-15.17",147456,3404
at_projections,"13.25.-19.24",65536,4796
at_projections,"13.25.-3.-4",65536,2048
at_projections,"13.25.-7.3",212992,7976
at_projections,"13.25.13.-32",81920,2238
at_projections,"13.25.17.-39",65536,256
at_projections,"13.25.5.-18",131072,8832
at_projections,"13.26.-13.13",131072,768
at_projections,"13.26.-17.20",65536,1256
at_projections,"13.26.-5.-1",65536,2048
at_projections,"13.26.-9.6",81920,1638
at_projections,"13.26.11.-29",81920,1920
at_projections,"13.26.15.-36",65536,1264
at_projections,"13.26.3.-15",65536,2176
at_projections,"13.27.-11.9",131072,0
at_projections,"13.27.-15.16",98304,1920
at_projections,"13.27.-7.2",196608,14860
at_projections,"13.27.13.-33",65536,1020
at_projections,"13.27.5.-19",65536,1520
at_projections,"13.27.9.-26",131072,6272
at_projections,"13.28.-13.12",65536,512
at_projections,"13.28.-17.19",32768,1536
at_projections,"13.28.-5.-2",65536,3840
at_projections,"13.28.-9.5",196608,11252
at_projections,"13.28.11.-30",65536,256
at_projections,"13.28.3.-16",131072,4352
at_projections,"13.28.7.-23",81920,1536
at_projections,"13.29.-11.8",65536,3208
at_projections,"13.29.-3.-6",65536,2176
at_projections,"13.29.-7.1",147456,11386
at_projections,"13.29.1.-13",65536,1280
at_projections,"13.29.5.-20",81920,4864
at_projections,"13.29.9.-27",65536,256
at_projections,"13.30.-1.-10",65536,1280
at_projections,"13.30.-5.-3",131072,8832
at_projections,"13.30.-9.4",147456,7533
at_projections,"13.30.15.-38",16384,544
at_projections,"13.30.3.-17",131072,6656
at_projections,"13.30.7.-24",98304,9940
at_projections,"13.31.-19.21",16384,2032
at_projections,"13.31.-3.-7",131072,4352
at_projections,"13.31.-7.0",65536,2024
at_projections,"13.31.1.-14",294912,8424
at_projections,"13.31.13.-35",65536,1792
at_projections,"13.31.5.-21",98304,4648
at_projections,"13.32.-1.-11",294912,8424
at_projections,"13.32.-5.-4",65536,1520
at_projections,"13.32.-9.3",32768,256
at_projections,"13.32.11.-32",16384,1614
at_projections,"13.32.15.-39",16384,3524
at_projections,"13.32.3.-18",163840,7200
at_projections,"13.33.-3.-8",131072,6656
at_projections,"13.33.1.-15",327680,10678
at_projections,"13.33.13.-36",16384,2238
at_projections,"13.33.17.-43",32768,4028
at_projections,"13.33.5.-22",81920,2992
at_projections,"13.33.9.-29",49152,5244
at_projections,"13.34.-1.-12",327680,10678
at_projections,"13.34.-5.-5",81920,4864
at_projections,"13.34.11.-33",98304,7352
at_projections,"13.34.15.-40",32768,3674
at_projections,"13.34.3.-19",163840,6892
at_projections,"13.34.7.-26",98304,4992
at_projections,"13.35.-11.5",32768,4688
at_projections,"13.35.-15.12",16384,1240
at_projections,"13.35.-3.-9",163840,7200
at_projections,"13.35.-7.-2",81920,1536
at_projections,"13.35.1.-16",147456,10828
at_projections,"13.35.13.-37",32768,3736
at_projections,"13.35.5.-23",163840,10592
at_projections,"13.35.9.-30",114688,6736
at_projections,"13.36.-1.-13",147456,10828
at_projections,"13.36.-13.8",32768,3736
at_projections,"13.36.-17.15",16384,928
at_projections,"13.36.-21.22",32768,1584
at_projections,"13.36.-5.-6",98304,4648
at_projections,"13.36.-9.1",131072,6272
at_projections,"13.36.11.-34",65536,0
at_projections,"13.36.3.-20",98304,2128
at_projections,"13.36.7.-27",180224,10976
at_projections,"13.37.-11.4",81920,1920
at_projections,"13.37.-15.11",32768,3708
at_projections,"13.37.-19.18",65536,512
at_projections,"13.37.-3.-10",163840,6892
at_projections,"13.37.-7.-3",98304,9940
at_projections,"13.37.13.-38",65536,256
at_projections,"13.37.5.-24",98304,5080
at_projections,"13.37.9.-31",131072,2688
at_projections,"13.38.-13.7",81920,2238
at_projections,"13.38.-17.14",32768,1744
at_projections,"13.38.-5.-7",81920,2992
at_projections,"13.38.-9.0",65536,256
at_projections,"13.38.11.-35",131072,3048
at_projections,"13.38.15.-42",65536,0
at_projections,"13.38.7.-28",81920,4868
at_projections,"13.39.-11.3",65536,256
at_projections,"13.39.-15.10",65536,0
at_projections,"13.39.-3.-11",98304,2128
at_projections,"13.39.13.-39",131072,512
at_projections,"13.39.17.-46",65536,2304
at_projections,"13.39.5.-25",16384,1842
at_projections,"13.39.9.-32",65536,3208
at_projections,"13.40.-13.6",65536,1020
at_projections,"13.40.-17.13",65536,2816
at_projections,"13.40.-5.-8",163840,10592
at_projections,"13.40.11.-36",65536,512
at_projections,"13.40.15.-43",131072,4096
at_projections,"13.40.19.-50",65536,1536
at_projections,"13.40.3.-22",65536,6204
at_projections,"13.41.-15.9",65536,1264
at_projections,"13.41.-19.16",65536,3536
at_projections,"13.41.-7.-5",98304,4992
at_projections,"13.41.13.-40",65536,512
at_projections,"13.41.17.-47",131072,3840
at_projections,"13.42.-17.12",65536,256
at_projections,"13.42.-21.19",65536,2512
at_projections,"13.42.-5.-9",98304,5080
at_projections,"13.42.-9.-2",49152,5244
at_projections,"13.42.15.-44",65536,1280
at_projections,"13.43.-11.1",16384,1614
at_projections,"13.43.-19.15",65536,768
at_projections,"13.43.-23.22",65536,4096
at_projections,"13.43.-3.-13",65536,6204
at_projections,"13.43.-7.-6",180224,10976
at_projections,"13.43.13.-41",32768,1360
at_projections,"13.43.17.-48",65536,4796
at_projections,"13.44.-13.4",65536,1792
at_projections,"13.44.-21.18",65536,2036
at_projections,"13.44.-5.-10",16384,1842
at_projections,"13.44.-9.-3",114688,6736
at_projections,"13.45.-11.0",98304,7352
at_projections,"13.45.-15.7",16384,544
at_projections,"13.45.-23.21",65536,4864
at_projections,"13.45.-7.-7",81920,4868
at_projections,"13.45.13.-42",32768,3934
at_projections,"13.46.-13.3",16384,2238
at_projections,"13.46.-9.-4",131072,2688
at_projections,"13.47.-11.-1",65536,0
at_projections,"13.47.-15.6",16384,3524
at_projections,"13.48.-13.2",32768,3736
at_projections,"13.48.-9.-5",65536,3208
at_projections,"13.49.-11.-2",131072,3048
at_projections,"13.49.-15.5",32768,3674
at_projections,"13.5.17.-29",65536,1536
at_projections,"13.50.-13.1",65536,256
at_projections,"13.50.-17.8",32768,4028
at_projections,"13.51.-11.-3",65536,512
at_projections,"13.52.-13.0",131072,512
at_projections,"13.53.-15.3",65536,0
at_projections,"13.54.-13.-1",65536,512
at_projections,"13.55.-15.2",131072,4096
at_projections,"13.56.-13.-2",32768,1360
at_projections,"13.56.-17.5",65536,2304
at_projections,"13.57.-15.1",65536,1280
at_projections,"13.58.-13.-3",32768,3934
at_projections,"13.58.-17.4",131072,3840
at_projections,"13.59.-19.7",65536,1536
at_projections,"13.6.19.-33",65536,4796
at_projections,"13.60.-17.3",65536,4796
at_projections,"13.7.13.-23",32768,1360
at_projections,"13.7.17.-30",131072,8232
at_projections,"13.8.15.-27",65536,2304
at_projections,"13.9.13.-24",32768,3934
at_projections,"13.9.17.-31",65536,1256
at_projections,"14.10.14.-26",65536,3624
at_projections,"14.10.18.-33",65536,6364
at_projections,"14.11.16.-30",131072,1536
at_projections,"14.12.14.-27",65536,2816
at_projections,"14.13.12.-24",16384,1552
at_projections,"14.13.16.-31",65536,3032
at_projections,"14.13.4.-10",16384,1828
at_projections,"14.13.8.-17",32768,1724
at_projections,"14.14.10.-21",65536,5824
at_projections,"14.14.14.-28",163840,896
at_projections,"14.14.2.-7",32768,3844
at_projections,"14.14.6.-14",32768,1632
at_projections,"14.15.0.-4",131072,11136
at_projections,"14.15.12.-25",98304,3968
at_projections,"14.15.16.-32",16384,896
at_projections,"14.15.4.-11",32768,3456
at_projections,"14.15.8.-18",16384,1756
at_projections,"14.16.-2.-1",32768,3844
at_projections,"14.16.14.-29",65536,640
at_projections,"14.16.2.-8",98304,9016
at_projections,"14.16.6.-15",16384,3504
at_projections,"14.17.-4.2",16384,1828
at_projections,"14.17.0.-5",65536,2048
at_projections,"14.17.12.-26",131072,0
at_projections,"14.17.4.-12",147456,2064
at_projections,"14.18.-2.-2",98304,9016
at_projections,"14.18.10.-23",65536,3200
at_projections,"14.18.2.-9",262144,0
at_projections,"14.18.6.-16",98304,2944
at_projections,"14.19.-4.1",32768,3456
at_projections,"14.19.0.-6",262144,0
at_projections,"14.19.12.-27",65536,1536
at_projections,"14.19.20.-41",16384,640
at_projections,"14.19.4.-13",360448,4096
at_projections,"14.19.8.-20",16384,1710
at_projections,"14.20.-2.-3",262144,0
at_projections,"14.20.-6.4",32768,1632
at_projections,"14.20.10.-24",131072,1024
at_projections,"14.20.18.-38",16384,256
at_projections,"14.20.2.-10",393216,4096
at_projections,"14.20.6.-17",212992,5632
at_projections,"14.21.-4.0",147456,2064
at_projections,"14.21.-8.7",32768,1724
at_projections,"14.21.0.-7",393216,4096
at_projections,"14.21.4.-14",278528,720
at_projections,"14.21.8.-21",131072,12396
at_projections,"14.22.-2.-4",393216,4096
at_projections,"14.22.-6.3",16384,3504
at_projections,"14.22.10.-25",81920,4806
at_projections,"14.22.18.-39",32768,496
at_projections,"14.22.2.-11",262144,0
at_projections,"14.22.6.-18",131072,9872
at_projections,"14.23.-4.-1",360448,4096
at_projections,"14.23.-8.6",16384,1756
at_projections,"14.23.0.-8",262144,0
at_projections,"14.23.16.-36",32768,2000
at_projections,"14.23.20.-43",32768,3128
at_projections,"14.23.4.-15",65536,2048
at_projections,"14.23.8.-22",229376,12669
at_projections,"14.24.-10.9",65536,5824
at_projections,"14.24.-14.16",65536,3624
at_projections,"14.24.-2.-5",262144,0
at_projections,"14.24.-6.2",98304,2944
at_projections,"14.24.10.-26",32768,512
at_projections,"14.24.14.-33",32768,3864
at_projections,"14.24.2.-12",65536,2048
at_projections,"14.24.22.-47",131072,2560
at_projections,"14.24.6.-19",81920,9628
at_projections,"14.25.-12.12",16384,1552
at_projections,"14.25.-16.19",65536,4048
at_projections,"14.25.-4.-2",278528,720
at_projections,"14.25.0.-9",65536,2048
at_projections,"14.25.16.-37",49152,4178
at_projections,"14.25.20.-44",65536,3072
at_projections,"14.25.8.-23",131072,10380
at_projections,"14.26.-14.15",65536,2816
at_projections,"14.26.-18.22",131072,2512
at_projections,"14.26.-2.-6",65536,2048
at_projections,"14.26.-6.1",212992,5632
at_projections,"14.26.10.-27",16384,1064
at_projections,"14.26.14.-34",16384,2976
at_projections,"14.26.18.-41",131072,1024
at_projections,"14.26.6.-20",131072,3072
at_projections,"14.27.-12.11",98304,3968
at_projections,"14.27.-16.18",131072,1536
at_projections,"14.27.-4.-3",65536,2048
at_projections,"14.27.-8.4",16384,1710
at_projections,"14.27.12.-31",98304,6960
at_projections,"14.27.16.-38",65536,2560
at_projections,"14.27.20.-45",32768,384
at_projections,"14.27.4.-17",65536,5960
at_projections,"14.27.8.-24",16384,312
at_projections,"14.28.-10.7",65536,3200
at_projections,"14.28.-14.14",163840,896
at_projections,"14.28.-18.21",65536,6364
at_projections,"14.28.-6.0",131072,9872
at_projections,"14.28.10.-28",16384,2691
at_projections,"14.28.14.-35",131072,0
at_projections,"14.28.6.-21",65536,5020
at_projections,"14.29.-12.10",131072,0
at_projections,"14.29.-16.17",65536,3032
at_projections,"14.29.-8.3",131072,12396
at_projections,"14.29.12.-32",65536,640
at_projections,"14.29.16.-39",32768,506
at_projections,"14.29.4.-18",131072,2048
at_projections,"14.29.8.-25",49152,4524
at_projections,"14.30.-10.6",131072,1024
at_projections,"14.30.-14.13",65536,640
at_projections,"14.30.-6.-1",81920,9628
at_projections,"14.30.10.-29",163840,3264
at_projections,"14.30.2.-15",65536,4616
at_projections,"14.31.-12.9",65536,1536
at_projections,"14.31.-16.16",16384,896
at_projections,"14.31.-4.-5",65536,5960
at_projections,"14.31.-8.2",229376,12669
at_projections,"14.31.12.-33",32768,640
at_projections,"14.31.4.-19",98304,5534
at_projections,"14.31.8.-26",98304,6272
at_projections,"14.32.-10.5",81920,4806
at_projections,"14.32.-2.-9",65536,4616
at_projections,"14.32.-6.-2",131072,3072
at_projections,"14.32.2.-16",131072,768
at_projections,"14.32.6.-23",163840,6784
at_projections,"14.33.-4.-6",131072,2048
at_projections,"14.33.-8.1",131072,10380
at_projections,"14.33.0.-13",163840,11908
at_projections,"14.33.12.-34",16384,720
at_projections,"14.33.4.-20",98304,10816
at_projections,"14.33.8.-27",32768,1920
at_projections,"14.34.-10.4",32768,512
at_projections,"14.34.-2.-10",131072,768
at_projections,"14.34.-6.-3",65536,5020
at_projections,"14.34.14.-38",32768,896
at_projections,"14.34.2.-17",262144,6912
at_projections,"14.34.6.-24",16384,2336
at_projections,"14.35.-4.-7",98304,5534
at_projections,"14.35.-8.0",16384,312
at_projections,"14.35.0.-14",458752,9472
at_projections,"14.35.12.-35",49152,3610
at_projections,"14.35.16.-42",32768,6812
at_projections,"14.35.4.-21",114688,8172
at_projections,"14.36.-10.3",16384,1064
at_projections,"14.36.-2.-11",262144,6912
at_projections,"14.36.10.-32",49152,5994
at_projections,"14.36.14.-39",32768,3864
at_projections,"14.36.2.-18",212992,7982
at_projections,"14.36.6.-25",98304,6760
at_projections,"14.37.-4.-8",98304,10816
at_projections,"14.37.-8.-1",49152,4524
at_projections,"14.37.0.-15",196608,8426
at_projections,"14.37.12.-36",32768,2964
at_projections,"14.37.16.-43",16384,2403
at_projections,"14.37.4.-22",163840,2272
at_projections,"14.37.8.-29",163840,12152
at_projections,"14.38.-10.2",16384,2691
at_projections,"14.38.-14.9",32768,3864
at_projections,"14.38.-18.16",16384,256
at_projections,"14.38.-2.-12",212992,7982
at_projections,"14.38.-6.-5",163840,6784
at_projections,"14.38.10.-33",114688,8381
at_projections,"14.38.14.-40",16384,2976
at_projections,"14.38.2.-19",98304,3816
at_projections,"14.38.6.-26",147456,3648
at_projections,"14.39.-12.5",98304,6960
at_projections,"14.39.-16.12",32768,2000
at_projections,"14.39.-20.19",16384,640
at_projections,"14.39.-4.-9",114688,8172
at_projections,"14.39.-8.-2",98304,6272
at_projections,"14.39.0.-16",65536,6416
at_projections,"14.39.12.-37",65536,1908
at_projections,"14.39.4.-23",81920,4456
at_projections,"14.39.8.-30",147456,4618
at_projections,"14.40.-10.1",163840,3264
at_projections,"14.40.-14.8",16384,2976
at_projections,"14.40.-18.15",32768,496
at_projections,"14.40.-2.-13",98304,3816
at_projections,"14.40.-6.-6",16384,2336
at_projections,"14.40.10.-34",131072,1024
at_projections,"14.40.14.-41",65536,1792
at_projections,"14.40.6.-27",131072,9084
at_projections,"14.41.-12.4",65536,640
at_projections,"14.41.-16.11",49152,4178
at_projections,"14.41.-4.-10",163840,2272
at_projections,"14.41.-8.-3",32768,1920
at_projections,"14.41.12.-38",131072,0
at_projections,"14.41.16.-45",65536,3488
at_projections,"14.41.4.-24",16384,2146
at_projections,"14.41.8.-31",65536,3396
at_projections,"14.42.-14.7",131072,0
at_projections,"14.42.-6.-7",98304,6760
at_projections,"14.42.10.-35",65536,3520
at_projections,"14.42.14.-42",131072,0
at_projections,"14.42.18.-49",65536,5688
at_projections,"14.42.2.-21",16384,3869
at_projections,"14.43.-12.3",32768,640
at_projections,"14.43.-16.10",65536,2560
at_projections,"14.43.-20.17",32768,3128
at_projections,"14.43.-4.-11",81920,4456
at_projections,"14.43.12.-39",65536,1532
at_projections,"14.43.16.-46",131072,1536
at_projections,"14.43.4.-25",32768,4160
at_projections,"14.44.-18.13",131072,1024
at_projections,"14.44.-2.-15",16384,3869
at_projections,"14.44.-6.-8",147456,3648
at_projections,"14.44.14.-43",65536,1664
at_projections,"14.44.18.-50",131072,2512
at_projections,"14.45.-12.2",16384,720
at_projections,"14.45.-16.9",32768,506
at_projections,"14.45.-20.16",65536,3072
at_projections,"14.45.-4.-12",16384,2146
at_projections,"14.45.-8.-5",163840,12152
at_projections,"14.45.16.-47",65536,3536
at_projections,"14.46.-10.-2",49152,5994
at_projections,"14.46.-22.19",131072,2560
at_projections,"14.46.-6.-9",131072,9084
at_projections,"14.46.14.-44",65536,3624
at_projections,"14.47.-12.1",49152,3610
at_projections,"14.47.-20.15",32768,384
at_projections,"14.47.-4.-13",32768,4160
at_projections,"14.47.-8.-6",147456,4618
at_projections,"14.48.-10.-3",114688,8381
at_projections,"14.48.-14.4",32768,896
at_projections,"14.49.-12.0",32768,2964
at_projections,"14.49.-8.-7",65536,3396
at_projections,"14.50.-10.-4",131072,1024
at_projections,"14.50.-14.3",32768,3864
at_projections,"14.51.-12.-1",65536,1908
at_projections,"14.51.-16.6",32768,6812
at_projections,"14.52.-10.-5",65536,3520
at_projections,"14.52.-14.2",16384,2976
at_projections,"14.53.-12.-2",131072,0
at_projections,"14.53.-16.5",16384,2403
at_projections,"14.54.-14.1",65536,1792
at_projections,"14.55.-12.-3",65536,1532
at_projections,"14.56.-14.0",131072,0
at_projections,"14.57.-16.3",65536,3488
at_projections,"14.58.-14.-1",65536,1664
at_projections,"14.59.-16.2",131072,1536
at_projections,"14.60.-14.-2",65536,3624
at_projections,"14.60.-18.5",65536,5688
at_projections,"14.61.-16.1",65536,3536
at_projections,"14.62.-18.4",131072,2512
at_projections,"14.8.18.-32",131072,2512
at_projections,"14.9.16.-29",65536,4048
at_projections,"15.10.17.-31",65536,5488
at_projections,"15.11.15.-28",32768,3512
at_projections,"15.11.19.-35",65536,2304
at_projections,"15.12.17.-32",131072,5376
at_projections,"15.13.15.-29",98304,5008
at_projections,"15.14.17.-33",65536,3072
at_projections,"15.15.15.-30",131072,5632
at_projections,"15.16.1.-6",16384,2112
at_projections,"15.16.13.-27",65536,2560
at_projections,"15.16.5.-13",32768,3040
at_projections,"15.16.9.-20",16384,2116
at_projections,"15.17.-1.-3",16384,2112
at_projections,"15.17.11.-24",32768,3072
at_projections,"15.17.15.-31",65536,0
at_projections,"15.17.3.-10",32768,2856
at_projections,"15.17.7.-17",65536,3136
at_projections,"15.18.1.-7",131072,7464
at_projections,"15.18.13.-28",147456,1824
at_projections,"15.18.5.-14",16384,1500
at_projections,"15.18.9.-21",32768,3720
at_projections,"15.19.-1.-4",131072,7464
at_projections,"15.19.11.-25",65536,2560
at_projections,"15.19.3.-11",163840,5344
at_projections,"15.20.-3.-1",32768,2856
at_projections,"15.20.1.-8",262144,0
at_projections,"15.20.13.-29",65536,1536
at_projections,"15.20.5.-15",98304,5120
at_projections,"15.21.-1.-5",262144,0
at_projections,"15.21.-5.2",32768,3040
at_projections,"15.21.11.-26",131072,4840
at_projections,"15.21.3.-12",360448,5960
at_projections,"15.21.7.-19",16384,844
at_projections,"15.22.-3.-2",163840,5344
at_projections,"15.22.1.-9",393216,4096
at_projections,"15.22.5.-16",212992,4988
at_projections,"15.22.9.-23",65536,5084
at_projections,"15.23.-1.-6",393216,4096
at_projections,"15.23.-5.1",16384,1500
at_projections,"15.23.11.-27",65536,1536
at_projections,"15.23.3.-13",278528,2880
at_projections,"15.23.7.-20",65536,7668
at_projections,"15.24.-3.-3",360448,5960
at_projections,"15.24.-7.4",65536,3136
at_projections,"15.24.1.-10",262144,0
at_projections,"15.24.17.-38",32768,752
at_projections,"15.24.5.-17",131072,8772
at_projections,"15.24.9.-24",147456,6636
at_projections,"15.25.-1.-7",262144,0
at_projections,"15.25.-5.0",98304,5120
at_projections,"15.25.-9.7",16384,2116
at_projections,"15.25.3.-14",65536,2048
at_projections,"15.25.7.-21",163840,15184
at_projections,"15.26.-15.17",32768,3512
at_projections,"15.26.-3.-4",278528,2880
at_projections,"15.26.1.-11",65536,2048
at_projections,"15.26.21.-46",65536,4816
at_projections,"15.26.5.-18",16384,1974
at_projections,"15.26.9.-25",131072,6448
at_projections,"15.27.-1.-8",65536,2048
at_projections,"15.27.-17.20",65536,5488
at_projections,"15.27.-5.-1",212992,4988
at_projections,"15.27.-9.6",32768,3720
at_projections,"15.27.15.-36",65536,6880
at_projections,"15.27.19.-43",65536,2560
at_projections,"15.27.7.-22",196608,13408
at_projections,"15.28.-11.9",32768,3072
at_projections,"15.28.-15.16",98304,5008
at_projections,"15.28.-3.-5",65536,2048
at_projections,"15.28.-7.2",16384,844
at_projections,"15.28.13.-33",16384,3524
at_projections,"15.28.17.-40",65536,1536
at_projections,"15.28.21.-47",65536,0
at_projections,"15.28.5.-19",65536,3936
at_projections,"15.28.9.-26",81920,3090
at_projections,"15.29.-13.12",65536,2560
at_projections,"15.29.-17.19",131072,5376
at_projections,"15.29.-5.-2",131072,8772
at_projections,"15.29.11.-30",16384,2916
at_projections,"15.29.15.-37",65536,4032
at_projections,"15.29.19.-44",65536,0
at_projections,"15.29.7.-23",81920,5976
at_projections,"15.30.-11.8",65536,2560
at_projections,"15.30.-15.15",131072,5632
at_projections,"15.30.-19.22",65536,2304
at_projections,"15.30.-7.1",65536,7668
at_projections,"15.30.13.-34",98304,4938
at_projections,"15.30.17.-41",65536,1280
at_projections,"15.30.5.-20",131072,9528
at_projections,"15.30.9.-27",32768,4176
at_projections,"15.31.-13.11",147456,1824
at_projections,"15.31.-17.18",65536,3072
at_projections,"15.31.-5.-3",16384,1974
at_projections,"15.31.-9.4",65536,5084
at_projections,"15.31.11.-31",98304,4512
at_projections,"15.31.15.-38",65536,0
at_projections,"15.31.3.-17",65536,3504
at_projections,"15.32.-11.7",131072,4840
at_projections,"15.32.-15.14",65536,0
at_projections,"15.32.-7.0",163840,15184
at_projections,"15.32.13.-35",65536,0
at_projections,"15.32.5.-21",65536,1024
at_projections,"15.32.9.-28",98304,4288
at_projections,"15.33.-13.10",65536,1536
at_projections,"15.33.-5.-4",65536,3936
at_projections,"15.33.-9.3",147456,6636
at_projections,"15.33.11.-32",65536,512
at_projections,"15.33.3.-18",131072,4920
at_projections,"15.33.7.-25",98304,11184
at_projections,"15.34.-11.6",65536,1536
at_projections,"15.34.-3.-8",65536,3504
at_projections,"15.34.-7.-1",196608,13408
at_projections,"15.34.1.-15",65536,3712
at_projections,"15.34.5.-22",65536,7072
at_projections,"15.34.9.-29",81920,4800
at_projections,"15.35.-1.-12",65536,3712
at_projections,"15.35.-5.-5",131072,9528
at_projections,"15.35.-9.2",131072,6448
at_projections,"15.35.3.-19",131072,2816
at_projections,"15.35.7.-26",81920,2752
at_projections,"15.36.-3.-9",131072,4920
at_projections,"15.36.-7.-2",81920,5976
at_projections,"15.36.1.-16",294912,17800
at_projections,"15.36.13.-37",32768,1408
at_projections,"15.36.5.-23",131072,11648
at_projections,"15.37.-1.-13",294912,17800
at_projections,"15.37.-5.-6",65536,1024
at_projections,"15.37.-9.1",81920,3090
at_projections,"15.37.11.-34",32768,2160
at_projections,"15.37.3.-20",147456,8704
at_projections,"15.38.-3.-10",131072,2816
at_projections,"15.38.1.-17",311296,4352
at_projections,"15.38.13.-38",49152,4552
at_projections,"15.38.5.-24",65536,3504
at_projections,"15.38.9.-31",16384,352
at_projections,"15.39.-1.-14",311296,4352
at_projections,"15.39.-5.-7",65536,7072
at_projections,"15.39.-9.0",32768,4176
at_projections,"15.39.11.-35",49152,3772
at_projections,"15.39.15.-42",65536,6880
at_projections,"15.39.3.-21",196608,8964
at_projections,"15.39.7.-28",81920,4680
at_projections,"15.40.-11.3",16384,2916
at_projections,"15.40.-3.-11",147456,8704
at_projections,"15.40.-7.-4",98304,11184
at_projections,"15.40.1.-18",131072,6880
at_projections,"15.40.13.-39",16384,1240
at_projections,"15.40.5.-25",196608,8632
at_projections,"15.40.9.-32",163840,13210
at_projections,"15.41.-1.-15",131072,6880
at_projections,"15.41.-13.6",16384,3524
at_projections,"15.41.-17.13",32768,752
at_projections,"15.41.-5.-8",131072,11648
at_projections,"15.41.-9.-1",98304,4288
at_projections,"15.41.11.-36",81920,7292
at_projections,"15.41.3.-22",81920,1688
at_projections,"15.41.7.-29",180224,11568
at_projections,"15.42.-11.2",98304,4512
at_projections,"15.42.-15.9",65536,6880
at_projections,"15.42.-3.-12",196608,8964
at_projections,"15.42.-7.-5",81920,2752
at_projections,"15.42.1.-19",16384,896
at_projections,"15.42.13.-40",65536,2560
at_projections,"15.42.5.-26",81920,5976
at_projections,"15.42.9.-33",131072,4488
at_projections,"15.43.-1.-16",16384,896
at_projections,"15.43.-13.5",98304,4938
at_projections,"15.43.-5.-9",65536,3504
at_projections,"15.43.-9.-2",81920,4800
at_projections,"15.43.11.-37",131072,2304
at_projections,"15.43.15.-44",65536,2560
at_projections,"15.43.7.-30",98304,5040
at_projections,"15.44.-11.1",65536,512
at_projections,"15.44.-15.8",65536,4032
at_projections,"15.44.-3.-13",81920,1688
at_projections,"15.44.13.-41",131072,2816
at_projections,"15.44.17.-48",65536,3280
at_projections,"15.44.5.-27",32768,3856
at_projections,"15.44.9.-34",65536,1536
at_projections,"15.45.-13.4",65536,0
at_projections,"15.45.-17.11",65536,1536
at_projections,"15.45.-5.-10",196608,8632
at_projections,"15.45.11.-38",65536,1536
at_projections,"15.45.15.-45",131072,3264
at_projections,"15.45.19.-52",65536,5488
at_projections,"15.45.3.-24",32768,4086
at_projections,"15.46.-15.7",65536,0
at_projections,"15.46.-19.14",65536,2560
at_projections,"15.46.-7.-7",81920,4680
at_projections,"15.46.13.-42",65536,0
at_projections,"15.46.17.-49",131072,8184
at_projections,"15.47.-17.10",65536,1280
at_projections,"15.47.-21.17",65536,4816
at_projections,"15.47.-5.-11",81920,5976
at_projections,"15.47.-9.-4",16384,352
at_projections,"15.47.15.-46",98304,6584
at_projections,"15.48.-11.-1",32768,2160
at_projections,"15.48.-19.13",65536,0
at_projections,"15.48.-3.-15",32768,4086
at_projections,"15.48.-7.-8",180224,11568
at_projections,"15.48.17.-50",65536,2304
at_projections,"15.49.-13.2",32768,1408
at_projections,"15.49.-21.16",65536,0
at_projections,"15.49.-5.-12",32768,3856
at_projections,"15.49.-9.-5",163840,13210
at_projections,"15.49.15.-47",32768,1744
at_projections,"15.50.-11.-2",49152,3772
at_projections,"15.50.-7.-9",98304,5040
at_projections,"15.51.-13.1",49152,4552
at_projections,"15.51.-9.-6",131072,4488
at_projections,"15.52.-11.-3",81920,7292
at_projections,"15.53.-13.0",16384,1240
at_projections,"15.53.-9.-7",65536,1536
at_projections,"15.54.-11.-4",131072,2304
at_projections,"15.54.-15.3",65536,6880
at_projections,"15.55.-13.-1",65536,2560
at_projections,"15.56.-11.-5",65536,1536
at_projections,"15.57.-13.-2",131072,2816
at_projections,"15.58.-15.1",65536,2560
at_projections,"15.59.-13.-3",65536,0
at_projections,"15.60.-15.0",131072,3264
at_projections,"15.61.-17.3",65536,3280
at_projections,"15.62.-15.-1",98304,6584
at_projections,"15.63.-17.2",131072,8184
at_projections,"15.64.-15.-2",32768,1744
at_projections,"15.64.-19.5",65536,5488
at_projections,"15.65.-17.1",65536,2304
at_projections,"16.13.18.-34",131072,2560
at_projections,"16.14.16.-31",131072,6940
at_projections,"16.15.18.-35",65536,3072
at_projections,"16.16.16.-32",131072,4576
at_projections,"16.17.14.-29",65536,4000
at_projections,"16.18.16.-33",65536,4864
at_projections,"16.19.14.-30",131072,1536
at_projections,"16.19.2.-9",32768,3168
at_projections,"16.19.6.-16",16384,1732
at_projections,"16.20.0.-6",131072,5504
at_projections,"16.20.12.-27",65536,4352
at_projections,"16.20.4.-13",65536,5568
at_projections,"16.20.8.-20",32768,2784
at_projections,"16.21.-2.-3",32768,3168
at_projections,"16.21.10.-24",16384,2064
at_projections,"16.21.14.-31",65536,3024
at_projections,"16.21.2.-10",163840,3322
at_projections,"16.21.6.-17",32768,2912
at_projections,"16.22.0.-7",294912,2336
at_projections,"16.22.12.-28",131072,2560
at_projections,"16.22.4.-14",98304,4832
at_projections,"16.23.-2.-4",163840,3322
at_projections,"16.23.10.-25",65536,6516
at_projections,"16.23.2.-11",360448,4960
at_projections,"16.23.6.-18",16384,1552
at_projections,"16.24.-4.-1",65536,5568
at_projections,"16.24.0.-8",393216,4096
at_projections,"16.24.12.-29",65536,2688
at_projections,"16.24.4.-15",212992,9712
at_projections,"16.25.-2.-5",360448,4960
at_projections,"16.25.-6.2",16384,1732
at_projections,"16.25.10.-26",131072,3072
at_projections,"16.25.2.-12",278528,2044
at_projections,"16.25.6.-19",65536,7614
at_projections,"16.26.-4.-2",98304,4832
at_projections,"16.26.0.-9",262144,0
at_projections,"16.26.4.-16",131072,9076
at_projections,"16.26.8.-23",81920,7085
at_projections,"16.27.-2.-6",278528,2044
at_projections,"16.27.-6.1",32768,2912
at_projections,"16.27.10.-27",65536,1024
at_projections,"16.27.2.-13",65536,2048
at_projections,"16.27.6.-20",98304,9185
at_projections,"16.28.-4.-3",212992,9712
at_projections,"16.28.-8.4",32768,2784
at_projections,"16.28.0.-10",65536,2048
at_projections,"16.28.16.-38",16384,2185
at_projections,"16.28.4.-17",16384,1876
at_projections,"16.28.8.-24",196608,6624
at_projections,"16.29.-2.-7",65536,2048
at_projections,"16.29.-6.0",16384,1552
at_projections,"16.29.10.-28",16384,2168
at_projections,"16.29.14.-35",16384,2403
at_projections,"16.29.18.-42",32768,2304
at_projections,"16.29.6.-21",131072,8248
at_projections,"16.30.-16.17",131072,6940
at_projections,"16.30.-4.-4",131072,9076
at_projections,"16.30.20.-46",131072,512
at_projections,"16.30.8.-25",163840,10268
at_projections,"16.31.-10.6",16384,2064
at_projections,"16.31.-14.13",65536,4000
at_projections,"16.31.-18.20",131072,2560
at_projections,"16.31.-6.-1",65536,7614
at_projections,"16.31.10.-29",32768,4256
at_projections,"16.31.14.-36",65536,9372
at_projections,"16.31.18.-43",65536,1780
at_projections,"16.31.6.-22",147456,7152
at_projections,"16.32.-12.9",65536,4352
at_projections,"16.32.-16.16",131072,4576
at_projections,"16.32.-4.-5",16384,1876
at_projections,"16.32.12.-33",32768,3722
at_projections,"16.32.16.-40",131072,2040
at_projections,"16.32.4.-19",65536,6116
at_projections,"16.32.8.-26",65536,7322
at_projections,"16.33.-10.5",65536,6516
at_projections,"16.33.-14.12",131072,1536
at_projections,"16.33.-18.19",65536,3072
at_projections,"16.33.-6.-2",98304,9185
at_projections,"16.33.10.-30",81920,8394
at_projections,"16.33.14.-37",65536,2540
at_projections,"16.33.18.-44",32768,0
at_projections,"16.33.6.-23",65536,5888
at_projections,"16.34.-12.8",131072,2560
at_projections,"16.34.-16.15",65536,4864
at_projections,"16.34.-8.1",81920,7085
at_projections,"16.34.12.-34",147456,2112
at_projections,"16.34.4.-20",131072,3536
at_projections,"16.34.8.-27",16384,3938
at_projections,"16.35.-10.4",131072,3072
at_projections,"16.35.-14.11",65536,3024
at_projections,"16.35.-6.-3",131072,8248
at_projections,"16.35.10.-31",81920,2846
at_projections,"16.35.14.-38",32768,0
at_projections,"16.35.2.-17",65536,5780
at_projections,"16.35.6.-24",32768,4152
at_projections,"16.36.-12.7",65536,2688
at_projections,"16.36.-4.-7",65536,6116
at_projections,"16.36.-8.0",196608,6624
at_projections,"16.36.4.-21",65536,2880
at_projections,"16.36.8.-28",196608,8272
at_projections,"16.37.-10.3",65536,1024
at_projections,"16.37.-2.-11",65536,5780
at_projections,"16.37.-6.-4",147456,7152
at_projections,"16.37.10.-32",32768,1768
at_projections,"16.37.2.-18",163840,5376
at_projections,"16.37.6.-25",81920,12158
at_projections,"16.38.-4.-8",131072,3536
at_projections,"16.38.-8.-1",163840,10268
at_projections,"16.38.0.-15",131072,12544
at_projections,"16.38.4.-22",147456,7289
at_projections,"16.39.-10.2",16384,2168
at_projections,"16.39.-2.-12",163840,5376
at_projections,"16.39.-6.-5",65536,5888
at_projections,"16.39.14.-40",16384,896
at_projections,"16.39.2.-19",196608,9020
at_projections,"16.39.6.-26",65536,5184
at_projections,"16.40.-4.-9",65536,2880
at_projections,"16.40.-8.-2",65536,7322
at_projections,"16.40.0.-16",524288,8928
at_projections,"16.40.12.-37",65536,3136
at_projections,"16.40.16.-44",16384,2185
at_projections,"16.40.4.-23",98304,7688
at_projections,"16.41.-10.1",32768,4256
at_projections,"16.41.-2.-13",196608,9020
at_projections,"16.41.-6.-6",32768,4152
at_projections,"16.41.10.-34",49152,3402
at_projections,"16.41.14.-41",16384,2144
at_projections,"16.41.2.-20",196608,5716
at_projections,"16.41.6.-27",81920,6620
at_projections,"16.42.-4.-10",147456,7289
at_projections,"16.42.-8.-3",16384,3938
at_projections,"16.42.0.-17",196608,4992
at_projections,"16.42.12.-38",65536,2976
at_projections,"16.42.4.-24",147456,4112
at_projections,"16.42.8.-31",114688,11071
at_projections,"16.43.-10.0",81920,8394
at_projections,"16.43.-14.7",16384,2403
at_projections,"16.43.-2.-14",196608,5716
at_projections,"16.43.-6.-7",81920,12158
at_projections,"16.43.10.-35",114688,11668
at_projections,"16.43.14.-42",32768,2000
at_projections,"16.43.2.-21",147456,5590
at_projections,"16.43.6.-28",163840,5520
at_projections,"16.44.-12.3",32768,3722
at_projections,"16.44.-16.10",16384,2185
at_projections,"16.44.-4.-11",98304,7688
at_projections,"16.44.-8.-4",196608,8272
at_projections,"16.44.0.-18",32768,3732
at_projections,"16.44.12.-39",65536,4474
at_projections,"16.44.4.-25",98304,5550
at_projections,"16.44.8.-32",180224,6114
at_projections,"16.45.-10.-1",81920,2846
at_projections,"16.45.-14.6",65536,9372
at_projections,"16.45.-2.-15",147456,5590
at_projections,"16.45.-6.-8",65536,5184
at_projections,"16.45.10.-36",131072,3072
at_projections,"16.45.14.-43",65536,2904
at_projections,"16.45.6.-29",98304,7984
at_projections,"16.46.-12.2",147456,2112
at_projections,"16.46.-4.-12",147456,4112
at_projections,"16.46.12.-40",131072,2560
at_projections,"16.46.16.-47",65536,4768
at_projections,"16.46.4.-26",32768,3728
at_projections,"16.46.8.-33",65536,1314
at_projections,"16.47.-10.-2",32768,1768
at_projections,"16.47.-14.5",65536,2540
at_projections,"16.47.-18.12",32768,2304
at_projections,"16.47.-6.-9",81920,6620
at_projections,"16.47.10.-37",65536,1280
at_projections,"16.47.14.-44",131072,1536
at_projections,"16.47.18.-51",65536,7176
at_projections,"16.47.6.-30",16384,2168
at_projections,"16.48.-16.8",131072,2040
at_projections,"16.48.-4.-13",98304,5550
at_projections,"16.48.12.-41",65536,2560
at_projections,"16.48.16.-48",131072,4576
at_projections,"16.48.4.-27",16384,1064
at_projections,"16.49.-14.4",32768,0
at_projections,"16.49.-18.11",65536,1780
at_projections,"16.49.-6.-10",163840,5520
at_projections,"16.49.14.-45",65536,4176
at_projections,"16.49.18.-52",131072,2560
at_projections,"16.50.-20.14",131072,512
at_projections,"16.50.-4.-14",32768,3728
at_projections,"16.50.-8.-7",114688,11071
at_projections,"16.50.16.-49",131072,7036
at_projections,"16.51.-10.-4",49152,3402
at_projections,"16.51.-18.10",32768,0
at_projections,"16.51.-6.-11",98304,7984
at_projections,"16.52.-12.-1",65536,3136
at_projections,"16.52.-4.-15",16384,1064
at_projections,"16.52.-8.-8",180224,6114
at_projections,"16.53.-10.-5",114688,11668
at_projections,"16.53.-14.2",16384,896
at_projections,"16.53.-6.-12",16384,2168
at_projections,"16.54.-12.-2",65536,2976
at_projections,"16.54.-8.-9",65536,1314
at_projections,"16.55.-10.-6",131072,3072
at_projections,"16.55.-14.1",16384,2144
at_projections,"16.56.-12.-3",65536,4474
at_projections,"16.56.-16.4",16384,2185
at_projections,"16.57.-10.-7",65536,1280
at_projections,"16.57.-14.0",32768,2000
at_projections,"16.58.-12.-4",131072,2560
at_projections,"16.59.-14.-1",65536,2904
at_projections,"16.60.-12.-5",65536,2560
at_projections,"16.61.-14.-2",131072,1536
at_projections,"16.62.-16.1",65536,4768
at_projections,"16.63.-14.-3",65536,4176
at_projections,"16.64.-16.0",131072,4576
at_projections,"16.65.-18.3",65536,7176
at_projections,"16.66.-16.-1",131072,7036
at_projections,"16.67.-18.2",131072,2560
at_projections,"17.15.17.-33",98304,5632
at_projections,"17.16.19.-37",98304,0
at_projections,"17.17.17.-34",163840,4560
at_projections,"17.18.15.-31",65536,4560
at_projections,"17.18.19.-38",32768,1744
at_projections,"17.19.17.-35",65536,3072
at_projections,"17.20.15.-32",131072,5584
at_projections,"17.20.19.-39",32768,3934
at_projections,"17.21.13.-29",65536,2304
at_projections,"17.22.15.-33",65536,3624
at_projections,"17.22.19.-40",32768,1536
at_projections,"17.22.3.-12",16384,2112
at_projections,"17.23.1.-9",229376,2768
at_projections,"17.23.13.-30",131072,7100
at_projections,"17.23.5.-16",32768,3768
at_projections,"17.24.-1.-6",229376,2768
at_projections,"17.24.11.-27",65536,4608
at_projections,"17.24.19.-41",32768,0
at_projections,"17.24.3.-13",131072,8712
at_projections,"17.24.7.-20",16384,1776
at_projections,"17.25.-3.-3",16384,2112
at_projections,"17.25.1.-10",360448,4800
at_projections,"17.25.13.-31",65536,1536
at_projections,"17.25.5.-17",16384,2116
at_projections,"17.26.-1.-7",360448,4800
at_projections,"17.26.11.-28",131072,4608
at_projections,"17.26.19.-42",32768,0
at_projections,"17.26.3.-14",212992,6750
at_projections,"17.27.-3.-4",131072,8712
at_projections,"17.27.1.-11",278528,1500
at_projections,"17.27.5.-18",65536,7772
at_projections,"17.27.9.-25",65536,4608
at_projections,"17.28.-1.-8",278528,1500
at_projections,"17.28.-5.-1",32768,3768
at_projections,"17.28.11.-29",65536,0
at_projections,"17.28.19.-43",32768,2560
at_projections,"17.28.3.-15",131072,10464
at_projections,"17.28.7.-22",16384,2392
at_projections,"17.29.-3.-5",212992,6750
at_projections,"17.29.1.-12",65536,2048
at_projections,"17.29.5.-19",98304,7224
at_projections,"17.29.9.-26",131072,1024
at_projections,"17.30.-1.-9",65536,2048
at_projections,"17.30.-5.-2",16384,2116
at_projections,"17.30.19.-44",32768,4024
at_projections,"17.30.3.-16",16384,592
at_projections,"17.30.7.-23",131072,7208
at_projections,"17.31.-3.-6",131072,10464
at_projections,"17.31.-7.1",16384,1776
at_projections,"17.31.5.-20",65536,2216
at_projections,"17.31.9.-27",81920,1776
at_projections,"17.32.-17.18",98304,5632
at_projections,"17.32.-5.-3",65536,7772
at_projections,"17.32.19.-45",98304,1920
at_projections,"17.32.7.-24",229376,8414
at_projections,"17.33.-15.14",65536,4560
at_projections,"17.33.-3.-7",16384,592
at_projections,"17.33.13.-35",32768,4028
at_projections,"17.33.17.-42",65536,3036
at_projections,"17.33.5.-21",81920,3696
at_projections,"17.33.9.-28",65536,6310
at_projections,"17.34.-13.10",65536,2304
at_projections,"17.34.-17.17",163840,4560
at_projections,"17.34.-5.-4",98304,7224
at_projections,"17.34.15.-39",65536,1280
at_projections,"17.34.19.-46",98304,0
at_projections,"17.34.7.-25",131072,7016
at_projections,"17.35.-11.6",65536,4608
at_projections,"17.35.-15.13",131072,5584
at_projections,"17.35.-19.20",98304,0
at_projections,"17.35.-7.-1",16384,2392
at_projections,"17.35.13.-36",65536,2816
at_projections,"17.35.17.-43",65536,0
at_projections,"17.35.5.-22",131072,9584
at_projections,"17.35.9.-29",81920,7932
at_projections,"17.36.-13.9",131072,7100
at_projections,"17.36.-17.16",65536,3072
at_projections,"17.36.-5.-5",65536,2216
at_projections,"17.36.-9.2",65536,4608
at_projections,"17.36.11.-33",131072,3072
at_projections,"17.36.15.-40",65536,1536
at_projections,"17.36.19.-47",32768,256
at_projections,"17.36.3.-19",65536,3256
at_projections,"17.36.7.-26",16384,1656
at_projections,"17.37.-11.5",131072,4608
at_projections,"17.37.-15.12",65536,3624
at_projections,"17.37.-19.19",32768,1744
at_projections,"17.37.-7.-2",131072,7208
at_projections,"17.37.13.-37",65536,256
at_projections,"17.37.5.-23",65536,2432
at_projections,"17.37.9.-30",114688,5685
at_projections,"17.38.-13.8",65536,1536
at_projections,"17.38.-5.-6",81920,3696
at_projections,"17.38.-9.1",131072,1024
at_projections,"17.38.11.-34",65536,3072
at_projections,"17.38.19.-48",32768,2688
at_projections,"17.38.3.-20",131072,6456
at_projections,"17.38.7.-27",81920,7437
at_projections,"17.39.-11.4",65536,0
at_projections,"17.39.-19.18",32768,3934
at_projections,"17.39.-3.-10",65536,3256
at_projections,"17.39.-7.-3",229376,8414
at_projections,"17.39.1.-17",65536,3584
at_projections,"17.39.5.-24",65536,4500
at_projections,"17.39.9.-31",98304,2544
at_projections,"17.40.-1.-14",65536,3584
at_projections,"17.40.-5.-7",131072,9584
at_projections,"17.40.-9.0",81920,1776
at_projections,"17.40.19.-49",32768,2688
at_projections,"17.40.3.-21",131072,6840
at_projections,"17.40.7.-28",98304,8768
at_projections,"17.41.-19.17",32768,1536
at_projections,"17.41.-3.-11",131072,6456
at_projections,"17.41.-7.-4",131072,7016
at_projections,"17.41.1.-18",294912,9336
at_projections,"17.41.5.-25",98304,6592
at_projections,"17.42.-1.-15",294912,9336
at_projections,"17.42.-5.-8",65536,2432
at_projections,"17.42.-9.-1",65536,6310
at_projections,"17.42.11.-36",16384,2064
at_projections,"17.42.19.-50",32768,128
at_projections,"17.42.3.-22",163840,8272
at_projections,"17.43.-19.16",32768,0
at_projections,"17.43.-3.-12",131072,6840
at_projections,"17.43.-7.-5",16384,1656
at_projections,"17.43.1.-19",294912,2048
at_projections,"17.43.13.-40",49152,2464
at_projections,"17.43.5.-26",81920,5176
at_projections,"17.44.-1.-16",294912,2048
at_projections,"17.44.-5.-9",65536,4500
at_projections,"17.44.-9.-2",81920,7932
at_projections,"17.44.11.-37",49152,4148
at_projections,"17.44.15.-44",32768,752
at_projections,"17.44.19.-51",32768,0
at_projections,"17.44.3.-23",163840,6358
at_projections,"17.44.7.-30",98304,4728
at_projections,"17.45.-19.15",32768,0
at_projections,"17.45.-3.-13",163840,8272
at_projections,"17.45.-7.-6",81920,7437
at_projections,"17.45.1.-20",147456,4728
at_projections,"17.45.13.-41",32768,1744
at_projections,"17.45.5.-27",163840,10744
at_projections,"17.45.9.-34",163840,10648
at_projections,"17.46.-1.-17",147456,4728
at_projections,"17.46.-13.4",32768,4028
at_projections,"17.46.-5.-10",98304,6592
at_projections,"17.46.-9.-3",114688,5685
at_projections,"17.46.11.-38",98304,6492
at_projections,"17.46.19.-52",32768,1360
at_projections,"17.46.3.-24",98304,3716
at_projections,"17.46.7.-31",180224,10592
at_projections,"17.47.-11.0",131072,3072
at_projections,"17.47.-19.14",32768,2560
at_projections,"17.47.-3.-14",163840,6358
at_projections,"17.47.-7.-7",98304,8768
at_projections,"17.47.1.-21",32768,1770
at_projections,"17.47.13.-42",65536,4608
at_projections,"17.47.5.-28",81920,2832
at_projections,"17.47.9.-35",147456,5100
at_projections,"17.48.-1.-18",32768,1770
at_projections,"17.48.-13.3",65536,2816
at_projections,"17.48.-5.-11",81920,5176
at_projections,"17.48.-9.-4",98304,2544
at_projections,"17.48.11.-39",131072,3072
at_projections,"17.48.15.-46",65536,2304
at_projections,"17.48.19.-53",32768,4024
at_projections,"17.48.7.-32",81920,1746
at_projections,"17.49.-11.-1",65536,3072
at_projections,"17.49.-15.6",65536,1280
at_projections,"17.49.-19.13",32768,4024
at_projections,"17.49.-3.-15",98304,3716
at_projections,"17.49.13.-43",131072,2792
at_projections,"17.49.17.-50",65536,4560
at_projections,"17.49.5.-29",65536,1248
at_projections,"17.49.9.-36",65536,0
at_projections,"17.50.-13.2",65536,256
at_projections,"17.50.-17.9",65536,3036
at_projections,"17.50.-5.-12",163840,10744
at_projections,"17.50.11.-40",65536,1536
at_projections,"17.50.15.-47",131072,8560
at_projections,"17.50.19.-54",98304,6400
at_projections,"17.51.-15.5",65536,1536
at_projections,"17.51.-19.12",98304,1920
at_projections,"17.51.-7.-9",98304,4728
at_projections,"17.51.13.-44",65536,3624
at_projections,"17.51.17.-51",163840,8704
at_projections,"17.52.-17.8",65536,0
at_projections,"17.52.-5.-13",81920,2832
at_projections,"17.52.15.-48",65536,3072
at_projections,"17.53.-11.-3",16384,2064
at_projections,"17.53.-19.11",98304,0
at_projections,"17.53.-7.-10",180224,10592
at_projections,"17.53.17.-52",98304,0
at_projections,"17.54.-5.-14",65536,1248
at_projections,"17.54.-9.-7",163840,10648
at_projections,"17.55.-11.-4",49152,4148
at_projections,"17.55.-19.10",32768,256
at_projections,"17.55.-7.-11",81920,1746
at_projections,"17.56.-13.-1",49152,2464
at_projections,"17.56.-9.-8",147456,5100
at_projections,"17.57.-11.-5",98304,6492
at_projections,"17.57.-19.9",32768,2688
at_projections,"17.58.-13.-2",32768,1744
at_projections,"17.58.-9.-9",65536,0
at_projections,"17.59.-11.-6",131072,3072
at_projections,"17.59.-15.1",32768,752
at_projections,"17.59.-19.8",32768,2688
at_projections,"17.60.-13.-3",65536,4608
at_projections,"17.61.-11.-7",65536,1536
at_projections,"17.61.-19.7",32768,128
at_projections,"17.62.-13.-4",131072,2792
at_projections,"17.63.-15.-1",65536,2304
at_projections,"17.63.-19.6",32768,0
at_projections,"17.64.-13.-5",65536,3624
at_projections,"17.65.-15.-2",131072,8560
at_projections,"17.65.-19.5",32768,1360
at_projections,"17.66.-17.1",65536,4560
at_projections,"17.67.-15.-3",65536,3072
at_projections,"17.67.-19.4",32768,4024
at_projections,"17.68.-17.0",163840,8704
at_projections,"17.69.-19.3",98304,6400
at_projections,"17.70.-17.-1",98304,0
at_projections,"18.18.18.-36",294912,128
at_projections,"18.19.16.-33",32768,4536
at_projections,"18.20.18.-37",98304,4092
at_projections,"18.21.16.-34",131072,2560
at_projections,"18.22.14.-31",32768,3384
at_projections,"18.22.18.-38",65536,3624
at_projections,"18.23.16.-35",32768,2640
at_projections,"18.24.14.-32",131072,2512
at_projections,"18.24.18.-39",65536,2304
at_projections,"18.25.12.-29",32768,1408
at_projections,"18.26.14.-33",32768,2304
at_projections,"18.26.18.-40",65536,0
at_projections,"18.26.2.-12",131072,6080
at_projections,"18.27.0.-9",393216,3072
at_projections,"18.27.12.-30",131072,1536
at_projections,"18.27.4.-16",32768,3850
at_projections,"18.28.-2.-6",131072,6080
at_projections,"18.28.10.-27",32768,1658
at_projections,"18.28.18.-41",65536,0
at_projections,"18.28.2.-13",212992,7336
at_projections,"18.29.0.-10",294912,2432
at_projections,"18.29.12.-31",32768,1024
at_projections,"18.29.4.-17",65536,5232
at_projections,"18.30.-2.-7",212992,7336
at_projections,"18.30.10.-28",131072,0
at_projections,"18.30.18.-42",65536,1792
at_projections,"18.30.2.-14",131072,10712
at_projections,"18.30.6.-21",16384,1761
at_projections,"18.31.-4.-4",32768,3850
at_projections,"18.31.0.-11",65536,2048
at_projections,"18.31.4.-18",98304,6319
at_projections,"18.31.8.-25",32768,1536
at_projections,"18.32.-2.-8",131072,10712
at_projections,"18.32.10.-29",32768,0
at_projections,"18.32.18.-43",65536,2560
at_projections,"18.32.2.-15",16384,2175
at_projections,"18.32.6.-22",65536,2024
at_projections,"18.33.-4.-5",65536,5232
at_projections,"18.33.4.-19",65536,512
at_projections,"18.33.8.-26",147456,1296
at_projections,"18.34.-2.-9",16384,2175
at_projections,"18.34.18.-44",65536,1536
at_projections,"18.34.6.-23",131072,5108
at_projections,"18.35.-16.15",32768,4536
at_projections,"18.35.-4.-6",98304,6319
at_projections,"18.35.16.-41",32768,1652
at_projections,"18.35.4.-20",16384,0
at_projections,"18.35.8.-27",98304,4384
at_projections,"18.36.-14.11",32768,3384
at_projections,"18.36.-18.18",294912,128
at_projections,"18.36.-6.-3",16384,1761
at_projections,"18.36.10.-31",16384,1887
at_projections,"18.36.18.-45",196608,0
at_projections,"18.36.6.-24",196608,3328
at_projections,"18.37.-12.7",32768,1408
at_projections,"18.37.-16.14",131072,2560
at_projections,"18.37.-4.-7",65536,512
at_projections,"18.37.12.-35",49152,3340
at_projections,"18.37.16.-42",65536,2304
at_projections,"18.37.4.-21",32768,3240
at_projections,"18.37.8.-28",98304,5445
at_projections,"18.38.-10.3",32768,1658
at_projections,"18.38.-14.10",131072,2512
at_projections,"18.38.-18.17",98304,4092
at_projections,"18.38.-6.-4",65536,2024
at_projections,"18.38.10.-32",49152,1824
at_projections,"18.38.14.-39",131072,1024
at_projections,"18.38.18.-46",65536,1536
at_projections,"18.38.6.-25",49152,3532
at_projections,"18.39.-12.6",131072,1536
at_projections,"18.39.-16.13",32768,2640
at_projections,"18.39.-4.-8",16384,0
at_projections,"18.39.-8.-1",32768,1536
at_projections,"18.39.12.-36",65536,2848
at_projections,"18.39.16.-43",32768,128
at_projections,"18.39.4.-22",131072,2816
at_projections,"18.39.8.-29",98304,7248
at_projections,"18.40.-10.2",131072,0
at_projections,"18.40.-14.9",32768,2304
at_projections,"18.40.-18.16",65536,3624
at_projections,"18.40.-6.-5",131072,5108
at_projections,"18.40.10.-33",180224,3392
at_projections,"18.40.18.-47",65536,2560
at_projections,"18.40.2.-19",32768,1152
at_projections,"18.41.-12.5",32768,1024
at_projections,"18.41.-4.-9",32768,3240
at_projections,"18.41.-8.-2",147456,1296
at_projections,"18.41.12.-37",32768,1536
at_projections,"18.41.4.-23",65536,3688
at_projections,"18.41.8.-30",114688,6940
at_projections,"18.42.-10.1",32768,0
at_projections,"18.42.-18.15",65536,2304
at_projections,"18.42.-2.-13",32768,1152
at_projections,"18.42.-6.-6",196608,3328
at_projections,"18.42.18.-48",65536,1792
at_projections,"18.42.2.-20",131072,768
at_projections,"18.42.6.-27",163840,9152
at_projections,"18.43.-4.-10",131072,2816
at_projections,"18.43.-8.-3",98304,4384
at_projections,"18.43.0.-17",98304,5328
at_projections,"18.43.4.-24",65536,6144
at_projections,"18.43.8.-31",49152,2472
at_projections,"18.44.-18.14",65536,0
at_projections,"18.44.-2.-14",131072,768
at_projections,"18.44.-6.-7",49152,3532
at_projections,"18.44.18.-49",65536,0
at_projections,"18.44.2.-21",196608,3072
at_projections,"18.44.6.-28",16384,1608
at_projections,"18.45.-4.-11",65536,3688
at_projections,"18.45.-8.-4",98304,5445
at_projections,"18.45.0.-18",458752,256
at_projections,"18.45.12.-39",32768,3424
at_projections,"18.45.4.-25",131072,9892
at_projections,"18.46.-10.-1",16384,1887
at_projections,"18.46.-18.13",65536,0
at_projections,"18.46.-2.-15",196608,3072
at_projections,"18.46.10.-36",49152,4484
at_projections,"18.46.14.-43",32768,496
at_projections,"18.46.18.-50",65536,0
at_projections,"18.46.2.-22",147456,2680
at_projections,"18.46.6.-29",32768,2772
at_projections,"18.47.-4.-12",65536,6144
at_projections,"18.47.-8.-5",98304,7248
at_projections,"18.47.0.-19",131072,4084
at_projections,"18.47.12.-40",49152,2142
at_projections,"18.47.4.-26",163840,3200
at_projections,"18.47.8.-33",49152,2014
at_projections,"18.48.-10.-2",49152,1824
at_projections,"18.48.-18.12",65536,1792
at_projections,"18.48.-2.-16",147456,2680
at_projections,"18.48.-6.-9",163840,9152
at_projections,"18.48.10.-37",81920,7340
at_projections,"18.48.14.-44",16384,256
at_projections,"18.48.18.-51",65536,2304
at_projections,"18.48.2.-23",98304,6660
at_projections,"18.48.6.-30",196608,3648
at_projections,"18.49.-12.1",49152,3340
at_projections,"18.49.-4.-13",131072,9892
at_projections,"18.49.-8.-6",114688,6940
at_projections,"18.49.0.-20",65536,4560
at_projections,"18.49.12.-41",49152,5504
at_projections,"18.49.4.-27",49152,4318
at_projections,"18.49.8.-34",229376,6228
at_projections,"18.50.-10.-3",180224,3392
at_projections,"18.50.-18.11",65536,2560
at_projections,"18.50.-2.-17",98304,6660
at_projections,"18.50.-6.-10",16384,1608
at_projections,"18.50.10.-38",131072,0
at_projections,"18.50.14.-45",32768,2908
at_projections,"18.50.18.-52",65536,3624
at_projections,"18.50.2.-24",16384,1186
at_projections,"18.50.6.-31",49152,1704
at_projections,"18.51.-12.0",65536,2848
at_projections,"18.51.-16.7",32768,1652
at_projections,"18.51.-4.-14",163840,3200
at_projections,"18.51.-8.-7",49152,2472
at_projections,"18.51.12.-42",131072,1536
at_projections,"18.51.16.-49",32768,1536
at_projections,"18.51.4.-28",16384,312
at_projections,"18.51.8.-35",32768,0
at_projections,"18.52.-14.3",131072,1024
at_projections,"18.52.-18.10",65536,1536
at_projections,"18.52.-2.-18",16384,1186
at_projections,"18.52.-6.-11",32768,2772
at_projections,"18.52.10.-39",32768,384
at_projections,"18.52.14.-46",131072,2512
at_projections,"18.52.18.-53",98304,4092
at_projections,"18.52.6.-32",32768,512
at_projections,"18.53.-12.-1",32768,1536
at_projections,"18.53.-16.6",65536,2304
at_projections,"18.53.-4.-15",49152,4318
at_projections,"18.53.12.-43",32768,2000
at_projections,"18.53.16.-50",131072,2560
at_projections,"18.54.-18.9",196608,0
at_projections,"18.54.-6.-12",196608,3648
at_projections,"18.54.14.-47",32768,3456
at_projections,"18.54.18.-54",294912,128
at_projections,"18.55.-16.5",32768,128
at_projections,"18.55.-4.-16",16384,312
at_projections,"18.55.-8.-9",49152,2014
at_projections,"18.55.16.-51",32768,1536
at_projections,"18.56.-10.-6",49152,4484
at_projections,"18.56.-18.8",65536,1536
at_projections,"18.56.-6.-13",49152,1704
at_projections,"18.57.-12.-3",32768,3424
at_projections,"18.57.-8.-10",229376,6228
at_projections,"18.58.-10.-7",81920,7340
at_projections,"18.58.-18.7",65536,2560
at_projections,"18.58.-6.-14",32768,512
at_projections,"18.59.-12.-4",49152,2142
at_projections,"18.59.-8.-11",32768,0
at_projections,"18.60.-10.-8",131072,0
at_projections,"18.60.-14.-1",32768,496
at_projections,"18.60.-18.6",65536,1792
at_projections,"18.61.-12.-5",49152,5504
at_projections,"18.62.-10.-9",32768,384
at_projections,"18.62.-14.-2",16384,256
at_projections,"18.62.-18.5",65536,0
at_projections,"18.63.-12.-6",131072,1536
at_projections,"18.64.-14.-3",32768,2908
at_projections,"18.64.-18.4",65536,0
at_projections,"18.65.-12.-7",32768,2000
at_projections,"18.66.-14.-4",131072,2512
at_projections,"18.66.-18.3",65536,2304
at_projections,"18.67.-16.-1",32768,1536
at_projections,"18.68.-14.-5",32768,3456
at_projections,"18.68.-18.2",65536,3624
at_projections,"18.69.-16.-2",131072,2560
at_projections,"18.70.-18.1",98304,4092
at_projections,"18.71.-16.-3",32768,1536
at_projections,"18.72.-18.0",294912,128
at_projections,"19.22.17.-36",98304,6400
at_projections,"19.24.17.-37",32768,4024
at_projections,"19.25.15.-34",65536,5488
at_projections,"19.26.17.-38",32768,1360
at_projections,"19.28.13.-32",65536,1536
at_projections,"19.28.17.-39",32768,0
at_projections,"19.29.3.-15",16384,2526
at_projections,"19.30.1.-12",229376,3344
at_projections,"19.30.17.-40",32768,128
at_projections,"19.31.-1.-9",229376,3344
at_projections,"19.31.11.-30",65536,0
at_projections,"19.31.3.-16",65536,6244
at_projections,"19.32.-3.-6",16384,2526
at_projections,"19.32.1.-13",131072,7848
at_projections,"19.32.17.-41",32768,2688
at_projections,"19.32.5.-20",16384,552
at_projections,"19.33.-1.-10",131072,7848
at_projections,"19.33.3.-17",98304,8092
at_projections,"19.34.-3.-7",65536,6244
at_projections,"19.34.1.-14",16384,3614
at_projections,"19.34.17.-42",32768,2688
at_projections,"19.34.5.-21",65536,624
at_projections,"19.34.9.-28",65536,0
at_projections,"19.35.-1.-11",16384,3614
at_projections,"19.35.3.-18",65536,5216
at_projections,"19.35.7.-25",16384,192
at_projections,"19.36.-3.-8",98304,8092
at_projections,"19.36.17.-43",32768,256
at_projections,"19.36.5.-22",98304,928
at_projections,"19.37.-5.-5",16384,552
at_projections,"19.37.3.-19",16384,768
at_projections,"19.37.7.-26",131072,5984
at_projections,"19.38.-3.-9",65536,5216
at_projections,"19.38.17.-44",98304,0
at_projections,"19.38.5.-23",65536,32
at_projections,"19.38.9.-30",16384,960
at_projections,"19.39.-17.15",98304,6400
at_projections,"19.39.-5.-6",65536,624
at_projections,"19.39.15.-41",65536,2560
at_projections,"19.39.7.-27",98304,1728
at_projections,"19.40.-15.11",65536,5488
at_projections,"19.40.-3.-10",16384,768
at_projections,"19.40.13.-38",65536,768
at_projections,"19.40.17.-45",98304,1920
at_projections,"19.40.5.-24",81920,4960
at_projections,"19.40.9.-31",65536,2572
at_projections,"19.41.-13.7",65536,1536
at_projections,"19.41.-17.14",32768,4024
at_projections,"19.41.-5.-7",98304,928
at_projections,"19.41.11.-35",65536,3008
at_projections,"19.41.15.-42",65536,0
at_projections,"19.41.7.-28",65536,2344
at_projections,"19.42.-11.3",65536,0
at_projections,"19.42.-7.-4",16384,192
at_projections,"19.42.13.-39",65536,3536
at_projections,"19.42.17.-46",32768,4024
at_projections,"19.42.9.-32",180224,6984
at_projections,"19.43.-17.13",32768,1360
at_projections,"19.43.-5.-8",65536,32
at_projections,"19.43.-9.-1",65536,0
at_projections,"19.43.11.-36",65536,1024
at_projections,"19.43.3.-22",65536,0
at_projections,"19.43.7.-29",81920,4992
at_projections,"19.44.-7.-5",131072,5984
at_projections,"19.44.17.-47",32768,2560
at_projections,"19.44.5.-26",65536,6144
at_projections,"19.44.9.-33",98304,4760
at_projections,"19.45.-17.12",32768,0
at_projections,"19.45.-5.-9",81920,4960
at_projections,"19.45.3.-23",65536,0
at_projections,"19.45.7.-30",131072,4616
at_projections,"19.46.-3.-13",65536,0
at_projections,"19.46.-7.-6",98304,1728
at_projections,"19.46.1.-20",163840,0
at_projections,"19.46.17.-48",32768,0
at_projections,"19.46.5.-27",81920,5292
at_projections,"19.47.-1.-17",163840,0
at_projections,"19.47.-17.11",32768,128
at_projections,"19.47.-9.-3",16384,960
at_projections,"19.47.3.-24",81920,5168
at_projections,"19.48.-3.-14",65536,0
at_projections,"19.48.-7.-7",65536,2344
at_projections,"19.48.1.-21",163840,2112
at_projections,"19.48.13.-42",16384,2032
at_projections,"19.48.17.-49",32768,0
at_projections,"19.48.5.-28",32768,3690
at_projections,"19.49.-1.-18",163840,2112
at_projections,"19.49.-17.10",32768,2688
at_projections,"19.49.-5.-11",65536,6144
at_projections,"19.49.-9.-4",65536,2572
at_projections,"19.49.11.-39",98304,7182
at_projections,"19.49.3.-25",98304,9128
at_projections,"19.49.7.-32",16384,256
at_projections,"19.50.-3.-15",81920,5168
at_projections,"19.50.-7.-8",81920,4992
at_projections,"19.50.1.-22",65536,5386
at_projections,"19.50.13.-43",65536,512
at_projections,"19.50.17.-50",32768,1536
at_projections,"19.50.5.-29",81920,4448
at_projections,"19.50.9.-36",49152,2440
at_projections,"19.51.-1.-19",65536,5386
at_projections,"19.51.-17.9",32768,2688
at_projections,"19.51.-5.-12",81920,5292
at_projections,"19.51.-9.-5",180224,6984
at_projections,"19.51.11.-40",16384,464
at_projections,"19.51.3.-26",65536,1120
at_projections,"19.51.7.-33",114688,2309
at_projections,"19.52.-11.-2",65536,3008
at_projections,"19.52.-3.-16",98304,9128
at_projections,"19.52.-7.-9",131072,4616
at_projections,"19.52.1.-23",32768,3040
at_projections,"19.52.17.-51",32768,3934
at_projections,"19.52.5.-30",32768,352
at_projections,"19.52.9.-37",114688,3360
at_projections,"19.53.-1.-20",32768,3040
at_projections,"19.53.-13.1",65536,768
at_projections,"19.53.-17.8",32768,256
at_projections,"19.53.-5.-13",32768,3690
at_projections,"19.53.-9.-6",98304,4760
at_projections,"19.53.11.-41",65536,2304
at_projections,"19.53.7.-34",32768,1408
at_projections,"19.54.-11.-3",65536,1024
at_projections,"19.54.-15.4",65536,2560
at_projections,"19.54.-3.-17",65536,1120
at_projections,"19.54.13.-45",65536,4796
at_projections,"19.54.17.-52",32768,1744
at_projections,"19.54.5.-31",32768,256
at_projections,"19.55.-13.0",65536,3536
at_projections,"19.55.-17.7",98304,0
at_projections,"19.55.-5.-14",81920,4448
at_projections,"19.55.15.-49",65536,2304
at_projections,"19.56.-15.3",65536,0
at_projections,"19.56.-7.-11",16384,256
at_projections,"19.56.17.-53",98304,0
at_projections,"19.57.-17.6",98304,1920
at_projections,"19.57.-5.-15",32768,352
at_projections,"19.58.-7.-12",114688,2309
at_projections,"19.59.-17.5",32768,4024
at_projections,"19.59.-5.-16",32768,256
at_projections,"19.59.-9.-9",49152,2440
at_projections,"19.60.-11.-6",98304,7182
at_projections,"19.60.-7.-13",32768,1408
at_projections,"19.61.-13.-3",16384,2032
at_projections,"19.61.-17.4",32768,2560
at_projections,"19.61.-9.-10",114688,3360
at_projections,"19.62.-11.-7",16384,464
at_projections,"19.63.-13.-4",65536,512
at_projections,"19.63.-17.3",32768,0
at_projections,"19.64.-11.-8",65536,2304
at_projections,"19.65.-17.2",32768,0
at_projections,"19.67.-13.-6",65536,4796
at_projections,"19.67.-17.1",32768,1536
at_projections,"19.69.-17.0",32768,3934
at_projections,"19.70.-15.-4",65536,2304
at_projections,"19.71.-17.-1",32768,1744
at_projections,"19.73.-17.-2",98304,0
at_projections,"2.-1.-12.22",131072,0
at_projections,"2.-1.-16.29",65536,3952
at_projections,"2.-1.-4.8",81920,9960
at_projections,"2.-1.-8.15",81920,2582
at_projections,"2.-1.0.1",622592,84400
at_projections,"2.-1.12.-20",327680,6204
at_projections,"2.-1.16.-27",131072,8656
at_projections,"2.-1.20.-34",16384,1876
at_projections,"2.-1.4.-6",475136,12304
at_projections,"2.-1.8.-13",442368,9352
at_projections,"2.-10.-10.23",16384,576
at_projections,"2.-10.10.-12",131072,0
at_projections,"2.-10.18.-26",16384,1186
at_projections,"2.-10.22.-33",16384,2112
at_projections,"2.-10.30.-47",131072,1024
at_projections,"2.-10.6.-5",65536,7316
at_projections,"2.-11.-8.20",16384,576
at_projections,"2.-11.0.6",327680,38952
at_projections,"2.-11.12.-15",65536,1920
at_projections,"2.-11.20.-29",16384,1140
at_projections,"2.-11.28.-43",32768,1264
at_projections,"2.-11.32.-50",65536,6224
at_projections,"2.-11.8.-8",65536,6804
at_projections,"2.-12.-2.10",65536,768
at_projections,"2.-12.-6.17",65536,2432
at_projections,"2.-12.10.-11",65536,0
at_projections,"2.-12.18.-25",32768,1200
at_projections,"2.-12.34.-53",131072,2048
at_projections,"2.-12.6.-4",16384,2704
at_projections,"2.-13.-4.14",16384,1044
at_projections,"2.-13.0.7",294912,26608
at_projections,"2.-13.12.-14",131072,0
at_projections,"2.-13.20.-28",32768,1344
at_projections,"2.-13.32.-49",32768,1152
at_projections,"2.-13.8.-7",98304,11997
at_projections,"2.-14.-2.11",16384,1904
at_projections,"2.-14.10.-10",16384,2992
at_projections,"2.-14.14.-17",65536,1768
at_projections,"2.-14.2.4",65536,768
at_projections,"2.-14.22.-31",32768,720
at_projections,"2.-15.-4.15",32768,1184
at_projections,"2.-15.0.8",262144,15696
at_projections,"2.-15.12.-13",65536,1536
at_projections,"2.-15.24.-34",32768,624
at_projections,"2.-15.8.-6",65536,11782
at_projections,"2.-16.-2.12",65536,5728
at_projections,"2.-16.-6.19",16384,1040
at_projections,"2.-16.10.-9",32768,4298
at_projections,"2.-16.14.-16",131072,768
at_projections,"2.-16.2.5",16384,1904
at_projections,"2.-16.22.-30",16384,1152
at_projections,"2.-17.-4.16",65536,2560
at_projections,"2.-17.0.9",294912,21248
at_projections,"2.-17.12.-12",16384,2314
at_projections,"2.-17.16.-19",65536,3952
at_projections,"2.-17.24.-33",16384,640
at_projections,"2.-17.4.2",16384,1044
at_projections,"2.-17.8.-5",49152,2676
at_projections,"2.-18.-2.13",16384,2058
at_projections,"2.-18.10.-8",49152,1632
at_projections,"2.-18.14.-15",81920,7453
at_projections,"2.-18.2.6",65536,5728
at_projections,"2.-18.6.-1",65536,2432
at_projections,"2.-19.0.10",229376,17994
at_projections,"2.-19.12.-11",32768,2688
at_projections,"2.-19.16.-18",131072,1536
at_projections,"2.-19.4.3",32768,1184
at_projections,"2.-19.8.-4",16384,576
at_projections,"2.-2.-10.19",65536,0
at_projections,"2.-2.-14.26",131072,768
at_projections,"2.-2.-18.33",65536,5568
at_projections,"2.-2.-2.5",81920,8170
at_projections,"2.-2.-6.12",98304,7354
at_projections,"2.-2.10.-16",442368,8714
at_projections,"2.-2.14.-23",409600,5088
at_projections,"2.-2.18.-30",163840,13112
at_projections,"2.-2.2.-2",114688,7928
at_projections,"2.-2.6.-9",344064,8632
at_projections,"2.-20.10.-7",16384,576
at_projections,"2.-20.18.-21",65536,5568
at_projections,"2.-20.2.7",16384,2058
at_projections,"2.-21.0.11",163840,8552
at_projections,"2.-21.16.-17",65536,2670
at_projections,"2.-21.4.4",65536,2560
at_projections,"2.-22.18.-20",131072,768
at_projections,"2.-22.6.1",16384,1040
at_projections,"2.-23.0.12",131072,7412
at_projections,"2.-25.0.13",98304,6512
at_projections,"2.-27.0.14",65536,7904
at_projections,"2.-29.0.15",32768,5232
at_projections,"2.-3.-12.23",65536,1536
at_projections,"2.-3.-16.30",131072,1536
at_projections,"2.-3.-4.9",49152,2432
at_projections,"2.-3.-8.16",65536,6804
at_projections,"2.-3.0.2",491520,52072
at_projections,"2.-3.12.-19",458752,10632
at_projections,"2.-3.16.-26",344064,5008
at_projections,"2.-3.20.-33",98304,8276
at_projections,"2.-3.4.-5",262144,22988
at_projections,"2.-3.8.-12",360448,9264
at_projections,"2.-4.-10.20",16384,2992
at_projections,"2.-4.-14.27",81920,7453
at_projections,"2.-4.-18.34",131072,768
at_projections,"2.-4.-6.13",65536,7316
at_projections,"2.-4.10.-15",311296,4764
at_projections,"2.-4.14.-22",393216,4096
at_projections,"2.-4.18.-29",278528,1216
at_projections,"2.-4.2.-1",81920,8170
at_projections,"2.-4.6.-8",245760,11509
at_projections,"2.-5.-12.24",16384,2314
at_projections,"2.-5.-16.31",65536,2670
at_projections,"2.-5.-8.17",98304,11997
at_projections,"2.-5.0.3",425984,21916
at_projections,"2.-5.12.-18",294912,4544
at_projections,"2.-5.16.-25",360448,2176
at_projections,"2.-5.20.-32",147456,10392
at_projections,"2.-5.24.-39",32768,1280
at_projections,"2.-5.4.-4",81920,9960
at_projections,"2.-5.8.-11",131072,9724
at_projections,"2.-6.-10.21",32768,4298
at_projections,"2.-6.-6.14",16384,2704
at_projections,"2.-6.10.-14",65536,2048
at_projections,"2.-6.14.-21",294912,1664
at_projections,"2.-6.18.-28",65536,2048
at_projections,"2.-6.22.-35",147456,2346
at_projections,"2.-6.6.-7",147456,13386
at_projections,"2.-7.-12.25",32768,2688
at_projections,"2.-7.-8.18",65536,11782
at_projections,"2.-7.0.4",393216,21560
at_projections,"2.-7.12.-17",81920,4368
at_projections,"2.-7.16.-24",131072,0
at_projections,"2.-7.20.-31",65536,2912
at_projections,"2.-7.24.-38",65536,1536
at_projections,"2.-7.28.-45",32768,1024
at_projections,"2.-7.4.-3",49152,2432
at_projections,"2.-7.8.-10",131072,1536
at_projections,"2.-8.-10.22",49152,1632
at_projections,"2.-8.10.-13",65536,3822
at_projections,"2.-8.14.-20",81920,4382
at_projections,"2.-8.22.-34",32768,2784
at_projections,"2.-8.26.-41",131072,0
at_projections,"2.-8.6.-6",98304,7354
at_projections,"2.-9.-8.19",49152,2676
at_projections,"2.-9.0.5",360448,29980
at_projections,"2.-9.16.-23",65536,2112
at_projections,"2.-9.24.-37",32768,0
at_projections,"2.-9.28.-44",65536,1408
at_projections,"2.-9.32.-51",32768,2384
at_projections,"2.-9.8.-9",81920,2582
at_projections,"2.0.-10.18",131072,0
at_projections,"2.0.-14.25",65536,1768
at_projections,"2.0.-2.4",114688,7928
at_projections,"2.0.-6.11",147456,13386
at_projections,"2.0.10.-17",393216,5024
at_projections,"2.0.14.-24",98304,9016
at_projections,"2.0.18.-31",81920,8295
at_projections,"2.0.2.-3",393216,8594
at_projections,"2.0.6.-10",458752,6528
at_projections,"2.1.-12.21",65536,1920
at_projections,"2.1.-4.7",262144,22988
at_projections,"2.1.-8.14",131072,1536
at_projections,"2.1.0.0",786432,47152
at_projections,"2.1.12.-21",131072,8832
at_projections,"2.1.16.-28",16384,2154
at_projections,"2.1.4.-7",524288,10224
at_projections,"2.1.8.-14",327680,6768
at_projections,"2.10.-10.13",393216,5024
at_projections,"2.10.-14.20",393216,4096
at_projections,"2.10.-2.-1",131072,11010
at_projections,"2.10.-6.6",81920,4448
at_projections,"2.10.10.-22",131072,0
at_projections,"2.10.14.-29",65536,2560
at_projections,"2.10.2.-8",131072,8376
at_projections,"2.10.6.-15",65536,5544
at_projections,"2.11.-12.16",327680,6204
at_projections,"2.11.-16.23",360448,2176
at_projections,"2.11.-4.2",131072,3584
at_projections,"2.11.-8.9",114688,6624
at_projections,"2.11.0.-5",524288,34888
at_projections,"2.11.12.-26",131072,0
at_projections,"2.11.16.-33",65536,2798
at_projections,"2.11.4.-12",98304,7960
at_projections,"2.11.8.-19",65536,5120
at_projections,"2.12.-10.12",65536,2048
at_projections,"2.12.-14.19",409600,5088
at_projections,"2.12.-18.26",65536,2048
at_projections,"2.12.-2.-2",131072,8376
at_projections,"2.12.-22.33",16384,2112
at_projections,"2.12.-6.5",114688,11829
at_projections,"2.12.10.-23",65536,3456
at_projections,"2.12.14.-30",131072,768
at_projections,"2.12.18.-37",65536,1152
at_projections,"2.12.2.-9",98304,10624
at_projections,"2.12.6.-16",16384,1576
at_projections,"2.13.-12.15",131072,8832
at_projections,"2.13.-16.22",344064,5008
at_projections,"2.13.-20.29",65536,2912
at_projections,"2.13.-4.1",114688,8408
at_projections,"2.13.-8.8",49152,4225
at_projections,"2.13.0.-6",589824,26968
at_projections,"2.13.12.-27",65536,2368
at_projections,"2.13.16.-34",131072,1536
at_projections,"2.13.4.-13",98304,11248
at_projections,"2.14.-10.11",98304,4128
at_projections,"2.14.-14.18",98304,9016
at_projections,"2.14.-18.25",278528,1216
at_projections,"2.14.-2.-3",98304,10624
at_projections,"2.14.-22.32",32768,2784
at_projections,"2.14.-6.4",163840,6016
at_projections,"2.14.14.-31",65536,2696
at_projections,"2.14.18.-38",131072,768
at_projections,"2.14.2.-10",49152,5544
at_projections,"2.14.6.-17",65536,8920
at_projections,"2.15.-12.14",49152,5385
at_projections,"2.15.-16.21",131072,8656
at_projections,"2.15.-20.28",147456,10392
at_projections,"2.15.-24.35",32768,0
at_projections,"2.15.-4.0",98304,7960
at_projections,"2.15.-8.7",98304,3968
at_projections,"2.15.0.-7",425984,18400
at_projections,"2.15.16.-35",65536,3732
at_projections,"2.15.4.-14",65536,7754
at_projections,"2.15.8.-21",16384,2040
at_projections,"2.16.-10.10",16384,1576
at_projections,"2.16.-14.17",16384,1828
at_projections,"2.16.-18.24",163840,13112
at_projections,"2.16.-2.-4",49152,5544
at_projections,"2.16.-22.31",147456,2346
at_projections,"2.16.-6.3",65536,5544
at_projections,"2.16.6.-18",98304,9550
at_projections,"2.17.-12.13",16384,1152
at_projections,"2.17.-16.20",16384,2154
at_projections,"2.17.-20.27",98304,8276
at_projections,"2.17.-24.34",65536,1536
at_projections,"2.17.-28.41",32768,1264
at_projections,"2.17.-4.-1",98304,11248
at_projections,"2.17.-8.6",131072,1536
at_projections,"2.17.0.-8",393216,17092
at_projections,"2.17.4.-15",16384,2805
at_projections,"2.17.8.-22",65536,7444
at_projections,"2.18.-10.9",65536,384
at_projections,"2.18.-14.16",65536,4880
at_projections,"2.18.-18.23",81920,8295
at_projections,"2.18.-26.37",131072,0
at_projections,"2.18.-6.2",16384,1576
at_projections,"2.18.10.-26",16384,1608
at_projections,"2.18.6.-19",65536,6336
at_projections,"2.19.-16.19",49152,4470
at_projections,"2.19.-20.26",16384,1876
at_projections,"2.19.-24.33",32768,1280
at_projections,"2.19.-28.40",65536,1408
at_projections,"2.19.-32.47",32768,1152
at_projections,"2.19.-4.-2",65536,7754
at_projections,"2.19.-8.5",65536,5120
at_projections,"2.19.0.-9",360448,11856
at_projections,"2.19.8.-23",98304,8458
at_projections,"2.2.-10.17",65536,3822
at_projections,"2.2.-2.3",393216,8594
at_projections,"2.2.-6.10",245760,11509
at_projections,"2.2.10.-18",65536,2048
at_projections,"2.2.14.-25",16384,1828
at_projections,"2.2.18.-32",49152,3544
at_projections,"2.2.2.-4",638976,9834
at_projections,"2.2.22.-39",32768,1952
at_projections,"2.2.6.-11",393216,3584
at_projections,"2.20.-10.8",131072,0
at_projections,"2.20.-18.22",49152,3544
at_projections,"2.20.-30.43",131072,1024
at_projections,"2.20.-6.1",65536,8920
at_projections,"2.20.10.-27",32768,6836
at_projections,"2.20.6.-20",16384,1912
at_projections,"2.21.-12.11",65536,1088
at_projections,"2.21.-16.18",49152,6224
at_projections,"2.21.-28.39",32768,1024
at_projections,"2.21.-32.46",65536,6224
at_projections,"2.21.-4.-3",16384,2805
at_projections,"2.21.0.-10",327680,7376
at_projections,"2.21.8.-24",65536,7922
at_projections,"2.22.-10.7",65536,3456
at_projections,"2.22.-18.21",32768,2964
at_projections,"2.22.-34.49",131072,2048
at_projections,"2.22.-6.0",98304,9550
at_projections,"2.22.10.-28",16384,2329
at_projections,"2.22.2.-14",65536,768
at_projections,"2.22.6.-21",16384,2386
at_projections,"2.23.-12.10",131072,0
at_projections,"2.23.-20.24",32768,3960
at_projections,"2.23.-32.45",32768,2384
at_projections,"2.23.-8.3",16384,2040
at_projections,"2.23.0.-11",294912,7632
at_projections,"2.23.4.-18",16384,3926
at_projections,"2.23.8.-25",16384,2475
at_projections,"2.24.-14.13",65536,2560
at_projections,"2.24.-2.-8",65536,768
at_projections,"2.24.-22.27",32768,1952
at_projections,"2.24.-6.-1",65536,6336
at_projections,"2.25.-12.9",65536,2368
at_projections,"2.25.-20.23",16384,2141
at_projections,"2.25.-8.2",65536,7444
at_projections,"2.25.0.-12",262144,16532
at_projections,"2.25.4.-19",32768,4112
at_projections,"2.26.-14.12",131072,768
at_projections,"2.26.-22.26",16384,2176
at_projections,"2.26.-6.-2",16384,1912
at_projections,"2.26.2.-16",32768,3710
at_projections,"2.26.6.-23",16384,2448
at_projections,"2.27.-16.15",65536,2798
at_projections,"2.27.-4.-6",16384,3926
at_projections,"2.27.-8.1",98304,8458
at_projections,"2.27.0.-13",294912,27056
at_projections,"2.27.4.-20",16384,3390
at_projections,"2.28.-10.4",16384,1608
at_projections,"2.28.-14.11",65536,2696
at_projections,"2.28.-2.-10",32768,3710
at_projections,"2.28.-6.-3",16384,2386
at_projections,"2.28.2.-17",81920,8272
at_projections,"2.28.6.-24",32768,3528
at_projections,"2.29.-16.14",131072,1536
at_projections,"2.29.-4.-7",32768,4112
at_projections,"2.29.-8.0",65536,7922
at_projections,"2.29.0.-14",229376,8896
at_projections,"2.29.4.-21",32768,3196
at_projections,"2.3.-4.6",475136,12304
at_projections,"2.3.-8.13",131072,9724
at_projections,"2.3.0.-1",1146880,27568
at_projections,"2.3.12.-22",49152,5385
at_projections,"2.3.16.-29",49152,4470
at_projections,"2.3.20.-36",32768,3960
at_projections,"2.3.4.-8",360448,8736
at_projections,"2.3.8.-15",114688,6624
at_projections,"2.30.-10.3",32768,6836
at_projections,"2.30.-18.17",65536,1152
at_projections,"2.30.-2.-11",81920,8272
at_projections,"2.31.-16.13",65536,3732
at_projections,"2.31.-4.-8",16384,3390
at_projections,"2.31.-8.-1",16384,2475
at_projections,"2.31.0.-15",163840,1020
at_projections,"2.32.-10.2",16384,2329
at_projections,"2.32.-18.16",131072,768
at_projections,"2.32.-6.-5",16384,2448
at_projections,"2.33.-4.-9",32768,3196
at_projections,"2.33.0.-16",131072,1280
at_projections,"2.34.-6.-6",32768,3528
at_projections,"2.35.0.-17",98304,5536
at_projections,"2.37.0.-18",65536,6912
at_projections,"2.39.0.-19",32768,1536
at_projections,"2.4.-10.16",65536,2048
at_projections,"2.4.-2.2",638976,9834
at_projections,"2.4.-6.9",344064,8632
at_projections,"2.4.10.-19",98304,4128
at_projections,"2.4.14.-26",65536,4880
at_projections,"2.4.18.-33",32768,2964
at_projections,"2.4.2.-5",655360,12496
at_projections,"2.4.22.-40",16384,2176
at_projections,"2.4.6.-12",81920,4448
at_projections,"2.5.-12.19",81920,4368
at_projections,"2.5.-4.5",524288,10224
at_projections,"2.5.-8.12",360448,9264
at_projections,"2.5.0.-2",1507328,34436
at_projections,"2.5.12.-23",16384,1152
at_projections,"2.5.16.-30",49152,6224
at_projections,"2.5.20.-37",16384,2141
at_projections,"2.5.4.-9",229376,14336
at_projections,"2.5.8.-16",49152,4225
at_projections,"2.6.-10.15",311296,4764
at_projections,"2.6.-14.22",81920,4382
at_projections,"2.6.-18.29",32768,1200
at_projections,"2.6.-2.1",655360,12496
at_projections,"2.6.-22.36",16384,1152
at_projections,"2.6.-6.8",458752,6528
at_projections,"2.6.10.-20",16384,1576
at_projections,"2.6.2.-6",245760,5920
at_projections,"2.6.6.-13",114688,11829
at_projections,"2.7.-12.18",294912,4544
at_projections,"2.7.-16.25",65536,2112
at_projections,"2.7.-20.32",32768,1344
at_projections,"2.7.-24.39",16384,640
at_projections,"2.7.-4.4",360448,8736
at_projections,"2.7.-8.11",442368,9352
at_projections,"2.7.0.-3",1015808,61216
at_projections,"2.7.4.-10",131072,3584
at_projections,"2.7.8.-17",98304,3968
at_projections,"2.8.-10.14",442368,8714
at_projections,"2.8.-14.21",294912,1664
at_projections,"2.8.-18.28",16384,1186
at_projections,"2.8.-2.0",245760,5920
at_projections,"2.8.-22.35",32768,720
at_projections,"2.8.-6.7",393216,3584
at_projections,"2.8.10.-21",65536,384
at_projections,"2.8.2.-7",131072,11010
at_projections,"2.8.6.-14",163840,6016
at_projections,"2.9.-12.17",458752,10632
at_projections,"2.9.-16.24",131072,0
at_projections,"2.9.-20.31",16384,1140
at_projections,"2.9.-24.38",32768,624
at_projections,"2.9.-4.3",229376,14336
at_projections,"2.9.-8.10",327680,6768
at_projections,"2.9.0.-4",655360,65068
at_projections,"2.9.12.-25",65536,1088
at_projections,"2.9.4.-11",114688,8408
at_projections,"2.9.8.-18",131072,1536
at_projections,"20.33.2.-15",32768,3744
at_projections,"20.34.0.-12",131072,6656
at_projections,"20.34.4.-19",16384,1876
at_projections,"20.35.-2.-9",32768,3744
at_projections,"20.35.2.-16",81920,7996
at_projections,"20.36.0.-13",32768,4308
at_projections,"20.36.4.-20",65536,2144
at_projections,"20.37.-2.-10",81920,7996
at_projections,"20.37.2.-17",65536,6420
at_projections,"20.37.6.-24",16384,128
at_projections,"20.38.-4.-7",16384,1876
at_projections,"20.38.4.-21",98304,4188
at_projections,"20.39.-2.-11",65536,6420
at_projections,"20.39.2.-18",16384,3504
at_projections,"20.39.6.-25",65536,384
at_projections,"20.40.-4.-8",65536,2144
at_projections,"20.40.4.-22",65536,3488
at_projections,"20.40.8.-29",16384,621
at_projections,"20.41.-2.-12",16384,3504
at_projections,"20.41.14.-40",32768,768
at_projections,"20.41.6.-26",98304,2545
at_projections,"20.42.-4.-9",98304,4188
at_projections,"20.42.16.-44",131072,512
at_projections,"20.42.4.-23",16384,1527
at_projections,"20.42.8.-30",65536,1984
at_projections,"20.43.-6.-6",16384,128
at_projections,"20.43.10.-34",49152,3760
at_projections,"20.43.14.-41",65536,3512
at_projections,"20.43.6.-27",65536,1280
at_projections,"20.44.-4.-10",65536,3488
at_projections,"20.44.12.-38",131072,3040
at_projections,"20.44.8.-31",98304,4848
at_projections,"20.45.-6.-7",65536,384
at_projections,"20.45.10.-35",98304,7632
at_projections,"20.45.14.-42",32768,2304
at_projections,"20.45.6.-28",49152,3732
at_projections,"20.46.-4.-11",16384,1527
at_projections,"20.46.8.-32",212992,8076
at_projections,"20.47.-6.-8",98304,2545
at_projections,"20.47.10.-36",49152,6185
at_projections,"20.47.2.-22",32768,0
at_projections,"20.47.6.-29",81920,8576
at_projections,"20.48.-8.-5",16384,621
at_projections,"20.48.4.-26",131072,1024
at_projections,"20.48.8.-33",16384,2530
at_projections,"20.49.-2.-16",32768,0
at_projections,"20.49.-6.-9",65536,1280
at_projections,"20.49.2.-23",65536,1024
at_projections,"20.49.6.-30",65536,5238
at_projections,"20.50.-8.-6",65536,1984
at_projections,"20.50.0.-20",262144,2304
at_projections,"20.50.4.-27",32768,6926
at_projections,"20.51.-2.-17",65536,1024
at_projections,"20.51.-6.-10",49152,3732
at_projections,"20.51.10.-38",16384,2496
at_projections,"20.51.14.-45",16384,640
at_projections,"20.51.2.-24",65536,4728
at_projections,"20.52.-4.-14",131072,1024
at_projections,"20.52.-8.-7",98304,4848
at_projections,"20.52.12.-42",49152,4680
at_projections,"20.52.4.-28",32768,3772
at_projections,"20.52.8.-35",32768,0
at_projections,"20.53.-10.-4",49152,3760
at_projections,"20.53.-2.-18",65536,4728
at_projections,"20.53.-6.-11",81920,8576
at_projections,"20.53.10.-39",98304,4288
at_projections,"20.53.2.-25",32768,3281
at_projections,"20.53.6.-32",32768,0
at_projections,"20.54.-4.-15",32768,6926
at_projections,"20.54.-8.-8",212992,8076
at_projections,"20.54.0.-22",131072,5760
at_projections,"20.54.12.-43",32768,480
at_projections,"20.54.4.-29",32768,256
at_projections,"20.54.8.-36",49152,3520
at_projections,"20.55.-10.-5",98304,7632
at_projections,"20.55.-14.2",32768,768
at_projections,"20.55.-2.-19",32768,3281
at_projections,"20.55.-6.-12",65536,5238
at_projections,"20.55.2.-26",32768,1344
at_projections,"20.55.6.-33",49152,1528
at_projections,"20.56.-12.-2",131072,3040
at_projections,"20.56.-4.-16",32768,3772
at_projections,"20.56.-8.-9",16384,2530
at_projections,"20.56.8.-37",16384,752
at_projections,"20.57.-10.-6",49152,6185
at_projections,"20.57.-14.1",65536,3512
at_projections,"20.57.-2.-20",32768,1344
at_projections,"20.57.6.-34",16384,440
at_projections,"20.58.-16.4",131072,512
at_projections,"20.58.-4.-17",32768,256
at_projections,"20.59.-14.0",32768,2304
at_projections,"20.59.-6.-14",32768,0
at_projections,"20.60.-8.-11",32768,0
at_projections,"20.61.-10.-8",16384,2496
at_projections,"20.61.-6.-15",49152,1528
at_projections,"20.62.-8.-12",49152,3520
at_projections,"20.63.-10.-9",98304,4288
at_projections,"20.63.-6.-16",16384,440
at_projections,"20.64.-12.-6",49152,4680
at_projections,"20.64.-8.-13",16384,752
at_projections,"20.65.-14.-3",16384,640
at_projections,"20.66.-12.-7",32768,480
at_projections,"21.37.1.-15",16384,2526
at_projections,"21.38.-1.-12",16384,2526
at_projections,"21.38.3.-19",32768,3196
at_projections,"21.39.1.-16",32768,4104
at_projections,"21.39.5.-23",16384,912
at_projections,"21.40.-1.-13",32768,4104
at_projections,"21.40.3.-20",81920,3688
at_projections,"21.41.-3.-10",32768,3196
at_projections,"21.41.1.-17",16384,1776
at_projections,"21.41.5.-24",65536,3536
at_projections,"21.42.-1.-14",16384,1776
at_projections,"21.42.3.-21",65536,8228
at_projections,"21.42.7.-28",16384,344
at_projections,"21.43.-3.-11",81920,3688
at_projections,"21.43.5.-25",98304,7308
at_projections,"21.44.-5.-8",16384,912
at_projections,"21.44.15.-43",65536,0
at_projections,"21.44.3.-22",16384,3180
at_projections,"21.44.7.-29",65536,3076
at_projections,"21.45.-3.-12",65536,8228
at_projections,"21.45.13.-40",65536,2512
at_projections,"21.45.5.-26",65536,6292
at_projections,"21.45.9.-33",16384,576
at_projections,"21.46.-5.-9",65536,3536
at_projections,"21.46.11.-37",65536,5048
at_projections,"21.46.15.-44",65536,4816
at_projections,"21.46.7.-30",98304,4400
at_projections,"21.47.-3.-13",16384,3180
at_projections,"21.47.13.-41",65536,2036
at_projections,"21.47.5.-27",16384,1536
at_projections,"21.47.9.-34",131072,7760
at_projections,"21.48.-5.-10",98304,7308
at_projections,"21.48.11.-38",65536,4304
at_projections,"21.48.7.-31",131072,10088
at_projections,"21.49.-7.-7",16384,344
at_projections,"21.49.5.-28",65536,2304
at_projections,"21.49.9.-35",147456,11940
at_projections,"21.50.-5.-11",65536,6292
at_projections,"21.50.3.-25",65536,1536
at_projections,"21.50.7.-32",81920,4830
at_projections,"21.51.-7.-8",65536,3076
at_projections,"21.51.1.-22",98304,192
at_projections,"21.51.5.-29",98304,6820
at_projections,"21.51.9.-36",32768,4182
at_projections,"21.52.-1.-19",98304,192
at_projections,"21.52.-5.-12",16384,1536
at_projections,"21.52.3.-26",65536,768
at_projections,"21.53.-3.-16",65536,1536
at_projections,"21.53.-7.-9",98304,4400
at_projections,"21.53.1.-23",98304,4380
at_projections,"21.54.-1.-20",98304,4380
at_projections,"21.54.-5.-13",65536,2304
at_projections,"21.54.-9.-6",16384,576
at_projections,"21.54.11.-41",49152,5310
at_projections,"21.54.3.-27",65536,6868
at_projections,"21.55.-3.-17",65536,768
at_projections,"21.55.-7.-10",131072,10088
at_projections,"21.55.1.-24",32768,2072
at_projections,"21.55.13.-45",32768,1584
at_projections,"21.55.5.-31",32768,288
at_projections,"21.55.9.-38",49152,3680
at_projections,"21.56.-1.-21",32768,2072
at_projections,"21.56.-5.-14",98304,6820
at_projections,"21.56.-9.-7",131072,7760
at_projections,"21.56.11.-42",49152,3260
at_projections,"21.56.3.-28",32768,1872
at_projections,"21.56.7.-35",65536,0
at_projections,"21.57.-11.-4",65536,5048
at_projections,"21.57.-3.-18",65536,6868
at_projections,"21.57.-7.-11",81920,4830
at_projections,"21.57.1.-25",65536,3586
at_projections,"21.57.5.-32",16384,512
at_projections,"21.57.9.-39",49152,2138
at_projections,"21.58.-1.-22",65536,3586
at_projections,"21.58.-13.-1",65536,2512
at_projections,"21.58.-9.-8",147456,11940
at_projections,"21.58.3.-29",16384,448
at_projections,"21.58.7.-36",65536,2240
at_projections,"21.59.-11.-5",65536,4304
at_projections,"21.59.-15.2",65536,0
at_projections,"21.59.-3.-19",32768,1872
at_projections,"21.60.-13.-2",65536,2036
at_projections,"21.60.-5.-16",32768,288
at_projections,"21.60.-9.-9",32768,4182
at_projections,"21.61.-15.1",65536,4816
at_projections,"21.61.-3.-20",16384,448
at_projections,"21.62.-5.-17",16384,512
at_projections,"21.63.-7.-14",65536,0
at_projections,"21.64.-9.-11",49152,3680
at_projections,"21.65.-11.-8",49152,5310
at_projections,"21.65.-7.-15",65536,2240
at_projections,"21.66.-9.-12",49152,2138
at_projections,"21.67.-11.-9",49152,3260
at_projections,"21.68.-13.-6",32768,1584
at_projections,"22.42.2.-19",16384,1834
at_projections,"22.43.4.-23",32768,1724
at_projections,"22.44.-2.-13",16384,1834
at_projections,"22.44.2.-20",32768,2784
at_projections,"22.44.6.-27",16384,1888
at_projections,"22.45.4.-24",81920,7777
at_projections,"22.46.-2.-14",32768,2784
at_projections,"22.46.2.-21",16384,2112
at_projections,"22.46.6.-28",65536,5104
at_projections,"22.47.-4.-11",32768,1724
at_projections,"22.47.12.-39",32768,2964
at_projections,"22.47.4.-25",65536,7774
at_projections,"22.47.8.-32",16384,1196
at_projections,"22.48.-2.-15",16384,2112
at_projections,"22.48.14.-43",131072,2560
at_projections,"22.48.6.-29",98304,7448
at_projections,"22.49.-4.-12",81920,7777
at_projections,"22.49.12.-40",65536,5170
at_projections,"22.49.4.-26",16384,2496
at_projections,"22.49.8.-33",98304,7608
at_projections,"22.50.-6.-9",16384,1888
at_projections,"22.50.10.-37",147456,6710
at_projections,"22.50.6.-30",65536,5920
at_projections,"22.51.-4.-13",65536,7774
at_projections,"22.51.12.-41",32768,3072
at_projections,"22.51.4.-27",32768,256
at_projections,"22.51.8.-34",163840,15858
at_projections,"22.52.-6.-10",65536,5104
at_projections,"22.52.10.-38",32768,4016
at_projections,"22.52.6.-31",147456,4346
at_projections,"22.53.-4.-14",16384,2496
at_projections,"22.53.0.-21",32768,0
at_projections,"22.53.4.-28",65536,4292
at_projections,"22.53.8.-35",98304,9616
at_projections,"22.54.-6.-11",98304,7448
at_projections,"22.54.10.-39",16384,384
at_projections,"22.54.2.-25",131072,512
at_projections,"22.55.-4.-15",32768,256
at_projections,"22.55.-8.-8",16384,1196
at_projections,"22.55.0.-22",196608,5116
at_projections,"22.55.4.-29",49152,4379
at_projections,"22.55.8.-36",16384,1088
at_projections,"22.56.-2.-19",131072,512
at_projections,"22.56.-6.-12",65536,5920
at_projections,"22.56.2.-26",16384,2176
at_projections,"22.57.-4.-16",65536,4292
at_projections,"22.57.-8.-9",98304,7608
at_projections,"22.57.0.-23",32768,1536
at_projections,"22.57.12.-44",49152,4236
at_projections,"22.57.8.-37",16384,960
at_projections,"22.58.-2.-20",16384,2176
at_projections,"22.58.-6.-13",147456,4346
at_projections,"22.58.10.-41",98304,5376
at_projections,"22.58.2.-27",65536,2672
at_projections,"22.58.6.-34",16384,224
at_projections,"22.59.-12.-3",32768,2964
at_projections,"22.59.-4.-17",49152,4379
at_projections,"22.59.-8.-10",163840,15858
at_projections,"22.59.0.-24",65536,704
at_projections,"22.59.12.-45",16384,1382
at_projections,"22.59.4.-31",65536,1440
at_projections,"22.59.8.-38",49152,1824
at_projections,"22.60.-10.-7",147456,6710
at_projections,"22.60.-2.-21",65536,2672
at_projections,"22.60.10.-42",16384,1010
at_projections,"22.60.2.-28",16384,1152
at_projections,"22.60.6.-35",49152,1280
at_projections,"22.61.-12.-4",65536,5170
at_projections,"22.61.-8.-11",98304,9616
at_projections,"22.61.0.-25",32768,1792
at_projections,"22.61.8.-39",32768,1804
at_projections,"22.62.-10.-8",32768,4016
at_projections,"22.62.-14.-1",131072,2560
at_projections,"22.62.-2.-22",16384,1152
at_projections,"22.63.-12.-5",32768,3072
at_projections,"22.63.-4.-19",65536,1440
at_projections,"22.63.-8.-12",16384,1088
at_projections,"22.64.-10.-9",16384,384
at_projections,"22.64.-6.-16",16384,224
at_projections,"22.65.-8.-13",16384,960
at_projections,"22.66.-6.-17",49152,1280
at_projections,"22.67.-8.-14",49152,1824
at_projections,"22.68.-10.-11",98304,5376
at_projections,"22.69.-12.-8",49152,4236
at_projections,"22.69.-8.-15",32768,1804
at_projections,"22.70.-10.-12",16384,1010
at_projections,"22.71.-12.-9",16384,1382
at_projections,"23.47.3.-23",16384,2116
at_projections,"23.48.5.-27",32768,3360
at_projections,"23.49.3.-24",32768,3072
at_projections,"23.49.7.-31",16384,1866
at_projections,"23.50.-3.-14",16384,2116
at_projections,"23.50.13.-42",65536,4864
at_projections,"23.50.5.-28",81920,4182
at_projections,"23.51.11.-39",65536,3000
at_projections,"23.51.3.-25",16384,544
at_projections,"23.51.7.-32",65536,5272
at_projections,"23.52.-3.-15",32768,3072
at_projections,"23.52.13.-43",65536,4096
at_projections,"23.52.5.-29",65536,5856
at_projections,"23.52.9.-36",81920,6548
at_projections,"23.53.-5.-12",32768,3360
at_projections,"23.53.11.-40",65536,2560
at_projections,"23.53.7.-33",163840,15008
at_projections,"23.54.-3.-16",16384,544
at_projections,"23.54.5.-30",81920,3888
at_projections,"23.54.9.-37",131072,8992
at_projections,"23.55.-5.-13",81920,4182
at_projections,"23.55.3.-27",65536,0
at_projections,"23.55.7.-34",131072,11884
at_projections,"23.56.-7.-10",16384,1866
at_projections,"23.56.1.-24",98304,2688
at_projections,"23.56.5.-31",65536,3184
at_projections,"23.56.9.-38",81920,3551
at_projections,"23.57.-1.-21",98304,2688
at_projections,"23.57.-5.-14",65536,5856
at_projections,"23.57.3.-28",65536,2976
at_projections,"23.57.7.-35",16384,1872
at_projections,"23.58.-3.-18",65536,0
at_projections,"23.58.-7.-11",65536,5272
at_projections,"23.58.1.-25",98304,3520
at_projections,"23.58.9.-39",32768,256
at_projections,"23.59.-1.-22",98304,3520
at_projections,"23.59.-5.-15",81920,3888
at_projections,"23.60.-3.-19",65536,2976
at_projections,"23.60.-7.-12",163840,15008
at_projections,"23.60.1.-26",32768,608
at_projections,"23.60.5.-33",16384,914
at_projections,"23.60.9.-40",49152,4122
at_projections,"23.61.-1.-23",32768,608
at_projections,"23.61.-5.-16",65536,3184
at_projections,"23.61.-9.-9",81920,6548
at_projections,"23.61.11.-44",98304,6356
at_projections,"23.61.3.-30",16384,680
at_projections,"23.61.7.-37",32768,1568
at_projections,"23.62.-11.-6",65536,3000
at_projections,"23.62.-7.-13",131072,11884
at_projections,"23.62.1.-27",65536,512
at_projections,"23.62.5.-34",32768,448
at_projections,"23.62.9.-41",49152,3534
at_projections,"23.63.-1.-24",65536,512
at_projections,"23.63.-13.-3",65536,4864
at_projections,"23.63.-9.-10",131072,8992
at_projections,"23.63.3.-31",32768,1776
at_projections,"23.63.7.-38",49152,3216
at_projections,"23.64.-11.-7",65536,2560
at_projections,"23.64.-3.-21",16384,680
at_projections,"23.64.-7.-14",16384,1872
at_projections,"23.65.-13.-4",65536,4096
at_projections,"23.65.-5.-18",16384,914
at_projections,"23.65.-9.-11",81920,3551
at_projections,"23.66.-3.-22",32768,1776
at_projections,"23.67.-5.-19",32768,448
at_projections,"23.67.-9.-12",32768,256
at_projections,"23.68.-7.-16",32768,1568
at_projections,"23.69.-9.-13",49152,4122
at_projections,"23.70.-7.-17",49152,3216
at_projections,"23.71.-9.-14",49152,3534
at_projections,"23.72.-11.-11",98304,6356
at_projections,"24.52.4.-27",16384,1552
at_projections,"24.53.10.-38",32768,3348
at_projections,"24.53.6.-31",32768,2144
at_projections,"24.54.12.-42",131072,3072
at_projections,"24.54.4.-28",32768,896
at_projections,"24.54.8.-35",16384,2346
at_projections,"24.55.10.-39",65536,3200
at_projections,"24.55.6.-32",114688,7901
at_projections,"24.56.-4.-15",16384,1552
at_projections,"24.56.4.-29",16384,1040
at_projections,"24.56.8.-36",196608,8016
at_projections,"24.57.10.-40",49152,1600
at_projections,"24.57.2.-26",32768,384
at_projections,"24.57.6.-33",131072,13520
at_projections,"24.58.-4.-16",32768,896
at_projections,"24.58.4.-30",131072,1024
at_projections,"24.58.8.-37",98304,10828
at_projections,"24.59.-2.-20",32768,384
at_projections,"24.59.-6.-13",32768,2144
at_projections,"24.59.10.-41",32768,1280
at_projections,"24.59.2.-27",65536,1280
at_projections,"24.59.6.-34",49152,4674
at_projections,"24.60.-4.-17",16384,1040
at_projections,"24.60.0.-24",262144,3584
at_projections,"24.60.8.-38",65536,4048
at_projections,"24.61.-2.-21",65536,1280
at_projections,"24.61.-6.-14",114688,7901
at_projections,"24.61.10.-42",16384,1328
at_projections,"24.61.2.-28",32768,1152
at_projections,"24.62.-4.-18",131072,1024
at_projections,"24.62.-8.-11",16384,2346
at_projections,"24.62.12.-46",16384,2586
at_projections,"24.62.8.-39",16384,512
at_projections,"24.63.-10.-8",32768,3348
at_projections,"24.63.-2.-22",32768,1152
at_projections,"24.63.-6.-15",131072,13520
at_projections,"24.63.10.-43",49152,4938
at_projections,"24.63.2.-29",16384,640
at_projections,"24.63.6.-36",32768,1296
at_projections,"24.64.-8.-12",196608,8016
at_projections,"24.64.0.-26",32768,512
at_projections,"24.64.4.-33",32768,2112
at_projections,"24.64.8.-40",98304,6996
at_projections,"24.65.-10.-9",65536,3200
at_projections,"24.65.-2.-23",16384,640
at_projections,"24.65.-6.-16",49152,4674
at_projections,"24.65.10.-44",49152,4128
at_projections,"24.65.2.-30",32768,624
at_projections,"24.65.6.-37",16384,1582
at_projections,"24.66.-12.-6",131072,3072
at_projections,"24.66.-8.-13",98304,10828
at_projections,"24.66.4.-34",16384,1026
at_projections,"24.66.8.-41",16384,1184
at_projections,"24.67.-10.-10",49152,1600
at_projections,"24.67.-2.-24",32768,624
at_projections,"24.68.-4.-21",32768,2112
at_projections,"24.68.-8.-14",65536,4048
at_projections,"24.69.-10.-11",32768,1280
at_projections,"24.69.-6.-18",32768,1296
at_projections,"24.70.-4.-22",16384,1026
at_projections,"24.70.-8.-15",16384,512
at_projections,"24.71.-10.-12",16384,1328
at_projections,"24.71.-6.-19",16384,1582
at_projections,"24.72.-8.-16",98304,6996
at_projections,"24.73.-10.-13",49152,4938
at_projections,"24.74.-12.-10",16384,2586
at_projections,"24.74.-8.-17",16384,1184
at_projections,"24.75.-10.-14",49152,4128
at_projections,"25.56.11.-41",65536,4864
at_projections,"25.57.5.-31",16384,988
at_projections,"25.57.9.-38",65536,1792
at_projections,"25.58.11.-42",65536,0
at_projections,"25.58.7.-35",98304,4372
at_projections,"25.59.5.-32",98304,6684
at_projections,"25.59.9.-39",81920,2112
at_projections,"25.60.3.-29",65536,1768
at_projections,"25.60.7.-36",147456,10444
at_projections,"25.61.1.-26",98304,2944
at_projections,"25.61.5.-33",81920,3664
at_projections,"25.61.9.-40",65536,4640
at_projections,"25.62.-1.-23",98304,2944
at_projections,"25.62.-5.-16",16384,988
at_projections,"25.62.3.-30",65536,0
at_projections,"25.62.7.-37",65536,7768
at_projections,"25.63.-3.-20",65536,1768
at_projections,"25.63.1.-27",98304,512
at_projections,"25.63.9.-41",81920,5238
at_projections,"25.64.-1.-24",98304,512
at_projections,"25.64.-5.-17",98304,6684
at_projections,"25.64.7.-38",16384,1898
at_projections,"25.65.-3.-21",65536,0
at_projections,"25.65.-7.-14",98304,4372
at_projections,"25.65.9.-42",49152,4440
at_projections,"25.66.-5.-18",81920,3664
at_projections,"25.66.-9.-11",65536,1792
at_projections,"25.66.11.-46",49152,4232
at_projections,"25.66.3.-32",32768,1600
at_projections,"25.66.7.-39",16384,798
at_projections,"25.67.-11.-8",65536,4864
at_projections,"25.67.-7.-15",147456,10444
at_projections,"25.67.5.-36",65536,3104
at_projections,"25.67.9.-43",98304,6848
at_projections,"25.68.-9.-12",81920,2112
at_projections,"25.68.7.-40",32768,3008
at_projections,"25.69.-11.-9",65536,0
at_projections,"25.69.-3.-23",32768,1600
at_projections,"25.69.-7.-16",65536,7768
at_projections,"25.70.-9.-13",65536,4640
at_projections,"25.71.-7.-17",16384,1898
at_projections,"25.72.-5.-21",65536,3104
at_projections,"25.72.-9.-14",81920,5238
at_projections,"25.73.-7.-18",16384,798
at_projections,"25.74.-9.-15",49152,4440
at_projections,"25.75.-7.-19",32768,3008
at_projections,"25.76.-9.-16",98304,6848
at_projections,"25.77.-11.-13",49152,4232
at_projections,"26.59.8.-37",32768,1152
at_projections,"26.60.10.-41",131072,0
at_projections,"26.61.4.-31",32768,1652
at_projections,"26.61.8.-38",65536,2304
at_projections,"26.62.6.-35",147456,4288
at_projections,"26.63.0.-25",32768,384
at_projections,"26.63.4.-32",65536,4864
at_projections,"26.63.8.-39",65536,2848
at_projections,"26.64.10.-43",16384,1872
at_projections,"26.64.2.-29",131072,0
at_projections,"26.64.6.-36",32768,3768
at_projections,"26.65.-4.-19",32768,1652
at_projections,"26.65.0.-26",196608,768
at_projections,"26.65.4.-33",32768,256
at_projections,"26.65.8.-40",81920,5264
at_projections,"26.66.-2.-23",131072,0
at_projections,"26.66.10.-44",32768,4378
at_projections,"26.66.6.-37",16384,2172
at_projections,"26.67.-4.-20",65536,4864
at_projections,"26.67.-8.-13",32768,1152
at_projections,"26.67.0.-27",32768,508
at_projections,"26.67.8.-41",65536,5912
at_projections,"26.68.-6.-17",147456,4288
at_projections,"26.68.10.-45",49152,3671
at_projections,"26.68.6.-38",16384,2298
at_projections,"26.69.-4.-21",32768,256
at_projections,"26.69.-8.-14",65536,2304
at_projections,"26.69.4.-35",16384,1398
at_projections,"26.69.8.-42",65536,4120
at_projections,"26.70.-10.-11",131072,0
at_projections,"26.70.-6.-18",32768,3768
at_projections,"26.70.10.-46",49152,2128
at_projections,"26.70.6.-39",32768,1920
at_projections,"26.71.-8.-15",65536,2848
at_projections,"26.71.8.-43",16384,1728
at_projections,"26.72.-6.-19",16384,2172
at_projections,"26.73.-4.-23",16384,1398
at_projections,"26.73.-8.-16",81920,5264
at_projections,"26.74.-10.-13",16384,1872
at_projections,"26.74.-6.-20",16384,2298
at_projections,"26.75.-8.-17",65536,5912
at_projections,"26.76.-10.-14",32768,4378
at_projections,"26.76.-6.-21",32768,1920
at_projections,"26.77.-8.-18",65536,4120
at_projections,"26.78.-10.-15",49152,3671
at_projections,"26.79.-8.-19",16384,1728
at_projections,"26.80.-10.-16",49152,2128
at_projections,"27.62.9.-40",65536,0
at_projections,"27.63.7.-37",65536,3840
at_projections,"27.64.5.-34",65536,2048
at_projections,"27.64.9.-41",65536,0
at_projections,"27.65.3.-31",65536,2048
at_projections,"27.65.7.-38",65536,0
at_projections,"27.66.1.-28",98304,128
at_projections,"27.66.5.-35",65536,2816
at_projections,"27.67.-1.-25",98304,128
at_projections,"27.67.3.-32",65536,1536
at_projections,"27.67.7.-39",16384,1524
at_projections,"27.68.-3.-22",65536,2048
at_projections,"27.68.1.-29",98304,512
at_projections,"27.68.9.-43",32768,2928
at_projections,"27.69.-1.-26",98304,512
at_projections,"27.69.-5.-19",65536,2048
at_projections,"27.69.7.-40",32768,3060
at_projections,"27.70.-3.-23",65536,1536
at_projections,"27.70.-7.-16",65536,3840
at_projections,"27.70.9.-44",65536,4564
at_projections,"27.71.-5.-20",65536,2816
at_projections,"27.71.-9.-13",65536,0
at_projections,"27.71.7.-41",49152,4157
at_projections,"27.72.-7.-17",65536,0
at_projections,"27.72.9.-45",147456,2232
at_projections,"27.73.-9.-14",65536,0
at_projections,"27.74.-7.-18",16384,1524
at_projections,"27.76.-7.-19",32768,3060
at_projections,"27.77.-9.-16",32768,2928
at_projections,"27.78.-7.-20",49152,4157
at_projections,"27.79.-9.-17",65536,4564
at_projections,"27.81.-9.-18",147456,2232
at_projections,"28.65.6.-36",32768,1274
at_projections,"28.66.8.-40",131072,0
at_projections,"28.67.2.-30",32768,1152
at_projections,"28.67.6.-37",65536,5248
at_projections,"28.68.4.-34",131072,2048
at_projections,"28.69.-2.-24",32768,1152
at_projections,"28.69.2.-31",65536,2288
at_projections,"28.69.6.-38",32768,384
at_projections,"28.70.0.-28",262144,0
at_projections,"28.71.-2.-25",65536,2288
at_projections,"28.71.-6.-18",32768,1274
at_projections,"28.71.2.-32",32768,256
at_projections,"28.72.-4.-22",131072,2048
at_projections,"28.72.8.-43",16384,2160
at_projections,"28.73.-2.-26",32768,256
at_projections,"28.73.-6.-19",65536,5248
at_projections,"28.74.-8.-16",131072,0
at_projections,"28.74.8.-44",49152,2176
at_projections,"28.75.-6.-20",32768,384
at_projections,"28.80.-8.-19",16384,2160
at_projections,"28.82.-8.-20",49152,2176
at_projections,"29.68.7.-39",65536,0
at_projections,"29.69.5.-36",65536,3840
at_projections,"29.70.3.-33",65536,2048
at_projections,"29.70.7.-40",65536,2304
at_projections,"29.71.1.-30",98304,2048
at_projections,"29.71.5.-37",65536,1536
at_projections,"29.72.-1.-27",98304,2048
at_projections,"29.72.3.-34",65536,1016
at_projections,"29.73.-3.-24",65536,2048
at_projections,"29.73.1.-31",98304,1536
at_projections,"29.74.-1.-28",98304,1536
at_projections,"29.74.-5.-21",65536,3840
at_projections,"29.75.-3.-25",65536,1016
at_projections,"29.75.-7.-18",65536,0
at_projections,"29.76.-5.-22",65536,1536
at_projections,"29.77.-7.-19",65536,2304
at_projections,"3.-1.-1.3",16384,2304
at_projections,"3.-1.-13.24",65536,1152
at_projections,"3.-1.-17.31",131072,5980
at_projections,"3.-1.-5.10",16384,2240
at_projections,"3.-1.-9.17",65536,5480
at_projections,"3.-1.11.-18",409600,6016
at_projections,"3.-1.15.-25",327680,2560
at_projections,"3.-1.19.-32",131072,9544
at_projections,"3.-1.3.-4",147456,11114
at_projections,"3.-1.7.-11",344064,7200
at_projections,"3.-10.-3.11",32768,128
at_projections,"3.-10.-7.18",16384,960
at_projections,"3.-10.13.-17",65536,3072
at_projections,"3.-10.21.-31",16384,448
at_projections,"3.-10.33.-52",65536,2304
at_projections,"3.-10.9.-10",65536,5480
at_projections,"3.-11.-5.15",16384,576
at_projections,"3.-11.11.-13",65536,1280
at_projections,"3.-11.23.-34",16384,680
at_projections,"3.-11.3.1",32768,3176
at_projections,"3.-11.7.-6",16384,3560
at_projections,"3.-12.-3.12",65536,1472
at_projections,"3.-12.13.-16",131072,2800
at_projections,"3.-12.21.-30",32768,1872
at_projections,"3.-12.9.-9",81920,10120
at_projections,"3.-13.-1.9",32768,3426
at_projections,"3.-13.-5.16",32768,1408
at_projections,"3.-13.15.-19",65536,3072
at_projections,"3.-13.23.-33",32768,1776
at_projections,"3.-13.3.2",32768,128
at_projections,"3.-14.-3.13",32768,1872
at_projections,"3.-14.1.6",32768,3426
at_projections,"3.-14.13.-15",65536,1152
at_projections,"3.-14.25.-36",32768,1600
at_projections,"3.-14.5.-1",32768,1078
at_projections,"3.-14.9.-8",49152,5180
at_projections,"3.-15.-1.10",65536,6960
at_projections,"3.-15.11.-11",16384,1560
at_projections,"3.-15.15.-18",163840,8822
at_projections,"3.-15.3.3",65536,1472
at_projections,"3.-15.7.-4",32768,1182
at_projections,"3.-16.-3.14",16384,700
at_projections,"3.-16.1.7",65536,6960
at_projections,"3.-16.13.-14",65536,6204
at_projections,"3.-16.17.-21",65536,3768
at_projections,"3.-16.5.0",16384,576
at_projections,"3.-16.9.-7",32768,1182
at_projections,"3.-17.11.-10",32768,1216
at_projections,"3.-17.15.-17",65536,1024
at_projections,"3.-17.3.4",32768,1872
at_projections,"3.-17.7.-3",16384,960
at_projections,"3.-18.17.-20",131072,5980
at_projections,"3.-18.5.1",32768,1408
at_projections,"3.-19.19.-23",65536,5408
at_projections,"3.-19.3.5",16384,700
at_projections,"3.-2.-15.28",65536,1024
at_projections,"3.-2.-7.14",65536,8396
at_projections,"3.-2.1.0",16384,2304
at_projections,"3.-2.13.-21",409600,5120
at_projections,"3.-2.17.-28",196608,0
at_projections,"3.-2.21.-35",131072,9048
at_projections,"3.-2.5.-7",229376,15600
at_projections,"3.-2.9.-14",262144,0
at_projections,"3.-20.17.-19",65536,0
at_projections,"3.-3.-13.25",65536,6204
at_projections,"3.-3.-17.32",65536,0
at_projections,"3.-3.-9.18",81920,10120
at_projections,"3.-3.11.-17",294912,5472
at_projections,"3.-3.15.-24",327680,2048
at_projections,"3.-3.19.-31",81920,1500
at_projections,"3.-3.23.-38",65536,2976
at_projections,"3.-3.3.-3",16384,1944
at_projections,"3.-3.7.-10",212992,12416
at_projections,"3.-4.-11.22",16384,1560
at_projections,"3.-4.-7.15",16384,3560
at_projections,"3.-4.13.-20",294912,608
at_projections,"3.-4.17.-27",65536,2048
at_projections,"3.-4.21.-34",147456,7084
at_projections,"3.-4.25.-41",65536,1768
at_projections,"3.-4.5.-6",131072,9146
at_projections,"3.-4.9.-13",131072,7424
at_projections,"3.-5.-9.19",49152,5180
at_projections,"3.-5.11.-16",65536,2048
at_projections,"3.-5.15.-23",163840,1152
at_projections,"3.-5.23.-37",81920,2116
at_projections,"3.-5.27.-44",65536,1536
at_projections,"3.-5.7.-9",131072,6570
at_projections,"3.-6.-11.23",32768,1216
at_projections,"3.-6.13.-19",65536,2048
at_projections,"3.-6.17.-26",32768,1320
at_projections,"3.-6.21.-33",32768,3912
at_projections,"3.-6.25.-40",65536,0
at_projections,"3.-6.29.-47",65536,2048
at_projections,"3.-6.5.-5",16384,2240
at_projections,"3.-6.9.-12",131072,5096
at_projections,"3.-7.-9.20",32768,1182
at_projections,"3.-7.11.-15",65536,5596
at_projections,"3.-7.15.-22",16384,664
at_projections,"3.-7.23.-36",32768,3072
at_projections,"3.-7.27.-43",65536,2048
at_projections,"3.-7.31.-50",65536,3624
at_projections,"3.-7.7.-8",98304,5752
at_projections,"3.-8.-3.10",32768,3176
at_projections,"3.-8.-7.17",32768,1182
at_projections,"3.-8.17.-25",16384,352
at_projections,"3.-8.29.-46",65536,1016
at_projections,"3.-8.33.-53",65536,4976
at_projections,"3.-8.9.-11",81920,2208
at_projections,"3.-9.-5.14",32768,1078
at_projections,"3.-9.11.-14",131072,1024
at_projections,"3.-9.19.-28",65536,1120
at_projections,"3.-9.23.-35",16384,544
at_projections,"3.-9.31.-49",65536,1536
at_projections,"3.-9.7.-7",65536,8396
at_projections,"3.0.-11.20",65536,1280
at_projections,"3.0.-15.27",163840,8822
at_projections,"3.0.-19.34",65536,5408
at_projections,"3.0.-3.6",16384,1944
at_projections,"3.0.-7.13",98304,5752
at_projections,"3.0.1.-1",131072,12108
at_projections,"3.0.13.-22",327680,3328
at_projections,"3.0.17.-29",163840,11448
at_projections,"3.0.21.-36",16384,552
at_projections,"3.0.5.-8",524288,16984
at_projections,"3.0.9.-15",491520,12136
at_projections,"3.1.-1.2",131072,12108
at_projections,"3.1.-13.23",131072,2800
at_projections,"3.1.-17.30",65536,3768
at_projections,"3.1.-5.9",131072,9146
at_projections,"3.1.-9.16",81920,2208
at_projections,"3.1.11.-19",344064,7264
at_projections,"3.1.15.-26",163840,7976
at_projections,"3.1.19.-33",98304,8974
at_projections,"3.1.3.-5",409600,13208
at_projections,"3.1.7.-12",442368,9080
at_projections,"3.10.-11.15",409600,6016
at_projections,"3.10.-15.22",163840,1152
at_projections,"3.10.-19.29",65536,1120
at_projections,"3.10.-23.36",32768,1776
at_projections,"3.10.-3.1",245760,15570
at_projections,"3.10.-7.8",360448,9120
at_projections,"3.10.1.-6",196608,15752
at_projections,"3.10.5.-13",163840,11920
at_projections,"3.10.9.-20",65536,1536
at_projections,"3.11.-1.-3",196608,15752
at_projections,"3.11.-13.18",409600,5120
at_projections,"3.11.-17.25",32768,1320
at_projections,"3.11.-21.32",16384,448
at_projections,"3.11.-25.39",32768,1600
at_projections,"3.11.-5.4",147456,7765
at_projections,"3.11.-9.11",327680,4464
at_projections,"3.11.11.-24",65536,0
at_projections,"3.11.15.-31",16384,2880
at_projections,"3.11.3.-10",81920,5320
at_projections,"3.11.7.-17",147456,7360
at_projections,"3.12.-11.14",344064,7264
at_projections,"3.12.-15.21",327680,2048
at_projections,"3.12.-23.35",16384,680
at_projections,"3.12.-3.0",163840,10048
at_projections,"3.12.-7.7",131072,6656
at_projections,"3.12.1.-7",114688,8672
at_projections,"3.12.13.-28",65536,1280
at_projections,"3.12.5.-14",81920,4464
at_projections,"3.12.9.-21",131072,3328
at_projections,"3.13.-1.-4",114688,8672
at_projections,"3.13.-13.17",327680,3328
at_projections,"3.13.-17.24",65536,2048
at_projections,"3.13.-5.3",98304,8032
at_projections,"3.13.-9.10",131072,5120
at_projections,"3.13.11.-25",131072,4744
at_projections,"3.13.15.-32",65536,1152
at_projections,"3.13.3.-11",131072,7388
at_projections,"3.13.7.-18",65536,5376
at_projections,"3.14.-11.13",131072,4608
at_projections,"3.14.-15.20",327680,2560
at_projections,"3.14.-23.34",16384,544
at_projections,"3.14.-3.-1",81920,5320
at_projections,"3.14.-7.6",32768,2472
at_projections,"3.14.1.-8",98304,8970
at_projections,"3.14.13.-29",131072,2688
at_projections,"3.14.17.-36",65536,1024
at_projections,"3.14.5.-15",16384,2096
at_projections,"3.14.9.-22",65536,5596
at_projections,"3.15.-1.-5",98304,8970
at_projections,"3.15.-13.16",131072,8192
at_projections,"3.15.-17.23",196608,0
at_projections,"3.15.-21.30",32768,3912
at_projections,"3.15.-5.2",163840,11920
at_projections,"3.15.-9.9",49152,2624
at_projections,"3.15.11.-26",65536,3072
at_projections,"3.15.15.-33",131072,3760
at_projections,"3.15.19.-40",65536,0
at_projections,"3.15.3.-12",131072,14416
at_projections,"3.16.-11.12",16384,544
at_projections,"3.16.-15.19",163840,7976
at_projections,"3.16.-19.26",81920,1500
at_projections,"3.16.-23.33",32768,3072
at_projections,"3.16.-3.-2",131072,7388
at_projections,"3.16.-7.5",114688,4224
at_projections,"3.16.1.-9",81920,9078
at_projections,"3.16.13.-30",65536,3072
at_projections,"3.16.17.-37",131072,3256
at_projections,"3.16.5.-16",65536,9078
at_projections,"3.17.-1.-6",81920,9078
at_projections,"3.17.-13.15",65536,5616
at_projections,"3.17.-17.22",163840,11448
at_projections,"3.17.-21.29",147456,7084
at_projections,"3.17.-5.1",81920,4464
at_projections,"3.17.-9.8",49152,752
at_projections,"3.17.15.-34",65536,3768
at_projections,"3.17.3.-13",65536,9144
at_projections,"3.17.7.-20",16384,3284
at_projections,"3.18.-11.11",98304,1792
at_projections,"3.18.-15.18",16384,3568
at_projections,"3.18.-19.25",131072,9544
at_projections,"3.18.-23.32",81920,2116
at_projections,"3.18.-3.-3",131072,14416
at_projections,"3.18.-7.4",147456,7360
at_projections,"3.18.17.-38",65536,5432
at_projections,"3.18.5.-17",98304,9492
at_projections,"3.19.-13.14",16384,1644
at_projections,"3.19.-17.21",32768,5726
at_projections,"3.19.-21.28",131072,9048
at_projections,"3.19.-25.35",65536,0
at_projections,"3.19.-5.0",16384,2096
at_projections,"3.19.-9.7",65536,1536
at_projections,"3.19.3.-14",16384,1024
at_projections,"3.19.7.-21",65536,7076
at_projections,"3.2.-11.19",131072,1024
at_projections,"3.2.-15.26",65536,3072
at_projections,"3.2.-3.5",147456,11114
at_projections,"3.2.-7.12",131072,6570
at_projections,"3.2.1.-2",278528,2256
at_projections,"3.2.13.-23",131072,8192
at_projections,"3.2.17.-30",32768,5726
at_projections,"3.2.5.-9",491520,11336
at_projections,"3.2.9.-16",327680,4464
at_projections,"3.20.-15.17",16384,1920
at_projections,"3.20.-19.24",98304,8974
at_projections,"3.20.-23.31",65536,2976
at_projections,"3.20.-27.38",65536,2048
at_projections,"3.20.-3.-4",65536,9144
at_projections,"3.20.-7.3",65536,5376
at_projections,"3.20.5.-18",65536,4416
at_projections,"3.20.9.-25",16384,2238
at_projections,"3.21.-13.13",32768,2592
at_projections,"3.21.-17.20",65536,9064
at_projections,"3.21.-21.27",16384,552
at_projections,"3.21.-25.34",65536,1768
at_projections,"3.21.-29.41",65536,1016
at_projections,"3.21.-5.-1",65536,9078
at_projections,"3.21.-9.6",131072,3328
at_projections,"3.21.7.-22",98304,5272
at_projections,"3.22.-11.9",65536,0
at_projections,"3.22.-15.16",49152,5492
at_projections,"3.22.-19.23",65536,3452
at_projections,"3.22.-27.37",65536,1536
at_projections,"3.22.-3.-5",16384,1024
at_projections,"3.22.-31.44",65536,1536
at_projections,"3.22.5.-19",16384,1728
at_projections,"3.22.9.-26",65536,7334
at_projections,"3.23.-17.19",114688,8416
at_projections,"3.23.-29.40",65536,2048
at_projections,"3.23.-33.47",65536,2304
at_projections,"3.23.-5.-2",98304,9492
at_projections,"3.23.-9.5",65536,5596
at_projections,"3.23.3.-16",32768,128
at_projections,"3.23.7.-23",65536,5124
at_projections,"3.24.-11.8",131072,4744
at_projections,"3.24.-15.15",32768,3912
at_projections,"3.24.-19.22",49152,4632
at_projections,"3.24.-31.43",65536,3624
at_projections,"3.24.-7.1",16384,3284
at_projections,"3.24.9.-27",81920,8072
at_projections,"3.25.-13.11",65536,1280
at_projections,"3.25.-17.18",49152,5694
at_projections,"3.25.-33.46",65536,4976
at_projections,"3.25.-5.-3",65536,4416
at_projections,"3.25.3.-17",32768,3176
at_projections,"3.25.7.-24",16384,1264
at_projections,"3.26.-11.7",65536,3072
at_projections,"3.26.-15.14",16384,2880
at_projections,"3.26.-19.21",16384,3632
at_projections,"3.26.-3.-7",32768,128
at_projections,"3.26.-7.0",65536,7076
at_projections,"3.26.9.-28",32768,896
at_projections,"3.27.-13.10",131072,2688
at_projections,"3.27.-21.24",65536,6868
at_projections,"3.27.-5.-4",16384,1728
at_projections,"3.27.3.-18",32768,4080
at_projections,"3.28.-15.13",65536,1152
at_projections,"3.28.-3.-8",32768,3176
at_projections,"3.28.-7.-1",98304,5272
at_projections,"3.29.-13.9",65536,3072
at_projections,"3.29.-9.2",16384,2238
at_projections,"3.29.3.-19",16384,1944
at_projections,"3.29.7.-26",32768,4360
at_projections,"3.3.-1.1",278528,2256
at_projections,"3.3.-13.22",65536,3072
at_projections,"3.3.-5.8",229376,15600
at_projections,"3.3.-9.15",131072,5096
at_projections,"3.3.11.-20",131072,4608
at_projections,"3.3.15.-27",16384,3568
at_projections,"3.3.19.-34",65536,3452
at_projections,"3.3.3.-6",622592,17064
at_projections,"3.3.7.-13",360448,9120
at_projections,"3.30.-15.12",131072,3760
at_projections,"3.30.-3.-9",32768,4080
at_projections,"3.30.-7.-2",65536,5124
at_projections,"3.30.1.-16",81920,2715
at_projections,"3.30.5.-23",32768,3168
at_projections,"3.31.-1.-13",81920,2715
at_projections,"3.31.-17.15",65536,1024
at_projections,"3.31.-9.1",65536,7334
at_projections,"3.31.3.-20",32768,3140
at_projections,"3.32.-15.11",65536,3768
at_projections,"3.32.-3.-10",16384,1944
at_projections,"3.32.-7.-3",16384,1264
at_projections,"3.32.1.-17",32768,1536
at_projections,"3.32.5.-24",16384,1614
at_projections,"3.33.-1.-14",32768,1536
at_projections,"3.33.-17.14",131072,3256
at_projections,"3.33.-9.0",81920,8072
at_projections,"3.34.-19.17",65536,0
at_projections,"3.34.-3.-11",32768,3140
at_projections,"3.35.-17.13",65536,5432
at_projections,"3.35.-5.-8",32768,3168
at_projections,"3.35.-9.-1",32768,896
at_projections,"3.36.-7.-5",32768,4360
at_projections,"3.37.-5.-9",16384,1614
at_projections,"3.4.-11.18",65536,5596
at_projections,"3.4.-3.4",409600,13208
at_projections,"3.4.-7.11",212992,12416
at_projections,"3.4.1.-3",475136,8312
at_projections,"3.4.13.-24",65536,5616
at_projections,"3.4.17.-31",65536,9064
at_projections,"3.4.5.-10",360448,3360
at_projections,"3.4.9.-17",131072,5120
at_projections,"3.5.-1.0",475136,8312
at_projections,"3.5.-5.7",524288,16984
at_projections,"3.5.-9.14",131072,7424
at_projections,"3.5.11.-21",16384,544
at_projections,"3.5.15.-28",16384,1920
at_projections,"3.5.19.-35",49152,4632
at_projections,"3.5.3.-7",491520,12600
at_projections,"3.5.7.-14",131072,6656
at_projections,"3.6.-11.17",65536,2048
at_projections,"3.6.-3.3",622592,17064
at_projections,"3.6.-7.10",344064,7200
at_projections,"3.6.1.-4",655360,8812
at_projections,"3.6.13.-25",16384,1644
at_projections,"3.6.17.-32",114688,8416
at_projections,"3.6.21.-39",65536,6868
at_projections,"3.6.5.-11",147456,7765
at_projections,"3.6.9.-18",49152,2624
at_projections,"3.7.-1.-1",655360,8812
at_projections,"3.7.-13.20",65536,2048
at_projections,"3.7.-5.6",491520,11336
at_projections,"3.7.-9.13",262144,0
at_projections,"3.7.11.-22",98304,1792
at_projections,"3.7.15.-29",49152,5492
at_projections,"3.7.19.-36",16384,3632
at_projections,"3.7.3.-8",245760,15570
at_projections,"3.7.7.-15",32768,2472
at_projections,"3.8.-11.16",294912,5472
at_projections,"3.8.-15.23",16384,664
at_projections,"3.8.-3.2",491520,12600
at_projections,"3.8.-7.9",442368,9080
at_projections,"3.8.1.-5",557056,32341
at_projections,"3.8.13.-26",32768,2592
at_projections,"3.8.17.-33",49152,5694
at_projections,"3.8.5.-12",98304,8032
at_projections,"3.8.9.-19",49152,752
at_projections,"3.9.-1.-2",557056,32341
at_projections,"3.9.-13.19",294912,608
at_projections,"3.9.-17.26",16384,352
at_projections,"3.9.-21.33",32768,1872
at_projections,"3.9.-5.5",360448,3360
at_projections,"3.9.-9.12",491520,12136
at_projections,"3.9.15.-30",32768,3912
at_projections,"3.9.3.-9",163840,10048
at_projections,"3.9.7.-16",114688,4224
at_projections,"30.71.4.-35",32768,1024
at_projections,"30.72.6.-39",131072,1536
at_projections,"30.73.0.-29",32768,1984
at_projections,"30.73.4.-36",65536,4852
at_projections,"30.74.2.-33",131072,1024
at_projections,"30.75.-4.-23",32768,1024
at_projections,"30.75.0.-30",196608,6912
at_projections,"30.75.4.-37",32768,2000
at_projections,"30.76.-2.-27",131072,1024
at_projections,"30.77.-4.-24",65536,4852
at_projections,"30.77.0.-31",32768,1536
at_projections,"30.78.-6.-21",131072,1536
at_projections,"30.79.-4.-25",32768,2000
at_projections,"31.74.5.-38",65536,1536
at_projections,"31.75.3.-35",65536,1536
at_projections,"31.76.1.-32",98304,3888
at_projections,"31.76.5.-39",65536,4796
at_projections,"31.77.-1.-29",98304,3888
at_projections,"31.77.3.-36",65536,3624
at_projections,"31.78.-3.-26",65536,1536
at_projections,"31.78.1.-33",98304,6750
at_projections,"31.79.-1.-30",98304,6750
at_projections,"31.79.-5.-23",65536,1536
at_projections,"31.80.-3.-27",65536,3624
at_projections,"31.81.-5.-24",65536,4796
at_projections,"32.77.2.-34",32768,2768
at_projections,"32.78.4.-38",131072,2512
at_projections,"32.79.-2.-28",32768,2768
at_projections,"32.79.2.-35",65536,3536
at_projections,"32.80.0.-32",262144,10816
at_projections,"32.81.-2.-29",65536,3536
at_projections,"32.81.2.-36",32768,3456
at_projections,"32.82.-4.-26",131072,2512
at_projections,"32.83.-2.-30",32768,3456
at_projections,"33.80.3.-37",65536,4976
at_projections,"33.81.1.-34",98304,7328
at_projections,"33.82.-1.-31",98304,7328
at_projections,"33.82.3.-38",65536,2304
at_projections,"33.83.-3.-28",65536,4976
at_projections,"33.83.1.-35",98304,4560
at_projections,"33.84.-1.-32",98304,4560
at_projections,"33.85.-3.-29",65536,2304
at_projections,"34.83.0.-33",32768,3804
at_projections,"34.84.2.-37",131072,2048
at_projections,"34.85.0.-34",196608,6904
at_projections,"34.86.-2.-31",131072,2048
at_projections,"34.87.0.-35",32768,1536
at_projections,"35.86.1.-36",98304,5248
at_projections,"35.87.-1.-33",98304,5248
at_projections,"35.88.1.-37",98304,0
at_projections,"35.89.-1.-34",98304,0
at_projections,"36.90.0.-36",294912,128
at_projections,"4.-1.-10.19",16384,2451
at_projections,"4.-1.-14.26",16384,2146
at_projections,"4.-1.10.-16",262144,0
at_projections,"4.-1.14.-23",344064,2304
at_projections,"4.-1.18.-30",32768,1536
at_projections,"4.-1.22.-37",131072,9706
at_projections,"4.-1.26.-44",32768,2304
at_projections,"4.-1.6.-9",262144,15679
at_projections,"4.-10.-4.13",32768,2016
at_projections,"4.-10.12.-15",65536,4444
at_projections,"4.-10.24.-36",16384,1026
at_projections,"4.-10.4.-1",65536,2048
at_projections,"4.-10.8.-8",16384,2320
at_projections,"4.-11.-2.10",32768,3704
at_projections,"4.-11.10.-11",16384,2451
at_projections,"4.-11.14.-18",131072,2048
at_projections,"4.-11.2.3",32768,512
at_projections,"4.-11.26.-39",16384,1398
at_projections,"4.-11.6.-4",16384,616
at_projections,"4.-12.-4.14",32768,896
at_projections,"4.-12.0.7",131072,10240
at_projections,"4.-12.12.-14",32768,3228
at_projections,"4.-12.16.-21",81920,6256
at_projections,"4.-12.24.-35",32768,2112
at_projections,"4.-12.4.0",32768,256
at_projections,"4.-12.8.-7",16384,616
at_projections,"4.-13.-2.11",32768,1568
at_projections,"4.-13.10.-10",65536,2240
at_projections,"4.-13.14.-17",98304,8832
at_projections,"4.-13.18.-24",16384,312
at_projections,"4.-13.2.4",32768,3704
at_projections,"4.-13.6.-3",32768,768
at_projections,"4.-14.12.-13",16384,1791
at_projections,"4.-14.16.-20",163840,7264
at_projections,"4.-14.4.1",32768,2016
at_projections,"4.-14.8.-6",32768,1728
at_projections,"4.-15.14.-16",16384,2146
at_projections,"4.-15.18.-23",65536,6996
at_projections,"4.-15.2.5",32768,1568
at_projections,"4.-16.16.-19",65536,4014
at_projections,"4.-16.4.2",32768,896
at_projections,"4.-17.18.-22",131072,2816
at_projections,"4.-2.-12.23",16384,1791
at_projections,"4.-2.-8.16",16384,2320
at_projections,"4.-2.12.-19",262144,0
at_projections,"4.-2.16.-26",81920,2624
at_projections,"4.-2.20.-33",16384,1948
at_projections,"4.-2.24.-40",131072,1024
at_projections,"4.-2.4.-5",16384,1872
at_projections,"4.-2.8.-12",212992,6306
at_projections,"4.-3.-10.20",65536,2240
at_projections,"4.-3.10.-15",131072,9204
at_projections,"4.-3.14.-22",163840,224
at_projections,"4.-3.22.-36",114688,10152
at_projections,"4.-3.26.-43",65536,1908
at_projections,"4.-3.30.-50",32768,2304
at_projections,"4.-3.6.-8",81920,5024
at_projections,"4.-4.-8.17",16384,616
at_projections,"4.-4.12.-18",65536,2048
at_projections,"4.-4.16.-25",32768,192
at_projections,"4.-4.24.-39",16384,1552
at_projections,"4.-4.28.-46",131072,2048
at_projections,"4.-4.8.-11",131072,8616
at_projections,"4.-5.-6.14",16384,616
at_projections,"4.-5.10.-14",131072,3584
at_projections,"4.-5.18.-28",32768,384
at_projections,"4.-5.22.-35",32768,2048
at_projections,"4.-5.26.-42",32768,2560
at_projections,"4.-5.30.-49",65536,3024
at_projections,"4.-5.6.-7",16384,1754
at_projections,"4.-6.-4.11",65536,2048
at_projections,"4.-6.-8.18",32768,1728
at_projections,"4.-6.12.-17",65536,4992
at_projections,"4.-6.20.-31",32768,256
at_projections,"4.-6.24.-38",32768,896
at_projections,"4.-6.32.-52",131072,2512
at_projections,"4.-6.8.-10",98304,6040
at_projections,"4.-7.-6.15",32768,768
at_projections,"4.-7.10.-13",81920,5352
at_projections,"4.-7.18.-27",16384,862
at_projections,"4.-7.30.-48",32768,2548
at_projections,"4.-8.-4.12",32768,256
at_projections,"4.-8.12.-16",131072,2816
at_projections,"4.-8.20.-30",16384,804
at_projections,"4.-8.24.-37",16384,1040
at_projections,"4.-8.8.-9",65536,4360
at_projections,"4.-9.-2.9",32768,512
at_projections,"4.-9.10.-12",32768,2000
at_projections,"4.-9.14.-19",65536,3496
at_projections,"4.-9.22.-33",65536,1440
at_projections,"4.0.-12.22",32768,3228
at_projections,"4.0.-16.29",65536,4014
at_projections,"4.0.-8.15",65536,4360
at_projections,"4.0.12.-20",458752,6656
at_projections,"4.0.16.-27",131072,0
at_projections,"4.0.20.-34",196608,6144
at_projections,"4.0.4.-6",114688,7854
at_projections,"4.0.8.-13",327680,7080
at_projections,"4.1.-10.18",32768,2000
at_projections,"4.1.-14.25",98304,8832
at_projections,"4.1.-18.32",131072,2816
at_projections,"4.1.-6.11",16384,1754
at_projections,"4.1.10.-17",409600,8360
at_projections,"4.1.14.-24",294912,3072
at_projections,"4.1.18.-31",65536,3560
at_projections,"4.1.2.-3",98304,5244
at_projections,"4.1.22.-38",49152,4413
at_projections,"4.1.6.-10",458752,6880
at_projections,"4.10.-12.17",262144,0
at_projections,"4.10.-4.3",425984,11314
at_projections,"4.10.-8.10",409600,5930
at_projections,"4.10.0.-4",655360,22592
at_projections,"4.10.12.-25",32768,1824
at_projections,"4.10.16.-32",81920,9065
at_projections,"4.10.20.-39",32768,6926
at_projections,"4.10.4.-11",98304,7650
at_projections,"4.10.8.-18",98304,1024
at_projections,"4.11.-10.13",409600,8360
at_projections,"4.11.-14.20",163840,224
at_projections,"4.11.-18.27",16384,862
at_projections,"4.11.-2.-1",442368,30977
at_projections,"4.11.-6.6",327680,7464
at_projections,"4.11.10.-22",49152,896
at_projections,"4.11.14.-29",16384,2040
at_projections,"4.11.18.-36",16384,2032
at_projections,"4.11.2.-8",262144,16458
at_projections,"4.11.6.-15",81920,8860
at_projections,"4.12.-12.16",458752,6656
at_projections,"4.12.-16.23",32768,192
at_projections,"4.12.-20.30",16384,804
at_projections,"4.12.-24.37",32768,2112
at_projections,"4.12.-4.2",229376,10721
at_projections,"4.12.-8.9",311296,5264
at_projections,"4.12.0.-5",327680,31356
at_projections,"4.12.16.-33",81920,8084
at_projections,"4.12.4.-12",147456,6432
at_projections,"4.12.8.-19",81920,6588
at_projections,"4.13.-10.12",327680,8072
at_projections,"4.13.-14.19",344064,2304
at_projections,"4.13.-18.26",32768,384
at_projections,"4.13.-2.-2",262144,16458
at_projections,"4.13.-22.33",65536,1440
at_projections,"4.13.-6.5",147456,12228
at_projections,"4.13.10.-23",65536,4514
at_projections,"4.13.14.-30",16384,2064
at_projections,"4.13.2.-9",98304,8944
at_projections,"4.13.6.-16",196608,5216
at_projections,"4.14.-12.15",262144,0
at_projections,"4.14.-16.22",81920,2624
at_projections,"4.14.-20.29",32768,256
at_projections,"4.14.-24.36",16384,1026
at_projections,"4.14.-4.1",98304,7650
at_projections,"4.14.-8.8",196608,6144
at_projections,"4.14.0.-6",196608,8064
at_projections,"4.14.12.-27",65536,4548
at_projections,"4.14.16.-34",32768,3444
at_projections,"4.14.4.-13",81920,7976
at_projections,"4.14.8.-20",131072,3072
at_projections,"4.15.-10.11",131072,6524
at_projections,"4.15.-14.18",294912,3072
at_projections,"4.15.-2.-3",98304,8944
at_projections,"4.15.-26.39",16384,1398
at_projections,"4.15.-6.4",65536,6462
at_projections,"4.15.10.-24",131072,3584
at_projections,"4.15.14.-31",98304,5882
at_projections,"4.15.2.-10",81920,6372
at_projections,"4.15.6.-17",65536,5540
at_projections,"4.16.-12.14",196608,5120
at_projections,"4.16.-16.21",131072,0
at_projections,"4.16.-24.35",16384,1040
at_projections,"4.16.-4.0",147456,6432
at_projections,"4.16.0.-7",131072,6464
at_projections,"4.16.12.-28",131072,2816
at_projections,"4.16.16.-35",65536,3728
at_projections,"4.16.4.-14",49152,2090
at_projections,"4.16.8.-21",65536,5358
at_projections,"4.17.-10.10",32768,2304
at_projections,"4.17.-14.17",131072,7640
at_projections,"4.17.-18.24",32768,1536
at_projections,"4.17.-2.-4",81920,6372
at_projections,"4.17.-22.31",32768,2048
at_projections,"4.17.-6.3",81920,8860
at_projections,"4.17.10.-25",65536,7050
at_projections,"4.17.14.-32",147456,2768
at_projections,"4.17.18.-39",65536,3624
at_projections,"4.17.2.-11",163840,14648
at_projections,"4.18.-12.13",16384,2175
at_projections,"4.18.-16.20",196608,6640
at_projections,"4.18.-20.27",16384,1948
at_projections,"4.18.-24.34",32768,896
at_projections,"4.18.-4.-1",81920,7976
at_projections,"4.18.-8.6",98304,1024
at_projections,"4.18.0.-8",98304,9704
at_projections,"4.18.12.-29",65536,4840
at_projections,"4.18.16.-36",131072,3536
at_projections,"4.18.4.-15",65536,7456
at_projections,"4.19.-10.9",49152,416
at_projections,"4.19.-14.16",49152,6436
at_projections,"4.19.-18.23",65536,3560
at_projections,"4.19.-2.-5",163840,14648
at_projections,"4.19.-22.30",114688,10152
at_projections,"4.19.-6.2",196608,5216
at_projections,"4.19.14.-33",65536,4232
at_projections,"4.19.18.-40",131072,2816
at_projections,"4.19.2.-12",81920,13934
at_projections,"4.19.6.-19",16384,2320
at_projections,"4.2.-12.21",65536,4444
at_projections,"4.2.-16.28",163840,7264
at_projections,"4.2.-4.7",16384,1872
at_projections,"4.2.-8.14",98304,6040
at_projections,"4.2.0.0",131072,9248
at_projections,"4.2.12.-21",262144,0
at_projections,"4.2.16.-28",196608,6640
at_projections,"4.2.20.-35",98304,5515
at_projections,"4.2.4.-7",409600,13080
at_projections,"4.2.8.-14",409600,5930
at_projections,"4.20.-12.12",49152,1120
at_projections,"4.20.-16.19",65536,5568
at_projections,"4.20.-20.26",196608,6144
at_projections,"4.20.-24.33",16384,1552
at_projections,"4.20.-4.-2",49152,2090
at_projections,"4.20.-8.5",81920,6588
at_projections,"4.20.0.-9",32768,4330
at_projections,"4.20.16.-37",65536,5268
at_projections,"4.20.4.-16",98304,7103
at_projections,"4.21.-10.8",49152,896
at_projections,"4.21.-14.15",32768,3456
at_projections,"4.21.-18.22",65536,8799
at_projections,"4.21.-2.-6",81920,13934
at_projections,"4.21.-22.29",131072,9706
at_projections,"4.21.-26.36",32768,2560
at_projections,"4.21.-6.1",65536,5540
at_projections,"4.21.2.-13",16384,2320
at_projections,"4.21.6.-20",65536,3432
at_projections,"4.22.-12.11",32768,1824
at_projections,"4.22.-20.25",98304,5515
at_projections,"4.22.-24.32",131072,1024
at_projections,"4.22.-4.-3",65536,7456
at_projections,"4.22.-8.4",131072,3072
at_projections,"4.22.4.-17",65536,1888
at_projections,"4.22.8.-24",16384,1866
at_projections,"4.23.-10.7",65536,4514
at_projections,"4.23.-14.14",32768,3136
at_projections,"4.23.-18.21",65536,3508
at_projections,"4.23.-2.-7",16384,2320
at_projections,"4.23.-22.28",49152,4413
at_projections,"4.23.-26.35",65536,1908
at_projections,"4.23.-30.42",32768,2548
at_projections,"4.23.6.-21",98304,4246
at_projections,"4.24.-16.17",49152,7344
at_projections,"4.24.-20.24",65536,512
at_projections,"4.24.-28.38",131072,2048
at_projections,"4.24.-4.-4",98304,7103
at_projections,"4.24.-8.3",65536,5358
at_projections,"4.24.4.-18",16384,576
at_projections,"4.24.8.-25",65536,4164
at_projections,"4.25.-10.6",131072,3584
at_projections,"4.25.-14.13",16384,2040
at_projections,"4.25.-18.20",98304,3946
at_projections,"4.25.-26.34",32768,2304
at_projections,"4.25.-30.41",65536,3024
at_projections,"4.25.-6.-1",16384,2320
at_projections,"4.25.10.-29",16384,2192
at_projections,"4.25.6.-22",65536,2664
at_projections,"4.26.-12.9",65536,4548
at_projections,"4.26.-16.16",81920,9065
at_projections,"4.26.-20.23",16384,128
at_projections,"4.26.-32.44",131072,2512
at_projections,"4.26.-4.-5",65536,1888
at_projections,"4.26.4.-19",65536,2048
at_projections,"4.26.8.-26",98304,6874
at_projections,"4.27.-10.5",65536,7050
at_projections,"4.27.-14.12",16384,2064
at_projections,"4.27.-18.19",131072,8332
at_projections,"4.27.-30.40",32768,2304
at_projections,"4.27.-6.-2",65536,3432
at_projections,"4.27.10.-30",32768,640
at_projections,"4.27.6.-23",16384,1134
at_projections,"4.28.-12.8",131072,2816
at_projections,"4.28.-16.15",81920,8084
at_projections,"4.28.-20.22",16384,2968
at_projections,"4.28.-4.-6",16384,576
at_projections,"4.28.8.-27",65536,3002
at_projections,"4.29.-14.11",98304,5882
at_projections,"4.29.-18.18",16384,2032
at_projections,"4.29.-22.25",16384,2379
at_projections,"4.29.-6.-3",98304,4246
at_projections,"4.29.10.-31",16384,640
at_projections,"4.3.-10.17",81920,5352
at_projections,"4.3.-14.24",131072,2048
at_projections,"4.3.-18.31",65536,6996
at_projections,"4.3.-2.3",98304,5244
at_projections,"4.3.-6.10",81920,5024
at_projections,"4.3.10.-18",327680,8072
at_projections,"4.3.14.-25",131072,7640
at_projections,"4.3.18.-32",65536,8799
at_projections,"4.3.2.-4",344064,5950
at_projections,"4.3.6.-11",507904,13080
at_projections,"4.30.-12.7",65536,4840
at_projections,"4.30.-16.14",32768,3444
at_projections,"4.30.-20.21",32768,6926
at_projections,"4.30.-4.-7",65536,2048
at_projections,"4.30.-8.0",16384,1866
at_projections,"4.30.8.-28",16384,256
at_projections,"4.31.-14.10",147456,2768
at_projections,"4.31.-6.-4",65536,2664
at_projections,"4.31.2.-18",16384,1040
at_projections,"4.32.-16.13",65536,3728
at_projections,"4.32.-8.-1",65536,4164
at_projections,"4.32.0.-15",32768,480
at_projections,"4.32.4.-22",32768,3472
at_projections,"4.32.8.-29",16384,1980
at_projections,"4.33.-14.9",65536,4232
at_projections,"4.33.-2.-12",16384,1040
at_projections,"4.33.-6.-5",16384,1134
at_projections,"4.33.2.-19",32768,1280
at_projections,"4.33.6.-26",65536,4152
at_projections,"4.34.-16.12",131072,3536
at_projections,"4.34.-8.-2",98304,6874
at_projections,"4.34.0.-16",65536,1024
at_projections,"4.34.4.-23",16384,1872
at_projections,"4.35.-10.1",16384,2192
at_projections,"4.35.-18.15",65536,3624
at_projections,"4.35.-2.-13",32768,1280
at_projections,"4.35.2.-20",16384,848
at_projections,"4.36.-16.11",65536,5268
at_projections,"4.36.-4.-10",32768,3472
at_projections,"4.36.-8.-3",65536,3002
at_projections,"4.37.-10.0",32768,640
at_projections,"4.37.-18.14",131072,2816
at_projections,"4.37.-2.-14",16384,848
at_projections,"4.38.-4.-11",16384,1872
at_projections,"4.38.-8.-4",16384,256
at_projections,"4.39.-10.-1",16384,640
at_projections,"4.39.-6.-8",65536,4152
at_projections,"4.4.-12.20",131072,2816
at_projections,"4.4.-16.27",81920,6256
at_projections,"4.4.-4.6",114688,7854
at_projections,"4.4.-8.13",131072,8616
at_projections,"4.4.0.-1",294912,2844
at_projections,"4.4.12.-22",196608,5120
at_projections,"4.4.16.-29",65536,5568
at_projections,"4.4.20.-36",65536,512
at_projections,"4.4.4.-8",655360,13994
at_projections,"4.4.8.-15",311296,5264
at_projections,"4.40.-8.-5",16384,1980
at_projections,"4.5.-10.16",131072,3584
at_projections,"4.5.-14.23",65536,3496
at_projections,"4.5.-18.30",16384,312
at_projections,"4.5.-2.2",344064,5950
at_projections,"4.5.-6.9",262144,15679
at_projections,"4.5.10.-19",131072,6524
at_projections,"4.5.14.-26",49152,6436
at_projections,"4.5.18.-33",65536,3508
at_projections,"4.5.2.-5",475136,15440
at_projections,"4.5.6.-12",327680,7464
at_projections,"4.6.-12.19",65536,4992
at_projections,"4.6.-4.5",409600,13080
at_projections,"4.6.-8.12",212992,6306
at_projections,"4.6.0.-2",393216,4096
at_projections,"4.6.12.-23",16384,2175
at_projections,"4.6.20.-37",16384,128
at_projections,"4.6.4.-9",425984,11314
at_projections,"4.6.8.-16",196608,6144
at_projections,"4.7.-10.15",131072,9204
at_projections,"4.7.-2.1",475136,15440
at_projections,"4.7.-6.8",458752,6880
at_projections,"4.7.10.-20",32768,2304
at_projections,"4.7.14.-27",32768,3456
at_projections,"4.7.18.-34",98304,3946
at_projections,"4.7.2.-6",491520,12912
at_projections,"4.7.22.-41",16384,2379
at_projections,"4.7.6.-13",147456,12228
at_projections,"4.8.-12.18",65536,2048
at_projections,"4.8.-4.4",655360,13994
at_projections,"4.8.-8.11",327680,7080
at_projections,"4.8.0.-3",393216,11376
at_projections,"4.8.12.-24",49152,1120
at_projections,"4.8.16.-31",49152,7344
at_projections,"4.8.20.-38",16384,2968
at_projections,"4.8.4.-10",229376,10721
at_projections,"4.9.-10.14",262144,0
at_projections,"4.9.-2.0",491520,12912
at_projections,"4.9.-6.7",507904,13080
at_projections,"4.9.10.-21",49152,416
at_projections,"4.9.14.-28",32768,3136
at_projections,"4.9.18.-35",131072,8332
at_projections,"4.9.2.-7",442368,30977
at_projections,"4.9.6.-14",65536,6462
at_projections,"5.-1.-11.21",16384,576
at_projections,"5.-1.13.-21",131072,0
at_projections,"5.-1.17.-28",16384,16
at_projections,"5.-1.21.-35",16384,2736
at_projections,"5.-1.25.-42",65536,4572
at_projections,"5.-1.29.-49",65536,1536
at_projections,"5.-1.9.-14",212992,8896
at_projections,"5.-10.-1.8",32768,3996
at_projections,"5.-10.11.-13",32768,2328
at_projections,"5.-10.15.-20",147456,9480
at_projections,"5.-10.19.-27",32768,256
at_projections,"5.-10.3.1",32768,1824
at_projections,"5.-10.7.-6",65536,1152
at_projections,"5.-11.1.5",32768,3996
at_projections,"5.-11.13.-16",32768,3056
at_projections,"5.-11.17.-23",131072,6168
at_projections,"5.-11.5.-2",32768,1088
at_projections,"5.-11.9.-9",16384,960
at_projections,"5.-12.11.-12",16384,576
at_projections,"5.-12.15.-19",98304,9160
at_projections,"5.-12.3.2",65536,1792
at_projections,"5.-13.17.-22",131072,6072
at_projections,"5.-13.5.-1",16384,544
at_projections,"5.-14.19.-25",65536,4352
at_projections,"5.-15.17.-21",65536,4864
at_projections,"5.-2.-5.11",32768,2432
at_projections,"5.-2.-9.18",16384,960
at_projections,"5.-2.11.-17",131072,7424
at_projections,"5.-2.19.-31",16384,96
at_projections,"5.-2.23.-38",81920,4144
at_projections,"5.-2.27.-45",65536,2816
at_projections,"5.-2.31.-52",65536,1536
at_projections,"5.-2.7.-10",65536,3386
at_projections,"5.-3.-7.15",65536,1152
at_projections,"5.-3.17.-27",32768,960
at_projections,"5.-3.25.-41",16384,988
at_projections,"5.-3.29.-48",65536,3840
at_projections,"5.-3.9.-13",131072,11070
at_projections,"5.-4.-5.12",49152,2784
at_projections,"5.-4.11.-16",131072,7440
at_projections,"5.-4.19.-30",32768,352
at_projections,"5.-4.23.-37",32768,1408
at_projections,"5.-4.31.-51",65536,4796
at_projections,"5.-4.7.-9",16384,928
at_projections,"5.-5.-3.9",16384,0
at_projections,"5.-5.13.-19",65536,5376
at_projections,"5.-5.21.-33",32768,288
at_projections,"5.-5.25.-40",32768,2112
at_projections,"5.-5.9.-12",81920,1752
at_projections,"5.-6.-5.13",32768,1088
at_projections,"5.-6.11.-15",65536,5760
at_projections,"5.-6.23.-36",32768,448
at_projections,"5.-7.-3.10",32768,1824
at_projections,"5.-7.13.-18",131072,4200
at_projections,"5.-7.21.-32",16384,512
at_projections,"5.-7.25.-39",16384,2128
at_projections,"5.-7.5.-4",32768,2432
at_projections,"5.-7.9.-11",32768,752
at_projections,"5.-8.-1.7",65536,6372
at_projections,"5.-8.-5.14",16384,544
at_projections,"5.-8.15.-21",65536,3072
at_projections,"5.-8.23.-35",16384,914
at_projections,"5.-8.3.0",16384,0
at_projections,"5.-9.-3.11",65536,1792
at_projections,"5.-9.1.4",65536,6372
at_projections,"5.-9.13.-17",81920,6450
at_projections,"5.-9.25.-38",65536,3104
at_projections,"5.-9.5.-3",49152,2784
at_projections,"5.-9.9.-10",32768,1042
at_projections,"5.0.-9.17",32768,1042
at_projections,"5.0.11.-18",262144,0
at_projections,"5.0.15.-25",131072,2304
at_projections,"5.0.23.-39",131072,10992
at_projections,"5.0.27.-46",65536,2048
at_projections,"5.0.7.-11",262144,14192
at_projections,"5.1.-11.20",32768,2328
at_projections,"5.1.13.-22",344064,2864
at_projections,"5.1.21.-36",131072,9940
at_projections,"5.1.25.-43",65536,1536
at_projections,"5.1.5.-8",114688,5328
at_projections,"5.1.9.-15",327680,3328
at_projections,"5.10.-1.-2",327680,6912
at_projections,"5.10.-5.5",622592,15424
at_projections,"5.10.-9.12",327680,3328
at_projections,"5.10.11.-23",32768,256
at_projections,"5.10.19.-37",81920,3388
at_projections,"5.10.3.-9",311296,23229
at_projections,"5.10.7.-16",65536,5160
at_projections,"5.11.-11.15",262144,0
at_projections,"5.11.-3.1",458752,14416
at_projections,"5.11.-7.8",475136,8576
at_projections,"5.11.1.-6",393216,30789
at_projections,"5.11.13.-27",49152,2400
at_projections,"5.11.17.-34",81920,6236
at_projections,"5.11.21.-41",32768,4076
at_projections,"5.11.5.-13",65536,6000
at_projections,"5.11.9.-20",16384,384
at_projections,"5.12.-1.-3",393216,30789
at_projections,"5.12.-13.18",131072,0
at_projections,"5.12.-5.4",409600,6472
at_projections,"5.12.-9.11",393216,4096
at_projections,"5.12.11.-24",49152,1792
at_projections,"5.12.15.-31",65536,6272
at_projections,"5.12.19.-38",49152,4090
at_projections,"5.12.3.-10",262144,21846
at_projections,"5.12.7.-17",16384,1152
at_projections,"5.13.-11.14",409600,5120
at_projections,"5.13.-3.0",311296,23229
at_projections,"5.13.-7.7",294912,3708
at_projections,"5.13.1.-7",425984,29154
at_projections,"5.13.13.-28",16384,1536
at_projections,"5.13.17.-35",131072,10208
at_projections,"5.13.5.-14",131072,10032
at_projections,"5.13.9.-21",98304,512
at_projections,"5.14.-1.-4",425984,29154
at_projections,"5.14.-13.17",344064,2864
at_projections,"5.14.-17.24",32768,960
at_projections,"5.14.-21.31",16384,512
at_projections,"5.14.-5.3",212992,16380
at_projections,"5.14.-9.10",294912,3672
at_projections,"5.14.11.-25",16384,816
at_projections,"5.14.15.-32",16384,3196
at_projections,"5.14.3.-11",163840,10036
at_projections,"5.14.7.-18",114688,7976
at_projections,"5.15.-11.13",294912,5472
at_projections,"5.15.-15.20",131072,2304
at_projections,"5.15.-19.27",32768,352
at_projections,"5.15.-23.34",16384,914
at_projections,"5.15.-3.-1",262144,21846
at_projections,"5.15.-7.6",147456,7850
at_projections,"5.15.1.-8",196608,12192
at_projections,"5.15.17.-36",65536,5672
at_projections,"5.15.5.-15",147456,10024
at_projections,"5.15.9.-22",65536,6144
at_projections,"5.16.-1.-5",196608,12192
at_projections,"5.16.-13.16",294912,608
at_projections,"5.16.-17.23",16384,16
at_projections,"5.16.-21.30",32768,288
at_projections,"5.16.-25.37",65536,3104
at_projections,"5.16.-5.2",65536,6000
at_projections,"5.16.-9.9",147456,11056
at_projections,"5.16.11.-26",65536,7304
at_projections,"5.16.15.-33",65536,7636
at_projections,"5.16.3.-12",65536,4000
at_projections,"5.16.7.-19",163840,8520
at_projections,"5.17.-11.12",131072,7424
at_projections,"5.17.-15.19",131072,0
at_projections,"5.17.-19.26",16384,96
at_projections,"5.17.-23.33",32768,448
at_projections,"5.17.-3.-2",163840,10036
at_projections,"5.17.-7.5",65536,5160
at_projections,"5.17.1.-9",131072,5248
at_projections,"5.17.13.-30",65536,5760
at_projections,"5.17.17.-37",16384,1884
at_projections,"5.17.5.-16",98304,5552
at_projections,"5.17.9.-23",131072,5608
at_projections,"5.18.-1.-6",131072,5248
at_projections,"5.18.-13.15",131072,5376
at_projections,"5.18.-25.36",16384,2128
at_projections,"5.18.-5.1",131072,10032
at_projections,"5.18.-9.8",65536,1536
at_projections,"5.18.11.-27",131072,5908
at_projections,"5.18.15.-34",147456,8374
at_projections,"5.18.3.-13",49152,3862
at_projections,"5.18.7.-20",65536,3328
at_projections,"5.19.-11.11",65536,1536
at_projections,"5.19.-15.18",131072,7424
at_projections,"5.19.-23.32",32768,1408
at_projections,"5.19.-3.-3",65536,4000
at_projections,"5.19.-7.4",16384,1152
at_projections,"5.19.1.-10",147456,8226
at_projections,"5.19.13.-31",147456,5904
at_projections,"5.19.17.-38",65536,5232
at_projections,"5.19.9.-24",65536,5376
at_projections,"5.2.-13.23",32768,3056
at_projections,"5.2.-17.30",65536,4864
at_projections,"5.2.-9.16",32768,752
at_projections,"5.2.11.-19",409600,5120
at_projections,"5.2.15.-26",131072,0
at_projections,"5.2.19.-33",65536,2304
at_projections,"5.2.23.-40",81920,3926
at_projections,"5.2.3.-5",98304,5216
at_projections,"5.2.7.-12",458752,8952
at_projections,"5.20.-1.-7",147456,8226
at_projections,"5.20.-13.14",65536,2792
at_projections,"5.20.-17.21",65536,4500
at_projections,"5.20.-21.28",16384,2736
at_projections,"5.20.-25.35",32768,2112
at_projections,"5.20.-5.0",147456,10024
at_projections,"5.20.-9.7",16384,384
at_projections,"5.20.11.-28",65536,5376
at_projections,"5.20.15.-35",163840,7120
at_projections,"5.20.19.-42",65536,4864
at_projections,"5.20.3.-14",81920,7634
at_projections,"5.21.-11.10",32768,256
at_projections,"5.21.-15.17",81920,8572
at_projections,"5.21.-19.24",65536,2304
at_projections,"5.21.-23.31",81920,4144
at_projections,"5.21.-3.-4",49152,3862
at_projections,"5.21.-7.3",114688,7976
at_projections,"5.21.1.-11",147456,14106
at_projections,"5.21.13.-32",98304,4480
at_projections,"5.21.17.-39",131072,6128
at_projections,"5.21.5.-18",16384,1024
at_projections,"5.22.-1.-8",147456,14106
at_projections,"5.22.-13.13",32768,4960
at_projections,"5.22.-17.20",65536,3072
at_projections,"5.22.-21.27",131072,9940
at_projections,"5.22.-25.34",16384,988
at_projections,"5.22.-5.-1",98304,5552
at_projections,"5.22.-9.6",98304,512
at_projections,"5.22.15.-36",65536,4920
at_projections,"5.22.3.-15",98304,11192
at_projections,"5.23.-11.9",49152,1792
at_projections,"5.23.-15.16",32768,3040
at_projections,"5.23.-19.23",81920,6672
at_projections,"5.23.-23.30",131072,10992
at_projections,"5.23.-3.-5",81920,7634
at_projections,"5.23.-7.2",163840,8520
at_projections,"5.23.1.-12",16384,3284
at_projections,"5.23.13.-33",16384,2064
at_projections,"5.23.17.-40",65536,4352
at_projections,"5.23.5.-19",65536,1760
at_projections,"5.24.-1.-9",16384,3284
at_projections,"5.24.-13.12",49152,2400
at_projections,"5.24.-17.19",32768,3768
at_projections,"5.24.-21.26",163840,9572
at_projections,"5.24.-25.33",65536,4572
at_projections,"5.24.-9.5",65536,6144
at_projections,"5.24.3.-16",65536,3968
at_projections,"5.24.7.-23",16384,664
at_projections,"5.25.-11.8",16384,816
at_projections,"5.25.-19.22",65536,256
at_projections,"5.25.-23.29",81920,3926
at_projections,"5.25.-27.36",65536,2816
at_projections,"5.25.-3.-6",98304,11192
at_projections,"5.25.-7.1",65536,3328
at_projections,"5.25.5.-20",98304,1504
at_projections,"5.26.-13.11",16384,1536
at_projections,"5.26.-17.18",16384,768
at_projections,"5.26.-21.25",65536,2192
at_projections,"5.26.-25.32",65536,1536
at_projections,"5.26.-29.39",65536,3840
at_projections,"5.26.-5.-3",16384,1024
at_projections,"5.26.-9.4",131072,5608
at_projections,"5.26.3.-17",16384,664
at_projections,"5.26.7.-24",65536,2730
at_projections,"5.27.-11.7",65536,7304
at_projections,"5.27.-15.14",65536,6272
at_projections,"5.27.-19.21",98304,648
at_projections,"5.27.-27.35",65536,2048
at_projections,"5.27.-3.-7",65536,3968
at_projections,"5.27.-31.42",65536,4796
at_projections,"5.27.5.-21",98304,4968
at_projections,"5.27.9.-28",16384,832
at_projections,"5.28.-17.17",81920,6236
at_projections,"5.28.-21.24",16384,192
at_projections,"5.28.-29.38",65536,1536
at_projections,"5.28.-5.-4",65536,1760
at_projections,"5.28.-9.3",65536,5376
at_projections,"5.28.7.-25",98304,3584
at_projections,"5.29.-11.6",131072,5908
at_projections,"5.29.-15.13",16384,3196
at_projections,"5.29.-19.20",81920,3388
at_projections,"5.29.-3.-8",16384,664
at_projections,"5.29.-31.41",65536,1536
at_projections,"5.29.5.-22",49152,2528
at_projections,"5.29.9.-29",65536,3690
at_projections,"5.3.-15.26",98304,9160
at_projections,"5.3.-7.12",16384,928
at_projections,"5.3.1.-2",65536,2048
at_projections,"5.3.13.-23",294912,608
at_projections,"5.3.17.-30",65536,4500
at_projections,"5.3.21.-37",163840,9572
at_projections,"5.3.5.-9",409600,9906
at_projections,"5.3.9.-16",393216,4096
at_projections,"5.30.-13.9",65536,5760
at_projections,"5.30.-17.16",131072,10208
at_projections,"5.30.-5.-5",98304,1504
at_projections,"5.30.7.-26",65536,2264
at_projections,"5.31.-11.5",65536,5376
at_projections,"5.31.-15.12",65536,7636
at_projections,"5.31.-19.19",49152,4090
at_projections,"5.31.-7.-2",16384,664
at_projections,"5.31.9.-30",81920,1504
at_projections,"5.32.-13.8",147456,5904
at_projections,"5.32.-17.15",65536,5672
at_projections,"5.32.-21.22",32768,4076
at_projections,"5.32.-5.-6",98304,4968
at_projections,"5.32.7.-27",16384,680
at_projections,"5.33.-15.11",147456,8374
at_projections,"5.33.-7.-3",65536,2730
at_projections,"5.33.9.-31",32768,1664
at_projections,"5.34.-13.7",98304,4480
at_projections,"5.34.-17.14",16384,1884
at_projections,"5.34.-5.-7",49152,2528
at_projections,"5.34.7.-28",16384,2538
at_projections,"5.35.-15.10",163840,7120
at_projections,"5.35.-7.-4",98304,3584
at_projections,"5.35.1.-18",32768,256
at_projections,"5.35.5.-25",16384,1866
at_projections,"5.36.-1.-15",32768,256
at_projections,"5.36.-13.6",16384,2064
at_projections,"5.36.-17.13",65536,5232
at_projections,"5.36.-9.-1",16384,832
at_projections,"5.36.3.-22",65536,2400
at_projections,"5.36.7.-29",32768,2868
at_projections,"5.37.-15.9",65536,4920
at_projections,"5.37.-7.-5",65536,2264
at_projections,"5.37.5.-26",32768,2928
at_projections,"5.38.-17.12",131072,6128
at_projections,"5.38.-9.-2",65536,3690
at_projections,"5.39.-19.15",65536,4864
at_projections,"5.39.-3.-13",65536,2400
at_projections,"5.39.-7.-6",16384,680
at_projections,"5.4.-1.1",65536,2048
at_projections,"5.4.-13.22",81920,6450
at_projections,"5.4.-17.29",131072,6072
at_projections,"5.4.-9.15",81920,1752
at_projections,"5.4.11.-20",294912,5472
at_projections,"5.4.15.-27",131072,7424
at_projections,"5.4.19.-34",81920,6672
at_projections,"5.4.3.-6",278528,1614
at_projections,"5.4.7.-13",475136,8576
at_projections,"5.40.-17.11",65536,4352
at_projections,"5.40.-5.-10",16384,1866
at_projections,"5.40.-9.-3",81920,1504
at_projections,"5.41.-7.-7",16384,2538
at_projections,"5.42.-5.-11",32768,2928
at_projections,"5.42.-9.-4",32768,1664
at_projections,"5.43.-7.-8",32768,2868
at_projections,"5.5.-11.18",65536,5760
at_projections,"5.5.-15.25",147456,9480
at_projections,"5.5.-19.32",65536,4352
at_projections,"5.5.-3.4",98304,5216
at_projections,"5.5.-7.11",65536,3386
at_projections,"5.5.1.-3",344064,7304
at_projections,"5.5.13.-24",131072,5376
at_projections,"5.5.17.-31",65536,3072
at_projections,"5.5.21.-38",65536,2192
at_projections,"5.5.5.-10",622592,15424
at_projections,"5.5.9.-17",294912,3672
at_projections,"5.6.-1.0",344064,7304
at_projections,"5.6.-13.21",131072,4200
at_projections,"5.6.-17.28",131072,6168
at_projections,"5.6.-5.7",114688,5328
at_projections,"5.6.-9.14",131072,11070
at_projections,"5.6.11.-21",131072,7424
at_projections,"5.6.15.-28",81920,8572
at_projections,"5.6.19.-35",65536,256
at_projections,"5.6.3.-7",507904,11808
at_projections,"5.6.7.-14",294912,3708
at_projections,"5.7.-11.17",131072,7440
at_projections,"5.7.-15.24",65536,3072
at_projections,"5.7.-3.3",278528,1614
at_projections,"5.7.-7.10",262144,14192
at_projections,"5.7.1.-4",425984,5632
at_projections,"5.7.13.-25",65536,2792
at_projections,"5.7.17.-32",32768,3768
at_projections,"5.7.21.-39",16384,192
at_projections,"5.7.5.-11",409600,6472
at_projections,"5.7.9.-18",147456,11056
at_projections,"5.8.-1.-1",425984,5632
at_projections,"5.8.-13.20",65536,5376
at_projections,"5.8.-5.6",409600,9906
at_projections,"5.8.-9.13",212992,8896
at_projections,"5.8.11.-22",65536,1536
at_projections,"5.8.15.-29",32768,3040
at_projections,"5.8.19.-36",98304,648
at_projections,"5.8.3.-8",458752,14416
at_projections,"5.8.7.-15",147456,7850
at_projections,"5.9.-11.16",131072,7424
at_projections,"5.9.-19.30",32768,256
at_projections,"5.9.-3.2",507904,11808
at_projections,"5.9.-7.9",458752,8952
at_projections,"5.9.1.-5",327680,6912
at_projections,"5.9.13.-26",32768,4960
at_projections,"5.9.17.-33",16384,768
at_projections,"5.9.5.-12",212992,16380
at_projections,"5.9.9.-19",65536,1536
at_projections,"6.-1.-8.16",16384,621
at_projections,"6.-1.12.-19",65536,5332
at_projections,"6.-1.20.-33",16384,248
at_projections,"6.-1.24.-40",81920,7148
at_projections,"6.-1.28.-47",32768,4224
at_projections,"6.-1.8.-12",65536,3180
at_projections,"6.-10.18.-25",81920,4476
at_projections,"6.-10.2.3",16384,1552
at_projections,"6.-11.16.-21",65536,5780
at_projections,"6.-12.18.-24",131072,3072
at_projections,"6.-2.-6.13",16384,621
at_projections,"6.-2.10.-15",98304,9864
at_projections,"6.-2.22.-36",16384,224
at_projections,"6.-2.26.-43",16384,1728
at_projections,"6.-3.-4.10",65536,192
at_projections,"6.-3.12.-18",131072,4608
at_projections,"6.-3.20.-32",32768,0
at_projections,"6.-3.24.-39",32768,3616
at_projections,"6.-3.8.-11",16384,640
at_projections,"6.-4.-2.7",16384,1527
at_projections,"6.-4.10.-14",16384,256
at_projections,"6.-4.14.-21",65536,4636
at_projections,"6.-4.22.-35",32768,0
at_projections,"6.-4.26.-42",32768,3768
at_projections,"6.-5.-4.11",32768,2048
at_projections,"6.-5.0.4",32768,3464
at_projections,"6.-5.12.-17",65536,6812
at_projections,"6.-5.24.-38",32768,1296
at_projections,"6.-6.-2.8",65536,5076
at_projections,"6.-6.10.-13",16384,1044
at_projections,"6.-6.14.-20",131072,3072
at_projections,"6.-6.2.1",16384,1527
at_projections,"6.-6.26.-41",49152,4092
at_projections,"6.-6.6.-6",98304,1792
at_projections,"6.-7.0.5",65536,11452
at_projections,"6.-7.12.-16",16384,1872
at_projections,"6.-7.16.-23",98304,8248
at_projections,"6.-7.20.-30",16384,440
at_projections,"6.-7.24.-37",16384,1582
at_projections,"6.-7.4.-2",65536,192
at_projections,"6.-7.8.-9",32768,768
at_projections,"6.-8.-2.9",16384,1552
at_projections,"6.-8.10.-12",32768,256
at_projections,"6.-8.14.-19",131072,10984
at_projections,"6.-8.18.-26",32768,512
at_projections,"6.-8.2.2",65536,5076
at_projections,"6.-8.22.-33",16384,1280
at_projections,"6.-8.26.-40",16384,2298
at_projections,"6.-8.6.-5",16384,621
at_projections,"6.-9.12.-15",32768,1184
at_projections,"6.-9.16.-22",147456,7496
at_projections,"6.-9.20.-29",32768,1280
at_projections,"6.-9.4.-1",32768,2048
at_projections,"6.-9.8.-8",16384,621
at_projections,"6.0.-6.12",98304,1792
at_projections,"6.0.10.-16",212992,7946
at_projections,"6.0.18.-30",65536,576
at_projections,"6.0.22.-37",16384,720
at_projections,"6.0.30.-51",131072,1536
at_projections,"6.1.-8.15",32768,768
at_projections,"6.1.12.-20",131072,0
at_projections,"6.1.16.-27",16384,576
at_projections,"6.1.24.-41",98304,11024
at_projections,"6.1.28.-48",65536,1658
at_projections,"6.1.8.-13",229376,13479
at_projections,"6.10.-10.14",212992,7946
at_projections,"6.10.-14.21",65536,4636
at_projections,"6.10.-18.28",32768,512
at_projections,"6.10.-2.0",425984,7624
at_projections,"6.10.-6.7",409600,9260
at_projections,"6.10.10.-21",131072,1536
at_projections,"6.10.14.-28",32768,1632
at_projections,"6.10.18.-35",16384,0
at_projections,"6.10.2.-7",344064,10040
at_projections,"6.10.6.-14",98304,5082
at_projections,"6.11.-12.17",65536,5332
at_projections,"6.11.-20.31",32768,1280
at_projections,"6.11.-4.3",475136,12580
at_projections,"6.11.-8.10",475136,4560
at_projections,"6.11.0.-4",262144,0
at_projections,"6.11.12.-25",32768,1024
at_projections,"6.11.16.-32",16384,1732
at_projections,"6.11.20.-39",65536,768
at_projections,"6.11.4.-11",278528,20014
at_projections,"6.11.8.-18",65536,4536
at_projections,"6.12.-10.13",327680,3072
at_projections,"6.12.-2.-1",344064,10040
at_projections,"6.12.-6.6",622592,11472
at_projections,"6.12.14.-29",16384,3504
at_projections,"6.12.18.-36",65536,0
at_projections,"6.12.2.-8",212992,8478
at_projections,"6.12.6.-15",163840,8536
at_projections,"6.13.-12.16",131072,0
at_projections,"6.13.-20.30",16384,440
at_projections,"6.13.-4.2",458752,5632
at_projections,"6.13.-8.9",475136,8352
at_projections,"6.13.0.-5",229376,28840
at_projections,"6.13.12.-26",65536,2112
at_projections,"6.13.16.-33",16384,3652
at_projections,"6.13.20.-40",49152,4487
at_projections,"6.13.4.-12",163840,16102
at_projections,"6.13.8.-19",32768,1024
at_projections,"6.14.-10.12",393216,4096
at_projections,"6.14.-2.-2",212992,8478
at_projections,"6.14.-22.33",16384,1280
at_projections,"6.14.-6.5",393216,6120
at_projections,"6.14.10.-23",49152,896
at_projections,"6.14.14.-30",16384,2336
at_projections,"6.14.18.-37",131072,7149
at_projections,"6.14.2.-9",360448,28326
at_projections,"6.14.6.-16",16384,1848
at_projections,"6.15.-12.15",327680,2048
at_projections,"6.15.-4.1",278528,20014
at_projections,"6.15.-8.8",262144,0
at_projections,"6.15.0.-6",524288,24372
at_projections,"6.15.12.-27",65536,3072
at_projections,"6.15.16.-34",49152,4791
at_projections,"6.15.20.-41",16384,1572
at_projections,"6.15.4.-13",131072,12014
at_projections,"6.15.8.-20",49152,2016
at_projections,"6.16.-10.11",294912,4544
at_projections,"6.16.-14.18",81920,2624
at_projections,"6.16.-2.-3",360448,28326
at_projections,"6.16.-6.4",98304,5082
at_projections,"6.16.10.-24",49152,608
at_projections,"6.16.14.-31",32768,3200
at_projections,"6.16.18.-38",81920,3888
at_projections,"6.16.2.-10",311296,17296
at_projections,"6.16.6.-17",98304,10500
at_projections,"6.17.-12.14",294912,1664
at_projections,"6.17.-16.21",16384,576
at_projections,"6.17.-20.28",32768,0
at_projections,"6.17.-24.35",16384,1582
at_projections,"6.17.-4.0",163840,16102
at_projections,"6.17.-8.7",163840,14376
at_projections,"6.17.0.-7",229376,16848
at_projections,"6.17.16.-35",65536,6270
at_projections,"6.17.4.-14",163840,8336
at_projections,"6.17.8.-21",114688,8988
at_projections,"6.18.-10.10",81920,4257
at_projections,"6.18.-14.17",163840,224
at_projections,"6.18.-18.24",65536,576
at_projections,"6.18.-2.-4",311296,17296
at_projections,"6.18.-22.31",32768,0
at_projections,"6.18.-26.38",16384,2298
at_projections,"6.18.-6.3",163840,8536
at_projections,"6.18.10.-25",65536,8832
at_projections,"6.18.18.-39",16384,1292
at_projections,"6.18.2.-11",131072,10896
at_projections,"6.18.6.-18",163840,6000
at_projections,"6.19.-12.13",114688,9360
at_projections,"6.19.-16.20",32768,192
at_projections,"6.19.-20.27",16384,248
at_projections,"6.19.-24.34",32768,1296
at_projections,"6.19.-4.-1",131072,12014
at_projections,"6.19.-8.6",65536,4536
at_projections,"6.19.0.-8",131072,7808
at_projections,"6.19.12.-29",65536,6986
at_projections,"6.19.16.-36",98304,8880
at_projections,"6.19.4.-15",98304,7152
at_projections,"6.19.8.-22",131072,3072
at_projections,"6.2.-10.18",32768,256
at_projections,"6.2.10.-17",327680,3072
at_projections,"6.2.14.-24",81920,2624
at_projections,"6.2.22.-38",65536,7380
at_projections,"6.2.26.-45",131072,2560
at_projections,"6.2.6.-10",114688,7142
at_projections,"6.20.-10.9",131072,1536
at_projections,"6.20.-14.16",65536,2048
at_projections,"6.20.-2.-5",131072,10896
at_projections,"6.20.-22.30",16384,224
at_projections,"6.20.-26.37",49152,4092
at_projections,"6.20.-6.2",16384,1848
at_projections,"6.20.10.-26",131072,4840
at_projections,"6.20.14.-33",81920,7708
at_projections,"6.20.2.-12",32768,2944
at_projections,"6.20.6.-19",81920,4973
at_projections,"6.21.-12.12",65536,2670
at_projections,"6.21.-16.19",32768,5066
at_projections,"6.21.-24.33",32768,3616
at_projections,"6.21.-4.-2",163840,8336
at_projections,"6.21.-8.5",32768,1024
at_projections,"6.21.0.-9",196608,14288
at_projections,"6.21.12.-30",131072,4608
at_projections,"6.21.16.-37",131072,10872
at_projections,"6.21.4.-16",16384,616
at_projections,"6.21.8.-23",65536,2356
at_projections,"6.22.-14.15",131072,3584
at_projections,"6.22.-2.-6",32768,2944
at_projections,"6.22.-22.29",16384,720
at_projections,"6.22.-26.36",32768,3768
at_projections,"6.22.-6.1",98304,10500
at_projections,"6.22.10.-27",65536,3456
at_projections,"6.22.14.-34",196608,8096
at_projections,"6.22.18.-41",65536,6504
at_projections,"6.22.2.-13",147456,11164
at_projections,"6.23.-12.11",32768,1024
at_projections,"6.23.-16.18",65536,6072
at_projections,"6.23.-20.25",32768,3456
at_projections,"6.23.-24.32",81920,7148
at_projections,"6.23.-4.-3",98304,7152
at_projections,"6.23.-8.4",49152,2016
at_projections,"6.23.0.-10",163840,13678
at_projections,"6.23.12.-31",65536,5224
at_projections,"6.23.16.-38",147456,7482
at_projections,"6.23.4.-17",16384,2805
at_projections,"6.24.-10.7",49152,896
at_projections,"6.24.-14.14",32768,1632
at_projections,"6.24.-18.21",131072,4608
at_projections,"6.24.-2.-7",147456,11164
at_projections,"6.24.-22.28",65536,7380
at_projections,"6.24.-26.35",16384,1728
at_projections,"6.24.-6.0",163840,6000
at_projections,"6.24.14.-35",147456,12572
at_projections,"6.24.18.-42",131072,3072
at_projections,"6.24.2.-14",98304,9793
at_projections,"6.25.-12.10",65536,2112
at_projections,"6.25.-16.17",65536,6352
at_projections,"6.25.-20.24",81920,5792
at_projections,"6.25.-24.31",98304,11024
at_projections,"6.25.-4.-4",16384,616
at_projections,"6.25.-8.3",114688,8988
at_projections,"6.25.0.-11",98304,9552
at_projections,"6.25.12.-32",16384,1184
at_projections,"6.25.16.-39",65536,4608
at_projections,"6.25.4.-18",65536,4160
at_projections,"6.26.-10.6",49152,608
at_projections,"6.26.-14.13",16384,3504
at_projections,"6.26.-2.-8",98304,9793
at_projections,"6.26.-22.27",229376,11666
at_projections,"6.26.-6.-1",81920,4973
at_projections,"6.26.14.-36",32768,3696
at_projections,"6.26.2.-15",65536,7388
at_projections,"6.26.6.-22",16384,576
at_projections,"6.27.-12.9",65536,3072
at_projections,"6.27.-16.16",16384,1732
at_projections,"6.27.-20.23",98304,4444
at_projections,"6.27.-24.30",81920,5427
at_projections,"6.27.-28.37",32768,4224
at_projections,"6.27.-4.-5",16384,2805
at_projections,"6.27.-8.2",131072,3072
at_projections,"6.27.12.-33",32768,3616
at_projections,"6.27.4.-19",98304,4122
at_projections,"6.28.-10.5",65536,8832
at_projections,"6.28.-14.12",16384,2336
at_projections,"6.28.-18.19",16384,0
at_projections,"6.28.-2.-9",65536,7388
at_projections,"6.28.-22.26",65536,3644
at_projections,"6.28.-26.33",131072,2560
at_projections,"6.28.2.-16",16384,1866
at_projections,"6.28.6.-23",65536,576
at_projections,"6.29.-16.15",16384,3652
at_projections,"6.29.-20.22",98304,1364
at_projections,"6.29.-24.29",32768,1024
at_projections,"6.29.-28.36",65536,1658
at_projections,"6.29.-4.-6",65536,4160
at_projections,"6.29.-8.1",65536,2356
at_projections,"6.29.12.-34",16384,2592
at_projections,"6.29.4.-20",65536,1392
at_projections,"6.29.8.-27",16384,862
at_projections,"6.3.-12.21",32768,1184
at_projections,"6.3.12.-21",327680,2048
at_projections,"6.3.16.-28",32768,192
at_projections,"6.3.20.-35",32768,3456
at_projections,"6.3.24.-42",81920,5427
at_projections,"6.3.28.-49",32768,1024
at_projections,"6.3.4.-7",65536,2048
at_projections,"6.3.8.-14",475136,4560
at_projections,"6.30.-10.4",131072,4840
at_projections,"6.30.-14.11",32768,3200
at_projections,"6.30.-18.18",65536,0
at_projections,"6.30.-2.-10",16384,1866
at_projections,"6.30.-22.25",16384,1296
at_projections,"6.30.-30.39",131072,1536
at_projections,"6.30.6.-24",163840,4372
at_projections,"6.31.-12.7",65536,6986
at_projections,"6.31.-16.14",49152,4791
at_projections,"6.31.-20.21",65536,768
at_projections,"6.31.-28.35",32768,1024
at_projections,"6.31.-4.-7",98304,4122
at_projections,"6.31.4.-21",16384,862
at_projections,"6.31.8.-28",65536,1344
at_projections,"6.32.-10.3",65536,3456
at_projections,"6.32.-18.17",131072,7149
at_projections,"6.32.-6.-4",16384,576
at_projections,"6.32.10.-32",16384,1152
at_projections,"6.32.6.-25",65536,256
at_projections,"6.33.-12.6",131072,4608
at_projections,"6.33.-16.13",65536,6270
at_projections,"6.33.-20.20",49152,4487
at_projections,"6.33.-4.-8",65536,1392
at_projections,"6.33.8.-29",98304,3392
at_projections,"6.34.-14.9",81920,7708
at_projections,"6.34.-18.16",81920,3888
at_projections,"6.34.-6.-5",65536,576
at_projections,"6.34.10.-33",32768,2304
at_projections,"6.34.6.-26",16384,224
at_projections,"6.35.-12.5",65536,5224
at_projections,"6.35.-16.12",98304,8880
at_projections,"6.35.-20.19",16384,1572
at_projections,"6.35.-4.-9",16384,862
at_projections,"6.35.8.-30",65536,2232
at_projections,"6.36.-14.8",196608,8096
at_projections,"6.36.-18.15",16384,1292
at_projections,"6.36.-6.-6",163840,4372
at_projections,"6.36.10.-34",16384,2925
at_projections,"6.37.-12.4",16384,1184
at_projections,"6.37.-16.11",131072,10872
at_projections,"6.37.-8.-3",16384,862
at_projections,"6.37.4.-24",16384,1328
at_projections,"6.37.8.-31",49152,4738
at_projections,"6.38.-14.7",147456,12572
at_projections,"6.38.-6.-7",65536,256
at_projections,"6.38.2.-21",16384,512
at_projections,"6.38.6.-28",32768,4276
at_projections,"6.39.-12.3",32768,3616
at_projections,"6.39.-16.10",147456,7482
at_projections,"6.39.-8.-4",65536,1344
at_projections,"6.39.4.-25",32768,1964
at_projections,"6.4.-10.17",16384,1044
at_projections,"6.4.10.-18",393216,4096
at_projections,"6.4.14.-25",163840,224
at_projections,"6.4.2.-4",65536,2048
at_projections,"6.4.22.-39",229376,11666
at_projections,"6.4.6.-11",409600,9260
at_projections,"6.40.-14.6",32768,3696
at_projections,"6.40.-18.13",65536,6504
at_projections,"6.40.-2.-15",16384,512
at_projections,"6.40.-6.-8",16384,224
at_projections,"6.40.6.-29",16384,2160
at_projections,"6.41.-12.2",16384,2592
at_projections,"6.41.-16.9",65536,4608
at_projections,"6.41.-4.-12",16384,1328
at_projections,"6.41.-8.-5",98304,3392
at_projections,"6.42.-10.-2",16384,1152
at_projections,"6.42.-18.12",131072,3072
at_projections,"6.43.-4.-13",32768,1964
at_projections,"6.43.-8.-6",65536,2232
at_projections,"6.44.-10.-3",32768,2304
at_projections,"6.44.-6.-10",32768,4276
at_projections,"6.45.-8.-7",49152,4738
at_projections,"6.46.-10.-4",16384,2925
at_projections,"6.46.-6.-11",16384,2160
at_projections,"6.5.-12.20",16384,1872
at_projections,"6.5.-16.27",65536,5780
at_projections,"6.5.-8.13",16384,640
at_projections,"6.5.0.-1",65536,2048
at_projections,"6.5.12.-22",294912,1664
at_projections,"6.5.16.-29",32768,5066
at_projections,"6.5.20.-36",81920,5792
at_projections,"6.5.24.-43",32768,1024
at_projections,"6.5.4.-8",327680,4152
at_projections,"6.5.8.-15",475136,8352
at_projections,"6.6.-10.16",16384,256
at_projections,"6.6.-14.23",131072,10984
at_projections,"6.6.-18.30",131072,3072
at_projections,"6.6.-2.2",65536,2048
at_projections,"6.6.10.-19",294912,4544
at_projections,"6.6.14.-26",65536,2048
at_projections,"6.6.18.-33",131072,4608
at_projections,"6.6.2.-5",278528,2448
at_projections,"6.6.22.-40",65536,3644
at_projections,"6.6.6.-12",622592,11472
at_projections,"6.7.-12.19",65536,6812
at_projections,"6.7.-16.26",147456,7496
at_projections,"6.7.-4.5",65536,2048
at_projections,"6.7.-8.12",65536,3180
at_projections,"6.7.0.-2",262144,0
at_projections,"6.7.12.-23",114688,9360
at_projections,"6.7.16.-30",65536,6072
at_projections,"6.7.20.-37",98304,4444
at_projections,"6.7.4.-9",475136,12580
at_projections,"6.7.8.-16",262144,0
at_projections,"6.8.-10.15",98304,9864
at_projections,"6.8.-14.22",131072,3072
at_projections,"6.8.-18.29",81920,4476
at_projections,"6.8.-2.1",278528,2448
at_projections,"6.8.-6.8",114688,7142
at_projections,"6.8.10.-20",81920,4257
at_projections,"6.8.14.-27",131072,3584
at_projections,"6.8.2.-6",425984,7624
at_projections,"6.8.22.-41",16384,1296
at_projections,"6.8.6.-13",393216,6120
at_projections,"6.9.-12.18",131072,4608
at_projections,"6.9.-16.25",98304,8248
at_projections,"6.9.-4.4",327680,4152
at_projections,"6.9.-8.11",229376,13479
at_projections,"6.9.0.-3",458752,10944
at_projections,"6.9.12.-24",65536,2670
at_projections,"6.9.16.-31",65536,6352
at_projections,"6.9.20.-38",98304,1364
at_projections,"6.9.4.-10",458752,5632
at_projections,"6.9.8.-17",163840,14376
at_projections,"7.-1.-5.11",16384,192
at_projections,"7.-1.11.-17",65536,6144
at_projections,"7.-1.23.-38",16384,768
at_projections,"7.-1.27.-45",16384,1524
at_projections,"7.-10.17.-23",65536,4864
at_projections,"7.-2.-3.8",32768,3072
at_projections,"7.-2.13.-20",131072,6932
at_projections,"7.-2.25.-41",49152,5542
at_projections,"7.-3.-1.5",81920,7560
at_projections,"7.-3.15.-23",65536,3348
at_projections,"7.-3.23.-37",32768,1568
at_projections,"7.-3.27.-44",32768,3060
at_projections,"7.-3.3.-2",32768,0
at_projections,"7.-3.7.-9",49152,96
at_projections,"7.-4.-3.9",32768,3072
at_projections,"7.-4.1.2",81920,7560
at_projections,"7.-4.13.-19",98304,7776
at_projections,"7.-4.17.-26",16384,1746
at_projections,"7.-4.25.-40",32768,3008
at_projections,"7.-4.5.-5",32768,32
at_projections,"7.-4.9.-12",16384,0
at_projections,"7.-5.-1.6",32768,3360
at_projections,"7.-5.11.-15",65536,1472
at_projections,"7.-5.15.-22",163840,9056
at_projections,"7.-5.19.-29",16384,1957
at_projections,"7.-5.23.-36",32768,2448
at_projections,"7.-5.27.-43",49152,4157
at_projections,"7.-5.3.-1",32768,3072
at_projections,"7.-5.7.-8",65536,2720
at_projections,"7.-6.1.3",32768,3360
at_projections,"7.-6.13.-18",16384,1776
at_projections,"7.-6.17.-25",98304,5632
at_projections,"7.-6.21.-32",65536,2240
at_projections,"7.-6.5.-4",16384,192
at_projections,"7.-6.9.-11",32768,1088
at_projections,"7.-7.15.-21",81920,6900
at_projections,"7.-7.19.-28",32768,1408
at_projections,"7.-7.3.0",32768,3072
at_projections,"7.-8.17.-24",131072,3768
at_projections,"7.-9.19.-27",65536,0
at_projections,"7.0.-3.7",32768,0
at_projections,"7.0.13.-21",65536,2304
at_projections,"7.0.21.-35",65536,0
at_projections,"7.0.25.-42",81920,7594
at_projections,"7.0.9.-14",32768,1680
at_projections,"7.1.-5.10",32768,32
at_projections,"7.1.11.-18",131072,6312
at_projections,"7.1.19.-32",16384,256
at_projections,"7.1.23.-39",16384,2112
at_projections,"7.10.-11.16",65536,6144
at_projections,"7.10.-15.23",163840,9056
at_projections,"7.10.-19.30",65536,0
at_projections,"7.10.-3.2",262144,0
at_projections,"7.10.-7.9",81920,3004
at_projections,"7.10.1.-5",393216,4096
at_projections,"7.10.13.-26",65536,5596
at_projections,"7.10.17.-33",65536,5376
at_projections,"7.10.21.-40",98304,3682
at_projections,"7.10.5.-12",458752,10512
at_projections,"7.10.9.-19",81920,6102
at_projections,"7.11.-1.-2",393216,4096
at_projections,"7.11.-13.19",131072,6932
at_projections,"7.11.-17.26",98304,5632
at_projections,"7.11.-5.5",278528,2538
at_projections,"7.11.-9.12",212992,13620
at_projections,"7.11.11.-23",65536,2304
at_projections,"7.11.15.-30",65536,1024
at_projections,"7.11.19.-37",16384,0
at_projections,"7.11.3.-9",327680,5488
at_projections,"7.11.7.-16",98304,5280
at_projections,"7.12.-11.15",131072,6312
at_projections,"7.12.-15.22",65536,3348
at_projections,"7.12.-19.29",32768,1408
at_projections,"7.12.-3.1",425984,8456
at_projections,"7.12.-7.8",458752,12360
at_projections,"7.12.1.-6",278528,2038
at_projections,"7.12.13.-27",65536,0
at_projections,"7.12.17.-34",16384,1776
at_projections,"7.12.21.-41",65536,3464
at_projections,"7.12.5.-13",229376,7072
at_projections,"7.12.9.-20",98304,5910
at_projections,"7.13.-1.-3",278528,2038
at_projections,"7.13.-13.18",65536,2304
at_projections,"7.13.-17.25",16384,1746
at_projections,"7.13.-5.4",507904,13148
at_projections,"7.13.-9.11",458752,6510
at_projections,"7.13.11.-24",65536,0
at_projections,"7.13.15.-31",65536,3136
at_projections,"7.13.19.-38",65536,1116
at_projections,"7.13.3.-10",212992,10848
at_projections,"7.13.7.-17",98304,12060
at_projections,"7.14.-11.14",196608,0
at_projections,"7.14.-19.28",16384,1957
at_projections,"7.14.-3.0",327680,5488
at_projections,"7.14.-7.7",622592,10996
at_projections,"7.14.1.-7",131072,8960
at_projections,"7.14.13.-28",16384,912
at_projections,"7.14.21.-42",16384,960
at_projections,"7.14.5.-14",163840,10754
at_projections,"7.14.9.-21",65536,0
at_projections,"7.15.-1.-4",131072,8960
at_projections,"7.15.-21.31",65536,2240
at_projections,"7.15.-5.3",458752,10512
at_projections,"7.15.-9.10",475136,4864
at_projections,"7.15.11.-25",16384,464
at_projections,"7.15.19.-39",98304,2496
at_projections,"7.15.3.-11",229376,15652
at_projections,"7.15.7.-18",65536,0
at_projections,"7.16.-11.13",327680,2048
at_projections,"7.16.-3.-1",212992,10848
at_projections,"7.16.-7.6",393216,2592
at_projections,"7.16.1.-8",294912,21220
at_projections,"7.16.13.-29",49152,5852
at_projections,"7.16.17.-36",49152,3488
at_projections,"7.16.5.-15",98304,7200
at_projections,"7.17.-1.-5",294912,21220
at_projections,"7.17.-13.16",65536,2048
at_projections,"7.17.-5.2",229376,7072
at_projections,"7.17.-9.9",262144,0
at_projections,"7.17.11.-26",49152,1184
at_projections,"7.17.15.-33",32768,6976
at_projections,"7.17.19.-40",131072,4940
at_projections,"7.17.3.-12",262144,22132
at_projections,"7.17.7.-19",32768,3168
at_projections,"7.18.-11.12",262144,0
at_projections,"7.18.-23.33",32768,2448
at_projections,"7.18.-3.-2",229376,15652
at_projections,"7.18.-7.5",98304,5280
at_projections,"7.18.1.-9",393216,15944
at_projections,"7.18.13.-30",32768,4344
at_projections,"7.18.17.-37",81920,5005
at_projections,"7.18.5.-16",98304,9196
at_projections,"7.18.9.-23",98304,1536
at_projections,"7.19.-1.-6",393216,15944
at_projections,"7.19.-13.15",163840,1152
at_projections,"7.19.-17.22",16384,96
at_projections,"7.19.-5.1",163840,10754
at_projections,"7.19.-9.8",81920,6102
at_projections,"7.19.11.-27",32768,1856
at_projections,"7.19.15.-34",16384,1728
at_projections,"7.19.19.-41",16384,576
at_projections,"7.19.3.-13",229376,15676
at_projections,"7.19.7.-20",114688,8744
at_projections,"7.2.-7.13",65536,2720
at_projections,"7.2.17.-29",16384,96
at_projections,"7.2.25.-43",65536,6628
at_projections,"7.2.29.-50",65536,2304
at_projections,"7.2.9.-15",212992,13620
at_projections,"7.20.-11.11",131072,9080
at_projections,"7.20.-15.18",32768,1320
at_projections,"7.20.-19.25",16384,256
at_projections,"7.20.-23.32",32768,1568
at_projections,"7.20.-3.-3",262144,22132
at_projections,"7.20.-7.4",98304,12060
at_projections,"7.20.1.-10",163840,11024
at_projections,"7.20.17.-38",98304,5520
at_projections,"7.20.5.-17",147456,12570
at_projections,"7.20.9.-24",81920,6080
at_projections,"7.21.-1.-7",163840,11024
at_projections,"7.21.-13.14",81920,2944
at_projections,"7.21.-17.21",32768,960
at_projections,"7.21.-21.28",65536,0
at_projections,"7.21.-25.35",32768,3008
at_projections,"7.21.-5.0",98304,7200
at_projections,"7.21.-9.7",98304,5910
at_projections,"7.21.11.-28",65536,7188
at_projections,"7.21.15.-35",16384,1536
at_projections,"7.21.3.-14",81920,4480
at_projections,"7.21.7.-21",147456,7776
at_projections,"7.22.-11.10",65536,2304
at_projections,"7.22.-15.17",16384,664
at_projections,"7.22.-19.24",32768,352
at_projections,"7.22.-23.31",16384,768
at_projections,"7.22.-27.38",49152,4157
at_projections,"7.22.-3.-4",229376,15676
at_projections,"7.22.-7.3",65536,0
at_projections,"7.22.1.-11",114688,11612
at_projections,"7.22.13.-32",65536,6144
at_projections,"7.22.17.-39",65536,5904
at_projections,"7.22.5.-18",131072,2944
at_projections,"7.22.9.-25",131072,4224
at_projections,"7.23.-1.-8",114688,11612
at_projections,"7.23.-13.13",65536,5596
at_projections,"7.23.-25.34",49152,5542
at_projections,"7.23.-5.-1",98304,9196
at_projections,"7.23.-9.6",65536,0
at_projections,"7.23.11.-29",131072,3072
at_projections,"7.23.15.-36",131072,12128
at_projections,"7.23.3.-15",16384,960
at_projections,"7.23.7.-22",65536,0
at_projections,"7.24.-11.9",65536,0
at_projections,"7.24.-15.16",65536,4208
at_projections,"7.24.-23.30",16384,2112
at_projections,"7.24.-27.37",32768,3060
at_projections,"7.24.-3.-5",81920,4480
at_projections,"7.24.-7.2",32768,3168
at_projections,"7.24.1.-12",147456,17816
at_projections,"7.24.13.-33",131072,4328
at_projections,"7.24.17.-40",81920,6846
at_projections,"7.24.9.-26",65536,0
at_projections,"7.25.-1.-9",147456,17816
at_projections,"7.25.-13.12",65536,0
at_projections,"7.25.-17.19",65536,5376
at_projections,"7.25.-25.33",81920,7594
at_projections,"7.25.-5.-2",147456,12570
at_projections,"7.25.11.-30",65536,2304
at_projections,"7.25.15.-37",229376,18260
at_projections,"7.25.19.-44",65536,4864
at_projections,"7.25.3.-16",49152,3102
at_projections,"7.26.-11.8",16384,464
at_projections,"7.26.-15.15",65536,1024
at_projections,"7.26.-19.22",65536,3840
at_projections,"7.26.-23.29",65536,9532
at_projections,"7.26.-27.36",16384,1524
at_projections,"7.26.-3.-6",16384,960
at_projections,"7.26.-7.1",114688,8744
at_projections,"7.26.1.-13",180224,14774
at_projections,"7.26.13.-34",81920,5544
at_projections,"7.26.17.-41",131072,5376
at_projections,"7.27.-1.-10",180224,14774
at_projections,"7.27.-13.11",16384,912
at_projections,"7.27.-17.18",65536,5376
at_projections,"7.27.-21.25",81920,4932
at_projections,"7.27.-25.32",65536,6628
at_projections,"7.27.-5.-3",131072,2944
at_projections,"7.27.-9.4",98304,1536
at_projections,"7.27.15.-38",131072,8948
at_projections,"7.27.3.-17",65536,7952
at_projections,"7.28.-11.7",49152,1184
at_projections,"7.28.-15.14",65536,3136
at_projections,"7.28.-19.21",65536,2024
at_projections,"7.28.-23.28",163840,14858
at_projections,"7.28.-3.-7",49152,3102
at_projections,"7.28.-7.0",147456,7776
at_projections,"7.28.1.-14",65536,7268
at_projections,"7.28.13.-35",65536,9260
at_projections,"7.28.17.-42",65536,0
at_projections,"7.28.5.-21",16384,1728
at_projections,"7.29.-1.-11",65536,7268
at_projections,"7.29.-13.10",49152,5852
at_projections,"7.29.-17.17",16384,1776
at_projections,"7.29.-21.24",131072,9700
at_projections,"7.29.-25.31",81920,4748
at_projections,"7.29.-9.3",81920,6080
at_projections,"7.29.15.-39",16384,2208
at_projections,"7.29.3.-18",98304,7456
at_projections,"7.3.-9.16",32768,1088
at_projections,"7.3.11.-19",196608,0
at_projections,"7.3.19.-33",32768,352
at_projections,"7.3.23.-40",65536,9532
at_projections,"7.3.27.-47",65536,3840
at_projections,"7.3.7.-12",81920,3004
at_projections,"7.30.-11.6",32768,1856
at_projections,"7.30.-19.20",16384,0
at_projections,"7.30.-23.27",131072,7624
at_projections,"7.30.-27.34",65536,3840
at_projections,"7.30.-3.-8",65536,7952
at_projections,"7.30.-7.-1",65536,0
at_projections,"7.30.1.-15",16384,2238
at_projections,"7.30.13.-36",81920,7674
at_projections,"7.30.5.-22",65536,2806
at_projections,"7.31.-1.-12",16384,2238
at_projections,"7.31.-13.9",32768,4344
at_projections,"7.31.-21.23",98304,3682
at_projections,"7.31.-25.30",65536,768
at_projections,"7.31.-29.37",65536,2304
at_projections,"7.31.-9.2",131072,4224
at_projections,"7.31.11.-33",16384,2134
at_projections,"7.31.3.-19",65536,5478
at_projections,"7.31.7.-26",49152,2784
at_projections,"7.32.-11.5",65536,7188
at_projections,"7.32.-15.12",32768,6976
at_projections,"7.32.-19.19",65536,1116
at_projections,"7.32.-23.26",16384,1776
at_projections,"7.32.-27.33",65536,0
at_projections,"7.32.-3.-9",98304,7456
at_projections,"7.32.13.-37",32768,3360
at_projections,"7.32.5.-23",98304,2064
at_projections,"7.33.-17.15",49152,3488
at_projections,"7.33.-21.22",65536,3464
at_projections,"7.33.-29.36",65536,0
at_projections,"7.33.-5.-6",16384,1728
at_projections,"7.33.-9.1",65536,0
at_projections,"7.33.11.-34",32768,4744
at_projections,"7.33.3.-20",16384,832
at_projections,"7.33.7.-27",98304,704
at_projections,"7.34.-11.4",131072,3072
at_projections,"7.34.-15.11",16384,1728
at_projections,"7.34.-19.18",98304,2496
at_projections,"7.34.-3.-10",65536,5478
at_projections,"7.34.5.-24",65536,2252
at_projections,"7.34.9.-31",16384,512
at_projections,"7.35.-13.7",65536,6144
at_projections,"7.35.-17.14",81920,5005
at_projections,"7.35.-21.21",16384,960
at_projections,"7.35.-5.-7",65536,2806
at_projections,"7.35.11.-35",16384,2982
at_projections,"7.35.7.-28",98304,1404
at_projections,"7.36.-11.3",65536,2304
at_projections,"7.36.-15.10",16384,1536
at_projections,"7.36.-19.17",131072,4940
at_projections,"7.36.-3.-11",16384,832
at_projections,"7.36.5.-25",16384,512
at_projections,"7.36.9.-32",65536,3768
at_projections,"7.37.-13.6",131072,4328
at_projections,"7.37.-17.13",98304,5520
at_projections,"7.37.-5.-8",98304,2064
at_projections,"7.37.7.-29",65536,2280
at_projections,"7.38.-15.9",131072,12128
at_projections,"7.38.-19.16",16384,576
at_projections,"7.38.-7.-5",49152,2784
at_projections,"7.38.9.-33",81920,6056
at_projections,"7.39.-13.5",81920,5544
at_projections,"7.39.-17.12",65536,5904
at_projections,"7.39.-5.-9",65536,2252
at_projections,"7.39.7.-30",16384,876
at_projections,"7.4.-7.12",49152,96
at_projections,"7.4.13.-23",65536,2048
at_projections,"7.4.17.-30",32768,960
at_projections,"7.4.25.-44",81920,4748
at_projections,"7.4.29.-51",65536,0
at_projections,"7.4.5.-9",65536,2048
at_projections,"7.4.9.-16",458752,6510
at_projections,"7.40.-15.8",229376,18260
at_projections,"7.40.-7.-6",98304,704
at_projections,"7.40.5.-27",32768,2640
at_projections,"7.40.9.-34",49152,4514
at_projections,"7.41.-13.4",65536,9260
at_projections,"7.41.-17.11",81920,6846
at_projections,"7.41.-5.-10",16384,512
at_projections,"7.41.7.-31",65536,4288
at_projections,"7.42.-11.0",16384,2134
at_projections,"7.42.-15.7",131072,8948
at_projections,"7.42.-7.-7",98304,1404
at_projections,"7.43.-13.3",81920,7674
at_projections,"7.43.-17.10",131072,5376
at_projections,"7.43.-9.-4",16384,512
at_projections,"7.44.-11.-1",32768,4744
at_projections,"7.44.-15.6",16384,2208
at_projections,"7.44.-19.13",65536,4864
at_projections,"7.44.-7.-8",65536,2280
at_projections,"7.45.-13.2",32768,3360
at_projections,"7.45.-17.9",65536,0
at_projections,"7.45.-5.-12",32768,2640
at_projections,"7.45.-9.-5",65536,3768
at_projections,"7.46.-11.-2",16384,2982
at_projections,"7.46.-7.-9",16384,876
at_projections,"7.47.-9.-6",81920,6056
at_projections,"7.48.-7.-10",65536,4288
at_projections,"7.49.-9.-7",49152,4514
at_projections,"7.5.-9.15",16384,0
at_projections,"7.5.11.-20",327680,2048
at_projections,"7.5.15.-27",32768,1320
at_projections,"7.5.23.-41",163840,14858
at_projections,"7.5.27.-48",65536,0
at_projections,"7.5.3.-6",65536,2048
at_projections,"7.5.7.-13",458752,12360
at_projections,"7.6.-11.18",65536,1472
at_projections,"7.6.1.-3",65536,2048
at_projections,"7.6.13.-24",163840,1152
at_projections,"7.6.21.-38",81920,4932
at_projections,"7.6.25.-45",65536,768
at_projections,"7.6.5.-10",278528,2538
at_projections,"7.6.9.-17",475136,4864
at_projections,"7.7.-1.0",65536,2048
at_projections,"7.7.-13.21",16384,1776
at_projections,"7.7.-17.28",65536,4864
at_projections,"7.7.11.-21",262144,0
at_projections,"7.7.15.-28",16384,664
at_projections,"7.7.19.-35",65536,3840
at_projections,"7.7.23.-42",131072,7624
at_projections,"7.7.3.-7",262144,0
at_projections,"7.7.7.-14",622592,10996
at_projections,"7.8.-15.24",81920,6900
at_projections,"7.8.-3.3",65536,2048
at_projections,"7.8.1.-4",262144,0
at_projections,"7.8.13.-25",81920,2944
at_projections,"7.8.17.-32",65536,5376
at_projections,"7.8.21.-39",131072,9700
at_projections,"7.8.5.-11",507904,13148
at_projections,"7.8.9.-18",262144,0
at_projections,"7.9.-1.-1",262144,0
at_projections,"7.9.-13.20",98304,7776
at_projections,"7.9.-17.27",131072,3768
at_projections,"7.9.-5.6",65536,2048
at_projections,"7.9.-9.13",32768,1680
at_projections,"7.9.11.-22",131072,9080
at_projections,"7.9.15.-29",65536,4208
at_projections,"7.9.19.-36",65536,2024
at_projections,"7.9.23.-43",16384,1776
at_projections,"7.9.3.-8",425984,8456
at_projections,"7.9.7.-15",393216,2592
at_projections,"8.-1.-2.6",81920,7777
at_projections,"8.-1.10.-15",32768,512
at_projections,"8.-1.14.-22",147456,4618
at_projections,"8.-1.2.-1",32768,384
at_projections,"8.-1.26.-43",49152,5580
at_projections,"8.-1.6.-8",16384,0
at_projections,"8.-2.0.3",32768,3776
at_projections,"8.-2.12.-18",32768,1696
at_projections,"8.-2.16.-25",81920,8269
at_projections,"8.-2.20.-32",32768,3328
at_projections,"8.-2.24.-39",16384,1184
at_projections,"8.-2.28.-46",49152,2176
at_projections,"8.-2.4.-4",32768,0
at_projections,"8.-2.8.-11",131072,192
at_projections,"8.-3.10.-14",16384,1296
at_projections,"8.-3.14.-21",98304,7608
at_projections,"8.-3.18.-28",65536,5972
at_projections,"8.-3.2.0",81920,7777
at_projections,"8.-3.22.-35",32768,1804
at_projections,"8.-3.26.-42",49152,2888
at_projections,"8.-3.6.-7",32768,0
at_projections,"8.-4.12.-17",16384,1112
at_projections,"8.-4.16.-24",163840,4928
at_projections,"8.-4.20.-31",16384,752
at_projections,"8.-4.24.-38",32768,3700
at_projections,"8.-4.4.-3",16384,2016
at_projections,"8.-5.18.-27",65536,1152
at_projections,"8.-5.22.-34",16384,1824
at_projections,"8.-6.16.-23",65536,3732
at_projections,"8.-7.18.-26",131072,0
at_projections,"8.0.-4.9",16384,2016
at_projections,"8.0.0.2",65536,6976
at_projections,"8.0.12.-19",65536,5386
at_projections,"8.0.24.-40",65536,3296
at_projections,"8.0.28.-47",16384,2160
at_projections,"8.0.4.-5",16384,0
at_projections,"8.1.-2.5",32768,384
at_projections,"8.1.14.-23",65536,5828
at_projections,"8.1.22.-37",16384,960
at_projections,"8.1.26.-44",81920,5768
at_projections,"8.10.-12.18",32768,1696
at_projections,"8.10.-16.25",65536,3732
at_projections,"8.10.-4.4",65536,2048
at_projections,"8.10.0.-3",262144,0
at_projections,"8.10.12.-24",81920,4382
at_projections,"8.10.20.-38",131072,3072
at_projections,"8.10.24.-45",16384,2176
at_projections,"8.10.4.-10",393216,4096
at_projections,"8.10.8.-17",393216,4544
at_projections,"8.11.-14.21",98304,7608
at_projections,"8.11.-18.28",131072,0
at_projections,"8.11.-2.0",262144,0
at_projections,"8.11.-6.7",65536,2048
at_projections,"8.11.10.-21",81920,4853
at_projections,"8.11.14.-28",32768,3072
at_projections,"8.11.18.-35",65536,4840
at_projections,"8.11.2.-7",393216,4096
at_projections,"8.11.22.-42",131072,9676
at_projections,"8.11.6.-14",458752,4680
at_projections,"8.12.-12.17",65536,5386
at_projections,"8.12.-16.24",163840,4928
at_projections,"8.12.-4.3",262144,0
at_projections,"8.12.-8.10",81920,4685
at_projections,"8.12.0.-4",393216,4096
at_projections,"8.12.12.-25",32768,3208
at_projections,"8.12.16.-32",131072,2560
at_projections,"8.12.20.-39",16384,1840
at_projections,"8.12.4.-11",344064,9336
at_projections,"8.12.8.-18",81920,3090
at_projections,"8.13.-10.13",81920,6040
at_projections,"8.13.-14.20",147456,4618
at_projections,"8.13.-18.27",65536,1152
at_projections,"8.13.-2.-1",393216,4096
at_projections,"8.13.-6.6",262144,0
at_projections,"8.13.10.-22",65536,8632
at_projections,"8.13.14.-29",65536,2816
at_projections,"8.13.18.-36",32768,2524
at_projections,"8.13.2.-8",262144,0
at_projections,"8.13.22.-43",65536,5488
at_projections,"8.13.6.-15",229376,11352
at_projections,"8.14.-12.16",131072,1024
at_projections,"8.14.-16.23",81920,8269
at_projections,"8.14.-4.2",393216,4096
at_projections,"8.14.-8.9",409600,9718
at_projections,"8.14.0.-5",262144,0
at_projections,"8.14.12.-26",131072,0
at_projections,"8.14.20.-40",65536,3532
at_projections,"8.14.4.-12",212992,5922
at_projections,"8.14.8.-19",32768,3210
at_projections,"8.15.-10.12",294912,2016
at_projections,"8.15.-14.19",65536,5828
at_projections,"8.15.-18.26",65536,5972
at_projections,"8.15.-2.-2",262144,0
at_projections,"8.15.-6.5",507904,13816
at_projections,"8.15.10.-23",65536,128
at_projections,"8.15.14.-30",49152,1756
at_projections,"8.15.2.-9",131072,9600
at_projections,"8.15.22.-44",16384,1863
at_projections,"8.15.6.-16",131072,8136
at_projections,"8.16.-12.15",65536,2496
at_projections,"8.16.-20.29",16384,752
at_projections,"8.16.-4.1",344064,9336
at_projections,"8.16.-8.8",655360,11016
at_projections,"8.16.0.-6",65536,2048
at_projections,"8.16.16.-34",32768,2784
at_projections,"8.16.20.-41",98304,5583
at_projections,"8.16.4.-13",131072,6744
at_projections,"8.16.8.-20",147456,1576
at_projections,"8.17.-10.11",409600,3976
at_projections,"8.17.-2.-3",131072,9600
at_projections,"8.17.-22.32",16384,1824
at_projections,"8.17.-6.4",458752,4680
at_projections,"8.17.10.-24",32768,0
at_projections,"8.17.14.-31",32768,1724
at_projections,"8.17.18.-38",16384,652
at_projections,"8.17.2.-10",163840,5376
at_projections,"8.17.6.-17",98304,8096
at_projections,"8.18.-12.14",65536,2048
at_projections,"8.18.-20.28",32768,3328
at_projections,"8.18.-4.0",212992,5922
at_projections,"8.18.-8.7",393216,4544
at_projections,"8.18.0.-7",131072,11376
at_projections,"8.18.12.-28",32768,3392
at_projections,"8.18.20.-42",81920,3456
at_projections,"8.18.4.-14",294912,10314
at_projections,"8.19.-10.10",262144,0
at_projections,"8.19.-2.-4",163840,5376
at_projections,"8.19.-22.31",32768,1804
at_projections,"8.19.-6.3",229376,11352
at_projections,"8.19.10.-25",49152,1408
at_projections,"8.19.14.-32",32768,3200
at_projections,"8.19.18.-39",81920,2864
at_projections,"8.19.2.-11",229376,16770
at_projections,"8.19.6.-18",32768,384
at_projections,"8.2.-4.8",32768,0
at_projections,"8.2.12.-20",131072,1024
at_projections,"8.2.20.-34",16384,192
at_projections,"8.2.24.-41",16384,2640
at_projections,"8.20.-12.13",131072,0
at_projections,"8.20.-24.34",32768,3700
at_projections,"8.20.-4.-1",131072,6744
at_projections,"8.20.-8.6",81920,3090
at_projections,"8.20.0.-8",557056,7728
at_projections,"8.20.12.-29",49152,4897
at_projections,"8.20.16.-36",65536,5712
at_projections,"8.20.20.-43",16384,576
at_projections,"8.20.4.-15",163840,13804
at_projections,"8.20.8.-22",16384,1576
at_projections,"8.21.-10.9",81920,4853
at_projections,"8.21.-2.-5",229376,16770
at_projections,"8.21.-6.2",131072,8136
at_projections,"8.21.10.-26",49152,3351
at_projections,"8.21.14.-33",16384,3628
at_projections,"8.21.18.-40",131072,5264
at_projections,"8.21.2.-12",294912,18124
at_projections,"8.21.6.-19",131072,13682
at_projections,"8.22.-12.12",81920,4382
at_projections,"8.22.-16.19",32768,384
at_projections,"8.22.-20.26",16384,192
at_projections,"8.22.-24.33",16384,1184
at_projections,"8.22.-4.-2",294912,10314
at_projections,"8.22.-8.5",32768,3210
at_projections,"8.22.0.-9",196608,7392
at_projections,"8.22.12.-30",16384,2336
at_projections,"8.22.16.-37",16384,1044
at_projections,"8.22.4.-16",163840,7906
at_projections,"8.22.8.-23",163840,10058
at_projections,"8.23.-10.8",65536,8632
at_projections,"8.23.-14.15",65536,2112
at_projections,"8.23.-18.22",32768,256
at_projections,"8.23.-2.-6",294912,18124
at_projections,"8.23.-22.29",16384,960
at_projections,"8.23.-26.36",49152,2888
at_projections,"8.23.-6.1",98304,8096
at_projections,"8.23.10.-27",65536,4456
at_projections,"8.23.18.-41",65536,3968
at_projections,"8.23.2.-13",180224,15183
at_projections,"8.23.6.-20",147456,3693
at_projections,"8.24.-12.11",32768,3208
at_projections,"8.24.-16.18",16384,1186
at_projections,"8.24.-20.25",32768,0
at_projections,"8.24.-24.32",65536,3296
at_projections,"8.24.-4.-3",163840,13804
at_projections,"8.24.-8.4",147456,1576
at_projections,"8.24.0.-10",32768,5396
at_projections,"8.24.12.-31",65536,4608
at_projections,"8.24.16.-38",65536,5020
at_projections,"8.24.4.-17",81920,7144
at_projections,"8.24.8.-24",131072,768
at_projections,"8.25.-10.7",65536,128
at_projections,"8.25.-14.14",32768,3072
at_projections,"8.25.-18.21",16384,862
at_projections,"8.25.-2.-7",180224,15183
at_projections,"8.25.-22.28",32768,0
at_projections,"8.25.-26.35",49152,5580
at_projections,"8.25.-6.0",32768,384
at_projections,"8.25.10.-28",131072,0
at_projections,"8.25.14.-35",65536,3804
at_projections,"8.25.18.-42",16384,2169
at_projections,"8.25.2.-14",65536,7418
at_projections,"8.25.6.-21",98304,4648
at_projections,"8.26.-12.10",131072,0
at_projections,"8.26.-24.31",16384,2640
at_projections,"8.26.-28.38",49152,2176
at_projections,"8.26.-4.-4",163840,7906
at_projections,"8.26.0.-11",131072,15488
at_projections,"8.26.12.-32",131072,1024
at_projections,"8.26.16.-39",163840,15855
at_projections,"8.26.4.-18",32768,1728
at_projections,"8.26.8.-25",65536,128
at_projections,"8.27.-10.6",32768,0
at_projections,"8.27.-14.13",65536,2816
at_projections,"8.27.-18.20",32768,3072
at_projections,"8.27.-2.-8",65536,7418
at_projections,"8.27.-26.34",81920,5768
at_projections,"8.27.-6.-1",131072,13682
at_projections,"8.27.10.-29",65536,256
at_projections,"8.27.14.-36",147456,4597
at_projections,"8.27.18.-43",65536,3968
at_projections,"8.27.2.-15",65536,5464
at_projections,"8.28.-16.16",131072,2560
at_projections,"8.28.-24.30",65536,7328
at_projections,"8.28.-28.37",16384,2160
at_projections,"8.28.-4.-5",81920,7144
at_projections,"8.28.-8.2",16384,1576
at_projections,"8.28.0.-12",262144,19968
at_projections,"8.28.12.-33",65536,3226
at_projections,"8.28.16.-40",196608,8926
at_projections,"8.29.-10.5",49152,1408
at_projections,"8.29.-14.12",49152,1756
at_projections,"8.29.-18.19",65536,4840
at_projections,"8.29.-2.-9",65536,5464
at_projections,"8.29.-22.26",49152,6603
at_projections,"8.29.-26.33",65536,4908
at_projections,"8.29.-6.-2",147456,3693
at_projections,"8.29.14.-37",131072,14592
at_projections,"8.29.18.-44",131072,0
at_projections,"8.29.2.-16",81920,9248
at_projections,"8.3.-6.11",32768,0
at_projections,"8.3.10.-17",81920,6040
at_projections,"8.3.22.-38",32768,0
at_projections,"8.3.26.-45",65536,4908
at_projections,"8.30.-12.8",32768,3392
at_projections,"8.30.-20.22",131072,3072
at_projections,"8.30.-24.29",98304,8870
at_projections,"8.30.-4.-6",32768,1728
at_projections,"8.30.-8.1",163840,10058
at_projections,"8.30.0.-13",163840,9216
at_projections,"8.30.16.-41",81920,4392
at_projections,"8.30.4.-20",16384,1912
at_projections,"8.31.-10.4",49152,3351
at_projections,"8.31.-14.11",32768,1724
at_projections,"8.31.-18.18",32768,2524
at_projections,"8.31.-2.-10",81920,9248
at_projections,"8.31.-22.25",131072,11736
at_projections,"8.31.-26.32",49152,3032
at_projections,"8.31.-6.-3",98304,4648
at_projections,"8.31.14.-38",98304,8174
at_projections,"8.31.2.-17",98304,9282
at_projections,"8.32.-12.7",49152,4897
at_projections,"8.32.-16.14",32768,2784
at_projections,"8.32.-20.21",16384,1840
at_projections,"8.32.-24.28",196608,4736
at_projections,"8.32.-8.0",131072,768
at_projections,"8.32.0.-14",32768,3232
at_projections,"8.32.12.-35",16384,3518
at_projections,"8.32.4.-21",65536,6144
at_projections,"8.33.-10.3",65536,4456
at_projections,"8.33.-14.10",32768,3200
at_projections,"8.33.-2.-11",98304,9282
at_projections,"8.33.-22.24",131072,9676
at_projections,"8.33.-26.31",65536,1152
at_projections,"8.33.14.-39",65536,4380
at_projections,"8.33.2.-18",65536,9914
at_projections,"8.33.6.-25",16384,1182
at_projections,"8.34.-12.6",16384,2336
at_projections,"8.34.-20.20",65536,3532
at_projections,"8.34.-24.27",16384,2176
at_projections,"8.34.-28.34",131072,0
at_projections,"8.34.-4.-8",16384,1912
at_projections,"8.34.-8.-1",65536,128
at_projections,"8.34.12.-36",65536,7448
at_projections,"8.34.4.-22",98304,6482
at_projections,"8.34.8.-29",65536,0
at_projections,"8.35.-10.2",131072,0
at_projections,"8.35.-14.9",16384,3628
at_projections,"8.35.-18.16",16384,652
at_projections,"8.35.-2.-12",65536,9914
at_projections,"8.35.-22.23",65536,5488
at_projections,"8.35.-26.30",32768,0
at_projections,"8.35.14.-40",16384,1920
at_projections,"8.35.2.-19",16384,2189
at_projections,"8.35.6.-26",65536,1228
at_projections,"8.36.-12.5",65536,4608
at_projections,"8.36.-16.12",65536,5712
at_projections,"8.36.-20.19",98304,5583
at_projections,"8.36.-4.-9",65536,6144
at_projections,"8.36.12.-37",81920,6104
at_projections,"8.36.4.-23",65536,1840
at_projections,"8.36.8.-30",16384,256
at_projections,"8.37.-10.1",65536,256
at_projections,"8.37.-18.15",81920,2864
at_projections,"8.37.-2.-13",16384,2189
at_projections,"8.37.-22.22",16384,1863
at_projections,"8.37.10.-34",16384,2124
at_projections,"8.37.6.-27",98304,2424
at_projections,"8.38.-12.4",131072,1024
at_projections,"8.38.-16.11",16384,1044
at_projections,"8.38.-20.18",81920,3456
at_projections,"8.38.-4.-10",98304,6482
at_projections,"8.38.12.-38",32768,4954
at_projections,"8.38.4.-24",16384,1152
at_projections,"8.38.8.-31",65536,1488
at_projections,"8.39.-14.7",65536,3804
at_projections,"8.39.-18.14",131072,5264
at_projections,"8.39.-6.-7",16384,1182
at_projections,"8.39.10.-35",49152,5707
at_projections,"8.39.6.-28",65536,2208
at_projections,"8.4.-4.7",16384,0
at_projections,"8.4.12.-21",65536,2496
at_projections,"8.4.20.-35",32768,0
at_projections,"8.4.24.-42",65536,7328
at_projections,"8.4.8.-14",81920,4685
at_projections,"8.40.-12.3",65536,3226
at_projections,"8.40.-16.10",65536,5020
at_projections,"8.40.-20.17",16384,576
at_projections,"8.40.-4.-11",65536,1840
at_projections,"8.40.8.-32",98304,7423
at_projections,"8.41.-14.6",147456,4597
at_projections,"8.41.-18.13",65536,3968
at_projections,"8.41.-6.-8",65536,1228
at_projections,"8.41.10.-36",49152,4661
at_projections,"8.41.6.-29",16384,1727
at_projections,"8.42.-16.9",163840,15855
at_projections,"8.42.-4.-12",16384,1152
at_projections,"8.42.-8.-5",65536,0
at_projections,"8.42.8.-33",81920,5990
at_projections,"8.43.-14.5",131072,14592
at_projections,"8.43.-18.12",16384,2169
at_projections,"8.43.-6.-9",98304,2424
at_projections,"8.43.6.-30",16384,1232
at_projections,"8.44.-12.1",16384,3518
at_projections,"8.44.-16.8",196608,8926
at_projections,"8.44.-8.-6",16384,256
at_projections,"8.44.8.-34",49152,2152
at_projections,"8.45.-14.4",98304,8174
at_projections,"8.45.-18.11",65536,3968
at_projections,"8.45.-6.-10",65536,2208
at_projections,"8.46.-12.0",65536,7448
at_projections,"8.46.-16.7",81920,4392
at_projections,"8.46.-8.-7",65536,1488
at_projections,"8.47.-10.-4",16384,2124
at_projections,"8.47.-14.3",65536,4380
at_projections,"8.47.-18.10",131072,0
at_projections,"8.47.-6.-11",16384,1727
at_projections,"8.48.-12.-1",81920,6104
at_projections,"8.48.-8.-8",98304,7423
at_projections,"8.49.-10.-5",49152,5707
at_projections,"8.49.-14.2",16384,1920
at_projections,"8.49.-6.-12",16384,1232
at_projections,"8.5.-6.10",16384,0
at_projections,"8.5.10.-18",294912,2016
at_projections,"8.5.18.-32",32768,256
at_projections,"8.5.26.-46",49152,3032
at_projections,"8.5.6.-11",65536,2048
at_projections,"8.50.-12.-2",32768,4954
at_projections,"8.50.-8.-9",81920,5990
at_projections,"8.51.-10.-6",49152,4661
at_projections,"8.52.-8.-10",49152,2152
at_projections,"8.6.-8.13",131072,192
at_projections,"8.6.12.-22",65536,2048
at_projections,"8.6.16.-29",32768,384
at_projections,"8.6.24.-43",98304,8870
at_projections,"8.6.28.-50",131072,0
at_projections,"8.6.4.-8",65536,2048
at_projections,"8.6.8.-15",409600,9718
at_projections,"8.7.-10.16",16384,1296
at_projections,"8.7.10.-19",409600,3976
at_projections,"8.7.18.-33",16384,862
at_projections,"8.7.2.-5",65536,2048
at_projections,"8.7.22.-40",49152,6603
at_projections,"8.7.26.-47",65536,1152
at_projections,"8.7.6.-12",262144,0
at_projections,"8.8.-12.19",16384,1112
at_projections,"8.8.0.-2",65536,2048
at_projections,"8.8.12.-23",131072,0
at_projections,"8.8.16.-30",16384,1186
at_projections,"8.8.24.-44",196608,4736
at_projections,"8.8.4.-9",262144,0
at_projections,"8.8.8.-16",655360,11016
at_projections,"8.9.-10.15",32768,512
at_projections,"8.9.-2.1",65536,2048
at_projections,"8.9.10.-20",262144,0
at_projections,"8.9.14.-27",65536,2112
at_projections,"8.9.18.-34",32768,3072
at_projections,"8.9.2.-6",262144,0
at_projections,"8.9.22.-41",131072,11736
at_projections,"8.9.26.-48",32768,0
at_projections,"8.9.6.-13",507904,13816
at_projections,"9.-1.1.1",16384,2116
at_projections,"9.-1.13.-20",32768,2704
at_projections,"9.-1.17.-27",81920,5100
at_projections,"9.-1.21.-34",32768,3168
at_projections,"9.-1.25.-41",65536,3712
at_projections,"9.-1.9.-13",49152,408
at_projections,"9.-2.15.-23",65536,1024
at_projections,"9.-2.19.-30",16384,2208
at_projections,"9.-2.23.-37",32768,2736
at_projections,"9.-3.17.-26",131072,2560
at_projections,"9.-4.19.-29",65536,0
at_projections,"9.-5.17.-25",65536,0
at_projections,"9.0.-1.4",16384,2116
at_projections,"9.0.11.-17",32768,1676
at_projections,"9.0.15.-24",196608,12976
at_projections,"9.0.19.-31",32768,2912
at_projections,"9.0.23.-38",16384,2394
at_projections,"9.0.27.-45",147456,2232
at_projections,"9.0.3.-3",65536,4088
at_projections,"9.0.7.-10",16384,192
at_projections,"9.1.1.0",65536,7484
at_projections,"9.1.13.-21",81920,3420
at_projections,"9.1.17.-28",32768,6968
at_projections,"9.1.21.-35",16384,1754
at_projections,"9.1.25.-42",16384,1800
at_projections,"9.1.5.-7",65536,0
at_projections,"9.1.9.-14",65536,1824
at_projections,"9.10.-1.-1",65536,2048
at_projections,"9.10.-9.13",65536,1824
at_projections,"9.10.11.-22",131072,0
at_projections,"9.10.15.-29",16384,352
at_projections,"9.10.23.-43",131072,5360
at_projections,"9.10.27.-50",65536,0
at_projections,"9.10.3.-8",262144,0
at_projections,"9.10.7.-15",475136,7432
at_projections,"9.11.-11.16",32768,1676
at_projections,"9.11.-3.2",65536,2048
at_projections,"9.11.1.-5",262144,0
at_projections,"9.11.13.-26",16384,1728
at_projections,"9.11.21.-40",65536,3488
at_projections,"9.11.25.-47",65536,0
at_projections,"9.11.5.-12",393216,4096
at_projections,"9.11.9.-19",360448,3310
at_projections,"9.12.-1.-2",262144,0
at_projections,"9.12.-13.19",32768,2704
at_projections,"9.12.-17.26",65536,0
at_projections,"9.12.-5.5",65536,2048
at_projections,"9.12.11.-23",65536,2048
at_projections,"9.12.15.-30",32768,1770
at_projections,"9.12.19.-37",65536,3072
at_projections,"9.12.23.-44",147456,8084
at_projections,"9.12.3.-9",393216,4096
at_projections,"9.12.7.-16",475136,12394
at_projections,"9.13.-11.15",16384,1536
at_projections,"9.13.-15.22",65536,1024
at_projections,"9.13.-3.1",262144,0
at_projections,"9.13.-7.8",65536,2048
at_projections,"9.13.1.-6",393216,4096
at_projections,"9.13.13.-27",32768,3360
at_projections,"9.13.17.-34",65536,1792
at_projections,"9.13.21.-41",81920,5448
at_projections,"9.13.5.-13",327680,2816
at_projections,"9.13.9.-20",65536,2048
at_projections,"9.14.-1.-3",393216,4096
at_projections,"9.14.-13.18",81920,3420
at_projections,"9.14.-17.25",131072,2560
at_projections,"9.14.-5.4",262144,0
at_projections,"9.14.11.-24",32768,3264
at_projections,"9.14.15.-31",65536,3072
at_projections,"9.14.19.-38",65536,4608
at_projections,"9.14.23.-45",32768,3888
at_projections,"9.14.3.-10",262144,0
at_projections,"9.14.7.-17",212992,9504
at_projections,"9.15.-11.14",65536,1536
at_projections,"9.15.-15.21",196608,12976
at_projections,"9.15.-19.28",65536,0
at_projections,"9.15.-3.0",393216,4096
at_projections,"9.15.-7.7",262144,0
at_projections,"9.15.1.-7",262144,0
at_projections,"9.15.13.-28",65536,0
at_projections,"9.15.17.-35",65536,1520
at_projections,"9.15.21.-42",65536,7190
at_projections,"9.15.5.-14",212992,14560
at_projections,"9.15.9.-21",32768,3386
at_projections,"9.16.-1.-4",262144,0
at_projections,"9.16.-13.17",131072,5512
at_projections,"9.16.-17.24",81920,5100
at_projections,"9.16.-5.3",393216,4096
at_projections,"9.16.-9.10",245760,4439
at_projections,"9.16.11.-25",81920,3284
at_projections,"9.16.15.-32",65536,1024
at_projections,"9.16.3.-11",131072,5376
at_projections,"9.16.7.-18",32768,1776
at_projections,"9.17.-11.13",131072,1152
at_projections,"9.17.-15.20",65536,3464
at_projections,"9.17.-19.27",16384,2208
at_projections,"9.17.-3.-1",262144,0
at_projections,"9.17.-7.6",475136,7432
at_projections,"9.17.1.-8",65536,2048
at_projections,"9.17.13.-29",65536,256
at_projections,"9.17.21.-43",81920,7068
at_projections,"9.17.5.-15",131072,6354
at_projections,"9.17.9.-22",81920,1644
at_projections,"9.18.-1.-5",65536,2048
at_projections,"9.18.-13.16",65536,1152
at_projections,"9.18.-17.23",32768,6968
at_projections,"9.18.-5.2",327680,2816
at_projections,"9.18.-9.9",622592,6524
at_projections,"9.18.11.-26",65536,0
at_projections,"9.18.15.-33",32768,3720
at_projections,"9.18.19.-40",16384,1608
at_projections,"9.18.3.-12",131072,7132
at_projections,"9.18.7.-19",131072,1536
at_projections,"9.19.-11.12",131072,2048
at_projections,"9.19.-19.26",32768,2912
at_projections,"9.19.-3.-2",131072,5376
at_projections,"9.19.-7.5",475136,12394
at_projections,"9.19.1.-9",65536,2304
at_projections,"9.19.13.-30",32768,2880
at_projections,"9.19.21.-44",32768,1264
at_projections,"9.19.5.-16",163840,8640
at_projections,"9.19.9.-23",65536,0
at_projections,"9.2.-1.3",65536,7484
at_projections,"9.2.11.-18",16384,1536
at_projections,"9.2.15.-25",65536,3464
at_projections,"9.2.23.-39",16384,798
at_projections,"9.2.27.-46",65536,4564
at_projections,"9.2.3.-4",16384,768
at_projections,"9.2.7.-11",32768,0
at_projections,"9.20.-1.-6",65536,2304
at_projections,"9.20.-21.29",32768,3168
at_projections,"9.20.-5.1",212992,14560
at_projections,"9.20.-9.8",360448,3310
at_projections,"9.20.15.-34",16384,2116
at_projections,"9.20.19.-41",65536,2948
at_projections,"9.20.3.-13",163840,4456
at_projections,"9.20.7.-20",65536,2304
at_projections,"9.21.-11.11",131072,0
at_projections,"9.21.-23.32",32768,2736
at_projections,"9.21.-3.-3",131072,7132
at_projections,"9.21.-7.4",212992,9504
at_projections,"9.21.1.-10",294912,5488
at_projections,"9.21.13.-31",16384,3164
at_projections,"9.21.17.-38",16384,2061
at_projections,"9.21.5.-17",131072,3840
at_projections,"9.22.-1.-7",294912,5488
at_projections,"9.22.-21.28",16384,1754
at_projections,"9.22.-5.0",131072,6354
at_projections,"9.22.-9.7",65536,2048
at_projections,"9.22.11.-28",98304,6780
at_projections,"9.22.15.-35",16384,1728
at_projections,"9.22.19.-42",114688,1728
at_projections,"9.22.3.-14",229376,13132
at_projections,"9.22.7.-21",16384,4054
at_projections,"9.23.-11.10",65536,2048
at_projections,"9.23.-23.31",16384,2394
at_projections,"9.23.-3.-4",163840,4456
at_projections,"9.23.-7.3",32768,1776
at_projections,"9.23.1.-11",360448,13308
at_projections,"9.23.13.-32",65536,6272
at_projections,"9.23.17.-39",49152,2368
at_projections,"9.23.5.-18",81920,5424
at_projections,"9.23.9.-25",49152,3666
at_projections,"9.24.-1.-8",360448,13308
at_projections,"9.24.-13.13",16384,1728
at_projections,"9.24.-25.34",65536,3712
at_projections,"9.24.-5.-1",163840,8640
at_projections,"9.24.-9.6",32768,3386
at_projections,"9.24.11.-29",16384,1920
at_projections,"9.24.15.-36",32768,3264
at_projections,"9.24.19.-43",32768,1312
at_projections,"9.24.3.-15",278528,19006
at_projections,"9.24.7.-22",114688,6422
at_projections,"9.25.-11.9",32768,3264
at_projections,"9.25.-15.16",16384,352
at_projections,"9.25.-19.23",32768,232
at_projections,"9.25.-23.30",16384,798
at_projections,"9.25.-3.-5",229376,13132
at_projections,"9.25.-7.2",131072,1536
at_projections,"9.25.1.-12",114688,7510
at_projections,"9.25.17.-40",65536,4256
at_projections,"9.25.5.-19",163840,14304
at_projections,"9.25.9.-26",114688,4620
at_projections,"9.26.-1.-9",114688,7510
at_projections,"9.26.-13.12",32768,3360
at_projections,"9.26.-17.19",65536,1120
at_projections,"9.26.-21.26",32768,384
at_projections,"9.26.-25.33",16384,1800
at_projections,"9.26.-5.-2",131072,3840
at_projections,"9.26.-9.5",81920,1644
at_projections,"9.26.11.-30",65536,0
at_projections,"9.26.3.-16",98304,6514
at_projections,"9.26.7.-23",163840,8276
at_projections,"9.27.-11.8",81920,3284
at_projections,"9.27.-15.15",32768,1770
at_projections,"9.27.-19.22",16384,448
at_projections,"9.27.-23.29",32768,1728
at_projections,"9.27.-27.36",147456,2232
at_projections,"9.27.-3.-6",278528,19006
at_projections,"9.27.-7.1",65536,2304
at_projections,"9.27.1.-13",65536,7692
at_projections,"9.27.13.-34",65536,1536
at_projections,"9.27.17.-41",81920,8364
at_projections,"9.27.5.-20",98304,4114
at_projections,"9.27.9.-27",131072,0
at_projections,"9.28.-1.-10",65536,7692
at_projections,"9.28.-13.11",65536,0
at_projections,"9.28.-21.25",16384,512
at_projections,"9.28.-25.32",49152,5974
at_projections,"9.28.-5.-3",81920,5424
at_projections,"9.28.-9.4",65536,0
at_projections,"9.28.11.-31",131072,1536
at_projections,"9.28.15.-38",81920,3378
at_projections,"9.28.3.-17",32768,1182
at_projections,"9.28.7.-24",65536,0
at_projections,"9.29.-11.7",65536,0
at_projections,"9.29.-15.14",65536,3072
at_projections,"9.29.-27.35",65536,4564
at_projections,"9.29.-3.-7",98304,6514
at_projections,"9.29.-7.0",16384,4054
at_projections,"9.29.1.-14",98304,6498
at_projections,"9.29.13.-35",131072,3092
at_projections,"9.29.17.-42",98304,4910
at_projections,"9.29.5.-21",16384,960
at_projections,"9.29.9.-28",65536,0
at_projections,"9.3.-3.6",65536,4088
at_projections,"9.3.1.-1",16384,528
at_projections,"9.3.13.-22",131072,5512
at_projections,"9.3.25.-43",49152,5974
at_projections,"9.30.-1.-11",98304,6498
at_projections,"9.30.-13.10",65536,256
at_projections,"9.30.-17.17",65536,1792
at_projections,"9.30.-25.31",65536,6000
at_projections,"9.30.-5.-4",163840,14304
at_projections,"9.30.11.-32",65536,1152
at_projections,"9.30.15.-39",196608,14300
at_projections,"9.30.19.-46",65536,0
at_projections,"9.30.3.-18",16384,960
at_projections,"9.31.-15.13",65536,1024
at_projections,"9.31.-19.20",65536,3072
at_projections,"9.31.-23.27",16384,2015
at_projections,"9.31.-27.34",32768,2928
at_projections,"9.31.-3.-8",32768,1182
at_projections,"9.31.-7.-1",114688,6422
at_projections,"9.31.1.-15",163840,5312
at_projections,"9.31.13.-36",65536,3344
at_projections,"9.31.17.-43",131072,4608
at_projections,"9.32.-1.-12",163840,5312
at_projections,"9.32.-13.9",32768,2880
at_projections,"9.32.-17.16",65536,1520
at_projections,"9.32.-21.23",65536,3488
at_projections,"9.32.-25.30",81920,4512
at_projections,"9.32.-5.-5",98304,4114
at_projections,"9.32.-9.2",49152,3666
at_projections,"9.32.15.-40",147456,6348
at_projections,"9.32.3.-19",16384,3060
at_projections,"9.33.-11.5",98304,6780
at_projections,"9.33.-15.12",32768,3720
at_projections,"9.33.-19.19",65536,4608
at_projections,"9.33.-23.26",131072,5360
at_projections,"9.33.-3.-9",16384,960
at_projections,"9.33.-7.-2",163840,8276
at_projections,"9.33.1.-16",81920,4800
at_projections,"9.33.13.-37",16384,1881
at_projections,"9.33.17.-44",65536,0
at_projections,"9.34.-1.-13",81920,4800
at_projections,"9.34.-13.8",16384,3164
at_projections,"9.34.-21.22",81920,5448
at_projections,"9.34.-25.29",98304,3072
at_projections,"9.34.-5.-6",16384,960
at_projections,"9.34.-9.1",114688,4620
at_projections,"9.34.15.-41",32768,1408
at_projections,"9.34.3.-20",65536,7956
at_projections,"9.35.-11.4",16384,1920
at_projections,"9.35.-15.11",16384,2116
at_projections,"9.35.-23.25",147456,8084
at_projections,"9.35.-27.32",65536,0
at_projections,"9.35.-3.-10",16384,3060
at_projections,"9.35.-7.-3",65536,0
at_projections,"9.35.1.-17",32768,3738
at_projections,"9.35.13.-38",65536,3508
at_projections,"9.35.5.-24",16384,1240
at_projections,"9.35.9.-31",32768,128
at_projections,"9.36.-1.-14",32768,3738
at_projections,"9.36.-13.7",65536,6272
at_projections,"9.36.-21.21",65536,7190
at_projections,"9.36.-25.28",65536,0
at_projections,"9.36.-9.0",131072,0
at_projections,"9.36.3.-21",81920,9268
at_projections,"9.37.-11.3",65536,0
at_projections,"9.37.-15.10",16384,1728
at_projections,"9.37.-19.17",16384,1608
at_projections,"9.37.-23.24",32768,3888
at_projections,"9.37.-27.31",65536,0
at_projections,"9.37.-3.-11",65536,7956
at_projections,"9.37.13.-39",81920,4198
at_projections,"9.37.5.-25",65536,2726
at_projections,"9.37.9.-32",32768,0
at_projections,"9.38.-17.13",16384,2061
at_projections,"9.38.-21.20",81920,7068
at_projections,"9.38.-9.-1",65536,0
at_projections,"9.38.11.-36",16384,2010
at_projections,"9.38.3.-22",32768,1744
at_projections,"9.38.7.-29",16384,896
at_projections,"9.39.-11.2",131072,1536
at_projections,"9.39.-15.9",32768,3264
at_projections,"9.39.-19.16",65536,2948
at_projections,"9.39.-3.-12",81920,9268
at_projections,"9.39.13.-40",32768,3120
at_projections,"9.39.5.-26",81920,960
at_projections,"9.4.-1.2",16384,528
at_projections,"9.4.11.-19",65536,1536
at_projections,"9.4.23.-40",32768,1728
at_projections,"9.4.27.-47",32768,2928
at_projections,"9.40.-13.5",65536,1536
at_projections,"9.40.-17.12",49152,2368
at_projections,"9.40.-21.19",32768,1264
at_projections,"9.40.-5.-9",16384,1240
at_projections,"9.40.11.-37",65536,5892
at_projections,"9.40.7.-30",65536,2192
at_projections,"9.41.-11.1",65536,1152
at_projections,"9.41.-19.15",114688,1728
at_projections,"9.41.-3.-13",32768,1744
at_projections,"9.41.5.-27",32768,1792
at_projections,"9.41.9.-34",16384,876
at_projections,"9.42.-13.4",131072,3092
at_projections,"9.42.-17.11",65536,4256
at_projections,"9.42.-5.-10",65536,2726
at_projections,"9.42.11.-38",65536,5140
at_projections,"9.42.7.-31",81920,4256
at_projections,"9.43.-15.7",81920,3378
at_projections,"9.43.-19.14",32768,1312
at_projections,"9.43.9.-35",81920,7749
at_projections,"9.44.-13.3",65536,3344
at_projections,"9.44.-17.10",81920,8364
at_projections,"9.44.-5.-11",81920,960
at_projections,"9.44.-9.-4",32768,128
at_projections,"9.44.7.-32",32768,3182
at_projections,"9.45.-15.6",196608,14300
at_projections,"9.45.-7.-8",16384,896
at_projections,"9.45.9.-36",147456,2448
at_projections,"9.46.-13.2",16384,1881
at_projections,"9.46.-17.9",98304,4910
at_projections,"9.46.-5.-12",32768,1792
at_projections,"9.46.-9.-5",32768,0
at_projections,"9.47.-15.5",147456,6348
at_projections,"9.47.-7.-9",65536,2192
at_projections,"9.48.-13.1",65536,3508
at_projections,"9.48.-17.8",131072,4608
at_projections,"9.49.-11.-3",16384,2010
at_projections,"9.49.-15.4",32768,1408
at_projections,"9.49.-19.11",65536,0
at_projections,"9.49.-7.-10",81920,4256
at_projections,"9.5.-3.5",16384,768
at_projections,"9.5.13.-23",65536,1152
at_projections,"9.5.21.-37",32768,384
at_projections,"9.5.25.-44",65536,6000
at_projections,"9.50.-13.0",81920,4198
at_projections,"9.50.-17.7",65536,0
at_projections,"9.50.-9.-7",16384,876
at_projections,"9.51.-11.-4",65536,5892
at_projections,"9.51.-7.-11",32768,3182
at_projections,"9.52.-13.-1",32768,3120
at_projections,"9.52.-9.-8",81920,7749
at_projections,"9.53.-11.-5",65536,5140
at_projections,"9.54.-9.-9",147456,2448
at_projections,"9.6.-5.8",65536,0
at_projections,"9.6.11.-20",131072,1152
at_projections,"9.6.19.-34",32768,232
at_projections,"9.6.7.-13",65536,2048
at_projections,"9.7.-7.11",16384,192
at_projections,"9.7.21.-38",16384,512
at_projections,"9.7.25.-45",81920,4512
at_projections,"9.7.5.-10",65536,2048
at_projections,"9.7.9.-17",245760,4439
at_projections,"9.8.-9.14",49152,408
at_projections,"9.8.11.-21",131072,2048
at_projections,"9.8.19.-35",16384,448
at_projections,"9.8.23.-42",16384,2015
at_projections,"9.8.27.-49",65536,0
at_projections,"9.8.3.-7",65536,2048
at_projections,"9.8.7.-14",262144,0
at_projections,"9.9.-7.10",32768,0
at_projections,"9.9.1.-4",65536,2048
at_projections,"9.9.17.-32",65536,1120
at_projections,"9.9.25.-46",98304,3072
at_projections,"9.9.5.-11",262144,0
at_projections,"9.9.9.-18",622592,6524
