rank,feature_value,p_num,p_den,A_num,A_den,s_bits,g_bits
1,0.0.0.0.0.0.0.0.4.0.0.0.0.0.0.0.,3,524288,3758096384,434181523,17.415037499278842,3.1136318309334747
2,3.0.0.0.0.0.0.0.0.0.0.0.0.0.1.0.,1,65536,3254779904,434181523,16.0,2.9061897510629984
3,3.0.1.0.0.0.0.0.0.0.0.0.0.0.0.0.,13,524288,3087007744,434181523,15.299560281858907,2.8298388649328836
4,0.0.4.0.0.0.0.0.0.0.0.0.0.0.0.0.,53,2097152,162671886336,23011620719,15.272079545436801,2.8215304377856225
5,0.0.1.0.0.0.0.0.0.0.0.0.0.0.3.0.,69,2097152,189515431936,29958525087,14.891475543221832,2.6612768253688817
6,0.0.0.0.0.0.0.0.0.0.0.4.0.0.0.0.,83,2097152,212131119104,36037066409,14.624960568653075,2.5574027974334443
7,0.0.0.0.0.4.0.0.0.0.0.0.0.0.0.0.,97,2097152,234746806272,42115607731,14.400087157812873,2.4786786406103953
8,0.0.2.0.0.0.0.0.0.0.0.0.0.0.2.0.,127,2097152,283065188352,55141053421,14.011315313227835,2.359935601897396
9,0.0.3.0.0.0.0.0.0.0.0.0.0.0.1.0.,143,2097152,307761250304,62087957789,13.840128663221611,2.3094262116782747
10,0.0.0.0.0.0.0.0.2.0.0.0.2.0.0.0.,1353,8388608,2413771620352,587447600619,12.598053876023464,2.0387571051202595
11,1.0.0.0.1.0.1.0.1.0.0.0.0.0.0.0.,3515,8388608,5550842576896,1526148053345,11.220691026040102,1.8628118520985264
12,0.0.0.0.0.0.0.0.2.0.0.0.0.2.0.0.,4205,4194304,1233796464640,365146660843,9.962109914857493,1.7565564747113849
13,0.0.0.0.0.1.0.0.0.0.0.3.0.0.0.0.,4279,4194304,6265887522816,1857862736917,9.93694203637651,1.7538749564293588
14,0.0.0.0.0.3.0.0.0.0.0.1.0.0.0.0.,4353,4194304,6362792722432,1889992169619,9.9122056952121,1.751279867124905
15,0.0.0.0.0.0.0.1.2.1.0.0.0.0.0.0.,661,524288,942958182400,286993986703,9.631493538492307,1.7161732838939503
16,1.0.0.1.0.0.0.0.0.0.0.0.0.0.0.2.,2893,2097152,4084627144704,1256087146039,9.5016493920704,1.7012678310532245
17,0.0.0.0.0.2.0.0.0.0.0.0.2.0.0.0.,11821,8388608,16643954573312,5132459783383,9.470935534679892,1.6972759330148686
18,0.0.0.0.1.0.0.0.2.0.0.0.1.0.0.0.,13219,8388608,18340735090688,5739445552537,9.309674577463381,1.676068182714004
19,0.0.0.0.1.0.0.0.0.0.0.3.0.0.0.0.,6675,4194304,3082737942528,966053888675,9.295447878537722,1.674036680780803
20,0.0.1.1.0.0.0.0.2.0.0.0.0.0.0.0.,18569,8388608,24696984698880,8062316700587,8.81939149682434,1.6150685504579625
21,1.0.0.0.0.0.1.0.2.0.0.0.0.0.0.0.,20817,8388608,27336242102272,9038356764291,8.654525447921497,1.5966825204370887
22,0.0.0.0.0.3.0.0.0.0.0.0.1.0.0.0.,5237,2097152,6871977033728,2273808635951,8.645475110550649,1.5956143730462837
23,1.0.0.0.0.0.0.0.0.0.3.0.0.0.0.0.,5281,2097152,6922862329856,2292912622963,8.633404573928562,1.594187280020685
24,0.0.0.0.0.0.0.0.2.0.0.0.0.1.1.0.,26343,8388608,11189211889664,3812547953463,8.314867968148937,1.553281035181791
25,0.0.0.0.0.2.0.0.0.0.0.2.0.0.0.0.,26527,8388608,33774330970112,11517533260621,8.304826093389408,1.5520954275381418
26,0.0.0.1.0.0.0.0.2.0.0.0.0.0.1.0.,4087,1048576,5083477573632,1774499884501,8.003173471979341,1.5184032924393123
27,0.0.0.0.2.0.0.0.2.0.0.0.0.0.0.0.,33477,8388608,41540504256512,14535094845471,7.969117372103658,1.5149782435517654
28,0.0.0.2.0.0.0.0.2.0.0.0.0.0.0.0.,9593,2097152,11740561539072,4165103350139,7.772233658353596,1.495077213494257
29,1.0.0.0.0.0.0.0.1.0.1.0.1.0.0.0.,20267,4194304,24673899249664,8799556926641,7.693155069161123,1.4874829362757185
30,2.1.1.0.0.0.0.0.0.0.0.0.0.0.0.0.,20371,4194304,24786910576640,8844711805033,7.685770817386327,1.4866914259174289
31,0.0.0.1.0.0.0.0.2.0.0.0.0.1.0.0.,767,131072,15521021952,5644359799,7.416917232497067,1.4593416917560578
32,0.0.1.0.0.0.0.0.0.0.0.0.3.0.0.0.,49213,8388608,58741865054208,21367375291399,7.413248155329764,1.4589793696986533
33,0.0.0.0.0.0.0.0.0.0.0.0.0.0.4.0.,49217,8388608,58746160021504,21369112017491,7.4131308987988955,1.4589675933308472
34,0.0.0.1.0.0.0.0.2.0.0.0.0.0.0.1.,56399,8388608,66457371148288,24487403715677,7.2166180377525615,1.4403894056897288
35,2.0.0.1.0.0.0.0.0.0.0.0.0.0.0.1.,57475,8388608,67611106738176,24954583034425,7.189353059507095,1.4379554649924458
36,1.0.0.0.0.0.3.0.0.0.0.0.0.0.0.0.,57651,8388608,67799078666240,25030998982473,7.184941987724787,1.4375497985912333
37,0.0.0.0.0.0.1.0.2.0.1.0.0.0.0.0.,60665,8388608,71017686892544,26339622092795,7.111423210883958,1.4309437245949825
38,0.0.2.0.0.0.0.0.2.0.0.0.0.0.0.0.,3917,524288,4572076572672,1700689025591,7.064466587049254,1.4267302004375602
39,0.0.0.0.0.0.0.0.2.0.0.2.0.0.0.0.,15893,2097152,18527146737664,6900446945039,7.043896143554728,1.4248790030369853
40,0.0.0.0.2.0.0.0.0.0.0.2.0.0.0.0.,63821,8388608,74369875312640,27709898979383,7.038256406321916,1.4243169020815645
41,0.0.0.0.0.0.1.0.2.0.0.0.1.0.0.0.,33005,4194304,38330334969856,14330161166615,6.989603022379937,1.4194317707368491
42,0.0.0.0.0.0.0.0.2.0.1.0.1.0.0.0.,68541,8388608,79285968699392,29759235767943,6.935320379796899,1.4137280958439296
43,1.0.0.0.0.0.0.0.2.0.1.0.0.0.0.0.,70789,8388608,81613572538368,30735275831647,6.888762425091274,1.4089136633947048
44,0.0.0.0.0.0.0.1.3.0.0.0.0.0.0.0.,71897,8388608,82747326464000,31216348959131,6.8663560469406235,1.4064108890734026
45,0.0.0.1.0.0.0.0.2.0.0.0.1.0.0.0.,38249,4194304,43725057163264,16607009073227,6.776865590655718,1.3966680033000725
46,0.0.1.0.0.0.0.0.2.0.0.0.0.1.0.0.,82667,8388608,93697312030720,35892483961841,6.664976088365209,1.3843258915153156
47,0.0.0.0.0.0.0.0.2.0.0.0.1.1.0.0.,44343,4194304,49884057042944,19252911274389,6.563581242245504,1.3735021881910634
48,1.2.0.0.0.0.0.0.0.0.0.0.0.1.0.0.,44841,4194304,16794102267904,6489711224281,6.54746916837871,1.3717284895930175
49,1.0.0.0.0.0.0.1.0.0.0.2.0.0.0.0.,45107,4194304,50646715727872,19584625957961,6.538936282720634,1.3707471431865246
50,1.0.0.0.0.0.0.0.1.0.0.0.0.2.0.0.,96749,8388608,107762826608640,42006628168727,6.438040870847216,1.3591707063083174
51,0.0.0.0.1.1.0.0.0.0.0.0.0.2.0.0.,49337,4194304,54833889411072,21421213800251,6.409617627080602,1.3560275782546751
52,1.0.0.0.0.0.0.0.1.0.0.0.0.0.2.0.,99723,8388608,110700315803648,43297884018129,6.394361335896103,1.3542909110119548
53,0.0.0.0.1.0.1.0.2.0.0.0.0.0.0.0.,51127,4194304,56589843169280,22198398726421,6.3582022455522464,1.3500875271654669
54,1.0.0.0.0.0.0.0.0.2.0.0.0.1.0.0.,103703,8388608,114588670492672,45025926479669,6.337901895418617,1.347636543024975
55,0.0.0.0.0.0.0.0.2.0.0.1.1.0.0.0.,105653,8388608,116483824812032,45872580449519,6.311025792614287,1.344425663044929
56,1.0.0.1.0.0.0.0.2.0.0.0.0.0.0.0.,111957,8388608,122606099365888,48609660770511,6.227414791481039,1.3347157802885934
57,0.0.0.0.0.0.0.0.2.0.0.0.1.0.1.0.,115179,8388608,125727131303936,50008593637617,6.186481824039931,1.3300480712722318
58,0.0.0.0.1.0.0.0.2.0.1.0.0.0.0.0.,14671,1048576,15980669435904,6369877123933,6.1593204095707055,1.3269903965203873
59,0.0.0.3.0.0.0.0.1.0.0.0.0.0.0.0.,30555,2097152,33129502867456,13266416435265,6.100879139425594,1.3203378367189151
60,0.0.0.0.0.0.0.0.1.0.0.0.3.0.0.0.,122727,8388608,133005490257920,53285795773221,6.0949068480295585,1.319662884471461
61,1.0.0.0.0.0.0.0.0.1.0.0.0.2.0.0.,62765,4194304,67842691039232,27251403291095,6.062327335259326,1.3158628744581549
62,0.1.0.1.0.0.0.0.2.0.0.0.0.0.0.0.,8171,524288,8790866919424,3547697224433,6.003703063312626,1.3091225559191013
63,1.0.0.2.0.0.0.1.0.0.0.0.0.0.0.0.,133539,8388608,143310274428928,57980166399897,5.973098383727541,1.3055106663299438
64,2.0.0.0.1.0.0.0.0.0.0.0.1.0.0.0.,134229,8388608,143962975240192,58279751650767,5.9656631279720305,1.304631188705683
65,0.0.0.0.0.1.0.0.2.0.0.1.0.0.0.0.,136109,8388608,145730085847040,59096012914007,5.945597059558338,1.30216604812097
66,0.0.1.0.1.0.0.0.2.0.0.0.0.0.0.0.,139331,8388608,148744616017920,60494945781113,5.911843244145285,1.2979509308071882
67,0.0.0.0.2.2.0.0.0.0.0.0.0.0.0.0.,139679,8388608,149069993345024,60646040951117,5.908244390092914,1.2975045107070122
68,1.0.0.1.0.0.0.2.0.0.0.0.0.0.0.0.,17641,1048576,18802712510464,7659396247243,5.893355276440054,1.295638221345494
69,0.0.0.0.0.0.0.0.1.0.0.0.0.3.0.0.,36495,2097152,7744866222080,3169090936377,5.844588799453052,1.2891712612657114
70,2.0.0.0.0.0.0.0.0.0.0.0.0.0.1.1.,36547,2097152,38772246839296,15868032121081,5.842534634594468,1.2889011182335521
71,0.0.0.0.0.0.0.0.0.0.0.0.3.0.1.0.,146321,8388608,155211393925120,63529874626883,5.841222685535388,1.288727391157725
72,0.0.0.0.0.0.0.0.1.0.1.0.0.2.0.0.,75799,4194304,80031346851840,32910525261877,5.790108805095838,1.2820161361303373
73,0.0.1.0.0.0.0.0.2.0.0.0.0.0.1.0.,9757,524288,932955815936,385119010901,5.747778087061639,1.2765044161122567
74,1.0.0.0.1.0.0.0.1.0.1.0.0.0.0.0.,79123,4194304,83074985492480,34353744644329,5.72819049259581,1.2739467709845356
75,1.0.0.1.0.0.0.1.1.0.0.0.0.0.0.0.,82075,4194304,17148042805248,7127089700045,5.675344775652294,1.2666589365041554
76,0.0.0.0.0.0.0.0.2.0.2.0.0.0.0.0.,165495,8388608,57563433402368,23951623716295,5.663571895142003,1.2650291832515626
77,3.0.0.0.0.0.0.0.1.0.0.0.0.0.0.0.,166247,8388608,173365146943488,72181375654181,5.657031218778976,1.2641153466457906
78,1.0.0.0.0.1.1.0.1.0.0.0.0.0.0.0.,83967,4194304,87435266490368,36456919941741,5.642465176970518,1.2620226188855024
79,0.0.0.0.1.2.1.0.0.0.0.0.0.0.0.0.,84323,4194304,87752892743680,36611488563929,5.636361425105753,1.2611502516601674
80,2.0.0.0.1.0.1.0.0.0.0.0.0.0.0.0.,84709,4194304,88097245102080,36779082631807,5.629772362043249,1.260211409642405
81,0.0.0.0.1.0.0.0.2.0.0.0.0.0.1.0.,10797,524288,11196730179584,4687857903831,5.601657112354117,1.2560767332588982
82,0.0.0.0.0.0.0.0.3.1.0.0.0.0.0.0.,43465,2097152,45032014872576,18871699897195,5.592433475837311,1.254726648041502
83,1.0.0.0.0.0.0.1.0.0.0.0.0.2.0.0.,44199,2097152,45677887356928,19190389135077,5.568273891362378,1.2511119600840384
84,1.0.0.0.0.0.0.0.1.0.2.0.0.0.0.0.,44399,2097152,45853108600832,19277225439677,5.56176043737264,1.2501221240948293
85,1.0.0.0.0.0.0.0.1.0.1.1.0.0.0.0.,179283,8388608,184875004985344,77841365988009,5.548120830320948,1.247941253847985
86,0.0.0.0.0.0.2.0.0.0.0.0.2.0.0.0.,179691,8388608,61742889566208,26006170683131,5.544841373702129,1.2474190194718697
87,0.0.0.2.0.1.0.0.1.0.0.0.0.0.0.0.,185235,8388608,63344241278976,26808538137635,5.501002805174002,1.2405209160405946
88,0.0.1.0.0.0.0.0.1.0.0.0.0.0.2.0.,93171,4194304,95495250771968,40453126679433,5.492406642681419,1.2391777710361183
89,0.0.0.0.1.2.0.0.0.0.0.0.1.0.0.0.,186805,8388608,191389379854336,81107279404015,5.488826454998129,1.238607469578839
90,0.0.0.0.0.0.0.1.1.2.0.0.0.0.0.0.,188305,8388608,38535386103808,16351710337703,5.477288217701142,1.2367423010594523
91,1.0.0.2.0.0.0.0.1.0.0.0.0.0.0.0.,24355,1048576,24785790697472,10574490992665,5.4280696372721895,1.228925062987716
92,0.0.0.0.0.0.0.1.2.0.1.0.0.0.0.0.,197719,8388608,200750965719040,85845936546037,5.406908010648412,1.225585175837984
93,0.0.0.0.0.0.0.0.2.0.1.0.0.0.1.0.,200659,8388608,203265937506304,87122430223657,5.385613659930317,1.222252371595388
94,0.0.0.0.0.1.0.1.2.0.0.0.0.0.0.0.,204391,8388608,206457215647744,88742795667493,5.359027854440459,1.2181409331030992
95,0.0.0.0.0.0.1.0.0.0.0.3.0.0.0.0.,102303,4194304,103320412749824,44418072347469,5.357511073327823,1.217906622560927
96,2.0.0.0.0.0.0.0.0.0.1.0.1.0.0.0.,102689,4194304,103649992769536,44585666415347,5.352077876481512,1.2170681295876002
97,2.1.0.0.0.0.0.0.0.0.0.0.0.1.0.0.,103227,4194304,104108480528384,44819256074721,5.344539154885091,1.2158969854891335
98,0.0.0.0.1.0.0.0.0.0.0.2.1.0.0.0.,206917,8388608,208611091415040,89839538194591,5.341307345768046,1.2153934480391606
99,0.0.0.0.0.0.0.0.1.0.3.0.0.0.0.0.,207227,8388608,208874963468288,89974134466721,5.339147538811025,1.2150573520726762
100,2.0.0.0.1.0.0.0.1.0.0.0.0.0.0.0.,208523,8388608,29996622020608,12933833388647,5.330153004454911,1.2136501140283165
101,0.0.0.0.1.2.0.0.0.0.1.0.0.0.0.0.,209211,8388608,70186644275200,30278516869451,5.325400817246779,1.2129019884722567
102,0.0.2.0.0.0.0.0.1.0.0.0.0.0.1.0.,105159,4194304,105749191589888,45658094777157,5.317787197607377,1.2117040694693466
103,2.0.0.1.0.0.0.0.0.0.0.1.0.0.0.0.,211473,8388608,212476696199168,91817669213379,5.309886047809748,1.2104609046107389
104,0.0.0.0.0.0.2.0.2.0.0.0.0.0.0.0.,106409,4194304,106804612694016,46200821680907,5.30073934740968,1.2089835404145917
105,1.1.0.1.0.0.0.0.0.0.0.0.0.0.0.1.,53773,2097152,53879232266240,23347243036279,5.285405658519366,1.2064770946862584
106,0.0.0.0.0.0.1.0.3.0.0.0.0.0.0.0.,54355,2097152,54367466029056,23599936682665,5.269874868667732,1.2039605993310667
107,0.0.0.0.0.2.1.0.0.0.0.0.1.0.0.0.,217977,8388608,72645647269888,31547195279657,5.266183609535709,1.2033646107430347
108,0.0.0.0.0.0.3.0.1.0.0.0.0.0.0.0.,218287,8388608,218196183351296,94776182111101,5.264133311835469,1.2030294156524173
109,0.0.0.2.0.0.0.0.1.0.0.0.0.0.0.1.,28095,1048576,9316518068224,4066109962895,5.221974220148436,1.1961416348292688
110,2.0.0.0.0.0.0.0.1.0.1.0.0.0.0.0.,56457,2097152,56121742065664,24512586244011,5.215135151246952,1.1950370857682868
111,1.0.0.0.0.0.1.0.0.0.2.0.0.0.0.0.,56575,2097152,11243947556864,4912763932745,5.212122940958383,1.1945418081991523
112,0.1.0.0.0.0.0.0.2.0.0.0.0.1.0.0.,116741,4194304,115419897659392,50686785176543,5.16704819409384,1.187210388305119
113,0.0.0.0.1.0.0.0.2.0.0.1.0.0.0.0.,7353,262144,7260778528768,3192536738619,5.155882730412004,1.1854210257956512
114,1.0.0.2.0.0.0.0.0.0.0.0.0.0.0.1.,118295,4194304,23341268205568,10272300652657,5.147970429295876,1.184123615993892
115,1.0.1.0.1.0.0.0.1.0.0.0.0.0.0.0.,120145,4194304,118227606700032,52164739080835,5.12558291559147,1.1804201037937732
116,0.0.0.2.0.0.0.0.0.0.0.1.1.0.0.0.,242215,8388608,47607279779840,21033055518689,5.114071313893786,1.17852374865972
117,0.0.0.0.2.0.2.0.0.0.0.0.0.0.0.0.,7581,262144,7448301666304,3291530125863,5.111827550334069,1.1781531030411538
118,2.0.0.0.0.1.0.0.0.0.0.0.0.1.0.0.,243747,8388608,644983291904,285257260611,5.104975063056867,1.1769981807582457
119,0.0.0.0.0.0.0.0.0.0.1.2.1.0.0.0.,244459,8388608,239869896949760,106139580931057,5.1007670049937754,1.1762893567963921
120,0.0.1.0.0.0.0.0.3.0.0.0.0.0.0.0.,246367,8388608,241425950179328,106967999276941,5.089550500556074,1.1744014934131246
121,0.0.0.0.0.0.0.2.2.0.0.0.0.0.0.0.,61877,2097152,60588889735168,26865850098671,5.082884368557604,1.173279780022355
122,1.1.0.0.0.0.0.0.0.0.0.0.0.2.0.0.,124401,4194304,121704500166656,54012615642723,5.075361442914268,1.1720141945925837
123,0.0.0.2.0.0.0.0.1.0.0.0.0.0.1.0.,255111,8388608,248540479619072,110764482514053,5.039234418456173,1.1659854974407486
124,1.0.0.0.0.0.0.0.2.0.0.0.0.1.0.0.,261415,8388608,253664509820928,113501562835045,5.004017600173005,1.1602095236574836
125,0.0.1.1.0.0.0.0.0.0.0.0.0.2.0.0.,264925,8388608,51302897811456,23005107996155,4.984775533595194,1.1570860887370682
126,1.0.1.0.0.0.0.0.1.0.0.0.0.0.1.0.,266603,8388608,257875859472384,115754096576369,4.975666510849838,1.1556134726152865
127,0.0.0.0.0.0.1.0.1.0.1.0.0.0.1.0.,67279,2097152,64976525983744,29211298685917,4.962131358165498,1.1533921115881853
128,0.0.0.2.0.0.0.0.1.0.0.0.0.1.0.0.,17979,524288,17179952021504,7806149602017,4.865974840708414,1.1380429905838625
129,0.0.0.0.0.0.1.0.1.0.0.2.0.0.0.0.,36113,1048576,4926413471744,2239942477157,4.859769346789722,1.1370760340584698
130,1.0.0.0.1.0.0.1.1.0.0.0.0.0.0.0.,291757,8388608,278173405151232,126675498605911,4.845592255254776,1.1348469897506348
131,0.0.0.0.0.0.1.0.2.0.0.1.0.0.0.0.,147189,4194304,20019756924928,9129534884121,4.832689668288064,1.1328111901814113
132,0.0.0.0.0.0.0.0.2.0.1.0.0.1.0.0.,75073,2097152,71254895755264,32595309476179,4.8039934846143915,1.1283247687583124
133,0.0.0.0.0.0.0.2.0.2.0.0.0.0.0.0.,18799,524288,17838367571968,8162178450877,4.801631699686563,1.1279574392182976
134,1.0.1.0.0.0.0.0.2.0.0.0.0.0.0.0.,76341,2097152,72270177370112,33145851647343,4.779829535736328,1.1245721132046422
135,0.0.0.0.2.1.0.0.0.0.0.1.0.0.0.0.,305901,8388608,289510239764480,132816562067223,4.777294702443854,1.1241793159233868
136,1.0.0.0.0.0.2.0.0.0.1.0.0.0.0.0.,306373,8388608,289886653382656,133021495746079,4.7750703643396974,1.1238295137136722
137,0.0.0.0.2.0.0.0.0.0.0.0.0.2.0.0.,307529,8388608,290808460738560,133523409586667,4.769637062482193,1.1229765432064478
138,0.0.0.2.0.0.0.0.0.0.0.0.0.1.0.1.,156027,4194304,147201942618112,67744040489121,4.7485638208629695,1.1196307688708569
139,0.0.0.1.0.0.0.0.0.0.0.0.0.2.0.1.,316423,8388608,297859790405632,137385020052229,4.72850505603076,1.1164086733865721
140,0.0.0.0.0.0.1.0.0.0.0.2.1.0.0.0.,317111,8388608,298403103768576,137683736940053,4.725371602803864,1.115904381621713
141,0.0.1.1.0.0.0.1.1.0.0.0.0.0.0.0.,322549,8388608,302691964157952,140044816062127,4.700841181501271,1.1119617939215074
142,0.0.0.1.0.0.0.0.1.0.0.0.0.0.2.0.,162711,4194304,152478880366592,70646109788853,4.688047738541637,1.1099274067101508
143,0.0.0.0.0.0.0.1.0.3.0.0.0.0.0.0.,81433,2097152,76300442140672,35356703962459,4.686674068115089,1.1097076276429196
144,0.0.0.0.0.0.0.2.1.1.0.0.0.0.0.0.,5113,131072,4787205832704,2219970127099,4.680045689313057,1.1086435749478578
145,0.0.0.0.0.0.0.0.0.1.0.0.0.2.0.1.,20617,524288,19278544764928,8951520459691,4.6684532004506085,1.1067914971448845
146,0.0.0.0.0.3.0.0.0.0.1.0.0.0.0.0.,330087,8388608,308625293705216,143317676382501,4.6675132043455045,1.1066397459630337
147,0.0.0.0.0.0.1.0.2.0.0.0.0.0.1.0.,333247,8388608,311102818746368,144689689995181,4.653767637809642,1.1044293415751714
148,0.0.0.0.0.0.0.0.2.0.0.0.0.1.0.1.,338453,8388608,315184379854848,146950039003919,4.631404020787326,1.1008702964835237
149,0.0.0.1.1.0.0.0.2.0.0.0.0.0.0.0.,43059,1048576,13329152081920,6231807399619,4.605972805631732,1.0968624567894616
150,0.0.3.0.0.0.0.0.1.0.0.0.0.0.0.0.,344749,8388608,320116545814528,149683645872727,4.6048131585871905,1.0966806430528502
151,0.0.0.0.0.0.0.0.2.2.0.0.0.0.0.0.,172945,4194304,160504949506048,75089523495235,4.600046220898185,1.0959342447517535
152,0.0.0.0.1.0.2.0.1.0.0.0.0.0.0.0.,347435,8388608,322219133632512,150849857443505,4.593616429594934,1.0949288318792318
153,0.0.0.0.0.0.0.0.1.3.0.0.0.0.0.0.,347907,8388608,107529321316352,50351597040787,4.591657818828181,1.0946206673579872
154,0.0.0.0.0.0.2.0.1.0.0.0.1.0.0.0.,10919,262144,10117456592896,4740828049637,4.585446885172857,1.0936356869848545
155,0.1.0.1.0.0.0.0.0.0.0.0.0.2.0.0.,353933,8388608,327285718646784,153671168979959,4.566883243549127,1.0907041315442736
156,0.0.0.0.2.0.0.0.0.0.2.0.0.0.0.0.,354341,8388608,327603277791232,153848315041343,4.565221119450854,1.090441148495198
157,0.0.1.2.0.0.1.0.0.0.0.0.0.0.0.0.,356447,8388608,329236975976448,154762701328781,4.556671946850558,1.089068555334922
158,0.0.0.0.1.0.2.0.0.0.0.0.1.0.0.0.,357043,8388608,329697225342976,155021473516489,4.554261691782193,1.0886736747464802
159,1.0.0.2.0.0.0.0.0.1.0.0.0.0.0.0.,359979,8388608,331961310642176,156296230468017,4.5424467786736376,1.0867321244206476
160,0.0.0.0.0.1.0.0.0.0.0.0.1.2.0.0.,45305,1048576,41731923902464,19670593899515,4.532617341103123,1.0851109159914796
161,0.0.0.0.0.0.1.0.1.0.0.0.2.0.0.0.,182017,4194304,167540533755904,79028418271891,4.526286324203338,1.0840667363214676
162,1.0.0.0.0.0.0.0.1.1.0.0.0.1.0.0.,184969,4194304,169807974498304,80310122127787,4.503076023977245,1.0802504734004132
163,0.0.0.0.0.1.0.0.2.0.0.0.1.0.0.0.,46469,1048576,42626141126656,20175981192287,4.496019021665266,1.079099620518202
164,0.0.0.0.0.0.0.0.1.1.0.2.0.0.0.0.,372707,8388608,341742494679040,161822492892761,4.492317610251591,1.0784975013782738
165,0.0.0.0.0.0.0.0.1.0.0.0.0.2.0.1.,189789,4194304,173509061902336,82402877068647,4.465963148090025,1.074244398164592
166,0.0.1.2.0.0.0.0.0.0.0.0.0.1.0.0.,5985,131072,5463614685184,2598576415155,4.452864468169135,1.0721342585864453
167,0.0.0.1.0.0.0.0.1.0.0.0.0.2.0.0.,100397,2097152,8269288439808,3962774760421,4.384643365336123,1.0612522244339457
168,0.0.0.2.0.0.0.0.0.0.1.0.1.0.0.0.,100931,2097152,91370228285440,43822375297913,4.376990172948872,1.0600564751539845
169,0.0.0.2.0.0.1.0.1.0.0.0.0.0.0.0.,409001,8388608,369511874166784,177580677088523,4.358255155028738,1.057146118069295
170,0.0.0.0.3.0.0.0.0.0.0.0.0.0.1.0.,204563,4194304,184803584376832,88817474889449,4.357814302003439,1.0570772782670186
171,0.0.0.0.0.0.0.1.0.0.0.0.0.2.0.1.,412343,8388608,372056910725120,179031711738389,4.346514609202529,1.0553081628377574
172,0.0.0.1.0.3.0.0.0.0.0.0.0.0.0.0.,206393,4194304,16927002984448,8146547916049,4.344965484242623,1.055065804335701
173,0.0.0.0.2.0.0.0.1.0.1.0.0.0.0.0.,103595,2097152,18680305942528,8995806975037,4.33940515235803,1.0541934730853562
174,0.0.0.1.0.0.0.0.1.0.0.0.0.1.1.0.,213989,4194304,191967170396160,92910069925247,4.292822888064469,1.0469527323704377
175,0.0.0.0.0.0.0.0.1.0.1.0.2.0.0.0.,53665,1048576,48119022616576,23300351431795,4.288306142834,1.0462556243402183
176,1.0.0.0.0.0.1.0.1.0.0.0.1.0.0.0.,215727,4194304,193284886495232,93664677412221,4.281152772669951,1.0451518434268743
177,0.0.0.0.0.0.0.0.1.1.0.0.0.2.0.0.,218503,4194304,195383112237056,94869965320069,4.2627064378033985,1.0422824497537975
178,0.0.0.0.0.0.0.0.1.1.0.0.2.0.0.0.,438077,8388608,391571933495296,190204939051271,4.259175053556944,1.0417226521757945
179,0.0.0.2.0.0.0.0.1.0.0.1.0.0.0.0.,55517,1048576,49515927175168,24104455612391,4.239358010064276,1.038592806167104
180,0.0.0.2.0.0.0.0.0.0.0.1.0.0.0.1.,27959,524288,24908589432832,12139281201557,4.228974859195025,1.0369603260405025
181,0.1.0.2.0.0.0.0.0.0.0.0.0.1.0.0.,451713,8388608,401818047741952,196125438298899,4.2149530913856115,1.0347656931616016
182,0.1.0.0.0.0.0.0.0.0.0.0.3.0.0.0.,451837,8388608,401910926409728,196179276807751,4.214557110673546,1.0347031472224772
183,0.0.0.0.0.0.0.0.0.0.1.0.0.2.1.0.,453943,8388608,403487850496000,197093663095189,4.207848370734235,1.033643840909065
184,0.0.0.2.0.0.0.0.0.0.0.0.0.1.1.0.,457453,8388608,406115967827968,198617640240919,4.196736001073887,1.0318979912034856
185,0.0.1.0.0.0.1.0.1.0.1.0.0.0.0.0.,229983,4194304,67999448956928,33284789734703,4.188832302315836,1.0306600007773088
186,0.0.0.0.0.2.0.0.1.0.0.0.0.1.0.0.,231415,4194304,205070041874432,100476117145045,4.179877144591221,1.029264129700051
187,1.0.0.0.0.0.0.0.1.0.0.1.0.1.0.0.,467783,8388608,413845130575872,203102735373509,4.164520092819713,1.0268813124545924
188,1.0.1.0.0.0.0.0.1.0.1.0.0.0.0.0.,470263,8388608,415699885359104,204179505550549,4.156891699249495,1.0257042866471804
189,0.0.0.0.1.0.0.0.2.0.0.0.0.1.0.0.,29679,524288,26195991199744,12886073421117,4.142845137634207,1.023533331550787
190,0.0.1.0.0.0.0.0.2.0.0.0.1.0.0.0.,239099,4194304,30116008689664,14830338281111,4.132751429382563,1.0219790744464183
191,0.1.0.0.1.0.0.1.1.0.0.0.0.0.0.0.,480853,8388608,423605510864896,208777487879119,4.124763605755532,1.0207552011423742
192,0.0.0.0.0.0.1.0.1.0.0.0.1.1.0.0.,121715,2097152,107019914706944,52846404071945,4.106852550674329,1.0180020722221768
193,1.0.0.0.0.0.0.1.0.0.1.1.0.0.0.0.,487933,8388608,428878522744832,211851493061959,4.103676466307521,1.0175157745220131
194,0.0.0.0.1.0.0.0.1.0.1.0.0.1.0.0.,246903,4194304,216623319351296,107200720573269,4.086415159480111,1.0148739532137478
195,0.0.0.2.0.0.0.0.0.0.1.0.0.0.1.0.,248265,4194304,217635925000192,107792075807595,4.078478638537232,1.0136655966786239
196,0.0.0.0.0.2.0.0.0.0.0.1.1.0.0.0.,248473,4194304,217790275387392,107882385564379,4.077270433865782,1.0134802084904342
197,0.0.0.0.0.2.0.0.0.0.1.0.0.1.0.0.,124609,2097152,109171223560192,54102925399507,4.0729512534576395,1.0128141171784852
198,0.0.0.0.0.0.0.0.3.0.0.0.0.0.1.0.,62543,1048576,54762175201280,27155014992989,4.067439197776686,1.0119610930253815
199,0.0.0.0.0.1.0.0.1.0.0.0.0.2.0.0.,506403,8388608,442573697056768,219870825791769,4.050073574050681,1.0092615230999995
200,0.0.0.1.0.0.1.0.1.0.0.0.0.1.0.0.,517747,8388608,450952372944896,224796180988681,4.018112236552769,1.0043575460362837
201,0.0.0.0.1.0.0.0.2.1.0.0.0.0.0.0.,260165,4194304,226429132341248,112958835931295,4.010932636231461,1.0032624605889096
202,0.0.0.0.1.0.0.1.1.0.0.0.0.1.0.0.,131303,2097152,114114730917888,57009336514469,3.997459646379773,1.0012149228987839
203,1.0.0.0.1.0.0.0.1.0.0.0.1.0.0.0.,131919,2097152,38189641236480,19092264110879,3.990707157852467,1.0001931679531644
204,0.0.0.0.1.0.0.0.0.0.1.2.0.0.0.0.,528233,8388608,458686048763904,229349008438859,3.9891850925754193,0.9999623574485411
205,0.0.0.0.2.0.0.0.1.1.0.0.0.0.0.0.,529397,8388608,459543431610368,229854395731631,3.9860095062066163,0.9994809610761498
206,0.0.0.0.1.1.0.0.2.0.0.0.0.0.0.0.,531347,8388608,460979292864512,230701049701481,3.980705194329594,0.99867737804749
207,0.0.0.1.0.0.0.0.1.0.1.1.0.0.0.0.,536883,8388608,155016895660032,77701559537603,3.9657518018045903,0.9964100066566693
208,0.0.0.0.1.3.0.0.0.0.0.0.0.0.0.0.,537097,8388608,465207990157312,233197593458731,3.9651768623404733,0.996322975602172
209,2.0.0.0.0.0.0.0.1.0.0.0.1.0.0.0.,538393,8388608,466160600481792,233760292712539,3.961699872916104,0.995797184412494
210,0.0.0.1.0.0.0.0.1.0.1.0.0.1.0.0.,549737,8388608,474487367663616,238685647909451,3.9316179424579993,0.9912578584645458
211,0.0.0.0.0.0.0.0.0.0.2.0.2.0.0.0.,275057,4194304,237382003589120,119424667171811,3.9306289065763815,0.9911097093653725
212,1.0.0.1.0.0.0.1.0.0.0.0.0.1.0.0.,556143,8388608,159729296867328,80489004915263,3.91490363746132,0.9887653254804398
213,0.0.1.0.0.0.1.0.2.0.0.0.0.0.0.0.,559083,8388608,160446019534848,80914502807803,3.9072970478622784,0.987617784485782
214,0.0.0.2.0.0.1.0.0.0.0.0.0.0.1.0.,561247,8388608,482919411875840,243683077239181,3.9017236972402545,0.9867763911210756
215,0.0.0.1.1.0.0.0.1.0.1.0.0.0.0.0.,283627,4194304,243653427593216,123145602823921,3.8863646484442143,0.9844654035204746
216,2.0.0.0.0.0.1.0.1.0.0.0.0.0.0.0.,284161,4194304,244042793222144,123377455757203,3.88365096171966,0.9840553474468174
217,2.0.0.1.0.0.0.1.0.0.0.0.0.0.0.0.,569879,8388608,489219994681344,247430932145717,3.8797038951122604,0.9834575011950044
218,2.0.0.0.0.2.0.0.0.0.0.0.0.0.0.0.,570201,8388608,489454473052160,247570738596123,3.878888956133384,0.983333866220468
219,2.0.0.0.0.0.0.0.0.0.0.1.0.1.0.0.,285609,4194304,81699002122240,41335383534169,3.8763180838334708,0.982941184258983
220,0.0.0.2.0.0.0.1.1.0.0.0.0.0.0.0.,288385,4194304,247109802524672,125211438510355,3.862363399085715,0.9807858780235545
221,0.0.0.0.1.0.1.0.0.0.0.0.0.2.0.0.,289453,4194304,247884104597504,125675144376919,3.8570304162836875,0.979966416118219
222,1.0.0.0.0.0.0.0.1.0.1.0.0.1.0.0.,584061,8388608,499504830742528,253588494504903,3.8442404718659535,0.9780093396442295
223,0.0.0.1.0.0.0.0.0.0.0.0.0.2.1.0.,587523,8388608,502012823207936,255091630937529,3.8357141950150186,0.9767086485661401
224,0.0.0.0.0.0.0.0.0.2.0.0.0.1.0.1.,588977,8388608,503065627066368,255722930871971,3.8321482287465405,0.9761650841025945
225,1.0.0.0.1.0.1.0.0.0.1.0.0.0.0.0.,590145,8388608,503910930317312,256230054890835,3.829290054004823,0.9757290414069398
226,1.0.0.0.0.0.0.0.0.1.0.0.0.1.1.0.,593455,8388608,506304569278464,257667195731965,3.821220886998745,0.9744966285841926
227,0.0.0.2.1.0.0.0.0.0.0.1.0.0.0.0.,148979,2097152,127020394610688,64683929115017,3.8152505420640352,0.9735809365293504
228,0.0.0.0.0.1.0.0.1.1.0.1.0.0.0.0.,598215,8388608,509739167383552,259733899781445,3.8096954396557416,0.972724888387165
229,0.0.0.1.0.0.0.1.1.0.0.0.0.0.0.1.,604657,8388608,514381825703936,262530897152611,3.794242539748087,0.9703524468707372
230,0.1.0.0.0.0.1.0.2.0.0.0.0.0.0.0.,303557,4194304,258076212985856,131798840577311,3.788392083559348,0.9694594944915658
231,0.0.0.2.0.0.0.0.0.0.0.0.1.0.0.1.,304909,4194304,259050231037952,132385853996407,3.781980790552562,0.9684828981299408
232,1.0.0.0.0.0.0.0.2.0.0.0.0.0.1.0.,307199,4194304,260697216778240,133380129684077,3.771186005784682,0.9668314237259298
233,0.0.0.1.0.0.0.0.1.0.0.0.0.1.0.1.,313533,4194304,24112164503552,12375475950069,3.7417422278922006,0.9622771537088088
234,0.0.0.1.0.0.0.0.2.0.1.0.0.0.0.0.,79061,1048576,66793666248704,34326825389903,3.7293214173052056,0.9603748644398569
235,0.0.0.0.0.2.2.0.0.0.0.0.0.0.0.0.,632865,8388608,534618302316544,274778289553395,3.7284617425006115,0.9602412079704008
236,0.0.0.1.0.0.0.1.1.0.0.0.0.1.0.0.,643139,8388608,541939476725760,279239070520697,3.7052289482920746,0.9566309273857718
237,0.0.0.1.0.1.1.0.0.0.0.1.0.0.0.0.,646347,8388608,544216614699008,280631924846481,3.698050622603479,0.9555018620210043
238,0.0.0.0.0.0.0.0.0.0.0.2.2.0.0.0.,646695,8388608,544463541764096,280783020016485,3.697274069504119,0.9553797535833897
239,0.0.0.0.0.0.0.0.1.0.0.1.0.2.0.0.,652239,8388608,18909935697920,9765176633793,3.6849588173434116,0.9534264123823143
240,0.1.0.2.0.0.0.1.0.0.0.0.0.0.0.0.,654879,8388608,550256009805824,284336361600717,3.679131156662685,0.9525043910429516
241,0.0.0.1.0.0.0.0.0.0.0.1.0.1.0.1.,660271,8388608,554062558789632,286677468372733,3.667301243348692,0.9506203597382732
242,0.0.0.1.0.0.1.0.0.0.0.2.0.0.0.0.,661761,8388608,555113617817600,287324398842003,3.6640492547113412,0.9501025771417366
243,0.0.0.0.0.0.1.0.2.1.0.0.0.0.0.0.,10385,131072,8705381761024,4508975116355,3.65778640426799,0.9491080182107432
244,0.0.0.0.0.0.0.0.1.0.0.2.0.1.0.0.,333803,4194304,279617973780480,144931094921969,3.651362604818118,0.9480899419238923
245,0.0.0.0.2.0.1.0.1.0.0.0.0.0.0.0.,167237,2097152,140044807438336,72611215361951,3.6484654567859263,0.9476241864452304
246,0.0.0.0.0.0.1.0.0.0.1.0.2.0.0.0.,334877,4194304,280372688453632,145397405877671,3.646728233201497,0.9473442914910645
247,0.1.0.0.0.0.0.0.0.0.0.1.0.2.0.0.,336351,4194304,93802547118080,48679129814191,3.640391978133043,0.9463237195366073
248,1.0.0.0.0.2.0.0.0.1.0.0.0.0.0.0.,336617,4194304,281594371768320,146152881727691,3.639251487349345,0.946140223740407
249,0.0.0.0.1.1.0.0.1.0.0.0.0.1.0.0.,339671,4194304,283736318935040,147478872098933,3.626221474676476,0.9440425428620964
250,0.0.0.1.0.0.1.1.0.0.0.1.0.0.0.0.,682959,8388608,570009218711552,296528178766557,3.6185605535955947,0.9428160429471644
251,0.0.0.0.1.0.0.0.1.1.0.0.1.0.0.0.,171215,2097152,142835399524352,74338389460445,3.614550425006161,0.9421742354338074
252,1.1.0.0.0.0.0.0.0.0.0.0.0.1.0.1.,343567,4194304,286467045720064,149170443312541,3.609768054927098,0.9414074775930971
253,0.0.0.1.0.0.0.0.1.1.0.0.0.1.0.0.,10897,131072,9064427028480,4731276056131,3.5883566121309194,0.9379864883067819
254,0.0.0.2.0.0.0.0.0.1.0.0.0.0.1.0.,700191,8388608,194023385989120,101336664923631,3.582611007554005,0.9370742991058151
255,3.0.0.0.0.0.0.1.0.0.0.0.0.0.0.0.,700343,8388608,83168065486848,43439427194627,3.5822978560745318,0.9370245954504242
256,0.0.0.0.2.0.1.0.0.0.1.0.0.0.0.0.,701149,8388608,582739652771840,304425940669927,3.5806384640392532,0.9367601841719027
257,0.0.0.0.0.0.0.0.1.1.0.0.0.1.0.1.,88319,1048576,73314166898688,38346477929837,3.5695637832892735,0.9349979308761984
258,0.0.0.1.0.1.0.0.1.0.0.0.0.1.0.0.,718565,8388608,594885702844416,311987646074495,3.5452408595748435,0.9311236026397336
259,2.0.0.0.0.0.0.0.0.0.0.0.2.0.0.0.,89857,1048576,74386046451712,39014249112211,3.5446567241508666,0.9310308883945644
260,0.0.0.0.0.1.1.0.0.0.0.1.1.0.0.0.,720149,8388608,595988569915392,312675389606927,3.5420640921726685,0.9306189918964537
261,0.0.0.0.0.0.0.0.1.0.0.1.1.1.0.0.,90789,1048576,75034821394432,39418906291647,3.529770109352802,0.9286725139676157
262,0.0.0.0.0.1.0.0.0.0.0.1.2.0.0.0.,726849,8388608,200217399918592,105194801937009,3.528703844469251,0.9285039397074778
263,0.0.0.0.0.2.0.1.1.0.0.0.0.0.0.0.,181951,2097152,150328943050752,78999762291373,3.526809545331252,0.9282025828083497
264,0.0.1.0.0.0.0.0.2.0.1.0.0.0.0.0.,182741,2097152,150877155360768,79342765694543,3.520559170412016,0.927203788507863
265,0.0.0.0.0.0.0.0.2.0.1.0.0.0.0.1.,733421,8388608,605211307540480,318437846780183,3.515717950320653,0.9264271301976738
266,0.0.0.0.0.0.0.0.1.0.0.0.0.2.1.0.,370265,4194304,613819613184,323465234635,3.50180134308819,0.92420408180666
267,0.1.0.1.0.0.0.1.1.0.0.0.0.0.0.0.,745933,8388608,613880061493248,323870325995959,3.4913134727082182,0.9225405226199349
268,1.0.0.0.0.0.2.0.1.0.0.0.0.0.0.0.,746733,8388608,614434246492160,324217671214359,3.489767036810006,0.9222959033637949
269,0.0.0.1.0.0.0.0.1.0.0.2.0.0.0.0.,749597,8388608,616417313423360,325461167096231,3.4842443464371975,0.9214219673916271
270,1.1.0.2.0.0.0.0.0.0.0.0.0.0.0.0.,46943,524288,38590527569920,20381783234189,3.481377576910268,0.9209664863755341
271,0.0.0.0.0.0.0.1.1.0.0.0.1.1.0.0.,757129,8388608,621622344024064,328731422327467,3.4698203973405324,0.9191289965468654
272,1.0.0.0.1.1.0.0.1.0.0.0.0.0.0.0.,758977,8388608,622898754617344,329533789781971,3.4663033586163965,0.9185712839133161
273,0.1.0.2.0.0.0.0.1.0.0.0.0.0.0.0.,95731,1048576,78455462952960,41564631378313,3.453301440731874,0.916517490512004
274,0.0.0.0.0.2.0.2.0.0.0.0.0.0.0.0.,766105,8388608,627821139460096,332628635677915,3.4528173885070514,0.9164412327457646
275,0.0.0.0.0.0.1.0.1.0.0.1.0.1.0.0.,386439,4194304,316248122458112,167784673566597,3.4401188251076182,0.9144459770643819
276,0.1.0.0.0.0.3.0.0.0.0.0.0.0.0.0.,193275,2097152,158162330058752,83916433857825,3.4397044876444993,0.9143807551662272
277,1.0.0.1.0.0.0.0.0.1.0.0.0.1.0.0.,779129,8388608,636805707726848,338283415833467,3.428497311201086,0.9126208153996737
278,0.0.0.0.0.0.2.0.1.0.0.0.0.0.1.0.,780575,8388608,637802542792704,338911242315725,3.4258222682098354,0.9122023548504596
279,0.1.0.0.0.0.0.0.0.2.0.0.0.1.0.0.,390965,4194304,63873629552640,33949955827939,3.42332006531072,0.9118107350971784
280,1.0.0.0.0.0.1.0.1.0.0.0.0.0.1.0.,392205,4194304,106740859273216,56762721409405,3.4187515978117493,0.9110968661382234
281,0.0.1.0.0.0.0.1.1.0.0.0.0.1.0.0.,395245,4194304,322314746986496,171608076058135,3.4076123135066285,0.9093527488759051
282,0.0.0.0.1.1.0.0.0.0.0.2.0.0.0.0.,395453,4194304,322457823084544,171698385814919,3.406853286481325,0.9092339946850642
283,2.0.0.0.0.0.0.0.0.0.0.2.0.0.0.0.,197807,2097152,161284276355072,85884144520061,3.406266044427769,0.9091420783710333
284,1.0.0.0.0.1.0.1.1.0.0.0.0.0.0.0.,396839,4194304,323410970279936,172300161405797,3.4018057096626655,0.9084445636211469
285,2.0.0.0.0.0.0.0.0.1.0.0.0.1.0.0.,795235,8388608,129578492231680,69055268688581,3.3989782711589234,0.9080028792398184
286,0.0.0.0.1.0.0.1.2.0.0.0.0.0.0.0.,199699,2097152,162585047465984,86705615961577,3.3925324171110627,0.9069972369237969
287,0.0.0.0.0.0.0.0.2.0.0.1.0.1.0.0.,805757,8388608,655124045234176,349844801427911,3.380014708835713,0.9050530474419638
288,0.0.0.1.0.1.0.0.1.0.1.0.0.0.0.0.,406265,4194304,329886992433152,176392756441595,3.367938444778161,0.9031805750992116
289,0.0.0.1.0.0.0.0.1.0.0.0.0.0.1.1.,408967,4194304,331741243899904,177565914916741,3.35837509035975,0.9017037147345042
290,0.0.0.0.1.1.0.0.0.0.1.1.0.0.0.0.,819227,8388608,664369801199616,355693226542721,3.3560962612455434,0.9013529959120254
291,1.0.0.0.0.0.0.0.1.0.0.2.0.0.0.0.,409993,4194304,332445148774400,178011385159339,3.354760247421484,0.9011468099385934
292,0.0.0.3.0.0.0.1.0.0.0.0.0.0.0.0.,410825,4194304,13320622964736,7134904967459,3.3518355486816835,0.9006954352831026
293,1.0.0.0.0.0.0.1.1.0.0.0.0.1.0.0.,413937,4194304,111714431401984,59907932362017,3.3409483150941552,0.8989966200208379
294,0.1.0.0.0.1.0.0.1.0.1.0.0.0.0.0.,25929,262144,20985999785984,11257892709867,3.3377210533978174,0.8984903915527555
295,0.0.0.0.1.0.0.0.1.0.1.0.1.0.0.0.,208113,2097152,168352777502720,90358819296099,3.3329924381942044,0.8977501985971998
296,0.0.0.0.0.3.0.0.1.0.0.0.0.0.0.0.,104095,1048576,84202661871616,45196125636685,3.3324587522999627,0.8976667361775459
297,0.0.0.2.0.0.0.1.0.0.0.0.0.0.0.1.,835645,8388608,675589027528704,362821618787335,3.327469341046172,0.896885475373588
298,0.0.0.0.2.0.0.1.1.0.0.0.0.0.0.0.,209179,2097152,169079692328960,90821656799617,3.3256215024514844,0.8965951319899478
299,0.0.1.1.0.0.1.0.1.0.0.0.0.0.0.0.,842085,8388608,226658141339648,121872582598485,3.3163936593865024,0.8951443797617199
300,0.0.0.0.1.0.0.0.0.0.2.0.1.0.0.0.,842681,8388608,680379778334720,365876519983163,3.315372928578499,0.8949834289690528
301,0.0.0.0.0.0.0.0.0.0.0.3.1.0.0.0.,842895,8388608,680525270351872,365969434829085,3.3150066006995913,0.8949255731802975
302,0.0.0.2.0.0.0.0.0.0.0.0.1.0.1.0.,26415,262144,21317073502208,11468904930045,3.310930210560273,0.8942817454006303
303,0.0.0.0.1.0.1.0.1.0.0.0.0.1.0.0.,212679,2097152,171459066462208,92341292130117,3.301681937452933,0.8928163682889527
304,0.0.0.0.1.0.0.0.1.0.0.0.2.0.0.0.,852777,8388608,687234344812544,370260016639371,3.298190997448988,0.8922633722903716
305,0.0.1.0.0.0.0.0.0.0.1.0.0.2.0.0.,854941,8388608,688702284103680,371199585455143,3.294534663394363,0.8916853624763144
306,0.0.1.0.3.0.0.0.0.0.0.0.0.0.0.0.,427537,4194304,344396239208448,185628665798851,3.2943102461339,0.8916498720881991
307,1.0.0.0.0.0.0.0.0.0.0.0.3.0.0.0.,26725,262144,21527432527872,11603501202175,3.2940976725047846,0.8916160814637019
308,0.0.0.0.0.0.0.1.0.0.0.0.0.2.1.0.,858583,8388608,691167595331584,372780874561909,3.288401917951572,0.8907077350922875
309,0.0.0.0.0.1.1.1.1.0.0.0.0.0.0.0.,430643,4194304,346498491482112,186977233609289,3.283867144772644,0.8899864535220606
310,0.0.0.0.0.0.1.0.0.0.0.0.0.3.0.0.,863031,8388608,694176488357888,374712113976213,3.280947143745256,0.8895198831973525
311,0.1.0.0.0.0.0.0.1.0.1.1.0.0.0.0.,108187,1048576,86980232740864,46972796428801,3.2768323735547504,0.8888620851228894
312,0.0.0.1.0.1.0.0.0.0.0.0.0.2.0.0.,435013,4194304,349450778181632,188874606864799,3.2693010102218465,0.8876605069148525
313,0.1.0.0.0.0.0.0.0.1.0.0.0.2.0.0.,872911,8388608,700849458249728,379001827423453,3.2645249580820055,0.8868997834677139
314,1.0.0.0.0.0.1.0.0.0.1.0.1.0.0.0.,874079,8388608,701637853184000,379508951442317,3.262595847945334,0.8865926681576219
315,1.0.0.0.0.0.0.0.2.1.0.0.0.0.0.0.,876687,8388608,234466039562240,126880432284767,3.2582976705193563,0.8859093841449414
316,0.0.0.0.0.2.0.1.0.0.0.0.0.1.0.0.,439033,4194304,352163964387328,190620016587259,3.256030141276274,0.8855476697446367
317,0.0.0.1.0.0.1.0.1.0.0.0.1.0.0.0.,883939,8388608,708286009573376,383789981259097,3.2464127118672788,0.8840149948868709
318,0.0.0.1.0.0.2.0.0.0.0.1.0.0.0.0.,885687,8388608,64496718577664,34958993687391,3.243562582233486,0.8835621051801448
319,0.0.1.0.0.0.0.0.0.0.0.0.0.2.0.1.,887389,8388608,710610660622336,385287907513447,3.240792855821559,0.8831224253466461
320,0.0.0.1.1.0.0.0.1.0.0.1.0.0.0.0.,27941,262144,22348073795584,12131465934143,3.2299039651568693,0.8813965969048041
321,0.0.0.0.0.0.0.0.0.2.0.1.0.0.0.1.,447365,4194304,357776949772288,194237617036895,3.228907135285097,0.8812378155344589
322,0.0.0.0.0.0.0.0.0.0.2.2.0.0.0.0.,895107,8388608,715807302615040,388638920507961,3.228299374870647,0.8811408742708597
323,0.0.0.0.0.1.1.0.1.0.0.0.0.1.0.0.,900643,8388608,719523053305856,391042549419289,3.219404166686646,0.8797153152141597
324,0.0.0.0.0.0.0.0.2.0.1.1.0.0.0.0.,451613,4194304,360628271185920,196082020146599,3.215272509856193,0.879055247366776
325,0.1.0.2.0.0.0.0.0.1.0.0.0.0.0.0.,906443,8388608,723414964764672,393560802252689,3.2101432239642254,0.8782369035594196
326,0.0.0.0.0.0.1.0.1.0.1.0.1.0.0.0.,910021,8388608,725813703999488,395114303741983,3.204459687673516,0.8773292213949097
327,1.0.0.0.0.0.0.1.0.0.2.0.0.0.0.0.,28453,262144,22691618750464,12353766873919,3.2037068464092235,0.87720851894018
328,0.0.0.1.0.0.0.0.1.0.1.0.1.0.0.0.,228983,2097152,182442879090688,99420187681109,3.195119030848336,0.8758341104863002
329,0.0.0.0.0.1.0.0.2.0.1.0.0.0.0.0.,918553,8388608,731525943394304,398818740496219,3.1909965591191134,0.875175826527005
330,0.0.0.0.0.0.0.0.1.0.1.0.1.1.0.0.,924749,8388608,735671392141312,401508929212727,3.1812976903067223,0.8736294183539768
331,1.1.0.0.0.0.0.0.0.0.0.0.1.1.0.0.,231709,2097152,184266805739520,100603766512807,3.1780454433665017,0.8731118845252366
332,0.0.0.0.0.0.0.0.1.0.2.0.0.0.1.0.,928005,8388608,737848303026176,402922624251615,3.1762269470898974,0.8728214221275493
333,0.0.0.1.0.0.0.0.1.0.0.1.0.1.0.0.,470009,4194304,372936162672640,204069223443707,3.1576711429621636,0.8698700786301624
334,1.0.0.0.0.2.0.0.1.0.0.0.0.0.0.0.,940777,8388608,746379131486208,408467990663371,3.1565067357880943,0.8696856225641638
335,2.0.0.1.0.1.0.0.0.0.0.0.0.0.0.0.,470897,4194304,373529035931648,204454776636131,3.1549479940468124,0.869438625274362
336,1.0.2.0.0.0.0.0.1.0.0.0.0.0.0.0.,942843,8388608,249252538220544,136455003229963,3.153341968850257,0.8691829030065515
337,0.0.0.0.0.3.0.0.0.0.0.0.0.1.0.0.,235821,2097152,62337629290496,34129706978461,3.15266732867531,0.8690752619031933
338,0.0.0.0.1.0.0.0.1.0.0.1.0.1.0.0.,475091,4194304,376324455661568,206275733943593,3.142155648594167,0.8674029327138089
339,0.1.0.0.1.0.0.0.1.0.1.0.0.0.0.0.,952337,8388608,39688668708864,21762480477329,3.13888734047975,0.8668841666511964
340,1.0.0.2.0.0.0.0.0.0.0.1.0.0.0.0.,477897,4194304,126064646946816,69164682432377,3.1336598144732797,0.866056301391303
341,1.0.0.0.0.0.0.0.0.0.1.0.0.0.2.0.,478277,4194304,378446337277952,207659036275871,3.1325131107469706,0.8658720922949027
342,0.1.0.0.0.0.0.0.2.1.0.0.0.0.0.0.,479507,4194304,379263161204736,208193079549161,3.1288076492320394,0.8652771323305075
343,0.0.0.1.1.1.0.0.1.0.0.0.0.0.0.0.,965177,8388608,762617547194368,419062019824571,3.1195659887717473,0.8637959527274967
344,1.1.0.1.0.0.0.0.0.0.0.1.0.0.0.0.,967665,8388608,152853725315072,84028452690759,3.1158518442692715,0.8632018901334315
345,0.0.1.1.0.0.0.0.1.0.0.0.0.1.0.0.,981263,8388608,773291178459136,426046263803549,3.0957196633861646,0.8600016558693471
346,1.0.0.0.0.0.2.1.0.0.0.0.0.0.0.0.,981687,8388608,773572498817024,426230356769301,3.0950964150030167,0.8599031589502911
347,0.0.1.0.0.0.1.0.0.0.0.0.0.2.0.0.,984411,8388608,775379606306816,427413067237953,3.091098746722028,0.859271774478985
348,1.0.1.0.0.0.1.0.1.0.0.0.0.0.0.0.,986743,8388608,776921231130624,428425578549589,3.0876851459531522,0.8587237203435744
349,0.0.0.0.0.0.0.0.0.0.1.0.0.1.1.1.,989233,8388608,778565616402432,429506690541859,3.084049157911517,0.8581380279241301
350,2.0.0.0.0.0.0.0.0.0.0.0.0.2.0.0.,247453,2097152,194736967122944,107439520410919,3.0832049927181964,0.8580020083874434
351,0.0.0.0.0.0.0.0.1.0.1.1.0.0.0.1.,991923,8388608,260113638096896,143558212946243,3.080131392682622,0.8575061743471053
352,0.0.0.2.1.0.0.0.1.0.0.0.0.0.0.0.,249747,2097152,65416198094848,36145177608227,3.0698921773197383,0.8558447347325997
353,0.1.0.1.0.0.0.0.0.0.0.1.0.1.0.0.,502571,4194304,394523540717568,218207042195633,3.061032100192734,0.8544137240757528
354,1.0.0.0.0.0.0.0.1.0.0.0.1.0.1.0.,504421,4194304,395740123758592,219010278013183,3.05573118652434,0.853554770187522
355,1.0.0.0.0.0.1.0.1.0.1.0.0.0.0.0.,505153,4194304,396220153462784,219328098888019,3.0536391101535347,0.8532116112269627
356,0.1.0.0.0.0.0.0.2.0.0.0.0.0.1.0.,1015301,8388608,795714145746944,440824934483423,3.0465239329884657,0.8520444169102206
357,0.0.0.0.0.0.3.1.0.0.0.0.0.0.0.0.,253857,2097152,66316446728192,36740006294737,3.0463434832382217,0.8520148348791013
358,0.0.0.1.0.0.0.0.1.1.0.0.1.0.0.0.,510155,4194304,399497616162816,221499874866065,3.0394238789553385,0.8508810107458457
359,1.0.0.0.1.0.0.0.2.0.0.0.0.0.0.0.,511851,4194304,400605583507456,222236246729073,3.0346356232397658,0.850088389633367
360,0.0.0.0.0.1.0.1.1.0.0.0.0.1.0.0.,1029307,8388608,804865982857216,446906080894561,3.0267580875883118,0.848776906917896
361,0.0.0.2.0.0.0.0.1.0.0.0.1.0.0.0.,518605,4194304,405008864509952,225168708735415,3.0157234099226344,0.8469471321190657
362,0.1.0.0.1.0.1.0.1.0.0.0.0.0.0.0.,519873,4194304,405834538418176,225719250906579,3.0122002958634866,0.8463621835804304
363,0.0.0.1.0.2.0.0.0.0.0.0.1.0.0.0.,520519,4194304,406254941896704,225999732170437,3.0104086997801125,0.846064299908133
364,0.0.0.0.1.0.0.0.1.0.2.0.0.0.0.0.,1042539,8388608,813486451982336,452651170806897,3.0083300766901266,0.8457186330636942
365,1.0.0.0.1.0.0.0.1.0.0.1.0.0.0.0.,1044559,8388608,814799369797632,453528217483357,3.005537447985049,0.8452525497431903
366,0.0.0.0.0.0.1.0.0.0.0.0.1.2.0.0.,523627,4194304,408275455574016,227349168343921,3.0018200360687706,0.8446331125790559
367,0.0.0.0.0.1.0.0.2.1.0.0.0.0.0.0.,525201,4194304,409297708122112,228032570061123,2.9974898623909043,0.8439106880684006
368,0.0.0.0.0.2.0.0.1.0.0.1.0.0.0.0.,525879,4194304,45526393290752,25369660570413,2.9956286389380966,0.843598952940828
369,0.0.2.0.0.0.0.1.1.0.0.0.0.0.0.0.,526697,4194304,410267632533504,228682105619531,2.993386283457779,0.8432218601556495
370,1.0.0.0.3.0.0.0.0.0.0.0.0.0.0.0.,65845,524288,51288554340352,28588682381935,2.9932137281704074,0.8431927775299245
371,0.1.0.0.0.0.0.0.1.0.1.0.1.0.0.0.,1056297,8388608,822413709279232,458624640200331,2.989415895048229,0.8425504461789554
372,0.1.0.0.0.0.0.0.2.0.0.0.0.0.0.1.,1061307,8388608,275218266324992,153599963210187,2.982589391470878,0.8413983548432776
373,0.0.0.0.1.0.0.1.1.0.0.0.0.0.0.1.,16633,131072,12933236260864,7221741272059,2.9782392176231376,0.8406646833886707
374,0.0.0.1.0.0.0.0.1.1.0.0.0.0.0.1.,1071605,8388608,832312266719232,465271090954415,2.968658212898783,0.8390533501102463
375,0.1.0.0.0.0.0.0.1.1.0.0.0.1.0.0.,1078047,8388608,836475566424064,468068088325581,2.9600113535234365,0.8376049903643573
376,1.0.0.0.0.0.0.0.1.1.0.0.1.0.0.0.,270225,2097152,8383193153536,4693068082107,2.9561983730773287,0.8369684807097473
377,0.0.0.0.0.0.0.0.0.0.0.1.0.2.0.1.,541775,4194304,420014893039616,235228694623325,2.9526657030977663,0.8363764247963508
378,0.0.0.1.0.2.0.0.1.0.0.0.0.0.0.0.,271629,2097152,210485848834048,117936292910967,2.948722010918993,0.8357154909955276
379,0.0.0.0.0.1.0.0.1.0.1.0.0.1.0.0.,1093301,8388608,846317349765120,474691093277423,2.9397407822512642,0.8342097621886233
380,0.0.0.0.1.0.1.0.1.0.1.0.0.0.0.0.,1096879,8388608,848623680094208,476244594766717,2.9350270441580997,0.8334222177781634
381,0.1.0.1.0.0.0.0.0.0.0.0.1.1.0.0.,1101701,8388608,851725586006016,478338218070623,2.9286986989155293,0.8323576254948879
382,0.0.1.1.1.0.0.0.0.0.0.0.0.1.0.0.,1106013,8388608,284832886161408,160070136265933,2.9230630876662183,0.8314115519166914
383,2.0.0.0.0.0.0.0.2.0.0.0.0.0.0.0.,1107909,8388608,285239029006336,160344538988469,2.9205920426463443,0.8309961786526644
384,0.0.0.0.0.1.0.1.1.1.0.0.0.0.0.0.,277891,2097152,214515908083712,120655137607993,2.9158404145426156,0.8301952909998415
385,0.0.0.1.0.0.1.0.1.0.0.1.0.0.0.0.,1118349,8388608,287473217306624,161855490688509,2.9070609544821115,0.828721244876478
386,0.0.0.0.0.0.1.1.2.0.0.0.0.0.0.0.,560751,4194304,432221559193600,243467723203773,2.9029992374584985,0.828040510318959
387,0.0.1.0.1.0.0.0.1.0.1.0.0.0.0.0.,281049,2097152,72180721254400,40675427619209,2.8995378438921553,0.8274560462332624
388,0.0.0.0.0.0.0.0.1.0.0.0.1.2.0.0.,1131261,8388608,870693000445952,491172623890503,2.8904996101323195,0.8259339729055374
389,0.0.0.0.0.0.0.0.1.0.1.0.1.0.0.1.,1133797,8388608,872316095430656,492273708232831,2.8872690737376963,0.8253903206674039
390,1.0.0.0.1.0.1.0.0.0.0.0.1.0.0.0.,1135239,8388608,873238976528384,492899797988997,2.8854353729687077,0.8250821359115944
391,0.0.0.0.0.0.0.0.1.1.0.0.0.1.1.0.,1140677,8388608,876716020989952,495260877111071,2.8785411022114755,0.8239209513309736
392,1.0.0.0.0.0.0.0.0.1.2.0.0.0.0.0.,1141101,8388608,876986872365056,495444970076823,2.8780049390050833,0.8238304234032461
393,2.0.0.1.0.0.0.0.1.0.0.0.0.0.0.0.,1143565,8388608,878560038354944,496514793349495,2.8748930601054914,0.8233041767824112
394,0.0.0.1.1.0.1.0.1.0.0.0.0.0.0.0.,1149761,8388608,882512616226816,499204982066003,2.867097430331725,0.8219845706465093
395,0.0.0.0.1.0.0.0.1.0.1.0.0.0.1.0.,288245,2097152,221140446347264,125150653097135,2.8630639429689437,0.8212970969103078
396,0.0.0.1.0.0.0.2.0.0.0.1.0.0.0.0.,288673,2097152,9626636517376,5449412295173,2.8609233490170083,0.8209311706757928
397,0.0.0.1.0.0.0.2.0.0.0.0.0.0.0.1.,1156047,8388608,295504034398208,167311415706527,2.8592313777433445,0.8206419428381829
398,1.0.0.0.0.0.0.0.1.0.1.0.0.0.1.0.,1158379,8388608,887993464258560,502946758431217,2.856324077208435,0.8201433727083637
399,0.0.1.0.0.1.0.0.0.2.0.0.0.0.0.0.,144893,1048576,111059916554240,62909863412039,2.8553716277644674,0.8199800821255967
400,0.0.0.0.1.0.0.2.0.0.0.0.0.0.0.1.,289987,2097152,222247339950080,125906997310201,2.8543712993088945,0.8198076883342256
401,0.0.0.1.0.0.0.0.0.0.0.3.0.0.0.0.,1160389,8388608,889269069545472,503819463292447,2.853822906105069,0.819713150271911
402,0.0.0.0.0.0.2.1.1.0.0.0.0.0.0.0.,1161697,8388608,890098535104512,504387372724531,2.8521976042746764,0.8194328947738984
403,1.0.0.1.0.0.0.0.0.0.0.0.0.2.0.0.,1167043,8388608,893487264301056,506708507146489,2.845573712180796,0.8182911148285904
404,0.0.0.1.0.0.0.1.0.0.0.0.0.1.0.1.,586755,4194304,448792650317824,254758179527865,2.8376012949170524,0.8169205819665114
405,0.1.0.0.0.0.0.1.0.0.0.0.0.2.0.0.,1176097,8388608,899223964876800,510639586655731,2.834424377603683,0.8163750996921163
406,0.0.0.0.0.0.0.1.2.0.0.1.0.0.0.0.,1179245,8388608,901217819557888,512006390090135,2.8305679468237894,0.8157140240316634
407,0.0.1.0.2.0.0.0.0.0.0.0.0.1.0.0.,1180291,8388608,901879781392384,512460543963193,2.829288831682826,0.8154942071763696
408,0.0.0.2.0.1.0.0.0.0.0.0.0.0.0.1.,1183239,8388608,903744334069760,513740511092997,2.8256899205743777,0.8148748551403044
409,0.0.0.1.0.0.0.0.0.0.0.0.1.1.0.1.,1187443,8388608,906403187261440,515565810215689,2.820573168256241,0.8139963397919325
410,0.0.0.0.0.0.0.1.1.0.0.0.0.1.0.1.,1192277,8388608,909456976117760,517664643697871,2.8147119766707154,0.8129876035674629
411,0.0.2.0.0.0.0.0.1.0.0.0.0.0.0.1.,596695,4194304,41370903379968,23552176715135,2.813365837668912,0.8127560594953417
412,0.0.0.1.1.0.0.0.0.0.0.0.0.2.0.0.,1198553,8388608,913419939086336,520389566936219,2.8071377243199445,0.8116862443360386
413,0.0.0.0.0.3.1.0.0.0.0.0.0.0.0.0.,1198803,8388608,913577779134464,520498112316969,2.806836831368268,0.8116346292602824
414,0.1.0.1.0.1.0.0.0.0.0.0.0.1.0.0.,1204195,8388608,916981540716544,522839219088985,2.800362398417353,0.8105253276775782
415,0.0.1.0.0.0.0.0.1.0.2.0.0.0.0.0.,1205641,8388608,917894019940352,523467045571243,2.7986310463423605,0.8102288733012072
416,0.0.0.1.0.1.0.1.1.0.0.0.0.0.0.0.,1211883,8388608,921832572059648,526177206637809,2.791181008653417,0.8089559907572275
417,0.1.0.1.0.0.0.0.0.1.0.0.0.1.0.0.,609175,4194304,462956261277696,264492529273525,2.7835027894439888,0.8076489251560984
418,0.0.0.0.0.0.0.0.1.0.0.0.1.0.2.0.,152615,1048576,115941532762112,66262613132645,2.780462758920907,0.8071304596866836
419,1.0.0.0.0.1.0.0.0.0.0.0.0.1.0.1.,76463,524288,58068762099712,33198821793149,2.7775258155145037,0.8066302371596892
420,0.1.0.0.0.1.0.0.1.0.0.1.0.0.0.0.,612829,4194304,465257726214144,266079028558567,2.774874956162186,0.8061753017859175
421,0.0.0.0.1.0.1.0.1.0.0.0.1.0.0.0.,614191,4194304,466113833992192,266670383792893,2.7716721535139714,0.8056247226894584
422,0.0.0.0.0.0.0.0.0.0.3.0.0.0.0.1.,307151,2097152,233091788439552,133359288970973,2.771411445231589,0.8055798633756552
423,0.0.0.0.0.2.0.0.2.0.0.0.0.0.0.0.,19211,131072,14577069981696,8341061238353,2.7703550021503087,0.8053979089676016
424,0.0.0.0.1.1.1.0.0.0.0.1.0.0.0.0.,1230799,8388608,933745838260224,534390184326877,2.7688362540526232,0.8051363991225537
425,0.0.0.1.0.0.1.0.0.1.0.1.0.0.0.0.,38581,262144,29253989564416,16751157338863,2.7643970826533795,0.8043726132586735
426,2.0.0.0.0.0.0.0.1.0.0.0.0.0.1.0.,308977,2097152,234238477598720,134152104431971,2.7628600764980367,0.8041083959609006
427,0.0.0.0.0.0.1.0.2.0.0.0.0.0.0.1.,1238739,8388608,312909825572864,179279195206499,2.7595591843364424,0.8035388832130552
428,0.0.0.0.0.0.1.0.2.0.0.0.0.1.0.0.,1244161,8388608,942128406462464,540191717837203,2.7532582419337626,0.8024521831702495
429,0.1.0.0.0.0.0.0.0.0.0.0.1.2.0.0.,311681,2097152,235933446176768,135326131270163,2.7502893142676976,0.8019395026282298
430,0.0.0.2.1.0.0.0.0.0.0.0.0.1.0.0.,1251829,8388608,946929961795584,543521021755567,2.744393927271835,0.800921887511678
431,0.0.0.0.0.0.0.1.1.0.0.0.0.1.1.0.,157187,1048576,118809713180672,68247691055801,2.7378776197419157,0.7998006442296609
432,0.0.1.0.1.0.0.0.0.0.0.0.0.2.0.0.,1259881,8388608,951969669709824,547017051378763,2.7351439579169208,0.7993298044042454
433,0.0.0.0.0.1.0.0.1.0.0.1.0.1.0.0.,1267215,8388608,956557365870592,550201338668445,2.726770112890667,0.7978918414743476
434,0.0.0.0.0.1.0.0.0.0.0.0.0.3.0.0.,1268947,8388608,957640771371008,550953341066281,2.7247996171579207,0.7975544305087539
435,0.1.0.0.0.0.2.1.0.0.0.0.0.0.0.0.,1269501,8388608,319329040072704,183731292543341,2.7241698992630954,0.7974463961535898
436,0.1.0.0.0.0.1.0.1.0.1.0.0.0.0.0.,1271321,8388608,959124078592000,551984088001883,2.7221030835448015,0.7970907846690717
437,0.2.0.0.0.2.0.0.0.0.0.0.0.0.0.0.,1271749,8388608,959391440306176,552169917693727,2.721617470892904,0.7970072760584112
438,0.0.1.0.0.0.2.0.1.0.0.0.0.0.0.0.,636459,4194304,480060658155520,276338737947057,2.720291945296478,0.7967788919525005
439,0.0.0.0.0.0.0.0.0.0.1.0.0.1.0.2.,1274189,8388608,960914543083520,553229320609847,2.718852142768227,0.7965305137179707
440,1.0.0.0.0.0.0.0.0.0.1.0.0.1.0.1.,1276925,8388608,962619242446848,554417241256775,2.7157576396254965,0.7959931395220244
441,0.0.0.1.0.0.0.0.0.0.0.0.0.0.3.0.,638609,4194304,7891817857024,4545446364287,2.7154266404223706,0.79593568458658
442,2.0.2.0.0.0.0.0.0.0.0.0.0.0.0.0.,638659,4194304,481432027791360,277293937297657,2.7153136887911056,0.7959160479580637
443,0.0.0.1.0.0.0.1.1.0.0.0.1.0.0.0.,160291,1048576,120747641012224,69595390503193,2.709666102066238,0.7949313434721096
444,0.0.0.1.0.1.1.0.1.0.0.0.0.0.0.0.,644089,4194304,484810212507648,279651542967547,2.7030994723364854,0.7937897990794549
445,0.1.1.1.0.0.1.0.0.0.0.0.0.0.0.0.,322667,2097152,242792240513024,140096049481841,2.7003134883978057,0.7933060404029305
446,1.0.0.1.0.0.1.0.1.0.0.0.0.0.0.0.,1295823,8388608,974369249558528,562622403678429,2.6945627606488127,0.7923016014203975
447,0.1.0.1.1.0.0.0.0.0.0.0.0.1.0.0.,1300027,8388608,976979113279488,564447702801121,2.689889844067019,0.7914878006832592
448,0.0.0.1.2.0.0.0.1.0.0.0.0.0.0.0.,1303223,8388608,978962851299328,565835346948629,2.6863474599953903,0.7908718122171828
449,1.0.2.0.0.0.1.0.0.0.0.0.0.0.0.0.,1303983,8388608,979434223960064,566165324906109,2.685506369370306,0.7907252150855562
450,0.0.0.0.1.1.0.1.0.0.0.0.0.1.0.0.,40835,262144,30660361715712,17729802491705,2.682481392746338,0.7901982524542073
451,0.0.0.1.0.0.0.0.1.1.0.1.0.0.0.0.,1312325,8388608,984607142969344,569787267170975,2.6763063800609466,0.789124823202294
452,0.0.2.0.0.0.0.0.1.0.0.0.0.1.0.0.,657599,4194304,493193837674496,285517335343277,2.6731514204245808,0.7885764314870132
453,0.1.0.0.0.0.1.0.1.0.0.1.0.0.0.0.,164677,1048576,123470191001600,71499710663071,2.67072045382043,0.7881534698923988
454,0.0.0.3.0.0.0.0.0.0.1.0.0.0.0.0.,1319161,8388608,988842383376384,572755332062203,2.668810778348075,0.7878215964464383
455,0.0.0.1.1.1.0.0.0.0.0.0.0.1.0.0.,41367,262144,30989973192704,17960787061941,2.663807285600698,0.7869509349606177
456,1.1.0.1.0.0.1.0.0.0.0.0.0.0.0.0.,82905,524288,20695263215616,11998606388105,2.6608285071773206,0.786433748114743
457,0.0.0.0.0.0.0.0.0.1.0.0.1.2.0.0.,166201,1048576,124413288644608,72161403304123,2.6574304630054684,0.7858412889705397
458,0.0.0.0.1.0.1.0.1.0.0.0.0.0.0.1.,1332385,8388608,997022685462528,578496948522355,2.6544204133307403,0.7853169815640383
459,0.0.0.0.0.0.1.0.1.0.1.0.0.0.0.1.,1334205,8388608,998146758934528,579287158894215,2.6524510776757415,0.7849732676323352
460,0.0.0.0.0.0.0.0.1.0.0.0.1.1.0.1.,670697,4194304,501292283723776,291204244931531,2.6446983766114522,0.7836206411303536
461,0.1.0.0.0.0.0.0.0.2.0.0.1.0.0.0.,671099,4194304,501540418748416,291378785903777,2.6438339181933475,0.7834701266750695
462,0.0.0.0.0.1.0.0.1.0.0.2.0.0.0.0.,671777,4194304,501958909624320,291673160976371,2.6423771234917726,0.7832166307286691
463,2.0.0.0.0.0.0.1.0.0.0.0.0.1.0.0.,1344905,8388608,1004751042904064,583932901190315,2.6409271618860313,0.7829635689477117
464,2.0.0.0.0.0.0.0.0.0.0.1.1.0.0.0.,1345547,8388608,1005146850983936,584211645728081,2.64023864543316,0.7828432707740807
465,0.0.0.0.0.0.0.0.0.1.0.0.0.2.1.0.,1348107,8388608,335575039082496,195107716808987,2.6374964221063055,0.7823645686003271
466,0.0.0.0.0.0.1.0.1.0.0.0.0.2.0.0.,677233,4194304,505322573660160,294042055365859,2.630707251419424,0.781182117873018
467,0.1.0.1.0.0.0.1.0.0.0.0.0.1.0.0.,680029,4194304,507045056872448,295256026904167,2.6247632538118673,0.7801474443319332
468,0.0.1.0.0.0.0.0.2.0.0.0.0.0.0.1.,1365053,8388608,1017166920941568,592680790515719,2.619474463887649,0.7792292464140383
469,1.0.0.0.1.0.0.0.1.0.0.0.0.0.1.0.,1368541,8388608,1019315109232640,594195215667943,2.6157927737510893,0.7785912185322951
470,0.0.0.1.0.0.1.0.0.0.0.0.0.2.0.0.,1373345,8388608,1022272898859008,596281023704435,2.6107373381360723,0.7777160498414153
471,1.0.0.1.0.0.0.0.1.1.0.0.0.0.0.0.,1379569,8388608,1026102801727488,598983369503587,2.604213814891959,0.7765874239421213
472,0.0.0.0.0.0.0.0.1.0.0.2.1.0.0.0.,345217,2097152,256725248638976,149886842825491,2.602856014662178,0.7763514422840708
473,2.0.0.0.1.1.0.0.0.0.0.0.0.0.0.0.,690755,4194304,39511358701568,23070235224605,2.6021854256023706,0.776234744171732
474,0.0.0.1.0.0.0.0.0.0.0.2.1.0.0.0.,1382633,8388608,1027984668491776,600313701690059,2.601013165976108,0.7760302462974891
475,0.0.1.2.0.0.0.0.0.0.1.0.0.0.0.0.,346503,2097152,257514683760640,150445200264069,2.597491682388617,0.775416618331661
476,1.0.0.0.0.0.0.0.0.0.0.0.0.2.0.1.,1387503,8388608,1030971751137280,602428165707069,2.5959405398758255,0.7751436751343088
477,0.0.0.0.0.1.0.0.0.0.1.1.0.1.0.0.,1390711,8388608,147562308829184,86260145718979,2.5926087823163795,0.774558209079039
478,0.0.0.0.0.0.0.0.2.0.0.0.0.0.2.0.,696359,4194304,517082529660928,302346211174757,2.590528262605714,0.7741930621281655
479,1.0.0.0.2.0.0.0.1.0.0.0.0.0.0.0.,696897,4194304,517411497312256,302579800834131,2.58941408119099,0.773996430748158
480,2.0.0.1.0.0.0.0.0.1.0.0.0.0.0.0.,1395145,8388608,1035648702087168,605746180905835,2.588016358865263,0.7737494067165861
481,0.0.1.0.0.0.0.1.0.0.0.0.0.2.0.0.,174741,1048576,129668470538240,75869313510543,2.5851413737664135,0.7732393356209999
482,0.0.0.0.1.0.0.0.0.0.1.0.0.0.2.0.,1398461,8388608,1037672839643136,607185926836103,2.5845914098907827,0.7731414005877439
483,0.2.0.1.0.0.1.0.0.0.0.0.0.0.0.0.,349933,2097152,259611953201152,151934442887959,2.583280802993349,0.7729078505439071
484,0.1.0.0.0.0.0.0.1.0.0.0.0.2.0.0.,1406205,8388608,1042392371167232,610548228550215,2.576624501326135,0.7717212640895715
485,0.0.0.0.0.2.0.0.1.1.0.0.0.0.0.0.,1407287,8388608,1043051648647168,611018012958101,2.575514851033049,0.771523780580654
486,0.0.0.1.1.0.1.0.0.0.0.0.0.1.0.0.,22065,131072,16344026447872,9580215304995,2.570527873136651,0.7706334593002253
487,0.1.0.0.0.1.1.0.1.0.0.0.0.0.0.0.,1414271,8388608,1047301619449856,614050336714733,2.568372837476761,0.7702481632387347
488,0.1.0.0.0.0.0.0.0.1.0.0.0.1.1.0.,1417533,8388608,1049284283727872,615466636842759,2.565049109348054,0.7696530433392117
489,0.0.0.1.0.1.1.1.0.0.0.0.0.0.0.0.,710217,4194304,175174561300480,102787699573497,2.56209963194302,0.7691256531767084
490,0.0.0.2.1.0.0.0.0.1.0.0.0.0.0.0.,177981,1048576,131640061853696,77276061645063,2.5586362881290357,0.768505134881939
491,0.0.0.1.2.0.0.0.0.0.0.0.0.1.0.0.,1426301,8388608,1054609908957184,619273540436423,2.556152957040662,0.7680607464681508
492,0.0.0.1.0.0.0.0.0.0.1.0.0.1.1.0.,715647,4194304,176273401839616,103573568130127,2.551111386300425,0.7671589249626255
493,0.0.0.1.0.0.1.0.1.0.0.0.0.0.0.1.,1436591,8388608,1060855210835968,623741268308093,2.545782048254021,0.7662081461528953
494,0.1.0.0.0.0.0.0.1.0.0.2.0.0.0.0.,718879,4194304,530781051027456,312123979072717,2.5446105654554976,0.7659976699269562
495,1.0.0.1.0.0.0.0.1.0.0.1.0.0.0.0.,1442725,8388608,1064570189774848,626404537770175,2.5396350989309537,0.7651045045352524
496,0.0.0.1.0.0.0.0.0.1.0.0.0.1.0.1.,1448317,8388608,1067953416044544,628832480846791,2.5340540241974945,0.764101074657144
497,0.0.0.0.0.0.0.0.1.1.0.0.1.1.0.0.,363577,2097152,267894290120704,157858415587771,2.528098588504958,0.7630326578153551
498,0.0.1.0.0.0.0.0.1.0.0.0.0.2.0.0.,1460617,8388608,1075392383287296,634172913579691,2.521853503485053,0.7619149942157141
499,0.1.0.0.0.0.0.0.1.0.0.0.0.0.1.1.,731425,4194304,538370971271168,317571220460275,2.519649586934732,0.7615204467893093
500,0.0.0.1.0.0.1.0.2.0.0.0.0.0.0.0.,367191,2097152,270078964662272,159427547611893,2.5138288274173806,0.7604803433665479
501,0.0.0.0.1.1.2.0.0.0.0.0.0.0.0.0.,1469501,8388608,1080761058852864,638030182230023,2.5131050899277847,0.7603510207541597
502,0.0.1.2.0.0.0.0.0.1.0.0.0.0.0.0.,368221,2097152,270701097385984,159874754580583,2.5097876182346295,0.7597585915907277
503,0.0.0.2.0.0.0.0.0.1.0.0.0.0.0.1.,1475471,8388608,1084366012809216,640622245922333,2.507255865424267,0.7593059983407288
504,0.0.0.2.0.0.0.0.0.0.1.0.0.1.0.0.,1480275,8388608,362421369700352,214236017986275,2.5025662113882134,0.7584669739198924
505,2.1.0.1.0.0.0.0.0.0.0.0.0.0.0.0.,1481407,8388608,1087946606247936,643199547442861,2.5014633712684344,0.758269457844895
506,0.0.0.1.0.1.0.0.0.0.0.0.1.1.0.0.,371639,2097152,272762547470336,161358787026197,2.4964576186912613,0.7573734201169424
507,0.0.0.0.0.0.0.1.1.0.0.2.0.0.0.0.,743819,4194304,545850975584256,322952466256337,2.495407925158757,0.757185292849432
508,2.0.0.0.0.1.0.1.0.0.0.0.0.0.0.0.,744133,4194304,546040088363008,323088799254559,2.49479902614916,0.7570761361306386
509,0.0.0.1.0.0.0.0.1.0.0.1.1.0.0.0.,747187,4194304,547879139672064,324414789625801,2.488890171156253,0.756018082979564
510,0.0.0.0.0.0.0.0.0.1.2.0.0.0.0.1.,93433,524288,68505736052736,40566882238459,2.4883554288907996,0.7559223627094747
511,0.1.0.0.0.0.0.0.0.1.2.0.0.0.0.0.,1495431,8388608,365464823791616,216429503040471,2.4878700854170486,0.7558353760345509
512,1.0.0.1.0.1.0.0.1.0.0.0.0.0.0.0.,46887,262144,34355422560256,20357469068901,2.483099647290367,0.7549796175188311
513,0.0.0.0.0.0.1.0.1.0.0.1.0.0.0.1.,751119,4194304,183414722396160,108707330458079,2.4813180331239937,0.7546602174677929
514,1.0.0.1.0.0.0.0.0.0.0.0.0.1.0.1.,1506177,8388608,367617504182272,217984741255857,2.4775401108536523,0.7539783113541568
515,0.0.0.1.0.0.0.1.1.0.0.0.0.0.1.0.,378103,2097152,276647426129920,164165336390869,2.4715802293511,0.7528989679587974
516,0.0.0.0.0.1.0.1.0.0.1.0.0.1.0.0.,1516205,8388608,1108863084396544,658308196080215,2.467966602965814,0.7522461765251749
517,0.0.0.0.0.0.0.0.1.1.0.1.0.0.0.1.,759293,4194304,555145043640320,329670991143239,2.465702817685595,0.7518378109557329
518,0.1.1.0.0.0.0.0.2.0.0.0.0.0.0.0.,1523099,8388608,1112994574499840,661301443499777,2.461421711984473,0.7510666041810614
519,1.0.0.0.0.0.0.0.1.0.0.1.1.0.0.0.,1524947,8388608,1114101602320384,662103810954281,2.4596723284369553,0.7507514682381026
520,0.0.0.0.1.0.0.0.1.0.0.0.0.2.0.0.,766425,4194304,559416589942784,332767573765275,2.452214904484169,0.7494081804976198
521,0.0.0.0.2.0.0.0.1.0.0.0.0.1.0.0.,768223,4194304,560492345032704,333548232143629,2.448834367878519,0.7487992746242725
522,3.0.0.1.0.0.0.0.0.0.0.0.0.0.0.0.,768407,4194304,560602403569664,333628121543861,2.4484888639006033,0.7487370311043826
523,2.0.1.0.0.0.0.0.0.0.0.0.0.0.0.1.,768587,4194304,19334829178880,11507112904069,2.448150950924304,0.748676106886176
524,0.0.0.2.0.0.0.0.0.0.0.2.0.0.0.0.,769103,4194304,561018612744192,333930311883869,2.4471827054794595,0.7485015782618462
525,0.0.0.0.1.0.1.0.0.0.1.0.1.0.0.0.,96215,524288,14034685657088,8354955047089,2.4460257915420804,0.7482927801842361
526,1.0.0.0.0.0.0.0.2.0.0.0.1.0.0.0.,96427,524288,70300146597888,41866821718321,2.442850456234745,0.7477202964196062
527,0.0.0.1.0.1.0.0.1.0.0.1.0.0.0.0.,775083,4194304,564592075866112,336526717391409,2.4360087154643515,0.7464878332531877
528,0.0.1.1.0.0.1.0.0.0.0.0.0.1.0.0.,1555159,8388608,1132165395906560,675221303127157,2.4313693411336326,0.7456524074825414
529,0.0.0.1.0.1.0.0.1.0.0.0.0.0.1.0.,1561005,8388608,1135655593705472,677759528310615,2.4259562723070562,0.7446799845929488
530,0.1.0.1.0.2.0.0.0.0.0.0.0.0.0.0.,1562409,8388608,1136493112328192,678369119168907,2.4246592659071147,0.7444465388791225
531,1.1.0.0.1.0.0.0.0.0.0.1.0.0.0.0.,97761,524288,23698898419712,14148673290001,2.4230285778505554,0.7441532218218494
532,0.0.0.0.1.1.0.1.1.0.0.0.0.0.0.0.,1566509,8388608,1138938492223488,680149263413207,2.4208783722863174,0.7437665416326044
533,0.0.0.0.0.1.0.0.0.1.1.0.0.1.0.0.,785063,4194304,570547685556224,340859848990949,2.417551093035865,0.7431688002676655
534,0.1.0.0.0.0.0.0.1.1.0.0.1.0.0.0.,1573331,8388608,1143005994024960,683111249763113,2.414609211401555,0.742640512781031
535,0.0.0.2.1.0.0.0.0.0.1.0.0.0.0.0.,788013,4194304,572306021679104,342140684483799,2.412140095271349,0.7421971192595108
536,0.1.1.0.0.0.0.0.1.0.0.0.0.0.0.1.,1578259,8388608,1145942275260416,685250896308457,2.4100974526030594,0.7418301575988272
537,1.0.0.0.1.0.0.1.0.0.0.0.1.0.0.0.,789847,4194304,573398486876160,342936973396981,2.408786307360448,0.7415946421587549
538,0.0.1.0.0.0.1.0.1.0.0.0.1.0.0.0.,1582913,8388608,1148713602908160,687271577116499,2.4058494663679806,0.7410669488731384
539,1.1.0.1.0.0.0.0.0.0.0.0.0.1.0.0.,396713,2097152,287764680540160,172245454533899,2.4022638512253596,0.7404236189747081
540,0.1.0.0.0.0.0.1.0.0.0.0.0.1.0.1.,1589659,8388608,1152729732874240,690200565670657,2.399714106531341,0.7399667394370246
541,0.0.1.0.0.0.0.0.1.0.0.0.0.0.1.1.,1591467,8388608,384601918799872,230328521954747,2.398074188518169,0.739672886917988
542,0.1.0.0.0.0.0.0.2.0.1.0.0.0.0.0.,797149,4194304,577744826007552,346107366877927,2.3955101131793737,0.7392127851769863
543,0.0.0.0.0.0.0.0.1.1.0.0.1.0.0.1.,1596953,8388608,1157067381407744,693367485699419,2.3931095773285103,0.7387807912395851
544,0.0.0.0.0.1.0.0.0.0.1.1.1.0.0.0.,199781,1048576,144729598066688,86741218846463,2.391940142178578,0.7385703712672004
545,0.0.0.0.0.0.2.0.0.0.0.0.0.2.0.0.,799809,4194304,193108379697152,115754096576369,2.390704010128682,0.7383475177466171
546,0.0.0.1.0.0.0.0.0.0.0.0.2.0.1.0.,200083,1048576,144908862619648,86872341666409,2.3897609313209354,0.738177001378145
547,1.0.1.0.0.1.0.0.1.0.0.0.0.0.0.0.,1603025,8388608,232134212059136,139200767181415,2.387634505436156,0.737792001109267
548,0.0.0.0.0.1.0.0.0.0.0.2.1.0.0.0.,400881,2097152,290241719042048,174055123121763,2.3871854838673507,0.7377106269568796
549,0.1.0.1.0.0.0.1.0.0.0.0.0.0.1.0.,1606371,8388608,1162654395662336,697456607283033,2.384626301178536,0.7372469462013139
550,1.0.0.0.0.0.1.1.0.0.1.0.0.0.0.0.,100449,524288,24232004943872,14537699934609,2.3838963238834427,0.7371147446042493
551,0.0.0.0.1.1.0.2.0.0.0.0.0.0.0.0.,1607881,8388608,1163549091037184,698112221382763,2.3832707947204224,0.737001207355043
552,1.0.0.0.0.0.0.0.1.0.0.0.2.0.0.0.,1608957,8388608,55437445562368,33265685747691,2.3823056606838997,0.7368260086125822
553,0.0.0.0.1.0.0.0.0.1.0.0.0.2.0.0.,1612377,8388608,1166211534553088,700064301510171,2.3792423217729826,0.7362701510494584
554,0.0.0.0.0.0.0.0.0.0.0.2.0.0.0.2.,1612805,8388608,1166464937623552,700250131202015,2.378859414091416,0.7362006887675459
555,0.1.0.1.0.0.0.0.1.0.0.0.0.1.0.0.,1625473,8388608,1173962893557760,705750342735379,2.367571838406164,0.7341569792736278
556,2.0.0.2.0.0.0.0.0.0.0.0.0.0.0.0.,406513,2097152,293576220082176,176500433459299,2.367058036151835,0.7340633868671407
557,1.0.0.1.0.0.0.0.0.0.0.1.0.0.0.1.,407271,2097152,294023911702528,176829543053733,2.3643704356159363,0.7335741609420294
558,0.0.1.0.0.0.0.0.1.1.0.0.0.1.0.0.,1635319,8388608,1179773145448448,710025294010837,2.3588593424583824,0.7325671499941149
559,0.0.0.2.0.0.0.0.0.0.0.1.0.1.0.0.,1639849,8388608,1182444883542016,711992136310027,2.354868455454857,0.7318397254605536
560,0.0.0.1.0.0.0.0.0.0.0.1.1.1.0.0.,102777,524288,74071722426368,44623874389371,2.3508420791100626,0.7311071068143203
561,1.0.0.1.0.0.0.0.0.0.0.1.0.1.0.0.,412583,2097152,297156486365184,179135915303909,2.3456751476760833,0.7301682575767929
562,0.0.0.0.0.1.0.0.3.0.0.0.0.0.0.0.,413265,2097152,99186086248448,59810675700865,2.3432923405697985,0.7297347383042795
563,0.0.0.0.0.0.0.0.1.0.1.1.0.1.0.0.,829455,4194304,596839285915648,360134035159965,2.3381958120588173,0.728808550986918
564,0.0.0.1.1.0.0.0.0.0.0.1.0.1.0.0.,1664059,8388608,1196710785187840,722503670981857,2.3337248448540158,0.7279977084441711
565,0.0.0.1.0.0.0.0.1.0.2.0.0.0.0.0.,1666975,8388608,239685485985792,144753948860585,2.3311989626121297,0.7275398448772967
566,1.0.0.0.0.1.1.0.0.1.0.0.0.0.0.0.,104253,524288,74941182771200,45264726317319,2.330270626086542,0.7273715159099998
567,0.0.0.2.0.0.1.1.0.0.0.0.0.0.0.0.,1671611,8388608,1201154616721408,725782609843553,2.3271922732481434,0.7268124770606507
568,1.0.0.0.0.0.0.0.1.1.0.1.0.0.0.0.,1674061,8388608,1202595309813760,726846354574903,2.3250793324207186,0.7264289016765396
569,0.0.0.0.0.0.0.0.1.1.1.1.0.0.0.0.,419191,2097152,301045910601728,182004986807893,2.3227517829119484,0.7260055402411875
570,1.0.0.2.0.0.0.0.0.0.0.0.0.1.0.0.,841055,4194304,603662034403328,365170540826765,2.3181593783137546,0.725170685439175
571,0.0.0.1.0.0.0.0.1.1.0.0.0.0.1.0.,844095,4194304,121089365639168,73298090531337,2.3129541471093984,0.7242246489249112
572,0.1.0.0.0.2.0.0.1.0.0.0.0.0.0.0.,1689349,8388608,1211573334966272,733484121698527,2.311964027606399,0.7240440916889652
573,0.0.0.0.0.0.0.3.1.0.0.0.0.0.0.0.,1689821,8388608,1211850091921408,733689055377383,2.3115609984224705,0.7239705764348039
574,1.0.0.1.0.0.0.0.1.0.0.0.0.1.0.0.,1702679,8388608,1219381853945856,739271761400117,2.300624956175612,0.7219732703717456
575,0.0.0.0.0.1.1.0.0.0.0.1.0.1.0.0.,1706085,8388608,1221376866254848,740750583667455,2.297741904756063,0.7214486618264132
576,0.0.0.0.0.0.1.0.0.0.1.2.0.0.0.0.,1706747,8388608,1221764487053312,741038011835681,2.2971822146634677,0.721346758269684
577,0.1.0.2.0.0.0.0.0.0.0.0.0.0.1.0.,1708449,8388608,1222760651030528,741776988787827,2.2957442490750353,0.7210846127920822
578,0.0.0.2.0.1.0.0.0.0.0.0.1.0.0.0.,1710733,8388608,1224096385859584,742768659386359,2.29381681967028,0.720732312768564
579,1.0.0.0.0.1.1.1.0.0.0.0.0.0.0.0.,1711975,8388608,1224822637985792,743307912837925,2.2927697964831255,0.7205409817144927
580,0.0.0.0.0.1.1.0.2.0.0.0.0.0.0.0.,857279,4194304,613166427930624,372214701855917,2.2905947221461944,0.7201436682097468
581,0.1.0.1.0.0.0.2.0.0.0.0.0.0.0.0.,429003,2097152,102265149980672,62088391970523,2.289371789097133,0.7199191129045671
582,0.0.0.0.0.0.1.0.1.0.0.1.1.0.0.0.,859749,4194304,204869468160000,124429043405909,2.2864439928522735,0.7193817253910969
583,0.0.0.0.0.0.0.0.1.0.0.1.0.1.0.1.,862689,4194304,205440933691392,124854541298449,2.2815189650261627,0.7184753674185707
584,1.1.0.0.0.0.0.0.1.0.1.0.0.0.0.0.,1727841,8388608,1234080926531584,750196636881843,2.279460967263341,0.7180963037243466
585,0.0.0.0.0.0.2.1.0.0.0.0.0.0.0.1.,216043,1048576,154296732090368,93801878773489,2.279041038578568,0.7180187827184605
586,0.0.0.0.1.2.0.0.0.0.0.1.0.0.0.0.,1728843,8388608,411554767962112,250210562255963,2.2786245700274583,0.717941739204099
587,0.1.0.1.0.0.0.1.0.0.0.0.0.0.0.1.,865939,4194304,618215086489600,375974713845097,2.276094125896525,0.7174732243443009
588,0.0.0.1.1.0.0.0.1.0.0.0.0.1.0.0.,873565,4194304,622650042875904,379285782139495,2.263444470745399,0.7151362400515175
589,0.0.0.1.0.0.0.1.2.0.0.0.0.0.0.0.,1753021,8388608,1248722033836032,761129327630983,2.2585881519689104,0.71423885218463
590,0.0.0.0.0.1.1.0.1.0.0.0.0.0.0.1.,877743,4194304,625076397408256,381099792542589,2.2565609399035327,0.7138637052592343
591,0.1.0.0.0.0.0.0.0.1.0.0.0.1.0.1.,1758521,8388608,1251913865625600,763517326007483,2.254068867157042,0.7134025044976086
592,0.0.0.1.1.0.0.0.0.0.0.0.0.1.0.1.,1763343,8388608,1254708815593472,765610949311389,2.2501183001651466,0.7126692243829729
593,0.0.0.1.0.0.0.0.2.0.0.1.0.0.0.0.,884499,4194304,57181179215872,34912102082907,2.245499013733782,0.7118131469613352
594,0.0.0.2.0.0.0.0.0.0.0.0.2.0.0.0.,885077,4194304,629327710388224,384284079832271,2.244556553208448,0.7116382591753674
595,0.0.0.0.1.1.0.0.0.1.0.0.0.1.0.0.,110843,524288,78786619244544,48125982553889,2.241841862116319,0.7111346343526016
596,0.1.0.0.0.0.0.0.1.0.1.0.0.1.0.0.,1778785,8388608,1263652850106368,772315580389555,2.237539286669167,0.7103378005526622
597,0.0.0.2.0.0.1.0.0.0.0.0.0.1.0.0.,445789,2097152,316545457717248,193553346956647,2.233998507532689,0.7096814385265523
598,0.0.0.0.0.1.1.0.0.0.1.0.0.1.0.0.,893411,4194304,634151168376832,387902548644953,2.231035507828497,0.7091325348162508
599,0.0.0.1.0.1.0.0.1.0.0.0.1.0.0.0.,224215,1048576,159036511617024,97350010179445,2.2254767277868237,0.7081049826820148
600,0.0.0.2.0.0.0.1.0.0.0.0.0.0.1.0.,1796217,8388608,1273736141471744,779884232698491,2.2234697788637394,0.7077345606884309
601,0.0.0.0.0.0.0.2.0.0.0.1.0.0.1.0.,898491,4194304,212363087183872,130036063593931,2.2228554729358154,0.7076212305594334
602,0.2.0.0.0.0.0.0.2.0.0.0.0.0.0.0.,1799449,8388608,31112277524480,19055792862947,2.220876216709791,0.7072543726588408
603,0.1.1.0.0.0.0.0.1.0.0.0.0.1.0.0.,1804853,8388608,1278723873570816,783633824331119,2.2165500920715613,0.7064531879001218
604,0.1.0.0.0.0.0.0.0.1.1.0.0.1.0.0.,451909,2097152,320082682052608,196210537877407,2.214327236254929,0.706042096102167
605,0.1.0.0.0.0.0.1.0.0.0.0.0.1.1.0.,1810137,8388608,1281774709637120,785928039498651,2.2123325390353648,0.7056735810320288
606,1.0.0.1.0.0.0.0.1.0.1.0.0.0.0.0.,907535,4194304,642311270694912,394034928475805,2.208406242396688,0.7049490914648198
607,0.1.0.1.0.0.1.0.1.0.0.0.0.0.0.0.,455151,2097152,321954016919552,197618154374973,2.204014275172866,0.7041391626148841
608,0.0.1.0.2.0.0.0.1.0.0.0.0.0.0.0.,227759,1048576,161082872692736,98888749496957,2.2028514616617665,0.7039248050794445
609,0.0.0.1.0.0.0.0.2.1.0.0.0.0.0.0.,1827409,8388608,1291741130915840,793427222763907,2.19863186500016,0.7031471754507596
610,0.0.0.0.1.0.0.1.0.0.0.0.0.0.0.2.,457047,2097152,323047555858432,198441362542581,2.1980169944584325,0.7030337915711217
611,1.0.0.0.1.0.0.0.0.0.1.0.1.0.0.0.,914815,4194304,646510515585024,397195769963245,2.196879504098478,0.7028235772627858
612,0.0.0.1.0.0.2.0.0.0.0.0.1.0.0.0.,1831083,8388608,431285914828800,265007468559803,2.1957342430498823,0.7026115815883553
613,3.0.0.0.0.0.0.0.0.1.0.0.0.0.0.0.,1831235,8388608,1293945254445056,795088401270905,2.1956144884866022,0.7025894002819901
614,1.1.0.0.0.0.0.0.2.0.0.0.0.0.0.0.,1835735,8388608,1296532972240896,797042218124405,2.192073619080558,0.7019308472255671
615,0.0.0.0.0.0.1.0.0.1.0.1.0.1.0.0.,459909,2097152,324693904064512,199683990061407,2.189011095341923,0.7013616317753263
616,0.0.0.1.0.1.0.0.0.0.1.1.0.0.0.0.,921521,4194304,650365869490176,400107391256483,2.1863424826039437,0.7008642681994798
617,0.0.0.1.0.1.0.0.0.0.0.0.0.1.0.1.,462299,2097152,326066288721920,200721683901377,2.1815332836828256,0.6999688127036603
618,0.0.0.0.0.0.0.0.0.0.0.0.2.1.1.0.,1850085,8388608,1304775450689536,803272722979455,2.180839875468613,0.6998397508093461
619,0.0.0.1.0.0.0.0.0.0.0.1.0.2.0.0.,1854237,8388608,1307157748252672,805075444662951,2.1776057763172774,0.6992373650836862
620,0.0.0.1.0.0.0.0.0.0.0.0.1.1.1.0.,1858549,8388608,1309630709891072,806947635390127,2.174254705820191,0.698613095481057
621,0.1.0.0.0.0.0.1.1.0.0.0.0.1.0.0.,932821,4194304,656848283762688,405013642466383,2.1687592581924116,0.6975896764814282
622,1.0.0.0.0.0.0.0.0.1.1.1.0.0.0.0.,466721,2097152,328602114588672,202641634596083,2.167799143081671,0.6974111445906187
623,0.0.0.0.0.1.2.0.1.0.0.0.0.0.0.0.,1867877,8388608,1314977407303680,810997680636671,2.167031974200256,0.6972683190973392
624,0.0.0.0.0.0.2.0.1.0.0.0.0.0.0.1.,467271,2097152,328917157150720,202880434433733,2.166100022823238,0.6970945248800843
625,0.0.0.0.0.1.1.0.0.0.0.2.0.0.0.0.,934805,4194304,657984906592256,405875058608015,2.165694074865735,0.6970188027600751
626,0.0.0.0.1.0.0.0.1.1.0.0.0.1.0.0.,468655,2097152,29973451636736,18498303787415,2.161833250894732,0.6962922410226923
627,0.0.0.0.0.2.1.0.1.0.0.0.0.0.0.0.,468877,2097152,329834736648192,203577729959671,2.1611500138317554,0.6961635957856568
628,0.0.0.0.0.0.0.1.2.0.0.0.0.1.0.0.,1880845,8388608,1322383776415744,816628146626935,2.1570504690795915,0.695389731501709
629,0.0.0.1.1.0.0.1.1.0.0.0.0.0.0.0.,471709,2097152,331450374160384,204807332032807,2.152462398447003,0.6945255172085081
630,1.1.0.0.0.1.0.0.0.0.0.0.0.1.0.0.,472467,2097152,110627426140160,68378813875747,2.150145959401882,0.6940877923192784
631,1.0.0.1.0.0.0.0.0.0.0.0.1.0.0.1.,1892901,8388608,1329256630059008,821862639068223,2.1478324715855823,0.6936504660770859
632,0.0.0.1.0.0.0.0.1.0.0.0.1.1.0.0.,1908153,8388608,1337941053931520,828484775657019,2.136254576160697,0.6914674644803445
633,0.0.0.0.0.0.0.1.1.0.0.1.0.1.0.0.,239417,1048576,167753841901568,103950437692091,2.130833929902756,0.6904499746338341
634,0.0.0.1.0.0.0.1.1.0.0.1.0.0.0.0.,960749,4194304,672769358430208,417139464040727,2.1261999559100744,0.6895821921322334
635,0.1.0.0.0.1.2.0.0.0.0.0.0.0.0.0.,1922271,8388608,103536801087488,64201119261441,2.125619690404191,0.6894732957878198
636,0.0.0.1.0.1.0.0.1.1.0.0.0.0.0.0.,964727,4194304,675031497572352,418866638139221,2.1202387815947743,0.6884638400664422
637,0.0.0.1.0.2.0.0.0.0.0.1.0.0.0.0.,1930765,8388608,1350807903535104,838302488255095,2.119258851040926,0.6882797088738456
638,0.0.0.0.0.0.0.0.0.1.0.0.0.3.0.0.,1932429,8388608,450584444403712,279674988769789,2.1180160220778954,0.6880462681475848
639,0.0.0.0.0.0.0.1.1.1.0.1.0.0.0.0.,484021,2097152,338457391005696,210152974943983,2.115289883148821,0.6875343422716326
640,0.0.0.0.0.0.0.3.0.1.0.0.0.0.0.0.,968197,4194304,677002812063744,420373248024031,2.115058901610059,0.6874909652380666
641,0.1.0.0.0.0.0.0.0.0.1.0.0.1.1.0.,1939403,8388608,1355714215804928,842052948250769,2.1128188099591294,0.6870702329395685
642,1.0.0.0.0.0.0.1.0.0.0.0.0.1.1.0.,485555,2097152,339328187236352,210819009400265,2.1107248030740338,0.6866763168617571
643,0.0.0.1.0.0.0.0.0.1.0.2.0.0.0.0.,1943599,8388608,194013567123456,120553539131611,2.109700835387992,0.6864835365247144
644,0.0.1.2.0.0.0.0.1.0.0.0.0.0.0.0.,487677,2097152,340531012960256,211740342592071,2.104433592493075,0.6854900236432037
645,0.0.0.0.1.1.0.0.0.0.0.1.1.0.0.0.,975757,4194304,681290296721408,423655660337911,2.1038376180869585,0.685377514710799
646,0.1.0.0.0.1.1.1.0.0.0.0.0.0.0.0.,976449,4194304,227227415347200,141318704650609,2.1028148315469015,0.6851844783503925
647,0.0.0.2.0.0.0.1.0.0.0.0.1.0.0.0.,978159,4194304,227550242537472,141566188118719,2.1002905308694113,0.6847083929122543
648,0.0.0.0.0.0.0.1.1.0.0.0.2.0.0.0.,978741,4194304,682980165025792,424951258002543,2.0994323893818,0.6845463073418636
649,0.0.0.2.1.0.0.1.0.0.0.0.0.0.0.0.,980305,4194304,136773025923072,85126063580903,2.0971288441630307,0.6841109094666697
650,0.0.0.0.0.0.0.0.0.0.2.1.0.0.0.1.,1961383,8388608,1368167574142976,851596258126309,2.0965601520307153,0.6840034275834331
651,0.0.0.0.0.0.1.0.0.0.0.0.0.2.1.0.,982381,4194304,685039551512576,426531678746263,2.0940768674109305,0.6835343907739699
652,0.0.0.1.1.0.0.0.0.1.0.1.0.0.0.0.,1968155,8388608,274399710150656,170907307080013,2.0915875875770698,0.6830648773512433
653,1.0.0.0.0.0.0.1.2.0.0.0.0.0.0.0.,1970763,8388608,457824266092544,285222960270683,2.089677139471036,0.6827038096804489
654,0.0.0.0.0.2.0.0.1.0.1.0.0.0.0.0.,1972003,8388608,1374173146382336,856207265900569,2.088769684192339,0.6825318121570695
655,0.1.0.0.0.1.0.2.0.0.0.0.0.0.0.0.,1972621,8388608,1374522129252352,856475590081783,2.0883176332274997,0.6824460992604006
656,0.0.0.0.0.1.0.1.1.0.0.1.0.0.0.0.,246865,1048576,1772964282368,1104991976035,2.0866372168498146,0.6821275789683177
657,0.1.0.1.0.0.0.0.1.1.0.0.0.0.0.0.,989877,4194304,229758098997248,143262101147557,2.083110255436036,0.6814587110193054
658,0.0.0.0.0.1.0.0.1.0.0.0.1.1.0.0.,1986477,8388608,460779992121344,287497203088157,2.0782193410897514,0.6805301528909506
659,0.0.0.0.0.1.1.0.0.0.0.0.2.0.0.0.,993593,4194304,691369838379008,431399721982139,2.077704515954935,0.6804324193792326
660,0.0.0.1.0.0.2.0.0.1.0.0.0.0.0.0.,1988993,8388608,1383757852442624,863584009976339,2.0763932318712164,0.6801830679824264
661,0.0.0.0.0.2.0.0.0.0.1.0.1.0.0.0.,248691,1048576,173007396405248,107977037136393,2.0760052274587584,0.6801091819784911
662,1.1.0.0.1.0.0.0.0.0.0.0.0.1.0.0.,1992561,8388608,461922319204352,288377723216801,2.0738075393080573,0.679690533468573
663,0.0.0.0.1.0.0.0.1.0.0.0.0.0.2.0.,1994289,8388608,42022417203200,26238891979459,2.07255693936737,0.6794523518863479
664,0.0.0.0.1.0.0.1.1.0.0.0.1.0.0.0.,998095,4194304,693904674390016,433354407198685,2.071182385846253,0.6791901083828702
665,0.0.0.0.0.0.0.0.0.0.1.3.0.0.0.0.,249555,1048576,173493751119872,108352169972265,2.0710017160818652,0.6791556542781512
666,0.0.0.0.0.0.0.1.0.0.0.0.2.1.0.0.,1998225,8388608,92596923793408,57839491586445,2.069712391034891,0.6789093948762137
667,0.0.0.0.0.0.0.0.1.0.0.0.1.1.1.0.,2005819,8388608,1393222534299648,870889548282337,2.06424000397987,0.6778640488714349
668,0.0.0.0.0.0.0.0.1.0.2.0.1.0.0.0.,501841,2097152,348522663641088,217890089683843,2.0631291829939884,0.6776518946347969
669,0.1.0.0.1.0.0.0.0.0.0.0.0.2.0.0.,502517,2097152,348902499811328,218183596393391,2.061187122503781,0.6772812939715449
670,0.1.0.0.1.0.0.0.1.1.0.0.0.0.0.0.,503137,2097152,349250660597760,218452788937651,2.0594082382380643,0.6769413199912482
671,0.0.0.0.0.2.0.0.0.0.0.0.0.2.0.0.,503395,2097152,69879089594368,43712961554117,2.0586686386452024,0.6767996884597461
672,0.0.1.0.0.0.0.0.0.1.0.0.0.1.0.1.,2016427,8388608,1399178982850560,875495345878321,2.056630253369594,0.6764091092841645
673,1.0.0.0.1.0.0.1.0.0.1.0.0.0.0.0.,2017649,8388608,1399864298569728,876025915699427,2.055756212625746,0.6762415253613354
674,0.0.0.0.0.0.0.1.2.0.0.0.1.0.0.0.,252529,1048576,175163954429952,109643425821667,2.053910451545162,0.6758866138094414
675,0.0.0.0.0.0.0.0.1.0.0.2.0.0.0.1.,2021391,8388608,8198601834496,5132459783383,2.053083019793994,0.6757274799315881
676,0.1.0.1.0.1.0.0.1.0.0.0.0.0.0.0.,2027271,8388608,1405254734184448,880203610313733,2.0488924734827574,0.6749224809077589
677,0.0.0.2.0.0.0.1.0.0.0.0.0.1.0.0.,1016903,4194304,704456997994496,441520493283269,2.0442493602248537,0.6740312406469848
678,0.0.0.0.0.0.0.0.1.1.0.1.0.1.0.0.,127503,524288,88275505381376,55359446727069,2.0398283331127427,0.673183651029084
679,0.1.0.2.0.1.0.0.0.0.0.0.0.0.0.0.,1021349,4194304,706945260453888,443450864334527,2.037955504190617,0.672824251391137
680,0.0.1.1.0.1.0.0.1.0.0.0.0.0.0.0.,2048797,8388608,1417302201335808,889549801777831,2.033654385126973,0.6720001240408282
681,0.0.0.2.0.1.0.0.0.0.0.1.0.0.0.0.,2051333,8388608,1418720580730880,890650886120159,2.031869722157627,0.6716585306426587
682,0.0.0.0.0.0.0.0.0.1.1.0.0.1.0.1.,8025,32768,1109715009536,696861344415,2.029714323102972,0.6712456852253313
683,1.0.0.0.0.0.0.1.0.0.1.0.1.0.0.0.,2055667,8388608,1421143344939008,892532628840841,2.0288248511431686,0.6710752640203739
684,0.0.0.0.0.1.0.1.0.0.0.0.1.1.0.0.,514765,2097152,355759859695616,223501451687095,2.0264455606661937,0.6706195387980063
685,0.0.0.0.0.0.0.1.0.0.0.0.1.2.0.0.,1031237,4194304,712472799477760,447744051233951,2.0240554981331265,0.6701606719720814
686,0.0.0.0.0.0.0.0.1.0.1.0.1.0.1.0.,2065583,8388608,1426681168396288,896837972822909,2.021882398425356,0.6697436910966557
687,0.0.0.0.3.0.0.0.1.0.0.0.0.0.0.0.,1033045,4194304,713482049683456,448529051427535,2.021528330526274,0.6696757015789211
688,0.1.0.0.0.0.0.1.2.0.0.0.0.0.0.0.,1034451,4194304,79362927886336,49904390072097,2.0195661216125114,0.6692985166092719
689,0.0.0.3.0.0.0.0.0.0.0.1.0.0.0.0.,1035317,4194304,714749400580096,449515511847791,2.018358861689355,0.6690666039384312
690,1.0.0.1.0.0.0.0.0.0.0.0.0.0.1.1.,1036163,4194304,715221125562368,449882829416249,2.0171804577728794,0.6688400452590878
691,0.0.0.0.0.0.1.0.0.0.0.2.0.1.0.0.,1036999,4194304,715687129513984,450245805169477,2.0160169277452624,0.668616200373987
692,2.0.1.0.0.0.0.0.1.0.0.0.0.0.0.0.,1037657,4194304,716053812346880,450531496611611,2.015101794471375,0.6684400436854542
693,0.0.0.0.0.1.1.0.0.0.0.0.1.1.0.0.,2078227,8388608,1433728085655552,902327763999721,2.0130781855347406,0.6680479527274965
694,0.0.0.1.1.0.0.0.0.1.0.0.0.1.0.0.,521191,2097152,359339517804544,226291502153893,2.0085473541043286,0.6671651936111944
695,0.1.0.0.0.0.0.0.0.2.0.1.0.0.0.0.,2085437,8388608,1437731733372928,905458212780551,2.008081700879965,0.6670745412231893
696,0.0.0.1.0.2.0.1.0.0.0.0.0.0.0.0.,2086849,8388608,1438515665567744,906071277091027,2.007105216777243,0.6668844812078221
697,0.0.0.2.0.0.0.0.0.0.1.0.0.0.0.1.,16325,65536,11250335383552,7088013362975,2.0052046286788445,0.6665147813305229
698,1.1.0.0.0.0.0.0.0.0.0.1.1.0.0.0.,1045517,4194304,720419353001984,453944163382391,2.0042149104831015,0.6663220854184658
699,0.0.1.0.0.1.0.0.2.0.0.0.0.0.0.0.,2094559,8388608,1442794258300928,909418816633357,2.001784907746837,0.6658488268784579
700,0.0.0.0.0.1.1.0.0.1.0.0.0.1.0.0.,2098153,8388608,1444786854690816,910979265027019,1.9993115457573003,0.665366549657791
701,1.0.0.0.0.1.0.0.1.0.1.0.0.0.0.0.,1049911,4194304,722855941636096,455851956994453,1.9981643935469564,0.6651427911684431
702,0.1.0.0.0.0.0.0.0.0.0.2.0.1.0.0.,131323,524288,90403583033344,57018020144929,1.9972399126072327,0.6649620082123463
703,0.0.0.0.0.1.0.2.0.0.0.0.0.1.0.0.,525651,2097152,361812840153088,228227951746473,1.9962542691616327,0.6647681142441619
704,0.0.0.0.0.2.0.0.0.0.2.0.0.0.0.0.,1051453,4194304,723709163732992,456521464902919,1.9960470677030235,0.6647273443842855
705,0.0.0.1.0.0.0.0.1.0.0.0.1.0.0.1.,2109027,8388608,1450801755062272,915700554908121,1.9918538658824083,0.6639025937460268
706,0.0.0.0.0.0.0.0.3.0.1.0.0.0.0.0.,2111355,8388608,96805857525760,61114088632911,1.9902622590582715,0.6635893417651794
707,0.0.0.0.0.0.0.0.0.1.1.0.0.2.0.0.,1057459,4194304,727027344736256,459129159130057,1.987829702690751,0.6631095673718249
708,0.0.0.1.0.1.0.2.0.0.0.0.0.0.0.0.,33069,131072,7577507659776,4785982928029,1.9868082010737478,0.6629081546877192
709,1.0.0.1.0.0.0.1.0.0.0.0.0.0.0.1.,2119443,8388608,1456550602342400,920222989651689,1.9847462633972832,0.6625004189158179
710,0.1.0.0.1.0.0.1.0.0.0.0.0.0.0.1.,2121043,8388608,1457432681250816,920917680088489,1.983657561689524,0.6622851408223108
711,0.0.0.0.0.1.0.0.0.2.0.0.0.1.0.0.,2122755,8388608,1458376366096384,921660998855865,1.9824935599891667,0.6620549790766904
712,0.0.0.0.0.2.0.0.0.0.1.1.0.0.0.0.,2123281,8388608,1458666276388864,921889378336963,1.982136117143468,0.6619843007345674
713,0.0.1.0.0.0.0.0.1.0.1.0.1.0.0.0.,2126651,8388608,1460523379982336,923352570069473,1.9798481354502044,0.661531920575663
714,2.0.0.0.0.0.0.0.0.0.0.0.0.1.0.1.,2127783,8388608,1461147089764352,923844063553509,1.9790804042667727,0.6613801541510601
715,0.0.0.0.0.0.0.0.2.1.0.0.0.0.0.1.,2130595,8388608,1462695962345472,925064981996185,1.977175050141492,0.6610033027264701
716,1.0.0.1.0.0.0.0.1.0.0.0.0.0.1.0.,1068251,4194304,732974700036096,463814846126273,1.9731807631355136,0.660214402391926
717,0.0.0.0.0.0.0.0.0.1.0.0.0.1.1.1.,534949,2097152,366940745891840,232264971547327,1.9709581685433675,0.6597755192928388
718,0.1.0.0.0.0.0.1.0.0.0.2.0.0.0.0.,535137,2097152,367044059987968,232346597673651,1.9704512435476613,0.6596747354976809
719,0.0.0.1.1.0.0.0.0.0.0.0.0.1.1.0.,134095,524288,18386329534464,11644314265337,1.9671040810850609,0.6590078214645594
720,0.0.1.0.0.0.1.0.1.0.0.1.0.0.0.0.,2148223,8388608,1472388529127424,932718733883629,1.9652876681275755,0.6586444156514518
721,0.0.0.0.0.0.0.0.1.1.2.0.0.0.0.0.,2149531,8388608,1473105654448128,933286643315713,1.9644095140164999,0.6584687536179953
722,0.2.0.1.0.0.0.1.0.0.0.0.0.0.0.0.,2151319,8388608,1474085175427072,934062959878837,1.9632099656101527,0.6582281862837098
723,0.0.0.1.0.0.0.0.0.0.1.0.0.2.0.0.,1077845,4194304,738239675629568,467980383657935,1.9602817050986663,0.6576412176346912
724,0.0.0.1.0.0.1.1.1.0.0.0.0.0.0.0.,1080789,4194304,246617053593600,156419538020549,1.956346534213995,0.6568518379287875
725,1.0.0.0.0.0.0.1.0.1.0.1.0.0.0.0.,270343,1048576,185042515525632,117377935472389,1.9555685244087844,0.6566955453738389
726,1.0.0.0.1.0.0.0.0.1.0.0.1.0.0.0.,2164179,8388608,1481125029478400,939646534264617,1.9546116007660124,0.656503364122533
727,1.0.0.0.0.0.0.0.0.0.0.2.0.0.0.1.,270623,1048576,185195657953280,117499506298829,1.9540750677127172,0.656395578973176
728,0.1.0.1.0.0.1.0.0.0.0.0.0.0.0.1.,16935,65536,3862082060288,2450954697335,1.9522796336184807,0.6560350004022394
729,2.0.0.0.1.0.0.1.0.0.0.0.0.0.0.0.,2168489,8388608,1483481758564352,941517856628747,1.9517413057527442,0.6559268249590849
730,0.1.0.0.0.1.0.1.0.0.1.0.0.0.0.0.,135599,524288,92754989547520,58874580337277,1.9510129864721215,0.655780019262417
731,0.0.0.1.0.0.2.0.0.0.0.0.0.1.0.0.,2172445,8388608,297128257650688,188647095746747,1.9491117780235723,0.6553959258642641
732,0.0.1.0.1.0.0.0.1.1.0.0.0.0.0.0.,2175339,8388608,495739985723392,314830666687099,1.9471911858023643,0.6550075531739658
733,0.0.0.0.0.1.1.0.1.0.0.1.0.0.0.0.,2177671,8388608,1488491267489792,945504511372933,1.9456454208456067,0.6546945107945416
734,0.0.0.0.0.0.3.0.0.0.0.0.0.0.0.1.,1088929,4194304,744296602927104,472792851658867,1.945521539694632,0.6546694282998988
735,0.1.0.2.0.0.0.0.0.0.0.1.0.0.0.0.,1090765,4194304,745297330307072,473590008935095,1.9430911171476932,0.6541774463082726
736,0.0.0.1.1.0.0.0.1.1.0.0.0.0.0.0.,2187571,8388608,1493887021481984,949802908450633,1.9391015887317167,0.6533709661597058
737,0.0.0.1.0.0.2.0.1.0.0.0.0.0.0.0.,2190423,8388608,1495441262772224,951041194154229,1.9372219302220643,0.6529915084915842
738,0.0.0.0.0.1.1.1.0.0.0.0.0.1.0.0.,2193427,8388608,1497078047965184,952345475449321,1.9352447382190707,0.6525925065493139
739,1.0.0.0.0.0.0.0.1.0.0.0.0.1.1.0.,550067,2097152,375201016578048,238828927812041,1.9307521711427813,0.651686145170605
740,0.0.0.0.0.0.0.0.2.1.0.0.1.0.0.0.,2203829,8388608,1502743378264064,956861831651567,1.9284191443451486,0.6512161394679484
741,1.0.0.0.1.0.0.1.0.0.0.1.0.0.0.0.,2205033,8388608,1503398897647616,957384586205259,1.927631183700243,0.65105736699316
742,0.0.1.0.0.0.0.0.1.0.0.0.1.0.1.0.,2209079,8388608,1505601678999552,959141284647317,1.924986418107453,0.6505248923217944
743,0.0.1.0.0.0.0.1.0.0.0.0.0.0.2.0.,2209941,8388608,1506070904176640,959515549120143,1.924423576961217,0.6504116012662983
744,0.0.1.1.2.0.0.0.0.0.0.0.0.0.0.0.,1105415,4194304,753277312434176,479950768247045,1.923843336135063,0.6502946516407115
745,0.1.0.0.0.1.0.1.1.0.0.0.0.0.0.0.,2213211,8388608,502616496799744,320311774233451,1.9222904313477807,0.6499811932736739
746,0.0.0.0.0.0.0.1.1.0.0.0.0.2.0.0.,2219265,8388608,302228262879232,192712771528119,1.9183494822219884,0.6491863948618167
747,0.0.0.0.0.0.0.0.1.0.1.0.0.1.1.0.,1112317,4194304,757029050253312,482947489118791,1.9148634293466402,0.6484823299374877
748,0.0.0.0.0.1.0.0.1.0.1.0.0.0.0.1.,556713,2097152,4354202402816,2778327565677,1.913425753089544,0.6481917684699927
749,0.0.0.1.0.0.1.0.0.0.1.1.0.0.0.0.,1115259,4194304,252875424923648,161408283719819,1.9110526401496533,0.6477122172132208
750,1.1.0.0.1.0.0.0.0.0.0.0.1.0.0.0.,1115915,4194304,758982354403328,484509674238545,1.9102042903803444,0.6475408724626677
751,1.0.0.0.0.0.0.0.0.0.0.1.0.2.0.0.,2234977,8388608,1519672763613184,970385717729971,1.9081714458697727,0.647130474660123
752,0.2.0.0.0.0.0.0.0.0.0.0.1.1.0.0.,1118071,4194304,760152531664896,485445769602133,1.907419625235756,0.6469788002972902
753,0.0.0.0.0.1.0.0.1.0.0.1.0.0.0.1.,279799,1048576,190190772027392,121483555953877,1.905968719235,0.6466862055016739
754,0.0.0.0.0.0.1.1.0.0.0.0.0.2.0.0.,2241197,8388608,217578324623360,139012332400433,1.9041619641426932,0.646321964481065
755,0.0.0.0.0.0.0.0.2.0.0.1.0.0.1.0.,1122361,4194304,762480504602624,487308408335803,1.9018946467587425,0.6458653347055837
756,0.0.0.2.0.0.0.0.0.0.2.0.0.0.0.0.,561523,2097152,381426076745728,243802911339529,1.9010144088921408,0.6456881251477706
757,0.1.0.0.0.0.0.0.0.0.0.0.0.2.0.1.,2247619,8388608,1526532698800128,975874640543737,1.9000339295456805,0.6454907545793579
758,0.1.0.0.1.0.0.0.1.0.0.0.0.1.0.0.,563435,2097152,382463164547072,244633066411505,1.8961103403415216,0.6447013845718086
759,0.0.1.1.0.0.0.0.0.0.1.0.0.1.0.0.,1129723,4194304,109496179359744,70072121815447,1.8924623531814742,0.6439680434154801
760,0.0.0.0.0.0.0.0.0.0.0.1.0.1.1.1.,565453,2097152,383557013864448,245509244724919,1.8909524120198196,0.6436636925121608
761,1.0.0.1.0.0.0.1.0.0.0.0.0.0.1.0.,566149,2097152,383933897244672,245811435064927,1.889177731743404,0.6433059093467782
762,3.0.0.0.0.0.0.0.0.0.0.0.0.1.0.0.,566241,2097152,383983692021760,245851379765043,1.88894331083885,0.6432585884099081
763,0.0.0.0.1.2.0.0.1.0.0.0.0.0.0.0.,2266263,8388608,512212376485888,327989840286183,1.8881161349284603,0.6430909858587425
764,0.0.0.0.0.0.1.0.1.0.0.0.1.0.1.0.,2268957,8388608,512697842008064,328379735293837,1.8864021625534508,0.6427437258866476
765,0.0.1.0.0.0.2.0.0.0.0.0.1.0.0.0.,2269835,8388608,307713623982080,197104083451741,1.8858440024695782,0.6426306548832749
766,0.0.0.2.0.0.0.0.0.0.0.1.0.0.1.0.,2272855,8388608,118476928712704,75910126573705,1.883925782355348,0.6422418849157552
767,0.0.0.0.0.0.0.0.0.0.0.0.0.3.0.1.,1137207,4194304,770521211863040,493754267226261,1.8829365461096501,0.6420414569927602
768,0.0.1.0.0.1.0.0.1.0.1.0.0.0.0.0.,1138403,4194304,771166597808128,494273548327769,1.8814200618019028,0.6417328633500188
769,0.0.0.0.0.0.0.0.1.0.0.0.2.1.0.0.,1140001,4194304,772028879601664,494967370401523,1.8793963407643983,0.6413213940525706
770,0.0.0.2.0.1.0.0.0.0.1.0.0.0.0.0.,1141473,4194304,772821569503232,495606485603379,1.8775346957096088,0.6409402934621135
771,0.0.0.1.0.0.0.0.0.1.1.0.0.1.0.0.,1144431,4194304,774414264172544,496890794548413,1.8738009480868765,0.6401767116830721
772,0.0.1.1.0.0.0.0.1.1.0.0.0.0.0.0.,2294529,8388608,517292853035008,332080698595889,1.8702333899348829,0.639447387228761
773,0.0.0.0.0.0.1.0.1.1.0.1.0.0.0.0.,2297765,8388608,1553619899908096,997647107196095,1.8682001743241088,0.6390320915992982
774,0.1.0.0.0.0.0.1.0.0.0.1.1.0.0.0.,2299233,8388608,518136277237760,332761495223953,1.86727875717665,0.6388430924091152
775,0.0.0.0.1.0.0.0.0.1.0.0.0.0.0.2.,1150023,4194304,777422788100096,499318737625029,1.8667687158938928,0.6387383502925785
776,0.0.0.0.1.0.3.0.0.0.0.0.0.0.0.0.,2300327,8388608,1554996436926464,998759480258021,1.8665924704864034,0.6387020772829858
777,1.2.1.0.0.0.0.0.0.0.0.0.0.0.0.0.,2300491,8388608,1555084483756032,998830686027793,1.8664896183471509,0.638680910943979
778,0.0.0.2.0.0.0.0.0.0.0.0.1.1.0.0.,1152827,4194304,778928090251264,500536182615521,1.8632554007462685,0.6380157845266341
779,0.0.0.1.0.0.0.0.1.0.0.1.0.0.0.1.,577783,2097152,390198786523136,250862702903509,1.8598317691796988,0.6373112978039103
780,1.0.0.1.1.0.0.0.0.0.0.0.0.0.0.1.,2313219,8388608,520638263459840,334785649484179,1.8585295735830614,0.6370436557600915
781,0.0.0.0.0.0.0.1.1.0.0.0.1.0.1.0.,2316113,8388608,1563465810444288,1005613469780099,1.8567257885046853,0.6366717917340611
782,0.1.0.0.0.0.0.0.0.0.1.0.0.1.0.1.,2318809,8388608,1564910127415296,1006784023166107,1.8550474404035104,0.6363255783385501
783,0.0.0.0.1.1.0.0.1.1.0.0.0.0.0.0.,2321405,8388608,1566300220424192,1007911158399815,1.8534331886828395,0.6359922884181268
784,0.0.0.2.0.0.0.0.1.0.1.0.0.0.0.0.,581941,2097152,392426163273728,252668029676143,1.8494866324333326,0.6351780997883365
785,1.0.0.0.0.0.0.0.0.1.0.0.0.0.2.0.,2328559,8388608,1570129989074944,1011017293015357,1.8489939936844093,0.6350763288288284
786,0.0.0.3.0.0.0.0.0.1.0.0.0.0.0.0.,1165455,4194304,785693536157696,506019026887965,1.8475381297956437,0.6347750586082407
787,2.0.0.0.0.0.1.0.0.0.0.0.1.0.0.0.,1165985,4194304,785976903335936,506249143095155,1.8468822017984894,0.6346393572654213
788,0.0.0.0.1.0.0.0.1.0.0.2.0.0.0.0.,2333477,8388608,1572759247257600,1013152597745471,1.845950183279263,0.6344463601731056
789,0.0.0.0.0.1.0.0.1.1.0.0.1.0.0.0.,2335901,8388608,1574054045679616,1014205053757223,1.8444522993669896,0.6341357086727483
790,0.0.0.0.1.0.0.0.1.1.0.0.0.0.1.0.,2339207,8388608,1575819948326912,1015640457872261,1.8424118970489256,0.6337129324970034
791,0.1.0.0.0.1.0.0.0.0.0.0.0.2.0.0.,2342415,8388608,1577532834971648,1017033312198045,1.8404347334011353,0.6333030995482095
792,0.0.0.0.0.0.1.0.0.0.1.1.1.0.0.0.,2343897,8388608,1578323847151616,1017676769215131,1.8395222571844976,0.6331138433559065
793,0.0.2.0.0.0.1.0.1.0.0.0.0.0.0.0.,1172569,4194304,789493072265216,509107794242587,1.8387586098295319,0.6329554537428435
794,1.0.0.0.0.1.0.0.0.0.0.0.2.0.0.0.,2345609,8388608,1579237400117248,1018420087982507,1.8384688865225438,0.6328952804881144
795,1.0.0.0.0.0.1.0.0.1.1.0.0.0.0.0.,1173211,4194304,789835461689344,509386538780353,1.8379689277285882,0.6327913077749602
796,0.0.0.0.0.2.0.0.0.0.0.0.1.1.0.0.,2347557,8388608,1580276111114240,1019265873589311,1.8372712429271345,0.6326462280305106
797,0.0.0.1.0.0.0.0.0.0.0.0.1.2.0.0.,1176331,4194304,791498595500032,510741185132113,1.83413736296121,0.6319943905885778
798,0.1.0.1.0.0.0.0.0.0.0.1.0.0.0.1.,2355613,8388608,1584570088554496,1022763639938599,1.8323288901667563,0.6316186966353264
799,1.0.0.1.0.0.0.0.0.1.0.0.0.0.0.1.,2358505,8388608,317222127927296,204803858580623,1.8305587713103053,0.6312505136857919
800,0.0.0.0.0.0.0.0.0.2.0.2.0.0.0.0.,1179381,4194304,793123770859520,512065438777263,1.8304015732437657,0.6312178336871552
801,0.1.0.0.0.0.0.1.0.0.0.0.1.0.0.1.,295055,1048576,198392611864576,128107429268765,1.8293756191182025,0.6310041572185351
802,0.0.0.1.0.0.0.0.0.0.2.0.0.1.0.0.,2363301,8388608,529554665897984,342033875829141,1.8276280419260216,0.6306404011781039
803,0.1.0.0.1.0.0.0.2.0.0.0.0.0.0.0.,147893,524288,99390879694848,64212407981039,1.825805756454671,0.6302613721559307
804,0.0.0.0.0.0.0.1.0.0.0.0.0.3.0.0.,2368639,8388608,1591505252777984,1028419288457197,1.8243730938941456,0.62996334469063
805,0.0.0.0.0.1.0.0.0.0.1.0.0.2.0.0.,2371589,8388608,144825017958400,93609102177277,1.8225774203864311,0.6295901202275613
806,1.0.0.0.0.0.0.0.0.0.0.1.1.0.0.1.,1186587,4194304,88551012171776,57243794536889,1.8216135485450489,0.6293894900238572
807,1.0.0.0.0.0.0.0.0.0.1.0.0.2.0.0.,148513,524288,99720744927232,64481600525299,1.8197703035293897,0.6290061059345374
808,1.0.0.0.2.0.1.0.0.0.0.0.0.0.0.0.,594223,2097152,398973912219648,258000647141629,1.819355078343814,0.6289197314091903
809,0.0.0.1.0.0.0.1.0.0.0.0.0.1.1.0.,2383199,8388608,1599248944594944,1034740971432077,1.8155320073363292,0.6281248706972155
810,0.0.0.1.1.0.0.0.1.0.0.0.0.0.0.1.,2389381,8388608,1602533868961792,1037425081607263,1.8117945128445172,0.6273476930242106
811,0.0.0.0.0.1.0.0.1.0.1.0.0.0.1.0.,598021,2097152,400992365445120,259649668565983,1.8101633788255813,0.6270083853750048
812,0.0.0.0.0.2.0.0.0.1.0.0.0.1.0.0.,2393759,8388608,1604858872332288,1039325928314957,1.8091535194164206,0.6267982871818785
813,0.0.0.2.0.0.0.1.0.0.0.1.0.0.0.0.,1198551,4194304,803316414021632,520388698573173,1.8071401317166047,0.6263787241629601
814,0.1.0.0.0.0.0.0.0.0.3.0.0.0.0.0.,2397289,8388608,1606732048498688,1040858589091147,1.8070275902185153,0.6263552761009044
815,0.0.0.0.1.0.0.0.1.0.1.1.0.0.0.0.,2399997,8388608,1608168446623744,1042034352655431,1.8053988282119604,0.6260156890425617
816,0.0.0.0.0.1.1.0.0.0.0.0.0.2.0.0.,2402479,8388608,1609484518555648,1043111991195517,1.8039076101776406,0.625704642130509
817,1.1.0.1.0.0.0.0.0.0.0.0.1.0.0.0.,2405157,8388608,1610904240128000,1044274729314111,1.8023003596623781,0.625369427731411
818,1.0.2.0.1.0.0.0.0.0.0.0.0.0.0.0.,2405811,8388608,1611250924519424,1044558684030153,1.801908121525457,0.6252876401026956
819,1.1.0.0.0.2.0.0.0.0.0.0.0.0.0.0.,300827,1048576,201459666780160,130613525019521,1.8014254671314278,0.6251867374234467
820,0.0.0.2.0.1.0.1.0.0.0.0.0.0.0.0.,37657,131072,25210862174208,16349973611611,1.7993695503316465,0.6247571498204826
821,0.1.0.1.0.0.0.0.0.0.0.2.0.0.0.0.,1205653,4194304,807080717975552,523472255749519,1.7986166869647893,0.6245998921900345
822,0.0.0.1.2.0.0.0.0.1.0.0.0.0.0.0.,2413091,8388608,1615106328756224,1047719525517593,1.7975491086682691,0.6243765871482256
823,1.2.0.0.0.0.1.0.0.0.0.0.0.0.0.0.,2413483,8388608,1615313829363712,1047889724674609,1.7973147658581217,0.6243275825189734
824,0.0.0.0.0.0.0.1.0.0.0.0.0.1.2.0.,150951,524288,101014408527872,65540135078373,1.7962792113067996,0.6241105398909057
825,1.0.0.0.0.0.0.0.1.0.1.0.0.0.0.1.,2417377,8388608,1617373534617600,1049580427525171,1.7949889457325348,0.6238401875938513
826,0.0.0.1.1.0.0.0.0.0.1.1.0.0.0.0.,1210145,4194304,809456958963712,525422599150835,1.7932515085910208,0.6234761164234126
827,0.0.0.0.0.0.0.0.1.1.0.0.1.0.1.0.,2423131,8388608,1620416082739200,1052078708008513,1.7915590283869518,0.6231216696271445
828,0.0.0.0.1.0.0.0.1.0.1.0.0.0.0.1.,2425999,8388608,1621932206194688,1053323940616477,1.7898524748980862,0.6227643258807927
829,0.0.0.1.0.0.0.0.0.1.0.0.0.1.1.0.,2431769,8388608,1624982304063488,1055829168004187,1.7864252407029946,0.6220475802741718
830,0.0.0.0.0.0.0.0.1.0.1.0.0.1.0.1.,2437303,8388608,1627905767505920,1058231928552469,1.7831458158786895,0.621361338647921
831,0.0.0.0.0.0.0.1.0.1.0.2.0.0.0.0.,1218951,4194304,814110992236544,529246001642373,1.782791297726595,0.6212870334890267
832,0.0.0.1.0.2.0.0.0.0.0.0.0.0.0.1.,152453,524288,101808266543104,66192275725919,1.781994985300552,0.621119931523374
833,1.0.1.0.0.0.0.0.1.0.0.0.0.1.0.0.,2445155,8388608,1632049337204736,1061641121871065,1.7785055092023865,0.6203885123406999
834,0.0.0.1.0.1.1.0.0.1.0.0.0.0.0.0.,2448839,8388608,1633991736164352,1063240646601797,1.7763335042777695,0.6199325236044303
835,1.0.0.0.0.0.0.0.1.0.0.0.0.0.1.1.,2451425,8388608,327070970281984,212872688004055,1.7748108068385797,0.6196128553738105
836,0.0.1.1.0.0.0.1.0.0.0.0.0.0.0.1.,2454687,8388608,1637072972546048,1065779740148301,1.7728923541343389,0.6192093177135938
837,0.0.0.0.0.0.0.0.1.1.0.1.1.0.0.0.,614255,2097152,9525008531456,6202283056055,1.7715218294741677,0.6189210165147119
838,0.0.0.1.0.0.0.0.0.0.1.0.1.1.0.0.,2461893,8388608,1640867374825472,1068908452203039,1.7686633706097283,0.6183203387141224
839,0.0.0.0.2.0.0.0.1.0.0.0.1.0.0.0.,1231977,4194304,820976229023744,534901650160971,1.767456108324569,0.6180667956825682
840,1.0.0.0.0.0.0.0.0.0.1.0.0.1.1.0.,2467001,8388608,1643556494114816,1071126251422523,1.765673130240567,0.6176925095834592
841,0.1.0.0.0.0.0.0.0.1.0.0.1.0.0.1.,2468601,8388608,1644398576140288,1071820941859323,1.764737758163855,0.6174961181575005
842,0.1.0.0.0.0.0.0.1.0.0.0.0.0.2.0.,1234857,4194304,822492151152640,536152092947211,1.764087447437343,0.6173595963535375
843,0.0.1.0.0.0.0.0.1.1.0.0.1.0.0.0.,2472861,8388608,1646640414851072,1073670555147303,1.7622502828390478,0.6169741559120823
844,0.0.0.0.1.0.1.0.0.0.0.2.0.0.0.0.,618349,2097152,411730433802240,268475710565527,1.7619381915547148,0.6169085208764682
845,0.0.0.1.0.0.0.0.1.0.0.0.0.0.0.2.,1238069,4194304,824181616803840,537546683999087,1.7603397096746785,0.6165722319439997
846,1.1.0.0.0.0.0.0.0.0.0.1.0.1.0.0.,1239269,4194304,824812423348224,538067701826687,1.7589420528474962,0.616278352929927
847,2.0.0.0.0.0.0.0.1.0.0.0.0.1.0.0.,1240501,4194304,825459621232640,538602613463023,1.7575085324511577,0.6159764147224234
848,0.0.0.1.0.0.0.1.0.0.1.1.0.0.0.0.,621149,2097152,413201787256832,269691418829927,1.7554201447555113,0.61553687648248
849,1.0.0.0.1.1.0.0.0.0.0.0.1.0.0.0.,1242803,4194304,826668788744192,539602099328969,1.7548338015801814,0.615413457093118
850,0.0.0.2.0.0.0.0.0.1.0.0.0.1.0.0.,623207,2097152,414282063806464,270584964404261,1.750648087400176,0.614531685403363
851,1.0.0.0.1.0.1.0.0.1.0.0.0.0.0.0.,2494095,8388608,552597723283456,360963321868895,1.7499150122529816,0.6143773684958098
852,0.0.2.0.0.0.1.0.0.0.0.0.1.0.0.0.,623657,2097152,414518219898880,270780346089611,1.7496067343791772,0.6143124875850664
853,0.1.1.0.0.0.0.0.0.0.0.0.0.0.2.0.,1247443,4194304,829104085532672,541616701595689,1.749457535350622,0.6142810013376154
854,0.0.0.0.0.0.1.1.1.0.0.0.0.0.1.0.,1248961,4194304,829899996659712,542275789147603,1.7477030025570583,0.613910741357349
855,1.0.0.0.0.0.0.1.0.0.0.0.0.1.0.1.,312605,1048576,41533241819136,27145462999483,1.7460186716737371,0.6135553926751807
856,2.0.0.0.0.0.0.0.0.1.0.1.0.0.0.0.,625367,2097152,415414693658624,271522796493941,1.7456564338865246,0.6134789179253679
857,0.0.0.0.0.0.0.0.1.0.2.1.0.0.0.0.,2502461,8388608,1662179002548224,1086522328228103,1.7450838453488342,0.6133579340012048
858,0.0.0.1.0.0.0.0.0.0.0.0.2.1.0.0.,1252457,4194304,831731934429184,543793687752011,1.7436703577556776,0.6130592205541349
859,0.0.0.2.1.0.0.0.0.0.0.0.0.0.0.1.,2507477,8388608,237829435162624,155528597535353,1.7421949629941513,0.6127474048653817
860,0.0.0.1.0.0.1.1.0.0.0.0.0.1.0.0.,2513393,8388608,1667903204098048,1091268800637539,1.7387951586527741,0.6120290559886732
861,0.0.0.0.0.0.0.2.0.0.0.1.0.1.0.0.,1257681,4194304,834466931015680,546061852028163,1.737665389284142,0.6117905049247168
862,0.0.0.0.2.0.0.1.0.0.0.0.0.0.0.1.,2515889,8388608,1669209679462400,1092352517718947,1.7373631581732993,0.6117266820404298
863,1.0.0.1.1.0.0.0.1.0.0.0.0.0.0.0.,630579,2097152,418143109382144,273785750591817,1.7336824004203624,0.6109494265826457
864,0.0.0.0.0.0.0.0.2.1.0.1.0.0.0.0.,78939,262144,17442950610944,11424618414699,1.731549377178223,0.6104981241711019
865,0.1.0.1.0.1.0.0.0.0.0.1.0.0.0.0.,316131,1048576,209511331659776,137258239047513,1.7298370118222426,0.6101355249658714
866,0.0.0.0.0.1.0.0.0.0.2.0.0.1.0.0.,632699,2097152,419250900566016,274706215420577,1.7288402099319877,0.6099243299847263
867,0.0.0.0.0.0.0.0.1.0.1.0.0.0.0.2.,2531819,8388608,1677537788821504,1099269029380337,1.7282571606395105,0.6098007582863494
868,0.0.0.0.1.0.1.1.1.0.0.0.0.0.0.0.,2535041,8388608,1679219536953344,1100667962247443,1.7264223501066405,0.6094115392320171
869,1.0.0.0.1.0.0.0.0.1.0.0.0.0.0.1.,1268349,4194304,840042083778560,550693700515527,1.7254796573664148,0.6092114993874728
870,0.0.0.0.1.0.0.0.1.1.0.1.0.0.0.0.,2538989,8388608,1681279242207232,1102382110900247,1.724177286056625,0.6089349786827354
871,0.0.0.1.0.0.1.0.1.0.1.0.0.0.0.0.,2546073,8388608,187219100827648,122828650312131,1.72015764646084,0.6080805170441239
872,0.0.0.0.0.0.0.1.0.0.0.2.1.0.0.0.,2546897,8388608,1685401404178432,1105815618384131,1.7196908144457033,0.6079813789002202
873,1.0.0.1.0.0.1.0.0.0.0.0.0.0.0.1.,2549741,8388608,1686883704766464,1107050430635543,1.7180807235888853,0.6076395721748437
874,0.0.0.0.1.0.0.0.0.1.0.1.0.1.0.0.,1276551,4194304,844317488840704,554254857367173,1.7161802540923259,0.6072360891944373
875,0.0.0.1.0.1.0.0.2.0.0.0.0.0.0.0.,2560063,8388608,1692261003821056,1111532052315949,1.712252117064135,0.6064025471873311
876,0.0.0.0.0.1.0.0.1.1.0.0.0.1.0.0.,2566225,8388608,1695470686568448,1114207478860675,1.7087837629164073,0.6056679365536924
877,0.0.0.0.0.0.2.0.0.0.0.2.0.0.0.0.,2566527,8388608,1695627989745664,1114338601680621,1.7086139928192543,0.6056320112870858
878,0.1.0.2.0.0.0.0.0.0.0.0.1.0.0.0.,160603,524288,106078335401984,69730855138369,1.7068606834881666,0.605260962529122
879,1.0.1.0.0.0.0.0.0.1.0.0.0.1.0.0.,160777,524288,106168915591168,69806402723371,1.7052984894397332,0.6049301587301326
880,0.0.1.1.0.0.0.1.0.0.0.0.0.0.1.0.,2575333,8388608,1700212062027776,1118162004172159,1.703672440559617,0.6045854730827398
881,0.0.0.0.0.0.0.0.1.0.2.0.0.1.0.0.,2578185,8388608,1701693355982848,1119400289875755,1.7020756413724758,0.604245061311209
882,0.0.0.0.0.0.0.1.0.0.1.1.0.1.0.0.,2581869,8388608,1703606361260032,1120999814606487,1.70001562826654,0.6038059824818907
883,0.0.0.0.1.0.0.0.0.0.0.2.0.1.0.0.,2583161,8388608,1704276913029120,1121560777134203,1.699293865941169,0.6036519636186891
884,1.0.0.0.1.0.0.0.0.0.0.0.1.0.0.1.,2584473,8388608,1704957665345536,1122130423292379,1.6985613001540734,0.6034955494465335
885,0.0.0.3.0.0.0.0.0.0.0.0.0.0.0.1.,646547,2097152,38769243717632,25519887377371,1.6976042766377937,0.6032906299987779
886,0.1.0.0.0.0.0.0.0.0.0.0.0.3.0.0.,2587903,8388608,1706735781806080,1123619665916269,1.696647887550035,0.6030859530978284
887,0.0.0.0.1.1.1.0.1.0.0.0.0.0.0.0.,1295271,4194304,94894651604992,62486970608637,1.6951774567382778,0.6027713778238474
888,0.0.0.2.0.0.0.0.0.0.1.1.0.0.0.0.,10129,32768,6677305622528,4397824646467,1.6937958714106713,0.6024759933150775
889,0.0.1.1.0.0.0.0.0.1.0.0.0.0.0.1.,2595525,8388608,1710686379966464,1126928997484575,1.6924050468943326,0.602178673952309
890,0.0.0.0.0.1.1.0.1.0.0.0.1.0.0.0.,2598233,8388608,1712089626312704,1128104761048859,1.690900618492103,0.6018571781489839
891,1.0.0.0.0.0.0.1.1.0.0.0.1.0.0.0.,325151,1048576,214203738619904,141174556384973,1.6892496647780295,0.6015035625634865
892,0.0.0.1.0.1.0.0.0.0.0.2.0.0.0.0.,2602517,8388608,1714307440050176,1129964794693391,1.6885238432373615,0.6013480377687398
893,0.0.0.0.1.0.0.0.0.0.2.0.0.0.1.0.,2603395,8388608,1714761632841728,1130346006070585,1.6880372094802367,0.6012435845264327
894,0.0.0.1.0.2.0.0.0.0.1.0.0.0.0.0.,2605067,8388608,1715626263445504,1131071957577041,1.6871109528650492,0.6010445916192558
895,0.1.0.0.0.0.0.1.0.1.0.0.1.0.0.0.,1303391,4194304,858256452878336,565908289444493,1.6861614924779864,0.6008405290326656
896,1.0.1.0.0.0.0.0.1.0.0.0.1.0.0.0.,1305135,4194304,171831524851712,113333100404121,1.6842323872850926,0.6004254624375353
897,1.0.0.0.0.0.0.0.0.2.0.0.0.0.0.1.,2611135,8388608,343752438710272,226741314211721,1.6837543813760374,0.6003226621495058
898,1.0.0.0.0.0.2.0.0.1.0.0.0.0.0.0.,1305805,4194304,859503771779072,566956403641015,1.6834919599304903,0.6002661679566479
899,0.0.0.0.0.0.0.0.0.0.1.0.0.2.0.1.,653563,2097152,430093000245248,283764978716449,1.682033214704241,0.5999521036446303
900,0.0.0.0.0.1.0.1.1.0.1.0.0.0.0.0.,163593,524288,107627688230912,71029057892139,1.6802485076095894,0.5995680173642942
901,0.0.0.0.0.0.0.1.0.0.0.0.0.0.3.0.,327225,1048576,215275509121024,142075048863675,1.6800765511276192,0.5995309886590833
902,1.0.0.0.0.2.0.1.0.0.0.0.0.0.0.0.,1309235,4194304,861274959249408,568445646264905,1.6797073548552075,0.5994514790434587
903,0.0.0.1.0.1.0.1.0.0.0.0.0.1.0.0.,2624099,8388608,1725454725677056,1139335300322777,1.6766092807980366,0.5987842322819017
904,0.1.0.0.1.0.0.0.0.1.0.0.0.0.0.1.,2625777,8388608,246617089245184,162866265274053,1.6756870333540779,0.5985849669649415
905,0.1.0.1.0.0.0.0.0.1.0.0.0.0.0.1.,328573,1048576,215970794700800,142660325556679,1.6741455917344314,0.5982520618431073
906,0.0.1.1.0.0.1.0.0.0.0.0.0.0.0.1.,2631593,8388608,1729317042126848,1142589056656139,1.672495050373738,0.597895770437648
907,0.1.0.0.0.0.1.0.0.1.0.1.0.0.0.0.,2632721,8388608,1729897936453632,1143078813414083,1.6718767893691595,0.5977620432811237
908,0.0.0.1.1.2.0.0.0.0.0.0.0.0.0.0.,2634069,8388608,576864036847616,381221363369029,1.6711382928817038,0.5976023558732249
909,0.0.0.0.0.0.0.0.0.2.0.1.1.0.0.0.,1317383,4194304,29843982909440,19723564045321,1.6707565923921779,0.5975198171413753
910,0.0.0.0.0.0.0.0.1.0.0.0.0.0.1.2.,2635907,8388608,1731538479742976,1144462115746361,1.6701319605596325,0.5973847414520388
911,0.0.0.0.0.0.0.0.2.1.0.0.0.1.0.0.,1320899,4194304,867285564653568,573509939549177,1.6669112727737418,0.5966886071840082
912,0.0.1.0.0.0.0.0.0.1.0.0.0.1.1.0.,2644699,8388608,1736064435748864,1148279439696577,1.6653278958291502,0.5963467238451686
913,0.0.0.0.0.0.0.1.1.0.0.1.1.0.0.0.,2647295,8388608,1737400439013376,1149406574930285,1.6639124608809746,0.5960411002518607
914,0.0.2.0.0.2.0.0.0.0.0.0.0.0.0.0.,330945,1048576,217192100528128,143690204129235,1.663768051190377,0.5960099204707114
915,2.0.0.0.1.0.0.0.0.0.1.0.0.0.0.0.,662155,2097152,86904108220416,57499093272413,1.663190556934607,0.5958851734496052
916,0.0.0.1.1.0.0.0.0.0.0.2.0.0.0.0.,2649755,8388608,347733202305024,230094932295373,1.662572458405735,0.5957516158223684
917,1.0.0.0.0.0.0.0.1.1.0.0.0.0.0.1.,1326791,4194304,870316821708800,576068137082693,1.660490299614074,0.5953012182227423
918,0.0.0.0.0.0.0.0.0.0.3.0.1.0.0.0.,2653863,8388608,1740778061692928,1152258279173349,1.6603375340905995,0.5952681464025107
919,0.0.0.0.0.0.0.0.0.1.1.1.0.0.0.1.,2655247,8388608,1741489012998144,1152859186401181,1.6595853590624612,0.5951050622824504
920,0.0.0.0.0.1.0.1.0.1.0.0.0.1.0.0.,664671,2097152,145271019274240,96195955691311,1.657719115956563,0.5946987763588475
921,0.0.1.0.1.0.0.0.1.0.0.0.0.0.0.1.,1331277,4194304,872618789961728,578015875394871,1.655620645340283,0.5942424220111493
922,0.1.0.0.1.0.0.1.0.0.0.0.0.1.0.0.,333177,1048576,218338139570176,144659297288571,1.6540707140891087,0.5939051154440373
923,1.0.0.0.0.0.0.0.1.0.0.0.1.1.0.0.,2671843,8388608,1749999725576192,1160064862956889,1.6505961944866365,0.593149222496319
924,0.0.0.0.1.0.0.0.1.0.0.0.0.0.0.2.,668305,2097152,437676327043072,290165682728515,1.6498528576484166,0.5929874488096908
925,0.0.0.0.0.0.1.0.0.0.0.0.3.0.0.0.,2673437,8388608,1750816440451072,1160756948304551,1.6497357508940298,0.5929619193745658
926,0.0.0.0.1.0.0.0.2.0.0.0.0.0.0.1.,1338561,4194304,97372411527168,64575383734267,1.647748544672686,0.5925287607221582
927,0.0.0.2.0.0.0.0.0.1.1.0.0.0.0.0.,2679927,8388608,1754139402960896,1163574786388821,1.6462377278182865,0.5921994645539026
928,0.0.0.0.1.0.1.0.0.1.0.0.0.1.0.0.,2683133,8388608,1755780298571776,1164966772351559,1.6445128614725628,0.5918235248698713
929,1.0.0.0.1.1.0.0.0.0.0.0.0.0.0.1.,2684567,8388608,1756514066890752,1165589388655541,1.6437420193100527,0.5916554818011721
930,1.0.0.0.0.0.0.1.0.1.0.0.1.0.0.0.,671511,2097152,439317293957120,291557668691253,1.6429484929760418,0.5914820232751675
931,0.0.1.0.0.0.0.0.0.0.0.0.0.0.2.1.,1343147,4194304,67592190427136,44859200774837,1.6428142222877558,0.5914526506067675
932,0.0.0.1.0.1.0.0.0.1.1.0.0.0.0.0.,672553,2097152,62835686113280,41715726548317,1.6407115629879165,0.5909927654951689
933,0.1.0.0.1.0.0.0.0.1.0.0.0.1.0.0.,168325,524288,110057862725632,73083604858975,1.6391100607343845,0.5906425155941678
934,0.1.1.1.0.0.0.1.0.0.0.0.0.0.0.0.,1348247,4194304,881304111415296,585383935840181,1.6373466069812102,0.5902567797982079
935,0.0.0.0.0.0.1.0.1.1.0.0.0.0.1.0.,2699689,8388608,1764239739977728,1172155081646347,1.635638210066475,0.5898831622048505
936,0.0.0.0.1.0.0.1.0.0.0.1.0.1.0.0.,1351767,4194304,294366866309120,195637418267047,1.6335849306187955,0.5894329606123394
937,0.0.0.1.0.0.0.1.0.0.1.0.1.0.0.0.,676685,2097152,441959059554304,293804123891255,1.6318751167193613,0.5890580871789306
938,0.1.0.1.1.0.0.0.1.0.0.0.0.0.0.0.,2713929,8388608,1771500700958720,1178337826533867,1.628048452250585,0.5882188207480247
939,1.1.0.0.0.0.1.0.0.0.0.0.0.0.0.1.,2714551,8388608,253116817604608,168372555348739,1.6277178417226434,0.5881463673532269
940,0.0.0.0.0.0.1.0.0.0.0.0.0.2.0.1.,2717989,8388608,1773569767899136,1180100603517247,1.6258918133039886,0.587746228975876
941,0.0.0.0.0.0.0.1.0.0.0.0.0.1.1.1.,680329,2097152,7522308063232,5006547141713,1.6241269381960026,0.5873594257724725
942,0.0.1.1.0.0.0.0.0.0.0.0.0.0.2.0.,1361091,4194304,295950979432448,196986854440531,1.6236679047157112,0.5872588740411534
943,0.0.2.0.0.0.0.0.1.0.0.0.1.0.0.0.,1361955,4194304,296097679409152,197111898719155,1.6227523942490074,0.5870583160705329
944,0.0.0.0.0.0.0.2.0.0.0.1.1.0.0.0.,2724665,8388608,1776970610245632,1182999199364795,1.6223525705289181,0.5869707231906989
945,0.0.0.1.1.0.0.0.1.0.0.0.1.0.0.0.,2732157,8388608,1780785413619712,1186252087335111,1.6183910419916603,0.5861030549305559
946,0.2.0.1.0.0.0.0.0.0.0.1.0.0.0.0.,683367,2097152,148454395346944,98901774942647,1.61769894429565,0.5859514907050927
947,0.0.1.0.0.0.0.0.0.1.0.0.0.2.0.0.,2735965,8388608,1782723517612032,1187905450574695,1.6163816560987276,0.585662961186514
948,0.0.0.1.0.0.1.0.0.0.0.0.0.1.1.0.,2741671,8388608,1785626546405376,1190382890344933,1.613375972303424,0.5850046850684725
949,0.0.0.0.0.0.0.1.0.0.1.0.0.2.0.0.,343093,1048576,223398709952512,148964641270639,1.6117598341424304,0.5846509262398302
950,1.0.0.0.0.1.0.0.1.0.0.0.0.1.0.0.,2749711,8388608,1789715355271168,1193873709789853,1.6091514341391084,0.5840799190701068
951,0.0.0.1.0.1.0.0.0.2.0.0.0.0.0.0.,42995,131072,27979942985728,18667634581385,1.6081187256270952,0.5838538907882591
952,0.0.0.0.0.0.1.0.0.1.0.0.0.2.0.0.,2755135,8388608,1792472455839744,1196228710370605,1.6063084189360952,0.5834577009401125
953,0.2.0.0.0.0.1.0.0.1.0.0.0.0.0.0.,86113,262144,56022397878272,37388673490099,1.6060565707519077,0.5834024483262759
954,0.1.0.0.0.1.0.0.1.0.0.0.1.0.0.0.,689541,2097152,149500882583552,99795320516981,1.604723188852066,0.5831099283199952
955,0.0.0.0.0.2.0.1.0.1.0.0.0.0.0.0.,2758763,8388608,1794314728374272,1197803920936049,1.6044099078052485,0.583041205633874
956,0.0.0.1.0.0.1.1.0.0.0.0.0.0.0.1.,1380773,4194304,20880553934848,13942002885053,1.6029552716104483,0.582722154025495
957,0.1.0.0.0.0.0.0.1.0.2.0.0.0.0.0.,2762753,8388608,1796340208107520,1199536305212819,1.6023248448569136,0.5825837843989421
958,0.0.0.0.0.0.1.0.1.0.0.0.1.0.0.1.,691227,2097152,449358319321088,300117991598721,1.6011999538874324,0.5823365032931892
959,0.0.0.0.1.1.1.0.0.0.0.0.0.1.0.0.,2767601,8388608,1798798942666752,1201641217236323,1.5997954634285978,0.5820277367191921
960,2.0.0.0.0.1.1.0.0.0.0.0.0.0.0.0.,2768259,8388608,1799132507275264,1201926908678457,1.5994525019586994,0.5819522800723236
961,1.0.0.0.0.0.0.0.2.0.0.0.0.0.0.1.,2772759,8388608,600471223926784,401293575177319,1.5971092036292989,0.5814370517054328
962,0.2.0.0.0.0.1.0.1.0.0.0.0.0.0.0.,1386891,4194304,900966010322944,602162446614993,1.5965770243689041,0.5813199418870233
963,0.0.0.1.0.0.1.0.0.0.1.0.0.1.0.0.,694855,2097152,451196892479488,301693202164165,1.5936475730594524,0.5806749418808502
964,0.0.0.0.0.2.0.0.0.0.0.0.1.0.0.1.,694997,2097152,451268799627264,301754855940431,1.5933527752010919,0.5806100476889176
965,0.0.0.1.0.0.0.0.1.0.0.0.1.0.1.0.,1393163,4194304,904140897124352,604885633127249,1.5900673676151125,0.5798852179785288
966,0.0.0.0.0.1.0.0.0.1.0.0.0.2.0.0.,2789669,8388608,1809972870512640,1211222735085887,1.5883374772190324,0.5795038824761369
967,0.0.0.1.0.0.0.0.0.2.0.1.0.0.0.0.,2791105,8388608,1810699122638848,1211846219752915,1.5875950317717022,0.5793402027148171
968,0.0.1.1.0.0.0.0.1.0.0.0.0.0.0.1.,2798209,8388608,1814291560792064,1214930645292307,1.5839277083437158,0.5785323594111492
969,1.0.0.0.0.0.0.0.0.0.0.0.1.0.2.0.,2798863,8388608,1814622206164992,1215214600008349,1.5835905597199227,0.5784581106366056
970,0.1.0.0.0.0.1.0.1.0.0.0.1.0.0.0.,2801731,8388608,1816071489191936,1216459832616313,1.5821129843988235,0.5781323116548569
971,0.0.0.1.0.0.0.2.1.0.0.0.0.0.0.0.,2804691,8388608,605855737184256,405915003308131,1.5805895964990837,0.5777966430261353
972,0.0.0.0.0.0.1.0.1.0.0.1.0.0.1.0.,2807083,8388608,1818775439540224,1218783572127409,1.5793597085004574,0.5775254680846452
973,0.0.0.0.0.0.0.1.0.0.0.1.1.1.0.0.,1405419,4194304,910335766691840,610206961873137,1.5774311229310714,0.5771001248775508
974,1.0.0.0.0.0.1.0.0.1.0.0.1.0.0.0.,703015,2097152,455322099515392,305236123391845,1.57680405362705,0.5769617746352166
975,1.0.0.0.1.0.0.0.0.0.0.2.0.0.0.0.,2812589,8388608,1821555357122560,1221174175593047,1.5765326817854006,0.5769018532646751
976,0.0.0.1.1.0.0.1.0.0.0.0.0.1.0.0.,2818359,8388608,1824466640306176,1223679402980757,1.5735760381440638,0.5762491423517814
977,1.0.0.0.1.0.1.0.0.0.0.1.0.0.0.0.,704887,2097152,456266614833152,306048911202901,1.5729675270675072,0.5761148595773282
978,0.0.0.3.0.0.1.0.0.0.0.0.0.0.0.0.,705215,2097152,456432059154432,306191322742445,1.5722963642977985,0.5759667296798496
979,0.0.0.1.0.0.1.0.0.1.0.0.1.0.0.0.,353045,1048576,228436540915712,153285615787535,1.570507440822682,0.5755711220855205
980,0.0.0.1.0.1.0.0.1.0.0.0.0.0.0.1.,176841,524288,114378734043136,76781094708843,1.5679067279875591,0.5749958081155725
981,0.0.0.1.0.0.1.0.1.0.0.0.0.0.1.0.,708805,2097152,458240240386048,307750034410015,1.564970744681315,0.5743451365117301
982,0.0.0.0.0.0.0.1.1.0.1.0.0.0.1.0.,2838097,8388608,1834409003057152,1232249277881731,1.5635075322472376,0.574021205054744
983,0.0.0.0.1.0.2.0.0.0.1.0.0.0.0.0.,1419447,4194304,917405022814208,616297660277781,1.5631024486544882,0.5739314921844152
984,0.0.0.0.1.0.0.2.1.0.0.0.0.0.0.0.,2840935,8388608,1835836811247616,1233481485044005,1.5620656073322605,0.5737017618501787
985,1.0.0.1.0.1.0.1.0.0.0.0.0.0.0.0.,2843675,8388608,1837215093096448,1234671142417025,1.5606748400788644,0.573393713019157
986,0.0.1.0.1.0.0.1.1.0.0.0.0.0.0.0.,711629,2097152,459660993757184,308976163030967,1.5592342216701884,0.5730747050658077
987,0.1.0.0.0.0.1.0.0.0.0.0.0.1.0.1.,712329,2097152,24211212992512,16277899478793,1.5578157997645263,0.5727608164288108
988,1.0.0.0.0.2.0.0.0.0.0.0.0.0.0.1.,356257,1048576,230053029871616,154680206839411,1.557441163984915,0.5726778586029554
989,1.1.1.0.0.0.0.0.0.0.0.0.0.1.0.0.,712937,2097152,460318677401600,309544072463051,1.5565849296840388,0.57248814799361
990,0.1.0.0.0.0.0.1.0.0.1.0.1.0.0.0.,2853327,8388608,614022734938112,412953954159007,1.5557863370177794,0.5723111491597822
991,0.0.1.0.0.0.1.0.0.0.1.0.0.1.0.0.,357033,1048576,230442957537280,155017131701259,1.5543020991069312,0.5719820152052371
992,0.0.1.0.1.0.0.0.0.2.0.0.0.0.0.0.,2857099,8388608,1843962688045056,1240499595181777,1.5538804033849127,0.5718881991926053
993,0.0.0.1.0.2.1.0.0.0.0.0.0.0.0.0.,2858629,8388608,1844730413449216,1241163892911967,1.553108035117815,0.5717163653797782
994,0.0.0.0.0.0.0.0.0.1.1.1.0.1.0.0.,1430765,4194304,923092129939456,621211726755095,1.5516446986362795,0.5713895803108078
995,0.0.0.0.1.0.0.0.0.0.0.1.0.2.0.0.,1431907,4194304,923664434331648,621707562054361,1.5504936356964145,0.571132691244099
996,0.0.0.0.0.0.0.3.0.0.0.0.0.0.0.1.,2863979,8388608,1847411546783744,1243486764060017,1.550410516532781,0.5711141391682545
997,0.0.0.0.0.0.2.0.1.0.0.1.0.0.0.0.,716323,2097152,462017169195008,311014211099929,1.5497492601105067,0.5709659625837837
998,0.0.0.1.0.0.0.0.0.1.0.0.0.2.0.0.,2871827,8388608,1851339244044288,1246894220652521,1.5464625874199835,0.5702302020950627
999,0.0.3.0.0.0.0.0.0.0.0.0.0.1.0.0.,359015,1048576,231435726225408,155877679479845,1.546315403037068,0.570197227641417
1000,0.0.0.2.0.0.1.0.0.0.0.1.0.0.0.0.,1437535,4194304,926480615866368,624151135665805,1.5448343485584808,0.5698653778832936
1001,0.1.0.0.0.1.0.0.0.0.0.0.0.1.0.1.,2878021,8388608,1854436284563456,1249583541005983,1.5433543116742912,0.5695333438808365
1002,0.0.0.0.0.0.1.1.0.0.0.1.0.1.0.0.,2881939,8388608,1856394252779520,1251284664213097,1.541391631363322,0.5690930997303142
1003,0.0.0.0.0.0.0.0.0.0.1.0.0.3.0.0.,2883251,8388608,1857049906380800,1251854310371273,1.540734995267609,0.5689459142515457
1004,0.0.0.0.0.1.1.0.1.1.0.0.0.0.0.0.,2886301,8388608,1858574082899968,1253178564016423,1.53920967049903,0.5686041979618248
1005,0.1.0.0.0.0.0.0.0.0.0.1.2.0.0.0.,2886879,8388608,619620973150208,417809840312239,1.5389207906316362,0.5685395064585292
1006,0.0.0.0.0.0.0.0.0.0.2.1.1.0.0.0.,45119,131072,29050482458624,19589836136237,1.5385525276923113,0.5684567936264491
1007,0.0.0.2.0.1.0.0.0.0.0.0.0.1.0.0.,361471,1048576,232662958604288,156944029300333,1.5364796179011275,0.5679913981667031
1008,0.0.0.0.0.1.0.1.0.0.0.0.0.2.0.0.,2894525,8388608,1862679736090624,1256749272861575,1.5351048135043477,0.5676827883691543
1009,0.0.1.0.0.0.0.1.0.0.0.0.0.1.0.1.,1448953,4194304,84743899054080,57191692754129,1.5334206320312525,0.5673039014913667
1010,0.0.1.0.0.1.0.0.1.0.0.0.0.1.0.0.,1452079,4194304,933741560070144,630465871736317,1.5303114857389666,0.5666050207256182
1011,0.2.0.0.1.0.0.0.0.0.0.0.0.1.0.0.,726403,2097152,467051973967872,315390760851769,1.5295893646796999,0.5664427052615127
1012,0.0.0.1.0.0.0.0.1.2.0.0.0.0.0.0.,1453937,4194304,934667662393344,631272581006051,1.5284666729428737,0.5661903906993281
1013,0.0.0.0.0.0.1.0.1.0.1.1.0.0.0.0.,727653,2097152,467674911997952,315933487755519,1.5271088972900604,0.5658851733374559
1014,0.0.0.0.0.1.0.1.0.0.0.1.0.1.0.0.,2914491,8388608,624210548359168,421806047049931,1.5251874840924573,0.5654529592749629
1015,2.0.0.0.1.0.0.0.0.0.0.1.0.0.0.0.,2915357,8388608,1873062886637568,1265794142348711,1.5247588712316762,0.5653565411821271
1016,0.0.1.0.0.0.1.0.1.0.0.0.0.1.0.0.,365199,1048576,234520934612992,158562658018077,1.5216767106709987,0.5646636592577043
1017,0.0.1.0.0.0.0.0.0.2.0.0.0.1.0.0.,2922997,8388608,1876867019702272,1269111289184431,1.5209830822322858,0.5645078499830032
1018,0.0.0.0.2.0.0.0.0.0.1.1.0.0.0.0.,1461853,4194304,938610006163456,634709561942119,1.520633185619099,0.564429263388042
1019,0.1.0.0.0.0.0.0.0.1.1.1.0.0.0.0.,2924971,8388608,1877849761906688,1269968363510833,1.5200091096938315,0.5642890861165338
1020,0.0.0.0.0.0.1.0.1.0.2.0.0.0.0.0.,2926745,8388608,375746522513408,254147720306527,1.5191343778780897,0.5640924623074949
1021,0.0.1.0.0.0.1.0.0.0.1.0.0.0.1.0.,2927853,8388608,208809330999296,141246630517791,1.5185883092583863,0.5639697306240343
1022,0.1.0.0.0.0.1.0.0.1.1.0.0.0.0.0.,1464395,4194304,939875125690368,635813251373585,1.5181266778204288,0.5638660043408354
1023,0.0.0.0.0.0.0.1.2.0.0.0.0.0.0.1.,1465625,4194304,940487091421184,636347294646875,1.5169154130478117,0.5635937926380779
1024,0.0.0.0.0.0.0.0.0.0.0.3.0.1.0.0.,2931693,8388608,627064856117248,424295643902813,1.5166973949281302,0.5635447988779354
1025,0.0.0.0.1.1.0.0.1.0.0.1.0.0.0.0.,2935671,8388608,1883173541642240,1274614105806933,1.5147411359498202,0.563105424078774
1026,0.1.0.0.0.0.0.0.1.1.0.1.0.0.0.0.,2938853,8388608,1884756169981952,1275995671413119,1.5131782327872596,0.562754459761304
1027,0.0.1.1.0.0.0.0.0.0.0.2.0.0.0.0.,1469997,4194304,314220495241216,212748512088477,1.5126182198927842,0.5626282423595521
1028,0.1.0.0.0.0.1.0.0.0.0.0.0.2.0.0.,2942745,8388608,628896391233536,425895168633545,1.5112688979708708,0.5623239930546127
1029,1.0.0.0.0.0.1.0.0.0.0.0.0.1.0.1.,736373,2097152,472013307117568,319719550636079,1.5099227960511161,0.5620205663310369
1030,0.0.0.1.0.0.1.0.0.0.0.0.1.1.0.0.,368865,1048576,78781175824384,53384789160465,1.507266621111506,0.5614222138611964
1031,0.0.1.1.0.0.0.0.0.0.0.0.0.1.1.0.,1477191,4194304,315411123929088,213789679380631,1.5055750528212608,0.5610413328795134
1032,1.0.0.0.0.0.1.0.1.0.0.0.0.0.0.1.,2956845,8388608,631229732880384,427935821791645,1.5043728123756337,0.5607707127635976
1033,0.0.0.0.0.0.0.1.0.0.1.0.1.0.0.1.,2958301,8388608,1894411826888704,1284439633672423,1.503662580025677,0.5606109051223643
1034,0.0.0.2.0.1.1.0.0.0.0.0.0.0.0.0.,740407,2097152,12811233132544,8688406456753,1.5020409906767604,0.5602458462613045
1035,0.1.0.0.0.1.0.0.0.0.1.0.0.1.0.0.,2964715,8388608,1897591914627072,1287224473960945,1.500538006460685,0.5599061065354728
1036,0.0.0.1.0.0.0.1.0.0.0.2.0.0.0.0.,1483195,4194304,949210622984192,643975864005985,1.4997231450620983,0.5597216287429394
1037,0.0.0.1.1.0.1.0.0.1.0.0.0.0.0.0.,1485151,4194304,950179079389184,644825123064973,1.4978218088240578,0.5592914886181887
1038,0.0.0.0.0.2.1.0.0.0.1.0.0.0.0.0.,742741,2097152,475171479617536,322484418574543,1.4975003069350594,0.5592187906227998
1039,0.0.0.0.1.0.0.1.1.0.0.0.0.0.1.0.,2974111,8388608,1902242844114944,1291304043551053,1.4959729379051518,0.5588727053731081
1040,0.0.0.1.1.0.0.0.0.0.1.0.0.1.0.0.,2979539,8388608,1904928205307904,1293660780857897,1.4933422992711445,0.5582772565786233
1041,0.0.1.0.1.0.1.0.1.0.0.0.0.0.0.0.,372831,1048576,238308259004416,161876331401613,1.4918377039645347,0.5579368928682018
1042,0.0.1.1.0.0.0.1.0.0.0.0.0.1.0.0.,1494209,4194304,954659569139712,648757939300307,1.4890494738639168,0.5573060720880056
1043,0.0.2.0.0.0.0.0.0.0.0.0.0.1.1.0.,747321,2097152,159145596551168,108157656649961,1.4886314624226806,0.5572114395926671
1044,0.0.0.1.0.1.0.0.0.0.0.1.1.0.0.0.,2991751,8388608,1910965989801984,1298963005616773,1.4874413243052098,0.5569417588358537
1045,1.0.0.0.0.0.0.0.0.1.1.0.0.1.0.0.,2994769,8388608,1912456611889152,1300273365453187,1.4859867049262507,0.5566120547100509
1046,0.0.0.0.0.0.0.1.1.0.1.1.0.0.0.0.,2997819,8388608,1913962266361856,1301597619098337,1.484518150687361,0.5562788703416788
1047,0.1.0.0.0.0.2.0.0.0.1.0.0.0.0.0.,1499209,4194304,957128923676672,650928846915307,1.4842299118027515,0.5562134155284033
1048,0.0.0.0.1.1.1.0.0.0.1.0.0.0.0.0.,749975,2097152,95749446565888,65125057542385,1.4835170205908812,0.5560514061393635
1049,0.0.1.2.0.0.0.1.0.0.0.0.0.0.0.0.,750615,2097152,479062912925696,325903163886645,1.4822864047902244,0.5557717723843345
1050,0.0.1.0.0.0.0.0.1.1.0.1.0.0.0.0.,1502833,4194304,958916385046528,652502320754659,1.4807467297767207,0.5554219886403309
1051,0.0.1.0.0.0.0.1.0.0.0.0.0.1.1.0.,3008601,8388608,639760058023936,435426321426441,1.479338641216255,0.5551023030910536
1052,1.0.0.1.0.0.1.1.0.0.0.0.0.0.0.0.,3011619,8388608,1920768111804416,1307589324115737,1.4778921645100398,0.5547738542509527
1053,1.0.1.1.0.0.0.0.0.1.0.0.0.0.0.0.,753609,2097152,160179727368192,109067701122169,1.476543331077148,0.5544676383414514
1054,0.0.0.0.1.0.0.1.1.1.0.0.0.0.0.0.,754397,2097152,480927608209408,327545238406631,1.475035586683965,0.5541255721626902
1055,0.0.1.0.0.0.0.0.0.0.2.0.0.1.0.0.,377369,1048576,240547790848000,163846647152987,1.474383611854257,0.5539773991562909
1056,0.1.0.0.0.1.0.0.2.0.0.0.0.0.0.0.,1511039,4194304,962960969170944,656065214332397,1.4728905336539007,0.553638094748808
1057,0.0.0.0.0.2.1.0.0.0.0.0.0.1.0.0.,377953,1048576,240835419439104,164100209162419,1.4721526849865891,0.553470505792567
1058,0.0.0.0.0.1.0.1.1.0.0.0.1.0.0.0.,3025915,8388608,1927811321298944,1313796383168545,1.4710599688319579,0.553222160082735
1059,1.0.0.0.0.2.0.0.0.0.0.0.1.0.0.0.,756611,2097152,482017942700032,328506516298553,1.470807774380646,0.55316486220653
1060,0.1.0.0.0.2.0.0.0.0.0.0.1.0.0.0.,3027083,8388608,1928386377154560,1314303507187409,1.4705031975167608,0.5530956728463932
1061,1.0.0.0.0.1.0.1.0.0.0.0.0.1.0.0.,1515013,4194304,964916890566656,657790651704799,1.469101257469306,0.552776181469361
1062,0.1.0.1.0.0.0.0.0.0.1.0.0.0.0.1.,1516413,4194304,965605427511296,658398505836999,1.4677687009755365,0.552472723544739
1063,0.0.0.1.0.0.0.0.0.0.0.1.0.1.1.0.,1518885,4194304,966820970364928,659471802561855,1.4654187880974154,0.5519377909216393
1064,0.0.0.1.0.1.0.0.0.0.0.1.0.0.0.1.,5939,16384,3779522756608,2578604065097,1.4639956827114504,0.5516138059140582
1065,0.1.0.0.1.1.0.0.1.0.0.0.0.0.0.0.,1521619,4194304,968164624039936,660658854845737,1.462824264752042,0.5513468822913156
1066,0.0.0.1.0.1.0.1.0.0.0.1.0.0.0.0.,761737,2097152,484537981206528,330732130785451,1.4610665518467931,0.550946546944286
1067,1.0.1.0.0.1.0.0.0.0.0.1.0.0.0.0.,1524375,4194304,1551229779968,1058968734597,1.4602135776543668,0.5507524099071871
1068,0.0.0.1.0.0.0.1.0.0.0.0.1.1.0.0.,3055287,8388608,647415367467008,442183054287367,1.4571235239447637,0.5500478726545412
1069,0.0.0.1.0.0.0.1.0.0.0.0.0.2.0.0.,3062509,8388608,1945791128141824,1329684821821207,1.4537173468099926,0.5492725306533248
1070,0.0.0.0.0.1.0.0.1.0.0.0.0.1.1.0.,767359,2097152,487297531248640,333173099307757,1.4504578417755367,0.5485309926279669
1071,0.0.1.1.0.0.0.0.0.0.0.0.1.1.0.0.,384301,1048576,243953657970688,166856393470423,1.4481227950819004,0.5480001483424906
1072,1.1.0.1.0.0.0.0.0.0.0.0.0.0.1.0.,1538141,4194304,976274294046720,667832401968743,1.4472436707591707,0.5478004524288757
1073,0.1.0.0.0.0.0.0.0.0.0.0.1.1.0.1.,769691,2097152,488441519276032,334185610619393,1.4460801475992875,0.5475362246742396
1074,0.0.0.1.0.1.0.0.0.1.0.0.0.1.0.0.,3084629,8388608,1956642899886080,1339288917109967,1.4433344492578721,0.5469132601615516
1075,0.2.0.0.0.0.0.0.0.0.0.2.0.0.0.0.,3085047,8388608,652282639155200,446490134995527,1.4431389619979205,0.5468689309644873
1076,0.0.0.1.0.0.0.0.0.1.0.1.1.0.0.0.,385973,1048576,244773761843200,167582344976879,1.4418595955011932,0.546578751584549
1077,0.0.0.1.0.0.0.1.0.0.0.1.1.0.0.0.,1545559,4194304,979912366227456,671053160506357,1.4403027021459918,0.546225673915462
1078,0.0.0.0.0.0.0.0.1.1.0.1.0.0.1.0.,3093885,8388608,392236227362816,268661540257371,1.4390118580042968,0.5459329807512027
1079,0.0.0.0.0.1.0.0.0.0.0.0.0.1.0.2.,773799,2097152,490455942823936,335969228315877,1.4384006612121094,0.5457944448961338
1080,0.1.0.1.1.0.0.0.0.1.0.0.0.0.0.0.,387335,1048576,245441427931136,168173700211205,1.4367776548579094,0.5454266734576971
1081,0.0.0.0.0.2.1.0.0.0.0.1.0.0.0.0.,3099241,8388608,1963806301356032,1345633177524043,1.4365164860175357,0.5453674556699873
1082,0.1.0.0.0.0.2.0.1.0.0.0.0.0.0.0.,1550101,4194304,982138434355200,673025212983823,1.4360692103686108,0.5452658372601819
1083,0.1.0.1.0.0.0.0.0.0.0.0.1.0.0.1.,3103063,8388608,1965676759613440,1347292619304949,1.4347384431662922,0.5449628764596823
1084,2.1.0.0.0.0.0.0.0.0.0.0.0.0.1.0.,3103423,8388608,1965852853272576,1347448924653229,1.4345710794711828,0.5449247497150487
1085,0.0.0.1.0.1.1.0.0.0.0.0.0.0.0.1.,776521,2097152,491788557090816,337151070421483,1.433334584612957,0.5446429886873098
1086,0.0.1.1.0.0.0.0.0.1.0.0.0.1.0.0.,3112391,8388608,1970234860765184,1351342664551493,1.430408117676004,0.5439740654654127
1087,0.1.0.0.0.0.1.1.0.0.1.0.0.0.0.0.,3113487,8388608,1970769986846720,1351818527500701,1.4299001752520928,0.5438579133481256
1088,0.0.0.0.0.1.0.0.2.0.0.0.0.0.1.0.,1558641,4194304,140901628248064,96676160455749,1.4281427586772848,0.5434562014474175
1089,0.1.0.0.0.1.0.0.1.1.0.0.0.0.0.0.,3119773,8388608,1973838606761984,1354547792554279,1.4269903707192069,0.5431927338633857
1090,0.0.0.1.1.0.0.0.0.0.0.0.0.0.0.2.,1560469,4194304,987203576528896,677526807014287,1.426451733457472,0.5430695919770883
1091,1.0.0.0.1.1.0.0.0.0.0.1.0.0.0.0.,3121963,8388608,1974907214757888,1355498650089649,1.4259779913846125,0.5429611976438775
1092,0.0.0.0.0.0.0.0.0.0.2.0.0.0.0.2.,3122379,8388608,658370050654208,451893089867739,1.4257857658025102,0.5429172126754033
1093,0.0.0.0.0.1.0.0.1.0.0.1.1.0.0.0.,3126357,8388608,659016711667712,452468814567237,1.4239489009876276,0.5424966892705473
1094,1.0.0.0.0.0.0.0.0.0.1.0.0.0.0.2.,3126749,8388608,1977241261047808,1357576642858727,1.4237680192124684,0.5424552694466864
1095,0.0.0.0.0.1.0.0.0.2.0.0.0.0.1.0.,3127641,8388608,1977676126486528,1357963932777243,1.4233565053845179,0.5423610205084659
1096,0.0.0.0.0.1.3.0.0.0.0.0.0.0.0.0.,3127879,8388608,1977792090603520,1358067267979717,1.4232467266866966,0.5423358339991652
1097,0.0.0.0.0.2.0.0.1.0.0.0.0.0.0.1.,1564523,4194304,989180318449664,679286978908529,1.4227085629298222,0.542212335187566
1098,0.0.0.0.1.1.0.0.1.0.1.0.0.0.0.0.,783133,2097152,495014723452928,340021878651559,1.4211021833775312,0.5418438572558406
1099,2.0.0.0.0.0.0.0.0.0.1.1.0.0.0.0.,1566595,4194304,198037930508288,136037320604837,1.4207991717404385,0.5417742822890111
1100,0.0.0.0.0.1.0.0.0.2.0.0.1.0.0.0.,3133847,8388608,1980699078819840,1360658463308981,1.420496684091064,0.5417047291795821
1101,0.0.0.1.0.0.0.1.0.0.0.0.0.0.1.1.,3136985,8388608,1982226342346752,1362020924928155,1.419052799956966,0.5413728395401183
1102,2.0.0.0.2.0.0.0.0.0.0.0.0.0.0.0.,784319,2097152,495591985512448,340536817937837,1.4189189756684324,0.5413420700283409
1103,1.0.0.0.0.0.0.0.0.1.0.1.0.1.0.0.,196251,524288,123981312032768,85208558070273,1.4176595202653428,0.541052434067605
1104,0.1.0.1.1.0.0.0.0.0.1.0.0.0.0.0.,3143361,8388608,1985328248258560,1364789266318803,1.416123462388294,0.5406993525644805
1105,0.0.0.1.0.0.0.0.1.0.0.0.2.0.0.0.,3146957,8388608,1987077575016448,1366350583075511,1.4144739648804758,0.5403204932109275
1106,2.0.0.0.0.0.0.0.1.0.0.0.0.0.0.1.,3149029,8388608,1988085281718272,1367250207191167,1.4135243870915037,0.5401023639411379
1107,0.0.0.0.0.0.2.0.1.0.1.0.0.0.0.0.,3150803,8388608,1988947697729536,1368020445212969,1.412711876195916,0.5399155472897599
1108,1.0.0.0.0.1.0.0.1.0.0.0.1.0.0.0.,3152823,8388608,1989929634627584,1368897491889429,1.4117872515172476,0.5397030006188845
1109,0.0.0.0.0.1.0.0.0.0.0.1.0.2.0.0.,3155359,8388608,1991161753370624,1369998576231757,1.4106272739450096,0.5394360302569228
1110,1.0.0.1.0.1.0.0.0.0.0.0.0.1.0.0.,3161259,8388608,664676035723264,457520082405819,1.4079321914763165,0.5388162693007776
1111,0.0.0.2.1.1.0.0.0.0.0.0.0.0.0.0.,3163513,8388608,1995123055394816,1373538892370299,1.4069039062638757,0.5385799703277993
1112,0.0.0.1.0.2.0.0.0.0.0.0.0.0.1.0.,3164705,8388608,399140420845568,274811287349143,1.4063604064953539,0.5384551262769725
1113,0.1.1.1.0.1.0.0.0.0.0.0.0.0.0.0.,3167071,8388608,1996851142197248,1375083710229133,1.4052822203353839,0.5382073417791516
1114,0.0.1.0.1.0.0.0.0.0.0.0.2.0.0.0.,98987,262144,62409382821888,42978326417201,1.4050485525010366,0.5381536395929726
1115,0.1.0.0.1.0.0.0.0.0.0.0.0.1.0.1.,3170445,8388608,666163134595072,458849546229245,1.403746081088447,0.5378543367226056
1116,0.0.0.1.0.1.1.0.0.0.1.0.0.0.0.0.,3174193,8388608,2000308859305984,1378175951035939,1.4020415798569397,0.5374626897364848
1117,0.0.0.1.0.0.1.0.1.1.0.0.0.0.0.0.,198809,524288,125223910244352,86319194406107,1.3989764569855863,0.5367567509439494
1118,1.0.0.0.0.1.0.0.1.0.0.0.0.0.1.0.,3183435,8388608,2004790456352768,1382188656671505,1.3978471233835599,0.5364969075223918
1119,0.0.0.0.1.0.0.0.1.0.0.1.0.0.0.1.,3185983,8388608,2006025796321280,1383294951192109,1.3966928618292787,0.5362313523014174
1120,0.0.2.0.0.0.0.1.0.0.0.0.0.0.0.1.,3186853,8388608,2006447374204928,1383672689117119,1.396298957233783,0.5361406065301566
1121,0.0.0.0.1.1.0.1.0.0.0.0.0.0.0.1.,3188113,8388608,24181420851200,16677346479953,1.395728665321578,0.5360092559895454
1122,0.0.0.0.0.0.0.2.1.0.0.0.0.0.0.1.,3189303,8388608,2007634530009088,1384736433848469,1.3951902632105715,0.5358852602373744
1123,1.0.0.0.0.0.0.1.0.1.0.0.0.1.0.0.,3193023,8388608,2009436671442944,1386351589114029,1.3935084857019153,0.5354979286340268
1124,0.0.0.0.1.0.0.1.0.0.1.0.0.0.0.1.,798623,2097152,502537006350336,346747350442829,1.3928449039952797,0.5353449801973508
1125,1.1.0.0.0.0.0.0.0.0.1.0.0.0.0.1.,1597557,4194304,335074868330496,231209910446437,1.39256402397912,0.5352802459315296
1126,1.1.0.0.0.0.0.1.0.0.0.0.0.1.0.0.,1599003,4194304,111769401950208,77139728646841,1.3912587851152027,0.53497931314186
1127,0.0.0.0.0.2.0.0.0.0.1.0.0.0.0.1.,3198807,8388608,670745596264448,462954298347687,1.3908974805925314,0.534895896211289
1128,0.0.0.0.0.0.2.0.1.0.0.0.0.1.0.0.,3201723,8388608,2013647417114624,1390128968364129,1.3895829335064953,0.5345923601046282
1129,0.0.0.1.1.0.0.0.0.0.0.0.1.1.0.0.,3207011,8388608,2016204264833024,1392424920257753,1.3872021284652611,0.534042268603126
1130,0.0.0.0.0.0.0.1.0.0.1.0.1.1.0.0.,3210923,8388608,2018095526838272,1394123438375729,1.385443361952882,0.5336361603743517
1131,0.0.0.1.0.0.0.0.1.0.0.1.0.0.1.0.,3217175,8388608,2021117304766464,1396837941257525,1.3826370163620894,0.5329884060867225
1132,0.0.0.0.0.0.1.0.0.0.2.0.1.0.0.0.,804493,2097152,505375627411456,349295995982839,1.382279657640224,0.5329059845077858
1133,1.1.0.0.0.0.0.0.0.0.0.2.0.0.0.0.,402339,1048576,252732508209152,174688159782297,1.3819479357986793,0.5328294187643122
1134,0.1.0.0.1.0.1.0.0.1.0.0.0.0.0.0.,402521,1048576,252820404043776,174767180819483,1.3812954732538463,0.5326786124573573
1135,1.0.0.0.2.0.0.1.0.0.0.0.0.0.0.0.,3220773,8388608,2022855290126336,1398400126377279,1.3810244474822067,0.5326158965570766
1136,0.0.2.0.0.0.0.1.0.1.0.0.0.0.0.0.,3221327,8388608,2023122651840512,1398640662941021,1.3807763131612174,0.5325584313031259
1137,0.0.0.0.0.2.0.0.0.1.0.0.0.0.0.1.,3222079,8388608,2023485475913728,1398967167446317,1.3804395637229003,0.5324803896398248
1138,0.0.0.1.1.0.0.0.1.0.0.0.0.0.1.0.,1614235,4194304,202656899399680,140174202155981,1.3775808095228281,0.5318184340949508
1139,0.0.1.0.0.1.0.1.0.1.0.0.0.0.0.0.,1614983,4194304,1013645274251264,701195778559109,1.3769124521001423,0.5316636529850233
1140,0.0.0.0.0.0.0.0.1.0.0.0.0.1.2.0.,1616781,4194304,1014511918120960,701976436937463,1.3753071579319087,0.5312913035745503
1141,1.0.0.0.1.0.0.0.1.0.0.0.0.0.0.1.,809131,2097152,16374608953344,11332571931823,1.3739862286553448,0.5309851351079954
1142,0.0.0.0.0.0.1.0.0.0.0.0.1.1.0.1.,3239869,8388608,2032063733563392,1406691256740487,1.3724959499335654,0.5306399335674996
1143,1.0.1.1.0.0.0.0.0.0.0.0.0.0.0.1.,3241435,8388608,2032817902977024,1407371185005505,1.3717987876100588,0.5304781061357844
1144,0.0.0.0.1.0.0.1.1.0.0.1.0.0.0.0.,3243859,8388608,2033984053706752,1408423641017257,1.3707203190188224,0.5302270198162883
1145,0.0.0.1.0.1.1.0.0.0.0.0.1.0.0.0.,50731,131072,31802986594304,22026462843313,1.369420021565931,0.5299244182440521
1146,0.0.0.0.0.0.1.0.0.0.1.1.0.1.0.0.,812633,2097152,509298471862272,352830233580059,1.3677555737807159,0.5295371995500766
1147,0.0.0.1.0.1.0.0.0.0.1.0.0.1.0.0.,3256011,8388608,2039828078133248,1413699814884753,1.3653258571101663,0.5289717526321535
1148,1.0.0.0.1.0.0.1.0.1.0.0.0.0.0.0.,203593,524288,127533613842432,88396318812139,1.3646715665017188,0.5288193499624899
1149,0.0.0.0.1.0.0.0.1.0.0.0.1.1.0.0.,816245,2097152,511034443956224,354398497241135,1.3613572762668125,0.5280480463140915
1150,1.1.0.0.0.0.0.0.0.0.0.0.2.0.0.0.,816395,2097152,102221303775232,70892724893917,1.3610921789315245,0.5279864084496937
1151,1.0.0.0.0.1.0.0.1.1.0.0.0.0.0.0.,1634045,4194304,1022815943786496,709472146750535,1.3599837162357438,0.5277286032054014
1152,0.0.1.0.0.0.0.0.0.0.0.0.1.2.0.0.,1635259,4194304,1023399119814656,709999243119457,1.358912276039213,0.5274795058813648
1153,1.0.0.0.0.0.0.0.0.0.1.0.1.0.1.0.,1636069,4194304,1023788217008128,710350930153087,1.3581978365167917,0.527313475962802
1154,0.0.0.0.0.0.0.0.0.0.0.0.1.2.0.1.,818625,2097152,512177677008896,355431849265875,1.3571567996259657,0.5270714121360067
1155,0.0.0.0.0.0.0.3.0.0.0.0.0.1.0.0.,1637439,4194304,341482028400640,236981919613199,1.3569902681702881,0.5270326601976364
1156,0.0.1.0.0.0.0.0.1.0.0.0.0.0.0.2.,818959,2097152,512338000084992,355576865894557,1.3565682983334046,0.5269344360155503
1157,0.1.1.0.0.0.0.0.0.1.0.0.0.1.0.0.,1639487,4194304,1025428693188608,711834962598701,1.3551869684751288,0.5266124730643315
1158,1.0.0.0.1.0.0.1.0.0.0.0.0.0.0.1.,820157,2097152,512912602955776,356097015359111,1.3544594189536177,0.5264426769700452
1159,0.0.0.0.0.0.0.0.0.2.0.1.0.1.0.0.,1641063,4194304,342061412777984,237506410892983,1.3538008060576339,0.5262889099967281
1160,0.1.0.0.2.0.0.0.0.0.0.0.0.1.0.0.,1641469,4194304,1026378786930688,712695510377287,1.353443926557548,0.5262055171502639
1161,0.0.1.0.0.0.2.0.0.0.1.0.0.0.0.0.,205241,524288,128324829446144,89111849962043,1.3530405656309943,0.5261111460237875
1162,0.0.1.0.0.1.0.0.1.1.0.0.0.0.0.0.,821737,2097152,73381336580096,50969003166493,1.3516827977244534,0.5257930445112902
1163,0.0.0.0.1.0.0.0.0.0.0.2.0.0.0.1.,3287587,8388608,2054983306444800,1427409530655001,1.3514023574700382,0.5257273639491303
1164,0.0.0.0.0.1.0.0.0.0.1.2.0.0.0.0.,822037,2097152,513812935475200,356913276622351,1.3511561942898302,0.525669642790931
1165,0.2.0.0.0.0.0.0.0.1.1.0.0.0.0.0.,3288813,8388608,685189856493568,475980612400733,1.3508644509738943,0.5256009830096793
1166,0.0.0.0.1.0.0.0.0.0.0.0.0.2.0.1.,1645967,4194304,1028530364219392,714648458867741,1.3494960192258876,0.5252787370709635
1167,0.0.1.0.0.0.0.1.0.0.0.0.0.0.1.1.,205845,524288,128613615665152,89374095601935,1.3488011197158196,0.5251147385048162
1168,0.1.1.0.1.1.0.0.0.0.0.0.0.0.0.0.,3294825,8388608,2058440620900352,1430552136518475,1.3482295901274381,0.5249797546658238
1169,0.1.0.0.1.0.0.0.1.0.0.0.1.0.0.0.,1648719,4194304,1029843584024576,715843326419037,1.3470858971833708,0.5247094622265005
1170,0.0.0.1.0.0.0.0.0.0.0.2.0.1.0.0.,1649979,4194304,1030444074139648,716390395138017,1.3459837678948299,0.5244483068982851
1171,1.0.0.0.0.1.1.0.0.0.0.0.0.0.0.1.,412675,1048576,257696901103616,179175860004025,1.3453534835557437,0.5242989092383799
1172,0.0.0.1.0.0.0.0.0.2.0.0.1.0.0.0.,3302799,8388608,687413911355392,478004766660959,1.3447422571549663,0.5241540433361861
1173,0.0.0.1.0.0.1.1.0.0.0.0.1.0.0.0.,25827,65536,5374213881856,3737868731507,1.3434075471255988,0.5238378339443781
1174,0.1.0.0.1.0.0.0.1.0.0.1.0.0.0.0.,3308423,8388608,2064920887689216,1436456136868229,1.3422877279114716,0.5235725695270929
1175,1.0.0.1.0.1.0.0.0.0.0.0.0.0.0.1.,3310823,8388608,2066064020078592,1437498172523429,1.3412415458388116,0.5233248369807076
1176,1.0.0.0.1.0.0.0.0.0.0.0.0.1.0.1.,3313501,8388608,2067339356930048,1438660910642023,1.3400750758624107,0.5230486368578028
1177,0.2.0.0.0.1.0.0.0.1.0.0.0.0.0.0.,3314261,8388608,2067701207924736,1438990888599503,1.339744210561007,0.5229702675736553
1178,0.0.0.2.1.0.0.0.0.0.0.0.0.0.1.0.,3316689,8388608,2068856688345088,1440045081337347,1.3386876911434795,0.522719735142142
1179,0.0.0.2.0.0.0.0.1.1.0.0.0.0.0.0.,3322743,8388608,2071737269223424,1442673616277589,1.3360567196392548,0.5220961087005317
1180,1.0.0.0.0.1.0.0.0.0.1.0.1.0.0.0.,830983,2097152,518075749236736,360797464527109,1.3355405624864183,0.5219738534086152
1181,0.0.0.1.0.1.0.1.0.0.1.0.0.0.0.0.,3327833,8388608,2074158959689728,1444883600229659,1.3338483938665928,0.5215731899090135
1182,0.0.0.0.0.0.1.0.0.0.1.0.0.2.0.0.,1665523,4194304,1037843195494400,723139312731529,1.332456153663366,0.5212429736964499
1183,0.0.0.0.0.1.0.0.0.0.0.0.0.2.0.1.,1667359,4194304,1038715476508672,723936470007757,1.330866665428854,0.5208655249622285
1184,0.0.0.0.0.0.1.0.1.0.1.0.0.1.0.0.,1670901,4194304,1040398264827904,725474340962223,1.3278051736622252,0.5201394041230172
1185,1.0.1.0.0.0.1.0.0.0.0.0.0.0.1.0.,3343461,8388608,2081584521936896,1451668989071103,1.327089141661101,0.5199696135907419
1186,0.0.0.1.0.0.0.0.0.0.0.1.0.0.0.2.,3344865,8388608,416450263121920,290455715985879,1.3264834463444672,0.5198259825680241
1187,1.0.1.0.0.0.0.0.0.0.0.0.0.1.0.1.,3346739,8388608,2083141095260160,1453092236103497,1.3256753858025383,0.5196342772609691
1188,0.1.2.0.0.0.0.0.0.0.0.0.0.0.1.0.,3346989,8388608,2083259743731712,1453200781484247,1.3255676211128498,0.519608681123073
1189,0.0.0.1.0.1.0.1.0.0.0.0.1.0.0.0.,1675175,4194304,41697094402048,29093201311661,1.3241196136461577,0.5192648010178568
1190,0.1.0.0.0.0.0.0.1.0.0.0.1.1.0.0.,839133,2097152,521946735312896,364336043939559,1.321460034047597,0.5186328585616071
1191,0.0.0.1.1.1.0.0.0.1.0.0.0.0.0.0.,3360287,8388608,2089567440076800,1458974527377101,1.319846972733038,0.5182496268217095
1192,0.0.0.1.0.0.0.0.0.1.1.1.0.0.0.0.,3363291,8388608,2090991490170880,1460278808672193,1.318557820977469,0.5179433436836857
1193,0.1.0.1.0.1.0.0.0.0.1.0.0.0.0.0.,420835,1048576,15386747600896,10748163601865,1.3171048299001376,0.5175981254142589
1194,0.0.0.0.0.0.0.0.1.0.1.1.1.0.0.0.,3369319,8388608,2093847509204992,1462896054892837,1.3159744044331219,0.5173291140722246
1195,0.0.0.1.0.0.0.1.0.1.0.1.0.0.0.0.,843189,2097152,523868657680384,366097084196847,1.3145034794478385,0.5169788669352782
1196,0.0.0.0.0.0.0.0.0.0.2.0.0.1.0.1.,3374269,8388608,2096190816518144,1465045253431687,1.3138564394165793,0.516824823170148
1197,0.1.0.2.0.0.0.0.0.0.1.0.0.0.0.0.,3377707,8388608,2097817971589120,1466537969507761,1.3123872440345956,0.5164750764054842
1198,0.0.2.0.1.0.0.0.0.0.1.0.0.0.0.0.,844623,2097152,524547371565056,366719700500829,1.3120519917389797,0.5163952966658177
1199,0.0.0.0.0.1.0.0.0.1.0.1.0.1.0.0.,1691101,4194304,1049972585791488,734244807726823,1.310468604252734,0.5160185968456905
1200,0.1.0.0.0.2.0.1.0.0.0.0.0.0.0.0.,422865,1048576,262535605387264,183600169723395,1.3101623702947218,0.5159457036379579
1201,0.0.0.1.0.1.2.0.0.0.0.0.0.0.0.0.,3384519,8388608,2101041025777664,1469495614042437,1.309480614784754,0.5157832799044934
1202,0.0.0.0.0.0.0.2.0.0.0.0.1.1.0.0.,3386391,8388608,2101926191693824,1470308401853493,1.30868287114753,0.5155932138580819
1203,1.0.0.1.0.0.0.0.0.0.1.0.0.0.0.1.,847317,2097152,525821252993024,367889385523791,1.307457710943311,0.5153004031841035
1204,0.1.0.0.0.1.0.1.0.0.0.1.0.0.0.0.,3390641,8388608,2103933417816064,1472153673326243,1.306873390322424,0.5151607715750154
1205,1.0.0.0.0.0.1.0.0.0.0.0.2.0.0.0.,3391267,8388608,2104228965253120,1472425470959641,1.3066070560996177,0.5150970839155666
1206,0.0.0.0.1.0.0.0.1.0.0.0.0.1.1.0.,849511,2097152,526857078308864,368841979785253,1.3037268971146057,0.5144087862577347
1207,0.0.0.0.0.0.0.1.1.0.0.1.0.0.1.0.,212571,524288,43935166627840,30764800175211,1.3024147349497743,0.5140955435744377
1208,0.0.0.0.0.0.0.1.0.0.0.2.0.0.0.1.,212613,524288,131825323212800,92312636149599,1.3021297139145782,0.5140274851733081
1209,0.0.0.0.0.0.0.0.0.1.0.1.0.0.0.2.,425325,1048576,263697354194944,184668256269975,1.301793868539773,0.5139472018459573
1210,0.0.0.0.0.0.0.1.0.0.0.1.1.0.0.1.,851005,2097152,527562145005568,369490646980615,1.3011919172077513,0.5138032028488686
1211,0.0.0.0.0.1.0.2.1.0.0.0.0.0.0.0.,1702997,4194304,1055589757091840,739409831124431,1.3003555371091267,0.5136031259584749
1212,0.0.0.1.0.1.0.0.0.1.0.1.0.0.0.0.,3409873,8388608,2113008029401088,1480503852376579,1.2987134232979876,0.5132100049886289
1213,1.0.0.0.0.0.0.0.0.1.0.0.0.1.0.1.,853297,2097152,528642648047616,370485791031331,1.2973115497292602,0.5128746055847829
1214,0.0.1.0.0.0.0.1.1.0.0.0.1.0.0.0.,1708247,4194304,1058064295788544,741689284120181,1.2959148375023342,0.5125404685931857
1215,0.0.0.1.0.0.1.0.0.1.0.0.0.1.0.0.,1711285,4194304,1059495425867776,743008327587055,1.2933513822181817,0.5119270736179954
1216,1.0.0.0.0.0.1.1.1.0.0.0.0.0.0.0.,3424483,8388608,2119891989561344,1486847244427609,1.2925452322774607,0.511734324490973
1217,0.0.0.0.0.0.0.0.1.1.1.0.1.0.0.0.,3427705,8388608,2121409723629568,1488246177294715,1.2911884791456634,0.5114100975292752
1218,1.0.1.1.0.0.0.1.0.0.0.0.0.0.0.0.,3431015,8388608,424593705664512,297936663627169,1.2897959974709292,0.5110773140095634
1219,0.0.1.0.0.0.0.0.2.0.0.1.0.0.0.0.,1717405,4194304,1062377684467712,745665518507815,1.2882011335652082,0.5106962136654317
1220,0.0.0.0.0.1.0.2.0.0.0.0.0.0.0.1.,3435483,8388608,708357379850240,497207747060203,1.2879184865905815,0.510628635841598
1221,0.1.0.1.0.1.0.0.0.0.0.0.0.0.1.0.,1719271,4194304,1063255879450624,746475701229733,1.2866344632064948,0.5103216280012514
1222,0.0.0.0.2.0.0.2.0.0.0.0.0.0.0.0.,859723,2097152,531669111013376,373275841498129,1.2864876226072983,0.5102865108627856
1223,0.0.0.0.1.1.0.0.0.1.0.0.0.0.0.1.,430045,1048576,265920891060224,186717593058535,1.2858718939344214,0.5101392527127305
1224,0.2.0.0.0.0.0.0.0.0.2.0.0.0.0.0.,53761,131072,33242639499264,23342032858003,1.285727646738209,0.510104727254298
1225,0.0.0.0.0.0.0.0.0.0.0.3.0.0.1.0.,3440913,8388608,709209058443264,497993615616833,1.2856400152226397,0.5100837165629772
1226,0.0.0.0.0.0.0.1.1.0.0.0.1.0.0.1.,3443393,8388608,2128792453644288,1495057617027539,1.2846005832577692,0.5098342167167049
1227,0.0.0.0.0.0.0.0.1.0.0.1.2.0.0.0.,1722391,4194304,1064722510118912,747830347581493,1.284018744544625,0.5096945584134079
1228,0.0.0.0.0.0.0.0.0.0.0.2.0.2.0.0.,1723049,4194304,1065031613546496,748116039023627,1.2834677012245,0.5095622883030853
1229,0.1.0.2.0.0.0.0.0.0.0.0.0.0.0.1.,3447625,8388608,2130780486631424,1496895073232875,1.282828570420008,0.5094088766933936
1230,0.0.2.1.0.0.0.1.0.0.0.0.0.0.0.0.,1724575,4194304,1065748336214016,748778600027725,1.2821905591833902,0.5092556944194583
1231,1.0.0.0.1.0.0.0.0.0.2.0.0.0.0.0.,1724903,4194304,1065902283948032,748921011567269,1.2819161965262937,0.5091897145345725
1232,0.0.0.0.0.1.1.2.0.0.0.0.0.0.0.0.,3450399,8388608,2132082667028480,1498099492777677,1.2816682276148328,0.5091299364535328
1233,0.0.0.0.0.0.0.1.0.1.0.1.0.1.0.0.,3454155,8388608,2133843872055296,1499730278578065,1.2800986075906886,0.5087515614633852
1234,1.0.0.0.0.0.0.0.1.0.0.1.0.0.1.0.,864129,2097152,533737624305664,375188845288467,1.2791128268686531,0.5085137777347526
1235,0.2.1.0.0.0.0.0.0.0.0.0.0.1.0.0.,1728679,4194304,1067672548671488,750560480998117,1.2787614322003575,0.5084290098728375
1236,0.0.1.0.0.0.0.0.0.0.0.1.0.1.0.1.,3460417,8388608,2136778609786880,1502449123275091,1.2774855293507488,0.5081213006024742
1237,0.0.0.1.0.0.0.0.0.1.0.0.0.0.0.2.,1730945,4194304,213746848890880,150308867265847,1.2768715462300049,0.5079730300031018
1238,0.2.0.0.0.0.1.0.0.0.0.0.0.0.0.1.,216395,524288,26720872693760,18790942133917,1.276692360772493,0.5079297245360886
1239,0.0.0.2.0.1.0.0.0.1.0.0.0.0.0.0.,1732701,4194304,1069555858276352,752306759083623,1.2754087104154608,0.5076188727942123
1240,0.2.0.0.0.0.0.0.1.0.1.0.0.0.0.0.,3466685,8388608,427942387646464,301034114612251,1.2748746785261913,0.5074895955366638
1241,1.0.0.0.0.0.1.2.0.0.0.0.0.0.0.0.,1733533,4194304,326501400576,229682025667,1.2747161303432144,0.5074512209613536
1242,1.0.0.0.0.0.0.1.0.0.0.1.1.0.0.0.,216763,524288,133776522870784,94114489470049,1.2742410062885379,0.507336195816779
1243,0.0.0.0.0.0.1.1.0.0.0.0.1.1.0.0.,3471873,8388608,2142138057883648,1507423106802579,1.2727172552497867,0.5069670502533296
1244,0.0.0.2.0.0.0.0.0.0.0.0.0.0.1.1.,3474125,8388608,428638172348416,301680176718475,1.2717817671180827,0.5067404341660515
1245,0.0.0.0.1.0.0.0.1.0.0.0.0.0.1.1.,3477397,8388608,2144720071426048,1509821525535631,1.2704236476954889,0.5064113395321992
1246,0.0.1.0.0.0.1.0.0.0.1.0.1.0.0.0.,3479297,8388608,2145607921696768,1510646470429331,1.2696355950239626,0.5062203960807408
1247,1.1.1.0.0.0.0.0.0.0.0.1.0.0.0.0.,1740091,4194304,1073010656149504,755515360538593,1.2692686752823932,0.5061314111472028
1248,1.0.0.0.0.0.1.0.0.0.0.2.0.0.0.0.,1740389,4194304,1073149839933440,755644746632447,1.269021627103271,0.5060714876081107
1249,0.0.1.0.1.0.0.1.0.0.0.0.0.0.0.1.,3482271,8388608,2146996538310656,1511937726278733,1.2684029487831683,0.5059211460524781
1250,0.0.0.0.0.0.0.1.0.0.2.0.0.1.0.0.,1742039,4194304,1073919914147840,756361146145397,1.267654507957894,0.5057392508141415
1251,0.1.0.0.2.0.0.0.0.1.0.0.0.0.0.0.,3484835,8388608,2148193089355776,1513050967703705,1.2673410817032549,0.5056630890267247
1252,0.0.0.1.0.0.0.1.0.0.0.0.1.0.0.1.,3487823,8388608,2149587074678784,1514348302094429,1.2661046025740472,0.5053624864227658
1253,0.0.0.0.0.0.0.0.0.1.0.0.0.1.0.2.,3489611,8388608,2150420835205120,1515124618657553,1.2653652078941198,0.5051825615005303
1254,1.0.0.1.0.1.1.0.0.0.0.0.0.0.0.0.,3492485,8388608,430352132734976,303274491270931,1.264177511310833,0.5048934620368487
1255,1.0.0.0.1.0.0.0.0.0.0.1.1.0.0.0.,3493495,8388608,2152231499464704,1516810979692885,1.2637603552349637,0.5047919535904429
1256,0.0.1.0.0.0.0.2.0.0.0.1.0.0.0.0.,3494387,8388608,2152647305986048,1517198269611401,1.2633920364844573,0.5047023335142958
1257,0.1.0.0.1.0.0.1.0.0.0.1.0.0.0.0.,27311,65536,16822731800576,11857931574653,1.2628054806927111,0.5045596232948105
1258,1.1.2.0.0.0.0.0.0.0.0.0.0.0.0.0.,1747995,4194304,1076697248038912,758947131296385,1.2627303725452788,0.5045413462988355
1259,0.0.0.1.0.0.1.0.0.2.0.0.0.0.0.0.,1748875,4194304,1077107316752384,759329211036625,1.262004253665948,0.504364584697476
1260,2.0.0.0.0.0.2.0.0.0.0.0.0.0.0.0.,1749015,4194304,1077172504625152,759389996449845,1.2618887684415228,0.5043364105269483
1261,0.0.0.1.0.0.0.0.1.1.1.0.0.0.0.0.,875857,2097152,539214525497344,380280926190211,1.259664183398307,0.5037937814245977
1262,0.0.1.1.0.0.0.0.0.0.0.1.0.0.0.1.,3506405,8388608,431648659210240,304483252630963,1.258438789470966,0.5034946288473275
1263,0.0.0.0.1.0.0.0.0.1.1.0.0.1.0.0.,1754731,4194304,98166602989568,69261070730483,1.2571815481295585,0.503187601576974
1264,0.1.0.1.0.0.1.1.0.0.0.0.0.0.0.0.,3512529,8388608,2161090842591232,1525075190801667,1.25592129417259,0.5028793442764843
1265,0.0.0.2.1.0.1.0.0.0.0.0.0.0.0.0.,3515137,8388608,2162302157586432,1526207536213651,1.254850512254564,0.5026169821260736
1266,0.0.0.0.0.0.0.0.3.0.0.1.0.0.0.0.,3517865,8388608,2163568921280512,1527391983408395,1.2537313110176167,0.5023427222747328
1267,0.1.0.0.1.1.0.0.0.1.0.0.0.0.0.0.,3519285,8388608,721409399586816,509336173723685,1.2531490790100945,0.502200037839266
1268,0.0.0.1.0.0.0.1.0.1.0.0.0.1.0.0.,3525197,8388608,2166972649308160,1530575402335031,1.250727548205084,0.5016068247982888
1269,0.0.0.0.1.0.1.0.1.1.0.0.0.0.0.0.,3528233,8388608,2168381667016704,1531893577438859,1.2494855928969195,0.5013026396394107
1270,0.0.0.1.0.1.0.0.0.1.0.0.1.0.0.0.,1766039,4194304,1085082978746368,766781502697397,1.2479142278449793,0.500917933068233
1271,0.0.0.0.1.0.1.0.0.0.0.1.0.1.0.0.,3535219,8388608,2171623478132736,1534926769558537,1.2466318406970218,0.5006041593961184
1272,0.0.1.1.0.1.0.0.0.0.0.0.0.1.0.0.,3540163,8388608,2173917527539712,1537073363008249,1.244615642718442,0.5001111844206713
1273,0.0.0.0.0.1.0.1.1.0.0.0.0.0.0.1.,3543345,8388608,2175393905770496,1538454928614435,1.2433194894766038,0.4997944798416834
1274,0.0.0.0.0.1.0.0.1.0.0.0.0.0.0.2.,3544367,8388608,2175867962785792,1538898662130941,1.2429034357932691,0.49969278081151947
1275,1.0.1.1.0.0.0.0.1.0.0.0.0.0.0.0.,443901,1048576,272379882242048,192733612241223,1.2401215668586956,0.49901195515284474
1276,0.0.0.0.0.1.0.0.1.0.1.1.0.0.0.0.,888385,2097152,545029927993344,385720352310355,1.239174491760135,0.498780180567211
1277,0.0.0.0.0.0.0.0.1.0.1.0.0.0.2.0.,3554781,8388608,726898233573376,514473409503821,1.2386707484531196,0.49865688611208847
1278,1.1.0.1.0.0.0.1.0.0.0.0.0.0.0.0.,222381,524288,45463125360640,32184573755421,1.2373259945914077,0.4983275032989389
1279,0.0.1.0.0.0.0.0.0.0.0.2.0.1.0.0.,444911,1048576,272847748464640,193172135579453,1.2368427573500793,0.4982091333117474
1280,0.2.0.0.0.1.0.1.0.0.0.0.0.0.0.0.,222505,524288,136446791909376,96607559775115,1.2365217697351398,0.4981304818891343
1281,0.1.0.1.0.0.0.0.0.0.0.0.0.1.0.1.,1782113,4194304,1092533992030208,773760536498099,1.2348426126874885,0.49771911189532897
1282,1.0.0.0.2.0.0.0.0.0.0.1.0.0.0.0.,3564697,8388608,2185285953650688,1547725572493531,1.2346519781792333,0.4976723850209599
1283,0.0.0.0.0.1.0.0.0.0.0.2.0.0.0.1.,3565349,8388608,2185587675103232,1548008658846527,1.234388126538085,0.49760771188780734
1284,0.0.0.0.0.2.0.0.0.0.0.1.0.1.0.0.,1783329,4194304,1093096498528256,774288501230067,1.2338585455015747,0.49747764539752315
1285,0.0.0.0.0.0.0.0.0.2.0.0.1.0.0.1.,1783757,4194304,1093294402568192,774474330921911,1.2335123393935843,0.4973926141577818
1286,1.0.0.0.2.0.0.0.0.0.1.0.0.0.0.0.,892035,2097152,546719544639488,387305114869305,1.2332592085388894,0.49733039710324906
1287,0.0.1.0.0.0.0.0.1.0.1.0.0.1.0.0.,223369,524288,136846337114112,96982692610987,1.2309305485583257,0.49675760530235313
1288,1.0.0.2.0.0.1.0.0.0.0.0.0.0.0.0.,1788469,4194304,1095471229566976,776520194258287,1.2297063187356805,0.4964562461528205
1289,0.2.0.1.0.0.0.0.0.0.0.0.1.0.0.0.,1789083,4194304,365251543433216,258928927237803,1.2292111115304165,0.49633421894819313
1290,0.0.0.0.2.0.0.0.0.1.0.0.0.1.0.0.,3579975,8388608,146156277465088,103623933186795,1.228481917907511,0.4961545455645475
1291,1.1.0.0.0.0.1.0.0.1.0.0.0.0.0.0.,55953,131072,34262711271424,24293758756419,1.2280721350202422,0.4960535964856741
1292,2.0.1.0.0.0.0.0.0.0.0.0.1.0.0.0.,3581545,8388608,2193068535054336,1555040662793035,1.2278493618997133,0.4959985921157832
1293,1.1.0.0.0.1.1.0.0.0.0.0.0.0.0.0.,3583089,8388608,2193780492992512,1555711039064547,1.2272275517199844,0.49584506255805866
1294,0.0.0.0.0.0.0.2.0.0.1.0.0.1.0.0.,3584849,8388608,2194591906267136,1556475198545027,1.2265190792630543,0.4956701008491904
1295,0.0.0.0.1.0.1.0.0.0.0.0.0.0.0.2.,3585689,8388608,2194979057303552,1556839911024347,1.226181067292435,0.49558657428791786
1296,0.2.0.0.0.0.0.0.1.1.0.0.0.0.0.0.,1793815,4194304,1097936742121472,778841328680245,1.2254003209900028,0.49539358870645595
1297,0.0.0.0.0.0.0.1.0.0.0.0.3.0.0.0.,1793977,4194304,1098011367178240,778911666086971,1.2252700366274853,0.49536135875507026
1298,0.0.1.0.1.0.0.0.1.0.0.0.0.1.0.0.,898573,2097152,549734922059776,390143793666679,1.2227238126349746,0.494730179813797
1299,0.0.0.1.0.0.0.0.1.0.1.0.0.0.0.1.,450047,1048576,275217467310080,195402091881581,1.2202838505072016,0.4941261247136163
1300,0.0.0.0.0.0.0.1.0.0.0.3.0.0.0.0.,1800293,4194304,1100918187622400,781653956586239,1.2201997045392954,0.4941052988186886
1301,0.0.1.0.2.0.0.0.0.0.0.0.1.0.0.0.,3601107,8388608,734025362702336,521178040581987,1.2199909635897397,0.4940536148318967
1302,0.1.0.0.0.0.0.0.0.0.1.1.0.1.0.0.,450471,1048576,275412435337216,195586184847333,1.2189252930046535,0.4937892313680045
1303,0.0.0.0.0.0.0.1.1.0.0.1.0.0.0.1.,3606259,8388608,2204444141813760,1565771024952457,1.2179284164354414,0.49354166973541813
1304,0.0.0.1.0.0.0.0.0.1.1.0.1.0.0.0.,451145,1048576,55144414707712,39175764638767,1.2167683289785292,0.49325333638167035
1305,0.0.0.2.0.0.0.0.0.1.0.0.1.0.0.0.,3612099,8388608,2207126147563520,1568306645046777,1.2155939960930071,0.4929614170102754
1306,0.0.0.0.0.0.1.1.1.0.0.0.1.0.0.0.,3614965,8388608,441688430477312,313910201858339,1.2144497515688306,0.49267712688346227
1307,1.1.0.1.0.0.0.0.0.0.1.0.0.0.0.0.,226107,524288,19729492213760,14024497374423,1.213353868684006,0.4924047584433721
1308,0.0.0.1.0.1.0.0.0.0.0.1.0.1.0.0.,452891,1048576,276523634393088,196636904132993,1.2111956556041343,0.49186868535047873
1309,0.0.0.0.0.1.1.1.0.0.0.0.0.0.0.1.,3624393,8388608,2212769331937280,1573644472690539,1.2106920325735127,0.49174343134612863
1310,0.1.0.0.0.0.0.0.0.0.1.0.1.0.0.1.,906481,2097152,553367889772544,393577301150563,1.210082744416752,0.4915919129603779
1311,0.0.0.0.0.0.0.1.0.0.0.0.1.0.0.2.,3626867,8388608,2213903471738880,1574718637778441,1.2097075891334341,0.4914982419579357
1312,0.0.1.0.0.1.0.0.0.0.0.0.0.1.0.1.,1815295,4194304,1107804286877696,788167547794285,1.2082274138851663,0.4911287725028435
1313,0.1.0.0.1.0.0.0.0.0.0.2.0.0.0.0.,1815579,4194304,369311403212800,262763618448939,1.208001724206897,0.4910722714928904
1314,0.1.1.0.0.0.0.0.1.0.0.0.0.0.1.0.,1816483,4194304,1108347029815296,788683355443609,1.2072835666733006,0.4908915670751462
1315,0.0.0.0.0.0.0.1.1.0.1.0.1.0.0.0.,1818001,4194304,1109040214048768,789342442995523,1.2060784375823954,0.49058844866496176
1316,1.0.0.1.0.0.0.1.0.1.0.0.0.0.0.0.,1819861,4194304,1109889275396096,790150020628303,1.2046031683116627,0.4902172583303207
1317,0.0.0.0.0.1.0.0.0.0.1.1.0.0.0.1.,3641163,8388608,2220436150550528,1580925696831249,1.204032104881581,0.4900735237484998
1318,0.0.0.1.0.1.1.0.0.0.0.0.0.1.0.0.,3646557,8388608,2222897049370624,1583267671966311,1.2018964853814949,0.4895359509071488
1319,0.0.1.1.0.2.0.0.0.0.0.0.0.0.0.0.,3647775,8388608,2223452710764544,1583796505061325,1.2014146859305967,0.489414739347371
1320,0.1.1.0.0.0.0.0.1.1.0.0.0.0.0.0.,1825531,4194304,1112476095610880,792611829863713,1.2001152627704443,0.4890879313826134
1321,1.0.0.0.0.0.0.0.0.1.0.2.0.0.0.0.,912933,2097152,12937544597504,9218107914813,1.199850540616127,0.48902127351950514
1322,0.0.1.0.0.0.0.0.1.1.0.0.0.0.0.1.,3655433,8388608,2226944787611648,1587121467164459,1.1983891216382045,0.4886532438198596
1323,0.0.0.1.0.0.0.0.0.0.1.0.0.0.0.2.,3656845,8388608,445517645479936,317546906294987,1.1978319531544421,0.4885128585969384
1324,0.0.0.2.0.0.1.0.0.1.0.0.0.0.0.0.,1829959,4194304,1114493690052608,794534385647557,1.1966201052043777,0.4882068858810531
1325,0.0.0.0.0.0.0.0.1.0.0.1.1.0.0.1.,915597,2097152,61947542241280,44170588879359,1.1956467897253042,0.487960978388084
1326,1.0.0.0.0.0.0.0.0.0.1.1.0.0.0.1.,915983,2097152,557703537623040,397702893982109,1.1950387023973934,0.4878073620018183
1327,1.1.0.0.1.1.0.0.0.0.0.0.0.0.0.0.,3665517,8388608,2231535268790272,1591499753642391,1.1944147341630953,0.4876496745106378
1328,0.0.0.0.0.0.0.1.0.0.0.0.1.1.0.1.,3669001,8388608,2233120245940224,1593012442068523,1.1930441328773658,0.4873034025433403
1329,0.0.0.0.0.0.0.2.0.0.0.0.2.0.0.0.,917347,2097152,558324068122624,398295117579481,1.1928919678772978,0.4872649540451822
1330,0.0.0.0.0.0.1.0.0.0.0.1.0.2.0.0.,918083,2097152,558658807136256,398614675180409,1.19173493807283,0.486972622062163
1331,0.0.0.0.0.0.1.0.0.1.0.0.1.1.0.0.,1838033,4194304,1118166608510976,798039967264259,1.1902687617045031,0.48660226182528526
1332,0.0.0.0.0.1.0.1.0.0.0.1.1.0.0.0.,3677889,8388608,2237162145710080,1596871447444947,1.1895534913191352,0.4864216477765542
1333,0.0.0.0.0.0.0.0.0.0.0.1.1.1.1.0.,3680005,8388608,2238124218384384,1597790175547615,1.1887237042113898,0.48621214611409813
1334,0.0.0.0.0.1.0.0.1.1.0.0.0.0.1.0.,57553,131072,34994740002816,24988449193219,1.187396488403764,0.48587672024048484
1335,1.0.0.0.0.1.0.0.0.0.0.0.0.2.0.0.,3686849,8388608,2241233976033280,1600761713891027,1.186043100604883,0.48553470120331577
1336,0.0.0.1.0.0.0.1.0.0.0.1.0.1.0.0.,1846357,4194304,1121949166075904,801654094261711,1.1837499002632486,0.4849555434126646
1337,1.0.0.0.0.1.1.0.0.0.0.1.0.0.0.0.,230871,524288,140278341042176,100239922396533,1.1832725598298859,0.4848350713524525
1338,0.0.0.0.1.0.0.0.0.0.0.0.0.1.0.2.,923791,2097152,561252816388096,401092983313693,1.1827930347113946,0.48471405138117324
1339,0.0.1.0.0.0.0.1.1.0.0.0.0.0.1.0.,3698641,8388608,2246590068686848,1605881582410243,1.1814361552624664,0.4843713899702864
1340,0.0.0.0.0.0.1.0.0.0.0.0.1.0.2.0.,1849713,4194304,1123473208377344,803111207452899,1.1811299899867673,0.48429404295078554
1341,0.0.1.0.1.0.2.0.0.0.0.0.0.0.0.0.,1850125,4194304,27406345699328,19592441225375,1.1808086838326584,0.48421280612842327
1342,0.2.0.0.1.0.0.0.0.0.0.1.0.0.0.0.,3701089,8388608,2247700988821504,1606944458778547,1.1804816021668973,0.4841300612659399
1343,0.0.0.0.0.0.1.1.0.0.1.0.0.0.0.1.,1851013,4194304,1124063028183040,803675643432799,1.180116403122838,0.48403766757416206
1344,0.0.0.0.1.0.0.1.0.0.0.1.0.0.0.1.,3703425,8388608,2248760637784064,1607958706816275,1.179571309951277,0.48389974831340204
1345,0.0.1.1.0.0.0.0.1.0.0.0.0.0.1.0.,115949,262144,70372172496896,50342913410327,1.1768691480222395,0.483216342345618
1346,0.1.0.0.0.0.0.0.0.0.1.0.0.2.0.0.,1856647,4194304,1126618063962112,806121822133381,1.175731885601554,0.48292872653869884
1347,0.0.0.0.0.1.0.0.2.0.0.0.0.1.0.0.,3718949,8388608,2255799954964480,1614698940779327,1.1735364670635395,0.4823739340179942
1348,0.0.0.0.0.1.0.0.1.0.0.1.0.0.1.0.,3721667,8388608,2257032174370816,1615879046158841,1.1724824561333824,0.48210777285491857
1349,0.0.0.0.0.1.0.1.0.0.1.0.0.0.0.1.,3722795,8388608,2257543543914496,1616368802916785,1.172045255965371,0.48199740309309397
1350,1.0.1.0.0.2.0.0.0.0.0.0.0.0.0.0.,1861873,4194304,1128987325628416,808390854772579,1.1716767619246227,0.4819043841583626
1351,0.1.0.1.0.0.0.0.1.0.1.0.0.0.0.0.,3728703,8388608,205474641215488,147175813395879,1.1697575430551352,0.4814197527516397
1352,0.1.0.0.1.0.0.1.0.0.1.0.0.0.0.0.,1865017,4194304,1130412113920000,809755921480891,1.1692426496838297,0.48128981319838526
1353,1.0.1.1.0.0.1.0.0.0.0.0.0.0.0.0.,3733081,8388608,2262204925607936,1620834794062363,1.1680646182495462,0.4809925746208626
1354,0.1.0.0.1.0.1.0.0.0.0.0.0.0.0.1.,933653,2097152,80817791434752,57910697356217,1.167473065774492,0.480843056750606
1355,0.0.1.0.1.0.0.0.1.0.0.0.0.0.1.0.,1869329,4194304,1132365048971264,811628112208067,1.1659109263881873,0.48044838409469065
1356,0.0.1.0.0.0.0.0.0.0.0.0.0.2.1.0.,1870135,4194304,1132729852755968,811978062515605,1.1652890125411957,0.4802911753823396
1357,0.0.1.0.0.0.0.0.1.0.0.0.1.1.0.0.,3746661,8388608,2268352332431360,1626730979144703,1.1628259829645033,0.47966905982815816
1358,1.0.0.0.1.0.0.0.1.0.0.0.0.1.0.0.,1876707,4194304,1135704100831232,814831503484761,1.1602280030125987,0.4790133356485934
1359,0.0.0.0.0.1.0.0.0.0.2.0.0.0.0.1.,938537,2097152,567935080857600,407495424051851,1.1599459039334603,0.47894216976953846
1360,0.2.0.0.0.0.0.0.0.0.0.0.0.2.0.0.,1877473,4194304,1136050550341632,815164086531379,1.1596392702311886,0.47886463365500576
1361,0.0.1.1.0.0.0.0.1.0.0.1.0.0.0.0.,3761873,8388608,2275232735821824,1633335748472579,1.1569802860579208,0.47819274581597204
1362,0.0.0.1.0.0.0.0.0.0.0.2.0.0.1.0.,1881675,4194304,1137950234509312,816988517291025,1.1564139611522655,0.4780497595977222
1363,0.1.0.2.0.0.1.0.0.0.0.0.0.0.0.0.,470749,1048576,284636833906688,204390517770727,1.1554014954004201,0.477794101015008
1364,0.0.0.2.0.2.0.0.0.0.0.0.0.0.0.0.,941827,2097152,569422372667392,408923881262521,1.1548974436055566,0.4776668587444386
1365,0.2.0.0.0.1.0.0.0.0.0.0.0.1.0.0.,471089,1048576,284790509010944,204538139488547,1.1543598803133033,0.4775311851560131
1366,1.0.0.0.0.0.0.1.1.0.0.1.0.0.0.0.,1885611,4194304,379909746720768,272899151921851,1.15339935076851,0.47728881412489155
1367,1.0.0.0.0.1.0.0.2.0.0.0.0.0.0.0.,1887217,4194304,1140454821199872,819394751291491,1.1521711111691368,0.4769787391752346
1368,0.0.0.0.0.0.0.0.1.0.0.0.0.1.1.1.,3781761,8388608,761406584520704,547323583534001,1.1493732400507692,0.4762730242178147
1369,0.0.0.0.0.0.0.0.0.1.0.0.1.1.0.1.,3784503,8388608,2285458046320640,1643161276338069,1.1483275800063153,0.47600924812398404
1370,0.0.0.1.0.0.0.0.0.0.0.2.0.0.0.1.,3785817,8388608,2286051288678400,1643731790859291,1.1478267553905088,0.47588285906093375
1371,0.1.0.0.0.0.0.0.3.0.0.0.0.0.0.0.,3788193,8388608,2287123956760576,1644763406157939,1.146921595896503,0.4756544866428655
1372,0.0.0.1.0.1.0.0.0.0.1.0.1.0.0.0.,1895667,4194304,1144270983528448,823063585160841,1.1457258734238913,0.47535295379072967
1373,0.0.1.0.0.0.0.1.0.1.0.0.0.1.0.0.,3794547,8388608,763330662760448,549174065185027,1.1445037663427062,0.47504464947699826
1374,0.0.0.2.0.0.1.0.0.0.1.0.0.0.0.0.,14835,32768,8950942990336,6441082893705,1.1432826936323706,0.4747364208314298
1375,1.0.1.0.0.0.0.1.0.0.0.0.0.0.1.0.,3798983,8388608,2291992839061504,1649448224791109,1.1428181745482708,0.4746190433832361
1376,0.0.0.1.0.0.0.0.0.1.0.0.1.0.0.1.,3801845,8388608,2293283258630144,1650690852309935,1.1417317157040079,0.47434461065117567
1377,0.0.0.1.0.0.0.0.0.0.1.0.0.1.0.1.,3807629,8388608,2295888223404032,1653202158238967,1.1395385155633542,0.47378925306198344
1378,0.0.0.0.0.0.0.0.1.1.1.0.0.1.0.0.,3813517,8388608,2298539291967488,1655758619046391,1.1373092996184373,0.4732249600617578
1379,0.0.2.0.0.1.0.0.0.0.0.1.0.0.0.0.,1907119,4194304,1149431915216896,828035831962237,1.1370365632425106,0.47315590825480475
1380,0.0.0.0.0.0.0.2.0.0.0.0.1.0.1.0.,3815073,8388608,2299239640072192,1656434205496179,1.1367207679199833,0.47307594003200365
1381,0.0.1.0.0.1.0.0.0.0.0.0.0.2.0.0.,3818093,8388608,2300598728785920,1657745433695639,1.1355791867593434,0.4727868890897104
1382,0.1.0.0.1.0.0.0.0.0.1.0.0.1.0.0.,3821153,8388608,2301975802675200,1659074029156019,1.134423405924106,0.4724944067048094
1383,0.0.0.0.0.1.0.0.0.0.2.1.0.0.0.0.,3821743,8388608,2302241285341184,1659330196254589,1.1342006657282915,0.47243804030013453
1384,0.1.0.0.0.0.0.0.1.0.0.1.1.0.0.0.,1912111,4194304,1151677746905088,830203266125053,1.1332651550029134,0.47220057725073544
1385,0.1.1.1.0.0.0.0.1.0.0.0.0.0.0.0.,3831549,8388608,2306648123113472,1663587780269127,1.1305036748614608,0.4714999461540285
1386,0.0.1.0.0.0.0.0.1.1.1.0.0.0.0.0.,3834585,8388608,2308012043665408,1664905955372955,1.1293609809369551,0.4712100653956616
1387,0.0.0.0.1.0.0.1.0.0.0.0.0.2.0.0.,959381,2097152,577332817428480,416545503717263,1.128255657503052,0.47092912984050805
1388,0.0.0.0.0.0.2.0.0.0.0.1.1.0.0.0.,959573,2097152,577418985209856,416628866569679,1.1279669612145793,0.4708557418647345
1389,0.0.2.0.0.0.0.0.0.0.0.0.0.0.1.1.,1919275,4194304,230979163652096,166662748511165,1.1278699902672316,0.4708310362091089
1390,0.1.0.0.0.0.1.1.0.0.0.1.0.0.0.0.,3839955,8388608,770140551512064,555745836717155,1.1273420264109677,0.47069652772584214
1391,1.0.0.0.0.1.0.0.0.0.0.0.1.0.0.1.,1920861,4194304,1155606954115072,834002354451303,1.1266783061888825,0.4705274291462743
1392,0.0.0.1.0.0.0.0.0.0.0.0.2.0.0.1.,1921267,4194304,1155788953354240,834178632149641,1.126373405264821,0.4704497237446134
1393,0.0.0.1.1.0.0.0.0.1.1.0.0.0.0.0.,3846199,8388608,136071811694592,98232267034181,1.124998021901834,0.4700993330506732
1394,1.0.0.0.0.0.0.0.0.0.0.1.0.1.0.1.,3848687,8388608,2314336081018880,1671028783210301,1.124065084003387,0.46986179974159076
1395,0.1.0.0.0.1.0.0.0.0.0.1.0.1.0.0.,3851685,8388608,2315679868911616,1672330459416255,1.1229417097167624,0.4695758636859602
1396,0.1.1.0.1.0.0.0.0.0.0.1.0.0.0.0.,3853309,8388608,2316407597432832,1673035570209607,1.122333549144256,0.46942101507914463
1397,0.0.0.0.0.0.0.1.1.0.1.0.0.1.0.0.,965015,2097152,579857981374464,418991682417845,1.119808158045242,0.4687779944542762
1398,0.0.0.0.0.0.0.0.1.0.0.1.0.1.1.0.,3866159,8388608,2322162518065152,1678614802780157,1.1175304595016098,0.46819773538230797
1399,0.1.0.0.0.0.0.0.0.0.0.1.0.1.0.1.,483609,1048576,41488863985664,29996298879501,1.1165184320626937,0.4679396515798
1400,0.1.0.0.0.0.0.0.0.1.1.0.1.0.0.0.,3870411,8388608,2324064819478528,1680460942615953,1.1159446559913977,0.4677932950596133
1401,0.0.0.0.0.0.1.1.1.0.0.0.0.1.0.0.,3875809,8388608,332354199486464,240400664925301,1.1139339542320095,0.4672806968809389
1402,0.0.0.1.1.0.0.0.0.2.0.0.0.0.0.0.,3877681,8388608,2327316646592512,1683617442288163,1.1132373066142214,0.4671031509577762
1403,0.1.0.0.0.2.0.0.0.1.0.0.0.0.0.0.,3878353,8388608,2327617193639936,1683909212271619,1.1129873100128904,0.4670394503384537
1404,0.0.0.0.0.0.0.1.0.0.0.1.2.0.0.0.,3879291,8388608,2328036489822208,1684316474540193,1.1126384288435693,0.4669504323658354
1405,1.1.0.0.0.0.0.0.0.0.1.1.0.0.0.0.,3880733,8388608,2328681070460928,1684942564296359,1.1121022536273824,0.46681365148045567
1406,0.0.1.1.0.1.0.0.0.0.0.0.0.0.0.1.,485491,1048576,291263643385856,210791221782793,1.1109149742559357,0.46651084169641127
1407,1.0.0.0.0.1.0.0.0.0.0.1.0.0.1.0.,1942865,4194304,1165457226727424,843556084683395,1.1102457719537764,0.46634016144204216
1408,0.1.0.0.0.0.2.0.0.0.0.1.0.0.0.0.,30363,65536,18212827955200,13183053582849,1.1099732779416194,0.4662703712335597
1409,1.0.0.0.0.2.0.0.0.0.0.0.0.1.0.0.,1943855,4194304,233179763965952,168797184878233,1.1095108241719096,0.46615174895871214
1410,0.0.0.0.0.0.0.1.0.0.1.1.0.0.0.1.,3888921,8388608,777445821120512,562832547535561,1.1090615026833015,0.4660363804813816
1411,0.1.0.0.0.2.0.0.0.0.0.0.0.0.0.1.,3889737,8388608,777567019728896,562950644909817,1.1087588182979784,0.4659585850835177
1412,0.1.0.0.0.0.0.1.0.0.1.1.0.0.0.0.,3891169,8388608,2333338861830144,1689473682670387,1.1082277903375126,0.46582196211404503
1413,0.0.0.0.0.0.0.0.0.0.2.0.0.2.0.0.,1946527,4194304,1167089079418880,845146057420621,1.1075290744335022,0.46564208722910705
1414,1.0.0.1.0.2.0.0.0.0.0.0.0.0.0.0.,3894517,8388608,212257216659456,153720665673581,1.1069870150751602,0.4655024766710557
1415,1.0.0.0.0.0.1.0.1.0.0.1.0.0.0.0.,1948093,4194304,1167785803644928,845825985685639,1.1063688788016868,0.46534288900911136
1416,0.1.0.0.0.0.1.0.0.1.0.0.1.0.0.0.,3897655,8388608,2336224710754304,1692289784028565,1.105825034235147,0.46520241354145364
1417,0.0.1.1.0.0.0.0.0.0.0.0.0.1.0.1.,1951119,4194304,389710266499072,282379939658079,1.1041296591490295,0.46476433543050893
1418,0.1.0.0.0.0.0.0.1.0.0.0.0.0.0.2.,1951879,4194304,1169468491300864,847469796931717,1.1035678099013828,0.46461913412744565
1419,0.1.0.0.0.1.0.1.0.0.0.0.1.0.0.0.,3905269,8388608,2339608339677184,1695595642144687,1.1030095041780223,0.4644748731395127
1420,1.0.0.0.1.0.1.0.0.0.0.0.0.0.0.1.,1953445,4194304,1170164041121792,848149725196735,1.10241079421965,0.46431991666231376
1421,0.0.0.0.0.0.0.0.0.0.0.2.0.1.0.1.,1954147,4194304,1170475426250752,848454520625881,1.1018924330757027,0.4641854111187435
1422,1.0.0.0.0.0.1.0.0.0.0.0.0.2.0.0.,1955699,4194304,1171163820589056,849128370349577,1.1007470872891627,0.46388831138718245
1423,0.0.0.0.0.0.0.0.0.1.0.2.0.1.0.0.,1956405,4194304,1171476816330752,849434902504815,1.1002263737754499,0.4637531093342841
1424,0.1.0.1.0.0.1.0.0.0.0.0.0.0.1.0.,489467,1048576,26639209594880,19319775228931,1.099147929352639,0.46347296761310514
1425,0.0.0.0.0.0.0.0.1.0.0.0.0.0.0.3.,122385,262144,24421971001344,17712435230785,1.098932779229749,0.46341706163601915
1426,0.0.0.0.0.0.1.2.1.0.0.0.0.0.0.0.,1958967,4194304,130290240454656,94505252840749,1.0983383359479921,0.4632625958554848
1427,0.0.0.1.0.0.0.1.0.0.0.0.0.0.2.0.,489947,1048576,293243973533696,212725934649281,1.0977338313816698,0.4631055283669998
1428,0.0.0.0.1.0.0.1.0.0.1.0.0.1.0.0.,980769,2097152,586875467202560,425831778131187,1.0964461463031192,0.4627707848763308
1429,0.0.1.0.0.0.0.0.0.0.0.1.0.2.0.0.,1962697,4194304,1174264115888128,852166772647531,1.0955939630872782,0.4625492316833323
1430,0.1.0.0.0.0.0.1.1.0.0.0.0.0.1.0.,3929095,8388608,470033352359936,341188090222337,1.0942343801172105,0.46219584266209296
1431,0.0.0.2.0.0.1.0.0.0.0.0.0.0.0.1.,3932021,8388608,2351461895766016,1707210866247983,1.0931604038816265,0.46191669032004384
1432,0.0.0.1.0.0.1.0.0.0.0.1.0.1.0.0.,984375,2097152,196157183623168,142465812234375,1.0911515071759095,0.46139441562375183
1433,2.0.0.0.1.0.0.0.0.0.0.0.0.0.1.0.,3938053,8388608,336304411770880,244261407027817,1.0909489028993786,0.46134176707409935
1434,0.0.0.0.0.0.0.1.0.0.0.0.0.1.0.2.,3939761,8388608,336412322824192,244367347319429,1.0903233173832827,0.46117902939513755
1435,1.1.0.0.0.0.0.0.0.0.1.0.0.1.0.0.,3942605,8388608,2356144014098432,1711806243487415,1.0892822530951405,0.46090830869252086
1436,0.0.0.1.0.0.0.0.0.0.0.1.2.0.0.0.,3943643,8388608,2356603038728192,1712256923908289,1.0889024736458788,0.46080956811577745
1437,0.0.0.0.0.1.0.2.0.0.0.0.1.0.0.0.,3944329,8388608,2356906370793472,1712554772433067,1.0886515374608758,0.4607443176391946
1438,1.0.0.0.0.0.1.0.0.0.0.1.1.0.0.0.,1972725,4194304,1178700951322624,856520744960175,1.0882415738480247,0.4606376440558988
1439,0.0.0.2.0.0.0.1.0.0.1.0.0.0.0.0.,3948905,8388608,2358928629301248,1714541587082315,1.0869787698103246,0.4603088716927902
1440,1.0.0.0.0.1.0.1.0.1.0.0.0.0.0.0.,3950071,8388608,2359443488505856,1715047842738133,1.0865528456323312,0.4601977954350737
1441,0.0.2.0.0.0.0.2.0.0.0.0.0.0.0.0.,3950441,8388608,2359606697263104,1715208489901643,1.0864177158671922,0.46016245713454557
1442,0.1.0.0.0.0.0.0.1.0.0.0.1.0.1.0.,3954311,8388608,2361313745436672,1716888772395653,1.0850050895749779,0.4597931655359745
1443,0.1.0.1.0.0.0.0.0.0.0.0.0.0.1.1.,1978077,4194304,1181063317553152,858844484471271,1.084332844135938,0.4596174869263061
1444,0.0.0.0.1.0.1.0.0.0.2.0.0.0.0.0.,3956977,8388608,2362489559842816,1718046300335971,1.084032751031721,0.4595390371035779
1445,0.0.0.0.0.0.0.1.0.0.0.2.0.1.0.0.,1979427,4194304,393886157504512,286476876509107,1.0833485679958526,0.45936002266197895
1446,0.0.0.0.0.0.0.0.0.1.1.0.0.0.0.2.,1979807,4194304,1181825976238080,859595618506061,1.0830716335599384,0.4592875801940676
1447,0.0.0.0.1.0.1.0.0.0.1.0.0.0.1.0.,1980757,4194304,1182244601331712,860008090952911,1.0823795299529118,0.4591064159461427
1448,0.0.0.0.0.0.0.2.0.0.1.0.0.0.1.0.,1981089,4194304,131376766517248,95572471024283,1.0821377362261004,0.45904313803997954
1449,0.0.0.0.2.0.0.0.0.0.0.0.1.0.1.0.,3962691,8388608,2365007819964416,1720527213558393,1.0819509564680982,0.45899424253841103
1450,0.0.0.0.0.1.0.1.1.0.0.0.0.0.1.0.,3965897,8388608,182032239951872,132455323040087,1.0807842214698418,0.4586881674410218
1451,0.0.0.2.1.0.0.0.0.0.0.0.1.0.0.0.,496061,1048576,295944912371712,215380520480903,1.0798419876397936,0.4584408803725181
1452,0.2.0.0.0.0.0.0.1.0.0.0.1.0.0.0.,3969865,8388608,2368165157797888,1723642031804395,1.0793414830411119,0.4583095144489801
1453,0.0.0.1.0.0.0.0.0.0.0.0.0.0.1.2.,3970707,8388608,182195046055936,132615970203597,1.0790355229090254,0.4582292106630192
1454,0.0.0.0.0.0.1.0.0.0.0.0.0.1.0.2.,3972341,8388608,2369254468878336,1724717065255343,1.078441956376363,0.4580734475768132
1455,0.0.0.0.1.0.1.0.1.0.0.0.0.0.1.0.,3975711,8388608,790245679300608,575393418995951,1.0772185414869913,0.45775252166644137
1456,2.0.0.0.0.0.0.0.0.1.0.0.1.0.0.0.,497065,1048576,296386606137344,215816438729995,1.076925003662925,0.457675493950286
1457,1.0.0.0.0.0.0.0.0.2.1.0.0.0.0.0.,3976901,8388608,2371260352823296,1726696933000223,1.0767867821828854,0.4576391867657623
1458,0.0.0.0.1.0.0.1.0.0.0.0.1.1.0.0.,3980349,8388608,2372775603863552,1728193990891527,1.075536497772487,0.4573104996011587
1459,0.0.1.0.1.0.1.0.0.0.1.0.0.0.0.0.,3982185,8388608,52746275258368,38422025514839,1.0748711849105226,0.45713564342400753
1460,0.0.0.0.0.1.0.1.0.0.0.0.1.0.0.1.,3983529,8388608,2374172944629760,1729574688134667,1.0743843529320323,0.45700771583191596
1461,0.1.0.0.0.0.0.0.1.1.0.0.0.0.1.0.,3987489,8388608,791970981085184,577098015655249,1.072950891652197,0.45663119859903545
1462,0.2.0.0.0.1.0.0.0.0.0.1.0.0.0.0.,3988421,8388608,2376322441543680,1731698704145183,1.072613728423367,0.4565426683200325
1463,1.0.0.0.0.0.0.0.0.0.0.2.0.0.1.0.,997343,2097152,594185031778304,433027902693389,1.0722697728982278,0.4564522726387484
1464,0.0.0.1.0.1.0.1.0.1.0.0.0.0.0.0.,499141,1048576,297298640764928,216717799571743,1.0709121122722385,0.4560952168995495
1465,0.1.0.1.0.0.0.0.0.0.0.1.0.0.1.0.,3996851,8388608,2380023629611008,1735358854384073,1.0695676396457263,0.45574186895911173
1466,1.0.0.1.0.0.0.0.1.0.0.0.0.0.0.1.,1000607,2097152,595618007351296,434445071184461,1.0675559804582755,0.45521358941345796
1467,0.0.0.1.0.0.0.1.0.0.0.0.2.0.0.0.,4004237,8388608,2383265994375168,1738565719112951,1.0669040647422123,0.4550423754605708
1468,0.1.0.0.0.1.0.1.0.0.0.0.0.0.0.1.,4005665,8388608,2383892522729472,1739185730327795,1.066389659312479,0.45490718517616635
1469,0.0.0.1.0.1.0.0.0.0.1.0.0.0.0.1.,4008669,8388608,2385210272382976,1740490011622887,1.0653081331106027,0.45462292043846864
1470,0.0.0.1.0.0.1.0.0.0.0.0.1.0.0.1.,4011729,8388608,795517349003264,580606202361089,1.0642072782554388,0.4543334101229312
1471,0.0.0.1.0.0.0.0.0.0.1.1.1.0.0.0.,2007211,4194304,1193866447290368,871493928962353,1.0632391484779375,0.4540789381979579
1472,0.0.0.0.0.0.0.0.0.0.1.0.1.1.0.1.,4017123,8388608,796305743937536,581386860739443,1.0622687948405383,0.45382399701111
1473,1.0.0.0.0.1.0.1.0.0.0.0.0.0.0.1.,2009269,4194304,1194768793075712,872387474536687,1.061760706332584,0.45369049910506626
1474,0.1.0.0.0.0.0.0.0.0.0.1.0.1.1.0.,4021733,8388608,2390938047479808,1746162159039359,1.060614125353346,0.45338920584448206
1475,0.0.1.0.0.0.0.0.1.1.0.0.0.0.1.0.,2012605,4194304,1196230776455168,873835904097415,1.0593673783664839,0.45306145120086116
1476,0.0.0.0.0.0.0.0.1.1.0.0.0.0.0.2.,503399,1048576,299166242701312,218566544496677,1.058657174969091,0.4528748059595095
1477,0.0.0.1.0.0.1.0.0.0.0.1.0.0.0.1.,4030279,8388608,2394681983893504,1749872674334917,1.0575517164923236,0.45258412605011517
1478,0.0.0.2.0.0.0.0.0.0.0.0.0.0.0.2.,4031077,8388608,2395031486857216,1750219151190271,1.0572660894473476,0.4525090444569695
1479,0.0.1.1.1.1.0.0.0.0.0.0.0.0.0.0.,4033193,8388608,2395958126051328,1751137879292939,1.0565089861319623,0.4523100128114148
1480,0.0.0.0.0.0.1.1.1.0.0.1.0.0.0.0.,1009121,2097152,599349805449216,438141692671283,1.0553322575856303,0.45200076048156157
1481,0.0.1.0.1.1.0.0.0.0.0.0.0.1.0.0.,252449,524288,149911321444352,109608691299827,1.0543675629608538,0.4517471413497741
1482,0.0.0.0.1.0.0.2.0.0.0.0.0.1.0.0.,4040583,8388608,2399193175949312,1754346480747909,1.0538679618257285,0.45161561786429966
1483,1.0.0.0.0.1.0.1.0.0.1.0.0.0.0.0.,4041531,8388608,2399607640293376,1754758084831713,1.0535295169819574,0.4515263793027603
1484,0.0.0.0.1.0.0.0.1.0.0.0.0.1.0.1.,4048487,8388608,2402646908469248,1757778251505701,1.0510485857460874,0.4508715643904472
1485,0.0.0.0.0.0.0.0.0.0.0.1.1.0.1.1.,31639,65536,18775133323264,13737069206197,1.0505836185488207,0.45074891339389705
1486,0.0.0.0.1.0.0.0.1.0.0.0.1.0.0.1.,4052405,8388608,2404358117392384,1759479374712815,1.0496530654475964,0.45050319206385736
1487,1.1.0.0.0.0.1.0.0.0.0.0.0.1.0.0.,2027641,4194304,1202807130554368,880364257477243,1.0486291892651907,0.45023284717386575
1488,0.1.1.0.0.0.0.0.1.0.0.0.1.0.0.0.,2029277,4194304,1203521303085056,881074578448871,1.0474656216432494,0.4499256324788242
1489,0.1.1.1.0.0.0.0.0.1.0.0.0.0.0.0.,4061881,8388608,2408493902462976,1763593678824763,1.0462834567297676,0.4496130604026985
1490,0.1.1.0.0.1.0.0.0.0.0.0.0.1.0.0.,4064771,8388608,2409754341146624,1764848463426233,1.0452573542600345,0.44934176697881956
1491,0.0.0.0.1.1.0.0.1.0.0.0.0.0.0.1.,2033625,4194304,401805888454656,294320799903625,1.044377759601548,0.44910920450539993
1492,0.1.1.0.0.0.0.0.0.0.0.0.0.1.0.1.,4069093,8388608,2411638892265472,1766724995968639,1.0437241767804124,0.4489364098450198
1493,1.0.1.0.0.0.0.0.0.1.0.0.0.0.1.0.,1017579,2097152,603043018047488,441813999992817,1.0432906278462613,0.44882178552949453
1494,0.0.0.0.0.1.0.0.0.0.0.0.0.1.1.1.,2036863,4194304,1206829065437184,884368279482349,1.0420824831984485,0.44850216346620314
1495,1.0.2.0.0.0.0.1.0.0.0.0.0.0.0.0.,4074521,8388608,219454952701952,160825612115953,1.0418009643487756,0.4484276498715765
1496,1.0.0.0.0.1.1.0.0.0.0.0.0.1.0.0.,4077463,8388608,2415285655044096,1770359095316149,1.0407596450835352,0.4481518034920984
1497,0.0.0.0.2.1.1.0.0.0.0.0.0.0.0.0.,2039103,4194304,1207804559884288,885340846093869,1.0404967794821123,0.4480821364496837
1498,0.1.0.0.0.0.0.0.0.1.0.0.0.0.2.0.,1019769,2097152,603996903440384,442764857528187,1.0401890434763366,0.4480004339636251
1499,0.0.0.0.0.0.1.0.0.1.0.1.0.0.0.1.,4080171,8388608,2416463952478208,1771534858880433,1.0398018138510396,0.44789761960752744
1500,0.0.0.0.0.1.1.0.1.0.1.0.0.0.0.0.,4082909,8388608,2417654866378752,1772723647890407,1.0388340175853936,0.4476406563509901
1501,0.0.0.0.0.1.2.1.0.0.0.0.0.0.0.0.,2041731,4194304,1208947692273664,886481875136313,1.0386386283828137,0.4475887851975786
1502,0.0.0.0.0.1.0.0.0.0.0.1.0.1.0.1.,2043231,4194304,1209599990431744,887133147420813,1.0375791117172501,0.44730747716307956
1503,0.0.0.0.1.0.0.2.0.0.0.1.0.0.0.0.,4087119,8388608,2419485596188672,1774551552102237,1.0373471813934654,0.44724586409060696
1504,0.0.0.0.0.1.0.0.0.1.0.1.0.0.0.1.,1022123,2097152,605020573663232,443786920833329,1.0368626132529892,0.44711705247181527
1505,0.0.1.0.0.0.1.0.1.1.0.0.0.0.0.0.,4091369,8388608,2421332599898112,1776396823574987,1.035847771117215,0.4468473682108411
1506,0.1.0.0.0.0.0.0.2.0.0.0.1.0.0.0.,2047527,4194304,1211467009359872,888998391243621,1.0345489543849877,0.44650240445922273
1507,1.0.0.0.0.0.2.0.0.0.0.0.1.0.0.0.,2047855,4194304,1211609548587008,889140802783165,1.0343178628900194,0.44644104811825436
1508,0.0.0.1.0.0.0.2.0.0.0.0.0.0.1.0.,4097115,8388608,44069627625472,32343484192839,1.0338230429585988,0.4463096052411944
1509,0.0.0.0.0.0.1.0.1.1.0.0.1.0.0.0.,4100191,8388608,2425165254230016,1780227172970893,1.0327403140342266,0.4460217041739459
1510,0.0.0.0.0.0.1.0.0.1.1.0.0.0.0.1.,4101287,8388608,2425641089630208,1780703035920101,1.0323547265159216,0.4459191563507657
1511,0.0.0.0.0.0.0.0.1.0.0.0.0.0.3.0.,1025391,2097152,606440337178624,445205826050493,1.032257290508251,0.44589324489162085
1512,0.0.1.0.0.0.0.0.0.0.0.1.2.0.0.0.,4102067,8388608,2425979720957952,1781041697508041,1.0320803747970309,0.44584619783925544
1513,1.1.0.0.0.0.1.0.1.0.0.0.0.0.0.0.,1026057,2097152,606729408610304,445494990944811,1.0313205522326638,0.44564403106228323
1514,0.0.0.0.0.0.0.0.1.0.2.0.0.0.0.1.,4105189,8388608,2427334514704384,1782397212222847,1.0309827864837375,0.445554060883639
1515,0.1.0.0.0.0.0.0.0.1.0.0.1.0.1.0.,2053341,4194304,1213990923403264,891522722618343,1.0304581938008324,0.44541416108151444
1516,0.0.2.1.0.0.0.0.1.0.0.0.0.0.0.0.,2055139,4194304,1214770459967488,892303380996697,1.0291954563168393,0.4450775199869945
1517,0.2.0.0.0.0.0.0.0.0.0.1.1.0.0.0.,1027765,2097152,607469988478976,446236572986095,1.0289210028093012,0.4450043755063832
1518,0.0.1.0.0.0.0.1.0.0.0.0.0.0.0.2.,2055839,4194304,1215073926250496,892607308062797,1.0287041442551437,0.44494656787783937
1519,0.0.0.0.0.0.0.1.0.1.0.1.0.0.1.0.,2056587,4194304,1215398062063616,892932075842001,1.0281793270778934,0.4448065559031862
1520,0.1.0.0.0.0.0.0.1.2.0.0.0.0.0.0.,1028591,2097152,607827880050688,446595206924093,1.027761995159006,0.4446950828502161
1521,0.1.1.0.0.0.0.1.1.0.0.0.0.0.0.0.,1029483,2097152,608214192226304,446982496842609,1.0265114239384836,0.4443611422158402
1522,0.0.0.0.0.0.0.0.0.0.0.1.1.0.0.2.,4118661,8388608,2433172449001472,1788246505700703,1.0262560453644654,0.44429295121905177
1523,1.0.1.0.0.0.0.0.1.0.0.0.0.0.0.1.,4120883,8388608,2434133984804864,1789211257044809,1.0254779274349863,0.4440848417622679
1524,0.0.0.0.0.0.0.0.0.0.0.1.1.2.0.0.,4123137,8388608,2435108942381056,1790189902197651,1.024689032040945,0.44387368155214735
1525,0.2.0.0.0.0.0.0.0.0.0.1.0.0.0.1.,2061791,4194304,1217650705301504,895191556487693,1.0245333339278364,0.44383200789667526
1526,0.0.0.0.0.0.0.0.0.0.0.0.2.1.0.1.,1031127,2097152,608925479075840,447696291266421,1.024209395752216,0.4437453134880038
1527,0.0.0.0.0.0.0.0.1.0.1.1.0.0.1.0.,2063577,4194304,406141020405760,298655668229257,1.0232841588219996,0.4434976442404271
1528,0.0.0.1.0.0.0.1.0.0.1.0.0.1.0.0.,2066615,4194304,1219736666898432,897286048154645,1.0211617837243412,0.4429298289719679
1529,0.1.0.0.2.0.0.1.0.0.0.0.0.0.0.0.,1033459,2097152,87133404528640,64101257511151,1.0209502762327245,0.4428732548049115
1530,0.0.1.0.0.0.0.1.0.1.0.0.0.0.1.0.,1033741,2097152,610055701397504,448831241767543,1.0205566616777184,0.4427678735557593
1531,1.0.0.0.0.1.0.0.0.0.0.0.0.0.1.1.,4135849,8388608,2440605057679360,1795709217718027,1.0202479169107748,0.44268510405786515
1532,0.1.0.0.0.0.0.0.1.1.0.0.0.0.0.1.,2069985,4194304,244238478475264,179749847977431,1.018811117300994,0.4422999566608907
1533,0.0.0.0.0.0.1.1.1.0.0.0.0.0.0.1.,517835,1048576,305444361863168,224834388962705,1.0178670465747592,0.4420468941163169
1534,0.1.0.0.0.0.0.1.0.0.0.0.1.0.1.0.,4144211,8388608,2444215850106880,1799339843613353,1.0173339718347314,0.44190400003207836
1535,0.0.0.1.0.0.0.0.0.0.0.0.1.0.0.2.,4145665,8388608,2444843452203008,1799971143547795,1.0168278898110767,0.441768311730701
1536,0.0.0.0.1.0.0.0.0.0.0.0.0.3.0.0.,2073731,4194304,1222809481117696,900375683872313,1.0162026677376532,0.44160064331680676
1537,0.2.0.0.0.0.1.0.0.0.0.0.0.0.1.0.,4148089,8388608,2445889545175040,1801023599559547,1.0159845822138924,0.4415421685409312
1538,0.0.0.0.1.0.0.0.1.1.1.0.0.0.0.0.,4150955,8388608,489425138089984,360453592760893,1.0149881387315927,0.441274674636734
1539,1.0.1.0.0.0.0.0.0.0.1.0.0.0.1.0.,2076307,4194304,1223920334143488,901494135475561,1.0144116562323973,0.44111964344551746
1540,0.0.0.1.0.0.1.2.0.0.0.0.0.0.0.0.,4154283,8388608,2448559538438144,1803712919913009,1.013831931202547,0.4409635400012396
1541,0.0.0.0.0.2.0.0.0.0.0.0.0.1.1.0.,129857,262144,10933259993088,8054501433173,1.0134357403255403,0.4408564413593261
1542,0.0.0.0.0.0.0.0.3.0.0.0.0.1.0.0.,129979,262144,76585273917440,56434480178017,1.012080971872189,0.4404901266858951
1543,0.0.0.2.0.0.0.0.0.1.0.1.0.0.0.0.,4162085,8388608,490382647361536,361420080831091,1.0111250019249536,0.44023126295971615
1544,1.0.0.0.0.1.0.2.0.0.0.0.0.0.0.0.,4162695,8388608,817391743270912,602455084961495,1.0109135743613382,0.4401739827007727
1545,0.1.0.0.0.2.0.0.0.0.0.0.0.1.0.0.,4164009,8388608,2452739481141248,1807935769405707,1.0104582438249186,0.4400505815229745
1546,0.0.0.0.0.1.0.1.0.0.0.0.2.0.0.0.,4164945,8388608,490628265803776,361668432662247,1.01013398640581,0.43996267062918204
1547,1.0.0.0.2.1.0.0.0.0.0.0.0.0.0.0.,520693,1048576,1091369435136,804538362119,1.009926513751808,0.4399064268061411
1548,0.0.0.0.0.0.0.0.3.0.0.0.0.0.0.1.,260495,524288,30680230133760,22620423166777,1.0091038442088578,0.4396833861083955
1549,1.0.0.0.0.0.0.0.0.0.0.0.0.3.0.0.,2084925,4194304,1227622998605824,905235911840775,1.0084359434443497,0.439501854621792
1550,0.0.0.0.0.0.0.0.0.1.0.0.0.1.2.0.,4171375,8388608,2455899905982464,1811133950504125,1.0079084166214025,0.43935851143542204
1551,0.0.0.0.0.0.0.0.0.0.1.0.1.0.2.0.,2085955,4194304,1228064642039808,905683118809465,1.0077233955300857,0.4393082300334212
1552,0.0.0.0.3.0.0.0.0.0.1.0.0.0.0.0.,4172127,8388608,818740765655040,603820151669807,1.0076483563556564,0.4392878242566459
1553,0.0.0.2.0.0.2.0.0.0.0.0.0.0.0.0.,1043503,2097152,614257496424448,453069721795069,1.0069966825222072,0.4391104792272827
1554,0.0.0.0.0.0.0.0.1.1.1.0.0.0.1.0.,522077,1048576,307268213014528,226676186983271,1.0060969231248913,0.43886568785492774
1555,0.1.0.0.0.1.1.0.0.0.0.1.0.0.0.0.,4178057,8388608,2458763105665024,1814035151440811,1.0055992558733935,0.43873033041710835
1556,0.0.0.0.0.0.0.0.0.1.0.1.0.2.0.0.,4181489,8388608,2460232756232192,1815525262427747,1.0044146629161892,0.4384078067552265
1557,0.0.0.1.2.0.0.0.0.0.0.0.0.0.1.0.,65353,131072,38448512761856,28375065072619,1.0040341566443525,0.4383040930143661
1558,0.0.0.1.0.0.0.0.0.1.0.1.0.1.0.0.,4188221,8388608,2463109797117952,1818448172440583,1.0020938596602365,0.43777313159042724
1559,0.0.0.0.0.0.0.0.0.1.0.2.0.0.0.1.,4188939,8388608,2463416518180864,1818759914774097,1.001846555074459,0.43770546877601196
1560,0.0.0.0.1.0.0.0.0.0.1.1.0.1.0.0.,523983,1048576,308083227099136,227503736966109,1.000839519551505,0.4374298970673953
1561,0.0.2.1.0.0.0.0.0.0.0.0.0.0.1.0.,4192603,8388608,2464981429780480,1820350755874369,1.0005852036509288,0.4373603137732706
1562,0.1.0.0.0.0.0.0.0.0.1.0.0.0.0.2.,4193033,8388608,2465165039632384,1820537453929259,1.0004372461511934,0.4373198147535483
1563,0.0.0.1.0.0.0.0.0.0.0.0.3.0.0.0.,524173,1048576,308164353327104,227586231455479,1.00031648278833,0.43728670895975796
1564,0.0.2.0.0.0.0.0.1.1.0.0.0.0.0.0.,4194999,8388608,2466003766214656,1821391054803477,0.9997609639190022,0.43713429920983043
1565,0.0.1.1.0.0.0.0.0.0.0.1.0.1.0.0.,4200709,8388608,2468438207365120,1823870231299807,0.9977985826752518,0.4365954452783351
1566,0.0.1.0.1.0.0.0.0.0.2.0.0.0.0.0.,4201541,8388608,2468792810602496,1824231470326943,0.9975128681873603,0.4365169661136698
1567,0.0.0.0.0.0.1.0.1.1.0.0.0.0.0.1.,4204019,8388608,2469848835686400,1825307372140937,0.9966622411226816,0.43628331929738295
1568,1.0.0.0.0.0.0.0.0.2.0.1.0.0.0.0.,4204629,8388608,2470108681207808,1825572222869967,0.9964529223412352,0.43622577422823916
1569,0.0.0.0.0.0.1.0.1.0.0.0.0.1.1.0.,4211217,8388608,2472914469257216,1828432610743491,0.9941942125523934,0.4356048868068806
1570,0.0.0.0.0.0.0.2.1.0.0.0.0.1.0.0.,4213479,8388608,2473877615673344,1829414729348517,0.9934194958715992,0.4353919590801801
1571,0.0.1.0.0.0.0.1.0.0.1.0.0.1.0.0.,4216529,8388608,2475176037974016,1830738982993667,0.9923755537859666,0.4351050212980906
1572,0.0.0.0.0.0.0.1.0.1.0.0.1.0.0.1.,527243,1048576,309472300892160,228919168731089,0.9918914895173373,0.4349720145956529
1573,0.0.0.0.1.2.0.0.0.0.0.0.0.1.0.0.,4219067,8388608,2476256222248960,1831840935699041,0.9915074325235782,0.4348663649822185
1574,0.1.0.0.0.0.0.1.1.0.0.0.1.0.0.0.,4222679,8388608,2477792478363648,1833409199360117,0.9902728502924392,0.43452654551308656
1575,0.0.0.0.0.0.1.0.0.0.0.1.2.0.0.0.,4223391,8388608,2478095005122560,1833718336604493,0.9900296131723239,0.4344594438911297
1576,1.0.0.0.1.0.0.0.0.0.0.0.2.0.0.0.,4223729,8388608,2478238618091520,1833865089959267,0.9899141582186637,0.4344275949793283
1577,0.0.2.0.0.0.0.0.0.1.0.0.0.1.0.0.,4225371,8388608,2478936281841664,1834578016020033,0.9893534108522074,0.4342729321507403
1578,0.0.0.1.0.0.2.0.0.0.0.0.0.0.0.1.,2113409,4194304,1239775499517952,917603138341907,0.9888594371030257,0.43413666808275236
1579,0.0.0.0.0.0.0.0.0.0.0.0.0.2.0.2.,4227571,8388608,2479870638555136,1835533215370633,0.9886024464751608,0.4340656436354644
1580,0.1.0.0.0.0.0.0.0.1.0.1.0.0.0.1.,4228999,8388608,2480476765814784,1836153226585477,0.9881152114524575,0.43393098746448583
1581,0.0.0.0.1.0.1.1.0.0.0.0.0.0.0.1.,2115269,4194304,1240564934639616,918410715974687,0.9875902872887774,0.4337858713767317
1582,1.1.0.1.0.0.0.0.0.1.0.0.0.0.0.0.,264591,524288,51716000579584,38293507784031,0.9865955360410569,0.4335108888327479
1583,1.0.0.0.0.1.0.0.0.0.0.2.0.0.0.0.,4234023,8388608,2482608545988608,1838334554557029,0.9864023243213923,0.4334574539535827
1584,1.0.0.0.0.2.0.0.0.0.0.1.0.0.0.0.,2117295,4194304,1241424532078592,919290367740285,0.98620913847398,0.4334040314055732
1585,0.1.0.0.0.0.0.0.1.1.1.0.0.0.0.0.,1059325,2097152,620999626194944,459939341851975,0.985286155835121,0.43314879316297267
1586,0.1.0.0.0.0.1.0.1.1.0.0.0.0.0.0.,4239509,8388608,2484935344521216,1840716474392207,0.9845342423692252,0.43294088938047737
1587,1.0.0.0.2.0.0.0.0.0.0.0.1.0.0.0.,4239847,8388608,2485078689054720,1840863227746981,0.9844192263411026,0.4329090934182478
1588,0.0.1.0.1.0.0.0.0.0.1.0.0.0.1.0.,4241201,8388608,2485652335624192,1841451109529123,0.9839585735769725,0.43278142872390696
1589,0.0.1.0.0.0.0.0.1.0.0.0.0.1.1.0.,265509,524288,155537098932224,115279101990207,0.9815987604459971,0.43212773283978284
1590,1.0.0.0.0.0.0.0.0.0.2.0.0.0.1.0.,4248897,8388608,829637500338176,614930856843377,0.9813430598159465,0.43205690453441353
1591,0.0.1.1.0.0.0.2.0.0.0.0.0.0.0.0.,2125221,4194304,1244783339110400,922731690491583,0.980818556942788,0.4319115448424577
1592,0.1.0.1.0.0.1.0.0.0.0.1.0.0.0.0.,4253443,8388608,2490837283897344,1846766359733689,0.9798003098716114,0.43162942141192884
1593,0.0.0.0.0.1.2.0.0.0.0.0.1.0.0.0.,2127061,4194304,1245562355580928,923530584493903,0.9795700230774832,0.43156560312558895
1594,0.1.1.0.0.1.0.0.0.0.0.0.1.0.0.0.,1063841,2097152,622912576946176,461900105609843,0.9791488866531427,0.4314488254737076
1595,0.0.0.0.0.1.2.0.0.0.0.1.0.0.0.0.,2127977,4194304,1245949976379392,923928294768971,0.9789488729594967,0.43139335193619927
1596,0.2.0.0.0.0.0.0.0.0.1.0.1.0.0.0.,2128397,4194304,1246127680651264,924110651008631,0.978664155536103,0.4313143849808825
1597,0.0.0.1.0.0.0.1.0.0.0.0.0.0.0.2.,4258415,8388608,356134435160064,264132158609435,0.9781148774879587,0.43116197558617425
1598,0.0.0.0.0.0.0.0.0.0.1.1.0.0.0.2.,4259331,8388608,92345496240128,68493437797819,0.9778045820970069,0.4310758282644438
1599,0.2.0.0.0.0.1.0.0.0.0.0.0.1.0.0.,4260743,8388608,2493925398937600,1849935884851589,0.9773263971853771,0.4309430396906385
1600,0.0.0.1.0.0.0.0.0.0.1.2.0.0.0.0.,4262289,8388608,2494578804391936,1850607129486147,0.9768030138265732,0.4307975911899119
1601,0.0.1.1.1.0.0.0.1.0.0.0.0.0.0.0.,4269883,8388608,2497786473873408,1853904303971809,0.9742348918915033,0.4300833758632733
1602,0.1.0.0.0.1.0.0.0.0.0.0.0.1.1.0.,1068215,2097152,124952164433920,92759843118289,0.9732293826983589,0.4298036070338706
1603,0.0.0.0.0.0.0.0.0.1.0.0.2.0.0.1.,2136733,4194304,1249649553833984,927729988184359,0.9730247864317891,0.4297466872402878
1604,1.0.0.1.0.0.0.0.0.1.0.1.0.0.0.0.,4276409,8388608,2500541158522880,1856737772590907,0.9720315902334763,0.4294702741991854
1605,1.0.0.0.0.0.0.0.0.0.0.3.0.0.0.0.,2138347,4194304,1250330708803584,928430757162481,0.9719354454572926,0.42944351160935246
1606,1.0.0.0.0.3.0.0.0.0.0.0.0.0.0.0.,4276979,8388608,2500781676691456,1856985256059017,0.9718393070880084,0.42941675208984664
1607,0.0.0.1.1.0.0.1.0.0.0.1.0.0.0.0.,133777,262144,11171516383232,8297643086053,0.970529427806772,0.4290515178544088
1608,0.2.0.0.1.1.0.0.0.0.0.0.0.0.0.0.,4281593,8388608,2502727028441088,1858988569606139,0.9702837682519622,0.4289830458032336
1609,1.0.0.0.0.0.1.0.0.0.0.1.0.0.0.1.,4283545,8388608,2503549716004864,1859836091939035,0.9696261861397836,0.4287996233668905
1610,1.0.0.0.0.0.1.0.1.0.0.0.0.1.0.0.,2144239,4194304,1252814240088064,930988954695997,0.9679657110285201,0.4283365594140116
1611,0.1.0.1.0.0.1.0.0.0.0.0.0.1.0.0.,2147131,4194304,1254032886726656,932244607660513,0.9660212155923905,0.4277947307634077
1612,0.0.0.0.0.2.0.0.0.0.0.0.0.1.0.1.,134235,262144,78393614532608,58282356739905,0.9655986413351128,0.42767692970301574
1613,1.1.0.0.0.0.0.0.1.0.0.0.0.0.1.0.,2148871,4194304,1254765715521536,933000083510533,0.9648525524919471,0.4274689001624053
1614,0.0.0.0.1.0.0.1.0.0.0.0.1.0.0.1.,1074801,2097152,627536738385920,466658735101923,0.9643618619211065,0.4273320216072351
1615,0.0.0.0.0.0.0.0.0.0.0.1.1.0.2.0.,2149811,4194304,2095428141056,1558277486047,0.9642215993951369,0.4272928873901169
1616,0.1.0.0.0.2.1.0.0.0.0.0.0.0.0.0.,4300387,8388608,2510644901314560,1867148577149401,0.9639649341499746,0.42722125856979165
1617,0.0.0.1.0.0.0.0.0.0.1.1.0.1.0.0.,4305781,8388608,2512915194183680,1869490552284463,0.9621564874476707,0.4267168036280582
1618,1.0.0.0.1.0.0.0.0.0.0.1.0.0.0.1.,4307415,8388608,2513602657386496,1870200004893045,0.961609103242065,0.426564046394431
1619,0.0.0.0.1.0.0.0.0.0.0.0.1.2.0.0.,2155003,4194304,1257346185560064,935662484609569,0.9607415529706821,0.42632180733299063
1620,0.0.0.0.0.0.0.0.0.0.1.1.0.2.0.0.,4313333,8388608,2516091456716800,1872769491146159,0.9596283306703195,0.4260110261524257
1621,1.0.0.1.0.0.0.0.0.0.0.2.0.0.0.0.,4314579,8388608,2516615174291456,1873310481323817,0.9592116370291595,0.425894594301156
1622,1.0.1.0.0.0.0.1.0.0.0.0.0.1.0.0.,539717,1048576,314742722789376,234335149048991,0.958156395544773,0.42559965441930336
1623,0.0.0.0.1.0.0.0.0.0.2.0.0.1.0.0.,4319189,8388608,2518552204541952,1875312058144847,0.9576709829901457,0.42546395066062453
1624,0.1.0.1.1.0.1.0.0.0.0.0.0.0.0.0.,2160945,4194304,1259843373498368,938242391219235,0.9567690772368597,0.42521179527313296
1625,0.0.0.0.0.0.0.1.0.1.1.0.0.1.0.0.,4325569,8388608,2521232054419456,1878082136261587,0.9555415084503148,0.4248687507223749
1626,0.0.0.0.0.0.0.0.1.0.1.2.0.0.0.0.,4326457,8388608,2521604642832384,1878467689454011,0.955245366667845,0.42478579508447917
1627,0.0.0.0.0.0.1.0.0.0.2.0.0.0.0.1.,270441,524288,157615997845504,117420485261643,0.9550456386889599,0.42472985012886966
1628,0.0.0.0.0.0.0.1.0.1.0.1.1.0.0.0.,4328549,8388608,2522482359664640,1879375997200127,0.9545479395177503,0.42459045195210826
1629,0.0.0.1.0.0.0.0.0.0.0.1.0.0.1.1.,4331439,8388608,2523694479966208,1880630781801597,0.953585030834055,0.4243206303469047
1630,0.0.1.1.0.0.0.0.1.0.0.0.1.0.0.0.,542277,1048576,315817008824320,235446653747871,0.9513295440162931,0.42368865322809457
1631,0.0.0.0.1.1.0.0.0.2.0.0.0.0.0.0.,4338971,8388608,360978948554752,269128719576119,0.9510784869032863,0.4236183512359285
1632,0.0.0.1.1.0.0.0.0.1.0.0.1.0.0.0.,4342419,8388608,2528297963487232,1885398094924137,0.9499324923649582,0.4232973217347849
1633,0.0.1.0.0.1.1.0.1.0.0.0.0.0.0.0.,4345065,8388608,2529406870355968,1886546939233995,0.9490536714782127,0.42305112553394936
1634,0.0.0.0.1.0.0.0.0.0.0.0.2.0.1.0.,2172793,4194304,1264812554190848,943386573903739,0.9488806938457652,0.4230026187168556
1635,0.2.0.0.0.1.0.0.0.0.1.0.0.0.0.0.,4346607,8388608,2530052726063104,1887216447142461,0.9485417709425297,0.42290755399195396
1636,0.0.0.1.0.0.0.2.0.0.0.0.1.0.0.0.,4348079,8388608,2530669053870080,1887855562344317,0.9480532778283498,0.42277046256067574
1637,0.0.0.0.1.0.0.1.0.1.0.0.0.0.0.1.,2174897,4194304,1265693492248576,944300091828131,0.9474843520628923,0.4226107598281018
1638,1.0.0.0.0.1.0.1.0.0.0.1.0.0.0.0.,1087731,2097152,70329443549184,52474744688257,0.9471096139308507,0.4225055604451983
1639,0.1.0.0.0.0.0.0.0.0.0.2.0.0.0.1.,1087935,2097152,633050337640448,472361275225005,0.9468390670829394,0.42242952595788047
1640,1.0.0.0.1.0.0.0.1.1.0.0.0.0.0.0.,4354715,8388608,2533445884444672,1890736790930945,0.945853127819786,0.4221524725740145
1641,0.0.0.0.0.0.1.1.1.1.0.0.0.0.0.0.,2179293,4194304,1267532434505728,946208753803239,0.9445712547682992,0.42179225134446335
1642,1.1.0.0.0.0.0.0.0.1.1.0.0.0.0.0.,4359881,8388608,2535606370435072,1892979772678763,0.9441426725205965,0.4216718024323938
1643,0.0.0.1.0.0.0.1.1.1.0.0.0.0.0.0.,4366543,8388608,2538390448766976,1895872289984989,0.9419398833300601,0.4210522134483572
1644,0.0.0.0.1.0.0.1.0.0.0.0.0.0.1.1.,136501,262144,79344146317312,59266212071023,0.9414480052623365,0.4209139385919837
1645,0.0.0.1.0.0.1.1.0.1.0.0.0.0.0.0.,4371711,8388608,2540549005377536,1898116140095853,0.9402333985241439,0.4205720236723966
1646,1.0.0.1.0.0.0.0.1.0.0.0.1.0.0.0.,136827,262144,8831141150720,6600861694169,0.9380065809929831,0.41994550340646025
1647,0.0.0.0.0.1.0.0.1.1.1.0.0.0.0.0.,4381755,8388608,2544742738952192,1902477059312865,0.9369226104660073,0.4196407569108708
1648,0.0.1.0.0.0.0.0.1.0.1.1.0.0.0.0.,2192425,4194304,1273017225183232,951910425563275,0.9359039398775496,0.4193542125272419
1649,0.0.0.1.1.1.0.0.0.0.1.0.0.0.0.0.,4387987,8388608,2547342838333440,1905182878564201,0.9348721791059401,0.4190636514610705
1650,0.1.0.0.0.0.1.0.0.0.0.0.0.0.0.2.,4388417,8388608,2547522153218048,1905369576619091,0.9347308093904898,0.41902383367891655
1651,0.0.0.0.0.1.0.0.2.0.0.0.0.0.0.1.,4392447,8388608,2549202424954880,1907119328156781,0.9334065521367612,0.4186508225648275
1652,0.1.0.0.0.1.0.0.0.2.0.0.0.0.0.0.,4392995,8388608,2549430863527936,1907357259631385,0.9332265732846027,0.41860012039450495
1653,0.1.0.0.0.1.0.0.1.0.0.0.0.1.0.0.,4398473,8388608,2551714007744512,1909735706014379,0.9314286745817231,0.41809364984822805
1654,0.0.1.0.0.0.0.0.2.1.0.0.0.0.0.0.,4401447,8388608,850984502820864,637008987287927,0.9304535349861464,0.41781913240624685
1655,0.1.0.0.0.0.0.2.0.0.0.1.0.0.0.0.,2201115,4194304,255327979175936,191136692599629,0.9301969080744606,0.41774687908939556
1656,0.1.1.0.0.0.0.0.0.0.0.0.0.2.0.0.,2202241,4194304,1277108584185856,956172351393043,0.9294590732723466,0.41753859863291326
1657,0.0.0.0.0.1.0.0.1.0.1.0.1.0.0.0.,4407945,8388608,511131659534336,382769654680047,0.9283252078380528,0.4172184947719823
1658,0.1.1.0.0.0.0.0.0.0.0.2.0.0.0.0.,4408765,8388608,2555999479136256,1914204302249095,0.9280568515153566,0.41714272599297925
1659,0.0.0.0.0.0.0.0.0.0.0.1.0.1.0.2.,2204929,4194304,1278227104399360,957339431326867,0.9276992297669802,0.4170417466596765
1660,0.0.0.1.0.2.0.0.0.0.0.0.0.1.0.0.,2206189,4194304,1278751291736064,957886500045847,0.9268750415222046,0.4168090710243909
1661,0.1.0.1.0.1.1.0.0.0.0.0.0.0.0.0.,4415243,8388608,2558693900025856,1917016930155089,0.9259385895750104,0.41654448792382875
1662,0.0.0.2.0.0.0.0.0.0.0.0.0.2.0.0.,4419707,8388608,2560549862768640,1918955116473761,0.9244806998958215,0.41613268570851986
1663,0.0.1.0.0.0.0.0.0.0.0.0.0.1.2.0.,2210223,4194304,426809514524672,319879329436543,0.9242394932927909,0.4160645686855423
1664,0.0.0.0.3.0.0.0.0.0.0.0.0.0.0.1.,2210285,4194304,182922044768256,137094986794865,0.924199024146466,0.4160531348135274
1665,0.0.0.1.1.0.0.0.0.0.1.0.0.0.0.1.,4423629,8388608,2562179937075200,1920657976406967,0.9232010356783042,0.41577116485971954
1666,0.0.0.0.0.0.0.0.0.2.0.0.2.0.0.0.,4423979,8388608,2562325395537920,1920809939940017,0.9230868933554133,0.41573892398458095
1667,0.0.0.0.0.0.0.0.2.1.0.0.0.0.1.0.,4427189,8388608,2563659385536512,1922203662628847,0.9220404661981643,0.415443392852664
1668,0.0.0.1.0.0.0.0.0.2.0.0.0.1.0.0.,1107539,2097152,641222993510400,480872969801897,0.9210739290820373,0.41517032616641397
1669,0.2.1.0.0.0.0.0.1.0.0.0.0.0.0.0.,4431297,8388608,2565365628403712,1923987280325331,0.9207024064771663,0.41506519907389694
1670,0.0.0.1.1.1.0.0.0.0.0.1.0.0.0.0.,554229,1048576,106934067789824,80211997103589,0.9198773238352024,0.4148316118399902
1671,0.0.0.1.0.0.1.0.0.0.1.0.1.0.0.0.,2218501,4194304,1283866144800768,963232142957023,0.9188462272158113,0.41453935508766915
1672,0.0.0.0.0.1.0.0.1.0.0.0.1.0.0.1.,4439569,8388608,2568796770402304,1927578829883587,0.9180118062951201,0.4143028948429267
1673,0.1.0.1.0.0.0.0.0.0.1.0.0.1.0.0.,1111581,2097152,214299779792896,160875977172621,0.9158183504705952,0.4136814560419723
1674,0.1.0.0.0.0.1.0.0.0.0.2.0.0.0.0.,4447125,8388608,2571929277956096,1930859505471375,0.9155584740759869,0.4136077787318826
1675,0.0.0.0.1.0.0.0.0.2.0.0.0.1.0.0.,4448597,8388608,2572539163312128,1931498620673231,0.9150810205045801,0.4134723929922938
1676,0.1.0.0.0.0.1.0.0.0.2.0.0.0.0.0.,4449161,8388608,2572772769267712,1931743499052203,0.9148981249922159,0.41342049912114814
1677,1.0.0.0.0.0.0.0.0.1.0.1.0.0.1.0.,4450585,8388608,2573362521964544,1932361773540955,0.9144364493992815,0.4132894923686715
1678,0.1.0.0.1.0.0.1.0.1.0.0.0.0.0.0.,139125,262144,3217435394048,2416220175495,0.9139778379959534,0.41315925478287885
1679,0.3.0.0.0.0.0.0.0.0.0.0.0.1.0.0.,2226157,4194304,1287039118999552,966556236697111,0.913876088160306,0.41313032466588206
1680,0.0.0.0.0.0.0.0.1.2.0.0.0.1.0.0.,2227637,4194304,1287651218948096,967198825351151,0.912917270245015,0.41285747163259207
1681,1.0.0.0.0.0.0.0.0.1.0.0.2.0.0.0.,4455879,8388608,858517539913728,644886776841239,0.9127213740459308,0.4128017215270535
1682,1.0.0.0.2.0.0.0.0.0.0.0.0.0.0.1.,4456479,8388608,858600218034176,644973613145839,0.9125271230910564,0.41274640025699594
1683,1.0.0.0.0.0.0.0.0.1.0.0.1.0.0.1.,2229051,4194304,1288235770707968,967812758024673,0.9120018052825731,0.4125967946658763
1684,0.0.0.0.1.0.0.0.0.0.1.1.1.0.0.0.,1114821,2097152,214746674495488,161344893217461,0.9116193466678362,0.4124878750690645
1685,0.1.0.0.0.0.0.0.0.1.1.0.0.0.0.1.,4460605,8388608,515501218332672,387342454480283,0.9111920318967786,0.41236620133782
1686,0.1.0.0.0.1.1.0.0.1.0.0.0.0.0.0.,557727,1048576,107416941232128,80718252759407,0.910800410899463,0.4122546944227869
1687,0.1.0.0.1.1.0.1.0.0.0.0.0.0.0.0.,4463217,8388608,859528534949888,645948784846497,0.910347479068536,0.4121257527167483
1688,0.1.1.0.0.0.0.1.0.0.0.0.0.0.0.1.,2232267,4194304,1289564861759488,969209085802641,0.9099218333750947,0.4120045043228113
1689,1.0.1.0.1.0.0.1.0.0.0.0.0.0.0.0.,4466107,8388608,2579779605757952,1939101139140961,0.9094136146878165,0.4118597662972192
1690,0.0.0.2.0.1.0.0.0.0.0.0.0.0.1.0.,4468425,8388608,860245660270592,646702523970425,0.9086650209887144,0.41164646794504545
1691,0.0.1.1.0.0.0.0.0.1.0.0.0.0.1.0.,69865,131072,40342954704896,30334092104395,0.9077177252546129,0.41137661800269454
1692,0.0.0.0.0.1.0.0.0.1.0.0.1.1.0.0.,4475245,8388608,2583552868745216,1943068689898135,0.9064647649224754,0.41101950388147174
1693,0.0.0.1.0.0.1.0.0.0.0.0.0.1.0.1.,280125,524288,161646245838848,121625099130375,0.9042887818275197,0.41039902103791237
1694,0.0.1.0.0.1.0.0.1.0.0.1.0.0.0.0.,2242359,4194304,1293730627715072,973590845732757,0.9034141596432971,0.4101497517295705
1695,0.0.0.0.1.1.0.0.0.0.2.0.0.0.0.0.,2242743,4194304,1293889004634112,973757571437589,0.9031671218291939,0.4100793160660454
1696,0.0.1.1.0.0.0.1.0.1.0.0.0.0.0.0.,4488375,8388608,2588969258713088,1948769493295125,0.9022382137221662,0.40981438076199084
1697,0.1.0.1.0.0.0.0.0.1.0.0.0.0.1.0.,1122939,2097152,647590844563456,487559365256097,0.901151870513204,0.40950469722614746
1698,0.0.0.1.0.0.0.0.0.1.0.0.1.1.0.0.,2248763,4194304,1296371025969152,976371344206049,0.8992998090183811,0.4089768229452004
1699,0.1.0.0.1.0.0.0.0.1.1.0.0.0.0.0.,4498767,8388608,864417851899904,651093835894047,0.8989017818404981,0.40886338680757406
1700,0.0.0.0.1.0.0.0.0.2.0.1.0.0.0.0.,4499453,8388608,2593536218234880,1953579356206919,0.8986818074900227,0.4088006564773538
1701,0.0.0.0.1.1.0.0.0.0.0.1.0.1.0.0.,140685,262144,16215951540224,12216565512651,0.897891010629369,0.4085749304999936
1702,1.0.0.0.0.1.0.0.0.0.0.1.1.0.0.0.,4502945,8388608,2594974059200512,1955095518085235,0.8975625742956099,0.4084810231576204
1703,0.0.1.1.0.0.0.0.0.0.1.0.0.0.0.1.,4505553,8388608,2596047197044736,1956227863497219,0.89672724108651,0.4082421855480116
1704,0.0.0.0.0.0.0.0.1.1.0.0.0.0.2.0.,4507189,8388608,2596720164732928,1956938184468847,0.8962034828089919,0.4080923655135257
1705,0.0.0.1.0.0.2.0.0.0.0.0.0.0.1.0.,4508553,8388608,2597281060618240,1957530408066219,0.8957669494541585,0.40796742304218686
1706,0.0.0.0.0.0.0.0.0.0.1.0.1.2.0.0.,4511161,8388608,2598353191829504,1958662753478203,0.8949326549806321,0.40772853553091887
1707,0.0.0.0.3.0.1.0.0.0.0.0.0.0.0.0.,4511403,8388608,2598452647165952,1958767825406769,0.8948552640749032,0.40770636459112514
1708,0.0.0.0.0.0.0.0.1.0.0.3.0.0.0.0.,4511711,8388608,2598579080265728,1958901553315853,0.8947567725623796,0.407678068688578
1709,0.0.0.0.1.1.1.1.0.0.0.0.0.0.0.0.,4513147,8388608,2599168262537216,1959525037982881,0.8942976606082191,0.40754602547740787
1710,0.0.0.0.0.0.0.0.0.0.0.2.0.0.2.0.,1128353,2097152,649819244724224,489910024021619,0.8942129518757009,0.40752165961500264
1711,0.0.0.1.0.2.0.0.0.1.0.0.0.0.0.0.,4515289,8388608,63415779328000,47815976946467,0.8936131006610555,0.4073491089673472
1712,0.0.1.0.0.0.0.0.1.0.0.0.0.1.0.1.,2261137,4194304,1301455965257728,981743906371651,0.8913830245073049,0.4067078556972286
1713,0.1.1.0.0.2.0.0.0.0.0.0.0.0.0.0.,1130769,2097152,216936730329088,163653002193729,0.8911271932955054,0.4066342728336455
1714,0.1.0.0.0.0.0.0.0.1.0.0.1.1.0.0.,4525655,8388608,2604297862774784,1964955780472565,0.8903048214930506,0.40639761776374783
1715,0.0.1.0.1.0.0.0.0.0.1.0.0.1.0.0.,1132121,2097152,651364275322880,491546020000283,0.8894032704116075,0.40613810366808983
1716,1.1.0.0.0.0.0.0.0.0.0.0.0.1.1.0.,2265025,4194304,1303049129689088,983432004133075,0.8889044567058713,0.4059942686712788
1717,1.1.0.0.1.0.1.0.0.0.0.0.0.0.0.0.,4531683,8388608,868922265960448,655857675564403,0.8883844852992375,0.40584434221223437
1718,0.2.0.0.0.0.0.0.1.0.0.0.0.1.0.0.,4534425,8388608,521577825304576,393752710485855,0.8875118131619243,0.405592680555331
1719,0.0.0.0.1.1.0.0.0.0.0.0.1.0.0.1.,1133879,2097152,652083917225984,492309311117717,0.8871647369687713,0.4054926123058672
1720,0.1.0.0.0.0.0.0.0.1.0.0.0.0.1.1.,4536833,8388608,2608874687299584,1969809061536659,0.8867458753526237,0.40537185604335624
1721,0.0.0.0.0.0.0.0.0.0.0.3.0.0.0.1.,4537077,8388608,869658181763072,656638333942757,0.8866682863992262,0.40534948701680257
1722,0.0.0.1.0.0.0.0.1.0.1.0.0.0.1.0.,283957,524288,163220376518656,123288882726511,0.8846870485924249,0.4047784612606069
1723,0.0.1.0.0.0.0.0.0.0.1.0.0.1.0.1.,2273119,4194304,1306361338003456,986946269380237,0.883758218048459,0.4045105500620372
1724,0.0.0.0.0.0.0.0.1.0.0.0.0.0.2.1.,4547149,8388608,2613095130202112,1974288078127927,0.8834691518981572,0.40442713127305174
1725,0.0.0.1.0.1.0.0.0.0.0.0.1.0.1.0.,568765,1048576,326788708302848,246947253929095,0.8825268367662501,0.4041552082313856
1726,0.2.0.1.0.0.0.0.0.0.0.0.0.1.0.0.,4552217,8388608,2615166646616064,1976488510086491,0.8818620994456549,0.4039633140836219
1727,0.1.0.0.1.0.0.0.0.2.0.0.0.0.0.0.,1138209,2097152,653854894981120,494189317112307,0.8816659384278802,0.4039066806882618
1728,0.0.0.0.0.0.0.0.0.1.0.2.1.0.0.0.,1138375,2097152,653922708488192,494261391245125,0.8814555465625135,0.4038459078562633
1729,0.0.1.0.0.0.0.0.0.0.0.0.2.1.0.0.,4554603,8388608,2616141134430208,1977524467200369,0.881106123057338,0.40374482805602424
1730,0.0.1.0.0.0.1.0.0.1.0.0.0.1.0.0.,569719,1048576,327178333978624,247361463102037,0.8801090049984814,0.4034564572747649
1731,1.0.0.2.0.0.0.0.0.0.1.0.0.0.0.0.,570107,1048576,327336677343232,247529925532961,0.8791268100012,0.4031723094952944
1732,0.0.0.0.0.0.0.0.0.2.1.0.0.0.0.1.,4561351,8388608,2618895282208768,1980454324117573,0.878970239547155,0.40312694571808183
1733,0.1.0.0.0.0.0.0.0.0.2.0.0.1.0.0.,2281399,4194304,1309742651670528,990541292390677,0.8785126451475748,0.40299434510284765
1734,1.0.0.1.0.0.0.0.0.0.1.0.0.1.0.0.,571165,1048576,327768044732416,247989289584295,0.8764519493360599,0.402397394478995
1735,0.0.0.1.0.0.1.0.0.0.1.0.0.0.1.0.,4572257,8388608,2623341579993088,1985189507807411,0.8755249330278497,0.4021289354467642
1736,0.0.0.0.1.0.0.0.1.0.0.1.1.0.0.0.,571969,1048576,328095569543168,248338371528787,0.8744225686962817,0.40180891847010025
1737,1.0.0.0.0.1.0.0.0.0.0.0.0.1.1.0.,1144779,2097152,218844509503488,165680629906139,0.8733623182730132,0.40150124556386435
1738,0.0.1.0.0.0.1.0.0.0.2.0.0.0.0.0.,2289985,4194304,262648146952192,198853834989431,0.8730932823520732,0.40142302049564016
1739,0.0.0.0.0.0.0.0.0.1.0.0.1.0.0.2.,4580869,8388608,2626847078612992,1988928679083487,0.8728101242601293,0.40134067315391375
1740,0.0.0.0.1.0.0.0.0.0.1.0.0.1.0.1.,572965,1048576,65700154572800,49754163265139,0.8719125120062119,0.40107951408639303
1741,1.0.0.0.0.0.0.0.0.1.0.0.1.0.1.0.,4585293,8388608,2628645596168192,1990849498141239,0.8714175057669182,0.40093548347839686
1742,1.0.0.1.0.0.0.1.0.0.0.0.1.0.0.0.,4588363,8388608,2629893485494272,1992182435416849,0.8704518986107591,0.4006546002534099
1743,0.0.1.0.0.1.0.0.0.1.0.0.0.1.0.0.,2295685,4194304,263111567212544,199348801925651,0.8695067329631051,0.4003797404618072
1744,0.0.0.0.0.0.0.2.0.1.0.0.0.1.0.0.,4592977,8388608,2631768775589888,1994185748963971,0.8690018716040192,0.40023294477698945
1745,0.2.0.0.0.0.0.1.0.0.0.0.0.1.0.0.,2297225,4194304,188026227523584,142487521310525,0.868539263343091,0.40009833821467283
1746,1.0.0.0.1.1.0.0.0.1.0.0.0.0.0.0.,574449,1048576,109701293408256,83138380568609,0.8681807105214225,0.3999939841520578
1747,0.0.0.0.0.0.1.1.0.0.0.0.1.0.0.1.,4596833,8388608,2633334962257920,1995859952916659,0.8677911757563045,0.3998805529317121
1748,0.0.0.0.0.0.0.0.0.0.1.0.3.0.0.0.,4597075,8388608,2633433209634816,1995965024845225,0.8677152271607832,0.3998584289963311
1749,0.0.0.0.0.0.1.1.0.0.0.0.2.0.0.0.,4597933,8388608,2633781135540224,1996337552591959,0.8674459870799317,0.3997797833914834
1750,0.0.0.0.2.0.0.0.0.1.0.0.0.0.0.1.,4598663,8388608,2634077085630464,1996654505103749,0.8672169529064047,0.39971285142726537
1751,0.0.0.0.2.0.0.0.1.0.0.1.0.0.0.0.,4600619,8388608,2634870043967488,1997503764162737,0.8666034459952121,0.3995335857566677
1752,0.1.0.0.0.1.1.0.0.0.0.0.0.0.0.1.,4602085,8388608,2635464192294912,1998140274275455,0.8661438004501998,0.3993992231294864
1753,0.0.0.0.1.1.0.0.0.0.0.1.0.0.0.1.,575427,1048576,329500434890752,249839771235321,0.8657266092266467,0.39927721589948517
1754,0.2.0.0.0.0.0.0.0.0.1.1.0.0.0.0.,575527,1048576,329540935090176,249883189387621,0.8654759137089251,0.399203836828345
1755,1.1.0.0.0.1.0.0.0.0.1.0.0.0.0.0.,575771,1048576,329639710949376,249989129679233,0.864864399408983,0.39902468790244766
1756,1.0.1.0.0.0.2.0.0.0.0.0.0.0.0.0.,4606921,8388608,2637422462500864,2000239976120683,0.8646285720185803,0.39895558490251043
1757,0.0.0.0.0.0.0.1.0.1.0.0.0.2.0.0.,2305039,4194304,1319349503655936,1000805343594397,0.8636402702031629,0.39866539624267033
1758,0.0.0.0.1.0.0.0.0.0.0.0.0.2.1.0.,1153263,2097152,219991777476608,166908495253183,0.8627098755973607,0.3983922154791696
1759,0.0.0.0.0.0.1.0.0.0.1.0.1.0.1.0.,576861,1048576,110026809147392,83487462513101,0.8621357955469868,0.39822362742190237
1760,0.0.0.0.0.0.0.1.1.0.0.0.0.0.2.0.,4616503,8388608,2641295851913216,2004400303474069,0.8616310065038608,0.39807524571687974
1761,2.0.0.0.0.0.0.1.0.0.0.0.1.0.0.0.,2308681,4194304,1320821402370048,1002386632701163,0.8613625869322733,0.39799632186198075
1762,1.0.0.0.0.0.0.0.0.2.0.0.1.0.0.0.,4618205,8388608,2641983046680576,2005139280426215,0.8610992155717825,0.39791875675451194
1763,1.0.0.1.0.0.0.0.0.1.0.0.0.0.1.0.,2310681,4194304,1321628386459648,1003254995747163,0.8601133277219879,0.3976282388884265
1764,0.0.0.0.0.0.1.0.0.3.0.0.0.0.0.0.,577715,1048576,330425148899328,250833178559945,0.8600015717460274,0.39759530455407605
1765,0.0.0.0.0.2.0.1.0.0.0.0.0.0.0.1.,4622365,8388608,528732267741184,401389095112379,0.8598002455351836,0.3975359526522657
1766,0.0.1.0.0.0.1.0.0.0.0.0.1.0.1.0.,4623719,8388608,2644207336423424,2007533357344037,0.8593777079291384,0.39741134536581546
1767,0.1.0.1.0.0.0.0.0.1.0.0.1.0.0.0.,4626943,8388608,2645506698248192,2008933158574189,0.8583721044382434,0.3971145071829617
1768,0.0.0.0.1.0.0.0.0.0.1.0.0.1.1.0.,1157385,2097152,661638298468352,502515181997355,0.8575625790235705,0.39687556263822116
1769,0.0.0.0.1.0.0.0.1.1.0.0.0.0.0.1.,72393,131072,13791707529216,10477234331513,0.8564374169752538,0.3965431457799191
1770,0.0.0.0.0.1.0.1.0.1.0.1.0.0.0.0.,1158607,2097152,662130407768064,503045751818461,0.8560401441416107,0.3964257678264338
1771,0.1.0.0.1.0.0.2.0.0.0.0.0.0.0.0.,1158821,2097152,662216575549440,503138666664383,0.8557736963903728,0.3963470561181166
1772,0.0.0.0.0.0.0.0.1.0.0.0.2.0.1.0.,289797,524288,165591078928384,125824502820831,0.8553168654769205,0.3962120537987069
1773,0.0.0.0.0.0.0.0.0.0.0.0.1.3.0.0.,4638491,8388608,240923388674048,183086098800163,0.8547758884468842,0.3960522005836222
1774,0.0.1.0.0.0.0.1.2.0.0.0.0.0.0.0.,4641701,8388608,2651448852611072,2015340809490623,0.8537778377026866,0.3957570885369611
1775,0.1.0.0.0.0.1.0.1.0.0.0.0.1.0.0.,4647785,8388608,2653896598093824,2017982369876555,0.8518880974342259,0.3951985907116944
1776,0.0.0.0.0.2.0.0.1.0.0.0.1.0.0.0.,1162323,2097152,663625714892800,504659170357929,0.8514203931341193,0.39506042093048405
1777,0.2.0.0.0.0.0.0.0.0.1.0.0.0.0.1.,2324861,4194304,1327337866002432,1009411689743303,0.851286968478984,0.395020947608324
1778,0.0.0.0.0.0.0.0.0.0.1.0.1.0.0.2.,4650533,8388608,2655001679757312,2019175500701759,0.851035356951961,0.39494646292731045
1779,0.0.0.0.0.1.0.1.0.0.0.1.0.0.0.1.,4651753,8388608,2655491977117696,2019705202159819,0.8506569364303868,0.39483443932402684
1780,0.1.0.0.0.0.0.1.0.0.2.0.0.0.0.0.,2326209,4194304,1327879568752640,1009996966436307,0.8504507080186724,0.3947733484545964
1781,0.0.0.0.0.1.0.0.0.0.0.2.0.1.0.0.,4653729,8388608,295142837714944,224507016094363,0.8500442297605667,0.39465280056849117
1782,0.0.1.0.1.0.0.0.1.0.0.0.1.0.0.0.,1164145,2097152,664357570609152,505450249092835,0.8491606664566769,0.39439084185662393
1783,0.0.0.0.1.2.0.1.0.0.0.0.0.0.0.0.,1164311,2097152,664424209711104,505522323225653,0.8489549615799746,0.394329840803258
1784,0.0.0.0.0.0.0.1.1.1.1.0.0.0.0.0.,4661115,8388608,886416892493824,674590003192715,0.8477563228873611,0.3939744360725964
1785,0.0.0.0.0.1.0.0.1.0.2.0.0.0.0.0.,1165607,2097152,664944404070400,506085022479461,0.8473499840950781,0.39385394347412833
1786,0.0.0.0.0.0.1.0.0.0.1.1.0.0.0.1.,4663745,8388608,2660306031476736,2024911906983635,0.846942522345981,0.3937330719497476
1787,0.0.1.0.0.0.0.1.0.1.0.0.1.0.0.0.,4665427,8388608,2660980609777664,2025642200305321,0.8464223018837431,0.3935786317358837
1788,1.0.0.0.1.0.0.1.0.0.0.0.0.1.0.0.,2334297,4194304,1331125356068864,1013508626594331,0.8454432992931497,0.393288072047823
1789,0.2.0.0.0.0.0.0.0.1.0.1.0.0.0.0.,4669311,8388608,2662538206511104,2027328561340653,0.8452217480252046,0.3932223078781058
1790,0.1.0.0.1.0.0.1.0.0.0.0.1.0.0.0.,4670825,8388608,532629027815424,405597182433295,0.8447540374241949,0.39308342591752277
1791,1.0.0.0.0.0.0.0.0.0.0.1.0.1.1.0.,4674111,8388608,2664462083424256,2029412632651053,0.8437394352696693,0.3927820704563395
1792,2.0.0.0.0.0.0.0.0.0.0.0.1.1.0.0.,584385,1048576,333106280136704,253729169318355,0.8434403780572053,0.3926931691182481
1793,0.1.0.1.0.0.0.0.0.0.0.0.0.0.2.0.,4676155,8388608,2665280811565056,2030300099684065,0.8431086791584421,0.3925945533760119
1794,0.0.0.1.0.0.0.1.0.1.0.0.1.0.0.0.,2339563,4194304,1333235392970752,1015795026494449,0.8421923524098227,0.3923222064260743
1795,0.0.0.0.0.2.0.0.0.0.0.1.0.0.0.1.,2339921,4194304,1333378737504256,1015950463479683,0.8419716080603833,0.3922565669682355
1796,1.1.0.0.0.0.0.0.1.0.0.0.1.0.0.0.,1170701,2097152,666985855713280,508296743157623,0.8410587757577036,0.391985180600431
1797,0.1.0.1.0.0.2.0.0.0.0.0.0.0.0.0.,4684317,8388608,889516382486528,677947963091597,0.8405927205811242,0.3918466348799707
1798,0.1.0.0.0.1.0.0.0.1.1.0.0.0.0.0.,4685349,8388608,889654089875456,678097321535509,0.8402749160215555,0.39175215885533793
1799,1.0.1.0.0.0.0.0.1.0.0.1.0.0.0.0.,146495,262144,16687246082048,12721084442377,0.8395081004945326,0.3915242222966074
1800,0.0.0.0.0.1.1.0.0.0.0.0.0.1.0.1.,1172719,2097152,667793645109248,509172921471037,0.8385740659641914,0.39124666768393496
1801,0.1.0.1.0.0.0.0.0.0.0.0.0.0.0.2.,4691925,8388608,890531471163392,679049047433925,0.8382514784758288,0.3911508132120157
1802,1.0.1.1.0.0.0.0.0.0.0.1.0.0.0.0.,4695289,8388608,2672940348866560,2038607728945147,0.8372174706593875,0.39084344463369564
1803,0.0.0.0.1.0.1.0.0.0.1.1.0.0.0.0.,2348307,4194304,1336735220891648,1019591509731561,0.8368104027963867,0.390722461194297
1804,1.0.0.1.0.0.1.0.0.0.0.0.0.1.0.0.,146973,262144,83627482284032,63812960979879,0.8348083796432965,0.39012765143484274
1805,0.0.0.1.0.0.1.0.0.1.1.0.0.0.0.0.,2353575,4194304,1338842338557952,1021878777994725,0.8335776033958266,0.3897620151594469
1806,0.0.0.1.1.0.1.0.0.0.0.1.0.0.0.0.,4710425,8388608,2678994340151296,2045179500477275,0.832574197221865,0.3894640626436016
1807,0.0.0.1.0.0.0.0.0.0.0.1.1.0.1.0.,4713125,8388608,107202954133504,81854071623575,0.8317474861168165,0.3892185750965636
1808,0.1.0.0.0.0.0.0.0.1.0.1.0.1.0.0.,2357883,4194304,1340564838547456,1023749231995809,0.8309392982392328,0.3889786296704267
1809,0.0.0.0.1.1.1.0.0.0.0.0.1.0.0.0.,1179237,2097152,670400530874368,512002916637951,0.8305777341024942,0.38887126287532925
1810,1.0.0.0.0.0.1.1.0.0.0.1.0.0.0.0.,4718029,8388608,2682034036146176,2048481016778167,0.8302471443520316,0.38877302230709415
1811,1.0.0.0.0.1.0.0.0.0.1.1.0.0.0.0.,4719251,8388608,2682522186022912,2049011586599273,0.8298735253961843,0.38866196054299024
1812,0.0.0.0.0.0.1.0.0.0.0.0.0.1.1.1.,2361429,4194304,447327160500224,341762946558789,0.8287712713837339,0.38833436696247287
1813,0.1.0.0.0.2.0.0.0.0.0.1.0.0.0.0.,2361755,4194304,1342111672696832,1025430382852865,0.8285721181921255,0.38827516881893803
1814,0.1.0.0.0.3.0.0.0.0.0.0.0.0.0.0.,2361877,4194304,1342160393732096,1025483352998671,0.8284975955387827,0.388253017605025
1815,1.2.0.1.0.0.0.0.0.0.0.0.0.0.0.0.,1181233,2097152,671197805150208,512869542957859,0.8281378640868173,0.3881460994875617
1816,0.0.0.0.2.1.0.0.0.0.1.0.0.0.0.0.,1181411,2097152,61024443039744,46631529751723,0.8279204807503823,0.38808146462066556
1817,0.1.0.0.0.0.0.0.0.0.1.0.0.0.2.0.,2363233,4194304,1342701760937984,1026072103143859,0.8276695536395889,0.38800677674352
1818,0.2.0.0.0.0.1.1.0.0.0.0.0.0.0.0.,2363613,4194304,1342853292752896,1026237092122599,0.8274375917281077,0.3879376222917795
1819,0.0.1.0.0.1.0.1.1.0.0.0.0.0.0.0.,4729993,8388608,2686809855229952,2053675564519339,0.8265933821793919,0.38768594021124003
1820,0.1.0.0.0.1.0.1.0.1.0.0.0.0.0.0.,4731167,8388608,2687277738229760,2054185293627341,0.8262353449013634,0.3875791130125061
1821,0.0.0.1.2.1.0.0.0.0.0.0.0.0.0.0.,2366253,4194304,1343905542963200,1027383331343319,0.8258270956576202,0.3874571690205309
1822,0.0.0.0.1.2.0.0.0.0.0.0.0.0.0.1.,1183311,2097152,672026255687680,513771772162653,0.8256021353655497,0.38738997205312203
1823,0.0.1.0.0.0.1.0.0.0.0.0.0.1.0.1.,1184257,2097152,672402937741312,514182507883411,0.8244492311352916,0.38704549618434686
1824,0.0.0.0.0.0.0.1.0.0.0.1.0.0.0.2.,1184447,2097152,773853282304,591789415849,0.8242177863803903,0.3869761722572696
1825,0.0.0.0.1.0.0.1.0.1.0.0.0.1.0.0.,4740759,8388608,2691095527948288,2058349962795957,0.8233133762198769,0.3867053127814361
1826,0.1.0.0.0.0.0.0.1.0.0.1.0.1.0.0.,4745855,8388608,538624181403648,412112510367433,0.8217634080994215,0.3862407410276606
1827,0.0.1.0.0.2.0.0.0.0.0.0.0.1.0.0.,1186833,2097152,673426926731264,515300959486659,0.8213144839198838,0.3861061291753109
1828,0.1.0.0.0.0.1.1.0.0.0.0.0.0.0.1.,4748653,8388608,384890356891648,294539627391217,0.820913093192896,0.38598577862447625
1829,1.1.0.0.0.0.0.0.0.1.0.0.0.1.0.0.,74245,131072,42116171169792,32235807175135,0.8199937489895822,0.3857101766386062
1830,2.0.1.0.0.0.0.0.0.0.0.0.0.1.0.0.,1188115,2097152,673936182345728,515857580199145,0.8197569464731168,0.38563916720826164
1831,0.0.0.2.0.0.0.1.0.1.0.0.0.0.0.0.,4755617,8388608,2696997517656064,2064801031864691,0.8187989002958589,0.38535142618510837
1832,0.0.1.0.0.0.0.1.1.0.1.0.0.0.0.0.,1189703,2097152,674566334578688,516547060457669,0.8178299696687238,0.3850605268826819
1833,0.0.0.1.0.0.0.0.0.1.0.0.0.0.1.1.,2380845,4194304,89980244328448,68914593875129,0.8169577306934778,0.3847987530673191
1834,0.0.0.3.0.0.0.0.0.0.0.0.1.0.0.0.,4763487,8388608,2700120344756224,2068218040450701,0.8164133790201734,0.38463542104324916
1835,0.1.0.1.0.0.0.0.0.0.0.0.0.1.1.0.,2384035,4194304,1350969229049856,1035103947185305,0.8150260145251742,0.3842191615654981
1836,0.0.0.0.0.0.0.0.0.0.1.1.0.1.0.1.,4770935,8388608,2703074476949504,2071451824434005,0.8141593997332892,0.3839589944564509
1837,0.0.1.0.0.0.0.0.0.2.0.0.1.0.0.0.,4771759,8388608,2703401162899456,2071809590008957,0.8139102498146924,0.38388419405198987
1838,0.0.0.0.0.0.0.0.0.0.0.0.3.0.0.1.,4771889,8388608,2703452702507008,2071866033606947,0.8138709461112601,0.383872394674762
1839,0.1.0.0.0.0.0.0.0.1.0.1.1.0.0.0.,4773149,8388608,2703952126672896,2072413102325927,0.8134900579970213,0.38375799919136433
1840,0.0.0.0.0.0.1.0.0.0.0.1.1.1.0.0.,2388143,4194304,1352597315256320,1036887564881789,0.8125422041174852,0.3834729316032263
1841,0.0.0.0.0.1.1.0.0.0.1.0.0.0.0.1.,4777677,8388608,901915164540928,691459692087357,0.8121221085370322,0.3833465844146337
1842,0.0.1.0.0.0.0.0.0.1.0.0.0.0.2.0.,4778515,8388608,541215455969280,414948584075669,0.8118690833890728,0.3832704557986127
1843,1.0.1.0.0.0.0.0.1.1.0.0.0.0.0.0.,4782027,8388608,2707467507073024,2076267765887121,0.8108091549432784,0.38295151095915925
1844,0.2.0.0.0.1.1.0.0.0.0.0.0.0.0.0.,4782943,8388608,2707830096265216,2076665476162189,0.810532832349168,0.38286838388948846
1845,1.0.0.0.0.1.0.0.0.0.0.1.0.1.0.0.,2392843,4194304,1354457824624640,1038928218039889,0.8097056892745313,0.3826194927769252
1846,0.0.0.0.1.0.1.0.0.1.0.0.0.0.0.1.,4787265,8388608,180636006481920,138569467246973,0.8092297617386601,0.3824760909825148
1847,0.0.2.0.0.0.0.0.0.0.0.0.0.0.0.2.,4787375,8388608,2709583583772672,2078589768672125,0.8091966124078227,0.3824660958828349
1848,0.0.0.0.0.1.0.1.0.0.1.1.0.0.0.0.,1197139,2097152,677512598257664,519775634262697,0.8088407571177358,0.3823587678571658
1849,0.0.1.0.1.0.0.0.0.0.0.2.0.0.0.0.,4789133,8388608,2710278428950528,2079353059789559,0.8086669291641241,0.38230632969437406
1850,0.1.0.1.1.0.0.1.0.0.0.0.0.0.0.0.,4791875,8388608,2711361834450944,2080543585525625,0.8078411559448303,0.38205714351796394
1851,0.1.0.0.0.1.0.0.0.1.0.0.1.0.0.0.,2396637,4194304,1355957003091968,1040575502738151,0.8074200189595762,0.38192978300547936
1852,1.1.0.0.0.0.0.1.0.0.0.0.1.0.0.0.,4794931,8388608,2712567914954752,2081870444259913,0.8069213759483866,0.38177896710815445
1853,0.0.0.0.0.2.0.0.0.0.0.0.0.0.1.1.,4795751,8388608,2712891513896960,2082226473108773,0.8066746760919193,0.381704364968327
1854,0.1.0.1.0.0.0.0.1.0.0.1.0.0.0.0.,4801849,8388608,208869024333824,160374931695079,0.8048413936998268,0.3811499030407855
1855,0.0.0.1.0.0.0.0.3.0.0.0.0.0.0.0.,4805753,8388608,2716837179555840,2086569156701819,0.8036689301132577,0.380795369528201
1856,0.0.1.1.0.0.0.0.1.0.1.0.0.0.0.0.,4812341,8388608,2719434930126848,2089429544575343,0.8016925559135923,0.38019779391547387
1857,0.0.0.1.3.0.0.0.0.0.0.0.0.0.0.0.,2406451,4194304,1359828060471296,1044836560204873,0.8015243831373091,0.38014696092635136
1858,0.1.0.0.1.0.0.0.0.1.0.1.0.0.0.0.,2407123,4194304,1360093006266368,1045128330188329,0.8011215676518608,0.38002520946922225
1859,1.0.0.2.0.0.0.0.0.0.0.0.0.0.1.0.,75255,131072,42515682295808,32674330513365,0.8005001816271847,0.3798374146350518
1860,0.0.1.0.1.0.0.0.0.1.0.0.0.1.0.0.,4819159,8388608,2722122371694592,2092389794199157,0.7996500295300016,0.37958028567380103
1861,0.0.0.0.0.0.0.1.0.0.1.0.0.0.0.2.,602455,1048576,340288985890816,261574829438965,0.7995060414013471,0.3795367351520452
1862,0.1.0.0.0.0.0.0.0.0.1.1.0.0.0.1.,2410553,4194304,1361444696227840,1046617572812219,0.7990672805531213,0.3794039920375263
1863,0.1.0.0.0.1.0.0.0.0.0.0.0.0.0.2.,4821551,8388608,2723064680808448,2093428356402173,0.7989341223802958,0.3793637056127727
1864,0.0.0.0.1.0.0.0.0.2.0.0.0.0.1.0.,1205627,2097152,680860391047168,523460967029921,0.7986477991301658,0.37927704348852875
1865,0.0.1.0.1.0.0.1.0.1.0.0.0.0.0.0.,4824071,8388608,2724056818253824,2094522493840133,0.798180289898418,0.37913541741640394
1866,0.1.0.1.0.0.0.0.0.0.1.1.0.0.0.0.,4827107,8388608,2725251859349504,2095840668943961,0.7972726240593638,0.37886052171097084
1867,1.0.0.1.0.1.0.0.0.0.0.1.0.0.0.0.,2414925,4194304,1363165484941312,1048515814430775,0.7964530465043256,0.37861209109941785
1868,0.0.1.0.0.0.0.0.1.0.0.1.0.1.0.0.,302231,524288,170539369889792,131223115877813,0.7947078794465159,0.37808294800732734
1869,0.1.0.0.0.0.0.0.0.0.0.1.1.0.0.1.,2418649,4194304,1364629833908224,1050132706422427,0.7942300134462609,0.3779380079798141
1870,1.0.1.0.1.0.0.0.0.1.0.0.0.0.0.0.,2419513,4194304,1364969337651200,1050507839258299,0.7937147398656828,0.3777816152004787
1871,0.0.0.0.0.0.0.0.1.1.0.0.0.0.1.1.,2421297,4194304,1365669954191360,1051282419095331,0.7926513773005475,0.37745857453230963
1872,1.0.0.0.0.0.0.0.0.0.1.0.2.0.0.0.,2421639,4194304,1365804171919360,1051430909176197,0.7924476159025838,0.3773965939031183
1873,0.0.0.0.0.0.0.1.1.0.0.0.0.0.0.2.,4845219,8388608,2732369358356480,2103704564688537,0.7918695549067802,0.3772204056592754
1874,0.0.1.0.0.1.0.1.0.0.0.0.0.1.0.0.,2424133,4194304,1366781813850112,1052513757894559,0.7909625762640384,0.37694386522041123
1875,0.0.1.0.0.0.0.0.0.0.0.0.1.1.0.1.,606345,1048576,113939205586944,87754598521145,0.7902206292868307,0.3767176198272592
1876,0.0.0.0.0.1.0.1.0.1.0.0.0.0.1.0.,2426185,4194304,1367585878704128,1053404698379755,0.789741868508165,0.3765716318039886
1877,0.1.0.0.0.0.1.0.0.0.0.0.0.1.1.0.,2427489,4194304,152010745708544,117107874565083,0.7889666724902279,0.3763352232718253
1878,0.1.0.0.0.1.1.0.0.0.0.0.0.1.0.0.,4857919,8388608,2737344742424576,2109218670030637,0.7880929957190391,0.37606846771097213
1879,0.1.0.0.0.1.0.0.0.0.0.1.1.0.0.0.,2429625,4194304,1368932887822336,1054898282818875,0.7876977721489988,0.3759478242844933
1880,0.1.0.0.1.0.0.0.1.0.0.0.0.0.0.1.,75985,131072,470355279872,362541571705,0.7865729724398891,0.375604464365806
1881,0.0.0.1.0.0.0.1.1.0.1.0.0.0.0.0.,4870055,8388608,2742094707818496,2114487896993765,0.7844933651897306,0.3749700978660692
1882,0.1.0.0.1.0.0.0.0.1.0.0.1.0.0.0.,4871517,8388608,914222292664320,705040890126797,0.7840603303231576,0.3748380668128156
1883,1.0.0.0.0.0.0.0.0.0.2.0.0.1.0.0.,4873043,8388608,391894861348864,302255033054927,0.7836084776688781,0.37470029300939944
1884,0.0.1.0.0.0.0.1.0.1.0.1.0.0.0.0.,4874653,8388608,2743893779021824,2116484263636519,0.783131905761639,0.37455487126457504
1885,0.1.0.0.2.0.0.0.1.0.0.0.0.0.0.0.,4875863,8388608,2744367064285184,2117009623279349,0.7827738404021367,0.37444563019515753
1886,0.0.0.0.0.1.0.0.0.1.0.1.1.0.0.0.,4877545,8388608,2745024596934656,2117739916601035,0.7822762475437572,0.3742936563618712
1887,1.0.0.0.0.0.1.0.0.1.0.1.0.0.0.0.,4878493,8388608,2745395037863936,2118151520684839,0.7819958724769386,0.37420795978157045
1888,2.0.0.0.0.0.0.0.0.0.1.0.0.1.0.0.,4879815,8388608,2745911541235712,2118725508658245,0.781604976256872,0.374088458663754
1889,0.1.0.0.1.0.0.0.0.0.0.1.1.0.0.0.,2440453,4194304,1373168774152192,1059599600349919,0.7812824631359324,0.37398975122845235
1890,0.0.0.0.0.1.2.0.0.0.0.0.0.0.0.1.,4881625,8388608,2746618197573632,2119511377214875,0.7810699572322329,0.37392466734235397
1891,0.0.0.1.0.1.0.0.0.0.0.1.0.0.1.0.,1221233,2097152,686977200422912,530236803877859,0.7800929511731773,0.3736254077736894
1892,0.1.1.0.0.1.1.0.0.0.0.0.0.0.0.0.,2443345,4194304,1374297360695296,1060855253314435,0.7795738443331366,0.3734663745510295
1893,0.0.0.2.0.0.1.0.0.0.0.0.1.0.0.0.,2444647,4194304,1374805324464128,1061420557657381,0.7788052714763634,0.37323094788958877
1894,0.0.0.0.0.0.1.0.0.0.2.0.0.0.1.0.,1222553,2097152,687492185456640,530809923488219,0.7785344205660155,0.3731479727466712
1895,0.0.0.0.0.0.0.1.0.1.0.0.0.1.1.0.,4893101,8388608,2751095096999936,2124494044372823,0.7776823684862593,0.37288671077342056
1896,0.0.0.1.0.0.0.0.0.0.0.0.0.0.0.3.,4893415,8388608,2751217503567872,2124630377371045,0.7775897908533214,0.37285832264092816
1897,0.0.0.0.0.0.2.0.0.0.1.0.0.0.0.1.,4893979,8388608,2751437251543040,2124875255750017,0.7774235198308281,0.3728072793869568
1898,0.0.0.0.2.0.1.1.0.0.0.0.0.0.0.0.,4894683,8388608,2751711458361344,2125180919542209,0.7772160027441135,0.372743533380446
1899,0.0.0.0.0.0.0.0.0.0.1.2.0.0.0.1.,611931,1048576,344001169326080,265689133550913,0.7769905386091542,0.37267424484148726
1900,2.0.0.0.0.1.0.0.0.0.0.0.1.0.0.0.,2448157,4194304,1376173187661824,1062944534803111,0.7767353498272644,0.37259572273547464
1901,0.0.0.0.0.0.0.1.0.0.2.0.0.0.0.1.,4896871,8388608,2752563136954368,2126130908714533,0.7765712395528968,0.37254522774548504
1902,1.1.0.0.0.0.0.0.0.0.1.0.1.0.0.0.,1224623,2097152,688298490068992,531708679240829,0.7760937465426573,0.3723983289353383
1903,0.0.0.0.0.0.2.0.0.0.1.0.0.0.1.0.,2449673,4194304,1376763141685248,1063602753991979,0.7758422499230889,0.37232096169217443
1904,1.1.0.0.1.0.0.1.0.0.0.0.0.0.0.0.,4900969,8388608,2754157777780736,2127910184595787,0.7753644093490322,0.3721739512267004
1905,1.0.1.0.0.1.0.1.0.0.0.0.0.0.0.0.,4902393,8388608,2754711627235328,2128528459084539,0.7749452882857327,0.3720449208536988
1906,0.1.0.0.0.0.0.0.0.0.2.1.0.0.0.0.,612889,1048576,344373896151040,266105079449947,0.7747337137189444,0.3719797403242665
1907,0.0.0.0.0.0.1.0.0.0.0.1.0.1.0.1.,4906501,8388608,2756308650426368,2130312076781023,0.7737368764964988,0.37167265822970447
1908,1.0.0.0.0.0.0.0.1.1.1.0.0.0.0.0.,2454207,4194304,1378526041210880,1065571333017261,0.7731744924823389,0.3714993456772035
1909,0.1.0.0.0.0.0.0.1.0.0.0.2.0.0.0.,4909615,8388608,2757518623244288,2131664118043645,0.772821534316754,0.37139049577264693
1910,0.2.0.1.0.0.0.0.0.1.0.0.0.0.0.0.,4911323,8388608,2758181927256064,2132405700084929,0.772319724173022,0.3712356752467313
1911,0.1.0.0.0.0.1.2.0.0.0.0.0.0.0.0.,2455909,4194304,1379187063521280,1066310309969407,0.7721743258638978,0.37119080548339567
1912,1.0.0.0.0.1.1.0.0.0.0.0.1.0.0.0.,4913113,8388608,2758876638216192,2133182885011099,0.7717940096888996,0.3710732906241396
1913,0.0.0.0.1.1.0.0.0.0.0.0.0.1.1.0.,2457617,4194304,1379849763553280,1067051892010691,0.7711713299586809,0.3708808587312508
1914,1.0.1.0.0.0.0.1.0.0.0.0.0.0.0.1.,4916245,8388608,552018271797248,426908548308227,0.7708746167802303,0.3707889699464383
1915,0.0.0.0.1.0.0.0.0.1.0.0.1.1.0.0.,4919901,8388608,394501185077248,305161444169889,0.7698021452426206,0.3704569386845452
1916,0.0.0.0.0.0.0.1.0.1.0.0.1.0.1.0.,615183,1048576,115088084172800,89033697287903,0.7693438892247066,0.3703150967295229
1917,0.0.0.1.0.0.0.1.0.1.0.0.0.0.1.0.,4924677,8388608,921119540379648,712734586714357,0.7684023265696707,0.3700234620808716
1918,2.0.0.0.0.0.0.0.0.0.2.0.0.0.0.0.,4924957,8388608,2763467052285952,2138325330969511,0.7683203022809392,0.36999804644503764
1919,0.0.0.0.1.1.0.0.0.0.1.0.0.1.0.0.,1231933,2097152,691135416631296,534882546173959,0.7675076350295265,0.36974628303158813
1920,0.0.0.1.1.0.1.0.0.0.0.0.0.0.0.1.,4930249,8388608,2765516355665920,2140623019589227,0.7667709195708892,0.36951812614454854
1921,0.1.0.0.0.0.0.0.0.1.0.0.2.0.0.0.,616347,1048576,345715045826560,267606479156481,0.7666167164759223,0.3694703461140068
1922,1.0.0.0.0.0.0.0.0.0.1.0.1.0.0.1.,4932409,8388608,2766352129458176,2141560851678907,0.7661389963432678,0.3693221376170414
1923,1.0.0.0.1.1.0.0.0.0.1.0.0.0.0.0.,2466765,4194304,461130942119936,357007928194365,0.7658111489588888,0.36922036154528515
1924,1.0.0.0.0.1.0.0.0.1.0.1.0.0.0.0.,1233665,2097152,691805616078848,535634548571795,0.765480744821285,0.36911770767873625
1925,0.1.0.1.0.0.0.0.1.0.0.0.0.0.0.1.,1235335,2097152,692450632925184,536359631715205,0.7635291036015988,0.368510561271362
1926,0.0.1.0.0.0.1.0.0.2.0.0.0.0.0.0.,1235501,2097152,692514721890304,536431705848023,0.7633352523082325,0.3684502307652109
1927,0.0.0.0.0.0.1.1.0.0.1.0.0.1.0.0.,2473009,4194304,1385804081397760,1073734814012707,0.7621639405509912,0.3680855830444133
1928,0.0.0.1.0.1.0.0.0.0.0.0.0.1.1.0.,309483,524288,173363251118080,134371800282609,0.760499361646389,0.3675677129115183
1929,0.0.0.0.0.1.0.0.0.0.0.0.1.1.1.0.,4955001,8388608,925025024606208,717123293548841,0.7595460821046487,0.36727121536118823
1930,0.0.1.1.0.1.0.0.0.0.0.1.0.0.0.0.,2478999,4194304,1388115713327104,1076335561335477,0.7586737412178434,0.36699990939306437
1931,0.0.0.1.1.0.2.0.0.0.0.0.0.0.0.0.,4959705,8388608,2776889764610048,2153412270530715,0.7581771180664714,0.3668453572593618
1932,0.0.0.1.0.0.0.0.0.0.0.0.0.1.2.0.,4961803,8388608,2777698694856704,2154323183365969,0.7575669740760822,0.3666554206964149
1933,0.0.0.0.0.0.1.0.0.0.0.0.1.0.0.2.,2481433,4194304,1389054197235712,1077392359162459,0.7572579290420706,0.3665591518059872
1934,0.0.0.0.0.0.1.0.0.1.0.1.1.0.0.0.,2482261,4194304,1389373299884032,1077751861463503,0.7567766135117676,0.36640922358794425
1935,1.0.0.0.0.2.0.0.0.0.0.0.0.0.1.0.,4965345,8388608,84214041018368,65329122858195,0.7565374687132782,0.36633452456781346
1936,1.0.0.0.1.1.0.1.0.0.0.0.0.0.0.0.,2483347,4194304,1389791253889024,1078223382597481,0.7561455661800468,0.3662121053476468
1937,0.2.0.0.0.0.0.0.0.1.0.0.0.1.0.0.,4968315,8388608,2780206217560064,2157150573443745,0.755674784788297,0.36606501359868593
1938,0.0.0.0.0.0.1.1.0.0.0.1.1.0.0.0.,4970021,8388608,397266087051264,308270183874569,0.7551794830066041,0.3659102841878292
1939,0.1.0.0.0.0.1.0.0.0.1.1.0.0.0.0.,1242853,2097152,695349408694272,539623808405119,0.7547757607635487,0.36578410326292377
1940,0.0.0.0.0.0.1.1.0.0.1.0.0.0.1.0.,4972801,8388608,2781931821334528,2159098311755923,0.7543727317003484,0.3656581271068994
1941,1.0.0.0.0.0.0.0.0.0.1.1.0.1.0.0.,4975675,8388608,556607394021376,432069229890605,0.753539175754119,0.3653975816245305
1942,2.1.0.0.0.0.0.0.1.0.0.0.0.0.0.0.,4977747,8388608,103104951353344,80046139761803,0.7529385252104364,0.3652098808065426
1943,0.2.0.1.0.0.0.0.0.0.1.0.0.0.0.0.,4979381,8388608,2784461557071872,2161955226177263,0.7524650224658751,0.3650617292391176
1944,0.1.0.0.0.0.0.1.0.0.1.0.0.1.0.0.,4982769,8388608,2785763334815744,2163426233177187,0.7514837381071827,0.3647547689395312
1945,0.1.1.0.0.0.0.0.0.1.0.0.0.0.1.0.,4984355,8388608,2786372683300864,2164114845072665,0.7510246057929542,0.36461117236897483
1946,0.1.0.1.0.0.0.0.1.0.0.0.1.0.0.0.,4991311,8388608,2789044589166592,2167135011746653,0.7490126321902087,0.3639819636603796
1947,0.0.0.0.0.0.0.0.0.0.2.0.1.0.1.0.,4992135,8388608,2789361074569216,2167492777321605,0.7487744818127956,0.36390751307423025
1948,0.0.0.0.0.0.1.0.1.1.0.0.0.1.0.0.,2499575,4194304,107386731757568,83482252334825,0.746748614794721,0.3632743213787289
1949,1.0.0.1.0.0.0.1.0.0.0.1.0.0.0.0.,2501111,4194304,1396616728674304,1085936183172053,0.7458623445300033,0.36299683525489296
1950,0.0.2.0.0.0.0.0.0.0.1.0.1.0.0.0.,5002873,8388608,2793483102322688,2172155018515579,0.7456746012905949,0.36293802698559846
1951,0.0.0.0.1.0.0.0.0.0.0.2.0.0.1.0.,5003613,8388608,2793766704381952,2172476312842599,0.7454612208227256,0.3628711054372305
1952,0.0.0.0.2.0.0.0.0.0.1.0.1.0.0.0.,5004237,8388608,90129217617920,70088620713321,0.7452813137084741,0.3628146336935333
1953,0.0.1.0.0.0.0.0.0.1.0.1.0.0.1.0.,39107,65536,21832536162304,16979536819961,0.7448607530354779,0.3626826252376624
1954,0.0.0.0.0.0.0.0.0.0.0.2.1.1.0.0.,1251761,2097152,99824317759488,77641642487429,0.7444722973426571,0.3625606687316051
1955,0.0.0.0.0.0.0.0.0.2.0.0.0.1.1.0.,5008589,8388608,2795672529010688,2174636800101047,0.74402720039155,0.3624209131621276
1956,0.1.0.0.0.0.0.0.1.0.0.0.0.1.1.0.,5015693,8388608,2798392350605312,2177721225640439,0.7419823841570842,0.36177896711965785
1957,0.2.0.0.1.0.0.0.0.0.1.0.0.0.0.0.,1254189,2097152,233233274896384,181515230049949,0.7416766592370364,0.3616830267192718
1958,1.1.1.0.0.0.0.0.1.0.0.0.0.0.0.0.,2509671,4194304,1399894375923712,1089652777008933,0.7409331811525645,0.36144949116647823
1959,0.0.1.0.0.0.3.0.0.0.0.0.0.0.0.0.,2509817,4194304,1399950210498560,1089716167511291,0.7408492548732192,0.3614231054125213
1960,0.0.0.0.0.0.0.0.0.1.1.0.1.0.0.1.,5021353,8388608,2800557685211136,2180178693060619,0.7403552809641768,0.36126775802598327
1961,1.0.0.0.0.0.0.1.0.1.0.0.0.0.0.1.,2511403,4194304,1400556539084800,1090404779406769,0.7399378769965507,0.3611364339453736
1962,1.0.0.0.0.0.0.1.0.0.0.0.1.0.0.1.,1256157,2097152,700452299603968,545400159387111,0.7394146408362907,0.3609716854395019
1963,0.0.0.0.1.0.1.1.0.0.0.0.0.1.0.0.,5027529,8388608,2802917501304832,2182860198146667,0.7385819323081984,0.36070954642825204
1964,0.0.0.0.0.0.1.0.1.0.0.0.0.0.0.2.,1257203,2097152,700851899334656,545854313260169,0.7382138107921313,0.3605936611299823
1965,0.0.1.0.1.0.0.1.0.0.0.0.0.1.0.0.,628947,1048576,350557919248384,273077166346281,0.7374210761196021,0.3603441397062303
1966,0.0.0.1.0.0.1.0.0.0.0.1.1.0.0.0.,5034351,8388608,2805523137167360,2185822184496573,0.7366256245253496,0.3600937674839933
1967,1.0.0.0.0.0.0.1.0.0.0.0.1.0.1.0.,5036079,8388608,2806182817300480,2186572450168317,0.7361305161625243,0.3599378491174833
1968,0.0.0.1.0.0.0.0.0.0.2.0.1.0.0.0.,5037579,8388608,2806755356573696,2187223722452817,0.7357008723176911,0.3598025251270508
1969,0.0.0.0.1.2.0.0.0.1.0.0.0.0.0.0.,5038403,8388608,2807069828710400,2187581488027769,0.7354649090703684,0.3597281940565848
1970,0.1.0.1.0.0.1.0.0.0.0.0.1.0.0.0.,2520627,4194304,468026277232640,364803223258307,0.7346487853329712,0.3594710552322053
1971,1.0.0.0.1.0.0.2.0.0.0.0.0.0.0.0.,5042097,8388608,2808479249072128,2189185354573731,0.7344075576057398,0.35939503314961113
1972,0.0.1.1.0.0.0.0.0.0.0.1.1.0.0.0.,2522109,4194304,468214718922752,365017708930669,0.7338008035579376,0.35920382968683695
1973,0.2.0.0.0.0.0.0.1.0.0.0.0.0.1.0.,630647,1048576,351206706774016,273815274935381,0.733526832325706,0.35911746500255043
1974,0.2.0.0.1.0.1.0.0.0.0.0.0.0.0.0.,5045987,8388608,2809962891837440,2190874320698201,0.7332949411788323,0.359044351812907
1975,0.0.0.0.0.0.0.0.2.1.1.0.0.0.0.0.,1262285,2097152,702791236452352,548060823760055,0.7323937504138555,0.35876018929591263
1976,0.0.0.0.0.0.0.0.1.0.0.0.0.1.0.2.,2526399,4194304,468759911333888,365638588508559,0.7313489254129034,0.3584308582085218
1977,0.1.0.0.0.0.0.0.0.0.0.2.1.0.0.0.,157923,262144,87901274636288,68567248656729,0.7311382240958743,0.3583644522187826
1978,0.0.0.0.0.0.1.0.1.2.0.0.0.0.0.0.,5055527,8388608,2813599554732032,2195016412427621,0.7305699407913682,0.35818528473893807
1979,1.0.0.0.0.0.1.0.0.0.0.0.0.1.1.0.,1264657,2097152,703695301902336,549090702332611,0.7296852801426079,0.3579063985902269
1980,0.1.0.0.1.0.1.0.0.0.1.0.0.0.0.0.,632507,1048576,351915632230400,274622852568161,0.7292780792591597,0.357777917148586
1981,0.0.0.0.0.0.0.1.0.0.0.1.0.2.0.0.,2531569,4194304,1408249395937280,1099160483999587,0.728399624049589,0.3575008089754525
1982,0.0.0.0.2.1.0.0.0.0.0.0.0.0.0.1.,1265929,2097152,704179727237120,549642981229867,0.7282349376159662,0.35744886869437936
1983,0.1.0.0.0.1.0.0.1.0.0.0.0.0.0.1.,5066423,8388608,2817749432664064,2199747254302229,0.7274638967509506,0.35720555516065033
1984,0.0.1.0.0.0.0.0.0.0.2.0.1.0.0.0.,5067265,8388608,2818069944598528,2200112835144595,0.7272241520050645,0.3571299040266927
1985,0.0.0.0.0.0.0.0.1.0.0.0.2.0.0.1.,5068475,8388608,563706102546432,440127638957485,0.7268796954566984,0.35702121347554105
1986,0.0.0.0.0.1.0.0.1.2.0.0.0.0.0.0.,2535189,4194304,469875772358656,366910740370949,0.7263381255779259,0.3568502452993305
1987,0.1.0.1.1.0.0.0.0.0.0.0.0.0.0.1.,1268215,2097152,705049747521536,550635520191445,0.7256320849303627,0.35662737828050145
1988,2.0.0.0.1.0.0.0.0.0.0.0.0.1.0.0.,5074271,8388608,2820735726780416,2203154710894733,0.7252308596548016,0.356500698770241
1989,0.0.0.0.0.0.0.0.0.2.1.1.0.0.0.0.,317179,524288,176310075785216,137713261283617,0.7250622702803927,0.35644743186871697
1990,0.0.0.0.1.1.0.0.0.1.0.1.0.0.0.0.,5076687,8388608,2821654178693120,2204203693454301,0.724544116337648,0.35628363091105963
1991,0.0.1.0.0.1.0.1.0.0.0.0.0.0.1.0.,2539073,4194304,1411104383172608,1102418582148179,0.7241295566734683,0.35615260076054256
1992,1.0.0.0.0.0.0.0.1.1.0.0.0.0.1.0.,2540929,4194304,1411809831550976,1103224423054867,0.7230753672794364,0.3558194725258987
1993,1.0.1.0.0.0.0.0.0.0.0.0.0.2.0.0.,1270983,2097152,706101779628032,551837334647109,0.7224866969338326,0.3556330871079235
1994,0.1.0.1.2.0.0.0.0.0.0.0.0.0.0.0.,2542429,4194304,1412379317370880,1103875695339367,0.7222239448047089,0.35554987678871913
1995,1.1.0.0.1.0.0.0.1.0.0.0.0.0.0.0.,635999,1048576,353243475476480,276139014446477,0.72133502844377,0.35526817949469364
1996,0.0.0.0.0.1.0.0.0.1.1.0.0.0.0.1.,5089397,8388608,2826480715300864,2209722140611631,0.7209366970946733,0.3551418829929642
1997,0.1.0.0.1.0.1.0.0.0.0.1.0.0.0.0.,2545413,4194304,1413511343243264,1105171293003999,0.7205316742917405,0.35501346713220117
1998,1.0.0.0.0.1.0.1.0.0.0.0.0.0.1.0.,2546231,4194304,1413821520412672,1105526453489813,0.7200681208486481,0.35486646012171985
1999,0.0.2.0.0.0.0.0.0.1.0.0.1.0.0.0.,5093207,8388608,2827925434925056,2211376372214261,0.7198570777041322,0.3547994904047704
2000,0.0.0.0.1.0.1.0.0.0.1.0.0.1.0.0.,5096377,8388608,2829126482264064,2212752727642171,0.7189594270390686,0.35451443622680273
2001,0.0.0.1.1.0.0.1.0.0.0.0.0.0.0.1.,1274739,2097152,707525896830976,553468120447497,0.7182295419848358,0.35428273365355484
2002,0.0.0.0.1.0.0.1.0.0.0.0.0.1.0.1.,1275545,2097152,707831242162176,553818070755035,0.7173176339450476,0.35399331189624456
2003,0.0.0.0.1.0.1.0.0.0.0.0.0.0.2.0.,5102831,8388608,2831571526615040,2215554935191613,0.7171335685926647,0.3539348741112546
2004,1.1.0.1.0.1.0.0.0.0.0.0.0.0.0.0.,5105319,8388608,2832513718288384,2216635178820837,0.716430321612006,0.35371159704929067
2005,0.0.0.1.0.0.0.2.0.1.0.0.0.0.0.0.,5107131,8388608,2833199906422784,2217421915740513,0.71591836543273,0.3535490973688883
2006,1.0.0.1.0.0.0.0.0.0.1.1.0.0.0.0.,5110073,8388608,2834313376694272,2218699277781179,0.7150875297309861,0.35328514099473457
2007,0.0.1.0.1.0.0.0.0.1.0.0.0.0.0.1.,1277901,2097152,708723165102080,554841002423223,0.7146553567863473,0.3531477993682607
2008,0.0.0.0.2.0.1.0.0.0.0.0.1.0.0.0.,5112253,8388608,2835138077523968,2219645793501319,0.7144721951707663,0.3530895266897175
2009,0.0.1.0.0.0.0.2.0.0.0.0.1.0.0.0.,2556605,4194304,1417749964259328,1110030652609415,0.7142021518175877,0.35300360393662983
2010,0.3.0.0.0.0.0.0.0.0.0.1.0.0.0.0.,639169,1048576,354444201951232,277515369874387,0.7141620869950561,0.35299085470885805
2011,1.1.0.0.0.0.1.1.0.0.0.0.0.0.0.0.,5114689,8388608,2836059079573504,2220703459691347,0.7137849114869299,0.35287083017165516
2012,0.0.2.0.0.0.0.0.0.1.0.0.0.0.1.0.,5115551,8388608,405197851459584,317296817737739,0.7135417885243818,0.35279347222525864
2013,1.0.0.0.0.2.0.0.0.0.1.0.0.0.0.0.,5116147,8388608,2836610177564672,2221336496351881,0.7133737135391072,0.35273994694177674
2014,1.0.0.0.0.0.0.0.0.1.1.0.0.0.0.1.,1279371,2097152,709278809718784,555479249262033,0.7129967440586474,0.35261982790662216
2015,0.0.0.3.1.0.0.0.0.0.0.0.0.0.0.0.,5119223,8388608,2837772133990400,2222672038716629,0.7125065773086877,0.35246365873833774
2016,0.0.0.0.1.0.1.0.0.0.0.0.2.0.0.0.,5119847,8388608,2838007820320768,2222942967986981,0.7123307328801157,0.3524076299132457
2017,0.0.0.0.0.1.0.0.1.0.0.0.0.1.0.1.,5125945,8388608,2840310929424384,2225590606914235,0.7106134316899054,0.35186063437548454
2018,0.0.0.0.0.0.0.1.0.0.1.1.1.0.0.0.,2563733,4194304,1420442539655168,1113125498505359,0.7101854103859145,0.3517242147675928
2019,0.2.1.0.0.0.1.0.0.0.0.0.0.0.0.0.,5128169,8388608,2841150427758592,2226556226621387,0.7099876235857148,0.3516611743589664
2020,0.0.0.0.0.0.0.1.0.1.0.0.1.1.0.0.,320735,524288,35531318624256,27851442155881,0.7089777300273127,0.3513391977171598
2021,0.0.0.0.0.1.0.0.0.1.0.0.1.0.0.1.,5133181,8388608,2843041689763840,2228732344414663,0.7085782986684381,0.3512118854011601
2022,0.1.1.0.0.0.0.0.0.0.0.1.1.0.0.0.,2567395,4194304,284364835389440,222943094248517,0.7081261555254957,0.351067559751081
2023,1.0.1.0.1.0.1.0.0.0.0.0.0.0.0.0.,2568205,4194304,1422129404837888,1115067158276215,0.7076710643997032,0.3509221436978688
2024,0.0.0.0.0.0.1.0.0.1.0.0.1.0.0.1.,5137741,8388608,2844760314216448,2230712212159543,0.707297266679548,0.3508027019923194
2025,0.0.2.1.0.0.0.0.0.1.0.0.0.0.0.0.,2569737,4194304,474235524874240,371910774789817,0.7068107164751282,0.35064719331731015
2026,0.0.0.0.0.0.0.0.0.0.1.2.0.1.0.0.,1285251,2097152,711497370042368,558032236617273,0.7063812960865321,0.35050995741222135
2027,0.0.2.0.1.0.0.0.1.0.0.0.0.0.0.0.,2571787,4194304,1423478594994176,1116622396491601,0.7056602696463106,0.3502794011102442
2028,0.0.0.0.2.0.0.0.0.2.0.0.0.0.0.0.,5143961,8388608,2847102883332096,2233412821232603,0.7055517260581552,0.35024468570860195
2029,1.0.0.0.0.0.1.0.1.1.0.0.0.0.0.0.,643243,1048576,355981141737472,279284225399089,0.7049956734412459,0.3500667265316926
2030,0.0.1.0.0.0.0.0.0.2.0.0.0.0.1.0.,2573313,4194304,1424052879097856,1117284957495699,0.7048044834820179,0.3500055343011623
2031,0.0.1.1.0.1.0.0.0.0.0.0.1.0.0.0.,643635,1048576,356128613466112,279454424556105,0.7041167455653783,0.3497853378218513
2032,0.0.0.0.0.1.0.0.0.0.0.1.0.0.2.0.,5149801,8388608,2849300027539456,2235948441326923,0.7039147463139683,0.3497206220480784
2033,1.0.0.1.1.0.0.1.0.0.0.0.0.0.0.0.,1288125,2097152,712578678390784,559280074314375,0.7031588309112943,0.3494783843504362
2034,0.0.0.0.0.0.0.0.1.1.1.0.0.0.0.1.,5154635,8388608,2851116261834752,2238047274809105,0.702561156784323,0.34928635916637135
2035,0.0.1.0.1.0.0.0.0.0.0.1.0.1.0.0.,2578803,4194304,475371912822784,373222871352323,0.7017298637443188,0.34901926644916303
2036,0.0.0.1.0.0.0.0.0.1.0.0.1.0.1.0.,2580185,4194304,1426634489987072,1120268652921755,0.7009569196730393,0.3487710092181788
2037,0.0.0.0.1.0.0.0.1.0.0.1.0.0.1.0.,2581773,4194304,1427230550917120,1120958133180279,0.7000692720799343,0.3484860069134997
2038,0.0.0.0.0.0.0.1.0.0.3.0.0.0.0.0.,5163777,8388608,2854547806486528,2242016562292371,0.70000473211067,0.3484652883408723
2039,2.0.0.0.0.0.1.1.0.0.0.0.0.0.0.0.,2582181,4194304,1427383626235904,1121135279241663,0.699841299647218,0.34841276012130706
2040,1.0.0.0.0.2.1.0.0.0.0.0.0.0.0.0.,322823,524288,178441844424704,140163781799429,0.6996161563531249,0.34834035905183597
2041,0.0.0.1.1.0.0.1.0.1.0.0.0.0.0.0.,5168759,8388608,2856415983042560,2244179654639957,0.6986134943253475,0.34801792246521596
2042,1.0.0.0.0.0.0.0.0.0.2.0.1.0.0.0.,5169591,8388608,952242635014144,748180297889031,0.6983812866178097,0.34794324914911756
2043,0.0.0.0.0.1.0.0.0.0.1.0.1.1.0.0.,2586433,4194304,1428977721802752,1122981419077459,0.6974676108023179,0.3476493675432561
2044,0.1.0.1.0.1.0.0.0.0.0.0.0.0.0.1.,5175579,8388608,952990647189504,749046924208939,0.6967111625174591,0.34740595589047446
2045,0.0.0.0.0.0.2.2.0.0.0.0.0.0.0.0.,5175809,8388608,2859058109349888,2247240634377107,0.6966470513355656,0.34738532605784905
2046,0.0.0.0.0.0.2.0.0.0.0.0.0.0.0.2.,5176153,8388608,2859186958368768,2247389992821019,0.6965511686238152,0.347354459741301
2047,0.1.0.0.0.1.1.0.0.0.1.0.0.0.0.0.,2588735,4194304,1429840104259584,1123980904943405,0.6961841416654069,0.34723629659696575
2048,0.0.0.0.0.0.0.1.0.0.1.2.0.0.0.0.,5178033,8388608,2859890930352128,2248206254084259,0.696027271002761,0.34718573017852794
2049,0.0.0.0.1.0.0.0.1.0.0.0.1.0.1.0.,1295221,2097152,715239381270528,562361026401583,0.6952331486701993,0.34692955984990487
2050,0.0.0.0.1.0.0.0.0.0.0.1.0.1.1.0.,2591669,4194304,1430937787170816,1125254793531887,0.6945499572649008,0.3467092388804035
2051,0.0.1.0.0.1.0.0.0.1.1.0.0.0.0.0.,5184799,8388608,2862422108930048,2251143926268877,0.6941433697615355,0.34657813765899115
2052,0.0.0.1.1.1.1.0.0.0.0.0.0.0.0.0.,162125,262144,89488091512832,70391679416375,0.6932529510862135,0.3462908042718641
2053,0.0.0.0.0.0.0.1.0.0.0.0.1.0.1.1.,5189861,8388608,2864314444677120,2253341753138303,0.6927355312634054,0.3461237439271105
2054,0.0.0.0.1.1.0.1.0.1.0.0.0.0.0.0.,2595677,4194304,1432436202274816,1126994993076071,0.6923205617803733,0.3459897797472103
2055,0.1.0.0.0.1.0.0.0.0.0.0.2.0.0.0.,2595999,4194304,1432556461359104,1127134799526477,0.6921416030765706,0.3459319363166354
2056,0.0.0.1.0.0.0.0.0.0.0.0.0.1.0.2.,5194095,8388608,2865895680507904,2255180077706685,0.6915590295252161,0.34574345772015436
2057,0.0.0.0.0.0.1.2.0.0.0.0.0.1.0.0.,649441,1048576,358303817269248,281975282478643,0.6911610589719624,0.3456147099732751
2058,1.1.0.0.0.1.0.1.0.0.0.0.0.0.0.0.,1299219,2097152,238911120998400,188032294710179,0.69078679466776,0.3454935436014735
2059,0.0.2.0.0.0.0.0.0.0.0.0.0.1.0.1.,5197951,8388608,2867334494552064,2256854281659373,0.6904883967868748,0.345396943800164
2060,0.1.1.0.0.1.0.0.0.0.1.0.0.0.0.0.,5199865,8388608,2868048432201728,2257685305094395,0.6899572624910861,0.3452249814463881
2061,0.0.0.0.0.0.0.2.0.1.1.0.0.0.0.0.,2600507,4194304,204891213529088,161298869976023,0.689638509314797,0.3451217864035777
2062,0.0.0.0.0.1.1.0.0.0.0.0.1.0.0.1.,5202369,8388608,2868982184935424,2258772495627987,0.6892626985248916,0.34500004037054066
2063,0.0.0.0.0.0.0.0.0.0.0.1.0.3.0.0.,5203723,8388608,409926711115776,322765768201447,0.6888872628481001,0.34487842227424814
2064,0.0.0.1.0.0.1.0.0.0.0.0.0.0.0.2.,2602697,4194304,1435054941143040,1130042947367531,0.6884240643973508,0.34472836818656083
2065,1.0.0.0.0.0.1.0.0.1.0.0.0.1.0.0.,1302223,2097152,717853317660672,565401165425629,0.687454905792947,0.3444142246019161
2066,0.2.0.0.0.0.0.0.0.0.0.0.0.1.0.1.,5209941,8388608,2871804112666624,2262060118120143,0.6871643958859341,0.34432007356936023
2067,0.1.0.0.0.0.0.1.0.1.0.1.0.0.0.0.,5211405,8388608,957449813098496,754231919956605,0.6867590537058058,0.34418865861571496
2068,1.0.1.0.0.1.0.0.0.0.0.0.1.0.0.0.,162907,262144,89779764985856,70731209367361,0.6863109287696623,0.344043390934547
2069,0.1.0.0.0.0.1.1.0.0.0.0.1.0.0.0.,2607353,4194304,38832141500416,30596337744287,0.6858455133667279,0.3438922920540738
2070,0.1.1.0.0.1.0.0.0.0.0.1.0.0.0.0.,5216365,8388608,410599410368512,323549900031985,0.6853866091769251,0.34374332423367854
2071,0.0.0.0.1.0.0.0.0.1.0.0.1.0.0.1.,5217879,8388608,47127199744000,37139453295897,0.6849679415078089,0.3436073817350511
2072,0.0.0.0.1.0.0.1.1.0.1.0.0.0.0.0.,5220955,8388608,2875903524732928,2266842193414465,0.6841177066876716,0.343331318711031
2073,0.1.0.0.1.0.1.1.0.0.0.0.0.0.0.0.,2611337,4194304,1438271468994560,1133794275726251,0.6836427773699633,0.3431771149641086
2074,1.0.0.0.0.0.0.0.0.0.0.0.0.1.0.2.,1305963,2097152,1026027421696,808880177349,0.6833174070477392,0.343071377632977
2075,0.0.0.0.0.0.0.0.0.0.0.0.1.2.1.0.,5226209,8388608,2877856392675328,2269123383136307,0.6826666104123822,0.3428595448421815
2076,0.0.0.0.0.0.0.0.0.0.0.2.0.0.1.1.,5227011,8388608,2878154221813760,2269471596717753,0.6824452352906373,0.3427874663948903
2077,1.0.0.0.0.0.0.1.0.0.0.1.0.1.0.0.,1307519,2097152,719823097036800,567700590771437,0.6815995197626034,0.342512151969147
2078,0.0.0.0.0.1.0.0.0.0.0.0.1.0.1.1.,1307925,2097152,719973823545344,567876868469775,0.681151615551077,0.3423663075607676
2079,0.0.0.1.1.0.0.1.0.0.0.0.1.0.0.0.,1308839,2097152,720313008521216,568273710381797,0.6801437880809673,0.34203798431271437
2080,0.2.0.0.0.0.0.1.1.0.0.0.0.0.0.0.,2618669,4194304,1440993773617152,1136977694652887,0.67959771624784,0.3418601502264287
2081,0.0.0.1.1.0.0.0.0.1.0.0.0.0.0.1.,655025,1048576,360381151182848,284399752103075,0.6788095552677095,0.34160334920602853
2082,0.0.0.1.1.0.0.0.0.0.0.0.1.0.1.0.,5242987,8388608,2884082300092416,2276408080729201,0.6780424619832559,0.34135312804132173
2083,0.0.0.0.0.0.1.0.0.1.0.0.2.0.0.0.,2621931,4194304,1442203301838848,1138393994780913,0.677801711274686,0.3412745935327043
2084,1.1.0.0.0.0.0.2.0.0.0.0.0.0.0.0.,5244727,8388608,2884726847176704,2277163556579221,0.6775637514855861,0.3411968011976272
2085,1.0.0.0.0.0.1.1.0.0.0.0.0.0.0.1.,2623011,4194304,1442603069341696,1138862910825753,0.6772075728967283,0.34108030354895486
2086,0.0.0.0.1.0.0.0.0.1.0.1.0.0.0.1.,5247533,8388608,2885765289738240,2278381869932759,0.6767920964977673,0.34094439341243926
2087,0.0.0.1.0.0.0.0.0.0.1.0.0.0.1.1.,5250523,8388608,2886871545806848,2279680072686529,0.6759702951492322,0.3406755422006057
2088,0.1.0.0.0.1.0.1.0.0.0.0.0.1.0.0.,2626743,4194304,1443983582560256,1140483276269589,0.6751563762884364,0.34040904800346306
2089,0.0.1.0.0.0.0.1.1.0.0.1.0.0.0.0.,5256873,8388608,321024327417856,253604125039731,0.6742265491963956,0.3401044177314206
2090,0.0.2.0.1.1.0.0.0.0.0.0.0.0.0.0.,5257291,8388608,2889373431365632,2282618613234193,0.6741118379312091,0.3400668443430359
2091,0.1.0.1.0.0.0.0.1.0.0.0.0.0.1.0.,1316069,2097152,722988559237120,571412842793087,0.6721963007605476,0.33943935582721985
2092,0.1.1.0.0.0.0.1.0.0.0.0.0.1.0.0.,2633577,4194304,482169562595328,381150157599257,0.6714077893369255,0.339181109697841
2093,0.0.0.0.0.0.0.2.0.0.0.1.0.0.0.1.,2633851,4194304,1446609887952896,1143569438535073,0.6712576977014784,0.33913194788962236
2094,2.0.0.1.0.0.0.0.0.0.0.0.0.0.1.0.,2634241,4194304,1446753903575040,1143738769329043,0.6710440905484618,0.33906195947176626
2095,0.0.0.0.0.1.0.0.0.1.0.0.0.1.1.0.,5271545,8388608,578927718301696,457761487332607,0.6702055775096166,0.3387871422673291
2096,0.0.0.0.0.0.0.0.0.4.0.0.0.0.0.0.,5271609,8388608,964887404609536,762945074760169,0.6701880623556848,0.3387814004881963
2097,0.0.0.0.1.0.1.0.1.0.0.1.0.0.0.0.,82423,131072,45249061978112,35786543670229,0.6692406452286956,0.3384706727962779
2098,0.0.0.1.0.0.0.0.0.0.2.0.0.0.1.0.,5276601,8388608,965501316497408,763667552814441,0.6688225350895814,0.33833349945597124
2099,0.1.0.1.0.0.0.0.0.0.1.0.0.0.1.0.,5280385,8388608,2897899209883648,2292645601326355,0.6677883084138021,0.3379940588456398
2100,0.0.2.0.1.0.1.0.0.0.0.0.0.0.0.0.,660115,1048576,362262030188544,286609736055145,0.6676421443086019,0.33794598196302367
2101,1.0.0.1.0.0.0.0.0.0.0.1.0.0.1.0.,660607,1048576,362443224121344,286823353364461,0.6665672686073544,0.3375925239476067
2102,1.1.0.0.0.0.0.0.0.1.0.0.1.0.0.0.,2643255,4194304,1450077436510208,1147652481577365,0.6661158193590544,0.33744409612092524
2103,0.0.0.1.1.0.0.0.0.0.0.1.0.0.0.1.,2644803,4194304,161182983913472,127591621619441,0.6652711644830719,0.33716584982331077
2104,0.0.0.0.1.1.0.1.0.0.0.1.0.0.0.0.,661411,1048576,362739006439424,287172435308953,0.6648124862127451,0.3370146145903028
2105,0.1.0.0.0.0.0.1.0.0.0.0.2.0.0.0.,2646009,4194304,161232241819648,127649801943523,0.6646134619415922,0.33694897098893745
2106,0.1.0.0.0.0.0.0.1.0.0.0.1.0.0.1.,82747,131072,45368309186560,35927218483681,0.6635806126222877,0.33660764849771746
2107,0.0.0.1.0.0.0.0.0.3.0.0.0.0.0.0.,2648093,4194304,1451855234203648,1149753051785639,0.663477640750195,0.33657358101630985
2108,0.1.0.0.0.0.1.0.0.0.1.0.0.1.0.0.,5299507,8388608,2904928091635712,2300948020409161,0.6625732751013065,0.33627405899846463
2109,1.0.0.0.0.1.0.0.0.0.1.0.0.1.0.0.,20713,32768,11351701782528,8993201885899,0.6617510967484745,0.3360018335197102
2110,0.1.1.1.0.0.0.0.0.0.1.0.0.0.0.0.,5306135,8388608,2907357432512512,2303825775543605,0.6607700492379611,0.33567682971774365
2111,2.0.0.0.0.0.0.0.0.1.1.0.0.0.0.0.,165835,262144,5344801062912,4235440756865,0.6606110012532719,0.3356241408937997
2112,0.0.0.0.1.0.0.1.0.0.0.0.0.0.2.0.,5307465,8388608,2907844508647424,2304403236969195,0.6604084783450642,0.33555693652860524
2113,0.0.1.2.0.0.0.0.0.0.0.0.1.0.0.0.,5310439,8388608,2908932880203776,2305694492818597,0.6596003009187463,0.33528864163873356
2114,0.0.0.0.0.0.0.1.1.1.0.0.0.1.0.0.,5317101,8388608,2911370240589824,2308587010124823,0.6577915595503143,0.3346882112033868
2115,2.0.0.1.0.0.1.0.0.0.0.0.0.0.0.0.,5318423,8388608,2911853793509376,2309160998098229,0.6574329043766006,0.3345691550547365
2116,0.0.0.0.0.2.0.0.0.0.0.0.0.0.0.2.,5318841,8388608,153263508815872,121544341367097,0.6573195206103611,0.3345315116163925
2117,1.0.0.1.0.0.1.0.0.0.0.1.0.0.0.0.,2660931,4194304,112042736353280,88871313398301,0.656500330029508,0.3342594085099551
2118,0.0.0.0.0.1.0.0.0.0.0.0.0.0.1.2.,2661205,4194304,1456655699017728,1155446039915215,0.6563517812357332,0.3342100299331851
2119,0.0.0.0.0.0.0.1.0.1.0.1.0.0.0.1.,83181,131072,2678070181888,2124450192039,0.6560335913166201,0.3341042487201927
2120,0.1.0.0.0.0.1.0.0.0.0.0.1.1.0.0.,5326643,8388608,2914857955360768,2312729970217289,0.6552048382296786,0.3338287512380856
2121,0.0.0.0.0.0.1.0.0.2.0.1.0.0.0.0.,5327391,8388608,153427959087104,121739723052447,0.6550022603343277,0.33376141934695247
2122,0.0.0.0.0.0.1.2.0.0.0.0.0.0.1.0.,5327929,8388608,2915327717408768,2313288327655867,0.6548565734975818,0.33371297425734114
2123,0.0.1.0.0.0.0.0.0.2.1.0.0.0.0.0.,5328467,8388608,2915524212162560,2313521917315241,0.6547109013711597,0.3336645373241249
2124,0.1.1.1.0.0.0.0.0.0.0.0.0.0.0.1.,5330099,8388608,2916120205983744,2314230501560777,0.6542691011655541,0.3335176238679724
2125,0.1.0.0.0.0.0.1.0.0.0.0.1.1.0.0.,5332961,8388608,2917165359431680,2315473129079603,0.6534946530603807,0.33326015292619365
2126,0.0.1.0.0.0.0.0.1.0.0.0.1.0.0.1.,5337031,8388608,2918651552333824,2317240247878213,0.6523940394701929,0.332894354429933
2127,0.1.0.0.0.0.0.0.1.0.1.0.0.0.0.1.,5339669,8388608,2919614161879040,2318385618735887,0.6516811170137574,0.3326571732630381
2128,0.0.0.0.1.1.0.0.0.1.1.0.0.0.0.0.,5341375,8388608,2920236663701504,2319126332414125,0.6512202561165107,0.33250388196728886
2129,0.0.0.0.0.1.1.0.0.0.1.0.1.0.0.0.,1335675,2097152,730179995435008,579925405733025,0.6508624205642559,0.3323848020098021
2130,0.1.1.0.0.0.0.0.0.1.0.0.1.0.0.0.,5344189,8388608,2921262959558656,2320348119219847,0.6504604003075125,0.3322509617242665
2131,1.0.1.0.1.0.0.0.0.0.0.0.1.0.0.0.,2672797,4194304,1460887567204352,1160479072129831,0.6500811621987276,0.33212464413601966
2132,0.0.0.0.0.1.1.0.0.1.0.1.0.0.0.0.,5346775,8388608,417457919492096,331638701805475,0.6497624633490678,0.33201840137069166
2133,1.0.1.0.0.0.0.0.0.0.0.2.0.0.0.0.,2673799,4194304,1461252639424512,1160914122015877,0.6495404142357639,0.33194437708573526
2134,1.0.0.0.0.0.0.0.0.0.1.2.0.0.0.0.,1337101,2097152,730699703255040,580544548584823,0.6493229849186869,0.33187184366688
2135,0.0.0.1.0.0.0.0.0.0.2.0.0.0.0.1.,2675035,4194304,292340547715072,232290154075661,0.648873662901818,0.3317219403129059
2136,0.0.0.0.1.0.0.0.0.0.2.1.0.0.0.0.,5350749,8388608,2923652706205696,2323196350010727,0.6486905759934088,0.3316608553140399
2137,0.0.1.0.0.0.0.2.0.0.0.0.0.0.1.0.,5351431,8388608,2923901009002496,2323492461809413,0.6485067035451378,0.33159950425889995
2138,1.0.0.0.0.1.0.0.0.1.0.0.1.0.0.0.,5352635,8388608,2924339095666688,2324015216363105,0.6481821530730919,0.3314910958903858
2139,0.0.1.0.0.2.0.0.0.0.0.0.1.0.0.0.,5353375,8388608,25881489702912,20569349652125,0.6479827147516336,0.33142447883889364
2140,1.0.0.0.1.0.0.0.0.1.0.0.0.1.0.0.,5356445,8388608,2925725162143744,2325669447965735,0.6471556095534432,0.3311481931589693
2141,0.0.0.0.0.0.1.0.0.1.0.0.1.0.1.0.,5358125,8388608,2926336255459328,2326398872924375,0.6467031923890483,0.33099707881291673
2142,0.0.0.0.0.1.1.0.0.0.0.0.0.0.0.2.,5358925,8388608,2926627239493632,2326746218142775,0.6464878054990263,0.33092514104024406
2143,0.1.0.0.0.0.0.0.1.0.0.0.0.1.0.1.,5365605,8388608,418436500946944,332806650102345,0.6446905791181129,0.3303244443574993
2144,0.0.0.0.1.0.0.0.0.0.1.0.0.2.0.0.,5368209,8388608,2930001204740096,2330777159402307,0.6439905897275431,0.3300901797600766
2145,0.1.0.0.0.0.1.0.0.0.0.0.1.0.0.1.,83907,131072,15263901417472,12143623016787,0.6434964469246408,0.3299248488389417
2146,0.0.0.0.0.1.0.1.0.0.0.0.0.0.0.2.,5370765,8388608,2930929454546944,2331886927375095,0.6433038335077879,0.32986040946357964
2147,0.0.1.0.0.0.1.0.0.1.0.0.1.0.0.0.,671561,1048576,366444380422144,291579377767403,0.6428410754257127,0.329705552888697
2148,0.0.0.0.0.0.0.0.0.1.1.0.2.0.0.0.,671649,1048576,33316029857792,26510689612857,0.6426520399602532,0.3296422915764659
2149,0.1.0.0.0.0.0.0.0.1.0.1.0.0.1.0.,5374585,8388608,2932316158558208,2333545500792955,0.6422780697516769,0.3295170633203557
2150,0.0.0.1.1.0.0.1.0.0.1.0.0.0.0.0.,5378319,8388608,2933671220740096,2335166734599837,0.64127610349229,0.3291816315753726
2151,0.2.0.0.0.0.0.0.0.0.0.1.0.1.0.0.,5379703,8388608,2934173463478272,2335767641827669,0.6409049032944087,0.3290573987559591
2152,0.0.0.0.0.0.0.1.1.0.2.0.0.0.0.0.,2690811,4194304,1467434892525568,1168300418085153,0.6403903696635015,0.3288851967938465
2153,0.0.1.0.0.1.0.0.0.0.1.0.0.1.0.0.,5384647,8388608,2935967283412992,2337914235277381,0.6395796612159361,0.3286138851798205
2154,0.0.0.0.2.0.0.0.0.0.0.0.0.1.1.0.,5385717,8388608,2936355306864640,2338378809506991,0.6392930072646249,0.32851788816250777
2155,1.0.1.1.0.0.0.0.0.0.1.0.0.0.0.0.,2694409,4194304,1468739757277184,1169862603204907,0.6384625681885397,0.32823969099584416
2156,0.0.0.0.0.0.0.2.0.0.2.0.0.0.0.0.,2694653,4194304,1468828156428288,1169968543496519,0.638331926681644,0.3281958784717677
2157,0.0.0.1.0.0.0.0.0.0.1.1.0.0.0.1.,5392247,8388608,2938721733181440,2341214014852181,0.6375448478219484,0.32793193703581996
2158,1.0.0.0.0.0.0.1.0.0.1.0.0.1.0.0.,5395745,8388608,587997749706752,468546556363927,0.6366092617685123,0.3276182277696521
2159,0.0.1.0.0.0.0.0.0.1.1.0.0.1.0.0.,5398489,8388608,2940980617543680,2343924175918747,0.6358757673348222,0.32737137573326647
2160,0.0.0.0.0.0.0.3.0.0.1.0.0.0.0.0.,5398847,8388608,2941110003433472,2344079612903981,0.6357800983985535,0.32733917551709163
2161,0.1.1.0.0.0.0.0.0.0.0.1.0.1.0.0.,5402335,8388608,2942370576334848,2345594038056205,0.6348483262133351,0.3270256164037668
2162,0.0.1.0.0.2.0.0.1.0.0.0.0.0.0.0.,5403885,8388608,2942930532696064,2346267019416855,0.6344344576582412,0.3268862779883928
2163,1.0.0.0.0.1.0.0.0.1.0.0.0.1.0.0.,5406957,8388608,981346725920768,782533608351837,0.6336145475559755,0.32661023994933513
2164,0.1.0.0.0.0.2.0.0.1.0.0.0.0.0.0.,2703757,4194304,1472120685068288,1173921332081911,0.6334659353606151,0.32656021653183076
2165,0.0.0.1.0.0.1.0.0.0.1.0.0.0.0.1.,5410835,8388608,2945440605536256,2349284581001705,0.6325801827598638,0.3262619764640254
2166,0.0.0.0.0.0.0.0.0.0.1.0.1.0.1.1.,676529,1048576,368243090915328,293736391573667,0.6322077476666846,0.3261364422139859
2167,1.0.0.0.0.0.0.0.1.0.0.0.1.0.0.1.,2707683,4194304,1473537822949376,1175625928741209,0.63137258433971,0.32585500873626577
2168,0.0.1.0.0.0.1.0.0.1.1.0.0.0.0.0.,5416755,8388608,2947576814895104,2351854935617865,0.6310025915335407,0.325730334558204
2169,0.2.1.0.0.0.0.0.0.0.0.0.0.0.0.1.,5417005,8388608,589533401841664,470392696199723,0.6309360082309224,0.32570789629599
2170,0.0.0.0.0.0.0.0.0.1.0.1.0.1.0.1.,2709935,4194304,1474350276411392,1176603705531005,0.6301731828982605,0.32545083599466784
2171,1.0.0.0.0.0.0.0.1.0.0.0.0.0.0.2.,5421853,8388608,2949415664877568,2354068393022119,0.629645432042057,0.32527292179209816
2172,0.0.0.0.0.1.0.0.0.0.0.1.0.0.0.2.,5422785,8388608,2949751544741888,2354473050201555,0.629397458475504,0.3251892331823515
2173,0.0.1.1.0.0.1.0.0.0.0.1.0.0.0.0.,5425645,8388608,590156440535040,471142961871467,0.6286367755172264,0.32493254703792657
2174,0.0.0.0.0.1.0.0.0.2.0.1.0.0.0.0.,1356553,2097152,737746620514304,588990247570219,0.6284860164187738,0.32488166066144963
2175,0.0.1.0.0.0.0.0.0.1.0.0.0.0.0.2.,5426803,8388608,2951199351373824,2356217591560969,0.6283288927494508,0.32482860199998254
2176,1.0.0.0.0.0.0.0.0.0.0.0.0.0.1.2.,5426967,8388608,2951258407174144,2356288797330741,0.6282852946288487,0.32481387304329323
2177,1.1.0.0.0.0.0.0.0.1.0.1.0.0.0.0.,2714191,4194304,1475883948834816,1178451582092893,0.6279091826320037,0.32468679920927757
2178,0.1.0.1.0.1.0.0.0.1.0.0.0.0.0.0.,1357945,2097152,738247672070144,589594628250235,0.6270063824879699,0.32438152187671654
2179,0.0.0.0.2.0.0.0.1.0.0.0.0.0.1.0.,5433169,8388608,2953490515099648,2358981591136387,0.626637507599977,0.324256818653737
2180,0.0.0.1.0.0.0.2.0.0.0.0.0.1.0.0.,679517,1048576,369319638728704,295033725964391,0.625849881106354,0.32399009891036107
2181,0.0.0.0.0.0.0.0.0.0.2.0.0.1.1.0.,1359421,2097152,738778394132480,590235480178183,0.6254391161795144,0.323851028226367
2182,0.1.1.0.1.0.1.0.0.0.0.0.0.0.0.0.,5439081,8388608,2955615685050368,2361548472300363,0.6250685197782491,0.3237255418418603
2183,0.2.0.0.0.0.2.0.0.0.0.0.0.0.0.0.,5439497,8388608,2955765136490496,2361729091813931,0.6249581816187392,0.3236881520705803
2184,0.0.0.0.0.0.0.0.0.1.0.1.1.0.0.1.,2720449,4194304,1478134226485248,1181168690063827,0.6245866480919774,0.3235622640329584
2185,0.1.0.0.0.0.0.0.0.0.2.0.0.0.0.1.,5441525,8388608,591298734063616,472521922388515,0.6244204039032267,0.32350592446876875
2186,1.0.0.0.1.0.1.1.0.0.0.0.0.0.0.0.,5443115,8388608,2957064632532992,2363299960564145,0.6239989135955399,0.32336302255621163
2187,0.0.1.1.0.1.1.0.0.0.0.0.0.0.0.0.,5445967,8388608,2958088713797632,2364538246267741,0.6232431903214017,0.3231068423675087
2188,0.1.1.1.0.0.0.0.0.0.0.1.0.0.0.0.,5449377,8388608,2959313047912448,2366018805261171,0.6223401274626128,0.32280077827681786
2189,0.1.1.0.0.0.0.1.0.1.0.0.0.0.0.0.,5450619,8388608,2959758919204864,2366558058712737,0.6220113517000274,0.3226893529053862
2190,0.0.0.1.0.1.0.0.0.1.0.0.0.0.1.0.,5453373,8388608,2960746493247488,2367753794627079,0.6212825943372025,0.32244189505595133
2191,0.0.1.0.1.0.0.0.1.0.0.1.0.0.0.0.,1364103,2097152,740459051745280,592268318068869,0.6204788479127474,0.32216904020256043
2192,0.0.0.0.3.0.0.0.0.0.0.1.0.0.0.0.,1364153,2097152,740476969811968,592290027145019,0.6204259681594892,0.32215107121597697
2193,0.0.1.0.0.0.0.0.0.0.1.0.0.0.0.2.,5457239,8388608,2962132559724544,2369432340394997,0.6202602026947358,0.3220947396462056
2194,0.0.0.0.0.0.0.1.0.0.0.0.2.0.0.1.,1364499,2097152,740600953438208,592440253951977,0.6200600933708955,0.32202673748384975
2195,0.0.0.0.2.0.0.1.0.0.0.0.0.1.0.0.,5459423,8388608,2962914981969920,2370380592841229,0.6196829482168856,0.32189851053292967
2196,0.0.1.1.0.0.2.0.0.0.0.0.0.0.0.0.,5460971,8388608,2963469435404288,2371052705838833,0.6192739351467977,0.3217594452644575
2197,0.2.0.0.0.0.0.0.1.0.0.1.0.0.0.0.,5461993,8388608,2963835312930816,2371496439355339,0.6190039655055738,0.3216675834534118
2198,0.0.0.0.0.0.0.1.2.0.0.0.0.0.1.0.,5464967,8388608,2964899323969536,2372787695204741,0.6182186464126974,0.3214000960934448
2199,0.0.0.0.0.0.0.1.1.0.0.0.0.0.1.1.,2734127,4194304,134821581946880,107918856812311,0.6173511730958631,0.32110448753628446
2200,0.0.0.0.0.1.0.0.0.0.0.1.1.1.0.0.,5470789,8388608,2966981040930816,2375315500031647,0.6166825164329134,0.32087655661620523
2201,0.0.0.0.0.0.0.0.0.0.1.0.1.1.1.0.,2736611,4194304,1483925251686400,1188185931838553,0.6160410556207286,0.3206578101314282
2202,0.0.0.1.0.0.0.1.0.0.0.0.1.0.1.0.,5476061,8388608,2968864920961024,2377604505020903,0.6152929132422971,0.32040269971884283
2203,0.0.0.0.0.1.0.0.0.0.1.0.0.1.0.1.,2739531,4194304,494989486325760,396484580628571,0.614502501683065,0.3201331220938515
2204,1.1.1.0.0.0.0.1.0.0.0.0.0.0.0.0.,5480421,8388608,2970422349922304,2379497536461183,0.614144706963986,0.32001111455953063
2205,0.0.0.1.1.0.0.2.0.0.0.0.0.0.0.0.,685255,1048576,371375069986816,297525059543365,0.6137185757716962,0.31986578501183505
2206,0.2.0.0.1.0.0.1.0.0.0.0.0.0.0.0.,5482939,8388608,2971321608699904,2380590805536097,0.6134820075402996,0.3197851071905203
2207,0.0.0.1.0.0.0.1.0.0.0.1.0.0.0.1.,5486113,8388608,2972454137888768,2381968897690099,0.6126470923283773,0.3194999752590817
2208,0.0.0.0.0.0.0.0.0.1.0.0.2.1.0.0.,1371931,2097152,743257189384192,595667091030913,0.612223506352466,0.3193552567641569
2209,0.0.0.0.1.0.1.1.0.0.0.1.0.0.0.0.,2744611,4194304,1486781505601536,1191659384022553,0.611829743427028,0.3192207230399158
2210,0.0.1.1.1.0.0.0.0.0.0.1.0.0.0.0.,5492495,8388608,2974728960606208,2384739844169885,0.6109697793597253,0.3189263362681953
2211,1.0.0.0.0.0.0.0.0.1.0.0.0.0.1.1.,2746927,4194304,1487606340648960,1192664948429821,0.6106128595912802,0.31880399407601784
2212,0.0.1.0.0.0.1.0.1.0.0.0.0.0.1.0.,21471,32768,11625709109248,9322311480333,0.6098982349621084,0.3185590933530795
2213,0.0.0.0.1.0.0.0.0.1.1.0.0.0.0.1.,2749129,4194304,1488390037962752,1193621016143467,0.6094568252823068,0.3184077968840701
2214,0.1.0.0.1.1.0.0.0.0.0.0.0.0.0.1.,1374965,2097152,148867504930816,119396879554339,0.6090365356524174,0.3182637420316006
2215,0.0.0.1.1.1.0.0.0.0.0.0.0.0.0.1.,5502427,8388608,2978263450255360,2389052135056321,0.6083633304838627,0.31803303968152064
2216,0.0.1.0.0.3.0.0.0.0.0.0.0.0.0.0.,1375659,2097152,744584451719168,597285719748657,0.6083085332939544,0.31801426099417734
2217,0.0.0.0.0.0.0.2.1.0.1.0.0.0.0.0.,5504627,8388608,2979045805391872,2390007334406921,0.6077866222870608,0.31783526090862896
2218,0.0.3.0.0.0.0.0.0.0.0.0.1.0.0.0.,5504781,8388608,2979100566224896,2390074198361463,0.6077462613455258,0.3178214193499064
2219,0.0.0.0.1.0.0.1.0.1.0.0.0.0.1.0.,5506463,8388608,2979698640420864,2390804491683149,0.607305509496298,0.3176702690293027
2220,0.0.0.0.0.0.0.0.0.0.2.1.0.1.0.0.,2754031,4194304,1490133492695040,1195749373969213,0.6068866318076847,0.3175265434212774
2221,1.0.1.0.0.0.0.0.0.0.0.0.1.0.1.0.,5509701,8388608,2980849289003008,2392210371454623,0.6064574018107317,0.3173791688683942
2222,1.0.0.0.0.0.0.0.0.0.1.1.0.0.1.0.,2755681,4194304,1490719655067648,1196465773482163,0.6060225405852656,0.31722984248418784
2223,0.0.0.0.0.0.0.1.1.1.0.0.1.0.0.0.,2757257,4194304,1491279477211136,1197150043562411,0.6051976855093048,0.3169466727701948
2224,0.0.1.0.0.1.0.1.0.0.1.0.0.0.0.0.,5516095,8388608,2983120252960768,2394986528112685,0.6047841270420861,0.3168045947470919
2225,1.0.0.0.0.0.0.0.0.0.0.1.2.0.0.0.,2758347,4194304,1491666426920960,1197623301422481,0.6046274713985599,0.31675075336576336
2226,1.0.1.0.0.1.0.0.0.0.0.0.0.1.0.0.,2760315,4194304,497454965325824,399492590219915,0.6035985176554882,0.3163971798405298
2227,0.0.0.0.3.0.0.1.0.0.0.0.0.0.0.0.,2760433,4194304,1492406771908608,1198529004079459,0.603536845572339,0.31637598937869615
2228,0.1.1.0.1.0.0.0.1.0.0.0.0.0.0.0.,2762671,4194304,1493200954982400,1199500702327933,0.6023676654597712,0.3159743340811413
2229,0.0.0.0.0.0.1.0.1.1.1.0.0.0.0.0.,5529503,8388608,2987878439190528,2400808033973069,0.601281615976738,0.3156014019312638
2230,0.0.0.0.1.0.0.2.0.0.0.0.1.0.0.0.,1382517,2097152,747019723341824,600263336633391,0.6011342101327298,0.31555078200146625
2231,0.0.0.0.0.0.0.0.2.0.0.0.0.0.0.2.,5532535,8388608,2988953992953856,2402124472350805,0.6004907578232016,0.3153297807196793
2232,0.1.0.1.0.0.1.0.0.0.1.0.0.0.0.0.,691985,1048576,53395358482432,42921014456165,0.5996187603314758,0.31503016249224075
2233,1.0.0.0.0.0.0.0.0.1.0.0.1.1.0.0.,5538579,8388608,2991096376328192,2404748665475817,0.598915550541733,0.3147882791133152
2234,0.1.0.3.0.0.0.0.0.0.0.0.0.0.0.0.,2770069,4194304,1495824072704000,1202712777235087,0.5985095176800592,0.31464835640042665
2235,0.0.0.0.0.0.0.0.1.0.0.0.1.0.1.1.,2772307,4194304,1496616024408064,1203684475483561,0.5973444030516055,0.3142468626202928
2236,0.1.2.0.0.0.0.0.0.0.0.0.0.0.0.1.,2772395,4194304,299329432584192,240744536691517,0.5972986090076303,0.3142310848998586
2237,0.1.0.0.0.0.1.0.0.0.0.1.0.1.0.0.,2773897,4194304,1497178598014976,1204374824105131,0.596517211993413,0.3139618745283968
2238,0.1.0.0.0.0.0.2.1.0.0.0.0.0.0.0.,346815,524288,187174872940544,150580664899245,0.5961932280483522,0.3138502404546465
2239,1.1.0.0.0.0.0.1.0.1.0.0.0.0.0.0.,5550493,8388608,2995311752511488,2409921504140839,0.5958155119937424,0.31372001093225704
2240,0.0.0.0.0.0.2.0.0.0.0.0.1.0.1.0.,5551325,8388608,2995605823553536,2410282743167975,0.5955992731261504,0.313645404737452
2241,0.0.0.0.0.0.1.1.1.0.1.0.0.0.0.0.,2777743,4194304,1498537854500864,1206044686242589,0.594518304998398,0.3132721653544321
2242,0.0.0.1.1.1.0.1.0.0.0.0.0.0.0.0.,1389663,2097152,249849425428480,201121999265583,0.5936963658389234,0.312988004212449
2243,0.0.0.0.0.1.0.0.0.0.1.0.0.1.1.0.,695189,1048576,34081842659328,27439838072077,0.5929542710446526,0.31273137011060437
2244,0.0.0.1.1.0.1.1.0.0.0.0.0.0.0.0.,5564745,8388608,3000342232956928,2416109459206635,0.5921158519431585,0.3124412547271892
2245,0.1.0.0.0.1.0.0.0.1.0.0.0.1.0.0.,5567919,8388608,3001461306818560,2417487551360637,0.59129320712358,0.3121566089669186
2246,0.0.1.0.0.0.0.0.1.0.1.0.0.0.0.1.,2785311,4194304,1501207126343680,1209330572008653,0.5905930068420402,0.31191438296451635
2247,0.1.0.0.0.0.0.1.1.1.0.0.0.0.0.0.,2786529,4194304,500545496285184,403286468367889,0.5899622627475248,0.31169620725531905
2248,1.0.0.1.0.0.0.0.0.2.0.0.0.0.0.0.,5574797,8388608,3003885882966016,2420473851875831,0.5895121588133677,0.3115404971919993
2249,1.0.0.1.0.1.0.0.0.1.0.0.0.0.0.0.,2788931,4194304,1502483000066048,1210902309121913,0.5887191890988542,0.3112661888544617
2250,0.0.0.0.0.0.1.0.1.0.0.0.0.1.0.1.,5582819,8388608,3006712709644288,2423956856053337,0.5874376472667856,0.3108230049399338
2251,0.0.0.2.2.0.0.0.0.0.0.0.0.0.0.0.,5584063,8388608,3007150930526208,2424496977867949,0.5871162123956569,0.31071182395286584
2252,0.0.0.1.0.0.2.1.0.0.0.0.0.0.0.0.,2792861,4194304,1503867590148096,1212608642507303,0.5866876578459616,0.310563538799105
2253,1.0.0.1.0.0.2.0.0.0.0.0.0.0.0.0.,349203,524288,188017028366336,151617490376169,0.5862935723617821,0.31042713979316444
2254,2.0.0.0.1.0.0.0.0.1.0.0.0.0.0.0.,5588107,8388608,3008574846402560,2426252807946961,0.5860717852163063,0.31035036554170586
2255,0.0.1.1.1.0.0.0.0.0.1.0.0.0.0.0.,5591525,8388608,3009777705680896,2427736840392575,0.5851896216883116,0.31004489110722344
2256,0.0.0.0.2.0.0.0.1.0.0.0.0.0.0.1.,2796363,4194304,1505100178653184,1214129146200849,0.584879779437674,0.309937626805779
2257,0.2.0.0.0.1.0.0.1.0.0.0.0.0.0.0.,5593701,8388608,3010543417819136,2428681619386623,0.5846282911530897,0.309850547344927
2258,0.0.0.0.0.0.2.0.0.0.1.0.1.0.0.0.,1398631,2097152,752708197810176,607259737695013,0.5844160433620785,0.3097769647314725
2259,1.0.0.0.1.0.0.0.0.0.1.1.0.0.0.0.,5595819,8388608,3011288057774080,2429601215852337,0.584082132223467,0.30966118630314804
2260,1.0.1.0.0.0.0.1.0.0.0.0.1.0.0.0.,2798731,4194304,1505932664111104,1215157288047313,0.5836586017199079,0.30951419706026895
2261,0.2.1.0.0.0.0.0.0.0.0.1.0.0.0.0.,2799005,4194304,301205779644416,243055250756923,0.5835173666057406,0.3094651520168203
2262,1.1.0.0.0.0.0.0.1.0.0.0.0.1.0.0.,5603587,8388608,274001481957376,221179448902091,0.5820808016395408,0.30896635370601905
2263,0.1.0.2.1.0.0.0.0.0.0.0.0.0.0.0.,5605949,8388608,3014845632872448,2433999474680327,0.5814728111327058,0.30875527798473706
2264,0.0.0.0.1.0.1.0.0.1.0.1.0.0.0.0.,5607573,8388608,3015415722672128,2434704585473679,0.5810549340798432,0.3086101803955885
2265,1.0.0.1.1.0.0.0.0.0.0.0.0.1.0.0.,5612281,8388608,3017066600726528,2436748712083963,0.5798441859451257,0.3081890619734735
2266,1.0.0.0.0.0.0.0.0.1.0.1.0.0.0.1.,5613629,8388608,3017539047129088,2437333988776967,0.5794977101717647,0.30806848201608633
2267,0.1.0.0.1.0.0.0.0.0.1.0.0.0.0.1.,1403867,2097152,754545823055872,609533112149441,0.5790251670627481,0.30790392166508285
2268,1.0.0.0.0.0.0.1.0.0.1.0.0.0.0.1.,5616485,8388608,603707901214720,487714802241331,0.5787639086937727,0.3078129238738484
2269,0.0.2.0.0.0.1.0.0.0.1.0.0.0.0.0.,5617173,8388608,3018780426895360,2438872728094479,0.5785871943609396,0.3077513517825541
2270,0.0.1.0.1.0.0.0.0.0.0.1.1.0.0.0.,2809161,4194304,1509591338713088,1219685801332203,0.5782921194029141,0.30764850219485124
2271,0.0.1.1.1.0.1.0.0.0.0.0.0.0.0.0.,5620755,8388608,1006678141042688,813475988769955,0.5776674992336044,0.3074308252726213
2272,0.1.0.0.1.0.0.0.0.0.0.0.2.0.0.0.,5621157,8388608,3020175083307008,2440602507282111,0.5775643204493043,0.3073948394366564
2273,0.0.0.0.0.0.0.0.0.0.0.2.0.1.1.0.,5622375,8388608,3020601224593408,2441131340377125,0.57725174917425,0.30728581548409545
2274,0.0.0.0.0.0.0.0.2.0.0.0.0.0.1.1.,703361,1048576,377772520243200,305386350198803,0.5760941830174566,0.3068821819930766
2275,0.0.0.0.0.0.0.0.1.2.0.1.0.0.0.0.,2814431,4194304,1511435288969216,1221973937958413,0.575588151870725,0.30670569637911227
2276,0.0.0.0.0.0.0.1.1.1.0.0.0.0.0.1.,2815649,4194304,1511861027602432,1222502771053427,0.574963932468082,0.306487795745522
2277,0.0.1.0.0.1.0.0.0.0.0.1.0.1.0.0.,5634605,8388608,604975554101248,489288276080683,0.5741169532890046,0.3061921325080871
2278,2.0.0.0.0.1.0.0.0.0.0.0.0.0.1.0.,5635039,8388608,3025029436538880,2446629815184397,0.5740058353782604,0.30615334887478496
2279,1.0.0.0.0.0.0.2.1.0.0.0.0.0.0.0.,2817995,4194304,1512680879816704,1223521360906385,0.5737623788159286,0.306068374918085
2280,0.0.0.0.0.0.0.0.0.2.0.0.0.2.0.0.,5637759,8388608,3025979429617664,2447810788926957,0.573309623029317,0.30591013547038665
2281,0.0.0.0.0.0.0.0.0.1.1.1.1.0.0.0.,5639195,8388608,3026480732831744,2448434273593985,0.572942199327861,0.305781698112724
2282,0.2.0.0.0.0.0.0.0.1.0.0.1.0.0.0.,2819987,4194304,1513376328974336,1224386250500201,0.5727429187889065,0.305712035909169
2283,0.0.0.0.0.0.1.0.0.1.1.1.0.0.0.0.,2820667,4194304,1513613625917440,1224681493935841,0.5723950752117053,0.3055903887375305
2284,0.0.0.0.0.0.0.1.0.0.0.0.1.0.2.0.,5642323,8388608,3027572325613568,2449792393397929,0.5721421739760345,0.3055019310060335
2285,0.0.0.0.0.1.0.2.0.0.1.0.0.0.0.0.,5643071,8388608,3027833244876800,2450117161177133,0.571950929276529,0.3054350138756689
2286,0.0.0.0.0.0.0.0.0.0.0.1.0.2.1.0.,5645291,8388608,3028607144296448,2451081044158193,0.5713834806011474,0.3052362639042142
2287,0.0.0.1.0.0.0.1.0.0.0.1.0.0.1.0.,2824149,4194304,1514827625267200,1226193313998927,0.5706152245418082,0.3049671931189214
2288,0.2.0.1.0.0.0.0.1.0.0.0.0.0.0.0.,1412989,2097152,757732445519872,613493716002247,0.5696811962192755,0.30463995782272735
2289,1.0.1.0.0.0.0.0.0.0.0.1.0.0.0.1.,2826607,4194304,1515683934371840,1227260532182461,0.569360120044582,0.3045273918517269
2290,0.0.0.0.0.0.0.1.0.0.1.0.0.1.0.1.,2828331,4194304,505428085571584,409336353709371,0.5684804618316895,0.30421903387933014
2291,1.0.0.0.0.0.0.0.0.1.1.0.1.0.0.0.,1414563,2097152,252760180129792,204725705906483,0.5680749996019081,0.30407693668205016
2292,0.0.1.2.0.0.0.0.0.0.0.0.0.0.1.0.,707483,1048576,379210432512000,307176046436609,0.5676640434990305,0.30393293576803404
2293,0.0.0.0.0.0.1.1.0.0.0.1.0.0.0.1.,176903,262144,94813832085504,76808013963269,0.5674010114611953,0.30384069849705386
2294,0.0.0.0.0.0.2.0.1.1.0.0.0.0.0.0.,5662815,8388608,3034710494150656,2458689641167245,0.5669120318660839,0.30366925662068234
2295,1.0.0.0.0.0.0.2.0.0.0.0.0.1.0.0.,2832277,4194304,1517657639616512,1229722341417871,0.566469061093998,0.3035137707702745
2296,0.1.0.1.1.0.0.0.0.0.0.0.1.0.0.0.,1416755,2097152,759043199074304,615128843617865,0.5658411366720253,0.3032933693834535
2297,0.0.0.0.0.0.0.1.1.0.1.0.0.0.0.1.,5669229,8388608,1012313507233792,820491493818589,0.5652788848397551,0.30309587071195954
2298,0.0.0.0.0.0.1.1.0.2.0.0.0.0.0.0.,2835189,4194304,506223292055552,410328892670949,0.5649865190447757,0.30299314649679204
2299,1.1.0.0.0.1.0.0.0.0.0.1.0.0.0.0.,5672313,8388608,3038011914715136,2462813497272699,0.564494287539712,0.3028201476524965
2300,0.0.0.0.0.1.1.0.0.0.0.1.0.0.0.1.,5673713,8388608,3038498185543680,2463421351404899,0.5641382557330697,0.30269501828912887
2301,0.0.0.0.0.1.1.0.1.0.0.0.0.0.1.0.,709601,1048576,379946591584256,308095642902323,0.5633514828153835,0.3024183558499787
2302,1.0.0.0.1.0.2.0.0.0.0.0.0.0.0.0.,709705,1048576,379982696153088,308140797780715,0.5631400551394334,0.30234401430371766
2303,1.0.0.0.0.0.1.0.0.0.0.0.1.0.1.0.,5679533,8388608,3040518565003264,2465948287868759,0.5626591217702412,0.30217485241406394
2304,0.0.0.0.0.2.0.0.0.0.0.0.1.0.1.0.,2840055,4194304,101357293928448,82206627020251,0.5625125616997693,0.3021233071492271
2305,1.1.1.0.0.0.0.0.0.0.0.0.0.0.0.1.,2840383,4194304,1520473225560064,1233241816843309,0.5623459534297951,0.30206469738644504
2306,0.1.0.0.1.0.0.0.1.0.0.0.0.0.1.0.,1421209,2097152,760589479575552,617062688121307,0.5613127008018384,0.30170092194287557
2307,0.0.0.0.0.0.1.0.0.1.0.0.0.1.1.0.,5688001,8388608,3043455282446336,2469624937005523,0.5605097120801513,0.30141821268876956
2308,1.0.1.0.0.0.0.2.0.0.0.0.0.0.0.0.,5688859,8388608,3043752708931584,2469997464752257,0.5602921068099046,0.301341590186401
2309,0.0.1.0.0.0.2.0.0.0.0.0.0.1.0.0.,1422597,2097152,253690216710144,205888444025077,0.5599044044020397,0.30120502691698786
2310,0.0.0.0.0.0.0.0.1.0.0.1.0.0.0.2.,5691363,8388608,3044620292325376,2471084655285849,0.559657231947062,0.30111787878808166
2311,0.0.0.1.0.0.0.0.0.0.0.0.0.1.1.1.,5696315,8388608,609267065290752,494646944437549,0.5584025027050153,0.3006755906315472
2312,1.0.0.0.0.0.0.1.0.0.0.0.1.1.0.0.,5699555,8388608,3047456950452224,2474641470322265,0.5575821472502007,0.300386320361481
2313,0.0.0.0.2.0.0.0.0.1.0.1.0.0.0.0.,5700491,8388608,3047780884938752,2475047864227793,0.5573452424936223,0.3003027611150688
2314,0.1.0.0.0.1.0.0.0.0.0.2.0.0.0.0.,5701207,8388608,3048028650864640,2475358738198261,0.5571640467365282,0.30023884286498254
2315,1.0.0.0.0.0.0.1.0.0.0.1.0.0.0.1.,1425661,2097152,762131448332288,618995664261703,0.556800458544306,0.3001105433022059
2316,0.1.0.1.0.0.0.0.0.0.0.0.2.0.0.0.,2851835,4194304,1524440332500992,1238214063644705,0.5565409171857314,0.30001893288496606
2317,0.0.0.0.2.0.0.0.0.1.1.0.0.0.0.0.,356533,524288,190573588774912,154800040939759,0.5563239096710624,0.29994233975579015
2318,0.0.0.1.0.1.0.1.0.0.0.0.0.0.0.1.,5707169,8388608,3050090637819904,2477947328438387,0.5556561461174013,0.29970659336951705
2319,0.0.2.1.0.0.0.0.0.0.0.0.0.1.0.0.,5709267,8388608,3050816084639744,2478858241273641,0.5551258975827698,0.2995194408964892
2320,1.0.0.0.0.1.0.0.1.0.0.0.0.0.0.1.,5711345,8388608,3051534602469376,2479760470478435,0.5546008958879305,0.29933417782617067
2321,0.0.0.1.0.0.0.0.0.1.1.0.0.0.0.1.,357185,524288,190799018983424,155083127292755,0.5536880298744956,0.2990120207422949
2322,0.0.0.1.0.0.0.1.0.2.0.0.0.0.0.0.,5716567,8388608,3053339830910976,2482027766391541,0.5532824128565801,0.2988689127355652
2323,0.0.1.0.0.1.0.1.0.0.0.0.0.0.0.1.,714745,1048576,381727662931968,310329072656635,0.552930903047403,0.29874487950308803
2324,0.0.0.0.0.0.0.0.0.0.0.1.2.1.0.0.,5719299,8388608,3054284086181888,2483213950312377,0.5525931003153715,0.29862568935309464
2325,0.0.0.1.0.1.0.0.0.0.0.0.0.0.1.1.,5722787,8388608,3055489227161600,2484728375464601,0.5517135193616023,0.2983152460246949
2326,1.1.0.0.0.0.0.0.0.1.0.0.0.0.1.0.,2861899,4194304,1527919096627200,1242583666492177,0.5514586722276962,0.29822515905414904
2327,2.0.0.0.0.0.1.0.0.0.0.0.0.1.0.0.,357813,524288,191015960969216,155355793289199,0.5511537214745826,0.2981171512181536
2328,0.0.0.0.0.1.0.0.1.0.0.0.2.0.0.0.,1431741,2097152,254744140447744,207211829307181,0.5506608960419986,0.2979425963738789
2329,0.0.1.0.0.1.0.0.1.0.0.0.0.0.1.0.,5730153,8388608,3058028391694336,2487926556563019,0.5498577699843337,0.2976579033646072
2330,0.1.0.0.0.0.0.0.0.0.0.0.0.2.1.0.,5732273,8388608,3058758536134656,2488847021391779,0.5493241109628387,0.29746866561546115
2331,0.0.1.2.0.0.0.0.0.0.0.1.0.0.0.0.,5735961,8388608,113334389047296,92238825290689,0.5483962157883572,0.2971396397120439
2332,0.0.0.0.0.0.1.0.0.0.0.0.2.1.0.0.,2868649,4194304,1530244435542016,1245514391772427,0.5480599759669778,0.29702043020690294
2333,1.0.0.0.0.0.0.1.0.0.0.1.0.0.1.0.,5738889,8388608,3061036479414272,2491719566347947,0.5476599602083012,0.2968785304501246
2334,0.0.0.0.1.0.0.0.0.0.1.0.2.0.0.0.,2869769,4194304,218661415550976,178000096439741,0.5474968178051592,0.29682064563056837
2335,0.0.1.0.0.1.0.0.1.0.0.0.0.0.0.1.,1435579,2097152,765553895538688,623301876606817,0.5467987063500244,0.29657289170627066
2336,1.0.0.0.0.0.0.0.0.0.0.2.0.1.0.0.,5743779,8388608,3062718898634752,2493842713995417,0.5464311901739464,0.2964424824555336
2337,0.0.0.0.0.0.1.1.0.0.0.0.0.0.0.2.,1436111,2097152,765736901410816,623532861177053,0.5462641683110764,0.296383189104139
2338,0.0.1.1.0.0.0.1.0.0.0.1.0.0.0.0.,5747507,8388608,3064000946372608,2495461342713161,0.5454951126450915,0.2961101876970276
2339,0.0.1.2.0.0.0.0.0.0.0.0.0.0.0.1.,5749627,8388608,3064729748635648,2496381807541921,0.5449630646544621,0.29592125787162904
2340,0.0.0.0.1.1.0.1.0.0.1.0.0.0.0.0.,5751283,8388608,3065298831802368,2497100812144009,0.5445476013556061,0.2957736606859781
2341,0.0.2.1.0.0.1.0.0.0.0.0.0.0.0.0.,5752327,8388608,3065657595789312,2497554097654021,0.5442857403177539,0.2956806434595336
2342,1.0.0.0.0.1.0.0.0.0.0.1.0.0.0.1.,2877131,4194304,1533161255206912,1249197119450513,0.5438005200790829,0.2955082973719666
2343,2.0.0.0.0.0.0.0.0.0.0.0.0.0.2.0.,2877181,4194304,1533178435076096,1249218828526663,0.5437754485320252,0.29549939188254004
2344,0.0.0.0.0.0.0.1.0.1.0.0.0.0.2.0.,1438729,2097152,766636797722624,624669548404267,0.5436365600538304,0.29545004492747545
2345,0.0.0.0.0.0.0.0.0.1.0.0.1.1.1.0.,5757803,8388608,3067538925682688,2499931675673969,0.5429130019316613,0.29519298527039056
2346,0.1.0.0.0.0.0.2.0.0.0.0.1.0.0.0.,2879387,4194304,1533936161259520,1250176632966401,0.542669725324728,0.29510650009714257
2347,0.0.1.0.1.0.0.0.0.0.0.0.0.1.0.1.,5761567,8388608,3068831173967872,2501565934926541,0.5419701892036791,0.29485780219639485
2348,0.0.0.1.1.1.0.0.0.0.0.0.0.0.1.0.,2881907,4194304,1534801194516480,1251270770404361,0.5414076506120352,0.29465777568353996
2349,1.0.0.0.2.0.0.0.0.1.0.0.0.0.0.0.,2882245,4194304,1534917158633472,1251417523759135,0.5412384562797624,0.2945975821372274
2350,1.0.0.0.0.0.0.0.0.2.0.0.0.0.1.0.,1441337,2097152,767532130631680,625801893816251,0.5410237381983171,0.29452112172302924
2351,1.0.0.1.0.0.0.0.0.0.2.0.0.0.0.0.,1441759,2097152,767676787982336,625985118418957,0.5406014024095658,0.2943706661201038
2352,1.0.0.0.0.0.0.1.1.0.0.0.0.0.1.0.,1442637,2097152,767977502801920,626366329796151,0.539723099787441,0.2940573862209769
2353,1.0.0.0.0.0.0.1.1.0.1.0.0.0.0.0.,5772531,8388608,1024196205346816,835442100381571,0.5392274150062442,0.29388036692913216
2354,1.0.0.2.0.1.0.0.0.0.0.0.0.0.0.0.,2887839,4194304,170759183925248,139316259466533,0.538441117943892,0.29359952961986174
2355,0.0.0.1.0.1.0.0.0.0.0.0.1.0.0.1.,722311,1048576,384328305475584,313614090059653,0.5377393843622861,0.29334885532304933
2356,1.0.1.0.0.0.0.1.0.1.0.0.0.0.0.0.,2889953,4194304,1537555619119104,1254764194938419,0.5373854006551648,0.2932223318956095
2357,0.0.0.0.0.0.0.0.0.1.1.0.1.1.0.0.,5783139,8388608,341801835692032,278992455415633,0.536578652400058,0.292934036360982
2358,0.0.0.1.0.0.1.0.0.0.0.1.0.0.1.0.,1446541,2097152,769312667205632,628061374461943,0.5358242158366554,0.29266451653597225
2359,0.0.0.0.0.0.1.0.0.0.1.0.0.1.0.1.,5789509,8388608,3078394203865088,2513697835042207,0.5349904301818436,0.29236675022213393
2360,0.1.0.0.1.0.0.1.0.0.0.0.0.0.1.0.,5791073,8388608,3078928793075712,2514376894944179,0.5346007476844236,0.29222758217893396
2361,1.0.1.0.0.0.0.0.0.0.0.1.1.0.0.0.,5792707,8388608,3079487138824192,2515086347552761,0.5341937365511928,0.29208217164350253
2362,0.0.0.0.1.0.0.0.0.0.0.0.0.0.3.0.,5792861,8388608,3079539752173568,2515153211507303,0.5341553827930845,0.29206846626559263
2363,0.1.0.0.0.0.1.0.1.0.0.0.0.0.0.1.,5795499,8388608,3080440286019584,2516298582364977,0.5334985461770998,0.29183344780973197
2364,0.0.0.0.0.0.0.0.1.0.0.2.0.0.1.0.,5797049,8388608,3080969405857792,2516971563725627,0.5331127505217006,0.2916954391403212
2365,0.1.1.0.1.0.0.0.0.1.0.0.0.0.0.0.,2899455,4194304,1540802329182208,1258889787769965,0.5326496830868908,0.2915298044453742
2366,0.0.1.1.0.0.1.0.0.0.0.0.1.0.0.0.,5801507,8388608,3082490898022400,2518907144955161,0.5320037271555168,0.2912986939870227
2367,1.0.0.1.0.0.0.0.0.0.0.0.1.1.0.0.,5806215,8388608,616819496845312,504190254313089,0.5308334357538178,0.2908801355884916
2368,0.2.0.1.0.1.0.0.0.0.0.0.0.0.0.0.,1451827,2097152,771117585268736,630356457992521,0.5305618789343501,0.29078298512784645
2369,0.0.0.0.2.0.0.1.0.0.1.0.0.0.0.0.,5808183,8388608,3084768707084288,2521805740802709,0.5303445212413924,0.29070517500599935
2370,1.1.0.0.1.0.0.0.0.1.0.0.0.0.0.0.,5810005,8388608,3085389866729472,2522596819537615,0.5298920254845586,0.290543156043891
2371,0.0.0.0.0.1.0.0.0.0.0.0.3.0.0.0.,5810205,8388608,3085458049335296,2522683655842215,0.5298423639021593,0.29052537556069846
2372,0.0.0.1.0.0.0.2.0.0.1.0.0.0.0.0.,5812293,8388608,83409992941568,68205141266547,0.5293239990415616,0.29033974331328466
2373,0.0.0.0.0.1.1.1.0.1.0.0.0.0.0.0.,5813809,8388608,3086685940219904,2524248446051107,0.5289477550185204,0.2902047883189217
2374,0.0.1.0.0.0.0.0.0.0.1.0.0.1.1.0.,5816381,8388608,3087561610231808,2525365160928263,0.5283096550896873,0.28997591227746167
2375,0.1.0.0.0.0.0.0.0.2.1.0.0.0.0.0.,5816903,8388608,3087739314503680,2525591803683269,0.5281801840285751,0.2899294729827266
2376,1.0.0.0.0.0.1.0.0.0.1.1.0.0.0.0.,5818021,8388608,3088119687544832,2526077218625983,0.5279029268568604,0.2898299278671547
2377,0.0.0.0.0.1.1.0.0.1.0.0.0.0.0.1.,5819453,8388608,162558254252032,132984156135101,0.5275478774176127,0.28970244205448803
2378,0.0.1.0.1.0.0.2.0.0.0.0.0.0.0.0.,727535,1048576,386111018893312,315882254335805,0.5273428712029816,0.2896288352134523
2379,0.0.0.1.1.0.0.0.0.0.0.1.1.0.0.0.,363911,524288,193104318562304,158003432216453,0.5267738651349139,0.28942453134568097
2380,1.1.0.1.0.0.0.0.1.0.0.0.0.0.0.0.,5828783,8388608,3091780207640576,2530749880176509,0.5252367381841575,0.2888728331592054
2381,0.0.0.1.1.0.0.0.0.0.0.0.1.0.0.1.,5831177,8388608,3092594238160896,2531789310742571,0.524644315572687,0.2886602057273031
2382,1.0.0.0.1.0.1.0.0.0.0.0.0.0.1.0.,2916407,4194304,1546575419539456,1266250032947861,0.5242393612483153,0.28851488233706013
2383,0.0.0.0.0.0.0.2.0.0.0.0.1.0.0.1.,5833433,8388608,3093361292476416,2532768824258459,0.5240862651873202,0.2884599417687168
2384,1.0.0.0.0.0.2.0.0.0.0.0.0.0.1.0.,2917139,4194304,1546824259207168,1266567853822697,0.5238772992107575,0.2883849272320954
2385,0.0.0.0.0.1.0.1.0.0.1.0.1.0.0.0.,2917951,4194304,1547100194078720,1266920409219373,0.5234757738252832,0.2882407383639552
2386,0.0.1.0.1.2.0.0.0.0.0.0.0.0.0.0.,5836497,8388608,3094402520055808,2534099156444931,0.523328691198983,0.28818789823206287
2387,1.0.0.1.0.0.1.0.0.1.0.0.0.0.0.0.,5839995,8388608,3095590749601792,2535617923412385,0.5224642967551725,0.2878773825470186
2388,0.1.0.0.0.1.0.0.0.0.0.0.0.0.1.1.,5841213,8388608,1032001469546496,845382252169133,0.5221634370211157,0.2877692950559585
2389,0.0.1.0.0.0.1.1.1.0.0.0.0.0.0.0.,5843817,8388608,344098737225728,281919707243699,0.5215204300371945,0.2875382664577536
2390,0.0.0.0.0.0.1.2.0.0.0.0.0.0.0.1.,5844339,8388608,1032355267477504,845834669316099,0.5213915667995983,0.2874919348349512
2391,2.0.0.1.0.0.0.0.0.0.1.0.0.0.0.0.,5845549,8388608,3097476475125760,2538029367591127,0.5210929050834707,0.28738456262248613
2392,0.0.1.0.0.0.0.0.0.1.0.0.0.0.1.1.,5846917,8388608,3097940331593728,2538623327914591,0.5207553190131,0.28726300832145385
2393,0.1.0.0.0.0.0.0.0.0.1.0.0.0.1.1.,2924103,4194304,1549188605149184,1269591493948869,0.520437300311589,0.2871484274642552
2394,0.0.0.0.0.2.0.1.0.0.0.0.1.0.0.0.,731115,1048576,387327383830528,317436624188145,0.5202611742682388,0.28708491427587945
2395,1.0.0.0.1.0.0.0.0.0.0.0.1.0.1.0.,5850325,8388608,3099094604054528,2540103018544975,0.5199146584815887,0.286959786481698
2396,1.0.0.0.0.0.0.0.0.0.0.0.2.0.0.1.,5851069,8388608,3099346396512256,2540426049598087,0.5197311991242048,0.28689353715511523
2397,1.0.1.0.0.0.1.0.0.0.0.0.0.1.0.0.,1463709,2097152,775155299123200,635515402848807,0.5188026707606775,0.286558285323565
2398,0.1.0.0.0.1.0.0.0.1.0.1.0.0.0.0.,732007,1048576,387629253656576,317823914106661,0.5185020808557836,0.28644977051942755
2399,0.0.0.0.0.1.0.0.1.0.0.0.1.0.1.0.,5859095,8388608,3102061465960448,2543910790501685,0.5177535885269001,0.28617919372736833
2400,0.0.0.0.0.0.0.0.0.1.0.1.1.1.0.0.,5862261,8388608,3103131516796928,2545285409203503,0.5169742294475353,0.28589740404024666
2401,0.1.0.0.0.0.1.1.0.0.0.0.0.1.0.0.,1466469,2097152,776088325193728,636713743852287,0.5160848566958393,0.28557594623659754
2402,0.0.0.0.0.1.0.1.0.0.0.0.0.0.1.1.,733433,1048576,388111237906432,318443056958459,0.5156943455985865,0.2854347904015976
2403,0.1.1.0.0.0.0.0.0.0.0.1.0.0.0.1.,2934341,4194304,1552650707402752,1274036644381343,0.5153948942171686,0.2853265362470465
2404,0.0.0.0.0.1.1.0.0.0.1.1.0.0.0.0.,1467457,2097152,776422124683264,637142715197011,0.5151132011365116,0.2852246676617387
2405,1.0.0.1.0.0.0.1.0.0.1.0.0.0.0.0.,2936663,4194304,1553434807369728,1275044813877749,0.5142537135742622,0.28491374324998364
2406,0.0.0.0.0.0.0.1.0.1.1.1.0.0.0.0.,2937421,4194304,1553690626359296,1275373923472183,0.5138813788078327,0.2847789713346978
2407,0.0.0.0.0.0.1.1.0.1.0.0.0.1.0.0.,5878613,8388608,3108652999245824,2552385145467599,0.5129556249446716,0.2844435431870442
2408,0.0.0.0.0.0.1.1.0.0.0.1.0.0.1.0.,2940037,4194304,1554572789153792,1276509742336351,0.5125971193622737,0.28431362055479154
2409,0.1.0.0.0.0.0.1.1.0.0.1.0.0.0.0.,1470827,2097152,777558722347008,638605906929521,0.5118038651978197,0.28402573624766686
2410,0.2.0.0.1.0.0.0.0.1.0.0.0.0.0.0.,5884251,8388608,135241410805760,111079698299751,0.5115726428302122,0.283941807455099
2411,0.0.1.0.0.0.0.2.0.0.0.0.0.1.0.0.,5885975,8388608,3111132805988352,2555581589839925,0.5111500160653091,0.28378832925419617
2412,1.0.0.0.0.0.0.2.0.0.1.0.0.0.0.0.,5886425,8388608,3111284203585536,2555776971525275,0.5110397220269285,0.283748239627499
2413,0.0.0.0.0.0.2.0.0.0.0.1.0.1.0.0.,1472103,2097152,86443127996416,71017769172541,0.5105528133634019,0.2835712351443327
2414,0.0.0.0.0.0.0.0.0.0.1.1.2.0.0.0.,5889155,8388608,3112202521280512,2556962287083065,0.5103707855444469,0.2835050620331417
2415,0.0.0.0.0.0.0.0.0.2.1.0.0.1.0.0.,736353,1048576,389095472758784,319710867005619,0.5099619803947341,0.2833564119174538
2416,0.0.1.1.1.0.0.0.0.1.0.0.0.0.0.0.,5894355,8388608,622790214418432,511844006200533,0.50909747823625,0.28304208669417624
2417,1.0.0.0.0.1.0.0.1.0.0.1.0.0.0.0.,5896109,8388608,3114540824788992,2559981585394007,0.5086682352275972,0.28288605052522053
2418,0.0.1.0.0.0.1.0.0.0.0.0.0.1.1.0.,5899039,8388608,3115525982912512,2561253737256397,0.5079514834654741,0.2826255644164236
2419,0.0.0.0.0.2.1.0.0.0.0.0.0.0.0.1.,5899847,8388608,3115797639593984,2561604555926981,0.5077538889476764,0.28255375946475153
2420,0.0.0.0.1.0.0.2.0.0.0.0.0.0.1.0.,5900671,8388608,3116074664984576,2561962321501933,0.5075524095353956,0.28248054428445046
2421,0.0.0.0.0.0.0.0.0.1.0.0.0.0.1.2.,5901449,8388608,3116336121118720,2562300114726827,0.5073622035819843,0.2824113834550869
2422,0.1.0.0.0.0.0.1.0.0.0.1.0.0.0.1.,2951441,4194304,1558408847163392,1281461148424643,0.5070119284153951,0.2822840334082854
2423,0.0.1.0.0.0.0.0.0.0.0.2.1.0.0.0.,737941,1048576,389629340549120,320400347264143,0.5068540512965513,0.2822266104482157
2424,1.1.1.0.0.1.0.0.0.0.0.0.0.0.0.0.,1476161,2097152,779352365072384,640921831173203,0.5065813507175919,0.2821273430107745
2425,0.2.0.0.0.0.0.0.0.1.0.0.0.0.1.0.,2952631,4194304,1558808480448512,1281977824437013,0.5064303612793892,0.2820723788585265
2426,0.1.0.0.0.0.0.1.0.1.0.0.0.0.1.0.,5906551,8388608,3118049678852096,2564515308857173,0.5061154843142547,0.2819577307012981
2427,1.0.0.0.0.0.0.0.1.0.0.0.0.1.0.1.,2956379,4194304,1560066436104192,1283605136785217,0.5046001996318735,0.28140600000646004
2428,1.0.0.0.0.0.1.0.0.0.1.0.0.1.0.0.,1479047,2097152,780320989249536,642174879048581,0.5037635326745743,0.2811014764332996
2429,0.0.0.0.1.0.0.0.0.2.0.0.1.0.0.0.,5916753,8388608,115610126123008,95146104768697,0.5036257608900752,0.281051267288327
2430,0.1.1.0.0.0.1.0.1.0.0.0.0.0.0.0.,2959553,4194304,1561131051122688,1284983228939219,0.5030521377206991,0.28084212116828255
2431,0.0.0.0.0.2.0.0.0.0.0.0.0.0.2.0.,1479867,2097152,780595858767872,642530907897441,0.5029639082422224,0.2808099545249195
2432,0.0.0.0.0.0.2.0.0.2.0.0.0.0.0.0.,1479989,2097152,111519532580864,91797696863321,0.502844977594861,0.28076655642064474
2433,0.0.0.0.0.0.0.2.0.0.0.2.0.0.0.0.,5920227,8388608,3122637643448320,2570453175365721,0.5027789363257101,0.280742434626647
2434,0.1.0.0.1.0.0.0.0.0.1.1.0.0.0.0.,2960791,4194304,1561545649684480,1285520745664693,0.5024487753192396,0.2806218527274737
2435,0.0.1.0.0.0.0.0.0.0.0.3.0.0.0.0.,2960937,4194304,173510500548608,142842681796339,0.502377636126081,0.2805958496650865
2436,0.0.0.1.0.0.1.0.0.1.0.0.0.0.1.0.,1481231,2097152,781052366815232,643123131494813,0.5016347822389917,0.2803242987783354
2437,0.0.1.1.0.0.1.0.0.0.1.0.0.0.0.0.,5927995,8388608,3125236635533312,2573825897436385,0.5008871998806362,0.2800509634369783
2438,1.0.0.0.0.1.0.1.0.0.0.0.1.0.0.0.,1482323,2097152,781417606807552,643597257717929,0.5005715837577414,0.27993558357567283
2439,0.0.2.0.0.0.0.1.0.0.0.0.0.0.1.0.,2965065,4194304,1562975336923136,1287376437493995,0.5003676988725797,0.2798610444704155
2440,0.0.0.1.0.1.0.0.0.0.0.0.0.0.0.2.,2965757,4194304,1563206711508992,1287676891107911,0.5000310355996554,0.279737934319504
2441,0.1.0.0.0.0.0.1.0.1.0.0.0.1.0.0.,92739,131072,857367511040,706413337921,0.4991114501627305,0.2794011658785582
2442,2.0.0.0.0.1.0.0.0.0.0.1.0.0.0.0.,1484073,2097152,260667439316992,214785691794393,0.498869372310282,0.2793124934735945
2443,0.0.0.0.0.0.0.0.0.0.0.0.2.2.0.0.,46387,65536,24440817778688,20140378307401,0.4985670750835692,0.2792017753817284
2444,0.1.0.0.0.0.0.1.1.0.1.0.0.0.0.0.,2970007,4194304,1564625996873728,1289522162580661,0.4979650993624497,0.27898127277103424
2445,0.0.0.1.0.1.0.0.0.0.2.0.0.0.0.0.,5942001,8388608,3129915297759232,2579907043847523,0.4974825827063155,0.27880453014758083
2446,0.1.0.0.1.0.0.0.0.0.2.0.0.0.0.0.,2971331,4194304,1565067975852032,1290097018917113,0.49732210336870014,0.2787457548821551
2447,0.0.0.0.2.1.0.0.0.0.0.0.0.0.1.0.,5943165,8388608,3130303858081792,2580412431140295,0.4971999956506591,0.2787010339630931
2448,1.0.0.0.0.0.0.0.0.1.0.1.1.0.0.0.,2972257,4194304,1565377079279616,1290499071007411,0.49687256493546006,0.2785811228923713
2449,0.0.0.0.1.1.1.0.0.1.0.0.0.0.0.0.,5946035,8388608,3131261736452096,2581658532111305,0.4965034753048365,0.2784459132527223
2450,0.0.0.0.0.0.0.0.1.2.0.0.0.0.0.1.,5947281,8388608,3131677274537984,2582199522288963,0.4962011882004622,0.2783350681328983
2451,0.0.0.0.2.0.0.1.0.1.0.0.0.0.0.0.,2974039,4194304,1565971479265280,1291272782481397,0.49600786440934186,0.27826413393900773
2452,0.0.0.1.1.1.0.0.0.0.0.0.1.0.0.0.,5950737,8388608,3132828795535360,2583700053632451,0.495363073112464,0.27802733600966123
2453,0.2.0.1.0.0.0.0.0.0.0.0.0.0.0.1.,5951891,8388608,3133213195108352,2584201099109993,0.4950833247942939,0.2779245961951683
2454,0.0.1.0.0.0.0.1.0.0.0.1.0.1.0.0.,5954645,8388608,3134130439061504,2585396835024335,0.4944159296403274,0.277679486267348
2455,2.0.0.1.0.0.0.0.0.0.0.0.0.1.0.0.,5956359,8388608,3134701132840960,2586141022154757,0.4940007204241854,0.2775269534617358
2456,0.0.1.1.0.1.0.1.0.0.0.0.0.0.0.0.,2979719,4194304,1567863009705984,1293738933532037,0.49325514576732266,0.27725298903196977
2457,0.0.0.0.1.0.0.0.0.1.1.1.0.0.0.0.,5960917,8388608,3136218061602816,2588120021536591,0.4928971453593778,0.2771213512385291
2458,0.0.1.0.1.0.0.1.0.0.1.0.0.0.0.0.,5962597,8388608,3136776944222208,2588849446495231,0.49249059948963964,0.2769718746586024
2459,0.0.0.0.1.0.0.0.0.0.0.0.1.1.0.1.,5965063,8388608,3137597282975744,2589920138130949,0.49189405565429856,0.2767525791720094
2460,0.0.0.0.0.0.1.0.0.0.0.2.0.0.0.1.,1491445,2097152,156891789393920,129511572314147,0.49172065427007744,0.2766888402880717
2461,0.0.1.1.0.0.0.1.0.0.1.0.0.0.0.0.,5968945,8388608,3138888591736832,2591605630803235,0.49095547033639575,0.2764076269186434
2462,0.1.0.0.0.0.0.1.0.0.0.1.0.1.0.0.,2985899,4194304,1569918688428032,1296422175344177,0.4902660644878685,0.276154235511151
2463,0.0.0.0.1.0.0.0.0.0.0.0.0.1.1.1.,5974821,8388608,3140842667638784,2594156881432383,0.4895359387172732,0.2758859476399528
2464,0.0.0.0.1.0.2.0.0.0.0.0.0.1.0.0.,5976321,8388608,3141341286498304,2594808153716883,0.4891737904685624,0.2757528136839418
2465,1.0.0.1.0.0.1.0.0.0.0.0.0.0.1.0.,2989795,4194304,1571213486850048,1298113746557785,0.4883848635175017,0.27546241420643186
2466,2.0.0.0.0.1.0.0.0.1.0.0.0.0.0.0.,2990145,4194304,1571329719402496,1298265710090835,0.48821598447694686,0.2754002564524768
2467,1.0.0.1.1.0.0.0.0.1.0.0.0.0.0.0.,2991765,4194304,1571867127185408,1298969084158095,0.4874345731807631,0.27511217445683533
2468,0.0.0.0.0.0.0.0.2.0.0.0.1.0.0.1.,5986517,8388608,3144724781203456,2599235068525391,0.48671455425743176,0.2748466478512725
2469,0.0.0.0.0.0.1.0.0.0.1.0.1.0.0.1.,5987945,8388608,629039660269568,519971015948047,0.4863704605473084,0.27471977306621026
2470,0.2.2.0.0.0.0.0.0.0.0.0.0.0.0.0.,5988013,8388608,3145220849926144,2599884604083799,0.48635407717943396,0.2747137326409335
2471,0.0.0.1.0.0.1.0.0.0.0.0.1.0.1.0.,2995421,4194304,1573079297818624,1300556451806183,0.4856726457159838,0.2744623757290978
2472,2.0.0.0.0.0.1.0.0.0.1.0.0.0.0.0.,2995781,4194304,1573198575435776,1300712757154463,0.485499268081464,0.27439838527127935
2473,0.0.1.0.0.0.0.1.1.0.0.0.0.0.0.1.,2997761,4194304,1573854497472512,1301572436570003,0.4845460633538168,0.2740465656880124
2474,0.1.0.0.0.0.1.0.0.0.1.0.1.0.0.0.,5997001,8388608,3148198621216768,2603787027612523,0.484190217302691,0.2739151134617721
2475,0.0.0.0.0.0.0.0.0.0.3.0.0.0.1.0.,5997293,8388608,3148295257980928,2603913808617239,0.4841199727427323,0.2738891530329844
2476,0.0.0.0.0.0.0.0.2.0.0.1.0.0.0.1.,6000419,8388608,3149329674010624,2605271060058137,0.48336818526860864,0.27361130514903814
2477,0.0.0.0.1.0.0.0.0.0.1.1.0.0.0.1.,6001937,8388608,3149831916748800,2605930147610051,0.48300325506928005,0.2734764319497671
2478,0.0.0.0.0.1.0.0.1.1.0.0.0.0.0.1.,6005171,8388608,3150901816590336,2607334290655433,0.48222610275665695,0.2731892350219591
2479,0.0.0.0.0.1.0.0.0.0.0.0.0.0.0.3.,6005313,8388608,3150948792795136,2607395944431699,0.4821919887782668,0.27317662975328194
2480,1.0.0.1.0.0.0.0.0.1.0.0.1.0.0.0.,187765,262144,5794110898176,4795534921535,0.4814313605070235,0.27289554706170305
2481,0.0.2.0.0.0.0.0.0.2.0.0.0.0.0.0.,3004391,4194304,1576048093298688,1304451060067493,0.4813588491641835,0.2728687408306137
2482,0.0.0.0.1.1.0.0.0.0.0.0.0.0.0.2.,1502391,2097152,788088655708160,652310412521493,0.48117110493988385,0.27279927643321117
2483,0.1.0.1.0.0.1.0.0.1.0.0.0.0.0.0.,1503253,2097152,788373499281408,652684676994319,0.48034359299279894,0.27249311212993166
2484,0.0.0.0.0.0.0.2.1.0.0.0.1.0.0.0.,6014463,8388608,3153973422850048,2611368705367149,0.47999549823234666,0.27236433364029544
2485,0.0.0.0.0.0.0.0.0.2.0.0.1.1.0.0.,3008041,4194304,1577254073139200,1306035822626443,0.47960719940044844,0.27222060803310244
2486,0.0.0.1.0.0.1.0.0.1.0.0.0.0.0.1.,3009735,4194304,1577813559738368,1306771326126405,0.4787949639620341,0.27192003741107
2487,0.0.0.0.1.0.2.0.0.0.0.1.0.0.0.0.,6020139,8388608,3155848041857024,2613833119691697,0.4786346326782942,0.27186070426625814
2488,1.1.0.0.0.0.0.0.1.0.0.0.0.0.0.1.,6023557,8388608,3156976544514048,2615317152137311,0.4778157591726616,0.2715576332138654
2489,0.0.0.1.0.0.0.0.0.1.0.1.0.0.1.0.,1506651,2097152,263165164126208,218053341936491,0.4770861603094967,0.2712874266558648
2490,1.1.0.0.0.1.0.0.0.0.0.0.0.0.0.1.,6027405,8388608,210549740666880,174465858842521,0.47689442348078637,0.2712163549356895
2491,0.0.0.0.2.1.0.0.1.0.0.0.0.0.0.0.,3014397,4194304,1579352030445568,1308795480386631,0.4765619964163922,0.27109310586329444
2492,0.1.0.0.0.0.0.0.0.0.0.1.0.0.0.2.,1507317,2097152,789715072581632,654449190703791,0.4764485723106389,0.27105103565888566
2493,0.0.0.1.0.0.0.0.0.0.0.0.0.3.0.0.,3016233,4194304,1579956882636800,1309592637662859,0.47568355148546176,0.27076707115335225
2494,0.2.0.2.0.0.0.0.0.0.0.0.0.0.0.0.,6033219,8388608,3160161799634944,2619512214012537,0.475503478929747,0.2707002370991679
2495,1.0.0.0.1.0.1.0.0.0.0.0.0.1.0.0.,6036235,8388608,632230921633792,524164341097181,0.47478245736010705,0.27043238694761607
2496,0.1.0.0.0.0.0.1.1.0.0.0.0.0.0.1.,1510089,2097152,263542584377344,218550913961849,0.4737978506123469,0.2700666863817445
2497,0.0.0.0.0.0.0.2.0.0.0.0.0.1.1.0.,377601,524288,197682842304512,163947377266323,0.4734969401718807,0.2699548366189608
2498,0.0.1.0.0.1.0.0.1.0.0.0.1.0.0.0.,755599,1048576,395496270069760,328067124597277,0.4727387331751739,0.26967305916147677
2499,1.0.0.0.0.0.0.1.0.0.0.0.2.0.0.0.,1511367,2097152,791048106278912,656207625871941,0.47257740300549067,0.2696130727770581
2500,1.0.1.0.1.0.0.0.0.0.0.0.0.0.1.0.,6047107,8388608,3164731309293568,2625542127003961,0.47218632382070225,0.26946767376337055
2501,0.0.0.0.0.1.0.1.0.1.0.0.1.0.0.0.,6048491,8388608,3165186240282624,2626143034231793,0.4718561723151208,0.26934489515888865
2502,0.0.0.1.1.0.0.0.0.0.0.1.0.0.1.0.,6051957,8388608,3166325211922432,2627647907390511,0.4710296936345837,0.26903746750324264
2503,0.0.0.0.1.0.1.0.0.0.0.1.0.0.0.1.,3026703,4194304,1583400573992960,1314138518208669,0.47068431528876586,0.2689089269594348
2504,1.0.0.0.1.2.0.0.0.0.0.0.0.0.0.0.,1513535,2097152,791760550756352,657148931413805,0.4705093932754512,0.26884381786410566
2505,0.0.1.0.0.1.1.0.0.0.0.0.0.1.0.0.,1514289,2097152,264002716303360,219158768094049,0.46979086268495723,0.26857637414191754
2506,0.0.0.1.0.0.0.0.0.1.0.1.0.0.0.1.,6060119,8388608,3169005003079680,2631191696981237,0.46908530710561225,0.268313576674591
2507,1.1.0.0.0.1.0.0.0.0.0.0.0.0.1.0.,6061377,8388608,3169417856811008,2631737897337171,0.4687858539080937,0.2682020636144876
2508,0.0.0.0.1.0.0.1.0.0.0.0.2.0.0.0.,6062379,8388608,1056582230081536,877390982407739,0.46854738318429123,0.2681132676185887
2509,0.0.0.0.1.0.0.0.0.0.0.1.0.0.1.1.,6063621,8388608,1056718058422272,877570733558261,0.468251848424758,0.26800318579721855
2510,0.0.1.0.1.0.0.0.0.0.0.0.1.1.0.0.,758301,1048576,396383507972096,329240283072423,0.46758890010868887,0.26775607606262786
2511,0.0.0.3.0.0.0.0.0.0.0.0.0.1.0.0.,3034803,4194304,528686117814272,439218462848323,0.46682856168990416,0.2674727447881406
2512,0.1.1.0.0.0.1.0.0.0.0.0.0.0.0.1.,6070895,8388608,3172539358511104,2635870437073085,0.4665222096020136,0.2673586040348627
2513,0.1.0.0.1.0.1.0.0.0.0.0.0.1.0.0.,3036961,4194304,1586765613760512,1318592352271603,0.4658030488309291,0.2670904198150398
2514,0.1.1.0.0.0.0.0.0.1.0.1.0.0.0.0.,3037755,4194304,529008575905792,439645697466955,0.46542591190173305,0.2669497603830059
2515,0.0.0.0.0.1.2.0.0.0.0.0.0.1.0.0.,3038633,4194304,1587313322754048,1319318303778059,0.4650089911077627,0.2667942558572596
2516,1.0.1.0.0.0.0.0.0.1.0.1.0.0.0.0.,3039451,4194304,1587581221339136,1319673464263873,0.4646206698701582,0.26664940472911364
2517,0.1.1.0.0.0.0.0.0.0.1.0.0.1.0.0.,760319,1048576,397044664500224,330116461385837,0.4637546817971276,0.26632622779551574
2518,2.0.0.0.0.0.1.0.0.1.0.0.0.0.0.0.,6083143,8388608,3176550723747840,2641188292366789,0.4636145117912486,0.26627390052069255
2519,1.0.1.0.0.0.0.0.0.0.1.0.1.0.0.0.,1521195,2097152,52951437541376,44031650791999,0.46322632856619306,0.2661289180496474
2520,0.0.0.0.2.0.1.0.0.0.0.0.0.0.0.1.,3042697,4194304,1588643521101824,1321082817487531,0.4630807571461201,0.2660745211078549
2521,1.0.1.0.0.1.0.0.0.1.0.0.0.0.0.0.,6086985,8388608,3177807270117376,2642856417778155,0.46270362005186344,0.26593358199778505
2522,0.0.0.2.0.0.0.0.0.2.0.0.0.0.0.0.,95131,131072,49660382543872,41304122464513,0.46237207685656706,0.2658095941945284
2523,0.2.0.0.0.1.0.0.0.0.0.0.0.0.0.1.,3044429,4194304,1589209685032960,1321834819885367,0.46225976284494985,0.2657675857335384
2524,2.0.1.0.0.0.0.0.0.0.0.1.0.0.0.0.,1522323,2097152,794640275996672,660964518637929,0.4621569344764356,0.2657290894250283
2525,0.0.2.0.0.0.1.0.0.0.0.1.0.0.0.0.,3044973,4194304,1589387322195968,1322071014633879,0.46200199497075417,0.265671069036408
2526,0.0.1.1.0.0.1.1.0.0.0.0.0.0.0.0.,3046519,4194304,227127421042688,188963179895491,0.46126969274295737,0.26539674490854465
2527,1.0.0.1.0.1.0.0.0.0.1.0.0.0.0.0.,6096125,8388608,3180791467081728,2646824836898375,0.4605389453263478,0.2651230692993247
2528,0.0.0.0.0.0.0.1.0.0.0.0.1.1.1.0.,762457,1048576,397742982561792,331044741482011,0.4597035488344431,0.2648102632324834
2529,1.1.0.0.0.1.0.0.1.0.0.0.0.0.0.0.,3050819,4194304,1591295285919744,1324609239817337,0.45923484090949795,0.2646347447823279
2530,0.0.0.0.0.3.0.1.0.0.0.0.0.0.0.0.,1525463,2097152,795665091264512,662327848620149,0.4591842428037459,0.2646157841819331
2531,0.0.0.0.0.0.0.3.0.0.0.0.0.0.1.0.,6102043,8388608,3182722642083840,2649394323151489,0.45913908431084965,0.26459885549270246
2532,0.1.1.1.0.0.0.0.0.0.0.0.0.1.0.0.,6106995,8388608,3184336207609856,2651544390053385,0.45796876667660963,0.264159764972055
2533,0.1.0.1.1.0.0.0.0.0.0.0.0.0.1.0.,6109489,8388608,3185148828844032,2652627238771747,0.45737971315155884,0.26393883057259077
2534,0.0.0.1.0.0.0.0.0.2.1.0.0.0.0.0.,3055461,4194304,530935950868480,442208236815701,0.45704136413808133,0.26381193505633965
2535,1.1.0.0.0.0.0.0.1.0.0.1.0.0.0.0.,764125,1048576,398286532902912,331768956262375,0.45655086357306707,0.26362780015068193
2536,0.0.0.0.0.0.0.0.0.0.0.1.2.0.1.0.,6113533,8388608,3186465672527872,2654383068850759,0.456425078698928,0.2635805297113729
2537,1.0.0.1.0.0.1.0.0.0.0.0.1.0.0.0.,6116583,8388608,3187457809973248,2655707322495909,0.4557055074428693,0.2633100858374719
2538,0.0.0.0.0.1.0.1.0.0.1.0.0.0.1.0.,6118057,8388608,3187937235697664,2656347306060811,0.4553578825841797,0.2631794405106977
2539,1.0.0.0.0.0.0.0.0.0.0.1.0.0.1.1.,6119173,8388608,3188300160434176,2656831852640479,0.45509474334922284,0.2630805328391594
2540,0.0.1.0.0.0.0.0.0.0.0.1.1.1.0.0.,1530355,2097152,797257710436352,664451864630665,0.45456507361944903,0.26288145605130353
2541,0.0.0.0.0.1.0.1.0.0.0.2.0.0.0.0.,3061037,4194304,1594621721313280,1329045706619351,0.45441094726342046,0.2628235056273109
2542,0.1.0.0.0.0.2.0.0.0.0.0.0.1.0.0.,1530935,2097152,1340245803008,1117149058679,0.45401840007089417,0.26267592308532595
2543,0.1.0.0.0.0.0.0.0.0.0.0.0.1.2.0.,6124545,8388608,151906961850368,126626870275335,0.4538287621730843,0.2626044118856824
2544,0.0.1.0.0.2.0.0.0.0.0.1.0.0.0.0.,6125289,8388608,3190287522332672,2659487306835147,0.45365351651477726,0.2625383003874152
2545,0.1.0.0.0.0.0.3.0.0.0.0.0.0.0.0.,6125481,8388608,1063449933119488,886523556562521,0.45360829528413243,0.2625212414708919
2546,1.0.0.0.0.0.0.0.0.0.0.0.1.1.0.1.,6127855,8388608,3191119772909568,2660601416623165,0.453049270693617,0.2623103614626249
2547,0.0.0.1.0.1.0.0.0.1.0.0.0.0.0.1.,1532677,2097152,798011150041088,665460034127071,0.45237773863460295,0.26205688027164736
2548,0.0.0.0.1.1.0.0.0.0.0.0.1.0.1.0.,6131857,8388608,3192416987250688,2662339011078211,0.4521073781338704,0.26195481618745725
2549,0.0.1.1.0.0.0.0.0.0.0.0.0.0.0.2.,6132657,8388608,3192676161683456,2662686356296611,0.4519191674906524,0.26188372511019176
2550,0.0.0.0.1.0.0.1.0.1.0.1.0.0.0.0.,6134041,8388608,3193124465672192,2663287263524443,0.45159362104855977,0.26176074244362696
2551,0.0.1.0.0.0.0.0.0.1.2.0.0.0.0.0.,6134583,8388608,3193300022460416,2663522589909909,0.45146615105474946,0.2617125891029142
2552,1.0.0.3.0.0.0.0.0.0.0.0.0.0.0.0.,6136513,8388608,3193924403331072,2664360560249299,0.4510123364237051,0.2615408347623939
2553,0.0.0.0.0.0.1.0.0.0.0.0.1.0.1.1.,6138249,8388608,3194485970305024,2665114299373227,0.45060426030659884,0.26138639604274655
2554,0.0.0.0.0.0.1.0.0.0.0.1.0.0.0.2.,3069635,4194304,1597408072957952,1332778799354105,0.450364310909633,0.26129555298265383
2555,0.0.0.1.0.0.2.0.0.0.1.0.0.0.0.0.,3070721,4194304,1597759052316672,1333250320488083,0.4498539929962281,0.26110218636629445
2556,1.1.0.0.0.1.0.0.0.0.0.0.1.0.0.0.,1535769,2097152,799011529293824,666802523396187,0.4494701987422386,0.26095675663500967
2557,0.1.0.0.1.0.0.0.0.0.0.0.1.1.0.0.,3072735,4194304,1598409605644288,1334124762075405,0.4489080798436183,0.2607435701763832
2558,0.0.0.0.0.1.0.0.0.0.0.2.0.0.1.0.,3073107,4194304,532843243503616,444762092533987,0.44873343085138384,0.26067733960009765
2559,0.0.0.0.0.1.0.0.0.0.1.0.1.0.0.1.,6147643,8388608,3197520901570560,2669193000600289,0.44839804201080835,0.2605501639509805
2560,0.0.0.0.0.0.0.2.0.0.1.1.0.0.0.0.,6148373,8388608,3197756587900928,2669509953112079,0.4482267397969716,0.26048519754532146
2561,1.0.1.0.1.0.0.0.0.0.1.0.0.0.0.0.,3075133,4194304,1599183773499392,1335165929367559,0.4477826220805365,0.2603166928860293
2562,0.0.1.0.0.0.1.1.0.0.0.0.0.1.0.0.,1538397,2097152,799859852443648,667943552438631,0.4470035762559857,0.2600210536838065
2563,0.0.1.0.1.0.0.0.0.0.1.0.1.0.0.0.,6155135,8388608,3199938431287296,2672445888570605,0.44664093112374786,0.2598834103817513
2564,0.1.0.0.0.0.0.0.1.0.0.1.0.0.0.1.,3078921,4194304,1600405423259648,1336810608976683,0.4460065799772125,0.2596423347978005
2565,0.0.0.0.0.0.0.0.1.0.1.0.0.0.1.1.,6160195,8388608,3201568774029312,2674642847076985,0.4454554107491121,0.2594327442732347
2566,0.0.0.1.2.0.0.1.0.0.0.0.0.0.0.0.,3080903,4194304,1601043762774016,1337671156755269,0.4450781697922067,0.2592892448571417
2567,0.0.1.0.0.0.1.0.0.1.0.1.0.0.0.0.,385205,524288,200160098910208,167248893567215,0.4447330959322095,0.25915774076334724
2568,1.0.1.1.0.1.0.0.0.0.0.0.0.0.0.0.,3083283,4194304,1601809072259072,1338704508780009,0.4439641169820102,0.2588646450294686
2569,0.0.0.0.3.0.0.0.0.1.0.0.0.0.0.0.,3083445,4194304,1601861148737536,1338774846186735,0.4438883177586043,0.25883574855949926
2570,0.0.0.0.1.0.0.0.0.0.3.0.0.0.0.0.,6167197,8388608,3203820813287424,2677682986101031,0.4438164993292963,0.258808292929312
2571,1.0.0.1.0.0.1.0.0.0.1.0.0.0.0.0.,6170627,8388608,3204921130221568,2679172228724921,0.443014341004176,0.25850152724564496
2572,0.0.1.1.0.0.1.0.0.1.0.0.0.0.0.0.,3086789,4194304,1602933883928576,1340226749199647,0.4423245609581114,0.2582378131499695
2573,0.0.0.0.0.0.0.2.0.0.0.0.0.2.0.0.,6174977,8388608,3206316457721856,2681060918349971,0.44199766758948017,0.25811282372576333
2574,0.0.0.0.0.0.1.0.0.1.0.2.0.0.0.0.,1543905,2097152,24291838001152,20313182553555,0.44184744765887607,0.2580553626314794
2575,0.0.0.0.1.0.2.0.0.0.0.0.0.0.1.0.,3088231,4194304,1603396196892672,1340852838955813,0.4416507602945418,0.2579800498926867
2576,1.0.0.1.0.0.0.0.0.0.1.0.0.0.1.0.,6180229,8388608,3207999279595520,2683341239708767,0.44077113444853055,0.2576432844488392
2577,0.0.1.0.1.0.0.1.0.0.0.0.0.0.1.0.,6181653,8388608,1069485117145088,894653171399173,0.4404387582379644,0.25751599737875086
2578,0.0.1.0.0.0.1.1.0.0.0.0.1.0.0.0.,6183525,8388608,213936993468416,178984820133905,0.4400019306990196,0.2573487350240339
2579,0.1.0.0.0.2.0.0.0.0.1.0.0.0.0.0.,3092121,4194304,534880735723520,447513935026761,0.43983465517620673,0.25728463767935117
2580,0.0.3.0.0.0.0.0.0.1.0.0.0.0.0.0.,3092277,4194304,534897378721792,447536512465957,0.4397618718830143,0.25725674364076234
2581,0.0.0.0.1.0.0.1.0.0.0.2.0.0.0.0.,6185287,8388608,3209618750701568,2685537329852101,0.4395908922453278,0.2571911637923295
2582,0.0.0.0.1.0.0.1.0.0.1.0.0.0.1.0.,3093505,4194304,321016958025728,268628542461623,0.4391890649093818,0.25703690819220504
2583,0.0.0.0.0.0.0.0.0.0.1.1.0.0.1.1.,193399,262144,100335356215296,83970272366677,0.4387791904111576,0.25687950074159377
2584,0.0.0.0.2.1.0.0.0.1.0.0.0.0.0.0.,3094853,4194304,1605515519983616,1343727989001119,0.43856054505132663,0.2567954884210135
2585,0.1.0.0.0.1.0.0.0.1.0.0.0.0.0.1.,6191139,8388608,3211488722419712,2688078160124697,0.43822658044667717,0.2566671428662205
2586,0.0.0.1.0.0.1.1.0.0.0.0.0.0.1.0.,6193883,8388608,3212365097074688,2689269554223809,0.4375872993445564,0.25642150128706076
2587,0.0.1.0.0.0.0.1.0.2.0.0.0.0.0.0.,774333,1048576,401576809201664,336201081249159,0.43740539829862635,0.2563515925959107
2588,0.0.0.0.0.0.0.0.0.2.0.0.0.0.2.0.,3097517,4194304,1606366292606976,1344884648578391,0.43731923039279236,0.2563184643217025
2589,0.0.0.0.1.1.0.0.1.0.0.0.1.0.0.0.,6198529,8388608,3213847934533632,2691286761579667,0.43650554682147924,0.2560055475091881
2590,0.1.0.0.0.0.0.0.0.1.0.2.0.0.0.0.,3099587,4194304,1607026861932544,1345783404331001,0.43635543219101697,0.25594780866909683
2591,0.0.1.0.2.0.0.0.0.1.0.0.0.0.0.0.,3100017,4194304,1607164032450560,1345970102385891,0.4361553036445559,0.25587081856258603
2592,0.1.0.0.1.1.0.0.0.0.0.1.0.0.0.0.,6201229,8388608,3214709243248640,2692459051691767,0.43587726412887134,0.25576385415066794
2593,0.0.0.0.0.0.0.2.0.1.0.0.0.0.1.0.,3101005,4194304,1607479175675904,1346399073730615,0.4356955785500603,0.25569395880672624
2594,0.2.0.1.0.0.0.0.0.0.0.0.0.0.1.0.,3101517,4194304,178626939060224,149624597185599,0.43545739806070033,0.25560230918608673
2595,0.1.0.0.0.0.0.0.0.3.0.0.0.0.0.0.,6203199,8388608,3215337516433408,2693314389292077,0.43541902304682456,0.25558754153500685
2596,1.0.2.0.0.0.0.0.0.0.0.0.1.0.0.0.,3101951,4194304,1607780830019584,1346809809451373,0.4352555336684709,0.25552462001185816
2597,0.0.0.1.0.0.1.0.0.0.0.0.0.0.1.1.,96993,131072,3866256080896,3239428343103,0.43440698892084506,0.2551979519913144
2598,0.0.0.1.0.0.0.1.0.1.1.0.0.0.0.0.,6211323,8388608,3217926945505280,2696841679984929,0.43353083819601684,0.25486074425176164
2599,0.0.0.0.1.0.0.0.0.1.0.0.0.1.0.1.,3107107,4194304,1609424040886272,1349048449383961,0.43285950601319517,0.2546023265263212
2600,0.1.0.0.0.1.0.0.0.0.0.1.0.0.0.1.,3108009,4194304,536570478198784,449813360372569,0.4324407492479093,0.2544411677929132
2601,0.0.0.0.1.0.1.0.0.0.0.0.1.0.0.1.,6217527,8388608,3219903368658944,2699535342153621,0.432090563226563,0.2543062882097798
2602,0.0.0.1.0.0.0.0.0.0.1.0.1.0.0.1.,3110277,4194304,536811197693952,450141601603957,0.4313883587667293,0.25403586275309314
2603,0.0.0.0.0.2.0.1.0.0.1.0.0.0.0.0.,6221197,8388608,3221071733981184,2701128788343031,0.43123923941654824,0.253978361819556
2604,0.0.0.1.0.0.0.0.0.0.0.1.1.0.0.1.,3111835,4194304,1610928856498176,1351101259624705,0.4306658648866187,0.2537569787377349
2605,0.1.0.0.0.1.1.0.0.0.0.0.1.0.0.0.,1556297,2097152,805585022877696,675715401700331,0.43031402360400084,0.2536211224738931
2606,0.0.0.0.0.0.0.1.0.0.1.0.2.0.0.0.,3113043,4194304,1611312719200256,1351625750904489,0.4301059259990546,0.2535407737424211
2607,0.0.0.0.0.1.0.0.0.0.0.1.1.0.0.1.,6227281,8388608,3223005140353024,2703770348728963,0.4298290497808955,0.253433871312814
2608,0.0.0.0.0.0.0.0.0.0.0.2.1.0.1.0.,1556969,2097152,805798529728512,676007171683787,0.4296912107235505,0.2533806211494624
2609,0.1.1.0.0.0.0.1.0.0.0.0.0.0.1.0.,1557311,2097152,805907111870464,676155661764653,0.429374346661252,0.2532581485615338
2610,0.0.1.0.0.0.0.0.0.2.0.1.0.0.0.0.,1557481,2097152,805961067397120,676229472623563,0.42921686702396344,0.2531972542055547
2611,2.0.0.0.0.0.0.1.0.0.0.1.0.0.0.0.,194707,262144,100752074997760,84538181798761,0.42905477358639,0.25313456237457
2612,0.0.0.0.1.0.0.0.0.1.0.0.0.1.1.0.,3116755,4194304,1612491016634368,1353237432717865,0.42838667775840655,0.2528761330895038
2613,0.0.0.0.0.0.1.0.0.0.1.0.1.1.0.0.,6237205,8388608,3226154257350656,2708079166163215,0.4275317535087415,0.2525455077578042
2614,1.0.0.0.0.0.1.0.0.0.1.0.0.0.1.0.,6238807,8388608,3226662405668864,2708774724963061,0.4271612509045108,0.2524022247069916
2615,0.0.0.0.0.1.0.0.0.0.0.1.0.1.1.0.,1560451,2097152,806903208738816,677518991746873,0.42646837503158247,0.25213423918255196
2616,0.1.0.0.0.0.0.1.0.0.1.0.0.0.0.1.,6242855,8388608,645589192671232,542106458353633,0.4262254733245264,0.2520402332434361
2617,1.0.0.0.0.0.0.0.0.0.1.0.1.1.0.0.,6245655,8388608,3228833410973696,2711748000032565,0.4255785512846392,0.2517898916690422
2618,0.1.1.0.1.0.0.1.0.0.0.0.0.0.0.0.,3123733,4194304,1614703595880448,1356267151385359,0.4251602857867943,0.25162797793922476
2619,0.0.2.0.0.0.1.0.0.0.0.0.0.0.0.1.,195259,262144,100927111692288,84777849999457,0.42497047806085453,0.25155448792130136
2620,0.1.0.0.0.0.0.1.0.0.0.1.0.0.1.0.,6249743,8388608,3230128343613440,2713522934098589,0.42463456574090963,0.2514243869999974
2621,0.0.0.0.0.1.1.1.0.0.1.0.0.0.0.0.,6251103,8388608,3230558914084864,2714113420969869,0.4243206565441481,0.25130277371852144
2622,0.2.0.0.0.0.0.0.1.0.0.0.0.0.0.1.,6252623,8388608,3231039950422016,2714773376884829,0.42396989766268295,0.25116681886743053
2623,0.0.0.0.0.0.1.0.0.0.1.0.0.1.1.0.,3127847,4194304,1616005843386368,1358053374170981,0.42326148636169153,0.2508922333513768
2624,0.1.0.1.0.1.0.0.0.0.0.0.1.0.0.0.,6258283,8388608,3232830280695808,2717230844305009,0.42266453185008374,0.2506606339112686
2625,0.0.0.1.0.0.0.0.0.1.0.0.0.0.2.0.,6259751,8388608,3233294405599232,2717868222780773,0.4223261598134311,0.250529369139062
2626,0.0.0.0.0.0.0.1.0.0.0.1.0.1.0.1.,6263149,8388608,3234368684294144,2719343571595927,0.4215432296823506,0.25022570224058777
2627,0.2.0.0.0.0.0.0.0.0.1.0.0.1.0.0.,1566205,2097152,808724241317888,680017272230215,0.4211583718610035,0.25007646570588477
2628,0.1.1.0.1.0.0.0.0.0.1.0.0.0.0.0.,1566639,2097152,808861445390336,680205707011197,0.4207586522121789,0.2499214856551064
2629,0.0.0.1.0.0.0.0.0.1.0.0.2.0.0.0.,6267983,8388608,3235896887345152,2721442405078109,0.42043016373210906,0.2497941325843535
2630,0.0.0.0.0.1.0.0.0.0.0.0.1.0.0.2.,3134411,4194304,1618081050787840,1360903341687953,0.4202370649097037,0.24971927225638257
2631,0.0.0.0.0.1.0.0.0.1.1.1.0.0.0.0.,3135009,4194304,539423343116288,453720994079569,0.41996184594620534,0.24961253837153147
2632,1.0.1.0.0.0.0.0.0.0.0.0.1.0.0.1.,6271405,8388608,647395629072384,544585634849963,0.4196427405257325,0.2494886978561541
2633,0.0.0.0.2.0.1.0.0.1.0.0.0.0.0.0.,6272303,8388608,3237261747421184,2723318069257469,0.4194361763823498,0.24940852732546503
2634,0.0.0.0.1.0.0.0.0.1.0.2.0.0.0.0.,6273017,8388608,3237487098986496,2723628074864891,0.419271958289817,0.24934473431306295
2635,0.0.0.0.0.0.0.0.0.0.0.0.0.2.2.0.,6273875,8388608,3237757681926144,2724000602611625,0.41907464530632876,0.24926799396539454
2636,0.0.0.0.0.0.0.0.0.1.2.0.0.1.0.0.,3137767,4194304,1619140431314944,1362360454879141,0.4186932040628762,0.24911965516666337
2637,0.0.0.0.0.1.0.0.0.2.0.0.0.0.0.1.,6276317,8388608,3238527722586112,2725060873890791,0.4185132098582794,0.2490496359999652
2638,0.0.0.0.1.0.0.0.1.2.0.0.0.0.0.0.,784721,1048576,404873108520960,340711358910083,0.41817971673414467,0.24891977711207364
2639,0.0.0.0.1.1.0.0.0.0.1.0.0.0.0.1.,6279273,8388608,3239458925182976,2726344314472779,0.417833893853271,0.24878509126598874
2640,0.0.0.0.0.0.2.0.0.0.0.0.1.1.0.0.,1570261,2097152,810004116406272,681778312487503,0.41742705492805177,0.24862653195737458
2641,0.0.0.0.0.0.0.0.0.0.0.0.1.1.0.2.,3141091,4194304,1620187279261696,1363803674261593,0.4171656910138753,0.24852460868409812
2642,0.0.0.0.2.1.0.1.0.0.0.0.0.0.0.0.,1570713,2097152,810146320089088,681974562535899,0.4170118345773051,0.2484645677782775
2643,1.0.0.0.0.0.0.0.0.1.1.0.0.0.1.0.,6284289,8388608,3241036520357888,2728522168992147,0.41668190229075036,0.24833551167164633
2644,0.0.0.0.0.2.0.0.1.0.0.0.0.0.1.0.,6285929,8388608,249350106120192,209941094360759,0.41630545378675743,0.24818822622236936
2645,2.0.0.1.0.0.0.0.0.0.0.0.1.0.0.0.,1571835,2097152,270166191505408,227487238068235,0.41598164894153544,0.24806153461107716
2646,0.0.0.1.1.0.0.0.0.1.0.0.0.0.1.0.,6290183,8388608,3242886711738368,2731081234888709,0.4153294407013117,0.247806397893776
2647,0.0.0.0.1.1.0.0.0.0.0.0.0.0.1.1.,393237,524288,202711977426944,170736239559951,0.4149604531085937,0.24766202471776982
2648,0.0.0.2.0.0.0.2.0.0.0.0.0.0.0.0.,6293561,8388608,3243946763354112,2732547900073403,0.4145548820381374,0.24750335780082733
2649,0.0.0.1.0.0.0.0.0.2.0.0.0.0.0.1.,6295539,8388608,3244567319019520,2733406711125897,0.4141015294054058,0.24732596128761503
2650,0.0.0.0.0.1.1.1.0.0.0.0.1.0.0.0.,3148509,4194304,124808893300736,105155725599939,0.41376263938088,0.24719333241645838
2651,0.0.2.1.0.0.0.0.0.0.0.0.0.0.0.1.,6297823,8388608,463611898101760,390628340246347,0.41357821950459933,0.24712097090039425
2652,0.1.1.0.0.0.1.0.0.0.0.0.0.1.0.0.,6300813,8388608,3246219321147392,2735696584478199,0.41289343771500786,0.24685224447687595
2653,0.2.0.0.0.0.0.1.0.0.0.0.1.0.0.0.,3150813,4194304,1623236898979840,1368024787028199,0.41270729738616047,0.24677919510383448
2654,0.0.0.0.0.0.0.0.1.2.1.0.0.0.0.0.,787905,1048576,81174461415424,68418758575863,0.41233783533734203,0.2466339800395542
2655,0.1.0.0.0.0.2.0.0.0.0.0.1.0.0.0.,1576005,2097152,811805582557184,684272251155615,0.41215931881062184,0.2465638171846795
2656,0.0.1.0.0.0.0.0.1.0.0.0.2.0.0.0.,6305409,8388608,3247656390361088,2737692082757907,0.41184147675450655,0.24643880902993892
2657,0.0.0.0.0.0.0.0.0.0.0.0.3.1.0.0.,3152985,4194304,1623915839356928,1368967829296155,0.4117131241106803,0.24638832201672775
2658,0.1.0.0.0.0.1.1.1.0.0.0.0.0.0.0.,6308105,8388608,649699694477312,547772527228783,0.4112247563244239,0.2461961152647507
2659,0.0.0.0.0.0.0.0.0.2.0.1.0.0.1.0.,3154399,4194304,1624357415682048,1369581761969677,0.41106627247710553,0.24613371569524972
2660,0.0.0.0.2.0.1.0.0.0.0.0.0.0.1.0.,6309389,8388608,3248899246522368,2739420125219447,0.41093112901001494,0.24608046531420125
2661,0.1.0.0.0.0.0.0.0.0.1.0.1.1.0.0.,3155953,4194304,1624842075897856,1370256480056419,0.41035571048662944,0.24585354703510606
2662,0.0.1.0.0.0.0.0.0.0.0.0.0.3.0.0.,3156681,4194304,1625069038075904,1370572564205163,0.4100229549381775,0.24572229681882382
2663,0.0.1.0.0.0.2.0.0.0.0.0.0.0.1.0.,3157001,4194304,1625168736681984,1370711502292523,0.40987671304209217,0.2456645620994978
2664,0.0.1.1.0.0.1.0.0.0.0.0.0.0.1.0.,3158287,4194304,1625569242382336,1371269859731101,0.40928915287120926,0.24543249510855783
2665,0.0.0.0.0.0.0.0.1.0.0.0.1.0.0.2.,6318371,8388608,3251698038472704,2743319943659033,0.40887877941790846,0.24527040265041852
2666,0.0.0.0.0.0.0.2.1.0.0.1.0.0.0.0.,3160137,4194304,1626145254539264,1372073095548651,0.40844432640754863,0.24509878971150398
2667,0.1.0.0.0.0.1.0.0.0.0.1.1.0.0.0.,6321779,8388608,3252758928949248,2744799634289417,0.4081008290267364,0.24496306539441634
2668,0.0.1.0.0.0.0.0.0.1.0.0.1.0.1.0.,6323203,8388608,3253202115887104,2745417908778169,0.40777589416373533,0.2448346836905918
2669,1.1.0.0.0.0.0.1.1.0.0.0.0.0.0.0.,3163515,4194304,1627196514893824,1373539760733345,0.406902994180009,0.24448982073411127
2670,0.0.0.0.0.0.0.2.0.0.0.0.0.0.2.0.,1581833,2097152,813621745549312,686802661071659,0.40683413351323955,0.24446260922208707
2671,0.1.0.0.0.0.1.0.0.1.0.0.0.1.0.0.,98921,131072,50868916453376,42949670436683,0.40601079633381276,0.24413730277117912
2672,1.0.0.0.0.0.0.0.0.0.0.0.0.2.1.0.,6333287,8388608,3256339321061376,2749796195256101,0.40547697244519776,0.24392634554585169
2673,0.1.0.0.0.2.0.0.0.0.0.0.0.0.1.0.,6334071,8388608,3256583060455424,2750136593570133,0.4052983917319186,0.24385574757660902
2674,0.0.1.0.0.0.0.0.0.0.1.1.0.1.0.0.,1584129,2097152,271445261287424,229266513949489,0.4047416078325214,0.24363564431990298
2675,1.0.0.0.0.0.1.0.0.0.0.0.1.1.0.0.,3169809,4194304,181016970919936,152919166582123,0.4040355187195207,0.24335571838403586
2676,0.0.0.0.0.0.0.0.1.0.0.1.1.0.1.0.,3171439,4194304,1629658336460800,1376980215121597,0.40329383728127965,0.24306169959212615
2677,0.0.2.0.0.0.0.0.0.0.0.2.0.0.0.0.,792905,1048576,407428609867776,344264700494315,0.40321150230616065,0.24302903032898118
2678,0.0.0.0.1.0.0.0.0.0.0.1.2.0.0.0.,792977,1048576,407450890010624,344295961563971,0.4030805038548063,0.24297692317777594
2679,0.0.0.0.0.0.1.0.0.1.1.0.0.1.0.0.,6348171,8388608,1086984575516672,918752851014811,0.40209044025804214,0.24258274160479207
2680,0.0.0.0.1.0.0.0.3.0.0.0.0.0.0.0.,6350935,8388608,3261807888171008,2757458630774005,0.40146242610397725,0.24233257193272856
2681,0.1.0.0.0.0.0.0.0.0.0.0.1.1.1.0.,1588471,2097152,26312251015168,22247895420043,0.4007926790179322,0.24206580827544424
2682,1.0.0.0.0.0.0.2.0.0.0.0.0.0.1.0.,198585,262144,33989347508224,28740645914985,0.400602871694339,0.24199018162914143
2683,0.0.1.2.0.1.0.0.0.0.0.0.0.0.0.0.,1589235,2097152,271971889709056,230005490901635,0.40009895906241916,0.24178924314240818
2684,0.0.0.0.2.0.0.0.0.0.0.1.0.0.0.1.,397349,524288,203991332421632,172521593982527,0.39995281193066223,0.24173090271076073
2685,0.0.0.1.1.0.1.0.0.0.0.0.0.0.1.0.,6359695,8388608,652902481788928,552252412183097,0.3994738526722723,0.24153971025092816
2686,0.0.0.1.1.0.0.0.0.0.2.0.0.0.0.0.,3180733,4194304,1632529203331072,1381015498196359,0.39907215774302474,0.24137928943401066
2687,0.0.0.0.2.0.0.0.0.0.0.0.0.1.0.1.,1590623,2097152,816343655907328,690619116658829,0.39883949348632725,0.24128634168573426
2688,0.1.0.1.0.0.0.0.0.0.0.0.1.0.1.0.,6365285,8388608,3266235395473408,2763689135629055,0.39820631970996684,0.24103342064166236
2689,1.0.0.0.1.0.0.0.0.0.1.0.0.1.0.0.,6368335,8388608,3267175188004864,2765013389274205,0.3975152012442265,0.24075734850329522
2690,0.0.0.0.0.1.0.0.0.0.0.0.1.0.2.0.,3184557,4194304,1633707517542400,1382675808340311,0.39733873585649404,0.24068678912684666
2691,0.0.0.0.0.0.1.2.0.1.0.0.0.0.0.0.,3185065,4194304,1633863914749952,1382896372553995,0.3971086157387459,0.2405947737028086
2692,1.0.0.0.1.0.0.0.0.0.0.0.0.0.2.0.,6370833,8388608,1089314729492480,922032658239553,0.39694941040791276,0.24053108724844255
2693,0.0.0.0.0.1.0.0.0.0.2.0.1.0.0.0.,3185751,4194304,1634075039236096,1383194221078773,0.3967979212211598,0.24047048918484773
2694,0.0.0.0.0.1.0.0.1.0.0.0.0.0.2.0.,6373105,8388608,3268642925969408,2767084435138915,0.3964350006285138,0.24032511522126346
2695,1.0.0.1.0.0.0.0.0.0.1.0.1.0.0.0.,6376121,8388608,3269570118811648,2768393926612283,0.39575242298427277,0.24005171865302985
2696,0.1.0.1.0.1.0.1.0.0.0.0.0.0.0.0.,3189493,4194304,1635225427771392,1384818928337839,0.3951043184467477,0.23979218611764425
2697,0.1.0.0.0.0.2.0.0.0.0.0.0.0.0.1.,6379613,8388608,3270643592200192,2769910088490599,0.39496252077893707,0.23973540792849796
2698,1.1.0.0.0.1.0.0.0.1.0.0.0.0.0.0.,3190525,4194304,327108530274304,277053400733915,0.39463759208478993,0.23960530651040512
2699,0.1.0.0.0.0.0.1.0.0.0.0.0.0.1.1.,797785,1048576,408932907483136,346383506326555,0.394359527519228,0.2394939283243286
2700,0.1.0.0.0.0.0.2.0.0.1.0.0.0.0.0.,6382895,8388608,3271652238426112,2771335072249085,0.3942205153316421,0.23943825210505018
2701,0.1.0.0.0.0.0.0.0.2.0.0.0.0.1.0.,398979,524288,204493028851712,173229309865017,0.39404671243177136,0.2393686123965768
2702,0.0.0.0.2.0.0.0.0.0.0.0.1.0.0.1.,3192033,4194304,545335323656192,461973916468753,0.39395586411235534,0.23933221002516503
2703,1.0.0.1.0.1.0.0.0.0.0.0.0.0.1.0.,798421,1048576,409128261386240,346659645775183,0.3932098587489542,0.239033293878892
2704,1.0.0.1.1.0.1.0.0.0.0.0.0.0.0.0.,798771,1048576,136411912077312,115603869769411,0.39257756999169324,0.23877994023668644
2705,0.2.0.0.0.0.0.0.0.0.0.0.0.1.1.0.,798871,1048576,409266438537216,346855027460533,0.3923969669476104,0.23870756919236502
2706,1.0.1.0.0.0.0.1.1.0.0.0.0.0.0.0.,799335,1048576,136469625700352,115685495895735,0.3915592645265452,0.23837188608916957
2707,0.0.0.0.1.0.1.0.0.0.1.0.0.0.0.1.,6396159,8388608,297793176469504,252463095997287,0.3912256279332014,0.23823818074986042
2708,1.1.0.0.0.0.2.0.0.0.0.0.0.0.0.0.,1599207,2097152,818982556794880,694346130852261,0.3910747385461905,0.2381777006131097
2709,0.0.1.0.0.0.0.0.0.1.0.1.0.1.0.0.,6399457,8388608,3276736607289344,2778525986633011,0.3904819344134501,0.2379399765174827
2710,0.0.0.0.0.0.0.0.0.0.1.0.2.0.0.1.,6400151,8388608,3276949208170496,2778827308609973,0.3903254873786099,0.23787713123459425
2711,0.0.0.0.0.0.0.2.1.0.0.0.0.0.1.0.,1600419,2097152,819354071465984,694872358858137,0.3899817692596629,0.2377390320039408
2712,0.0.0.0.0.1.0.0.0.0.0.0.2.1.0.0.,6402897,8388608,1092596738818048,926673190357377,0.38970662839393244,0.2376284833012562
2713,0.0.1.0.0.0.0.0.0.0.1.0.2.0.0.0.,200109,262144,102436598185984,86883630386007,0.38957347094633565,0.2375749566710689
2714,0.0.0.0.1.0.1.0.0.0.0.0.0.1.0.1.,800801,1048576,409858095448064,347692997799923,0.3889157498231728,0.23731048116971207
2715,0.0.0.0.0.0.0.0.0.1.0.0.3.0.0.0.,1601661,2097152,273244747726848,231803870769901,0.388862604635018,0.23728910753214955
2716,1.0.1.0.0.0.0.0.0.2.0.0.0.0.0.0.,800935,1048576,409899065409536,347751178124005,0.38867436031088093,0.23721329816908648
2717,0.0.1.0.0.0.0.0.0.0.1.0.1.0.1.0.,3204351,4194304,1639783025606656,1391269997406573,0.3883992435334649,0.2371025072764671
2718,2.0.0.0.0.0.1.0.0.0.0.1.0.0.0.0.,400605,524288,13666104115200,11595685934761,0.38817909784694576,0.237013859004772
2719,1.0.0.0.0.0.0.0.0.0.0.0.1.2.0.0.,1603109,2097152,11551786401792,9803384607817,0.38755890885568706,0.2367641422159396
2720,0.1.1.1.0.0.0.0.0.0.0.0.0.0.1.0.,3207135,4194304,1640633848561664,1392478758766605,0.38714634732616865,0.2365979782020522
2721,0.1.0.0.1.0.0.0.0.0.0.1.0.0.0.1.,6415899,8388608,3281765376458752,2785664799234177,0.38677999981597816,0.23645043181704134
2722,1.0.2.0.0.1.0.0.0.0.0.0.0.0.0.0.,802077,1048576,410248052473856,348247013423271,0.3866187824169891,0.2363855047212728
2723,0.1.0.0.0.0.1.0.0.1.0.0.0.0.0.1.,6417667,8388608,3282305468596224,2786432432166841,0.3863824976956122,0.23629033976384411
2724,0.0.1.0.0.0.0.0.1.0.0.1.0.0.1.0.,802607,1048576,410409935831040,348477129630461,0.3856657868122784,0.23600168244569386
2725,1.0.0.0.0.0.0.1.1.0.0.0.0.0.0.1.,6424697,8388608,3284452146937856,2789484728273531,0.38480301479814943,0.23565409323644312
2726,0.1.1.0.0.1.0.0.1.0.0.0.0.0.0.0.,6427509,8388608,3285310335090688,2790705646716207,0.3841717055085667,0.23539969370658737
2727,1.1.0.0.0.0.0.0.1.1.0.0.0.0.0.0.,3215675,4194304,1643241162145792,1396186668973025,0.38330982626766924,0.235052384268381
2728,0.0.0.0.0.0.0.1.0.2.1.0.0.0.0.0.,3216183,4194304,547798705504256,465469077728903,0.3830819328402038,0.2349605276943998
2729,0.0.1.1.0.0.0.0.0.0.0.0.2.0.0.0.,1608359,2097152,821779566166016,698319760150757,0.38284196588014796,0.23486366101799644
2730,0.0.1.1.0.0.0.0.0.0.0.0.1.0.0.1.,6436299,8388608,1095996859744256,931507367434459,0.3822000822717906,0.23460457986648858
2731,0.0.0.0.1.0.0.1.0.0.0.1.1.0.0.0.,6438109,8388608,3288541945659392,2795307970860007,0.3817944281957021,0.23444083248157993
2732,0.1.0.0.0.0.0.0.0.0.0.1.1.1.0.0.,1610169,2097152,822330974535680,699105628707387,0.38121931210843063,0.23420872094989234
2733,1.0.0.0.0.0.2.0.0.0.0.0.0.1.0.0.,1610591,2097152,822459521564672,699288853310093,0.38084125394157614,0.23405616768723703
2734,0.1.0.0.2.0.1.0.0.0.0.0.0.0.0.0.,3221529,4194304,1645024706035712,1398728367608667,0.38068584880865225,0.2339934324372642
2735,0.1.0.0.1.0.0.0.0.0.0.0.1.0.0.1.,1611079,2097152,822608117366784,699500733893317,0.38040419168173056,0.23387973717567165
2736,0.0.0.0.0.2.0.0.0.0.0.1.0.0.1.0.,6445143,8388608,3290684261924864,2798362003692789,0.3802190622980299,0.23380500234812343
2737,0.1.0.0.0.0.0.0.0.0.1.0.2.0.0.0.,6445757,8388608,3290871093002240,2798628591147911,0.3800816297284225,0.23374947755087402
2738,0.0.0.0.0.0.0.0.0.0.0.0.0.2.1.1.,402981,524288,68572084174848,58322301440021,0.37964770629373484,0.23357372146286484
2739,0.0.0.0.1.0.0.0.0.1.0.1.1.0.0.0.,6449215,8388608,3291921212506112,2800129990854445,0.3793078646406066,0.23343600412748175
2740,0.0.0.0.0.0.1.0.0.0.1.0.0.0.2.0.,6449903,8388608,3292129988182016,2800428707742269,0.3791539666471046,0.23337359984300626
2741,0.0.0.0.0.0.0.1.0.1.0.0.2.0.0.0.,1612675,2097152,823092945354752,700193687604025,0.3789757070806252,0.23330129632796132
2742,1.0.1.0.0.0.1.0.0.0.0.0.1.0.0.0.,3226253,4194304,1646459560656896,1400779441123319,0.37857185283527567,0.23313726278768554
2743,0.0.0.0.0.0.1.1.0.0.0.0.0.1.0.1.,6455485,8388608,3293821735534592,2802852309003655,0.37790594152450513,0.23286675099137474
2744,0.1.0.0.0.0.0.0.0.0.0.0.0.1.1.1.,6457117,8388608,3294315790991360,2803560893249191,0.3775412623809417,0.23271845207845138
2745,0.0.1.0.0.1.0.0.0.0.0.0.1.0.0.1.,3229367,4194304,1647402574413824,1402131482385941,0.37718002596015837,0.23257150649596928
2746,0.0.0.0.0.0.1.1.0.1.0.0.0.0.1.0.,3230191,4194304,1647651682516992,1402489247960893,0.3768119572099001,0.23242157498883195
2747,0.0.1.0.1.1.0.0.1.0.0.0.0.0.0.0.,3231821,4194304,1648144395796480,1403196963843383,0.37608413653531025,0.23212511292582036
2748,0.0.0.0.2.0.0.0.0.0.0.1.1.0.0.0.,3232071,4194304,1648219960377344,1403305509224133,0.37597254006668046,0.23207966002284008
2749,0.0.0.0.0.1.0.0.0.0.0.0.0.2.1.0.,3233915,4194304,1648777098166272,1404106139952545,0.3751496710634005,0.2317443740647108
2750,0.1.2.0.0.0.0.0.0.0.0.0.0.1.0.0.,6468817,8388608,3297852293906432,2808640817068291,0.3749295305574224,0.2316546467159744
2751,0.0.0.0.0.0.0.0.0.0.2.0.1.1.0.0.,1617631,2097152,824591914106880,702345491232013,0.37454888049972873,0.23149943212299984
2752,1.0.1.0.0.0.0.0.0.0.0.1.0.1.0.0.,3236913,4194304,1649682178637824,1405407816158499,0.3738128405860452,0.23119927998978276
2753,2.0.0.0.0.1.0.0.0.0.1.0.0.0.0.0.,1618701,2097152,117844983414784,100401437923089,0.373594909306416,0.2311104139573915
2754,1.1.0.0.0.0.0.0.0.0.0.1.0.0.0.1.,6475605,8388608,3299901127524352,2811588041246415,0.3734164440966723,0.2310375750064247
2755,0.0.0.1.0.0.1.1.0.0.1.0.0.0.0.0.,809995,1048576,412651814387712,351684862722385,0.37244652311835597,0.23064174418867653
2756,0.1.0.0.0.1.0.0.0.0.1.1.0.0.0.0.,405085,524288,206352280977408,175880422244455,0.37213486148742647,0.23051448448584697
2757,0.1.0.1.0.0.0.0.0.1.1.0.0.0.0.0.,6484339,8388608,3302533875367936,2815380182668297,0.3714719140285298,0.23024360604414676
2758,0.0.0.0.0.0.2.0.0.1.0.0.0.1.0.0.,3243239,4194304,1651589060231168,1408154448472997,0.3709960882235038,0.23004918796817145
2759,1.0.0.0.1.1.1.0.0.0.0.0.0.0.0.0.,6488001,8388608,3303636742438912,2816970155405523,0.37065738875705645,0.22991078218818026
2760,0.0.0.0.1.0.0.0.0.0.0.1.1.0.0.1.,1622299,2097152,825999111487488,704372250581377,0.3703916887636395,0.22980215582681404
2761,0.1.0.1.0.0.0.0.0.0.1.0.1.0.0.0.,1623029,2097152,826218758799360,704689203093167,0.36974265273547136,0.22953670612239638
2762,0.1.0.1.0.0.0.1.0.0.0.0.1.0.0.0.,6495007,8388608,3305744766074880,2820012031155661,0.3691003501358729,0.22927402191524857
2763,0.0.1.0.0.0.0.0.1.0.1.0.0.0.1.0.,6497729,8388608,3306563494215680,2821193873261267,0.3684958560618375,0.2290267934096375
2764,0.0.2.0.0.0.0.0.0.0.0.0.0.2.0.0.,3249425,4194304,1653450324574208,1410840295374275,0.36824698116255095,0.22892501592838982
2765,1.0.1.0.0.0.1.1.0.0.0.0.0.0.0.0.,6500287,8388608,3307332561797120,2822304509597101,0.36792801340612186,0.2287944655492728
2766,0.0.0.0.0.0.0.0.0.0.0.1.0.1.2.0.,6501275,8388608,3307629451411456,2822733480941825,0.3677087501048136,0.22870470296882311
2767,0.0.0.0.0.1.1.0.0.2.0.0.0.0.0.0.,6502005,8388608,3307848763179008,2823050433453615,0.3675467652239289,0.2286383725483745
2768,0.0.0.0.1.1.0.0.0.0.0.0.1.1.0.0.,6504301,8388608,3308538088652800,2824047314230423,0.36703740801700335,0.22842962849133483
2769,0.0.0.0.2.1.0.0.0.0.0.0.0.1.0.0.,6505339,8388608,3308849708662784,2824497994651297,0.366807191430592,0.22833528807151623
2770,0.0.0.0.0.1.0.2.0.0.0.1.0.0.0.0.,3252953,4194304,1654509948370944,1412372087787419,0.36668145279624886,0.2282837514122604
2771,0.1.0.0.1.0.0.0.0.0.1.0.1.0.0.0.,6507415,8388608,3309472478920704,2825399355493045,0.3663468684381962,0.22814647424410225
2772,0.0.1.0.0.1.0.0.0.0.0.0.1.1.0.0.,6510881,8388608,3310511726788608,2826904228651763,0.36557866019805935,0.2278312331745829
2773,0.0.0.0.0.0.1.0.0.1.0.1.0.0.1.0.,3256231,4194304,1655492623466496,1413795334819813,0.36522838133788493,0.22768729592203568
2774,0.0.0.0.0.0.0.0.0.1.0.0.1.0.1.1.,6514273,8388608,3311527620771840,2828376972377779,0.36482724924517224,0.2275224729358494
2775,0.0.1.0.0.0.0.1.0.1.1.0.0.0.0.0.,6515921,8388608,3312021139357696,2829092503527683,0.36446231815664626,0.22737253137740873
2776,0.1.0.0.0.0.0.0.0.1.1.0.0.0.1.0.,6517187,8388608,3312400170221568,2829642177335801,0.36418203935783483,0.22725734653101795
2777,0.0.0.0.0.0.1.0.0.2.1.0.0.0.0.0.,6518153,8388608,3312689275207680,2830061596687019,0.3639682139551909,0.2271694334903008
2778,1.0.0.0.0.0.0.3.0.0.0.0.0.0.0.0.,6518275,8388608,3312725782429696,2830114566832825,0.36394121134450746,0.22715832989506052
2779,1.0.0.0.0.0.1.0.0.0.0.1.0.1.0.0.,3260681,4194304,1656824533090304,1415727442597163,0.3632581248944129,0.2268772783215993
2780,0.0.0.1.1.0.1.0.0.0.1.0.0.0.0.0.,6525057,8388608,43048750809088,36792976440543,0.36244092619511964,0.22654098333064807
2781,0.0.0.0.1.1.1.0.0.0.0.0.0.0.0.1.,6526501,8388608,3315185456513024,2833686144041023,0.36212169202437255,0.22640960335931742
2782,0.0.1.1.0.0.0.0.0.0.1.0.0.0.1.0.,6529431,8388608,3316060757426176,2834958295903413,0.3614741554807127,0.22614292804544261
2783,0.0.0.0.0.0.1.0.0.0.0.0.1.1.1.0.,6532849,8388608,3317081483247616,2836442328349027,0.3607191369445452,0.22583192112214018
2784,0.0.3.0.0.0.1.0.0.0.0.0.0.0.0.0.,6533117,8388608,3317161477013504,2836558688997191,0.3606599538315611,0.22580752920086997
2785,0.0.3.1.0.0.0.0.0.0.0.0.0.0.0.0.,6533283,8388608,3317211003355136,2836630763130009,0.36062329685231653,0.22579241198523656
2786,1.0.1.0.0.0.0.0.0.0.2.0.0.0.0.0.,408383,524288,207341443612672,177312352907309,0.3604367140148669,0.2257154638951886
2787,0.0.2.0.1.0.0.0.0.0.0.1.0.0.0.0.,6534907,8388608,3317695428689920,2837335873923361,0.3602647258859525,0.22564450805286124
2788,0.0.0.0.0.1.0.0.0.1.1.0.1.0.0.0.,6536405,8388608,3318142105288704,2837986277844815,0.3599340540787593,0.22550805984189679
2789,1.0.0.0.1.1.0.0.0.0.0.0.0.0.1.0.,6538039,8388608,3318629315641344,2838695730453397,0.35957344773724514,0.22535927214420978
2790,1.0.0.0.1.0.0.0.0.0.1.0.0.0.0.1.,1634995,2097152,165960403124224,141976923839477,0.35914520687065415,0.22518260574534835
2791,0.0.2.0.1.0.0.1.0.0.0.0.0.0.0.0.,6540917,8388608,3319487369576448,2839945304876591,0.3589385229932985,0.22509731769367228
2792,0.0.0.0.1.1.0.1.0.0.0.0.1.0.0.0.,1635609,2097152,829985021493248,710151206652507,0.3586035241933797,0.22495906227429574
2793,0.0.1.0.0.0.0.0.0.3.0.0.0.0.0.0.,6542627,8388608,255384384176128,218514442713917,0.35856140674192694,0.22494167437833665
2794,0.2.0.0.0.0.0.0.0.0.0.0.0.0.2.0.,6542737,8388608,3320029743415296,2840735515248451,0.35853715117601354,0.22493164977955912
2795,1.0.0.0.1.0.0.0.0.0.1.0.0.0.1.0.,6544543,8388608,3320566882762752,2841519647078989,0.35813897718410925,0.22476686694756245
2796,0.0.1.2.1.0.0.0.0.0.0.0.0.0.0.0.,1636725,2097152,830316958711808,710635753232175,0.3576194878889847,0.2245518899274132
2797,1.0.0.0.0.0.1.1.0.0.0.0.1.0.0.0.,6548209,8388608,3321657066258432,2843111356542307,0.35733106145208926,0.22443252824307758
2798,0.1.0.0.0.1.0.0.0.0.0.0.1.0.0.1.,3274919,4194304,1661070661910528,1421909319121637,0.3569722063901513,0.22428398539843725
2799,0.0.0.0.1.0.0.1.0.0.0.0.0.1.1.0.,6552889,8388608,3323047159267328,2845143326069947,0.3563003366871032,0.2240054361610517
2800,0.0.0.0.0.0.2.0.0.0.0.0.0.1.0.1.,6554513,8388608,3323529269346304,2845848436863299,0.3559428384188129,0.2238572299482405
2801,0.0.0.1.0.1.0.0.0.0.1.0.0.0.1.0.,6557487,8388608,3324411750907904,2847139692712701,0.35528838827769327,0.22358580118958948
2802,0.0.1.0.0.0.1.0.0.0.0.1.0.1.0.0.,6560461,8388608,3325294165360640,2848430948562103,0.3546342348803611,0.22331453839778892
2803,0.1.0.0.0.0.0.0.0.0.0.0.2.1.0.0.,6561529,8388608,3325610919198720,2848894654428667,0.3543993927097648,0.22321711487500542
2804,0.0.0.0.0.0.1.0.0.0.0.1.0.0.1.1.,6563443,8388608,3326177804550144,2849725677863689,0.3539786194954927,0.2230422432433596
2805,0.0.0.0.0.1.0.0.0.0.1.0.0.0.2.0.,6564097,8388608,3326371480731648,2850009632579731,0.35383487244806083,0.22298249878040785
2806,0.0.0.1.0.0.0.0.0.0.1.1.0.0.1.0.,6567113,8388608,3327264297058304,2851319124053099,0.3531721508375109,0.22270695246397954
2807,1.2.0.0.0.0.0.0.0.0.0.1.0.0.0.0.,3283727,4194304,1663682614394880,1425733589976221,0.35309724025857003,0.22267580501501774
2808,0.0.0.0.0.0.0.0.0.0.1.1.0.1.1.0.,3285153,4194304,1664104662040576,1426352732828019,0.3524708676773615,0.22241537292107574
2809,0.0.1.0.0.0.2.0.0.1.0.0.0.0.0.0.,6571069,8388608,3328434809864192,2853036746158087,0.35230333934529046,0.2223455836943441
2810,0.0.1.1.0.1.0.0.0.0.1.0.0.0.0.0.,3287237,4194304,1664720117432320,1427257567121951,0.3515559564910274,0.22203393195951895
2811,1.0.0.0.0.0.0.0.0.0.0.1.1.0.1.0.,6576301,8388608,3329979454586880,2855308383886423,0.35115509739996065,0.22186670572452755
2812,0.0.1.0.2.0.0.0.0.0.1.0.0.0.0.0.,3288571,4194304,128085676523520,109833597328741,0.35097061239006,0.22178971982608353
2813,0.0.0.0.0.1.0.0.0.0.0.1.0.0.1.1.,6578801,8388608,3330716947447808,2856393837693923,0.3506067568936473,0.22163784451385493
2814,1.1.1.0.0.0.0.0.0.0.0.0.1.0.0.0.,6579897,8388608,1110346714578944,952289900214377,0.35036643011230906,0.2215375029278316
2815,0.0.1.0.0.0.0.1.0.0.0.0.1.0.1.0.,6581347,8388608,3331467627200512,2857499263851481,0.3500485410407665,0.22140474783141148
2816,0.1.1.0.0.0.1.0.0.0.0.1.0.0.0.0.,822877,1048576,416494958673920,357277989101671,0.34968272644933585,0.221251996817728
2817,0.1.0.0.0.1.0.1.0.0.0.0.0.0.1.0.,205769,262144,104138392469504,89341097806187,0.34933387527978754,0.22110615445434464
2818,0.0.0.0.0.1.0.1.0.0.2.0.0.0.0.0.,3292649,4194304,1666315882332160,1429607357524427,0.34918270342189817,0.22104295292387566
2819,0.1.0.0.1.1.0.0.0.0.0.0.1.0.0.0.,6586493,8388608,3332983566106624,2859733561968839,0.34892092875836267,0.22093346493500554
2820,0.1.0.0.1.1.0.0.0.0.1.0.0.0.0.0.,3293937,4194304,185188332077056,158907398147339,0.3486184684035289,0.22080691057633978
2821,0.0.0.0.0.0.0.0.1.0.0.1.0.0.2.0.,3294801,4194304,1666949197070336,1430541716161923,0.3482400989730028,0.22064856772626573
2822,0.0.0.1.0.0.0.0.0.2.0.0.0.0.1.0.,3295663,4194304,238171828781056,204416568662107,0.34786270426078286,0.2204906433962279
2823,1.0.0.0.0.0.0.1.0.1.0.0.0.0.1.0.,824093,1048576,416852810399744,357805953833639,0.3475523688975955,0.2203606680631166
2824,1.1.1.1.0.0.0.0.0.0.0.0.0.0.0.0.,1648607,2097152,833829302435840,715794698088461,0.3471839049900855,0.22020621452655012
2825,0.0.0.0.0.0.0.0.0.1.0.1.2.0.0.0.,3297549,4194304,555918995488768,477244948995709,0.34703733328186387,0.22014475043675436
2826,0.2.1.0.0.0.0.1.0.0.0.0.0.0.0.0.,1648969,2097152,833935602876416,715951871799787,0.34686715377228206,0.22007337306507063
2827,0.0.0.0.1.0.0.0.0.0.0.1.0.0.2.0.,3298181,4194304,1667942542475264,1432009249709663,0.3467608564495398,0.22002878010802104
2828,0.1.0.0.0.0.1.0.1.0.0.0.0.0.1.0.,6599065,8388608,3336678479495168,2865192092075995,0.3461698024806055,0.2197808105831269
2829,0.0.0.0.1.0.0.0.0.0.0.1.0.1.0.1.,3300827,4194304,1668719143026688,1433158094019521,0.3456039033793895,0.21954339514403534
2830,0.0.0.1.0.1.0.1.0.0.0.0.0.0.1.0.,6604283,8388608,3338209769553920,2867457651263009,0.34502948820345725,0.2193024353618107
2831,0.0.0.0.0.1.0.1.0.1.1.0.0.0.0.0.,1651503,2097152,119239887290368,102436012539867,0.34465184035532964,0.21914391646939652
2832,0.0.0.1.1.0.0.0.0.0.1.0.0.0.1.0.,6609185,8388608,667929448284160,573917201817751,0.3439590513711462,0.21885310603820748
2833,0.0.0.0.1.0.0.0.0.1.1.0.1.0.0.0.,3305225,4194304,47714540716032,41001932124505,0.3436829455282398,0.21873709065759186
2834,1.1.0.0.0.0.0.0.0.2.0.0.0.0.0.0.,826397,1048576,417528806375424,358806308062631,0.3435245086460079,0.2186704821695166
2835,0.1.0.0.1.0.0.0.0.0.0.0.0.1.1.0.,6614039,8388608,3341068338724864,2871693526201397,0.3428998782008185,0.21840770246771396
2836,0.0.0.0.0.0.1.0.0.0.2.1.0.0.0.0.,826841,1048576,417658724941824,358999084658843,0.34274959709237185,0.21834441082469186
2837,1.0.0.0.1.0.0.0.0.1.0.0.0.0.1.0.,6616371,8388608,1113916721594368,957568679171011,0.34239129760956033,0.21819350876601998
2838,0.1.1.0.0.0.0.0.0.0.0.0.0.1.1.0.,1654549,2097152,835570920062976,718374604698127,0.34199341251572823,0.21802593373361334
2839,0.0.1.0.0.0.0.1.0.0.1.0.1.0.0.0.,413757,524288,208927727288320,179645644411911,0.3415758057161819,0.21785001156594902
2840,0.0.0.0.0.0.0.0.0.0.1.0.2.0.1.0.,6620781,8388608,1114346352541696,958206926009821,0.34143002053640953,0.2177885631709589
2841,0.1.0.1.1.1.0.0.0.0.0.0.0.0.0.0.,6623263,8388608,3343763934019584,2875698416569549,0.3408892840161434,0.21756061456593423
2842,0.0.0.0.0.0.0.0.0.0.0.1.3.0.0.0.,6623539,8388608,257218804973568,221216788513069,0.3408291662863935,0.21753524203758684
2843,0.0.2.0.0.0.1.0.0.1.0.0.0.0.0.0.,3312075,4194304,334402257158144,287608353558045,0.3406960884838261,0.21747900606701018
2844,0.0.0.0.0.0.0.0.0.0.0.0.1.1.1.1.,1656689,2097152,836195326099456,719303753157347,0.34012863093412676,0.21723884771655405
2845,0.0.1.0.0.0.0.1.0.1.0.0.0.0.0.1.,6628045,8388608,3345156577165312,2877774672612535,0.3398480331471712,0.21712010618918948
2846,0.0.0.1.2.0.0.0.0.0.0.1.0.0.0.0.,3314633,4194304,1672755992854528,1439152404126059,0.33958228835927173,0.21700763342163104
2847,0.0.0.0.1.0.0.0.0.0.0.0.1.1.1.0.,6631863,8388608,3346267497299968,2879432377667349,0.3390172265053247,0.21676833628630363
2848,0.0.0.2.0.0.0.0.0.0.0.0.0.0.2.0.,829123,1048576,418324189020160,359989886894329,0.33877338484703995,0.2166650443939197
2849,0.0.0.0.1.0.0.0.0.0.1.0.1.0.1.0.,3317389,4194304,1673557574680576,1440349008403447,0.3383832369201887,0.21649975340093777
2850,0.0.0.0.2.0.1.0.0.0.0.0.0.1.0.0.,3318035,4194304,1673745345282048,1440629489667305,0.3381023261601954,0.21638070173904808
2851,0.0.0.0.0.0.0.0.0.2.2.0.0.0.0.0.,1659075,2097152,55792625516544,48022647351415,0.33805232456147,0.21635950661089717
2852,0.0.0.0.0.0.1.0.1.0.0.0.0.0.1.1.,3319443,4194304,1674154457694208,1441240817251689,0.3374902519211424,0.21612122135635983
2853,0.1.2.0.0.0.0.0.1.0.0.0.0.0.0.0.,6639797,8388608,3348573257203712,2882877173870831,0.33729229626781265,0.21603715888985855
2854,0.0.0.0.0.0.0.0.0.0.1.0.0.0.1.2.,1660125,2097152,837194283483136,720795600870375,0.33713955651889105,0.21597225445745813
2855,1.0.1.0.0.0.1.0.0.1.0.0.0.0.0.0.,6641817,8388608,1116386327789568,961251406849097,0.3368534574331551,0.2158506515027282
2856,0.0.1.0.0.0.0.1.0.0.0.0.1.0.0.1.,1660861,2097152,837407656116224,721115158471303,0.33650009368015676,0.2157004391581229
2857,0.0.0.0.0.0.0.0.1.0.0.1.0.0.1.1.,415391,524288,209402824491008,180355097020493,0.3358895669541173,0.2154407061764552
2858,0.1.0.0.1.0.1.0.0.0.0.0.1.0.0.0.,207747,262144,104716311461888,90199908858681,0.3355318818593744,0.2152883048107688
2859,1.0.0.0.0.0.0.1.0.0.1.0.0.0.1.0.,6649221,8388608,3351302742474752,2886968900543583,0.33524610138050187,0.2151664529467461
2860,0.1.0.0.0.0.0.0.0.0.1.2.0.0.0.0.,6650029,8388608,3351536348430336,2887319719214167,0.3350707986236588,0.2150917112056784
2861,1.0.0.0.0.0.1.1.0.0.0.0.0.0.1.0.,6651707,8388608,3352021411299328,2888048275809761,0.33470680969898714,0.21493650627956906
2862,0.0.0.0.1.0.1.0.0.0.0.0.1.1.0.0.,6654393,8388608,3352797391093760,2889214487380539,0.3341243582019351,0.21468799436813452
2863,2.0.1.1.0.0.0.0.0.0.0.0.0.0.0.0.,6655133,8388608,3353011065716736,2889535781707559,0.33396393260430557,0.21461950915950392
2864,0.0.0.0.0.0.0.0.1.2.0.0.1.0.0.0.,3328587,4194304,1676800140771328,1445210973098001,0.33352155389390986,0.214430629185874
2865,1.0.1.0.0.0.0.0.0.0.0.0.2.0.0.0.,6657869,8388608,3353800802828288,2890723702354487,0.33337094633607794,0.21436628188319065
2866,0.0.1.0.0.2.0.0.0.0.0.0.0.0.0.1.,3329383,4194304,1677029787303936,1445556581590309,0.33317658830889846,0.21428323468906554
2867,0.2.0.0.0.0.1.0.0.0.1.0.0.0.0.0.,6659513,8388608,3354275061170176,2891437496778299,0.3330147516036193,0.21421408310216525
2868,0.0.0.0.0.0.0.0.0.1.0.1.0.1.1.0.,104103,131072,52424420491264,45199599088869,0.33234788129896553,0.2139290323166203
2869,0.0.1.0.0.0.0.0.0.0.0.1.1.0.0.1.,3332069,4194304,1677804190040064,1446722793161087,0.3320131545440572,0.21378584104093395
2870,0.0.0.1.0.0.0.1.0.1.0.0.0.0.0.1.,416745,524288,7770133233664,6701591807505,0.3311946353340444,0.21343552160817564
2871,1.0.1.0.0.1.1.0.0.0.0.0.0.0.0.0.,6669581,8388608,3357175774707712,2895808836351863,0.33083530018193386,0.21328170787862416
2872,1.0.0.0.1.0.0.0.0.1.0.1.0.0.0.0.,3335439,4194304,559591528071168,482728661631199,0.33055477378116627,0.21316163280601796
2873,0.0.1.0.0.0.1.0.1.0.0.0.0.0.0.1.,834185,1048576,419787195809792,362187713763755,0.3299921551008269,0.21292055516267674
2874,1.0.0.0.0.1.0.0.0.0.0.0.0.0.0.2.,6673821,8388608,1119465181806592,965883255336461,0.3299184384731656,0.21288892881086482
2875,0.0.0.0.0.1.0.0.0.1.0.2.0.0.0.0.,6674479,8388608,3358584523980800,2897935457451517,0.3297762041305641,0.21282787334033926
2876,1.0.0.0.0.1.0.0.0.1.1.0.0.0.0.0.,834445,1048576,419861871198208,362300600959735,0.32954256386290504,0.21272758021139523
2877,0.0.0.0.0.0.0.0.0.0.1.1.1.1.0.0.,6678761,8388608,3359814126141440,2899794622733003,0.32885094248966873,0.21243069615873578
2878,0.0.0.1.0.0.0.0.0.1.2.0.0.0.0.0.,6680411,8388608,3360287914721280,2900511022245953,0.3284945660870636,0.21227774893965837
2879,0.0.0.0.0.0.0.1.0.1.1.0.0.0.1.0.,52203,65536,26255777792000,22665578045169,0.32815490252977453,0.21213197913504442
2880,1.0.1.2.0.0.0.0.0.0.0.0.0.0.0.0.,6684327,8388608,3361412256628736,2902211277090021,0.3276491183211886,0.2119149417164818
2881,0.0.0.0.1.0.0.0.0.2.0.0.0.0.0.1.,3342649,4194304,1680845513424896,1451316433674427,0.3274395601791814,0.21182502487663452
2882,0.0.0.0.1.0.1.0.0.0.0.0.1.0.1.0.,6686845,8388608,305648638099456,263936776924085,0.3271057544102464,0.21168174914386917
2883,0.1.0.1.0.0.0.0.0.0.2.0.0.0.0.0.,6688469,8388608,3362601023045632,2904009656958287,0.32675541695156435,0.21153136052686505
2884,1.0.1.0.1.0.0.0.0.0.0.1.0.0.0.0.,6690245,8388608,3363110110887936,2904780763343135,0.326372386653186,0.21136673345522228
2885,0.2.0.0.0.0.0.1.0.0.0.0.0.0.1.0.,1672709,2097152,840819873415168,726259341155807,0.3262449481047279,0.21131195429780644
2886,0.0.0.0.0.2.0.0.0.2.0.0.0.0.0.0.,6691107,8388608,3363357071507456,2905155027815961,0.3261865155802232,0.2112867987829212
2887,0.1.0.0.1.0.0.0.0.0.0.1.0.1.0.0.,6693917,8388608,3364161169915904,2906375077895591,0.3255807679738752,0.21102592390679825
2888,0.0.1.0.1.1.0.0.0.0.0.0.1.0.0.0.,6695263,8388608,3364546207023104,2906959486225549,0.32529070278219385,0.21090096951414677
2889,0.0.0.0.1.0.1.2.0.0.0.0.0.0.0.0.,418513,524288,210301032595456,181710611735299,0.32508708858388763,0.21081325972183507
2890,0.0.0.0.1.1.0.0.0.0.1.0.1.0.0.0.,837171,1048576,420643538468864,363484179791433,0.3248371887436037,0.21070560916575298
2891,0.0.1.0.0.1.0.0.0.0.0.2.0.0.0.0.,6698195,8388608,3365384799387648,2908232506450985,0.32465905381932597,0.21062885857648714
2892,0.0.0.1.0.0.0.0.0.0.1.0.0.0.2.0.,6699487,8388608,3365754166575104,2908793468978701,0.32438080240260975,0.21050894119888056
2893,0.1.0.0.1.1.1.0.0.0.0.0.0.0.0.0.,3350475,4194304,1683086060290048,1454714338273425,0.3240657883693799,0.2103730676212575
2894,1.0.0.0.1.0.0.0.0.0.0.0.0.2.0.0.,3352077,4194304,62353466982400,53904070261973,0.32337614135149323,0.2100755650553864
2895,0.2.0.0.0.0.0.1.0.0.1.0.0.0.0.0.,1676207,2097152,841819921317888,727778108123261,0.3232311077526148,0.2100129959118732
2896,0.0.0.0.0.1.0.0.0.1.0.0.2.0.0.0.,6705787,8388608,3367553355218944,2911528812573601,0.323024772018337,0.20992390800654265
2897,0.0.0.0.0.0.0.0.3.0.0.0.1.0.0.0.,6708551,8388608,3368341951479808,2912728890303173,0.3224302426200992,0.20966718193457654
2898,0.0.1.0.2.0.0.0.0.0.0.1.0.0.0.0.,419325,524288,70177648017408,60687722377325,0.32229067987485716,0.20960692007109907
2899,0.1.0.0.0.1.0.0.0.0.0.0.0.0.2.0.,6709849,8388608,3368712056864768,2913292457920027,0.3221511306292635,0.20954658112781743
2900,0.0.1.0.0.1.0.0.0.1.0.0.0.0.1.0.,6711209,8388608,3369099409227776,2913882944791307,0.32185874455026364,0.20942007423276793
2901,0.0.0.0.0.0.0.1.0.0.1.0.0.1.1.0.,419635,524288,210621192208384,182197763404105,0.32122451347114334,0.2091453550147845
2902,0.0.1.0.0.0.0.0.1.0.0.1.0.0.0.1.,1679299,2097152,842700725157888,729120597392377,0.320572304979501,0.20886290892734938
2903,0.0.0.0.0.1.0.1.0.1.0.0.0.0.0.1.,1679665,2097152,842804852948992,729279507829795,0.32025790661914044,0.20872676526989453
2904,0.0.1.0.0.0.0.0.0.0.0.1.0.1.1.0.,3360653,4194304,1685985783971840,1459133437814519,0.3196898440023879,0.2084805478899264
2905,1.0.0.0.0.0.1.0.0.0.0.0.1.0.0.1.,6723495,8388608,674518733422592,583843459796577,0.3192200624902018,0.20827690640537075
2906,0.0.0.0.0.0.0.2.0.0.1.0.0.0.0.1.,3361987,4194304,1686364881944576,1459712635966201,0.31911728464778727,0.20823234553242492
2907,0.1.1.0.0.0.0.0.1.0.1.0.0.0.0.0.,210205,262144,21084152528896,18253425408443,0.3185625394723604,0.20799181086496496
2908,0.0.0.0.0.0.1.0.0.2.0.0.0.1.0.0.,841081,1048576,421757155540992,365181829546363,0.3181147801706006,0.20779756298518576
2909,0.0.0.0.0.0.0.1.0.2.0.0.0.0.1.0.,6729499,8388608,3374298836238336,2921824124846977,0.31793232808690247,0.20771840819257326
2910,0.0.1.0.0.0.0.1.0.0.0.1.0.0.1.0.,6730859,8388608,3374684846424064,2922414611718257,0.3176407956830414,0.20759190655703957
2911,0.0.0.0.0.0.1.2.0.0.1.0.0.0.0.0.,6731825,8388608,674991783804928,584566806213895,0.3174337577087577,0.20750203126441794
2912,0.1.0.0.1.0.2.0.0.0.0.0.0.0.0.0.,6732677,8388608,3375200510935040,2923203953727071,0.31725117744303705,0.2074227206932338
2913,0.0.1.1.0.0.0.0.0.0.0.0.0.0.1.1.,3367251,4194304,1687858960138240,1461998167503273,0.3168601648240261,0.20725285247111427
2914,0.1.0.1.1.0.0.0.0.0.0.1.0.0.0.0.,6737633,8388608,3376605334339584,2925355757355059,0.31618958391693913,0.2069614796757096
2915,0.1.0.1.0.0.0.1.0.1.0.0.0.0.0.0.,3370423,4194304,1688757799485440,1463375391294229,0.31550176457854373,0.2066625293819716
2916,2.0.0.1.1.0.0.0.0.0.0.0.0.0.0.0.,6741815,8388608,3377789805789184,2927171504484245,0.31529439134605963,0.20657227796514482
2917,1.1.0.0.0.0.1.0.0.0.0.0.0.0.1.0.,6742889,8388608,3378093674725376,2927637815439947,0.31506458215229594,0.20647224904627304
2918,1.0.1.0.0.0.0.0.0.1.1.0.0.0.0.0.,6744567,8388608,1126189422870528,976122124011847,0.3147056052939319,0.2063159445290551
2919,0.0.1.1.0.0.0.0.0.2.0.0.0.0.0.0.,6745827,8388608,1126308205559808,976304480251507,0.31443611045830205,0.20619860718719005
2920,0.0.0.1.1.0.0.0.0.0.1.0.1.0.0.0.,6748513,8388608,3379684154802176,2930079652325299,0.3138617838990181,0.2059485431868804
2921,0.0.0.0.0.0.0.1.0.1.0.0.0.1.0.1.,3375863,4194304,1690296144363520,1465737338779349,0.3131750732039118,0.20564943803681063
2922,0.0.1.0.0.0.0.2.0.1.0.0.0.0.0.0.,6752577,8388608,3380832806895616,2931844166034771,0.31299324471836587,0.20557024896951967
2923,0.0.0.0.2.0.0.1.0.0.0.0.1.0.0.0.,6753491,8388608,3381091041804288,2932241007946793,0.3127979808903761,0.20548517692441376
2924,1.0.0.0.1.0.0.0.0.0.0.1.0.0.1.0.,3377555,4194304,1690774026584064,1466471973916265,0.31245216813265486,0.20533435550660775
2925,1.0.1.0.0.0.1.0.0.0.1.0.0.0.0.0.,844589,1048576,422750012309504,366704938329047,0.3121100680862905,0.20518510202844056
2926,0.1.0.0.2.0.0.0.0.0.1.0.0.0.0.0.,3378723,4194304,1691103564660736,1466979097935129,0.3119533527125241,0.20511669925778134
2927,0.0.0.0.0.0.1.1.0.1.0.1.0.0.0.0.,6759175,8388608,3382694608109568,2934708895723525,0.3115842634646563,0.2049555312063
2928,0.1.0.0.0.1.0.0.0.0.0.0.1.1.0.0.,6762271,8388608,3383566620688384,2936053121718733,0.3109235968577492,0.20466672379532855
2929,0.2.0.0.0.0.0.0.0.0.1.0.0.0.1.0.,6763015,8388608,3383776000344064,2936376152771845,0.31076487709219247,0.20459727717816228
2930,1.0.1.0.0.0.0.0.0.0.1.0.0.1.0.0.,1691571,2097152,282057982869504,244816291014211,0.3100676982981624,0.20429220532367853
2931,0.0.0.0.2.0.1.0.0.0.0.1.0.0.0.0.,3383501,4194304,1692448828948480,1469053617252023,0.30991461573708595,0.20422516261684637
2932,0.0.2.0.0.0.0.1.0.0.0.0.0.1.0.0.,3384235,4194304,1692655121596416,1469372306489905,0.3096016785409056,0.2040880648541758
2933,1.1.0.0.1.0.0.0.0.0.0.0.0.0.1.0.,6769857,8388608,1128566670491648,979782274250737,0.3093060706672423,0.20395855236278781
2934,0.0.2.0.0.0.1.0.0.0.0.0.0.1.0.0.,6771149,8388608,3386062936211456,2939907785279927,0.3090307643866772,0.20383788519824844
2935,0.0.1.1.0.0.0.0.0.0.0.1.0.0.1.0.,3387033,4194304,188160122290176,163398571821251,0.3084093875389373,0.20356552921258608
2936,0.0.0.0.1.0.1.1.0.0.0.0.1.0.0.0.,6775331,8388608,3387237274222592,2941723532409113,0.30814000149437354,0.20344738409542218
2937,0.1.0.1.0.0.0.0.0.0.0.1.1.0.0.0.,6777703,8388608,3387902994153472,2942753410981669,0.3076350115899833,0.2032259103421219
2938,0.0.0.0.0.0.0.0.0.0.1.0.0.1.2.0.,6778747,8388608,3388195957899264,2943206696491681,0.30741280391383424,0.2031284521262355
2939,0.0.2.0.1.0.0.0.0.1.0.0.0.0.0.0.,847467,1048576,47062130360320,40883834750249,0.3072023341440274,0.20303610647991033
2940,0.0.0.0.0.1.0.0.0.1.1.0.0.0.1.0.,6781507,8388608,3388969991536640,2944405037495161,0.3068255231198552,0.20287071748866178
2941,0.0.0.0.0.0.0.0.0.0.2.0.1.0.0.1.,6782359,8388608,3389208899092480,2944774960152757,0.306644280371445,0.20279117484340475
2942,0.0.0.1.0.0.0.1.0.0.1.0.0.0.1.0.,1696377,2097152,847522878717952,736535549442171,0.30597460299837925,0.2024971543485677
2943,0.0.0.0.0.0.2.1.0.0.0.0.0.1.0.0.,3393579,4194304,1695276611928064,1473429298640817,0.30562383229066514,0.2023428561854884
2944,0.0.1.0.0.0.1.1.0.0.0.1.0.0.0.0.,6788929,8388608,3391048755707904,2947627532758867,0.3052474332690756,0.20217729270057205
2945,0.0.0.0.0.0.0.0.0.0.0.1.1.1.0.1.,6791411,8388608,3391742795579392,2948705171298953,0.30472008724808414,0.20194519027558316
2946,1.1.0.1.1.0.0.0.0.0.0.0.0.0.0.0.,6793785,8388608,3392406569353216,2949735918234555,0.30421586808747236,0.20172328304040574
2947,1.0.0.0.0.0.0.0.2.0.0.1.0.0.0.0.,6796997,8388608,3393304385290240,2951130509286431,0.3035339446252887,0.20142312491311232
2948,0.0.0.0.0.3.0.0.0.0.0.0.0.0.1.0.,6797289,8388608,3393385989668864,2951257290291147,0.30347196756345485,0.20139584229757163
2949,0.0.0.0.0.0.0.1.0.0.2.0.0.0.1.0.,1699513,2097152,848399781855232,737897142698299,0.30331003321883576,0.20132452043337654
2950,0.0.1.0.0.0.0.0.0.1.1.1.0.0.0.0.,6799489,8388608,3394000438427648,2952212489641747,0.3030051026756625,0.20119018610593667
2951,0.0.2.0.0.1.0.0.0.0.0.0.1.0.0.0.,6799975,8388608,3394136132550656,2952423501861925,0.30290198834848453,0.2011447504174604
2952,0.0.0.0.0.0.0.1.0.2.0.0.0.1.0.0.,6801787,8388608,3394641999167488,2953210238781601,0.3025176023506182,0.20097536960805212
2953,1.0.0.1.0.0.0.0.0.0.0.1.1.0.0.0.,850517,1048576,424412189818880,369278766397391,0.3020194530248108,0.20075578375525585
2954,0.0.1.0.0.1.0.2.0.0.0.0.0.0.0.0.,6804829,8388608,3395490792079360,2954531018974567,0.30187252228258316,0.20069097448351536
2955,0.0.0.0.0.0.1.0.0.0.2.0.0.1.0.0.,6807001,8388608,3396095308726272,2955474061242523,0.301412109001576,0.20048738874116945
2956,1.0.0.0.1.0.0.1.0.0.0.0.0.0.1.0.,6808597,8388608,3396538764099584,2956167014953231,0.3010738878972507,0.20033753958857364
2957,0.0.0.3.0.0.0.0.0.0.0.0.0.0.1.0.,6810053,8388608,3396943095005184,2956799183250719,0.30076540445909233,0.2002007872906977
2958,1.1.0.0.1.0.0.0.0.0.1.0.0.0.0.0.,3406121,4194304,1698775416438784,1478874803302283,0.30030174404479526,0.19999521244577292
2959,0.0.0.0.0.0.2.0.0.1.0.0.0.0.0.1.,6812907,8388608,3397735281590272,2958038337317361,0.3001609173715673,0.19993270572514135
2960,1.0.0.1.1.0.0.0.0.0.1.0.0.0.0.0.,6816009,8388608,3398595617226752,2959385168401707,0.299504190146289,0.19964123498350353
2961,0.0.1.1.0.1.0.0.0.1.0.0.0.0.0.0.,3409655,4194304,1699755491065856,1480409200804565,0.29880566062556235,0.19933122317654597
2962,0.0.1.1.1.0.0.1.0.0.0.0.0.0.0.0.,6822197,8388608,3400311188226048,2962071883666031,0.29819501538743304,0.19906013192685756
2963,0.0.1.0.0.1.0.0.0.0.0.0.2.0.0.0.,6823013,8388608,3400537345097728,2962426175788799,0.29802246558354306,0.19898353350190415
2964,0.1.0.0.0.1.0.0.0.0.1.0.0.0.0.1.,6824737,8388608,3401014891773952,2963174704734451,0.2976579796772622,0.19882163494589863
2965,0.0.1.0.0.0.0.0.0.1.0.0.1.0.0.1.,6826301,8388608,3401447878164480,2963853764636423,0.29732740041232675,0.1986747148468733
2966,0.0.1.0.0.0.0.0.0.0.0.0.0.1.1.1.,6828135,8388608,3401955489611776,2964650053549605,0.29693984830531894,0.19850244573265113
2967,1.2.0.0.0.1.0.0.0.0.0.0.0.0.0.0.,6828597,8388608,1134027754962944,988283548471077,0.2968422370892323,0.19845902020398634
2968,0.0.0.1.0.0.0.1.0.0.1.0.0.0.0.1.,6832209,8388608,3403082113220608,2966418909074307,0.29607932242532065,0.1981196172301321
2969,0.0.1.0.1.0.1.0.0.0.0.0.0.0.1.0.,6833431,8388608,3403419939241984,2966949478895413,0.2958213069434749,0.19800481185014673
2970,0.0.1.0.0.0.0.1.0.0.1.0.0.0.1.0.,427155,524288,212731857207296,185462808457065,0.2955998558232761,0.1979061903299352
2971,0.0.1.0.1.0.0.0.0.0.0.0.0.0.2.0.,6835065,8388608,3403871313461248,2967658931503995,0.2954763730593018,0.19785120086505287
2972,0.0.0.0.0.0.2.0.0.0.0.0.1.0.0.1.,3417863,4194304,1702026857676800,1483972962745349,0.2953368608068256,0.19778899566413607
2973,0.0.0.0.1.0.0.0.0.0.1.0.0.0.0.2.,3418311,4194304,567383445995520,494722492022551,0.2951477704240344,0.19770456753620239
2974,0.0.0.0.0.3.0.0.0.0.0.0.0.0.0.1.,3418465,4194304,1702192750788608,1484234340022195,0.295082776328474,0.1976755208981058
2975,0.1.0.0.0.0.0.0.0.0.0.3.0.0.0.0.,3418619,4194304,1702235163590656,1484301203976737,0.2950177851607966,0.19764647629221604
2976,0.1.0.0.0.0.0.0.0.0.0.1.0.0.1.1.,854809,1048576,425601270808576,371142273494107,0.29475742782866704,0.19753012373572915
2977,0.0.0.0.0.0.1.0.0.0.0.1.0.1.1.0.,6841877,8388608,3405747744407552,2970616576038671,0.29403926241992384,0.19720917660754608
2978,0.0.1.0.0.0.1.0.0.0.0.0.0.0.0.2.,6842621,8388608,3405952560660480,2970939607091783,0.29388238927609656,0.19713906224030858
2979,0.0.0.0.0.1.0.1.0.0.0.0.0.0.2.0.,1710861,2097152,851544780046336,742824234621303,0.29370887877178686,0.1970615147380138
2980,0.0.0.0.1.0.0.0.0.0.1.0.1.0.0.1.,1711273,2097152,851658194026496,743003117408779,0.29336149882715695,0.19690626901282446
2981,1.1.0.0.0.0.0.1.0.0.1.0.0.0.0.0.,6846363,8388608,1135660849168384,990854771450283,0.29309364337976485,0.19678653271789456
2982,0.0.2.0.1.0.0.0.0.0.0.0.0.0.0.1.,6846999,8388608,3407157567422464,2972840453799477,0.2929596289504866,0.19672662899446014
2983,0.2.0.0.1.0.0.0.1.0.0.0.0.0.0.0.,1712199,2097152,851912872165376,743405169499077,0.2925810422377978,0.19655716852948762
2984,1.0.0.0.0.0.0.0.0.0.0.2.1.0.0.0.,3424765,4194304,1703926608953344,1486969683617095,0.29242643383367223,0.1964879635677317
2985,0.0.0.0.0.0.2.1.0.0.0.0.0.0.1.0.,856259,1048576,426000241393664,371771836702457,0.29231227858849507,0.19643676384405281
2986,0.0.0.0.0.0.1.1.0.0.1.1.0.0.0.0.,6851447,8388608,3408378814529536,2974771693213781,0.2920227186224969,0.19630673950391905
2987,0.1.0.0.1.1.0.0.0.0.0.0.0.1.0.0.,214185,262144,106533016567808,92995169503755,0.2915020780771048,0.19607293321428676
2988,0.0.0.0.0.1.1.0.0.0.0.0.0.0.1.1.,6855557,8388608,3409504767049728,2976556179273311,0.2911575438847123,0.1959180780748434
2989,0.0.0.0.0.1.0.1.0.0.0.0.0.1.0.1.,6858703,8388608,3410364565815296,2977922114344669,0.29049564616974266,0.1956199490367432
2990,0.1.0.0.0.0.0.2.0.0.0.0.0.1.0.0.,6860681,8388608,3410904943165440,2978780925397163,0.2900796434088824,0.19543252534723193
2991,0.0.1.0.0.0.0.2.1.0.0.0.0.0.0.0.,6862215,8388608,227421580165120,198629797323563,0.28975710300604884,0.19528709480510933
2992,1.0.0.0.0.0.0.1.1.1.0.0.0.0.0.0.,6864457,8388608,3411935735316480,2980420394828011,0.2892858274761264,0.1950746330439101
2993,0.0.1.1.0.1.0.0.0.0.0.0.0.0.1.0.,6867103,8388608,3412657558257664,2981569239137869,0.28872982784819773,0.19482381508373287
2994,0.0.1.0.0.0.0.0.0.1.0.1.0.0.0.1.,6868695,8388608,3413091786162176,2982260456122485,0.28839540672240954,0.1946729513708206
2995,0.1.0.0.0.1.0.0.0.0.1.0.1.0.0.0.,53673,65536,26667866587136,23303824883979,0.2880910920533172,0.19453564925739716
2996,0.0.0.0.1.0.0.0.0.0.0.1.1.1.0.0.,6872803,8388608,3414211967320064,2984044073818969,0.2875328237049648,0.19428378505614374
2997,0.0.0.0.1.0.0.0.0.0.0.1.0.0.0.2.,3436751,4194304,1707201278246912,1492173783351773,0.2873861015371603,0.19421759519981838
2998,0.0.0.1.0.0.0.0.0.0.2.1.0.0.0.0.,3437629,4194304,1707440521347072,1492554994728967,0.28701757775675013,0.19405123308378758
2999,0.0.0.0.1.0.2.1.0.0.0.0.0.0.0.0.,6876135,8388608,3415119681814528,2985490766653605,0.28683356097349405,0.193968031363243
3000,0.0.0.0.0.0.1.0.0.0.0.0.2.0.0.1.,6876869,8388608,3415319397793792,2985809455891487,0.28667956724804794,0.19389840388412294
3001,0.0.0.0.1.0.0.0.0.1.0.0.0.0.1.1.,6878409,8388608,1138579430440960,995492698478969,0.28635652755779206,0.19375230183525047
3002,0.0.0.0.0.2.1.0.0.1.0.0.0.0.0.0.,1719743,2097152,853972824883200,746680634908589,0.28623844733475046,0.19369884577918614
3003,0.0.0.0.2.0.0.0.0.0.1.0.0.1.0.0.,3440215,4194304,1708143755132928,1493677788147445,0.28593270012604344,0.19356042769820875
3004,0.0.2.0.0.1.0.0.0.0.0.0.0.0.0.1.,6881143,8388608,3416481253556224,2987665147720789,0.285783205360427,0.19349274822415427
3005,0.0.0.1.0.0.1.0.0.0.2.0.0.0.0.0.,6883375,8388608,3417087649251328,2988634240880125,0.285315321870502,0.19328090782880628
3006,0.0.0.0.0.0.0.1.0.2.0.1.0.0.0.0.,215135,262144,106792008548352,93407641950605,0.2851172717516141,0.19319120046714364
3007,0.0.0.1.0.1.0.0.0.0.0.0.2.0.0.0.,6885603,8388608,1139230721966080,996533865771123,0.2848484281650789,0.19306921859068005
3008,0.1.1.0.0.1.0.0.0.1.0.0.0.0.0.0.,1721845,2097152,854543434776576,747593284469935,0.28447615309556273,0.19290021353549808
3009,0.0.1.0.0.0.0.0.0.0.2.0.0.0.1.0.,1722005,2097152,170917357420544,149532550702723,0.2843420989371596,0.192839347698443
3010,0.0.0.0.0.0.0.0.0.1.0.3.0.0.0.0.,3444117,4194304,1709202565234688,1495371964450191,0.2842972773566668,0.1928189969265573
3011,1.0.0.0.0.0.0.2.0.0.0.0.1.0.0.0.,3444493,4194304,1709304436490240,1495535216702839,0.2841397845283856,0.19274748850910992
3012,0.0.0.0.0.0.3.0.0.1.0.0.0.0.0.0.,6889217,8388608,3418671418441728,2991170729337491,0.28409140919896475,0.19272550789306303
3013,0.1.0.0.0.0.0.0.0.0.0.0.2.0.0.1.,1722483,2097152,854716240101376,747870292281609,0.28394168631620015,0.1926574582960984
3014,0.0.0.0.0.0.0.0.0.2.1.0.1.0.0.0.,6890877,8388608,3419120745840640,2991891470665671,0.2837438246644238,0.19256752912468314
3015,1.0.0.0.0.1.0.0.0.0.0.0.1.0.1.0.,6892653,8388608,1139867081768960,997554192350173,0.2833720437916288,0.19239848034105106
3016,0.1.0.0.0.0.0.0.0.0.0.0.1.0.2.0.,6893289,8388608,3419773312434176,2992938716499147,0.28323892934117534,0.19233795743802845
3017,1.0.0.0.0.0.0.0.0.0.0.1.0.0.0.2.,6893751,8388608,179994638680064,157533647808567,0.2831422406960216,0.192293926521963
3018,0.1.1.0.0.0.0.0.0.1.1.0.0.0.0.0.,6895261,8388608,3420305619943424,2993794922462503,0.28282626888883916,0.1921498433434059
3019,0.0.0.0.0.0.1.0.0.0.0.1.1.0.0.1.,3448321,4194304,1710339104178176,1497197263572883,0.28253735127418855,0.19201807606550433
3020,0.0.0.0.1.0.0.1.0.0.1.1.0.0.0.0.,3449015,4194304,1710526337908736,1497498585549845,0.2822470274849007,0.19188567791194144
3021,1.0.0.0.0.0.0.0.0.0.0.0.2.0.1.0.,3449443,4194304,1710641765154816,1497684415241689,0.2820680096585132,0.19180401064568406
3022,0.0.0.0.0.2.0.1.0.0.0.0.0.0.1.0.,6899633,8388608,3421484856901632,2995693164081059,0.28191180547506467,0.19173269984442404
3023,0.1.2.0.0.0.1.0.0.0.0.0.0.0.0.0.,6900433,8388608,3421700410572800,2996040509299459,0.2817445372846076,0.19165631863141594
3024,0.0.1.0.0.0.0.0.0.0.0.0.0.1.0.2.,6901457,8388608,3421976228003840,2996485111179011,0.2815304622956632,0.19155853214094465
3025,0.0.1.0.0.0.1.1.0.0.0.0.0.0.0.1.,6902723,8388608,3422317141032960,2997034784987129,0.281265839271784,0.1914376298813209
3026,0.1.0.0.0.0.1.0.0.0.0.1.0.0.0.1.,6904447,8388608,3422781366599680,2997783313932781,0.2809055617835778,0.19127303574909274
3027,0.1.0.0.0.1.1.0.0.0.0.0.0.0.1.0.,863247,1048576,427899134935040,374805897185181,0.28058611020319796,0.19112710983304718
3028,0.0.0.0.0.0.0.0.0.1.0.0.2.0.1.0.,6906647,8388608,3423373736542208,2998738513283381,0.28044594155120506,0.19106307657981736
3029,1.0.0.0.0.0.0.0.0.0.0.0.0.0.2.1.,6906829,8388608,3423422726012928,2998817534320567,0.2804079249799297,0.1910457052451431
3030,0.0.0.0.0.1.0.0.0.0.0.0.1.1.0.1.,863745,1048576,28535545659392,25001474638909,0.2797540714325762,0.19074696008127273
3031,0.0.2.0.0.0.0.0.0.1.0.1.0.0.0.0.,6910783,8388608,3424486971932672,3000534288062509,0.27958225172359885,0.19066845563654894
3032,0.0.2.0.0.0.0.1.0.0.0.0.1.0.0.0.,3455751,4194304,570780018540544,500141077429591,0.2794321610930939,0.19059972997269814
3033,1.0.0.0.0.0.0.0.0.0.0.1.1.1.0.0.,6914181,8388608,3425399518265344,3002009636877663,0.2788730595915024,0.19034365704977613
3034,0.0.0.1.2.0.0.0.0.0.1.0.0.0.0.0.,3457759,4194304,1712879208235008,1501295068786957,0.278594111615024,0.19021586035764118
3035,0.1.0.0.0.0.0.0.0.0.0.2.0.0.1.0.,6916415,8388608,3425999203074048,3002979598400045,0.2784069942463248,0.19013014226748695
3036,2.0.1.0.0.0.0.0.0.0.0.0.0.0.1.0.,6916823,8388608,3426108724740096,3003156744461429,0.27832189203426816,0.19009115910847338
3037,0.0.1.1.1.0.0.0.0.0.0.0.1.0.0.0.,1729855,2097152,856701165109248,751071078469165,0.27778031740809445,0.18984260525338179
3038,1.0.0.0.0.1.0.0.0.0.0.0.1.1.0.0.,6922207,8388608,3427551447875584,3005494377781261,0.27719934652464356,0.1895759998687444
3039,0.1.1.0.0.0.0.0.0.0.0.0.1.1.0.0.,6925203,8388608,1142784555745280,1002265061874723,0.27657506885684185,0.18928934586363821
3040,0.0.0.0.0.1.1.0.0.1.1.0.0.0.0.0.,3463289,4194304,1714360577687552,1503696092609147,0.27628864999305275,0.18915756241810672
3041,0.0.0.0.0.0.0.1.1.1.0.0.0.0.1.0.,6929867,8388608,3429600147275776,3008820208247441,0.2756037666656774,0.18884248307251156
3042,1.0.0.0.0.0.1.0.0.2.0.0.0.0.0.0.,6930317,8388608,3429720406360064,3009015589932791,0.2755100864131456,0.18879939009992563
3043,1.0.0.1.0.0.0.0.0.0.0.0.0.1.1.0.,866957,1048576,61270479863808,53773815805073,0.27439908623970494,0.18828830110076167
3044,0.1.0.0.0.0.0.0.0.0.1.0.1.0.1.0.,433571,524288,214471375585280,188248517108633,0.2740912623108785,0.18814661093908552
3045,0.0.0.0.0.1.0.0.0.0.1.0.2.0.0.0.,3468927,4194304,1715866836140032,1506144008035821,0.2739419497650269,0.1880778754094382
3046,0.0.2.1.0.1.0.0.0.0.0.0.0.0.0.0.,3469421,4194304,1715998637948928,1506358493708183,0.27373651430649887,0.18798325421073706
3047,0.0.0.0.1.0.0.0.0.3.0.0.0.0.0.0.,6939153,8388608,1144026740817920,1004284005956673,0.27367185393476773,0.1879534613313662
3048,0.0.0.0.0.0.1.0.0.2.0.0.0.0.0.1.,867471,1048576,429030529564672,376639879938333,0.27354399710054733,0.18789454712294226
3049,1.0.0.0.0.0.0.2.0.0.0.1.0.0.0.0.,1735091,2097152,858100787576832,753344452923593,0.2734201011253652,0.187837446752491
3050,0.0.1.0.0.0.1.0.0.0.0.1.0.0.1.0.,6941773,8388608,3432778825728000,3013989573460279,0.2731272417018351,0.18770248119654365
3051,0.0.0.0.0.1.2.0.0.0.1.0.0.0.0.0.,3471231,4194304,572160405929984,502381454088271,0.27298405529163844,0.18763645849315785
3052,0.0.1.1.0.0.0.0.0.0.1.1.0.0.0.0.,6945337,8388608,3433728550371328,3015536996408251,0.2723867326630769,0.18736105802978095
3053,0.0.1.0.2.0.1.0.0.0.0.0.0.0.0.0.,3473003,4194304,1716953328648192,1507913731923569,0.272247773746995,0.18729692952323987
3054,0.1.0.0.0.0.1.0.0.2.0.0.0.0.0.0.,6946485,8388608,3434034164137984,3016035436796655,0.27214828821558673,0.1872510127376494
3055,0.0.0.0.0.0.0.1.0.0.0.1.0.0.1.1.,3474131,4194304,1717253573705728,1508403488681513,0.27177927550860664,0.18708069451125517
3056,0.1.0.0.0.0.0.0.0.0.0.1.1.0.1.0.,54297,65536,8945243979776,7858251384777,0.2714151315311796,0.18691251181479576
3057,0.0.0.0.0.3.0.0.0.1.0.0.0.0.0.0.,3475113,4194304,1717514761404416,1508829854937099,0.27137154006584974,0.18689237077933335
3058,1.1.1.0.0.0.1.0.0.0.0.0.0.0.0.0.,6951427,8388608,490764060590080,431168737411903,0.2711222637030433,0.18677702514327124
3059,0.0.0.0.1.1.0.0.0.0.0.0.2.0.0.0.,6951927,8388608,1145160343748608,1006132750881607,0.2710184977310692,0.1867289472447223
3060,0.0.0.0.0.0.0.0.0.0.0.0.2.0.2.0.,3476087,4194304,1717773264748544,1509252747740501,0.2709672400949031,0.18670519466553734
3061,0.0.0.0.0.1.1.1.0.0.0.0.0.0.1.0.,6953611,8388608,3435926902538240,3019129414329553,0.2706690688257317,0.18656674526858044
3062,0.0.0.0.2.0.0.0.0.1.0.0.1.0.0.0.,6954613,8388608,3436192116768768,3019564464215599,0.27046119463079904,0.18647022632063076
3063,0.0.0.0.1.0.0.0.0.1.0.1.0.0.1.0.,3478205,4194304,1718333757980672,1510172344206215,0.2700884653206832,0.18629708090872205
3064,0.0.1.0.1.1.0.0.0.0.0.1.0.0.0.0.,1739447,2097152,859257979273216,755235747637781,0.2698027091782387,0.18616429034498833
3065,0.1.0.1.0.0.0.0.0.1.0.1.0.0.0.0.,3480467,4194304,1718931731513344,1511154462811241,0.2691505345495726,0.18586111512199152
3066,0.1.0.1.0.0.0.1.0.0.1.0.0.0.0.0.,3482067,4194304,1719354517356544,1511849153248041,0.26848746788273686,0.18555284790945803
3067,0.2.0.0.1.0.0.0.0.0.0.0.1.0.0.0.,6964731,8388608,127365434834944,111998426402419,0.2683637982312702,0.1854953415186844
3068,0.0.1.0.0.1.0.0.0.0.0.1.0.0.1.0.,6966393,8388608,1146435210838016,1008226374185513,0.2680195676911741,0.18533522595446547
3069,0.0.1.0.0.0.1.0.0.1.0.0.0.0.1.0.,3483721,4194304,1719791261843456,1512567289487083,0.26780234291411137,0.18523414480791442
3070,0.1.0.0.0.0.0.0.0.0.0.1.0.0.2.0.,6968155,8388608,3439770696941568,3025444150400065,0.26765471499906024,0.18516544193499462
3071,0.0.0.0.0.0.0.0.0.1.1.0.1.0.1.0.,1742469,2097152,286685407477760,252182614733429,0.2672984411210659,0.18499965122829792
3072,0.0.1.0.1.0.0.0.0.1.0.0.0.0.1.0.,3485663,4194304,1720303772237824,1513410470004749,0.2669983367517536,0.18486000828724022
3073,0.0.0.0.0.0.0.0.0.1.0.1.0.0.1.1.,6973071,8388608,3441067978391552,3027578586767133,0.26663725941588995,0.18469198443839907
3074,0.0.1.0.0.1.1.0.0.0.0.0.0.0.0.1.,6974595,8388608,3441470077927424,3028240279408185,0.26632198555558034,0.18454528414855415
3075,0.0.0.0.0.1.0.2.0.1.0.0.0.0.0.0.,1743885,2097152,95603310723072,84129182804095,0.2661265255380643,0.18445424869687835
3076,0.0.0.0.0.2.0.0.0.1.0.0.1.0.0.0.,6976273,8388608,3441912325341184,3028968836003779,0.26597493298648056,0.18438361374019344
3077,0.2.0.1.1.0.0.0.0.0.0.0.0.0.0.0.,6977411,8388608,3442212167745536,3029462934576953,0.2657396134880353,0.1842739692351375
3078,0.0.0.0.0.0.0.0.0.1.0.2.0.0.1.0.,6978159,8388608,83961199984640,73897261033077,0.26558496041523094,0.18420189341176454
3079,0.0.0.1.0.0.0.0.0.1.1.0.0.0.1.0.,6981481,8388608,3443284030521344,3031230053375563,0.2648983190668433,0.18388184247859451
3080,0.0.0.0.0.2.0.0.0.1.1.0.0.0.0.0.,3491051,4194304,1721723753857024,1515749840050673,0.2647699976151095,0.1838220143996449
3081,1.1.0.0.0.0.1.0.0.0.0.0.1.0.0.0.,6984043,8388608,3443958340386816,3032342426437489,0.26436898916325763,0.18363501272518692
3082,1.0.0.2.0.0.0.0.0.0.0.0.1.0.0.0.,6987247,8388608,3444799617105920,3033733544037181,0.26370729006574545,0.18332568651236306
3083,0.1.0.0.0.0.0.0.0.0.0.0.0.1.0.2.,6988401,8388608,3445102412300288,3034234589514723,0.26346903705866204,0.1832142396989632
3084,1.0.0.0.0.0.0.0.1.0.0.1.0.0.0.1.,6990383,8388608,3445622103343104,3035095137293309,0.263059928284937,0.1830227439469125
3085,0.0.0.0.0.0.0.0.0.2.0.0.1.0.1.0.,3495605,4194304,1722919432486912,1517727102706415,0.2628892597781071,0.1829428315021819
3086,0.1.1.0.0.0.0.0.0.0.0.0.0.0.0.2.,3495765,4194304,1722961308418048,1517796571750095,0.26282322659531676,0.1829118629096823
3087,0.0.0.0.0.0.0.0.0.0.3.1.0.0.0.0.,873971,1048576,61535444533248,54208865691119,0.26277411637542947,0.1828888258070372
3088,0.0.0.0.0.1.0.0.1.0.0.0.0.0.1.1.,3497213,4194304,1723340137955328,1518425266595399,0.2622257636978035,0.18263157220704618
3089,1.0.0.1.0.0.0.0.0.1.1.0.0.0.0.0.,1749437,2097152,861887166152704,759573221052551,0.26154071889834873,0.1823099676381724
3090,0.1.0.0.1.2.0.0.0.0.0.0.0.0.0.0.,6998421,8388608,3447724489834496,3038585088375183,0.2614019761090517,0.18224480052097408
3091,0.0.0.0.0.0.0.0.0.0.1.0.0.0.2.1.,6999221,8388608,3447933332619264,3038932433593583,0.26123706890054216,0.18216728060973497
3092,0.0.0.1.1.0.1.0.0.0.0.0.1.0.0.0.,875275,1048576,431088802463744,380028232543825,0.2606231614133436,0.18187848769625622
3093,0.0.1.1.0.0.0.0.0.1.0.0.1.0.0.0.,7005251,8388608,3449505793966080,3041550548177273,0.25999468694795214,0.1815827028609108
3094,1.0.1.0.1.1.0.0.0.0.0.0.0.0.0.0.,3503539,4194304,1724990999232512,1521171898909897,0.25961847484864436,0.18140564115967175
3095,0.0.1.0.0.2.0.1.0.0.0.0.0.0.0.0.,3503913,4194304,1725088441303040,1521334282799499,0.2594644765206345,0.18133313613892324
3096,1.0.1.0.0.0.0.0.0.1.0.0.1.0.0.0.,3504711,4194304,1725296344563712,1521680759654853,0.25913594679850804,0.1811784658685007
3097,0.0.0.0.0.0.0.0.0.3.0.0.0.1.0.0.,7010005,8388608,3450744355160064,3043614647137615,0.2590159574138744,0.1811218867569177
3098,0.0.1.0.0.0.0.0.0.1.1.0.1.0.0.0.,7011729,8388608,1150397502717952,1014787725361089,0.2586611929798856,0.1809544749792675
3099,0.0.0.0.0.1.0.0.0.2.1.0.0.0.0.0.,7012517,8388608,3451397324406784,3044705311123391,0.25849906751611135,0.18087796589996552
3100,0.0.0.0.0.0.0.1.0.0.1.0.0.0.2.0.,876641,1048576,431444512997376,380621324504243,0.2583733710977947,0.1808186383203957
3101,0.0.0.0.0.0.2.0.0.0.1.0.0.1.0.0.,109615,131072,53939623821312,47592807643645,0.2579142916362824,0.18060189420091052
3102,0.0.1.0.0.0.0.0.0.0.0.0.1.1.1.0.,877221,1048576,47955011698688,42319238865287,0.25741917612211374,0.1803679167629868
3103,1.0.0.0.0.0.1.0.0.1.0.0.0.0.0.1.,7019039,8388608,3453090615263232,3047537043016397,0.2571579108070059,0.1802444365751649
3104,0.0.1.0.0.0.0.0.0.1.0.2.0.0.0.0.,3509893,4194304,1726642212831232,1523930688307039,0.2570043804087623,0.18017187754041125
3105,0.0.0.0.0.2.0.0.0.1.0.1.0.0.0.0.,877555,1048576,431681759608832,381018166416265,0.2568699776495156,0.1801083490314922
3106,0.0.1.0.0.0.1.1.0.0.1.0.0.0.0.0.,7022191,8388608,3453908269662208,3048905583176893,0.25651019335700104,0.17993829322173294
3107,1.0.0.0.2.0.0.0.0.0.0.0.0.0.1.0.,3511443,4194304,132849558618112,117277205359053,0.25636741406796815,0.17987080410707598
3108,0.0.1.0.1.0.0.0.0.1.1.0.0.0.0.0.,3512269,4194304,1727258406420480,1524962303605687,0.2560280874813234,0.17971035301129404
3109,0.0.0.0.0.0.0.1.0.1.0.0.0.0.1.1.,1756445,2097152,863709666738176,762615965165735,0.25577302887760334,0.1795897026986501
3110,0.0.1.1.0.0.0.0.0.1.1.0.0.0.0.0.,7028671,8388608,3455587601874944,3051719079445933,0.25517950424657565,0.1793088895156467
3111,0.0.0.0.0.1.1.0.0.1.0.0.1.0.0.0.,7030059,8388608,3455947171168256,3052321723399857,0.2548946334619087,0.17917412977109437
3112,0.0.0.0.1.0.0.0.0.1.0.0.2.0.0.0.,7030973,8388608,3456183931240448,3052718565311879,0.25470707635098977,0.17908540544476959
3113,0.0.1.0.0.0.0.1.1.1.0.0.0.0.0.0.,3517131,4194304,1728517872025600,1527073294170513,0.2540323597072976,0.17876621232897827
3114,0.2.0.0.0.0.1.0.0.0.0.0.1.0.0.0.,3517579,4194304,1728633836142592,1527267807492817,0.2538486058982018,0.17867924389159354
3115,0.0.0.1.0.0.0.3.0.0.0.0.0.0.0.0.,7035741,8388608,1152472844337152,1018262914271181,0.25372905544029295,0.17862264524819355
3116,0.0.0.1.1.0.0.0.0.0.0.0.0.0.1.1.,7038737,8388608,3458193774608384,3056089550656451,0.2531148494416352,0.1783318920870616
3117,0.0.0.0.0.0.0.0.0.0.0.2.1.0.0.1.,3519705,4194304,82342085394432,72770994162415,0.25297691456096405,0.17826646654635472
3118,0.0.0.1.0.1.1.0.0.0.0.0.0.0.1.0.,7041855,8388608,691799735664640,611488665729033,0.25247590994093555,0.17802870458716322
3119,0.1.1.0.0.0.0.2.0.0.0.0.0.0.0.0.,7042707,8388608,3459218526961664,3057813251302761,0.25230136760495997,0.1779458548162382
3120,0.0.1.0.0.0.0.0.1.0.0.1.1.0.0.0.,1761493,2097152,865015219355648,764807713493839,0.25163268895981106,0.17762844247142243
3121,0.0.0.0.1.1.0.0.0.0.0.0.0.1.0.1.,881043,1048576,432584080228352,382532591568489,0.25114709282739905,0.17739790296617597
3122,0.1.0.0.1.1.0.0.0.0.0.0.0.0.1.0.,3524945,4194304,1730535634239488,1530465988591235,0.2508306834753973,0.177247664654977
3123,0.0.0.0.0.2.0.1.0.0.0.1.0.0.0.0.,1762637,2097152,865310229921792,765304417156151,0.2506960361208124,0.17718373209918642
3124,0.1.0.0.0.0.0.0.0.0.2.0.1.0.0.0.,1762833,2097152,865360695787520,765389516734659,0.25053562163519455,0.17710745475733045
3125,0.0.1.1.1.0.0.0.0.0.0.0.0.0.0.1.,7054281,8388608,3462201817956352,3062838468249963,0.24993238549968347,0.1768205421243523
3126,0.0.0.0.0.1.0.0.0.0.0.0.2.0.0.1.,1763709,2097152,865586156404736,765769859748807,0.24981888502362867,0.17676654819022924
3127,0.0.0.0.3.1.0.0.0.0.0.0.0.0.0.0.,881889,1048576,432801953349632,382899909136947,0.2497624448678838,0.1767396926103627
3128,0.0.0.1.0.0.0.1.0.0.2.0.0.0.0.0.,7057251,8388608,50187892424704,44407651990917,0.24932510851023867,0.1765310709667724
3129,1.0.0.0.0.1.0.0.0.0.1.0.0.0.1.0.,7059055,8388608,3463427225812992,3064911250840765,0.2489563687184076,0.17635506087569522
3130,0.0.1.0.0.0.0.0.0.0.1.0.0.0.2.0.,3529957,4194304,1731823671443456,1532642106384511,0.24878082119200495,0.17627120048443662
3131,0.0.1.0.1.1.0.0.0.0.0.0.0.0.0.1.,1765417,2097152,866024175960064,766511441790091,0.2484224354084954,0.17609997254495105
3132,0.0.1.0.0.0.1.0.0.0.0.1.0.0.0.1.,3531651,4194304,1732257614135296,1533377609884473,0.24808864868791078,0.17594047848984873
3133,0.1.0.0.0.1.0.0.0.0.0.0.1.0.1.0.,7064937,8388608,3464933987581952,3067465106559051,0.2477547349705135,0.17578093418154647
3134,0.0.0.1.2.0.1.0.0.0.0.0.0.0.0.0.,7066401,8388608,3465308689924096,3068100748308723,0.24745580990801513,0.17563801554955943
3135,0.0.0.0.0.0.0.1.0.0.1.0.1.0.1.0.,7068137,8388608,3465752950603776,3068854487432651,0.24710142710419425,0.17546857776961944
3136,2.0.0.0.0.0.0.0.0.0.0.0.1.0.1.0.,1767157,2097152,866469644599296,767266917640111,0.2470012113525196,0.17542065637139084
3137,0.0.0.0.0.0.0.0.0.1.1.0.0.1.1.0.,883965,1048576,433333707210752,383801269978695,0.2463702773560542,0.175118976823084
3138,0.0.1.0.0.0.0.0.0.0.1.0.1.1.0.0.,7073831,8388608,3467209615605760,3071326717024613,0.24593967846967285,0.17491307022913366
3139,1.0.0.0.0.0.0.0.0.0.0.0.0.1.1.1.,7075515,8388608,693528040570880,614411575741869,0.24559627058914915,0.1747488172273291
3140,0.0.0.0.1.0.0.0.0.1.1.0.0.0.1.0.,7077387,8388608,3468118823272448,3072870666520401,0.24521462092715135,0.1745662815489865
3141,0.0.0.1.0.0.1.0.0.0.0.0.2.0.0.0.,7078845,8388608,3468491411685376,3073503703180935,0.24491744447835428,0.17442408900095174
3142,2.0.0.0.0.0.0.1.0.0.1.0.0.0.0.0.,1769859,2097152,867160601657344,768440076115257,0.24479700149948408,0.1743664499588797
3143,0.0.0.0.1.0.1.0.0.0.0.0.0.0.1.1.,7080943,8388608,3469027343073280,3074414616016189,0.24448992759491872,0.17421947185572392
3144,0.1.0.0.1.0.0.0.0.1.0.0.0.0.1.0.,3541285,4194304,1734721440579584,1537560514677055,0.24415847524381754,0.17406082264916453
3145,0.0.0.0.0.1.1.1.0.0.0.1.0.0.0.0.,3541883,4194304,1734873777700864,1537820155227809,0.24391487474288312,0.1739439089780927
3146,0.0.1.0.0.0.0.0.1.0.0.2.0.0.0.0.,3542703,4194304,1735082620485632,1538176184076669,0.24358090746834887,0.17378360178207214
3147,1.0.1.0.2.0.0.0.0.0.0.0.0.0.0.0.,3543131,4194304,1735191605280768,1538362013768513,0.24340662354404258,0.173699934225982
3148,0.0.0.0.0.0.0.3.0.0.0.0.1.0.0.0.,7086573,8388608,3470462399021056,3076859057990679,0.24334330831349224,0.17366953855719014
3149,0.0.0.0.1.2.0.0.0.0.0.0.0.0.1.0.,7087219,8388608,3470626681520128,3077139539254537,0.24321180066937562,0.1736063226592274
3150,0.0.1.0.0.0.1.1.0.1.0.0.0.0.0.0.,886099,1048576,433878297739264,384727813348777,0.24289163171512856,0.1734522944704751
3151,0.0.1.0.0.2.1.0.0.0.0.0.0.0.0.0.,1772383,2097152,867803571683328,769535950279309,0.24274103643585196,0.1733797977083272
3152,1.0.0.0.1.0.0.0.0.1.1.0.0.0.0.0.,7090841,8388608,3471546609827840,3078712144730843,0.24247468408900075,0.17325155781787696
3153,1.0.0.0.1.1.0.0.0.0.0.0.0.1.0.0.,3546595,4194304,1736070999834624,1539866018564185,0.24199683816748102,0.1730211210248499
3154,0.0.0.0.1.0.0.0.0.2.1.0.0.0.0.0.,7094103,8388608,3472373391032320,3080128444858869,0.24181115361523417,0.1729315777159731
3155,0.1.1.0.0.0.0.0.0.1.0.0.0.0.0.1.,7095333,8388608,1157561592053760,1026887496044053,0.24156103586499544,0.17281082786182494
3156,0.0.1.0.0.1.0.0.0.0.1.0.0.0.1.0.,3548371,4194304,1736520562114560,1540637124949033,0.24127457214220774,0.17267239808052215
3157,0.0.0.0.1.0.0.0.0.0.0.1.1.0.1.0.,887261,1048576,434172670771200,385232332278503,0.24100097005879334,0.1725401249650198
3158,0.1.0.0.2.0.0.0.0.0.0.0.1.0.0.0.,55457,65536,27136597229568,24078404721011,0.2409180459445353,0.1725000149417474
3159,1.0.0.0.1.0.0.0.0.0.0.0.0.1.1.0.,7101783,8388608,3474314850467840,3083462958955509,0.24025015221032106,0.1721769847391522
3160,0.0.1.0.0.0.0.2.0.0.1.0.0.0.0.0.,887835,1048576,144772558749696,128493850824235,0.24006794223119018,0.17208884960942172
3161,1.0.0.0.0.1.0.0.0.1.0.0.0.0.0.1.,888017,1048576,434363578712064,385560573509891,0.23977223009035742,0.17194560594971128
3162,0.0.0.0.1.0.0.1.0.0.1.0.1.0.0.0.,1776403,2097152,868820170309632,771281360001769,0.2394725178241004,0.1718003518977909
3163,0.1.1.0.0.0.0.0.0.0.1.1.0.0.0.0.,7107249,8388608,1158564433362944,1028612065053409,0.23914018617146854,0.17163930075100153
3164,0.0.0.0.0.0.0.0.0.0.1.2.0.0.1.0.,7107989,8388608,3475879594295296,3086157489487247,0.2389899819566362,0.1715664216917735
3165,0.1.0.0.1.0.0.0.0.0.0.1.0.0.1.0.,3554803,4194304,248306181603328,220489968643567,0.23866181986013876,0.17140715719320346
3166,0.0.0.0.1.0.1.1.0.1.0.0.0.0.0.0.,3555627,4194304,1738350553726976,1543787546079921,0.2383274432559069,0.171244819117175
3167,0.0.1.0.0.1.1.1.0.0.0.0.0.0.0.0.,7112759,8388608,3477079601446912,3088228535351957,0.2380221488154926,0.17109657633830946
3168,0.0.0.0.0.0.1.0.0.1.0.0.0.1.0.1.,7115959,8388608,3477883834073088,3089617916225557,0.23737323241857208,0.1707813101287504
3169,0.0.0.0.0.1.0.1.0.0.0.0.0.1.1.0.,7119159,8388608,1159562644160512,1030335765699719,0.23672460776950222,0.170466202858743
3170,0.0.0.0.0.0.2.1.0.1.0.0.0.0.0.0.,7120077,8388608,3478918518538240,3091405875737271,0.23653858738900274,0.17037580885865727
3171,0.0.1.0.0.0.2.0.0.0.0.1.0.0.0.0.,3560495,4194304,1739573881208832,1545901141733885,0.2363536039781198,0.17028588893086416
3172,0.0.0.0.1.1.0.0.1.0.0.0.0.0.1.0.,7124255,8388608,3479967564300288,3093219886140365,0.2356922746164998,0.1699644660258892
3173,0.2.1.0.0.0.0.0.0.0.0.0.0.0.1.0.,7124563,8388608,3480044873711616,3093353614049449,0.23562990452058546,0.1699341458452112
3174,1.0.1.0.0.0.0.1.0.0.1.0.0.0.0.0.,7125967,8388608,3480397195247616,3093963204907741,0.23534562823837535,0.16979592135918994
3175,0.0.0.0.0.1.1.0.0.0.0.0.0.1.1.0.,3564421,4194304,1740559307767808,1547605738393183,0.23476368451695534,0.16951298995172834
3176,0.0.0.1.0.0.0.0.0.0.1.0.1.0.1.0.,3565861,4194304,1740920336678912,1548230959786303,0.23418096397739627,0.169229483927104
3177,0.0.0.0.0.1.0.3.0.0.0.0.0.0.0.0.,3566011,4194304,1740957917642752,1548296087014753,0.23412027745465294,0.16919994029116237
3178,1.0.1.0.0.0.0.0.0.1.0.0.0.0.0.1.,7133119,8388608,13444749197312,11957793324943,0.23389838880133013,0.169091661862645
3179,0.1.1.0.0.0.0.0.1.0.0.1.0.0.0.0.,7135777,8388608,3482854419857408,3098222525648371,0.23336090034209162,0.16882940337459687
3180,0.0.1.0.1.0.0.0.0.0.0.0.0.1.1.0.,1784517,2097152,870856681062400,774804308879391,0.23289778555177984,0.16860333348479165
3181,0.0.0.0.1.0.1.0.0.0.0.0.0.1.1.0.,7140639,8388608,3484068956078080,3100333516213197,0.232378247054322,0.16834975702568525
3182,0.0.1.0.0.1.0.0.0.0.0.0.0.1.1.0.,1785889,2097152,871199238258688,775400005928947,0.23178901658067297,0.16806194650090353
3183,0.1.1.0.0.0.0.0.0.0.0.0.1.0.0.1.,893105,1048576,435639657955328,387769689098915,0.23152972639337865,0.16793525780954727
3184,0.0.0.0.1.1.0.0.0.1.0.0.1.0.0.0.,3573325,4194304,1742784218267648,1551471690673975,0.23116429521188944,0.1677565815396257
3185,0.0.0.0.1.0.1.0.0.1.0.0.1.0.0.0.,3574063,4194304,1742968130109440,1551792116637949,0.23086636569023486,0.16761088813565375
3186,0.0.0.0.0.0.1.1.0.0.0.2.0.0.0.0.,7148747,8388608,3486090879041536,3103853860001681,0.2307410356798255,0.16754954749426293
3187,0.1.0.0.0.1.0.0.0.0.2.0.0.0.0.0.,7149353,8388608,3486241739767808,3104116974004619,0.23061874345983793,0.1674896866106989
3188,0.0.1.0.1.0.1.0.0.0.0.0.0.1.0.0.,7152233,8388608,3486958193999872,3105367416790859,0.23003769436864976,0.167205093947285
3189,0.0.0.1.0.0.0.0.0.0.1.0.2.0.0.0.,7153525,8388608,3487279377022976,3105928379318575,0.22977710531102746,0.16707738512216364
3190,0.1.0.0.0.0.0.0.2.0.0.1.0.0.0.0.,7157555,8388608,3488280641273856,3107678130856265,0.22896457946832868,0.16667902501683834
3191,0.1.1.2.0.0.0.0.0.0.0.0.0.0.0.0.,3579747,4194304,581460369080320,518086668138227,0.2285738026118149,0.16648740510820778
3192,1.0.0.0.1.0.0.0.0.0.0.0.0.0.1.1.,3580295,4194304,1744517204017152,1554497935889285,0.22835296678879854,0.16637912409572245
3193,0.0.1.0.0.0.0.0.0.0.0.1.0.0.0.2.,895157,1048576,436149970534400,388660629584111,0.22821878926755937,0.16631331877950684
3194,1.0.0.1.1.0.0.0.0.0.0.1.0.0.0.0.,7164043,8388608,3489891589554176,3110495100577489,0.22765743398559468,0.16603798723668178
3195,1.0.0.0.0.0.0.0.1.2.0.0.0.0.0.0.,3582497,4194304,1745063772160000,1555454003602931,0.22746593430757725,0.16594402619405452
3196,0.0.0.0.1.0.1.0.0.1.0.0.0.0.1.0.,3583455,4194304,1745301404647424,1555869949501965,0.22708019299716786,0.16575472920641607
3197,0.0.0.1.0.0.0.0.0.0.0.1.0.0.2.0.,1792021,2097152,124674778333184,111151772432569,0.22684388679685966,0.16563868410409452
3198,0.0.0.0.0.0.1.1.0.0.0.0.1.0.1.0.,896217,1048576,62344687255552,55588694571213,0.22651143287874725,0.1654751224127516
3199,1.1.0.0.0.0.0.0.0.0.0.1.0.0.1.0.,7170941,8388608,3491600449667072,3113490084723143,0.22626898302392343,0.16535579334608733
3200,1.1.0.0.0.0.0.0.0.0.0.0.0.0.1.1.,7171597,8388608,3491762584682496,3113774907802231,0.22613701085170634,0.16529081221575018
3201,0.0.1.0.1.0.0.0.0.0.0.1.0.0.1.0.,7173141,8388608,3492144165683200,3114445284073743,0.22582644105925215,0.16513789201331425
3202,0.0.1.0.1.1.0.0.0.1.0.0.0.0.0.0.,3587465,4194304,1746293139439616,1557611017409195,0.22546667402972945,0.1649607618146161
3203,0.1.1.0.0.1.0.0.0.0.0.0.0.0.0.1.,1794041,2097152,873222805389312,778939453704443,0.2252185695040613,0.16483861554722917
3204,1.0.0.0.0.0.0.0.0.0.0.0.1.1.1.0.,1794815,2097152,873414065651712,779275510203245,0.2245962843084665,0.16453228639007758
3205,0.0.0.1.2.0.0.0.0.0.0.0.0.0.0.1.,897541,1048576,436740016832512,389695718334943,0.22438168228694466,0.1644266454392295
3206,2.0.0.0.0.0.0.0.0.0.0.0.0.1.1.0.,1795267,2097152,873525734801408,779471760251641,0.22423300672208973,0.1643534507961087
3207,0.0.0.0.0.0.0.0.0.0.1.1.1.0.0.1.,7182531,8388608,3494464253329408,3118522248574713,0.22393911619338316,0.16420873708166975
3208,0.0.0.0.1.0.0.3.0.0.0.0.0.0.0.0.,3591465,4194304,349456276914176,311869548700239,0.2238589746202777,0.16416926734270715
3209,1.0.1.0.0.1.0.0.0.0.0.0.0.0.0.1.,7184135,8388608,3494860195627008,3119218675737605,0.223616970073302,0.1640500470993049
3210,1.0.0.0.0.0.0.2.0.0.0.0.0.0.0.1.,7184861,8388608,3495039242076160,3119533891523303,0.22347118443865133,0.163978170803877
3211,1.0.1.0.0.0.1.0.0.0.0.0.0.0.0.1.,1796489,2097152,873827322036224,780002330072747,0.22325132900902186,0.16386978166886418
3212,2.0.1.0.1.0.0.0.0.0.0.0.0.0.0.0.,7186447,8388608,3495430352535552,3120222503418781,0.22315275631170017,0.16382117764582366
3213,0.0.1.0.0.1.0.0.0.0.0.1.1.0.0.0.,7188039,8388608,3495822805172224,3120913720403397,0.22283319420499445,0.16366358635051126
3214,0.1.0.0.2.0.0.0.0.0.0.1.0.0.0.0.,3594297,4194304,1747979803295744,1560577345574331,0.22272180571116684,0.1636086534834641
3215,0.0.0.0.0.1.0.1.0.0.0.0.1.0.1.0.,7190147,8388608,3496341858680832,3121828975053881,0.22241016432236754,0.16345474934239487
3216,0.0.1.0.0.0.1.0.0.0.0.0.0.0.2.0.,7191227,8388608,3496607609782272,3122297891098721,0.22219347979040432,0.16334771748218965
3217,0.0.0.0.0.1.0.0.0.0.0.0.0.1.2.0.,7193097,8388608,388563048857600,347012201171859,0.22181837147920933,0.16316232183701473
3218,0.0.1.0.0.1.0.1.0.0.0.0.1.0.0.0.,3597447,4194304,83274017800192,74378334160561,0.22145799830383583,0.16298399620468537
3219,0.1.1.0.0.0.0.0.0.0.1.0.0.0.0.1.,7196131,8388608,3497811945455616,3124427117287513,0.22120998069981182,0.16286103992394815
3220,0.1.0.0.0.0.0.1.0.1.0.0.0.0.0.1.,7197471,8388608,3498140242018304,3125008920528333,0.2209413597722113,0.1627278206716555
3221,0.0.1.1.0.0.0.0.0.0.1.0.1.0.0.0.,3600021,4194304,1749384987410432,1563062600611983,0.22042610842434981,0.16247225891981154
3222,0.0.0.0.0.0.0.2.0.1.0.0.0.0.0.1.,1800153,2097152,874727390314496,781593171173019,0.22031190025384087,0.1624156071605664
3223,0.0.1.0.0.0.0.0.0.0.3.0.0.0.0.0.,900105,1048576,145790224826368,130269653253305,0.22026621951701653,0.16239294834532222
3224,1.0.1.1.0.0.0.0.0.0.0.0.0.1.0.0.,7206179,8388608,3500272676503552,3128789773230617,0.21919694221879013,0.1618625889530555
3225,0.0.0.0.1.0.0.1.0.0.0.1.0.0.1.0.,900997,1048576,437589080276992,391196249678431,0.21883722317845666,0.1616841976325665
3226,0.1.0.0.0.0.1.0.0.0.0.0.2.0.0.0.,7208769,8388608,3500906721050624,3129914303375187,0.21867851090761067,0.1616054658799092
3227,1.1.0.0.0.0.0.1.0.0.0.1.0.0.0.0.,7210225,8388608,700252533293056,626109294334535,0.21838715022229882,0.16146077993397437
3228,0.1.1.0.1.0.0.0.0.0.0.0.0.1.0.0.,7213017,8388608,1167315009798144,1043919568828297,0.21782860664319584,0.16118337655800186
3229,0.0.1.0.1.0.0.0.0.0.0.1.0.0.0.1.,1803663,2097152,291862038446080,261039049439583,0.2175016229285083,0.16102093730057215
3230,0.0.0.0.0.0.1.1.0.0.0.0.0.1.1.0.,7217543,8388608,3503050312384512,3133723812057989,0.21692363303591097,0.16073367414619955
3231,0.0.1.0.1.0.0.0.0.0.1.1.0.0.0.0.,3609509,4194304,1751704873730048,1567182114902207,0.2166288294199091,0.16058689255475544
3232,0.1.0.0.0.0.0.1.0.0.1.0.0.0.1.0.,7220211,8388608,3503700463058944,3134882208361353,0.2163904323160614,0.16046820641317525
3233,0.1.0.1.0.0.0.1.0.0.0.1.0.0.0.0.,7223247,8388608,3504440136957952,3136200383465181,0.21578392628285975,0.16016623875351427
3234,0.0.0.0.0.0.2.0.0.1.0.1.0.0.0.0.,7223937,8388608,1168202725851136,1045499989572017,0.2156461195547153,0.1600976087018316
3235,0.0.0.0.1.0.0.0.0.0.1.0.1.1.0.0.,1806729,2097152,876333271875584,784448348868267,0.21505130503578157,0.15980117727987198
3236,0.0.1.0.0.2.0.0.0.0.0.0.0.0.1.0.,7227653,8388608,3505512402386944,3138113387255519,0.2149041866753439,0.1597278579199147
3237,0.2.1.0.0.0.0.0.0.0.0.0.1.0.0.0.,3614055,4194304,1752811767332864,1569155904105765,0.21481296884977413,0.15968237590347414
3238,0.1.0.0.0.0.0.0.0.0.1.1.1.0.0.0.,3614777,4194304,1752987324121088,1569469383165371,0.21452478237013664,0.159538678541079
3239,0.0.1.0.0.0.0.1.0.0.0.1.0.0.0.1.,903883,1048576,438292720910336,392449297553809,0.2142234854933835,0.159388441824268
3240,0.2.0.0.0.1.0.0.0.0.0.0.1.0.0.0.,7231763,8388608,318773789720576,285445261210459,0.21408403228214523,0.1593189008759593
3241,0.0.0.0.0.0.1.0.0.2.0.0.0.0.1.0.,1808165,2097152,876682347020288,785071833535295,0.21390509704866426,0.1592295323273223
3242,0.0.0.1.1.0.0.1.0.0.0.0.0.0.1.0.,7235099,8388608,3507321288261632,3141346302875777,0.21341867296072334,0.15898659990960468
3243,0.0.0.0.1.0.1.0.0.0.0.1.1.0.0.0.,7236259,8388608,3507602608619520,3141849953442457,0.21318738488796396,0.1588710249910888
3244,0.0.1.0.0.1.1.0.0.0.0.1.0.0.0.0.,3619009,4194304,1754014509170688,1571306839370707,0.21283673516785476,0.15869574912883785
3245,1.0.0.0.1.0.0.0.0.2.0.0.0.0.0.0.,3619385,4194304,350821128601600,314294018324671,0.21268685293268985,0.15862082346840425
3246,0.0.0.0.0.0.1.0.0.0.0.0.0.1.2.0.,3620333,4194304,1754335373426688,1571881695707159,0.21230902746860972,0.15843193145636383
3247,1.0.0.0.0.0.0.0.0.0.0.0.1.0.1.1.,113153,131072,54827241832448,49128941872019,0.21208469060268348,0.15831973151242282
3248,0.1.0.0.0.0.0.0.0.2.0.0.0.0.0.1.,7242621,8388608,1169714621448192,1048204072097261,0.21191954836458202,0.1582369756611328
3249,0.0.1.1.0.0.0.1.0.0.0.0.1.0.0.0.,7245507,8388608,1169947086553088,1048621754722387,0.2113447856425691,0.15794890075725174
3250,0.1.0.0.0.0.0.0.0.0.1.1.0.0.1.0.,7247031,8388608,3510209217560576,3146526956808213,0.21104136504771964,0.15779671868744918
3251,0.0.1.1.0.0.0.0.0.1.0.1.0.0.0.0.,7250231,8388608,3510981103714304,3147916337681813,0.21040446903165505,0.15747703279663267
3252,0.0.0.0.0.0.0.0.1.2.0.0.0.0.1.0.,7251765,8388608,1170450335924224,1049527457379365,0.2100992566731662,0.15732380947615382
3253,0.0.0.0.0.0.0.0.0.0.0.0.1.0.2.1.,7252333,8388608,94905078644736,85103486141707,0.20998626091380995,0.15726706104296817
3254,0.0.0.0.0.1.0.0.0.1.2.0.0.0.0.0.,3626497,4194304,1755823546040320,1574557990614931,0.2098547752295937,0.15720097390432167
3255,0.1.0.0.0.0.1.0.0.0.0.0.0.0.1.1.,7254231,8388608,1170648307073024,1049884354591271,0.20960874419748318,0.15707729525842373
3256,1.0.0.1.0.0.0.0.0.0.0.0.1.0.1.0.,7257411,8388608,3512709693833216,3151033761016953,0.20897645595560654,0.15675913880598133
3257,0.1.1.0.0.0.1.0.0.1.0.0.0.0.0.0.,7258657,8388608,3513009267802112,3151574751194611,0.2087287858530192,0.15663450063277468
3258,0.0.0.0.0.0.1.1.0.0.0.0.0.0.1.1.,7260167,8388608,3513372259647488,3152230365294341,0.20842869687617135,0.15648347459355047
3259,0.0.0.0.0.0.0.1.0.0.0.1.0.1.1.0.,1815867,2097152,292847146237952,262805299875147,0.207772891850504,0.15615346548786546
3260,0.0.0.0.0.0.0.1.0.1.2.0.0.0.0.0.,3632193,4194304,585731051356160,525677029523313,0.20759056704887827,0.1560616831259276
3261,0.1.0.0.0.0.0.0.1.0.0.1.0.0.1.0.,1816791,2097152,292921091817472,262939027784231,0.20703896630808838,0.15578378271077978
3262,1.1.0.0.0.0.1.0.0.0.0.1.0.0.0.0.,3634533,4194304,1757754788151296,1578047073333759,0.20666142605405682,0.15559358265078851
3263,1.0.1.0.0.0.0.0.0.0.1.0.0.0.0.1.,1817535,2097152,878941818585088,789140114405805,0.20644828450055894,0.1554861913583559
3264,0.0.1.0.0.0.1.0.0.0.0.0.1.1.0.0.,7273313,8388608,3516528288858112,3157938115595699,0.20581876805252244,0.15516892341160501
3265,1.0.0.0.0.0.0.0.0.0.0.1.0.0.2.0.,3637015,4194304,1758350043774976,1579124711873845,0.20567655481878552,0.15509719079005183
3266,0.1.0.0.1.0.0.0.0.0.0.0.1.0.1.0.,7275351,8388608,3517016304517120,3158822977539573,0.2054145780165764,0.15496493336384695
3267,1.0.0.0.0.0.2.0.0.0.0.0.0.0.0.1.,7275969,8388608,1172388070817792,1053030433906929,0.20529203442110802,0.15490306095691617
3268,0.0.2.0.0.0.0.0.0.0.0.0.1.1.0.0.,3638783,4194304,1758772695400448,1579892344806509,0.20497541251590803,0.15474278498302385
3269,0.1.0.0.0.0.0.0.0.0.0.0.0.0.3.0.,1819405,2097152,879389568925696,789952033853815,0.20496470766717462,0.154737364771145
3270,0.0.0.0.0.1.0.2.0.0.0.0.0.0.1.0.,1819575,2097152,879430102679552,790025844712725,0.2048299126657569,0.15466906646251619
3271,0.0.0.0.2.0.0.1.0.0.0.1.0.0.0.0.,7279259,8388608,3517948983508992,3160519758931457,0.20463983347099438,0.1545727269855786
3272,1.0.0.0.0.1.0.0.0.0.1.0.0.0.0.1.,7281161,8388608,3518401834123264,3161345572188203,0.20426292044466982,0.15438151400557337
3273,1.1.0.0.0.0.0.1.0.0.0.0.0.0.1.0.,3641129,4194304,1759331175366656,1580910934659467,0.20404557636319437,0.15427098890760674
3274,0.0.1.0.1.0.0.0.0.1.0.0.1.0.0.0.,7283843,8388608,3519038697242624,3162510047032889,0.20373160467662785,0.15411131568852457
3275,0.0.0.0.0.0.0.0.0.1.1.1.0.0.1.0.,1821337,2097152,879848929099776,790790872556251,0.20343354337119765,0.15395961356944968
3276,0.0.0.0.0.0.0.1.0.0.1.0.0.0.1.1.,3643297,4194304,1759845531254784,1581852240201331,0.20318682292373377,0.15383395836313024
3277,0.0.0.1.0.0.0.0.0.0.0.0.0.0.2.1.,7287581,8388608,502846390796288,452019002509409,0.2029914170077853,0.15373433010921944
3278,0.1.1.0.0.0.0.0.0.0.1.0.1.0.0.0.,28473,32768,13751099555840,12362450504379,0.20269311271969787,0.15358223815647448
3279,0.1.0.0.1.0.0.0.0.0.0.0.0.0.1.1.,1822593,2097152,293382112935936,263778734849713,0.2024389989956929,0.1534526517719188
3280,0.0.1.0.1.0.1.0.0.1.0.0.0.0.0.0.,1823027,2097152,880248881152000,791524639330121,0.20209550205925755,0.1532772276976873
3281,0.0.0.0.1.0.0.0.0.0.2.0.0.0.0.1.,911611,1048576,440147458916352,395804652363553,0.2019411925026466,0.15319836856838645
3282,0.0.0.0.0.0.0.1.0.0.2.1.0.0.0.0.,7293485,8388608,3521320599945216,3166696425277655,0.2018230974916536,0.1531380135660012
3283,0.0.1.0.0.1.0.0.0.0.1.1.0.0.0.0.,455951,524288,220108055642112,197965499593373,0.20148073594383678,0.15296292002723558
3284,0.1.0.0.0.0.1.0.0.0.0.1.0.0.1.0.,7296823,8388608,3522107921137664,3168145723201429,0.20116297213576564,0.15280041988095014
3285,0.0.2.0.0.1.0.0.1.0.0.0.0.0.0.0.,7298551,8388608,3522515137724416,3168895988873173,0.20082136019182995,0.1526255987918324
3286,0.1.0.0.0.0.0.2.0.1.0.0.0.0.0.0.,1824787,2097152,880663949475840,792288798810601,0.20070335680788692,0.1525652035892931
3287,0.0.1.0.0.0.0.0.0.0.0.0.1.0.2.0.,3649883,4194304,1761400644960256,1584711759711809,0.20058121271747006,0.1525026441671376
3288,0.2.1.1.0.0.0.0.0.0.0.0.0.0.0.0.,7300621,8388608,3523002079641600,3169794744625783,0.2004122440098091,0.15241590265764265
3289,1.0.0.0.0.0.1.1.0.0.0.0.0.1.0.0.,7303943,8388608,3523782153076736,3171237095645189,0.1997559241075526,0.1520789931541809
3290,2.0.0.0.0.0.0.0.1.1.0.0.0.0.0.0.,7305699,8388608,3524194469937152,3171999518399577,0.19940911581423498,0.15190098436809582
3291,0.1.0.0.0.0.0.1.0.1.1.0.0.0.0.0.,7306981,8388608,3524495386083328,3172556139112063,0.19915597470019364,0.1517710236580566
3292,0.0.0.0.0.1.0.0.0.0.1.1.0.0.1.0.,1827185,2097152,881226925735936,793329966102755,0.19880871840142114,0.15159253270947418
3293,0.0.1.0.0.0.1.0.0.0.0.0.1.0.0.1.,7310407,8388608,3525298008096768,3174043645009861,0.19847970157936093,0.15142325344185018
3294,0.1.1.0.0.1.0.1.0.0.0.0.0.0.0.0.,914019,1048576,440713241165824,396850161470937,0.19813537021324343,0.1512458503433156
3295,0.0.2.0.0.0.1.0.0.0.0.0.0.0.1.0.,7313011,8388608,3525906719047680,3175174253695753,0.19796589859209995,0.15115853817970282
3296,0.0.0.0.0.0.1.0.0.0.0.0.2.0.1.0.,1828463,2097152,881525803450368,793884850089149,0.19779999746473936,0.15107303455876345
3297,0.0.0.0.0.0.0.0.0.0.0.0.0.3.1.0.,1828815,2097152,881608011808768,794037681985245,0.19752228893070886,0.15092986101015804
3298,0.0.0.0.0.0.4.0.0.0.0.0.0.0.0.0.,3657653,4194304,1763221392326656,1588085350145519,0.19751321696836904,0.1509251818154248
3299,0.1.0.0.0.0.1.1.0.1.0.0.0.0.0.0.,7316425,8388608,3526703703916544,3176656549415275,0.19729254919448744,0.15081125418310093
3300,0.2.0.0.0.0.0.1.0.1.0.0.0.0.0.0.,3658555,4194304,1763431644397568,1588476981879265,0.19715748325126448,0.1507414693418289
3301,0.0.0.0.0.0.0.0.0.0.1.0.2.1.0.0.,3659287,4194304,1763602168020992,1588794802754101,0.19686885915321672,0.1505923469322501
3302,0.0.0.0.0.0.1.0.0.0.1.0.0.0.0.2.,7319321,8388608,3527378282217472,3177913939105883,0.1967216121349153,0.1505162455219567
3303,2.0.0.0.0.1.0.0.1.0.0.0.0.0.0.0.,7320213,8388608,3527585917042688,3178301229024399,0.19654580271665575,0.15042535609032823
3304,1.0.0.0.0.0.0.0.0.0.1.1.1.0.0.0.,915217,1048576,440992548257792,397370310935491,0.19624567538317056,0.15027019050037718
3305,0.0.1.0.1.0.0.0.0.0.0.0.0.0.1.1.,7323109,8388608,3528259824254976,3179558618715007,0.19597516104219334,0.15013029940788253
3306,0.1.0.0.1.0.1.0.0.0.0.0.0.0.1.0.,7324587,8388608,3528603555856384,3180200339006001,0.1956840158303224,0.14997969818855575
3307,0.0.1.0.2.0.0.1.0.0.0.0.0.0.0.0.,3662629,4194304,1764379791982592,1590245837403967,0.1955518576575754,0.14991133182427388
3308,0.0.0.0.3.0.0.0.0.0.0.0.0.1.0.0.,7325609,8388608,3528841188343808,3180644072522507,0.19548273055957516,0.14987556740465652
3309,0.1.0.0.0.0.0.1.0.0.0.0.0.0.2.0.,7326215,8388608,3528981848522752,3180907186525445,0.19536339071556974,0.1498137324716073
3310,1.1.0.0.0.0.0.0.0.0.2.0.0.0.0.0.,7326833,8388608,3529125260165120,3181175510706659,0.19524169787244278,0.14975066703724382
3311,0.0.0.0.1.1.0.0.0.0.0.1.0.0.1.0.,7328425,8388608,3529494493134848,3181866727691275,0.19492825807982642,0.14958816059802033
3312,1.0.0.0.0.0.0.0.0.0.2.0.0.0.0.1.,3664547,4194304,1764824824414208,1591078597565081,0.1947965628068372,0.14951988444361286
3313,0.0.1.0.1.0.1.0.0.0.0.0.1.0.0.0.,916361,1048576,441258190307328,397867014597803,0.19444346620463474,0.14933676037148397
3314,0.0.0.0.0.0.1.2.0.0.0.1.0.0.0.0.,1832919,2097152,80232910422016,72347232995967,0.19428839868802372,0.14925629122443038
3315,0.0.0.0.0.0.1.0.0.1.1.0.0.0.1.0.,7333427,8388608,3530653396107264,3184038503669321,0.19394388572707133,0.14907741673362587
3316,0.0.1.0.0.0.0.0.0.0.0.2.0.0.0.1.,7334211,8388608,3530834858475520,3184378901983353,0.19378965872567763,0.1489973369514615
3317,0.0.1.0.0.1.0.0.0.1.0.1.0.0.0.0.,1833945,2097152,882799412248576,796265033198235,0.19348105751006872,0.14883696390734233
3318,0.1.0.0.0.0.1.0.0.0.0.0.1.0.1.0.,7337377,8388608,3531566479310848,3185753520685171,0.1931670168452824,0.14867360353129971
3319,0.1.0.0.2.0.0.0.0.0.0.0.0.0.0.1.,1834523,2097152,882932891779072,796515990118529,0.19302643844808748,0.14860046426995818
3320,1.0.0.1.0.1.0.0.0.0.0.0.1.0.0.0.,7340669,8388608,3532326420086784,3187182846258887,0.1925198800051008,0.14833687988923894
3321,0.0.0.0.1.0.2.0.0.0.0.0.0.0.0.1.,7341453,8388608,3532507345584128,3187523244572919,0.19236580514955445,0.14825669787434598
3322,1.1.1.0.1.0.0.0.0.0.0.0.0.0.0.0.,7342579,8388608,3532767191105536,3188012132967817,0.19214454785193688,0.1481415589853918
3323,0.0.0.0.0.0.0.1.0.1.1.0.0.0.0.1.,3671849,4194304,1766512578789376,1594248991046027,0.19192469965570866,0.14802705409205846
3324,0.1.1.0.0.0.0.1.0.0.0.0.1.0.0.0.,3672619,4194304,1766690014625792,1594583310818737,0.1916221930111009,0.1478694504326153
3325,0.0.0.0.0.0.0.0.0.2.0.0.0.0.0.2.,7345727,8388608,3533492637925376,3189378936402221,0.19152615059656172,0.14781938591605315
3326,0.0.1.0.0.1.0.0.0.1.0.0.0.0.0.1.,3673591,4194304,1766913822687232,1595005335259093,0.19124041803109698,0.1476704275638541
3327,0.0.0.0.0.0.0.2.0.0.0.0.0.1.0.1.,1837123,2097152,883532245237760,797644862078329,0.190983208935608,0.14753623431727786
3328,0.0.1.0.0.0.2.0.0.0.0.0.0.0.0.1.,918645,1048576,441785315753984,398858685196335,0.19085206958246811,0.14746777346735906
3329,0.0.0.0.0.0.0.2.0.1.0.1.0.0.0.0.,3675073,4194304,1767254542778368,1595648792276179,0.19065852339566855,0.1473667059731167
3330,1.0.1.0.0.0.1.0.0.0.0.1.0.0.0.0.,3675975,4194304,1767461305188352,1596040424009925,0.1903044756644028,0.14718143848710782
3331,0.0.0.0.0.1.0.0.0.0.0.0.2.0.1.0.,7352599,8388608,3535071323619328,3192362631828277,0.19017712608269924,0.14711478142075357
3332,0.0.1.0.0.0.0.0.0.1.0.1.1.0.0.0.,3677013,4194304,1767699139002368,1596491104430799,0.18989715350846015,0.1469682357608041
3333,0.0.0.0.2.0.0.0.0.0.0.1.0.1.0.0.,7355309,8388608,3535692147720192,3193539263755607,0.18964547962352182,0.14683647672799577
3334,0.0.1.0.0.0.0.2.0.0.0.0.0.0.0.1.,3678039,4194304,1767934120689664,1596936574673397,0.18949465326194842,0.14675750139641905
3335,0.1.0.0.0.0.0.0.1.0.1.0.0.0.1.0.,919835,1048576,63151138668544,57053623029815,0.18898443181820881,0.146490243548859
3336,1.0.0.0.0.1.1.0.0.0.1.0.0.0.0.0.,3679899,4194304,1768359792214016,1597744152306177,0.18876526064319793,0.14637542956905158
3337,0.0.0.0.0.0.0.0.0.0.0.1.0.0.2.1.,920049,1048576,442106893041664,399468276054627,0.188648827247331,0.14631429257157275
3338,0.2.0.0.0.0.0.1.0.0.0.1.0.0.0.0.,3680573,4194304,1768513471512576,1598036790652679,0.18850104485370048,0.14623658573694562
3339,1.0.0.0.0.0.0.0.0.0.2.1.0.0.0.0.,1840469,2097152,884298309697536,799097633454287,0.18835798083047045,0.1461613494231599
3340,0.0.1.0.1.0.1.0.0.0.0.0.0.0.0.1.,1840839,2097152,884382329995264,799258280617797,0.1880679767520688,0.1460084143715086
3341,0.0.0.0.0.1.0.1.0.0.0.1.0.0.1.0.,7364925,8388608,3537885533831168,3197714353280775,0.18776059688503371,0.14584630032028922
3342,0.1.0.0.0.1.0.0.0.0.0.1.0.0.1.0.,7366643,8388608,3538275436331008,3198460277137289,0.18742410180297814,0.14566879269086236
3343,0.0.2.0.0.0.0.0.0.0.0.1.0.0.0.1.,1841823,2097152,884605617963008,799685515236429,0.18729700621281264,0.14560164806081932
3344,0.1.0.0.0.0.0.0.0.0.0.0.2.0.1.0.,7368117,8388608,3538609302929408,3199100260702191,0.18713546018311275,0.14551627528495092
3345,1.0.1.0.0.1.0.0.0.0.1.0.0.0.0.0.,7369979,8388608,3539030880813056,3199908706698017,0.18677092216131838,0.14532360480855785
3346,0.0.0.0.0.0.0.0.0.0.1.1.1.0.1.0.,7371387,8388608,3539349513699328,3200520034282401,0.18649532834948998,0.14517789666536524
3347,0.0.1.0.0.1.1.0.0.0.0.0.0.0.1.0.,7372773,8388608,3539663046311936,3201121809873279,0.1862240920996715,0.1450344556247874
3348,0.2.0.0.0.0.0.0.0.0.0.1.0.0.1.0.,7373459,8388608,3539818202005504,3201419658398057,0.18608986271839448,0.14496346317905998
3349,0.0.1.0.0.0.0.0.1.2.0.0.0.0.0.0.,921873,1048576,442520367529984,400260223152579,0.1857915112320448,0.1448056070221548
3350,0.2.0.0.0.0.0.2.0.0.0.0.0.0.0.0.,7375473,8388608,3540273401430016,3202294099985379,0.1856958561787467,0.14475496665539705
3351,0.2.0.0.0.1.0.0.0.0.0.0.0.0.1.0.,7376139,8388608,1180141241761792,1067527754959899,0.18556558771752568,0.14468595529268105
3352,0.0.0.0.0.0.0.0.0.1.0.0.1.0.2.0.,1844269,2097152,885158779551744,800747523241687,0.18538233203323848,0.1445888380028069
3353,0.0.1.0.0.0.0.0.0.0.1.1.1.0.0.0.,7378505,8388608,3540957509189632,3203610538363115,0.1851028972593891,0.14444076121485117
3354,0.1.1.0.0.0.0.0.0.2.0.0.0.0.0.0.,3689607,4194304,1770558614142976,1601959186531461,0.18496427545953273,0.14436721242164238
3355,0.0.1.0.1.0.0.0.0.1.0.1.0.0.0.0.,7380767,8388608,3541466999685120,3204592656968141,0.18466068355019782,0.1442061146774856
3356,0.0.1.0.2.0.0.0.0.0.0.0.0.0.1.0.,3690709,4194304,1770806782722048,1602437654569807,0.18453344026307908,0.14413857696387403
3357,0.0.2.0.0.1.0.0.0.0.0.0.0.1.0.0.,115353,131072,55341830766592,50084141222619,0.1843040007027464,0.14401651373721014
3358,0.0.1.0.0.0.0.0.0.0.1.0.0.0.1.1.,7384223,8388608,3542243315023872,3206093188311629,0.18398530833458737,0.14384695405680056
3359,0.0.0.0.1.0.1.0.0.2.0.0.0.0.0.0.,7385027,8388608,3542423535878144,3206442270256121,0.18382823511637783,0.14376327983906675
3360,0.0.1.0.0.0.0.0.0.0.0.0.1.0.0.2.,7385765,8388608,708517778423808,641352539244019,0.18368407101995538,0.14368645750984302
3361,0.0.0.0.1.1.0.0.0.1.0.0.0.0.1.0.,3693849,4194304,590503556939776,534600328184009,0.18330653874739986,0.1434850265913211
3362,0.0.0.0.0.0.0.0.0.3.0.0.0.0.0.1.,3693945,4194304,1771532145655808,1603842665978235,0.1832690448151291,0.1434650213780407
3363,0.0.1.0.1.0.0.0.0.0.0.0.1.0.1.0.,3694617,4194304,1771682469511168,1604134435961691,0.1830066145695277,0.1433250062296548
3364,2.0.0.0.0.0.0.1.0.1.0.0.0.0.0.0.,3695001,4194304,590589456285696,534767053888841,0.18285667585924523,0.1432450143401702
3365,0.1.1.1.0.0.0.0.0.0.0.0.1.0.0.0.,7393025,8388608,708842585325568,641982970815415,0.1822666387620528,0.14293025062073655
3366,0.0.0.1.0.0.0.0.0.0.0.0.1.0.1.1.,7395817,8388608,3544837039063040,3211127088889291,0.18172190312933492,0.142639541669141
3367,0.0.0.1.2.0.0.0.0.0.0.0.1.0.0.0.,1849335,2097152,886294353805312,802947086837205,0.18142484354225194,0.1424810033781785
3368,0.0.0.0.0.0.1.1.0.1.1.0.0.0.0.0.,924959,1048576,443212306055168,401600107332557,0.18097010783436615,0.14223828436853342
3369,0.3.0.0.0.0.1.0.0.0.0.0.0.0.0.0.,3699925,4194304,1772869088444416,1606439071485775,0.18093540404902894,0.14221974544151808
3370,0.3.0.0.0.0.0.0.0.0.0.0.1.0.0.0.,1850001,2097152,886443134156800,803236251731523,0.180905380099292,0.14220370176372957
3371,1.0.0.0.0.0.0.0.0.0.0.0.2.1.0.0.,3700517,4194304,1773001158688768,1606696106947391,0.18070458662865646,0.14209639787953518
3372,0.0.1.0.1.0.1.1.0.0.0.0.0.0.0.0.,7402755,8388608,236425727442944,214275962686391,0.18036914842745602,0.1419170169974891
3373,0.0.0.0.0.2.1.1.0.0.0.0.0.0.0.0.,7403355,8388608,1182173197500416,1071466649736555,0.180252221425697,0.14185447129532386
3374,0.0.0.0.0.0.0.0.0.3.0.0.1.0.0.0.,3701877,4194304,1773304222318592,1607286593818671,0.1801744702155919,0.14181286395157028
3375,2.0.0.0.0.0.0.1.1.0.0.0.0.0.0.0.,3702755,4194304,354699928666112,321533561039173,0.17983233673702417,0.14162970905530708
3376,0.0.0.0.0.0.0.1.0.0.0.0.2.0.1.0.,3703185,4194304,1773595340570624,1607854503250755,0.17966480665487947,0.14154002404600502
3377,0.0.0.0.0.2.0.0.0.0.1.0.0.0.1.0.,7407415,8388608,3547423146246144,3216162726193045,0.1794612643029107,0.14143102560080642
3378,1.0.0.0.0.0.1.0.0.1.0.0.0.0.1.0.,7408819,8388608,3547735470899200,3216772317051337,0.1791878420765243,0.1412846165259831
3379,0.0.0.0.1.0.0.2.0.1.0.0.0.0.0.0.,463109,524288,221746326667264,201073370935007,0.17900773110158624,0.14118817419940158
3380,1.0.1.0.0.0.0.0.0.0.0.0.1.1.0.0.,7412477,8388608,3548548964548608,3218360553062471,0.17847570751464434,0.14090325316404959
3381,1.1.0.0.2.0.0.0.0.0.0.0.0.0.0.0.,7413221,8388608,3548714320789504,3218683584115583,0.1783309095953393,0.1408256807707461
3382,0.0.1.0.0.0.0.0.0.0.1.2.0.0.0.0.,7414087,8388608,3548906789011456,3219059585314501,0.17816238623198427,0.14073540135564094
3383,1.0.0.1.1.1.0.0.0.0.0.0.0.0.0.0.,3708383,4194304,1774750720327680,1610111378807309,0.1776411781724641,0.14045590973506505
3384,0.1.3.0.0.0.0.0.0.0.0.0.0.0.0.0.,1854203,2097152,887377910300672,805060682491169,0.17763223036878775,0.140451107938411
3385,0.1.2.0.0.1.0.0.0.0.0.0.0.0.0.0.,3708703,4194304,1774821553733632,1610250316894669,0.17751669197576345,0.14038900287222184
3386,0.0.0.0.1.0.0.0.0.0.0.0.1.0.0.2.,7418003,8388608,3549775177711616,3220759840158569,0.1774005793778734,0.1403265670909227
3387,0.0.0.0.1.0.0.0.0.0.0.0.0.0.1.2.,1854615,2097152,295823009120256,268413188426215,0.17731170217932618,0.14027870985309193
3388,0.0.0.0.0.0.0.1.0.1.0.0.0.0.0.2.,7419145,8388608,3550027372822528,3221255675457835,0.1771784938746556,0.14020697475801838
3389,1.0.0.0.0.0.0.0.3.0.0.0.0.0.0.0.,7422097,8388608,3550678060367872,3222537379313731,0.1766045748162818,0.13989746427321426
3390,0.1.1.1.1.0.0.0.0.0.0.0.0.0.0.0.,7424703,8388608,3551252411580416,3223668856362669,0.17609811371824483,0.13962435202339385
3391,0.0.1.0.0.1.1.0.0.1.0.0.0.0.0.0.,3713121,4194304,1775795588562944,1612168530863283,0.1757991014094825,0.13946295653435836
3392,0.1.0.0.0.1.0.0.0.1.0.0.0.0.1.0.,928469,1048576,443990412361728,403124084478287,0.17550578373085055,0.13930454402964806
3393,0.0.0.0.0.0.0.0.0.0.0.0.0.1.3.0.,3713959,4194304,1775979835949056,1612532374979557,0.1754735418492259,0.13928707580156605
3394,0.2.0.0.0.0.0.0.0.0.0.0.2.0.0.0.,7428259,8388608,3552034296954880,3225212805858457,0.17540731229245238,0.13925115629285903
3395,0.0.0.0.0.1.0.0.0.1.0.0.0.0.0.2.,7429013,8388608,3552199116324864,3225540178726799,0.1752608800185108,0.1391716655378479
3396,0.1.0.0.0.0.0.1.0.2.0.0.0.0.0.0.,7429583,8388608,3552323670376448,3225787662194909,0.17515019174436833,0.1391115629308801
3397,0.0.0.0.0.0.0.0.0.1.0.1.0.0.2.0.,1857635,2097152,888133195399168,806550793478105,0.17496437105418436,0.13901066548229504
3398,0.0.0.0.1.0.0.0.0.0.0.0.2.0.0.1.,1857737,2097152,888155475542016,806595079993451,0.17488515697052992,0.13896764309667334
3399,0.0.2.0.0.0.0.0.0.0.0.0.1.0.1.0.,7431533,8388608,3552749677445120,3226634316164759,0.17477158554199712,0.13890595938618902
3400,0.1.1.0.0.0.1.0.0.0.0.0.1.0.0.0.,7433007,8388608,1184357087707136,1075758099909887,0.17448546400749412,0.13875042095097861
3401,0.0.0.0.1.0.2.0.0.1.0.0.0.0.0.0.,1858441,2097152,888309087731712,806900743785643,0.17433854304572013,0.138670530962587
3402,0.0.0.0.1.0.0.0.0.0.1.0.0.0.1.1.,3717619,4194304,1776778834083840,1614121479353737,0.17405250737268219,0.1385149515231112
3403,0.0.2.0.0.0.0.0.0.1.1.0.0.0.0.0.,7435933,8388608,3553709065764864,3228544714865959,0.17391765947749657,0.13844156763958293
3404,1.0.1.1.1.0.0.0.0.0.0.0.0.0.0.0.,7439029,8388608,3554382838759424,3229888940861167,0.17331710884602738,0.13811452190194576
3405,0.2.1.0.0.1.0.0.0.0.0.0.0.0.0.0.,7439573,8388608,3554501218795520,3230125135609679,0.17321161155500592,0.13805707330313785
3406,1.0.0.0.0.0.0.0.0.0.1.0.0.0.1.1.,3720387,4194304,1777381069029376,1615323293809401,0.1729787303261112,0.13793008966402454
3407,0.0.1.0.2.1.0.0.0.0.0.0.0.0.0.0.,7441307,8388608,3554877766631424,3230878006370561,0.17287539041590338,0.13787367667856415
3408,0.2.0.0.1.0.0.0.0.0.0.0.0.0.1.0.,7442045,8388608,711007550832640,646239686466907,0.17273231660550792,0.13779553000213007
3409,0.0.0.0.2.0.0.0.0.0.1.0.0.0.0.1.,3721419,4194304,197511641825280,179530152126793,0.172578595925472,0.13771152648103246
3410,0.2.0.0.0.0.1.0.0.0.0.1.0.0.0.0.,7443791,8388608,3555415174414336,3231956513273693,0.17239388139059036,0.1376102502417596
3411,0.0.0.0.0.0.0.0.0.1.3.0.0.0.0.0.,3721959,4194304,1777721277415424,1616005827163557,0.1723692674932879,0.13759674656283702
3412,1.0.0.0.1.0.0.0.0.0.0.1.0.1.0.0.,7446495,8388608,3555997679353856,3233130540111885,0.17186990926091536,0.13732262411159243
3413,1.0.0.0.0.1.1.0.0.0.0.0.0.0.1.0.,931017,1048576,444543842385920,404230378998891,0.17155201450116228,0.13714796123450737
3414,0.0.1.0.1.0.0.0.0.0.0.0.1.0.0.1.,7449457,8388608,3556634743799808,3234416585783011,0.1712961610684622,0.13700731461375454
3415,0.0.0.0.0.1.2.0.0.1.0.0.0.0.0.0.,3725027,4194304,1778381527973888,1617337896076121,0.1711805480205076,0.13694374850730123
3416,0.1.1.0.0.0.0.1.0.0.0.1.0.0.0.0.,3725795,4194304,355709296312320,323534269497157,0.17088313391094312,0.13678014521566814
3417,1.0.3.0.0.0.0.0.0.0.0.0.0.0.0.0.,3725835,4194304,1778555071496192,1617688714746705,0.17086764527244763,0.13677162441649515
3418,0.0.0.0.0.1.0.0.0.1.0.0.0.1.0.1.,3727353,4194304,1778880952139776,1618347802298619,0.17027997430470834,0.13644827100027984
3419,1.0.1.0.1.0.0.0.0.0.0.0.0.1.0.0.,3728943,4194304,1779221865168896,1619038150920189,0.16966468619120453,0.1361094411923642
3420,1.0.1.0.0.0.0.0.0.0.1.1.0.0.0.0.,7459527,8388608,3558795246567424,3238788793719621,0.16934727692303606,0.1359345396363408
3421,0.0.1.0.0.1.0.0.0.1.0.0.1.0.0.0.,1865331,2097152,889794844426240,809892254479113,0.16899977355328696,0.13574275024899968
3422,0.0.0.0.2.0.0.0.0.0.1.0.0.0.1.0.,3731167,4194304,1779697599905792,1620003770627341,0.16880449676611822,0.13563495318958987
3423,0.0.0.0.0.0.1.2.0.0.0.0.1.0.0.0.,7463247,8388608,3559590083952640,3240403948985181,0.1686279970273175,0.13553744178205046
3424,0.0.0.0.0.0.0.2.0.0.1.0.1.0.0.0.,7464051,8388608,3559761479991296,3240753030929673,0.16847258687686745,0.1354514964453055
3425,0.0.0.0.0.0.0.0.0.2.0.0.0.0.1.1.,7464903,8388608,3559942673924096,3241122953587269,0.16830791677658152,0.13536025849407943
3426,0.0.0.0.0.0.0.1.0.1.1.0.1.0.0.0.,7466551,8388608,3560292982194176,3241838484737173,0.1679894532917743,0.13518375323336557
3427,0.0.1.0.0.0.0.0.0.1.0.0.2.0.0.0.,3733565,4194304,1780207962816512,1621044937919495,0.16787758262450972,0.13512170060861592
3428,0.0.1.0.0.1.0.1.0.0.0.1.0.0.0.0.,3734437,4194304,1780393049063424,1621423544207551,0.1675406705344025,0.13493477612448104
3429,1.0.2.0.0.0.0.0.0.0.1.0.0.0.0.0.,7469511,8388608,3560921255378944,3243123662045253,0.1674176322352017,0.13486649736191497
3430,0.0.2.0.0.0.0.0.0.0.1.1.0.0.0.0.,7470293,8388608,3561087148490752,3243463191996239,0.16726660113425748,0.13478267572105393
3431,0.0.1.0.0.0.1.0.0.0.0.0.2.0.0.0.,7471303,8388608,3561301359984640,3243901715334469,0.16707155878489705,0.13467441377117864
3432,0.0.2.0.0.1.0.1.0.0.0.0.0.0.0.0.,1868065,2097152,178075201437696,162215861352599,0.16688677565706894,0.13457173010065815
3433,0.0.0.0.0.0.0.1.0.0.0.1.1.0.1.0.,7474049,8388608,3561882791182336,3245093977796627,0.16654140859146416,0.13437978406678408
3434,0.0.0.0.1.0.0.0.0.0.1.1.0.0.1.0.,7475807,8388608,3562254305853440,3245857268914061,0.1662021066084118,0.13419095149969198
3435,0.0.1.0.0.0.0.1.0.0.0.0.1.1.0.0.,3739325,4194304,1781427397984256,1623545823491975,0.16565356351511723,0.13388558338120485
3436,1.0.0.0.0.0.1.1.0.1.0.0.0.0.0.0.,7479615,8388608,323914412589056,295228239286695,0.16546741883638755,0.13378193712665543
3437,0.0.2.0.0.0.0.0.0.0.1.0.0.0.1.0.,7480695,8388608,1187762057248768,1082659849399495,0.16525911959033357,0.13366580445363624
3438,0.0.0.0.0.1.0.0.0.0.1.0.0.0.1.1.,1870591,2097152,890909388439552,812176049290093,0.16493727924562473,0.1334862238288199
3439,0.1.1.0.0.0.2.0.0.0.0.0.0.0.0.0.,7483203,8388608,3563814184288256,3249068475458169,0.1647755184328772,0.13339596795197015
3440,0.1.0.0.0.0.0.0.0.0.0.0.1.0.1.1.,3742211,4194304,1782035404292096,1624798871367353,0.16454052520466203,0.13326485703937826
3441,0.0.0.0.1.0.0.1.0.2.0.0.0.0.0.0.,7485259,8388608,3564246902243328,3249961152669457,0.1643791943452426,0.13317480511536145
3442,0.0.1.0.0.0.0.0.0.0.0.0.2.0.1.0.,3742955,4194304,1782191902162944,1625121902420465,0.16425372725951123,0.133104750622525
3443,0.0.0.0.0.0.0.0.0.0.0.1.0.0.1.2.,3743227,4194304,1782249078915072,1625239999794721,0.16414889062815644,0.13304619817272603
3444,0.0.0.0.1.0.0.1.0.1.0.0.1.0.0.0.,935963,1048576,445595085963264,406377840811649,0.16390802649338504,0.13291158647134818
3445,1.0.0.0.0.1.0.0.0.2.0.0.0.0.0.0.,1872075,2097152,891221444657152,812820374670225,0.16379319663024883,0.13284738129329718
3446,0.0.0.0.2.0.0.1.0.0.0.0.0.0.1.0.,7488879,8388608,1188335703818240,1083844296594239,0.16368165086731298,0.13278493760503332
3447,0.1.0.0.0.1.0.0.0.0.1.0.0.0.1.0.,7490513,8388608,3565349131780096,3252242342391299,0.16336690328527992,0.13260859293327545
3448,0.0.0.0.0.0.1.1.0.1.0.0.0.0.0.1.,7491795,8388608,713123459760128,650559792620757,0.16312000740689675,0.13247020499266407
3449,0.0.0.0.0.0.2.0.0.0.0.1.0.0.0.1.,7492401,8388608,3565744000335872,3253062077106723,0.16300331470009347,0.132404776460793
3450,0.0.0.0.1.0.0.1.0.1.1.0.0.0.0.0.,3747029,4194304,1783045208145920,1626890757945167,0.16268428727773915,0.13222590164237108
3451,0.0.1.0.0.0.2.1.0.0.0.0.0.0.0.0.,1873699,2097152,891561124560896,813525485463577,0.16254222052052922,0.13214616882499147
3452,0.0.0.0.0.0.1.0.0.1.0.0.0.0.0.2.,3747735,4194304,1783192579211264,1627197290100405,0.16241248613713477,0.13207333624427206
3453,0.0.0.0.1.1.0.0.0.0.0.0.0.0.2.0.,3748087,4194304,1783265996308480,1627350121996501,0.16227698968197182,0.1319972367958832
3454,0.0.0.0.1.0.0.0.0.0.0.0.0.1.2.0.,7497697,8388608,209814663725056,191491853085443,0.16198390665426932,0.13183249507365088
3455,1.0.1.0.0.0.0.1.0.0.0.1.0.0.0.0.,3749629,4194304,1783587179331584,1628019629904967,0.16168357275756018,0.1316636394564588
3456,0.0.1.0.1.1.0.0.0.0.0.0.0.0.1.0.,7500659,8388608,3567465879568384,3256647548123657,0.16141407583192213,0.13151203936947303
3457,0.0.0.0.1.0.0.0.0.0.0.0.2.1.0.0.,3751091,4194304,1783891316703232,1628654403291593,0.16112116803468274,0.1313472221890775
3458,0.1.2.0.0.0.0.1.0.0.0.0.0.0.0.0.,3751509,4194304,1783978088464384,1628835891168207,0.16096041135627376,0.13125663914950553
3459,1.0.0.1.0.0.0.0.0.0.0.0.2.0.0.0.,3751937,4194304,1784066873491456,1629021720860051,0.16079582738294468,0.13116385344085885
3460,2.0.0.0.0.0.0.0.0.2.0.0.0.0.0.0.,3752113,4194304,1784103380713472,1629098136808099,0.16072815343960928,0.13112570095216744
3461,0.0.2.0.0.0.0.0.1.0.0.1.0.0.0.0.,7505829,8388608,1189512893956096,1086297422199189,0.1604200079785384,0.13095175110696847
3462,0.0.2.0.0.0.2.0.0.0.0.0.0.0.0.0.,7506229,8388608,3568621494206464,3259065939206767,0.1603431260458291,0.130908348302279
3463,0.0.0.0.1.0.0.1.0.0.0.0.1.0.1.0.,3753907,4194304,1784474626949120,1629877058460361,0.1600385216633448,0.1307362420200443
3464,0.2.1.0.1.0.0.0.0.0.0.0.0.0.0.0.,3754189,4194304,1784532877443072,1629999497649847,0.1599301479819955,0.13067496137431234
3465,0.0.0.0.1.0.0.0.0.0.0.0.1.0.2.0.,7509057,8388608,1189735292731392,1086764601517937,0.15979968762928798,0.13060114083920446
3466,0.0.1.0.0.1.0.0.0.0.0.1.0.0.0.1.,7510775,8388608,3569560347213824,3261039728410325,0.15946965063672291,0.13041437529749442
3467,0.1.0.0.0.1.0.0.1.0.0.0.0.0.1.0.,7513811,8388608,3570186070261760,3262357903514153,0.15888660332962856,0.1300842018287002
3468,0.0.0.0.0.0.1.0.0.0.0.2.0.0.1.0.,3757351,4194304,1785184840056832,1631372379625573,0.15871553633411967,0.12998732878450797
3469,0.0.1.0.0.2.0.0.0.0.1.0.0.0.0.0.,7515593,8388608,3570553289965568,3263131614988139,0.15854448962040743,0.129890472206712
3470,0.1.1.0.1.0.0.0.0.0.0.0.0.0.0.1.,1879203,2097152,892701018947584,815915220566169,0.15831050906191416,0.12975781901424632
3471,0.1.1.0.0.0.0.0.0.0.0.0.0.0.1.1.,469839,524288,223183123251200,203995412584797,0.1581930532277086,0.129691227539831
3472,0.0.1.0.0.1.0.0.0.0.0.0.0.0.0.2.,3759055,4194304,357107090063360,326422444988153,0.15806140658333445,0.1296165164844512
3473,0.0.1.0.0.0.0.1.0.0.1.0.0.0.0.1.,7519301,8388608,3571315445334016,3264741560075423,0.15783287657942732,0.12948677795152153
3474,0.2.0.0.0.0.0.0.0.0.0.0.0.0.0.2.,7531701,8388608,3573858065973248,3270125410960623,0.1554557029461329,0.12813637472096492
3475,0.0.0.0.0.1.0.0.0.0.0.1.1.0.1.0.,7533079,8388608,3574140594290688,3270723713099317,0.1551917716080198,0.12798648990749908
3476,0.0.1.0.0.0.0.0.0.0.0.0.0.0.1.2.,7533387,8388608,3574203676622848,3270857441008401,0.15513278629950011,0.12795296743745724
3477,0.0.0.0.1.0.1.0.0.1.1.0.0.0.0.0.,1883779,2097152,893639435747328,817902035215417,0.15480170898722243,0.12776479873870805
3478,0.0.0.0.0.0.3.0.0.0.0.0.1.0.0.0.,7535423,8388608,3574620556886016,3271741434589229,0.15474293107919748,0.12773137235878182
3479,0.0.2.0.0.0.0.0.0.0.0.1.1.0.0.0.,7536127,8388608,3574764438290432,3272047098381421,0.15460815299605082,0.1276546627637064
3480,0.0.0.0.0.0.0.0.0.1.0.1.1.0.1.0.,3768815,4194304,357507126001664,327269967321049,0.15432045157514532,0.1274907824211551
3481,2.0.0.0.0.0.0.1.0.0.0.0.0.0.0.1.,3769065,4194304,357517326548992,327291676397199,0.15422475523602758,0.12743624909119855
3482,0.0.1.0.0.0.1.0.0.0.0.0.0.0.1.1.,3770099,4194304,1787797354577920,1636907325680777,0.15382902258406972,0.12721057221218598
3483,0.0.0.0.1.1.0.1.0.0.0.0.0.0.1.0.,7541625,8388608,91689356099584,83959852010125,0.15355601502662894,0.12705464236050223
3484,0.1.1.0.0.0.0.0.0.0.1.0.0.0.1.0.,7543693,8388608,3576305257807872,3275332115784439,0.15316046574311395,0.12682868185837498
3485,1.0.1.1.0.0.0.0.0.0.0.0.1.0.0.0.,1886745,2097152,178848656261120,163837963522527,0.15253197970085494,0.12646959089851526
3486,0.0.1.0.1.1.0.1.0.0.0.0.0.0.0.0.,7548483,8388608,1192426022633472,1092470615093203,0.15224469197028034,0.1263052899845115
3487,0.0.0.0.2.1.0.0.0.0.0.0.1.0.0.0.,7549059,8388608,3577394904432640,3277661933836857,0.15213460883966806,0.12624232556534878
3488,0.0.0.0.0.0.0.0.0.0.0.1.2.0.0.1.,1887413,2097152,894378790879232,819479850869999,0.15202128550237295,0.12617749960479008
3489,0.0.1.0.0.0.0.0.0.1.1.0.0.0.1.0.,943861,1048576,447220668170240,409807006480303,0.151785112349026,0.12604221309223648
3490,0.0.2.0.0.1.1.0.0.0.0.0.0.0.0.0.,7551661,8388608,3577921709015040,3278791674159703,0.15163742823721402,0.1259575795485261
3491,0.0.0.0.0.0.2.1.0.0.0.1.0.0.0.0.,3776161,4194304,1789027694936064,1639539334073203,0.15151115407196417,0.1258852073751188
3492,1.0.1.0.0.0.0.0.0.0.0.0.0.0.0.2.,3776347,4194304,1789065275899904,1639620091836481,0.15144009389495816,0.1258444526544592
3493,1.0.0.0.0.0.1.0.0.0.0.1.0.0.1.0.,1888639,2097152,894626456141824,820012157417197,0.15108446356121275,0.12564012361161628
3494,0.0.2.0.0.0.0.0.0.0.0.1.0.1.0.0.,7556341,8388608,3578864991207424,3280823643687343,0.1507436220267936,0.12544407489130102
3495,0.0.0.0.0.0.2.0.0.0.0.0.0.0.1.1.,7557151,8388608,3579027696648192,3281175330720973,0.15058898099687953,0.12535502141425986
3496,0.0.0.0.0.1.1.0.0.0.0.1.0.0.1.0.,3779441,4194304,1789687526064128,1640963449468643,0.1502585629398807,0.1251646144872561
3497,0.0.0.1.0.1.0.0.0.0.0.0.0.0.2.0.,7560667,8388608,3579732071284736,3282701912955841,0.14991791644838137,0.12496786017619305
3498,0.0.0.0.0.0.0.0.0.1.2.1.0.0.0.0.,1890305,2097152,894960666673152,820735503834515,0.14981239914647757,0.12490691408203103
3499,0.0.0.0.0.0.1.0.0.0.0.0.0.0.3.0.,7561709,8388608,3579940377198592,3283154330102807,0.14971910004082936,0.12485299227638506
3500,0.0.1.0.0.0.0.0.0.1.0.0.1.1.0.0.,1891037,2097152,895106796224512,821053324709351,0.14925383936366912,0.12458389891853144
3501,0.1.2.0.1.0.0.0.0.0.0.0.0.0.0.0.,1891179,2097152,99459457351680,91234997609513,0.1491455099102997,0.12452121361816065
3502,0.0.0.0.0.0.0.0.0.0.0.0.2.0.0.2.,3782529,4194304,1790304323633152,1642304202011667,0.14908028729639047,0.12448346332908736
3503,1.2.0.0.0.0.0.0.1.0.0.0.0.0.0.0.,7567041,8388608,3581003784257536,3285469385983443,0.14870216866493566,0.12426454409127496
3504,0.0.1.0.0.1.0.0.0.0.0.0.1.0.1.0.,7568585,8388608,3581311277072384,3286139762254955,0.14840782720183934,0.12409407831797005
3505,0.0.2.0.0.1.0.0.0.0.1.0.0.0.0.0.,7569509,8388608,3581495289577472,3286540945982207,0.14823170856769202,0.12399208535680864
3506,0.0.0.0.0.1.1.0.0.0.0.0.1.0.1.0.,946373,1048576,447723552636928,410897670466079,0.14795061135480161,0.12382906231341777
3507,0.0.3.0.0.0.0.0.0.0.1.0.0.0.0.0.,7571473,8388608,3581885594730496,3287393678493379,0.14785743256945127,0.12377502319889061
3508,0.0.2.2.0.0.0.0.0.0.0.0.0.0.0.0.,7572331,8388608,275542762848256,252905092787701,0.14769395550035988,0.12368014611282124
3509,0.0.1.0.1.0.0.0.0.0.1.0.0.0.0.1.,946741,1048576,447796583858176,411057449266543,0.14738972407412618,0.12350348360183928
3510,0.0.1.0.1.1.1.0.0.0.0.0.0.0.0.0.,946917,1048576,447831480467456,411133865214591,0.14712155069970737,0.12334773449633958
3511,0.0.0.0.0.1.0.1.0.2.0.0.0.0.0.0.,3788161,4194304,1791423632375808,1644749512349203,0.14693378282475605,0.12323865839725846
3512,1.0.0.0.0.0.0.1.0.1.1.0.0.0.0.0.,7577287,8388608,3583038390796288,3289918009868101,0.14675003772266984,0.1231318714299104
3513,0.1.1.0.0.0.0.0.0.0.0.0.1.0.1.0.,1894665,2097152,298609192992768,274209511758265,0.1464886459011546,0.12297996493598051
3514,0.0.0.1.1.0.0.0.0.0.0.0.2.0.0.0.,7579973,8388608,3583570161434624,3291084221438879,0.14623872117596012,0.12283465416283446
3515,0.0.2.0.0.0.0.0.0.0.1.0.0.1.0.0.,7581759,8388608,3583923422494720,3291859669638957,0.14589883212437346,0.12263697604565171
3516,0.2.0.0.2.0.0.0.0.0.0.0.0.0.0.0.,7582101,8388608,3583991068229632,3292008159719823,0.14583375612076122,0.12259913032399242
3517,0.0.0.0.0.0.0.0.0.0.0.0.1.0.1.2.,7582665,8388608,3584102468943872,3292253038098795,0.1457264442105825,0.12253666081358557
3518,0.0.0.0.0.0.0.0.0.3.0.0.0.0.1.0.,3791463,4194304,1792077004275712,1646183179738149,0.14567678661323477,0.12250774910792266
3519,0.0.1.0.0.0.0.3.0.0.0.0.0.0.0.0.,7583187,8388608,3584205548158976,3292479680853801,0.1456271307250439,0.12247883881309601
3520,0.0.1.0.0.0.0.0.0.0.1.1.0.0.1.0.,7584573,8388608,1194826271817728,1097693818814893,0.14536346946824164,0.12232516743738912
3521,1.0.0.2.1.0.0.0.0.0.0.0.0.0.0.0.,7587329,8388608,3585022128816128,3294278060722067,0.14483933378948188,0.12201969007305356
3522,0.0.0.0.0.1.0.0.0.0.1.0.1.0.1.0.,7589089,8388608,3585367873683456,3295042220202547,0.14450471684846886,0.12182420207920239
3523,0.0.0.0.0.0.0.0.0.0.1.1.0.0.2.0.,3794931,4194304,66398512480256,61025515602219,0.14435777609247444,0.12173834203797032
3524,0.1.0.0.2.0.0.0.0.0.0.0.0.0.1.0.,3795249,4194304,597607416070144,549275663661409,0.14423688909815516,0.12166767862765622
3525,0.0.0.0.1.0.0.0.0.1.0.0.1.0.1.0.,7592171,8388608,3585972792983552,3296380367656433,0.14391894383923184,0.12148181844916833
3526,0.2.0.0.0.0.0.0.0.2.0.0.0.0.0.0.,3796263,4194304,1793021225992192,1648267251048549,0.14385148688047805,0.12144238616454706
3527,0.0.0.0.1.0.0.0.0.1.0.0.0.0.2.0.,7593245,8388608,3586183514816512,3296846678612135,0.14371487244909037,0.12136252138085121
3528,0.0.0.3.0.1.0.0.0.0.0.0.0.0.0.0.,7594599,8388608,3586448863264768,3297434560394277,0.1434576392182857,0.12121203191451184
3529,0.2.0.0.0.0.0.0.0.0.0.0.1.0.0.1.,7595117,8388608,3586550331867136,3297659466423191,0.143359241587748,0.12115445075292108
3530,0.0.1.0.0.0.0.0.0.0.1.0.1.0.0.1.,7596595,8388608,3586839705288704,3298301186714185,0.14307852230118417,0.12099012764677534
3531,0.1.0.0.0.0.1.0.0.1.0.0.0.0.1.0.,3798893,4194304,1793536219414528,1649409148454039,0.1428523531933781,0.12085756535151092
3532,0.0.0.0.0.0.0.1.0.0.1.1.0.0.1.0.,7599325,8388608,3587372281233408,3299486502271975,0.1425601519091316,0.12068595351130862
3533,0.0.0.0.0.1.1.0.0.1.0.0.0.0.1.0.,7601213,8388608,3587740037808128,3300306236987399,0.14220176877148144,0.12047545951141027
3534,0.0.0.0.1.0.1.1.0.0.0.0.0.0.1.0.,7602937,8388608,3588075716345856,3301054765933051,0.14187459411704142,0.12028326094293945
3535,0.0.1.0.0.0.1.1.0.0.0.0.0.0.1.0.,7604173,8388608,3588316234514432,3301591414295479,0.14164007604300036,0.12014544727734051
3536,0.0.1.0.0.1.0.0.0.0.1.0.0.0.0.1.,1901445,2097152,179431421247488,165114457200147,0.14133522159153225,0.11996610461801105
3537,1.0.1.0.0.0.0.0.0.0.0.1.0.0.1.0.,3803817,4194304,1794493527359488,1651547058273291,0.14098359024579363,0.11975864187296122
3538,0.0.0.0.1.0.1.1.0.0.1.0.0.0.0.0.,3804677,4194304,1794659823124480,1651920454383071,0.14065745008180103,0.11956619010409622
3539,0.0.1.0.0.0.0.0.0.0.0.1.1.0.1.0.,7610755,8388608,3589590497624064,3304449197079865,0.140391852015717,0.11940945422685002
3540,0.0.0.0.0.1.0.0.0.1.0.1.0.0.1.0.,7612499,8388608,3589927249903616,3305206409655977,0.14006129717345822,0.11921423740064148
3541,0.0.1.0.0.0.0.0.0.0.0.2.0.0.1.0.,1903309,2097152,897517380173824,826381600359607,0.13992163018911027,0.11913174408146504
3542,0.0.0.0.0.0.0.2.0.1.0.0.1.0.0.0.,7614073,8388608,3590230850404352,3305889811373179,0.13976302885640726,0.11903797278628488
3543,0.3.0.0.0.0.0.0.0.0.0.0.0.0.0.1.,7622329,8388608,3591822135787520,3309474414027067,0.1381995506253514,0.11811379353364532
3544,1.0.0.0.0.1.2.0.0.0.0.0.0.0.0.0.,7623059,8388608,3591962661748736,3309791366538857,0.13806138852929273,0.11803207413822489
3545,0.0.3.0.0.0.0.1.0.0.0.0.0.0.0.0.,7623347,8388608,3592017959452672,3309916410817481,0.13800688438296138,0.11799977988566963
3546,0.0.2.0.2.0.0.0.0.0.0.0.0.0.0.0.,3811797,4194304,598677534015488,551670608942277,0.13796014114769461,0.11797201182278169
3547,0.0.1.1.0.0.0.0.0.0.0.0.1.0.1.0.,7625885,8388608,718500658151424,662203672704571,0.13752665560192046,0.11771446598978122
3548,0.0.1.0.0.0.0.0.0.2.0.0.0.0.0.1.,1906681,2097152,898165886681088,827845660455163,0.13736793899933442,0.1176201043268829
3549,1.0.0.1.1.0.0.0.0.0.0.0.0.0.1.0.,7629457,8388608,3593185519468544,3312569259923011,0.1368510487515159,0.11731280587090785
3550,0.0.0.0.2.0.0.0.0.0.0.1.0.0.1.0.,7630273,8388608,3593341077815296,3312923552045779,0.13669675517561547,0.11722096896372618
3551,0.0.0.0.0.1.0.0.0.0.0.0.0.0.2.1.,3815531,4194304,1796745700835328,1656633060633713,0.1365475825916606,0.11713214883164948
3552,0.2.0.0.0.0.0.1.0.0.0.0.0.0.0.1.,3815809,4194304,1796798582620160,1656753763097107,0.13644247150460523,0.11706949849237833
3553,0.1.0.0.0.0.1.1.0.0.0.0.0.0.1.0.,3816583,4194304,1796945215488000,1657089819595909,0.1361498644253368,0.11689462184870372
3554,0.1.1.0.0.0.1.0.0.0.0.0.0.0.1.0.,7634797,8388608,3594199400185856,3314887789255831,0.1358416326565487,0.11671041422474152
3555,0.1.0.0.0.0.0.0.0.0.0.0.0.0.0.3.,7643053,8388608,3595760620797952,3318472391909719,0.13428239606017006,0.11577770830826388
3556,1.1.0.0.0.0.0.0.0.0.0.0.1.0.1.0.,477763,524288,224748661899264,207435866973049,0.13406439588664032,0.115647159483514
3557,0.0.1.0.0.0.0.0.0.0.0.0.2.0.0.1.,1911211,2097152,899024578150400,829812502754353,0.1339443682948008,0.11557516325893255
3558,0.0.2.0.0.0.0.1.0.0.0.1.0.0.0.0.,1911387,2097152,299685887606784,276629639567467,0.13381151920767426,0.11549540527986228
3559,0.0.1.0.0.0.0.1.0.0.1.1.0.0.0.0.,1911859,2097152,899146380738560,830093852381257,0.13345530249404447,0.11528154493696675
3560,0.0.0.1.0.0.1.0.0.0.0.0.0.0.2.0.,3824611,4194304,1798460533637120,1660575428862553,0.133118411474485,0.11507924422346782
3561,0.0.0.0.0.0.1.0.0.2.0.0.1.0.0.0.,7650067,8388608,3597079813292032,3321517741112041,0.13295904755753554,0.11498355060527676
3562,0.1.0.0.0.0.0.2.0.0.0.0.0.0.0.1.,478181,524288,224827210727424,207617354849663,0.13280271828727103,0.11488961038795015
3563,0.0.1.0.0.2.0.0.0.1.0.0.0.0.0.0.,7651769,8388608,3597398848831488,3322256718064187,0.13263810999556988,0.114790564216025
3564,0.1.1.0.0.0.1.1.0.0.0.0.0.0.0.0.,7653291,8388608,3597683390414848,3322917542342193,0.13235117458212217,0.11461773638823206
3565,0.0.0.0.0.0.0.0.0.0.0.0.1.0.3.0.,3826739,4194304,1798859143512064,1661499367143497,0.1323159242987136,0.11459647981008422
3566,0.0.0.0.0.0.2.0.0.0.0.0.0.1.1.0.,7654957,8388608,3597994238672896,3323640888759511,0.13203715694305462,0.11442836558960143
3567,1.1.0.0.0.0.0.1.0.0.0.0.0.0.0.1.,3827951,4194304,1799084830621696,1662025595149373,0.13185906806961242,0.11432061454505925
3568,0.0.0.0.1.0.0.0.0.0.0.0.1.0.1.1.,7657217,8388608,3598413669072896,3324622139001491,0.13161128785143056,0.11417066655351638
3569,0.0.1.0.0.1.1.0.0.0.0.0.1.0.0.0.,7658975,8388608,719747909943296,665077086023785,0.13128010136682383,0.1139701279443817
3570,0.0.0.0.0.0.2.0.0.1.0.0.0.0.1.0.,59843,65536,4016642129920,3711817840127,0.13110511941225275,0.11386401654891513
3571,1.1.0.0.0.0.0.0.0.0.1.0.0.0.1.0.,7660999,8388608,3599113211871232,3326264213521477,0.13089889774601504,0.11373871358877985
3572,0.0.1.0.0.0.1.0.0.1.0.0.0.0.0.1.,478887,524288,224958316281856,207923887004901,0.13067425325946413,0.11360219215783157
3573,0.0.0.0.0.0.0.0.0.0.0.0.2.0.1.1.,1915709,2097152,899862927245312,831765451244807,0.13055300119951627,0.11352849633605848
3574,0.0.1.0.2.0.0.0.0.0.0.0.0.0.0.1.,7663661,8388608,3599603643449344,3327420004735703,0.13039768542059002,0.11343407607549233
3575,0.0.1.1.1.0.0.0.0.0.0.0.0.0.1.0.,7666069,8388608,3600047098822656,3328465513843087,0.12994444721130213,0.11315856061738885
3576,0.1.0.0.0.0.0.0.0.0.2.0.0.0.1.0.,7666737,8388608,3600170042261504,3328755547100451,0.12981874024182458,0.11308212157582988
3577,0.0.1.0.0.0.0.1.0.0.0.1.1.0.0.0.,3834335,4194304,1800262591184896,1664797409992205,0.1294550420982008,0.11286073160037031
3578,0.0.0.0.0.0.1.1.0.0.2.0.0.0.0.0.,7669601,8388608,3600696075091968,3329999042982323,0.1292799051372334,0.11275406804802054
3579,0.1.1.0.1.0.0.0.0.0.0.0.0.0.1.0.,7671081,8388608,3600967731773440,3330641631636363,0.12900153567919495,0.11258453947949897
3580,0.0.0.0.0.1.0.0.0.0.1.0.0.0.0.2.,3836017,4194304,1800571107409920,1665527703313891,0.12882231674278793,0.1124752238985463
3581,2.0.0.0.0.0.0.2.0.0.0.0.0.0.0.0.,3836193,4194304,600201106554880,555201373087313,0.12875612608136416,0.11243484285067117
3582,0.0.0.0.0.0.1.0.0.1.1.0.1.0.0.0.,3837053,4194304,1800759951753216,1665977515371719,0.12843273810700245,0.11223694754147236
3583,0.0.2.0.0.0.0.0.0.0.2.0.0.0.0.0.,479655,524288,8337009147904,7713234756095,0.12836242961794694,0.11219389758415642
3584,0.1.0.0.0.0.0.2.0.0.0.0.0.0.1.0.,7675319,8388608,3601740154798080,3332481692930837,0.12820471795794264,0.11209715284692529
3585,0.0.2.1.0.0.0.0.0.0.0.0.1.0.0.0.,3838421,4194304,1801007986114560,1666571475695183,0.12791847492616595,0.11192138563724213
3586,0.1.0.0.0.0.2.0.0.0.0.0.0.0.1.0.,1919401,2097152,900538436681728,833368449427723,0.12777528075008693,0.11183337244453888
3587,0.0.0.0.0.0.0.0.0.1.1.2.0.0.0.0.,1919551,2097152,900565548662784,833433576656173,0.1276625394309751,0.11176406484267992
3588,0.0.1.0.0.0.1.0.0.0.0.2.0.0.0.0.,7679249,8388608,3602450904776704,3334188026316227,0.1274662026660108,0.11164330392886387
3589,0.0.2.1.0.0.0.0.0.0.0.1.0.0.0.0.,7681119,8388608,3602788596580352,3334999945764237,0.12711492986580306,0.11142726224505058
3590,0.1.0.0.0.0.0.0.0.0.0.0.0.0.1.2.,7681369,8388608,3602833693736960,3335108491144987,0.12706797474235507,0.11139836564356663
3591,0.0.0.0.0.1.0.0.0.1.0.0.1.0.1.0.,3841571,4194304,1801576700182528,1667939147492633,0.1267350128512998,0.11119341929324802
3592,0.0.2.0.1.0.0.0.0.0.0.0.1.0.0.0.,7683821,8388608,3603275270062080,3336173104239383,0.1266075198738779,0.11111472186091194
3593,1.0.0.0.2.0.0.0.0.0.0.0.0.1.0.0.,7684677,8388608,514775545020416,476649251946153,0.12644680840340392,0.11101548612860732
3594,0.0.1.1.0.0.0.0.0.0.2.0.0.0.0.0.,1921539,2097152,900923373125632,834296729523897,0.12616917270570818,0.1108438146973761
3595,0.0.1.0.0.0.1.0.0.0.1.1.0.0.0.0.,3844011,4194304,1802013377560576,1668998550408753,0.1258189661503375,0.11062701962608845
3596,1.0.1.0.0.1.0.0.0.0.0.0.0.0.1.0.,1922469,2097152,901089232683008,834700518340287,0.12547109589931,0.11041131290506476
3597,0.0.0.0.0.0.2.0.0.0.0.0.0.0.2.0.,3845125,4194304,1802211717808128,1669482228625375,0.12540093159176155,0.11036776787617145
3598,0.0.2.0.0.0.0.0.0.0.0.0.2.0.0.0.,7690661,8388608,3604496450060288,3339142905856703,0.12532382983076099,0.11031989034792467
3599,0.0.0.0.0.0.1.0.1.0.0.0.0.0.2.0.,3846127,4194304,1802389589852160,1669917278511421,0.1250250290887233,0.11013424734225732
3600,0.2.0.0.0.0.0.0.0.0.0.0.1.0.1.0.,1923205,2097152,901219893641216,835020075941215,0.12491887875190832,0.11006827620736671
3601,0.0.2.1.0.0.0.0.0.0.1.0.0.0.0.0.,1923679,2097152,901303712612352,835225877983117,0.12456335076986254,0.10984692146295044
3602,0.0.0.0.0.2.1.0.0.0.0.0.0.0.1.0.,3847791,4194304,600894643109888,556879918855231,0.12440099213239776,0.1097457906609064
3603,0.0.0.0.2.0.0.0.0.0.0.0.1.1.0.0.,7696895,8388608,3605599786893312,3341849593471085,0.12415486428783036,0.10959246637047287
3604,0.1.0.0.1.0.0.0.0.0.1.0.0.0.1.0.,3849281,4194304,1802946996076544,1671286687034963,0.12384243801265571,0.10939775453353327
3605,0.0.0.0.0.0.0.0.0.1.0.0.0.0.2.1.,3849699,4194304,601006849130496,557156058303859,0.12368578179905751,0.1092999519374766
3606,0.0.0.0.0.0.2.1.0.0.1.0.0.0.0.0.,7700225,8388608,277398926917632,257176570610975,0.12353082881092758,0.10920299104151568
3607,0.0.1.0.0.0.0.0.0.1.1.0.0.0.0.1.,7701773,8388608,3606456632868864,3343967530940279,0.12324082852254734,0.10902123642189525
3608,0.0.0.0.0.1.1.0.0.0.2.0.0.0.0.0.,7702437,8388608,1202190597226496,1114751942490517,0.12311645349679223,0.10894292777359967
3609,1.0.0.0.0.1.0.0.0.1.0.0.0.0.1.0.,3851999,4194304,1803421187309568,1672466792414477,0.12282410202592513,0.10875881039448529
3610,0.1.1.0.0.1.0.0.0.0.0.0.0.0.1.0.,1926395,2097152,901778868535296,836405114999585,0.12252787800697992,0.10857181887580578
3611,0.1.0.0.0.0.0.0.0.0.0.0.0.0.2.1.,1926439,2097152,901786451836928,836424218986597,0.12249492637615343,0.1085509992055296
3612,0.0.0.0.0.0.0.1.0.2.0.0.1.0.0.0.,7706681,8388608,3607305123790848,3346098493855163,0.12232175546042809,0.10844154624829497
3613,0.0.2.0.0.0.0.0.0.1.0.0.0.0.0.1.,7707287,8388608,3607409478074368,3346361607858101,0.12220831637774295,0.10836984170831811
3614,1.1.0.0.0.0.0.0.0.1.0.0.0.0.0.1.,963529,1048576,450946501967872,418346488674667,0.12203143659635539,0.10825796342102964
3615,0.0.0.0.0.0.0.0.0.3.0.1.0.0.0.0.,1927133,2097152,901905888837632,836725540963559,0.12197528881951696,0.10822242657164122
3616,0.0.0.0.0.0.0.0.0.3.1.0.0.0.0.0.,7708757,8388608,3607662210056192,3346999854696911,0.12193317942087716,0.10819577517535428
3617,0.2.0.0.0.0.0.0.0.1.0.0.0.0.0.1.,7709293,8388608,3607754014982144,3347232575993239,0.12183287042690866,0.10813217827318354
3618,0.0.0.0.0.0.1.0.0.0.0.1.0.0.2.0.,7710217,8388608,3607912257683456,3347633759720491,0.12165996607140359,0.10802255177778183
3619,0.0.0.0.0.0.0.0.0.0.2.0.0.0.1.1.,481941,524288,25055942148096,23249986375127,0.1215029853681244,0.10792291591510335
3620,0.0.1.0.1.1.0.0.0.0.1.0.0.0.0.0.,7712765,8388608,37982602002432,35249895307801,0.12118327654435507,0.10771976814611015
3621,0.0.0.0.0.1.0.0.0.0.2.0.0.0.1.0.,3856839,4194304,1804251441397760,1674568230985797,0.12101250735616703,0.1076112468606609
3622,1.0.2.1.0.0.0.0.0.0.0.0.0.0.0.0.,7714589,8388608,3608658038489088,3349532001339047,0.12084213239651961,0.1075029024839953
3623,0.1.0.1.0.0.0.0.0.2.0.0.0.0.0.0.,7715899,8388608,3608881108353024,3350100779134177,0.12059717183427361,0.10734711962623471
3624,0.0.0.0.0.1.1.0.0.0.0.0.0.0.2.0.,7716681,8388608,3609014252339200,3350440309085163,0.1204509632906677,0.10725413606276597
3625,0.0.0.0.0.0.1.1.0.0.0.0.0.0.2.0.,15073,16384,7049086648320,6544418096179,0.12032103335013483,0.10717142018689207
3626,0.0.0.0.1.0.1.0.0.0.0.1.0.0.1.0.,1929793,2097152,902359125327872,837880463814739,0.11998532613047301,0.1069572820722083
3627,0.0.1.0.0.0.0.0.0.0.0.0.1.0.1.1.,1930163,2097152,902421737897984,838041110978249,0.11970874413484206,0.10678080180779008
3628,0.3.0.1.0.0.0.0.0.0.0.0.0.0.0.0.,7721071,8388608,3609757818552320,3352346365971133,0.11963045115908012,0.10673083217698534
3629,0.1.1.0.2.0.0.0.0.0.0.0.0.0.0.0.,7721715,8388608,3609866669129728,3352625978871945,0.11951012369914236,0.10665400786281481
3630,0.0.0.0.0.1.1.0.0.0.1.0.0.0.1.0.,7723581,8388608,1203393758494720,1117812053864621,0.1191615296729228,0.10643114181822094
3631,1.0.0.0.0.0.0.0.0.0.0.0.0.1.2.0.,1931123,2097152,902583705141248,838457925240329,0.11899137315129406,0.10632234343879585
3632,0.0.1.0.1.0.1.0.0.0.0.1.0.0.0.0.,1931563,2097152,902657860435968,838648965110449,0.1186626972916789,0.10611219296442376
3633,0.0.0.0.2.0.0.0.0.1.0.0.0.0.1.0.,1931777,2097152,902693897895936,838741879956371,0.11850286836693193,0.10600996064327371
3634,1.0.0.0.0.0.1.0.0.0.0.0.0.0.2.0.,7727745,8388608,3610882831548416,3355244093455635,0.11838394174348663,0.10593388139813528
3635,0.0.0.0.0.0.1.1.0.0.1.0.1.0.0.0.,3864737,4194304,1805586505138176,1677997396654451,0.11806119031761883,0.10572706355715204
3636,0.0.0.0.1.1.1.0.0.0.0.0.0.0.1.0.,7730903,8388608,3611412723138560,3356615238705269,0.11779449420544753,0.10555613164091746
3637,0.0.0.0.0.0.0.2.0.0.0.0.0.0.1.1.,1932903,2097152,902882910011392,839230768351269,0.1176621909178249,0.105471332756875
3638,0.0.0.0.0.0.0.0.0.0.0.0.0.1.1.2.,7732467,8388608,3611674984579072,3357294298607241,0.1175026593658693,0.1053690617703163
3639,1.0.1.0.0.0.0.0.0.0.0.0.0.1.1.0.,7734453,8388608,3612007844544512,3358156583111919,0.1171321664213203,0.10513152466924768
3640,0.1.1.0.0.0.0.1.0.0.1.0.0.0.0.0.,7735809,8388608,1204078134689792,1119581777752369,0.11687925609821712,0.10496910308997293
3641,1.1.0.0.0.0.1.0.0.0.1.0.0.0.0.0.,3868607,4194304,1806234172784640,1679677679148461,0.11661725344521001,0.1048005316142982
3642,0.0.0.0.0.1.0.0.0.1.0.0.0.0.1.1.,3869375,4194304,1806361948061696,1680011130558125,0.116330876507388,0.10461620912843671
3643,1.0.0.1.2.0.0.0.0.0.0.0.0.0.0.0.,1934945,2097152,903223655268352,840117367021235,0.11613887172472338,0.10449237955823404
3644,0.0.1.0.1.0.0.1.0.0.0.0.1.0.0.0.,7741453,8388608,3613171411582976,3361195853772919,0.11582705821312479,0.1042910893366
3645,0.1.0.0.3.0.0.0.0.0.0.0.0.0.0.0.,7741583,8388608,3613192886419456,3361252297370909,0.11580283165247868,0.10427543738935988
3646,0.0.0.0.0.0.0.0.0.0.0.0.0.1.2.1.,7742309,8388608,3613312340197376,3361567513156607,0.11566754310868711,0.10418784420248914
3647,0.0.0.0.0.0.1.0.0.1.2.0.0.0.0.0.,241973,262144,112920252121088,105060205664879,0.11551344888666773,0.10408794124629832
3648,0.1.1.0.0.0.1.0.0.0.1.0.0.0.0.0.,1936175,2097152,903425971716096,840651410294525,0.11522207505605381,0.10389870136556689
3649,1.0.0.0.0.0.2.0.0.0.0.1.0.0.0.0.,968163,1048576,150575105703936,140119495284083,0.1151095653620423,0.10382557507735103
3650,0.3.0.0.0.1.0.0.0.0.0.0.0.0.0.0.,7745475,8388608,3613830454181888,3362942131858425,0.11507771404559114,0.10380486880165428
3651,0.0.1.0.1.0.0.0.0.0.0.0.0.0.0.2.,7746041,8388608,3613922795978752,3363187878600443,0.11497229306632654,0.10373631157459567
3652,0.0.0.0.1.0.0.2.0.0.1.0.0.0.0.0.,3873443,4194304,1807030251683840,1681777380993689,0.11481492095571634,0.10363391185639326
3653,2.1.0.0.0.0.0.0.0.1.0.0.0.0.0.0.,3873693,4194304,602356928479232,560628642124813,0.11472180944706399,0.10357316128346386
3654,1.1.1.0.0.0.0.0.0.0.0.0.0.0.1.0.,3874069,4194304,1807131720286208,1682049178627087,0.11458178105285155,0.10348178008244782
3655,0.0.1.0.0.1.0.0.0.0.0.0.0.0.1.1.,7749979,8388608,3614561403928576,3364897685438017,0.11423902953242242,0.10325796082716264
3656,0.1.2.1.0.0.0.0.0.0.0.0.0.0.0.0.,7750705,8388608,3614678710222848,3365212901223715,0.1141038875476621,0.10316963903549418
3657,0.0.0.0.1.1.0.0.0.0.1.0.0.0.1.0.,3876341,4194304,1807499074207744,1683035639047343,0.11373594109682553,0.10292918151831362
3658,1.0.1.1.0.0.0.0.0.0.0.0.0.0.1.0.,1938667,2097152,903829665087488,841733390649841,0.11336641408326487,0.10268756065075721
3659,0.1.0.0.0.0.0.0.0.1.0.0.0.0.0.2.,969403,1048576,451926039724032,420896870940769,0.113262978360685,0.10261990233971248
3660,0.2.0.0.0.0.0.0.0.0.0.0.0.0.1.1.,969443,1048576,451932482174976,420914238201689,0.11320345037172276,0.1025809406048775
3661,0.0.0.0.2.0.0.0.0.0.0.0.0.0.0.2.,7755885,8388608,1205171539410944,1122487320504285,0.11314001856166549,0.10253936011859568
3662,0.1.1.0.1.0.0.0.0.0.0.0.1.0.0.0.,484825,524288,225982816976896,210502056888475,0.11289543226779641,0.10237874838124124
3663,2.1.0.0.0.0.0.1.0.0.0.0.0.0.0.0.,1939427,2097152,903951534784512,842063368607321,0.11280095680187248,0.10231661895323071
3664,0.0.1.0.1.0.0.1.0.0.0.1.0.0.0.0.,7759481,8388608,3616089070108672,3369023278269563,0.11247127101682113,0.1020998173006594
3665,1.0.0.0.0.0.1.0.0.0.1.0.0.0.0.1.,3880443,4194304,258308086693888,240688093093527,0.1122100675880638,0.10192803668216358
3666,0.0.1.0.0.0.0.1.0.0.2.0.0.0.0.0.,7761815,8388608,3616461390086144,3370036657944245,0.11203738324729269,0.10181446473694902
3667,0.0.1.0.0.0.0.0.0.0.1.1.0.0.0.1.,485209,524288,226044046475264,210668782593307,0.11175321472771088,0.1016273726310319
3668,0.0.1.3.0.0.0.0.0.0.0.0.0.0.0.0.,485297,524288,226058047062016,210706990567331,0.11149158385897608,0.10145509581471947
3669,0.0.0.0.0.0.0.0.0.1.1.0.0.0.1.1.,3883137,4194304,602861645856768,561995445559217,0.11120882316315829,0.10126850901579926
3670,0.0.0.0.0.0.1.1.0.1.0.0.1.0.0.0.,7767931,8388608,3617432136581120,3372692112138913,0.11090104485177131,0.1010653289336434
3671,0.0.2.0.1.0.0.0.0.0.0.0.0.0.1.0.,7768549,8388608,3617529847087104,3372960436320127,0.11078627168104802,0.1009895238909497
3672,0.0.0.0.0.0.0.1.0.0.0.2.0.0.1.0.,3884711,4194304,1808833777238016,1686669738394853,0.11062415620638,0.10088232599657639
3673,2.0.0.0.0.0.0.0.1.0.0.1.0.0.0.0.,3885157,4194304,1808904107327488,1686863383354111,0.11045853125909823,0.10077279404141128
3674,0.0.0.0.0.0.2.0.0.1.1.0.0.0.0.0.,7771245,8388608,3617954511978496,3374130989706135,0.11028568513926247,0.10065828660158486
3675,0.1.0.0.0.0.1.0.0.0.1.0.0.0.1.0.,3886295,4194304,1809082751123456,1687357481927285,0.11003601382779545,0.10049274728721208
3676,0.4.0.0.0.0.0.0.0.0.0.0.0.0.0.0.,3887323,4194304,1809243812397056,1687803820532929,0.10965444362182976,0.10023961341598643
3677,0.0.0.0.0.0.0.1.0.2.0.0.0.0.0.1.,7775243,8388608,3618581040332800,3375866847435089,0.1095436661185519,0.10016608031113855
3678,0.0.0.0.0.0.0.0.0.0.1.0.0.0.3.0.,7775511,8388608,3618622916263936,3375983208083253,0.10949393962027452,0.10013304926556527
3679,0.0.1.0.0.0.0.0.0.0.0.1.0.0.1.1.,7777093,8388608,3618869876883456,3376670083252639,0.10920043975844328,0.0999380058364789
3680,0.0.3.0.1.0.0.0.0.0.0.0.0.0.0.0.,7595,8192,3534080925696,3297608667185,0.10916575061055422,0.09991487417698183
3681,0.0.0.0.0.0.0.0.0.1.2.0.0.0.1.0.,3889009,4194304,1809506610708480,1688535850580707,0.10902885719443646,0.09982356772889459
3682,0.3.0.0.0.0.0.1.0.0.0.0.0.0.0.0.,3889127,4194304,1809524864319488,1688587084000421,0.10898508372098782,0.099794347538147
3683,0.0.0.0.0.0.0.1.0.0.0.1.0.0.2.0.,7779231,8388608,1206400285933568,1125866121116271,0.10880388308903459,0.09967339165444782
3684,0.0.0.0.0.0.0.0.0.0.0.0.1.1.2.0.,7780523,8388608,3619400573779968,3378159325876529,0.10856429549695411,0.09951341315693263
3685,1.0.1.0.1.0.0.0.0.0.0.0.0.0.0.1.,3890839,4194304,1809789407461376,1689330402767797,0.108350146768855,0.0993703096961347
3686,0.0.0.0.0.2.0.0.0.1.0.0.0.0.1.0.,7782725,8388608,3619739607760896,3379115393590175,0.10815604980155222,0.09924030026213121
3687,0.0.0.0.0.0.0.0.0.0.0.0.0.4.0.0.,7783691,8388608,3619887784132608,3379534812941393,0.10797699209022192,0.09912029899254941
3688,0.0.2.0.0.0.0.1.0.0.1.0.0.0.0.0.,1946079,2097152,33518363082752,31294501633271,0.10786115396128992,0.09904249321619117
3689,0.0.0.0.0.0.0.0.0.0.0.0.0.1.0.3.,7784735,8388608,3620047100575744,3379988098451405,0.10778350128711237,0.09899030186614903
3690,0.0.1.0.0.0.1.0.0.0.0.1.1.0.0.0.,973339,1048576,452543535644672,422605809415297,0.10741716306418896,0.09874398954772788
3691,0.0.0.0.0.0.2.0.0.0.1.1.0.0.0.0.,486711,524288,226278076055552,211320923240853,0.10729414468805924,0.09866119152257675
3692,0.0.0.1.1.0.0.0.0.0.0.0.0.0.2.0.,7788973,8388608,3620691882541056,3381828159745879,0.10699831361899771,0.09846205585783929
3693,1.0.0.0.1.0.0.0.0.0.0.0.1.1.0.0.,7791211,8388608,3621030916521984,3382799857994353,0.1065838446340722,0.09818267148106785
3694,0.0.0.0.0.0.0.1.0.0.2.0.1.0.0.0.,243499,262144,113160798076928,105722766668977,0.10644367809336673,0.09808817201435348
3695,0.0.1.0.0.0.0.1.0.0.0.0.2.0.0.0.,974103,1048576,150886455181312,140979174699623,0.10628519706182742,0.09798123849584313
3696,0.0.0.0.0.0.3.0.0.0.0.0.0.0.1.0.,1948263,2097152,905327321022464,845899796544549,0.10624298776036163,0.09795271785100121
3697,1.0.2.0.0.0.0.0.0.0.0.0.0.1.0.0.,7794195,8388608,3621481351217152,3384095455658985,0.10603140447888906,0.09780968284154057
3698,0.0.0.0.0.0.0.0.0.0.0.0.0.0.0.4.,7796251,8388608,3621788441378816,3384988132870273,0.10565089182116742,0.09755150097261711
3699,0.0.2.0.0.0.0.0.0.0.1.0.0.0.0.1.,7796921,8388608,3621888299368448,3385279034490683,0.10552691375204967,0.09746729956156985
3700,0.0.2.0.0.0.1.1.0.0.0.0.0.0.0.0.,7797649,8388608,3621995539333120,3385595118639427,0.10539221532938972,0.09737531705448049
3701,0.1.2.0.0.0.0.0.0.1.0.0.0.0.0.0.,7798439,8388608,3622111771885568,3385938122042597,0.10524605956478042,0.09727545771255419
3702,0.0.0.0.0.0.0.1.0.0.0.0.0.0.2.1.,7799229,8388608,3622227736002560,3386281125445767,0.10509991860533996,0.0971755047751793
3703,1.0.0.1.1.0.0.0.0.0.0.0.1.0.0.0.,7801467,8388608,3622555898347520,3387252823694241,0.10468599456968693,0.09689227841440469
3704,0.0.1.0.0.1.0.0.0.0.1.0.1.0.0.0.,7803263,8388608,3622818965094400,3388032613709549,0.10435390547812591,0.09666495273356199
3705,1.2.0.0.0.0.0.1.0.0.0.0.0.0.0.0.,1950969,2097152,301909040693248,282358230581929,0.10424057630735095,0.09658727345797771
3706,1.0.2.0.0.0.0.0.0.0.0.1.0.0.0.0.,7804501,8388608,3622999756374016,3388570130435023,0.10412503778582018,0.09650807875035082
3707,0.0.2.0.0.1.0.0.0.1.0.0.0.0.0.0.,3902739,4194304,1811571147800576,1694497162891497,0.10394444650420614,0.09638424612311394
3708,0.0.0.1.0.0.3.0.0.0.0.0.0.0.0.0.,1951521,2097152,905807585607680,847314359946483,0.10383244320880011,0.09630730167183152
3709,1.2.0.0.0.0.0.0.0.0.0.0.0.0.1.0.,975807,1048576,452910503690240,423677369414061,0.10376369301756765,0.09625992840645901
3710,0.0.1.0.0.0.0.0.0.0.2.1.0.0.0.0.,7807301,8388608,3623405899218944,3389785838699423,0.1036075387606849,0.09615229859570984
3711,0.0.0.0.2.0.0.0.0.0.0.0.0.0.2.0.,243991,262144,113233279844352,105936383978293,0.1035315929178038,0.09609986621456229
3712,0.0.1.0.0.1.1.0.0.0.1.0.0.0.0.0.,3904739,4194304,1811859111936000,1695365525937497,0.10320531149930666,0.09587442113729827
3713,0.0.2.0.0.0.0.0.1.0.1.0.0.0.0.0.,7811071,8388608,3623946192683008,3391422703041133,0.10291105638598082,0.09567092339195318
3714,0.0.0.0.0.0.1.0.0.0.0.1.1.0.1.0.,1953195,2097152,302015894781952,282680393271995,0.1025954407500262,0.09545265785578394
3715,0.0.0.0.0.0.0.0.0.1.2.0.1.0.0.0.,7813657,8388608,3624315559870464,3392545496459611,0.10243350446830209,0.09534040926851053
3716,0.0.0.0.0.1.0.0.0.1.0.0.0.0.2.0.,7814361,8388608,3624415686295552,3392851160251803,0.10230352543839916,0.09525028601254645
3717,0.0.0.0.0.0.0.0.0.0.0.0.0.0.2.2.,7814429,8388608,3624425349971968,3392880684595367,0.10229097126590325,0.09524157845166017
3718,0.0.0.0.0.0.0.0.0.0.3.0.0.1.0.0.,7815035,8388608,3624511249317888,3393143798598305,0.10217909625915743,0.09516389509735403
3719,0.1.0.0.1.0.0.0.0.0.0.0.0.0.0.2.,7815553,8388608,3624584263761920,3393368704627219,0.1020834740047094,0.09509733511036596
3720,1.0.2.0.0.0.0.0.0.0.0.0.0.0.0.1.,7815795,8388608,1208206118354944,1131157925518595,0.1020388032316036,0.09506623365135841
3721,0.1.1.0.0.0.0.0.0.0.0.1.0.0.1.0.,1954409,2097152,906219281711104,848568276184907,0.10169901837151063,0.09482944320355745
3722,0.0.0.0.0.0.0.0.0.0.4.0.0.0.0.0.,3908841,4194304,1812441784647680,1697146538544843,0.10169052938882654,0.0948235183033079
3723,0.0.0.0.0.0.2.0.0.0.0.1.0.0.1.0.,488657,524288,226562470838272,212165840484611,0.10153736719538453,0.09471650881444041
3724,1.0.0.0.0.0.0.0.0.1.0.0.0.0.0.2.,7819125,8388608,3625084761669632,3394919601027375,0.10142425904988685,0.09463731982880996
3725,2.0.1.0.0.0.0.1.0.0.0.0.0.0.0.0.,3909833,4194304,1812579961798656,1697577246615659,0.10132444340334074,0.09456741648041056
3726,0.0.0.0.1.0.0.0.0.1.2.0.0.0.0.0.,7820607,8388608,1208430127742976,1131854352681487,0.10115084336002761,0.09444573416789312
3727,0.1.2.0.0.0.0.0.0.0.0.0.1.0.0.0.,7821119,8388608,3625361250189312,3395785358984237,0.10105639600029263,0.09437948824920975
3728,0.1.1.0.0.0.0.0.0.0.0.0.2.0.0.0.,3910965,4194304,1812736459669504,1698068740099695,0.10090680551071361,0.09427433527529651
3729,0.0.0.0.0.0.0.0.0.0.2.0.0.0.2.0.,3911165,4194304,1812763672313856,1698155576404295,0.10083303046267922,0.09422221767899425
3730,1.1.0.0.1.0.0.0.0.0.0.0.0.0.0.1.,7823351,8388608,3625664515145728,3396754452143573,0.10064473675544608,0.09408850678516587
3731,0.1.0.0.0.0.1.0.0.0.1.0.0.0.0.1.,7824579,8388608,1208609778171904,1132429209017939,0.10041830047744016,0.09392765260450112
3732,0.2.1.0.0.0.0.0.0.1.0.0.0.0.0.0.,7825297,8388608,3625925434408960,3397599369387331,0.10028592178765564,0.09383351096046498
3733,0.0.0.0.0.0.1.3.0.0.0.0.0.0.0.0.,3912761,4194304,1812977749590016,1698848530115003,0.10024444071446421,0.09380399210687645
3734,0.1.2.0.0.0.0.0.0.0.0.1.0.0.0.0.,7826311,8388608,3626060725878784,3398039629451653,0.10009898984130124,0.09370040822125415
3735,0.0.0.0.0.0.0.0.0.0.1.0.0.0.0.3.,7826489,8388608,3626084348198912,3398116913762747,0.10006617785657143,0.09367699478102529
3736,0.0.2.0.1.0.0.0.0.0.0.0.0.1.0.0.,3913869,4194304,604374950739968,566443201080829,0.09983596193982333,0.09351256696146922
3737,0.3.0.0.0.0.0.0.1.0.0.0.0.0.0.0.,3914161,4194304,1813163506925568,1699456384247203,0.09972833155206678,0.09343569361598146
3738,0.0.0.0.0.0.1.0.0.0.1.0.0.0.1.1.,3914943,4194304,1813266871353344,1699795914198189,0.0994401280678042,0.09322973263017707
3739,0.0.1.0.0.1.0.0.0.0.2.0.0.0.0.0.,1957679,2097152,906660816093184,849988049765117,0.09928720458694963,0.09312037801971802
3740,0.1.0.0.0.0.0.1.0.0.0.0.0.0.0.2.,1957813,2097152,906678398615552,850046230089199,0.09918845779571389,0.09304960858387373
3741,0.0.0.0.0.0.1.0.0.1.0.0.0.0.1.1.,244769,262144,1552607346688,1455810646619,0.09893867332619842,0.09287029901711472
3742,0.1.1.0.0.0.0.0.0.0.2.0.0.0.0.0.,3916709,4194304,1813498128498688,1700562678767807,0.09878948641891748,0.09276307507577863
3743,0.1.0.0.0.0.0.0.0.0.0.0.1.0.0.2.,1958501,2097152,906768123166720,850344946977023,0.09868156575470671,0.09268547803438752
3744,0.0.0.0.0.0.1.0.0.0.1.1.0.0.1.0.,3917885,4194304,1813650599837696,1701073276238855,0.09835637925833518,0.09245125858247775
3745,0.2.0.0.1.0.0.0.0.0.0.0.0.0.0.1.,1959089,2097152,906844224618496,850600245712547,0.09824849098659018,0.0923734778578509
3746,2.0.0.0.0.0.0.0.0.0.0.1.0.0.1.0.,3918429,4194304,1813720393056256,1701309470987367,0.09815607434367649,0.09230647064168995
3747,1.0.0.0.0.1.0.0.0.0.0.0.0.0.2.0.,7837483,8388608,3627520243007488,3402890305426609,0.09804102205522194,0.09222301936884149
3748,0.0.1.0.0.0.0.1.0.0.0.2.0.0.0.0.,3919265,4194304,362765164216320,340334489348119,0.09784830701855327,0.09208256192533369
3749,0.0.0.0.0.0.0.2.0.0.0.0.0.0.0.2.,7838885,8388608,3627695531360256,3403499027921855,0.09778297013238892,0.09203467940087734
3750,0.0.0.0.0.0.0.1.0.0.0.0.0.0.1.2.,7839603,8388608,3627783041318912,3403810770255369,0.0976508330232388,0.09193734363036335
3751,0.0.0.0.1.0.0.0.0.0.0.0.0.0.2.1.,7840115,8388608,3627845318344704,3404033071195145,0.09755661450971737,0.09186789120237449
3752,0.0.0.0.2.0.0.0.0.0.0.0.0.0.1.1.,3920463,4194304,604657260953600,567397532068383,0.09740738644772784,0.09175773291093688
3753,0.0.0.0.0.0.0.0.0.2.1.0.0.0.1.0.,3920811,4194304,1814013927227392,1702343691375153,0.0972793312682866,0.09166319576246088
3754,0.1.0.0.0.0.1.0.0.0.0.0.0.0.2.0.,1960573,2097152,907027163381760,851244571092679,0.09715607049575448,0.09157206460070125
3755,1.1.1.0.0.0.0.0.0.1.0.0.0.0.0.0.,7843545,8388608,3628259514253312,3405522313819035,0.09692558271367709,0.09140156440929093
3756,0.0.2.0.0.0.0.0.0.0.0.0.1.0.0.1.,980529,1048576,151180924682240,141909191521889,0.0967992255511901,0.09130808195019469
3757,0.0.0.0.1.0.0.1.0.0.2.0.0.0.0.0.,1961261,2097152,907109975719936,851543287980503,0.09664989190771951,0.09119759926313546
3758,2.0.0.0.0.0.0.0.0.1.0.0.0.0.0.1.,490347,524288,5814903898112,5458964288679,0.09655647428597619,0.09112808940224924
3759,1.0.1.0.0.0.0.0.0.0.0.0.0.0.1.1.,245197,262144,113393394253824,106460006895031,0.0964181978868582,0.09102503353620786
3760,0.0.0.1.0.0.0.0.0.0.0.0.1.0.2.0.,7847553,8388608,3628734645010432,3407262513363219,0.09618856330947231,0.09085345759699603
3761,1.0.0.0.0.0.0.1.0.0.0.0.0.0.1.1.,3924403,4194304,1814440135622656,1703903271405769,0.09595823003408359,0.09068102054490847
3762,0.0.0.0.0.0.0.0.0.0.2.1.0.0.1.0.,3924817,4194304,139576014274560,131083309427407,0.09580604274732596,0.09056703815699586
3763,0.0.0.0.0.0.2.1.0.0.0.0.1.0.0.0.,7850575,8388608,3629084819062784,3408574609925725,0.09563310542717918,0.09043721353000066
3764,0.1.0.0.1.0.0.0.0.0.0.0.0.0.2.0.,3925631,4194304,1814581869543424,1704436446316013,0.09550686140952402,0.09034234279101905
3765,0.1.0.0.2.1.0.0.0.0.0.0.0.0.0.0.,7851855,8388608,3629231821029376,3409130362275165,0.09539789983716182,0.09026044545896968
3766,0.0.1.0.0.1.2.0.0.0.0.0.0.0.0.0.,7852683,8388608,1209775392030720,1136496621525403,0.09524577164402899,0.090145824875812
3767,0.0.1.0.0.0.1.0.0.0.1.0.0.0.0.1.,1963507,2097152,907369594748928,852518459681161,0.09499868938285559,0.08995924358901494
3768,1.1.0.0.0.0.0.0.0.0.0.0.1.0.0.1.,7855049,8388608,3629593806241792,3410517138059627,0.09481115555908966,0.08981759064679089
3769,1.1.0.0.0.0.0.0.0.0.0.0.0.0.2.0.,7855291,8388608,3629620918222848,3410622209988193,0.09476670939179821,0.0897839209400678
3770,0.0.0.0.1.0.0.0.0.0.0.0.0.0.0.3.,7855445,8388608,279202930622464,262360697995595,0.09473842618007547,0.08976246633496186
3771,0.0.0.0.0.0.0.0.0.0.0.1.0.0.3.0.,7855621,8388608,3629657425444864,3410765489890783,0.09470610318847107,0.08973782548716713
3772,1.2.0.0.1.0.0.0.0.0.0.0.0.0.0.0.,7856209,8388608,3629721849954304,3411020788626307,0.09459812026293805,0.08965544941223563
3773,0.0.3.0.0.0.0.0.0.0.0.0.0.0.0.1.,7856263,8388608,3629727755534336,3411044234428549,0.0945882038688521,0.08964788029004743
3774,0.0.0.0.0.0.1.0.0.0.0.0.0.0.0.3.,7856441,8388608,3629747082887168,3411121518739643,0.09455551697838573,0.08962287535363542
3775,0.3.1.0.0.0.0.0.0.0.0.0.0.0.0.0.,7856481,8388608,1209917125951488,1137046295333521,0.09454817171165104,0.08961723718224697
3776,1.0.0.0.0.0.0.0.0.0.0.0.0.0.3.0.,7856561,8388608,3629759967789056,3411173620522403,0.0945334812903727,0.08960596094560115
3777,2.0.0.0.0.0.0.0.0.1.0.0.0.0.1.0.,3928551,4194304,1814908974923776,1705704256363173,0.09443414124248835,0.08952966643265102
3778,2.0.1.0.0.1.0.0.0.0.0.0.0.0.0.0.,1964401,2097152,907467909234688,852906617962723,0.0943419686099526,0.08945883193015765
3779,0.0.0.0.0.0.1.0.0.1.0.0.0.0.2.0.,7858229,8388608,3629938074714112,3411897835302767,0.09422722007565207,0.08937048889485767
3780,0.0.2.1.1.0.0.0.0.0.0.0.0.0.0.0.,7859521,8388608,3630075379449856,3412458797830483,0.09399004083599923,0.08918787948833883
3781,0.1.2.0.0.0.0.0.0.0.1.0.0.0.0.0.,3930303,4194304,1815095000694784,1706464942391469,0.09379089179326565,0.08903428374024074
3782,2.0.0.0.1.0.0.0.0.0.0.0.0.0.0.1.,7861033,8388608,3630235098546176,3413115280293259,0.09371252454636333,0.08897383870679071
3783,1.0.0.1.0.0.0.0.0.0.0.0.0.0.2.0.,245693,262144,113448537817088,106675360930439,0.09350277087144356,0.08881102310721291
3784,0.0.0.4.0.0.0.0.0.0.0.0.0.0.0.0.,3931571,4194304,1815225594544128,1707015484562633,0.09332552251166454,0.08867271085565627
3785,1.0.0.0.1.0.0.0.0.0.0.0.0.0.0.2.,7863609,8388608,3630498433728512,3414233731896507,0.09323984193030439,0.08860580457015207
3786,1.0.0.0.0.0.0.1.0.0.0.0.0.0.2.0.,7864215,8388608,3630558563270656,3414496845899445,0.09312866657696735,0.08851852342183211
3787,0.0.3.0.0.1.0.0.0.0.0.0.0.0.0.0.,7864391,8388608,3630575743139840,3414573261847493,0.09309637963085057,0.08849306331874836
3788,0.3.0.0.1.0.0.0.0.0.0.0.0.0.0.0.,7864613,8388608,3630597217976320,3414669650145599,0.0930556550815913,0.08846087227785165
3789,1.2.0.0.0.0.0.0.0.0.0.0.1.0.0.0.,983135,1048576,453830289391616,426859051614605,0.09296999052548165,0.08839312792500795
3790,2.0.0.0.0.0.1.0.0.0.0.0.0.0.1.0.,7865499,8388608,1210227571556352,1138351444991659,0.09289313522062917,0.08833232594656278
3791,1.0.0.0.0.0.0.2.0.1.0.0.0.0.0.0.,7865977,8388608,3630728751349760,3415261873742971,0.09280546280772181,0.08826294664134177
3792,0.0.1.0.0.0.0.0.0.0.2.0.0.0.0.1.,7866739,8388608,3630802034229248,3415592720063497,0.09266571152485151,0.08815231452079268
3793,0.0.0.0.0.0.0.3.0.0.0.1.0.0.0.0.,983385,1048576,453854280810496,426967596995355,0.09260317629306575,0.08810257873484645
3794,0.0.0.0.0.0.0.0.0.0.0.0.0.0.3.1.,3933563,4194304,1815419270725632,1707880374156449,0.0925947406628368,0.0880958496888164
3795,0.0.1.0.0.0.1.2.0.0.0.0.0.0.0.0.,3933911,4194304,1815451482980352,1708031469326453,0.09246711192849161,0.08799381947520866
3796,1.0.0.0.0.1.0.0.0.0.2.0.0.0.0.0.,3934213,4194304,1815479333158912,1708162592146399,0.0923563628089906,0.08790520204398895
3797,1.0.0.0.0.0.0.0.0.0.0.0.1.0.0.2.,3934507,4194304,1815506042486784,1708290241514161,0.09224855560725544,0.08781861961232637
3798,0.0.1.0.0.0.0.0.0.0.0.1.0.0.2.0.,3934857,4194304,1815537180999680,1708442205047211,0.09212022420343574,0.08771503226985299
3799,0.0.0.0.0.1.2.0.0.0.0.0.0.0.1.0.,7870559,8388608,3631149389709312,3417251293481357,0.09196532507167071,0.08758994276907214
3800,0.0.0.0.0.0.0.0.0.0.0.1.0.0.0.3.,3935365,4194304,1815582211047424,1708662769260895,0.09193398064339654,0.08756457085827035
3801,0.2.1.0.0.0.0.0.0.0.1.0.0.0.0.0.,3935749,4194304,1815615161499648,1708829494965727,0.09179321406419545,0.08744998707727195
3802,0.3.0.0.0.0.0.0.0.0.1.0.0.0.0.0.,1967919,2097152,907811338846208,854434068560637,0.0917605904373094,0.08742333583474253
3803,0.0.0.0.0.0.1.0.0.0.3.0.0.0.0.0.,1967983,2097152,907816707555328,854461856178109,0.09171367235722253,0.08738494968941925
3804,0.0.0.0.0.0.3.0.0.0.1.0.0.0.0.0.,1968047,2097152,907822076264448,854489643795581,0.09166675580291525,0.08734656501941887
3805,2.1.0.0.0.0.0.0.0.0.0.0.1.0.0.0.,7872615,8388608,1210441246179328,1139381323564215,0.0915885038511302,0.08728239056643103
3806,0.0.2.0.0.1.0.0.0.0.0.0.0.0.1.0.,7873315,8388608,726276344119296,683689579551749,0.09146023114455935,0.08717715347068739
3807,0.0.0.0.0.0.1.0.0.0.0.0.0.0.1.2.,7874083,8388608,3631443863404544,3418781349168409,0.09131951078018154,0.08706112132716437
3808,2.1.0.0.0.0.0.0.0.0.0.1.0.0.0.0.,984297,1048576,453933402161152,427363570544331,0.09126582811230537,0.08701671662874891
3809,1.0.2.0.0.0.0.0.0.1.0.0.0.0.0.0.,3937491,4194304,201750833266688,189953982130977,0.091154804768343,0.0869246756110978
3810,1.2.0.0.0.0.0.0.0.0.0.0.0.0.0.1.,3962163,4194304,1817685939716096,1720297965714249,0.08214319798641935,0.07944448198490994
3811,2.0.0.0.0.0.0.1.0.0.0.0.0.0.1.0.,7924893,8388608,3635416171282432,3440842112352039,0.08203997421387473,0.0793588352981635
3812,2.0.1.0.0.0.1.0.0.0.0.0.0.0.0.0.,3962695,4194304,1817726741905408,1720528950284485,0.08194950019072236,0.07928316847200872
3813,2.0.1.0.0.0.0.0.0.1.0.0.0.0.0.0.,7925957,8388608,3635495896612864,3441304081492511,0.081846290275687,0.07919678957476323
3814,0.0.0.0.0.0.0.0.0.1.0.0.0.0.3.0.,7926245,8388608,3635517371449344,3441429125771135,0.08179386901940706,0.07915289027792714
3815,0.0.0.0.0.0.2.0.0.1.0.0.1.0.0.0.,7927057,8388608,3635576964120576,3441781681167811,0.08164608045469969,0.07902874988701446
3816,1.1.0.0.0.0.0.0.0.0.0.0.0.0.0.2.,7976401,8388608,3639167556780032,3463205934238723,0.07269349007599084,0.07150030041920949
3817,1.3.0.0.0.0.0.0.0.0.0.0.0.0.0.0.,7992817,8388608,3640322902982656,3470333458120291,0.06972737236959081,0.06899213021895559
3818,1.0.0.0.0.0.0.0.0.0.0.0.0.0.0.3.,8009233,8388608,3641405234741248,3477460982001859,0.06676734036126894,0.06646097296197949
3819,1.0.0.0.0.0.0.1.0.0.0.0.0.0.0.2.,8009823,8388608,3641443889446912,3477717149100429,0.06666106817213253,0.06637001537052808
3820,1.2.0.0.0.0.0.0.0.1.0.0.0.0.0.0.,8010413,8388608,35354199457792,33766731225233,0.06655480381067003,0.06627906544418376
3821,0.0.0.0.0.0.0.0.0.1.1.0.0.0.2.0.,8011141,8388608,3641529654575104,3478289400347743,0.06642369518157075,0.06616662106309099
3822,0.0.0.0.0.0.1.0.0.0.0.0.0.0.2.1.,4006113,4194304,1820799187025920,1739380243650099,0.066228315006885,0.06599846579723934
3823,2.0.1.0.0.0.0.0.0.0.1.0.0.0.0.0.,8012645,8388608,3641624412291072,3478942409358335,0.06615287112689743,0.06593333747115288
3824,2.0.0.0.0.1.0.0.0.0.0.0.0.0.0.1.,4006469,4194304,1820821265842176,1739534812272287,0.06610011677193542,0.0658877614220336
3825,0.0.0.0.0.0.2.0.0.0.2.0.0.0.0.0.,4006679,4194304,1820834150744064,1739625990392117,0.06602449955916061,0.06582235329382594
3826,1.1.1.0.0.0.0.0.0.0.1.0.0.0.0.0.,500897,524288,227608026939392,217480222326131,0.0658455546103835,0.06566722926142886
3827,0.0.2.0.0.0.0.0.0.0.0.1.0.0.1.0.,4007611,4194304,1820889985318912,1740030647571553,0.06568895098675559,0.06553104325308345
3828,0.0.1.0.0.1.0.0.0.0.0.0.0.0.2.0.,2004023,2097152,910457340690432,870109758267029,0.06553236436050579,0.06539402323700041
3829,1.0.0.0.0.0.1.0.0.0.0.0.0.0.1.1.,4008543,4194304,1820942598668288,1740435304750989,0.06535348043961613,0.06523725777327445
3830,0.0.0.0.0.0.3.0.0.0.0.0.0.1.0.0.,1002219,1048576,455240313733120,435144971799537,0.06523363702145568,0.0651321952504443
3831,0.0.0.0.0.0.0.0.0.0.0.0.0.0.1.3.,62639,65536,28452536385536,27196696419197,0.06522643953546635,0.06512584845885788
3832,1.2.0.0.0.0.0.0.0.0.1.0.0.0.0.0.,4009073,4194304,1820971455479808,1740665420958179,0.06516274334949236,0.06506938315505834
3833,2.0.0.0.0.0.0.0.0.0.0.1.0.0.0.1.,8018509,8388608,3641959553957888,3481488449809207,0.06509743068922348,0.06501066332636223
3834,0.0.0.0.0.0.0.0.0.0.0.0.4.0.0.0.,8018617,8388608,3641963848925184,3481535341413691,0.06507799939406268,0.06499293340220068
3835,1.0.0.0.0.0.1.0.0.0.0.0.0.0.0.2.,8018971,8388608,3641977807568896,3481689041672833,0.0650143097613626,0.06493477321139077
3836,0.3.0.0.0.0.0.0.0.0.0.0.0.0.1.0.,8019081,8388608,3641982102536192,3481736801640363,0.06499451977009679,0.06491668458259697
3837,2.0.0.0.0.0.0.0.0.0.1.0.0.0.1.0.,4009789,4194304,1821000647835648,1740976294928647,0.06490510837534724,0.06483487612687669
3838,1.0.1.0.0.0.0.0.0.0.0.0.0.0.2.0.,4009957,4194304,1821007090286592,1741049237424511,0.06484466437452606,0.06477953617453437
3839,1.0.2.0.0.0.0.0.0.0.0.0.0.0.1.0.,4010125,4194304,1821013532737536,1741122179920375,0.06478422290599624,0.06472419873642628
3840,2.1.0.0.1.0.0.0.0.0.0.0.0.0.0.0.,8020727,8388608,3642045319086080,3482451464427221,0.06469842195575401,0.06464562846503778
3841,0.0.0.0.0.0.0.0.0.0.0.0.1.0.0.3.,8020949,8388608,3642053372149760,3482547852725327,0.06465849117805998,0.06460888768119945
3842,2.0.0.0.0.0.0.0.0.0.0.0.1.0.0.1.,4010713,4194304,1821035276009472,1741377478655899,0.06457269770487327,0.06452989950466427
3843,0.0.0.0.0.1.0.0.0.3.0.0.0.0.0.0.,8021767,8388608,3642082363179008,3482903013211141,0.06451136839106184,0.06447324881367963
3844,2.1.0.0.0.1.0.0.0.0.0.0.0.0.0.0.,4011065,4194304,1821047355604992,1741530310551995,0.06444608521205214,0.06441285690594788
3845,0.0.0.0.0.0.0.4.0.0.0.0.0.0.0.0.,4011097,4194304,1821048429346816,1741544204360731,0.06443457553640393,0.06440219788448129
3846,1.0.0.0.0.0.0.1.0.2.0.0.0.0.0.0.,501417,524288,227631993192448,217705996718091,0.06434861555023154,0.06432219246353646
3847,0.0.0.0.0.1.0.0.0.0.3.0.0.0.0.0.,8022885,8388608,3642117930876928,3483388428153855,0.06431031285450993,0.06428628222013708
3848,0.0.0.0.0.0.3.0.0.0.0.1.0.0.0.0.,4011549,4194304,607020549931008,580580151469709,0.06427201117567512,0.06425010716225794
3849,0.0.0.0.0.1.0.0.0.0.0.0.0.0.3.0.,2005861,2097152,910532972380160,870907783906303,0.0642097955925015,0.06419129416609294
3850,0.0.3.0.0.0.0.0.0.0.0.1.0.0.0.0.,4011895,4194304,1821070239727616,1741890681216085,0.0641475826922316,0.06413248384480694
3851,0.0.0.1.0.0.0.0.0.0.3.0.0.0.0.0.,1003057,1048576,455269506088960,435508815915811,0.06402783940093563,0.06401890770746488
3852,0.0.1.0.0.0.0.0.0.0.0.0.0.0.0.3.,4012283,4194304,1821079098097664,1742059143647009,0.06400806293673734,0.06399998188312218
3853,0.0.0.0.1.0.0.0.0.0.0.0.3.0.0.0.,4012425,4194304,1821081245581312,1742120797423275,0.06395700495535594,0.06395062517994778
3854,0.0.0.0.3.0.0.0.0.0.0.0.1.0.0.0.,4012567,4194304,1821083393064960,1742182451199541,0.06390594878088807,0.06390127028168077
3855,0.0.0.0.2.0.0.0.0.0.0.0.2.0.0.0.,4012743,4194304,1821085540548608,1742258867147589,0.06384267039606875,0.06383969317105588
3856,0.0.0.0.0.0.0.1.0.0.0.0.0.0.0.3.,4012851,4194304,607028871430144,580768586250691,0.06380384185218144,0.06380171526351355
3857,0.3.0.0.0.0.0.0.0.1.0.0.0.0.0.0.,4012959,4194304,1821087688032256,1742352650356557,0.06376501435329336,0.06376373840046862
3858,0.0.0.0.0.0.0.0.0.1.0.0.0.0.0.3.,4013077,4194304,1821088761774080,1742403883776271,0.06372259291017073,0.06372216759268794
3859,1.0.0.0.0.0.0.0.0.3.0.0.0.0.0.0.,2006569,2097152,2097152,2006569,0.06370066367017505,0.06370066367017516
3860,0.0.0.0.4.0.0.0.0.0.0.0.0.0.0.0.,501649,524288,524288,501649,0.06368125117848603,0.063681251178486
3861,2.0.0.0.0.0.0.0.0.0.0.0.0.0.0.2.,1009447,1048576,1048576,1009447,0.05486626527086187,0.05486626527086182
3862,2.0.0.0.0.0.0.0.0.0.1.0.0.0.0.1.,4037919,4194304,4194304,4037919,0.05481945994462281,0.0548194599446229
3863,2.0.0.0.0.0.1.0.0.0.0.0.0.0.0.1.,504755,524288,524288,504755,0.05477622889306333,0.05477622889306321
3864,2.1.0.0.0.0.0.0.0.0.0.0.0.0.0.1.,127727,131072,131072,127727,0.037295999357842335,0.03729599935784226
3865,2.1.0.0.0.0.0.0.0.0.1.0.0.0.0.0.,4087385,4194304,4194304,4087385,0.037253290221349676,0.03725329022134959
3866,2.1.0.0.0.0.1.0.0.0.0.0.0.0.0.0.,1021879,1048576,1048576,1021879,0.03720705282951517,0.037207052829515044
3867,2.2.0.0.0.0.0.0.0.0.0.0.0.0.0.0.,257007,262144,262144,257007,0.028551871483507477,0.02855187148350734
3868,3.0.0.0.0.0.0.0.0.0.0.0.0.0.0.1.,518111,524288,524288,518111,0.017098311832395036,0.017098311832395192
3869,3.0.0.0.0.0.0.0.0.0.0.0.1.0.0.0.,518119,524288,524288,518119,0.01707603577335922,0.017076035773359175
3870,3.0.0.0.0.0.0.0.0.0.0.1.0.0.0.0.,129531,131072,131072,129531,0.017062113411124687,0.017062113411124777
3871,3.0.0.0.0.0.0.0.0.0.1.0.0.0.0.0.,518127,524288,524288,518127,0.017053760058273533,0.017053760058273647
3872,3.0.0.0.0.0.1.0.0.0.0.0.0.0.0.0.,259065,262144,262144,259065,0.017045406753788878,0.017045406753788725
3873,3.0.0.0.0.1.0.0.0.0.0.0.0.0.0.0.,518135,524288,524288,518135,0.017031484687127355,0.01703148468712724
3874,3.0.0.0.1.0.0.0.0.0.0.0.0.0.0.0.,518143,524288,524288,518143,0.01700920965991006,0.01700920965991017
3875,3.1.0.0.0.0.0.0.0.0.0.0.0.0.0.0.,255,256,256,255,0.005646563141142063,0.005646563141142043
3876,4.0.0.0.0.0.0.0.0.0.0.0.0.0.0.0.,1,1,1,1,-0.0,0.0
